region,datetime,units,load_data,scenario,measures
CAMX,2023-01-01 00:00:00,kWh,66.71107323458878,baseline,hvac_dr_ee
CAMX,2023-01-01 01:00:00,kWh,66.12106425268533,baseline,hvac_dr_ee
CAMX,2023-01-01 02:00:00,kWh,64.26734879858277,baseline,hvac_dr_ee
CAMX,2023-01-01 03:00:00,kWh,65.95150340915649,baseline,hvac_dr_ee
CAMX,2023-01-01 04:00:00,kWh,66.43950806257884,baseline,hvac_dr_ee
CAMX,2023-01-01 05:00:00,kWh,68.18061503816293,baseline,hvac_dr_ee
CAMX,2023-01-01 06:00:00,kWh,75.36154731027722,baseline,hvac_dr_ee
CAMX,2023-01-01 07:00:00,kWh,68.95416455527867,baseline,hvac_dr_ee
CAMX,2023-01-01 08:00:00,kWh,72.92900085733616,baseline,hvac_dr_ee
CAMX,2023-01-01 09:00:00,kWh,73.29115977707104,baseline,hvac_dr_ee
CAMX,2023-01-01 10:00:00,kWh,65.85763270457129,baseline,hvac_dr_ee
CAMX,2023-01-01 11:00:00,kWh,72.59588214374104,baseline,hvac_dr_ee
CAMX,2023-01-01 12:00:00,kWh,64.78928409249407,baseline,hvac_dr_ee
CAMX,2023-01-01 13:00:00,kWh,75.76317594296724,baseline,hvac_dr_ee
CAMX,2023-01-01 14:00:00,kWh,65.21012687945417,baseline,hvac_dr_ee
CAMX,2023-01-01 15:00:00,kWh,65.8047594939413,baseline,hvac_dr_ee
CAMX,2023-01-01 16:00:00,kWh,64.53887652747724,baseline,hvac_dr_ee
CAMX,2023-01-01 17:00:00,kWh,65.94724523064971,baseline,hvac_dr_ee
CAMX,2023-01-01 18:00:00,kWh,64.51690748388847,baseline,hvac_dr_ee
CAMX,2023-01-01 19:00:00,kWh,64.51036520113223,baseline,hvac_dr_ee
CAMX,2023-01-01 20:00:00,kWh,67.5865078983334,baseline,hvac_dr_ee
CAMX,2023-01-01 21:00:00,kWh,75.99993602918654,baseline,hvac_dr_ee
CAMX,2023-01-01 22:00:00,kWh,64.27700707742962,baseline,hvac_dr_ee
CAMX,2023-01-01 23:00:00,kWh,63.044570756291215,baseline,hvac_dr_ee
CAMX,2023-01-02 00:00:00,kWh,69.63895325527282,baseline,hvac_dr_ee
CAMX,2023-01-02 01:00:00,kWh,68.78440249729957,baseline,hvac_dr_ee
CAMX,2023-01-02 02:00:00,kWh,66.08347738643492,baseline,hvac_dr_ee
CAMX,2023-01-02 03:00:00,kWh,67.48015805266589,baseline,hvac_dr_ee
CAMX,2023-01-02 04:00:00,kWh,69.28385723181177,baseline,hvac_dr_ee
CAMX,2023-01-02 05:00:00,kWh,153.5550462579495,baseline,hvac_dr_ee
CAMX,2023-01-02 06:00:00,kWh,163.84630507283157,baseline,hvac_dr_ee
CAMX,2023-01-02 07:00:00,kWh,175.66926366743775,baseline,hvac_dr_ee
CAMX,2023-01-02 08:00:00,kWh,182.07065672537,baseline,hvac_dr_ee
CAMX,2023-01-02 09:00:00,kWh,165.21289184786158,baseline,hvac_dr_ee
CAMX,2023-01-02 10:00:00,kWh,162.38740168428507,baseline,hvac_dr_ee
CAMX,2023-01-02 11:00:00,kWh,165.0406877888542,baseline,hvac_dr_ee
CAMX,2023-01-02 12:00:00,kWh,170.05105196699483,baseline,hvac_dr_ee
CAMX,2023-01-02 13:00:00,kWh,166.28414490850935,baseline,hvac_dr_ee
CAMX,2023-01-02 14:00:00,kWh,165.52935392078496,baseline,hvac_dr_ee
CAMX,2023-01-02 15:00:00,kWh,162.5440618725918,baseline,hvac_dr_ee
CAMX,2023-01-02 16:00:00,kWh,160.98133671054083,baseline,hvac_dr_ee
CAMX,2023-01-02 17:00:00,kWh,154.87351730054476,baseline,hvac_dr_ee
CAMX,2023-01-02 18:00:00,kWh,131.84138630084496,baseline,hvac_dr_ee
CAMX,2023-01-02 19:00:00,kWh,129.3790140471625,baseline,hvac_dr_ee
CAMX,2023-01-02 20:00:00,kWh,127.41587944487046,baseline,hvac_dr_ee
CAMX,2023-01-02 21:00:00,kWh,127.23208061252217,baseline,hvac_dr_ee
CAMX,2023-01-02 22:00:00,kWh,83.18408853130346,baseline,hvac_dr_ee
CAMX,2023-01-02 23:00:00,kWh,85.4103212189455,baseline,hvac_dr_ee
CAMX,2023-01-03 00:00:00,kWh,73.27337186649464,baseline,hvac_dr_ee
CAMX,2023-01-03 01:00:00,kWh,74.07592977965257,baseline,hvac_dr_ee
CAMX,2023-01-03 02:00:00,kWh,78.18126012175699,baseline,hvac_dr_ee
CAMX,2023-01-03 03:00:00,kWh,70.50996185172235,baseline,hvac_dr_ee
CAMX,2023-01-03 04:00:00,kWh,77.24079256769946,baseline,hvac_dr_ee
CAMX,2023-01-03 05:00:00,kWh,136.48094083886048,baseline,hvac_dr_ee
CAMX,2023-01-03 06:00:00,kWh,148.8337805775713,baseline,hvac_dr_ee
CAMX,2023-01-03 07:00:00,kWh,159.72146074512546,baseline,hvac_dr_ee
CAMX,2023-01-03 08:00:00,kWh,166.7910592579085,baseline,hvac_dr_ee
CAMX,2023-01-03 09:00:00,kWh,157.40086005138315,baseline,hvac_dr_ee
CAMX,2023-01-03 10:00:00,kWh,157.0685355123847,baseline,hvac_dr_ee
CAMX,2023-01-03 11:00:00,kWh,163.26903904838787,baseline,hvac_dr_ee
CAMX,2023-01-03 12:00:00,kWh,166.9516161141733,baseline,hvac_dr_ee
CAMX,2023-01-03 13:00:00,kWh,166.69403828297328,baseline,hvac_dr_ee
CAMX,2023-01-03 14:00:00,kWh,161.03384488369187,baseline,hvac_dr_ee
CAMX,2023-01-03 15:00:00,kWh,157.42233474373066,baseline,hvac_dr_ee
CAMX,2023-01-03 16:00:00,kWh,159.63543045483678,baseline,hvac_dr_ee
CAMX,2023-01-03 17:00:00,kWh,147.85732105168094,baseline,hvac_dr_ee
CAMX,2023-01-03 18:00:00,kWh,124.75588747800222,baseline,hvac_dr_ee
CAMX,2023-01-03 19:00:00,kWh,122.63096692881375,baseline,hvac_dr_ee
CAMX,2023-01-03 20:00:00,kWh,119.75928391293547,baseline,hvac_dr_ee
CAMX,2023-01-03 21:00:00,kWh,119.50117053481924,baseline,hvac_dr_ee
CAMX,2023-01-03 22:00:00,kWh,85.26761292840106,baseline,hvac_dr_ee
CAMX,2023-01-03 23:00:00,kWh,86.67577203869416,baseline,hvac_dr_ee
CAMX,2023-01-04 00:00:00,kWh,79.67962120381948,baseline,hvac_dr_ee
CAMX,2023-01-04 01:00:00,kWh,81.13215027400113,baseline,hvac_dr_ee
CAMX,2023-01-04 02:00:00,kWh,81.76448021135955,baseline,hvac_dr_ee
CAMX,2023-01-04 03:00:00,kWh,74.88794215874915,baseline,hvac_dr_ee
CAMX,2023-01-04 04:00:00,kWh,77.7088119990128,baseline,hvac_dr_ee
CAMX,2023-01-04 05:00:00,kWh,127.74007080161087,baseline,hvac_dr_ee
CAMX,2023-01-04 06:00:00,kWh,140.06189489601798,baseline,hvac_dr_ee
CAMX,2023-01-04 07:00:00,kWh,152.4354442035913,baseline,hvac_dr_ee
CAMX,2023-01-04 08:00:00,kWh,163.20087935291494,baseline,hvac_dr_ee
CAMX,2023-01-04 09:00:00,kWh,157.47996541820805,baseline,hvac_dr_ee
CAMX,2023-01-04 10:00:00,kWh,158.78775596679142,baseline,hvac_dr_ee
CAMX,2023-01-04 11:00:00,kWh,163.99551744851306,baseline,hvac_dr_ee
CAMX,2023-01-04 12:00:00,kWh,168.55865969163125,baseline,hvac_dr_ee
CAMX,2023-01-04 13:00:00,kWh,167.51255285598077,baseline,hvac_dr_ee
CAMX,2023-01-04 14:00:00,kWh,161.52355448817718,baseline,hvac_dr_ee
CAMX,2023-01-04 15:00:00,kWh,159.60525345508074,baseline,hvac_dr_ee
CAMX,2023-01-04 16:00:00,kWh,160.1849152309411,baseline,hvac_dr_ee
CAMX,2023-01-04 17:00:00,kWh,147.74914078601114,baseline,hvac_dr_ee
CAMX,2023-01-04 18:00:00,kWh,124.03520537763592,baseline,hvac_dr_ee
CAMX,2023-01-04 19:00:00,kWh,121.11390592906116,baseline,hvac_dr_ee
CAMX,2023-01-04 20:00:00,kWh,118.51779697043375,baseline,hvac_dr_ee
CAMX,2023-01-04 21:00:00,kWh,118.63748467504331,baseline,hvac_dr_ee
CAMX,2023-01-04 22:00:00,kWh,86.37699241241111,baseline,hvac_dr_ee
CAMX,2023-01-04 23:00:00,kWh,89.34164892654306,baseline,hvac_dr_ee
CAMX,2023-01-05 00:00:00,kWh,79.24206058227075,baseline,hvac_dr_ee
CAMX,2023-01-05 01:00:00,kWh,86.23623765508825,baseline,hvac_dr_ee
CAMX,2023-01-05 02:00:00,kWh,86.09175881713138,baseline,hvac_dr_ee
CAMX,2023-01-05 03:00:00,kWh,79.4640553552284,baseline,hvac_dr_ee
CAMX,2023-01-05 04:00:00,kWh,82.91749612310744,baseline,hvac_dr_ee
CAMX,2023-01-05 05:00:00,kWh,126.4499312025535,baseline,hvac_dr_ee
CAMX,2023-01-05 06:00:00,kWh,139.62768740120228,baseline,hvac_dr_ee
CAMX,2023-01-05 07:00:00,kWh,152.47626065524145,baseline,hvac_dr_ee
CAMX,2023-01-05 08:00:00,kWh,160.35073607865314,baseline,hvac_dr_ee
CAMX,2023-01-05 09:00:00,kWh,153.98452192847455,baseline,hvac_dr_ee
CAMX,2023-01-05 10:00:00,kWh,156.88891736994984,baseline,hvac_dr_ee
CAMX,2023-01-05 11:00:00,kWh,165.52441298675126,baseline,hvac_dr_ee
CAMX,2023-01-05 12:00:00,kWh,170.21589822184245,baseline,hvac_dr_ee
CAMX,2023-01-05 13:00:00,kWh,173.76076397232112,baseline,hvac_dr_ee
CAMX,2023-01-05 14:00:00,kWh,169.6190637878155,baseline,hvac_dr_ee
CAMX,2023-01-05 15:00:00,kWh,167.3170481332799,baseline,hvac_dr_ee
CAMX,2023-01-05 16:00:00,kWh,165.7875622783106,baseline,hvac_dr_ee
CAMX,2023-01-05 17:00:00,kWh,144.88947567509948,baseline,hvac_dr_ee
CAMX,2023-01-05 18:00:00,kWh,120.30313730819194,baseline,hvac_dr_ee
CAMX,2023-01-05 19:00:00,kWh,118.79486199807151,baseline,hvac_dr_ee
CAMX,2023-01-05 20:00:00,kWh,115.77262187107259,baseline,hvac_dr_ee
CAMX,2023-01-05 21:00:00,kWh,114.84749704534053,baseline,hvac_dr_ee
CAMX,2023-01-05 22:00:00,kWh,88.46403393944077,baseline,hvac_dr_ee
CAMX,2023-01-05 23:00:00,kWh,89.40683535088415,baseline,hvac_dr_ee
CAMX,2023-01-06 00:00:00,kWh,80.44316819402518,baseline,hvac_dr_ee
CAMX,2023-01-06 01:00:00,kWh,86.58344527669371,baseline,hvac_dr_ee
CAMX,2023-01-06 02:00:00,kWh,86.75507969730651,baseline,hvac_dr_ee
CAMX,2023-01-06 03:00:00,kWh,79.69571813977112,baseline,hvac_dr_ee
CAMX,2023-01-06 04:00:00,kWh,86.49601201547397,baseline,hvac_dr_ee
CAMX,2023-01-06 05:00:00,kWh,125.83146605254777,baseline,hvac_dr_ee
CAMX,2023-01-06 06:00:00,kWh,138.41104069526185,baseline,hvac_dr_ee
CAMX,2023-01-06 07:00:00,kWh,151.35914154189052,baseline,hvac_dr_ee
CAMX,2023-01-06 08:00:00,kWh,160.0285008697882,baseline,hvac_dr_ee
CAMX,2023-01-06 09:00:00,kWh,153.8479950287522,baseline,hvac_dr_ee
CAMX,2023-01-06 10:00:00,kWh,160.10736641698279,baseline,hvac_dr_ee
CAMX,2023-01-06 11:00:00,kWh,169.11512121174303,baseline,hvac_dr_ee
CAMX,2023-01-06 12:00:00,kWh,171.96229245744556,baseline,hvac_dr_ee
CAMX,2023-01-06 13:00:00,kWh,174.80505277939875,baseline,hvac_dr_ee
CAMX,2023-01-06 14:00:00,kWh,168.5944919908137,baseline,hvac_dr_ee
CAMX,2023-01-06 15:00:00,kWh,163.40819878871963,baseline,hvac_dr_ee
CAMX,2023-01-06 16:00:00,kWh,162.41622678831166,baseline,hvac_dr_ee
CAMX,2023-01-06 17:00:00,kWh,144.48473047010154,baseline,hvac_dr_ee
CAMX,2023-01-06 18:00:00,kWh,120.42018305698423,baseline,hvac_dr_ee
CAMX,2023-01-06 19:00:00,kWh,117.15378689134836,baseline,hvac_dr_ee
CAMX,2023-01-06 20:00:00,kWh,114.60252830796678,baseline,hvac_dr_ee
CAMX,2023-01-06 21:00:00,kWh,114.50868039836381,baseline,hvac_dr_ee
CAMX,2023-01-06 22:00:00,kWh,88.78521918719969,baseline,hvac_dr_ee
CAMX,2023-01-06 23:00:00,kWh,90.06482951722484,baseline,hvac_dr_ee
CAMX,2023-01-07 00:00:00,kWh,76.94139583063118,baseline,hvac_dr_ee
CAMX,2023-01-07 01:00:00,kWh,83.85583319183456,baseline,hvac_dr_ee
CAMX,2023-01-07 02:00:00,kWh,83.5276578546306,baseline,hvac_dr_ee
CAMX,2023-01-07 03:00:00,kWh,76.73812453926695,baseline,hvac_dr_ee
CAMX,2023-01-07 04:00:00,kWh,83.52338600880819,baseline,hvac_dr_ee
CAMX,2023-01-07 05:00:00,kWh,119.41872650327915,baseline,hvac_dr_ee
CAMX,2023-01-07 06:00:00,kWh,129.54423134879838,baseline,hvac_dr_ee
CAMX,2023-01-07 07:00:00,kWh,120.67814285360564,baseline,hvac_dr_ee
CAMX,2023-01-07 08:00:00,kWh,120.35623090417758,baseline,hvac_dr_ee
CAMX,2023-01-07 09:00:00,kWh,120.71625413246989,baseline,hvac_dr_ee
CAMX,2023-01-07 10:00:00,kWh,121.62744643160673,baseline,hvac_dr_ee
CAMX,2023-01-07 11:00:00,kWh,125.57776798826399,baseline,hvac_dr_ee
CAMX,2023-01-07 12:00:00,kWh,116.06580167784546,baseline,hvac_dr_ee
CAMX,2023-01-07 13:00:00,kWh,112.04255608268123,baseline,hvac_dr_ee
CAMX,2023-01-07 14:00:00,kWh,110.95689002487067,baseline,hvac_dr_ee
CAMX,2023-01-07 15:00:00,kWh,109.72992387686702,baseline,hvac_dr_ee
CAMX,2023-01-07 16:00:00,kWh,109.38837114820511,baseline,hvac_dr_ee
CAMX,2023-01-07 17:00:00,kWh,96.03935054929399,baseline,hvac_dr_ee
CAMX,2023-01-07 18:00:00,kWh,79.26770459165493,baseline,hvac_dr_ee
CAMX,2023-01-07 19:00:00,kWh,83.26609631048116,baseline,hvac_dr_ee
CAMX,2023-01-07 20:00:00,kWh,75.75570719460356,baseline,hvac_dr_ee
CAMX,2023-01-07 21:00:00,kWh,83.22886791751439,baseline,hvac_dr_ee
CAMX,2023-01-07 22:00:00,kWh,82.86863707310341,baseline,hvac_dr_ee
CAMX,2023-01-07 23:00:00,kWh,76.738117810637,baseline,hvac_dr_ee
CAMX,2023-01-08 00:00:00,kWh,77.45081408768124,baseline,hvac_dr_ee
CAMX,2023-01-08 01:00:00,kWh,75.0410209860885,baseline,hvac_dr_ee
CAMX,2023-01-08 02:00:00,kWh,74.62883900649706,baseline,hvac_dr_ee
CAMX,2023-01-08 03:00:00,kWh,74.34738308571886,baseline,hvac_dr_ee
CAMX,2023-01-08 04:00:00,kWh,73.81387461318441,baseline,hvac_dr_ee
CAMX,2023-01-08 05:00:00,kWh,67.37192550067024,baseline,hvac_dr_ee
CAMX,2023-01-08 06:00:00,kWh,83.46948598294884,baseline,hvac_dr_ee
CAMX,2023-01-08 07:00:00,kWh,77.16722329625132,baseline,hvac_dr_ee
CAMX,2023-01-08 08:00:00,kWh,76.5953619997799,baseline,hvac_dr_ee
CAMX,2023-01-08 09:00:00,kWh,82.4177269509039,baseline,hvac_dr_ee
CAMX,2023-01-08 10:00:00,kWh,80.0724297901919,baseline,hvac_dr_ee
CAMX,2023-01-08 11:00:00,kWh,77.38688048744463,baseline,hvac_dr_ee
CAMX,2023-01-08 12:00:00,kWh,80.41456084979323,baseline,hvac_dr_ee
CAMX,2023-01-08 13:00:00,kWh,89.51272741536752,baseline,hvac_dr_ee
CAMX,2023-01-08 14:00:00,kWh,77.9983784677733,baseline,hvac_dr_ee
CAMX,2023-01-08 15:00:00,kWh,78.34101273990159,baseline,hvac_dr_ee
CAMX,2023-01-08 16:00:00,kWh,79.1856534272753,baseline,hvac_dr_ee
CAMX,2023-01-08 17:00:00,kWh,67.16563007855648,baseline,hvac_dr_ee
CAMX,2023-01-08 18:00:00,kWh,72.13584352294467,baseline,hvac_dr_ee
CAMX,2023-01-08 19:00:00,kWh,71.71887563926013,baseline,hvac_dr_ee
CAMX,2023-01-08 20:00:00,kWh,66.4399044346644,baseline,hvac_dr_ee
CAMX,2023-01-08 21:00:00,kWh,76.6541961428289,baseline,hvac_dr_ee
CAMX,2023-01-08 22:00:00,kWh,75.4718230306642,baseline,hvac_dr_ee
CAMX,2023-01-08 23:00:00,kWh,64.93925734714207,baseline,hvac_dr_ee
CAMX,2023-01-09 00:00:00,kWh,70.96916226594897,baseline,hvac_dr_ee
CAMX,2023-01-09 01:00:00,kWh,68.65294719045907,baseline,hvac_dr_ee
CAMX,2023-01-09 02:00:00,kWh,70.20173010104543,baseline,hvac_dr_ee
CAMX,2023-01-09 03:00:00,kWh,68.01746024830236,baseline,hvac_dr_ee
CAMX,2023-01-09 04:00:00,kWh,87.90648291098888,baseline,hvac_dr_ee
CAMX,2023-01-09 05:00:00,kWh,151.2141871630343,baseline,hvac_dr_ee
CAMX,2023-01-09 06:00:00,kWh,161.19319203327922,baseline,hvac_dr_ee
CAMX,2023-01-09 07:00:00,kWh,170.2861846828166,baseline,hvac_dr_ee
CAMX,2023-01-09 08:00:00,kWh,173.12136676401445,baseline,hvac_dr_ee
CAMX,2023-01-09 09:00:00,kWh,160.71426547184075,baseline,hvac_dr_ee
CAMX,2023-01-09 10:00:00,kWh,158.93013197084122,baseline,hvac_dr_ee
CAMX,2023-01-09 11:00:00,kWh,162.57897218896346,baseline,hvac_dr_ee
CAMX,2023-01-09 12:00:00,kWh,167.10508201105154,baseline,hvac_dr_ee
CAMX,2023-01-09 13:00:00,kWh,164.22186353225766,baseline,hvac_dr_ee
CAMX,2023-01-09 14:00:00,kWh,156.97795884570496,baseline,hvac_dr_ee
CAMX,2023-01-09 15:00:00,kWh,153.28676836856556,baseline,hvac_dr_ee
CAMX,2023-01-09 16:00:00,kWh,154.18624881273664,baseline,hvac_dr_ee
CAMX,2023-01-09 17:00:00,kWh,145.64289686440162,baseline,hvac_dr_ee
CAMX,2023-01-09 18:00:00,kWh,126.65484985030193,baseline,hvac_dr_ee
CAMX,2023-01-09 19:00:00,kWh,126.37371200524167,baseline,hvac_dr_ee
CAMX,2023-01-09 20:00:00,kWh,125.21307314672339,baseline,hvac_dr_ee
CAMX,2023-01-09 21:00:00,kWh,125.91415230697001,baseline,hvac_dr_ee
CAMX,2023-01-09 22:00:00,kWh,79.68120183879786,baseline,hvac_dr_ee
CAMX,2023-01-09 23:00:00,kWh,81.7083168625259,baseline,hvac_dr_ee
CAMX,2023-01-10 00:00:00,kWh,79.8675783947364,baseline,hvac_dr_ee
CAMX,2023-01-10 01:00:00,kWh,76.53116688147972,baseline,hvac_dr_ee
CAMX,2023-01-10 02:00:00,kWh,73.3698622592235,baseline,hvac_dr_ee
CAMX,2023-01-10 03:00:00,kWh,74.05744656464017,baseline,hvac_dr_ee
CAMX,2023-01-10 04:00:00,kWh,85.32734482361883,baseline,hvac_dr_ee
CAMX,2023-01-10 05:00:00,kWh,144.49448035622262,baseline,hvac_dr_ee
CAMX,2023-01-10 06:00:00,kWh,153.2970538568051,baseline,hvac_dr_ee
CAMX,2023-01-10 07:00:00,kWh,164.68218642181247,baseline,hvac_dr_ee
CAMX,2023-01-10 08:00:00,kWh,167.8056874936715,baseline,hvac_dr_ee
CAMX,2023-01-10 09:00:00,kWh,157.4183049266649,baseline,hvac_dr_ee
CAMX,2023-01-10 10:00:00,kWh,157.25400321787163,baseline,hvac_dr_ee
CAMX,2023-01-10 11:00:00,kWh,160.67753485445607,baseline,hvac_dr_ee
CAMX,2023-01-10 12:00:00,kWh,167.3119496446232,baseline,hvac_dr_ee
CAMX,2023-01-10 13:00:00,kWh,169.11751679382417,baseline,hvac_dr_ee
CAMX,2023-01-10 14:00:00,kWh,166.83518754033008,baseline,hvac_dr_ee
CAMX,2023-01-10 15:00:00,kWh,164.88128380595725,baseline,hvac_dr_ee
CAMX,2023-01-10 16:00:00,kWh,163.20672796438384,baseline,hvac_dr_ee
CAMX,2023-01-10 17:00:00,kWh,144.0868441989736,baseline,hvac_dr_ee
CAMX,2023-01-10 18:00:00,kWh,121.71264232671668,baseline,hvac_dr_ee
CAMX,2023-01-10 19:00:00,kWh,120.77380149269808,baseline,hvac_dr_ee
CAMX,2023-01-10 20:00:00,kWh,119.32402714277418,baseline,hvac_dr_ee
CAMX,2023-01-10 21:00:00,kWh,119.68901467799313,baseline,hvac_dr_ee
CAMX,2023-01-10 22:00:00,kWh,85.52532410776732,baseline,hvac_dr_ee
CAMX,2023-01-10 23:00:00,kWh,86.94463409021331,baseline,hvac_dr_ee
CAMX,2023-01-11 00:00:00,kWh,79.37689269547154,baseline,hvac_dr_ee
CAMX,2023-01-11 01:00:00,kWh,82.15324093151872,baseline,hvac_dr_ee
CAMX,2023-01-11 02:00:00,kWh,79.11743238687168,baseline,hvac_dr_ee
CAMX,2023-01-11 03:00:00,kWh,76.24149251788401,baseline,hvac_dr_ee
CAMX,2023-01-11 04:00:00,kWh,86.34219773825187,baseline,hvac_dr_ee
CAMX,2023-01-11 05:00:00,kWh,134.71656242296848,baseline,hvac_dr_ee
CAMX,2023-01-11 06:00:00,kWh,145.02428820810957,baseline,hvac_dr_ee
CAMX,2023-01-11 07:00:00,kWh,156.77735709754677,baseline,hvac_dr_ee
CAMX,2023-01-11 08:00:00,kWh,163.0217035876405,baseline,hvac_dr_ee
CAMX,2023-01-11 09:00:00,kWh,153.9024244589583,baseline,hvac_dr_ee
CAMX,2023-01-11 10:00:00,kWh,156.1509971041242,baseline,hvac_dr_ee
CAMX,2023-01-11 11:00:00,kWh,165.1848259105209,baseline,hvac_dr_ee
CAMX,2023-01-11 12:00:00,kWh,171.09035398598184,baseline,hvac_dr_ee
CAMX,2023-01-11 13:00:00,kWh,174.77249009632988,baseline,hvac_dr_ee
CAMX,2023-01-11 14:00:00,kWh,169.82605003440767,baseline,hvac_dr_ee
CAMX,2023-01-11 15:00:00,kWh,167.98467863713697,baseline,hvac_dr_ee
CAMX,2023-01-11 16:00:00,kWh,166.84996961028213,baseline,hvac_dr_ee
CAMX,2023-01-11 17:00:00,kWh,145.83323690632056,baseline,hvac_dr_ee
CAMX,2023-01-11 18:00:00,kWh,122.51997087350651,baseline,hvac_dr_ee
CAMX,2023-01-11 19:00:00,kWh,118.31447519527475,baseline,hvac_dr_ee
CAMX,2023-01-11 20:00:00,kWh,115.69432144715711,baseline,hvac_dr_ee
CAMX,2023-01-11 21:00:00,kWh,116.11720380825226,baseline,hvac_dr_ee
CAMX,2023-01-11 22:00:00,kWh,87.19328296930718,baseline,hvac_dr_ee
CAMX,2023-01-11 23:00:00,kWh,89.10057551354836,baseline,hvac_dr_ee
CAMX,2023-01-12 00:00:00,kWh,79.56743314295005,baseline,hvac_dr_ee
CAMX,2023-01-12 01:00:00,kWh,86.67029900715598,baseline,hvac_dr_ee
CAMX,2023-01-12 02:00:00,kWh,86.38582809974491,baseline,hvac_dr_ee
CAMX,2023-01-12 03:00:00,kWh,79.74267201671907,baseline,hvac_dr_ee
CAMX,2023-01-12 04:00:00,kWh,87.2929720726829,baseline,hvac_dr_ee
CAMX,2023-01-12 05:00:00,kWh,135.07404096741107,baseline,hvac_dr_ee
CAMX,2023-01-12 06:00:00,kWh,143.1343712240905,baseline,hvac_dr_ee
CAMX,2023-01-12 07:00:00,kWh,158.52678606640188,baseline,hvac_dr_ee
CAMX,2023-01-12 08:00:00,kWh,169.0497924777187,baseline,hvac_dr_ee
CAMX,2023-01-12 09:00:00,kWh,157.9837850408324,baseline,hvac_dr_ee
CAMX,2023-01-12 10:00:00,kWh,155.60573005630255,baseline,hvac_dr_ee
CAMX,2023-01-12 11:00:00,kWh,158.41049460746262,baseline,hvac_dr_ee
CAMX,2023-01-12 12:00:00,kWh,163.09166792258856,baseline,hvac_dr_ee
CAMX,2023-01-12 13:00:00,kWh,163.08415138324398,baseline,hvac_dr_ee
CAMX,2023-01-12 14:00:00,kWh,158.63801165313748,baseline,hvac_dr_ee
CAMX,2023-01-12 15:00:00,kWh,156.2685960272528,baseline,hvac_dr_ee
CAMX,2023-01-12 16:00:00,kWh,155.17017545478194,baseline,hvac_dr_ee
CAMX,2023-01-12 17:00:00,kWh,144.33123766528607,baseline,hvac_dr_ee
CAMX,2023-01-12 18:00:00,kWh,124.57224649082782,baseline,hvac_dr_ee
CAMX,2023-01-12 19:00:00,kWh,123.21392123981187,baseline,hvac_dr_ee
CAMX,2023-01-12 20:00:00,kWh,121.79572399885751,baseline,hvac_dr_ee
CAMX,2023-01-12 21:00:00,kWh,122.07108259437351,baseline,hvac_dr_ee
CAMX,2023-01-12 22:00:00,kWh,87.26584554189017,baseline,hvac_dr_ee
CAMX,2023-01-12 23:00:00,kWh,89.49926884430545,baseline,hvac_dr_ee
CAMX,2023-01-13 00:00:00,kWh,79.84406795192211,baseline,hvac_dr_ee
CAMX,2023-01-13 01:00:00,kWh,86.84628833820554,baseline,hvac_dr_ee
CAMX,2023-01-13 02:00:00,kWh,86.42679632534004,baseline,hvac_dr_ee
CAMX,2023-01-13 03:00:00,kWh,77.40040807324498,baseline,hvac_dr_ee
CAMX,2023-01-13 04:00:00,kWh,87.58528715149096,baseline,hvac_dr_ee
CAMX,2023-01-13 05:00:00,kWh,142.50832525755985,baseline,hvac_dr_ee
CAMX,2023-01-13 06:00:00,kWh,148.13639095740888,baseline,hvac_dr_ee
CAMX,2023-01-13 07:00:00,kWh,162.1875022488842,baseline,hvac_dr_ee
CAMX,2023-01-13 08:00:00,kWh,176.93361939862194,baseline,hvac_dr_ee
CAMX,2023-01-13 09:00:00,kWh,169.73014859077117,baseline,hvac_dr_ee
CAMX,2023-01-13 10:00:00,kWh,169.93078868714653,baseline,hvac_dr_ee
CAMX,2023-01-13 11:00:00,kWh,168.98384672336886,baseline,hvac_dr_ee
CAMX,2023-01-13 12:00:00,kWh,169.94143638097006,baseline,hvac_dr_ee
CAMX,2023-01-13 13:00:00,kWh,168.34876527570196,baseline,hvac_dr_ee
CAMX,2023-01-13 14:00:00,kWh,164.5429832216012,baseline,hvac_dr_ee
CAMX,2023-01-13 15:00:00,kWh,162.57944946802849,baseline,hvac_dr_ee
CAMX,2023-01-13 16:00:00,kWh,161.85474953209746,baseline,hvac_dr_ee
CAMX,2023-01-13 17:00:00,kWh,152.16726619951177,baseline,hvac_dr_ee
CAMX,2023-01-13 18:00:00,kWh,131.3498810513409,baseline,hvac_dr_ee
CAMX,2023-01-13 19:00:00,kWh,130.06654310228438,baseline,hvac_dr_ee
CAMX,2023-01-13 20:00:00,kWh,127.32238556422072,baseline,hvac_dr_ee
CAMX,2023-01-13 21:00:00,kWh,126.84409315579664,baseline,hvac_dr_ee
CAMX,2023-01-13 22:00:00,kWh,81.42675840730827,baseline,hvac_dr_ee
CAMX,2023-01-13 23:00:00,kWh,87.41406284204501,baseline,hvac_dr_ee
CAMX,2023-01-14 00:00:00,kWh,73.49696772450798,baseline,hvac_dr_ee
CAMX,2023-01-14 01:00:00,kWh,76.36263783653223,baseline,hvac_dr_ee
CAMX,2023-01-14 02:00:00,kWh,77.44686639223264,baseline,hvac_dr_ee
CAMX,2023-01-14 03:00:00,kWh,73.6119906456958,baseline,hvac_dr_ee
CAMX,2023-01-14 04:00:00,kWh,87.93229352514356,baseline,hvac_dr_ee
CAMX,2023-01-14 05:00:00,kWh,136.88476623531284,baseline,hvac_dr_ee
CAMX,2023-01-14 06:00:00,kWh,148.45880462095312,baseline,hvac_dr_ee
CAMX,2023-01-14 07:00:00,kWh,139.31301968452246,baseline,hvac_dr_ee
CAMX,2023-01-14 08:00:00,kWh,137.28436355175134,baseline,hvac_dr_ee
CAMX,2023-01-14 09:00:00,kWh,134.0906258206012,baseline,hvac_dr_ee
CAMX,2023-01-14 10:00:00,kWh,133.65727784363963,baseline,hvac_dr_ee
CAMX,2023-01-14 11:00:00,kWh,135.71634181894507,baseline,hvac_dr_ee
CAMX,2023-01-14 12:00:00,kWh,127.57799591727459,baseline,hvac_dr_ee
CAMX,2023-01-14 13:00:00,kWh,123.98605024538881,baseline,hvac_dr_ee
CAMX,2023-01-14 14:00:00,kWh,121.6309374497084,baseline,hvac_dr_ee
CAMX,2023-01-14 15:00:00,kWh,117.57888586379374,baseline,hvac_dr_ee
CAMX,2023-01-14 16:00:00,kWh,115.55345756276294,baseline,hvac_dr_ee
CAMX,2023-01-14 17:00:00,kWh,98.91318459890468,baseline,hvac_dr_ee
CAMX,2023-01-14 18:00:00,kWh,70.18070262429802,baseline,hvac_dr_ee
CAMX,2023-01-14 19:00:00,kWh,69.84770123335468,baseline,hvac_dr_ee
CAMX,2023-01-14 20:00:00,kWh,66.89648325665584,baseline,hvac_dr_ee
CAMX,2023-01-14 21:00:00,kWh,69.81645007628416,baseline,hvac_dr_ee
CAMX,2023-01-14 22:00:00,kWh,69.28719524136757,baseline,hvac_dr_ee
CAMX,2023-01-14 23:00:00,kWh,67.65298235493778,baseline,hvac_dr_ee
CAMX,2023-01-15 00:00:00,kWh,68.53586934132218,baseline,hvac_dr_ee
CAMX,2023-01-15 01:00:00,kWh,68.03688034488192,baseline,hvac_dr_ee
CAMX,2023-01-15 02:00:00,kWh,65.21878694836886,baseline,hvac_dr_ee
CAMX,2023-01-15 03:00:00,kWh,66.48602047319,baseline,hvac_dr_ee
CAMX,2023-01-15 04:00:00,kWh,69.29229235469509,baseline,hvac_dr_ee
CAMX,2023-01-15 05:00:00,kWh,66.69731915789413,baseline,hvac_dr_ee
CAMX,2023-01-15 06:00:00,kWh,76.62665424922253,baseline,hvac_dr_ee
CAMX,2023-01-15 07:00:00,kWh,77.50543518321109,baseline,hvac_dr_ee
CAMX,2023-01-15 08:00:00,kWh,66.62786028892114,baseline,hvac_dr_ee
CAMX,2023-01-15 09:00:00,kWh,70.84587878080546,baseline,hvac_dr_ee
CAMX,2023-01-15 10:00:00,kWh,72.3153007424579,baseline,hvac_dr_ee
CAMX,2023-01-15 11:00:00,kWh,77.36914918864137,baseline,hvac_dr_ee
CAMX,2023-01-15 12:00:00,kWh,72.6709879731798,baseline,hvac_dr_ee
CAMX,2023-01-15 13:00:00,kWh,80.47135860960704,baseline,hvac_dr_ee
CAMX,2023-01-15 14:00:00,kWh,71.46429577534684,baseline,hvac_dr_ee
CAMX,2023-01-15 15:00:00,kWh,73.78742232794403,baseline,hvac_dr_ee
CAMX,2023-01-15 16:00:00,kWh,71.8356140727307,baseline,hvac_dr_ee
CAMX,2023-01-15 17:00:00,kWh,66.76467599170455,baseline,hvac_dr_ee
CAMX,2023-01-15 18:00:00,kWh,74.96117607247277,baseline,hvac_dr_ee
CAMX,2023-01-15 19:00:00,kWh,68.96678296342465,baseline,hvac_dr_ee
CAMX,2023-01-15 20:00:00,kWh,67.17339889611227,baseline,hvac_dr_ee
CAMX,2023-01-15 21:00:00,kWh,74.0885557498171,baseline,hvac_dr_ee
CAMX,2023-01-15 22:00:00,kWh,66.81616644627911,baseline,hvac_dr_ee
CAMX,2023-01-15 23:00:00,kWh,67.10505877221574,baseline,hvac_dr_ee
CAMX,2023-01-16 00:00:00,kWh,76.48217394628482,baseline,hvac_dr_ee
CAMX,2023-01-16 01:00:00,kWh,70.60822659874353,baseline,hvac_dr_ee
CAMX,2023-01-16 02:00:00,kWh,70.68447636431668,baseline,hvac_dr_ee
CAMX,2023-01-16 03:00:00,kWh,69.67346551253833,baseline,hvac_dr_ee
CAMX,2023-01-16 04:00:00,kWh,84.38447647391446,baseline,hvac_dr_ee
CAMX,2023-01-16 05:00:00,kWh,147.87752804283554,baseline,hvac_dr_ee
CAMX,2023-01-16 06:00:00,kWh,159.8714835048735,baseline,hvac_dr_ee
CAMX,2023-01-16 07:00:00,kWh,171.93664563963378,baseline,hvac_dr_ee
CAMX,2023-01-16 08:00:00,kWh,175.08239495763468,baseline,hvac_dr_ee
CAMX,2023-01-16 09:00:00,kWh,161.88975590045013,baseline,hvac_dr_ee
CAMX,2023-01-16 10:00:00,kWh,156.37306165414324,baseline,hvac_dr_ee
CAMX,2023-01-16 11:00:00,kWh,156.5456394283138,baseline,hvac_dr_ee
CAMX,2023-01-16 12:00:00,kWh,161.1221129983443,baseline,hvac_dr_ee
CAMX,2023-01-16 13:00:00,kWh,159.17279246482528,baseline,hvac_dr_ee
CAMX,2023-01-16 14:00:00,kWh,157.6091928287006,baseline,hvac_dr_ee
CAMX,2023-01-16 15:00:00,kWh,157.90078252282885,baseline,hvac_dr_ee
CAMX,2023-01-16 16:00:00,kWh,160.34571036332946,baseline,hvac_dr_ee
CAMX,2023-01-16 17:00:00,kWh,147.44348760878452,baseline,hvac_dr_ee
CAMX,2023-01-16 18:00:00,kWh,126.30641615465873,baseline,hvac_dr_ee
CAMX,2023-01-16 19:00:00,kWh,125.47614006731709,baseline,hvac_dr_ee
CAMX,2023-01-16 20:00:00,kWh,123.63873642988628,baseline,hvac_dr_ee
CAMX,2023-01-16 21:00:00,kWh,124.39318460033866,baseline,hvac_dr_ee
CAMX,2023-01-16 22:00:00,kWh,84.71713172294236,baseline,hvac_dr_ee
CAMX,2023-01-16 23:00:00,kWh,83.91450119805593,baseline,hvac_dr_ee
CAMX,2023-01-17 00:00:00,kWh,79.82228018771985,baseline,hvac_dr_ee
CAMX,2023-01-17 01:00:00,kWh,77.00828481310901,baseline,hvac_dr_ee
CAMX,2023-01-17 02:00:00,kWh,76.17215686395723,baseline,hvac_dr_ee
CAMX,2023-01-17 03:00:00,kWh,74.69444466674523,baseline,hvac_dr_ee
CAMX,2023-01-17 04:00:00,kWh,78.70890651352184,baseline,hvac_dr_ee
CAMX,2023-01-17 05:00:00,kWh,125.88868452850913,baseline,hvac_dr_ee
CAMX,2023-01-17 06:00:00,kWh,146.35385360776425,baseline,hvac_dr_ee
CAMX,2023-01-17 07:00:00,kWh,162.28424353225276,baseline,hvac_dr_ee
CAMX,2023-01-17 08:00:00,kWh,167.006548096372,baseline,hvac_dr_ee
CAMX,2023-01-17 09:00:00,kWh,155.0921647198629,baseline,hvac_dr_ee
CAMX,2023-01-17 10:00:00,kWh,152.14428982830216,baseline,hvac_dr_ee
CAMX,2023-01-17 11:00:00,kWh,157.1879981890749,baseline,hvac_dr_ee
CAMX,2023-01-17 12:00:00,kWh,163.30875468893362,baseline,hvac_dr_ee
CAMX,2023-01-17 13:00:00,kWh,165.8093163501158,baseline,hvac_dr_ee
CAMX,2023-01-17 14:00:00,kWh,163.19632989163517,baseline,hvac_dr_ee
CAMX,2023-01-17 15:00:00,kWh,161.21359032447427,baseline,hvac_dr_ee
CAMX,2023-01-17 16:00:00,kWh,164.33367025710726,baseline,hvac_dr_ee
CAMX,2023-01-17 17:00:00,kWh,145.90979877055906,baseline,hvac_dr_ee
CAMX,2023-01-17 18:00:00,kWh,123.18383305851107,baseline,hvac_dr_ee
CAMX,2023-01-17 19:00:00,kWh,121.68755708711556,baseline,hvac_dr_ee
CAMX,2023-01-17 20:00:00,kWh,119.71741546247935,baseline,hvac_dr_ee
CAMX,2023-01-17 21:00:00,kWh,119.79441986988775,baseline,hvac_dr_ee
CAMX,2023-01-17 22:00:00,kWh,86.54238407094078,baseline,hvac_dr_ee
CAMX,2023-01-17 23:00:00,kWh,89.76953566673548,baseline,hvac_dr_ee
CAMX,2023-01-18 00:00:00,kWh,79.86149855958041,baseline,hvac_dr_ee
CAMX,2023-01-18 01:00:00,kWh,83.63412760939484,baseline,hvac_dr_ee
CAMX,2023-01-18 02:00:00,kWh,82.75441184098572,baseline,hvac_dr_ee
CAMX,2023-01-18 03:00:00,kWh,76.36752970201297,baseline,hvac_dr_ee
CAMX,2023-01-18 04:00:00,kWh,79.71896599198195,baseline,hvac_dr_ee
CAMX,2023-01-18 05:00:00,kWh,119.70007714647828,baseline,hvac_dr_ee
CAMX,2023-01-18 06:00:00,kWh,140.70163178534932,baseline,hvac_dr_ee
CAMX,2023-01-18 07:00:00,kWh,158.32256954174406,baseline,hvac_dr_ee
CAMX,2023-01-18 08:00:00,kWh,166.60082517797116,baseline,hvac_dr_ee
CAMX,2023-01-18 09:00:00,kWh,153.15044945957635,baseline,hvac_dr_ee
CAMX,2023-01-18 10:00:00,kWh,153.69500230244836,baseline,hvac_dr_ee
CAMX,2023-01-18 11:00:00,kWh,160.4540152499569,baseline,hvac_dr_ee
CAMX,2023-01-18 12:00:00,kWh,168.76629168107684,baseline,hvac_dr_ee
CAMX,2023-01-18 13:00:00,kWh,174.53223688686802,baseline,hvac_dr_ee
CAMX,2023-01-18 14:00:00,kWh,171.3613722966283,baseline,hvac_dr_ee
CAMX,2023-01-18 15:00:00,kWh,167.87900102474413,baseline,hvac_dr_ee
CAMX,2023-01-18 16:00:00,kWh,165.6911941661474,baseline,hvac_dr_ee
CAMX,2023-01-18 17:00:00,kWh,144.6191193792799,baseline,hvac_dr_ee
CAMX,2023-01-18 18:00:00,kWh,120.12633364790301,baseline,hvac_dr_ee
CAMX,2023-01-18 19:00:00,kWh,119.40367850162647,baseline,hvac_dr_ee
CAMX,2023-01-18 20:00:00,kWh,117.18174603103704,baseline,hvac_dr_ee
CAMX,2023-01-18 21:00:00,kWh,117.05716574695238,baseline,hvac_dr_ee
CAMX,2023-01-18 22:00:00,kWh,87.69140520730059,baseline,hvac_dr_ee
CAMX,2023-01-18 23:00:00,kWh,89.09757929841679,baseline,hvac_dr_ee
CAMX,2023-01-19 00:00:00,kWh,79.6763308405894,baseline,hvac_dr_ee
CAMX,2023-01-19 01:00:00,kWh,87.60409427294385,baseline,hvac_dr_ee
CAMX,2023-01-19 02:00:00,kWh,86.55366385251212,baseline,hvac_dr_ee
CAMX,2023-01-19 03:00:00,kWh,80.04889879269817,baseline,hvac_dr_ee
CAMX,2023-01-19 04:00:00,kWh,86.5316029247688,baseline,hvac_dr_ee
CAMX,2023-01-19 05:00:00,kWh,118.04099857439242,baseline,hvac_dr_ee
CAMX,2023-01-19 06:00:00,kWh,136.7072447270064,baseline,hvac_dr_ee
CAMX,2023-01-19 07:00:00,kWh,151.67894452901567,baseline,hvac_dr_ee
CAMX,2023-01-19 08:00:00,kWh,163.90166613252944,baseline,hvac_dr_ee
CAMX,2023-01-19 09:00:00,kWh,158.2108566752613,baseline,hvac_dr_ee
CAMX,2023-01-19 10:00:00,kWh,160.0626550508361,baseline,hvac_dr_ee
CAMX,2023-01-19 11:00:00,kWh,163.46136379467785,baseline,hvac_dr_ee
CAMX,2023-01-19 12:00:00,kWh,165.09759297333312,baseline,hvac_dr_ee
CAMX,2023-01-19 13:00:00,kWh,161.65077920140965,baseline,hvac_dr_ee
CAMX,2023-01-19 14:00:00,kWh,157.6229517987761,baseline,hvac_dr_ee
CAMX,2023-01-19 15:00:00,kWh,155.64949954452425,baseline,hvac_dr_ee
CAMX,2023-01-19 16:00:00,kWh,156.0883591558737,baseline,hvac_dr_ee
CAMX,2023-01-19 17:00:00,kWh,146.45287378538376,baseline,hvac_dr_ee
CAMX,2023-01-19 18:00:00,kWh,124.58161859304661,baseline,hvac_dr_ee
CAMX,2023-01-19 19:00:00,kWh,122.64489409317027,baseline,hvac_dr_ee
CAMX,2023-01-19 20:00:00,kWh,119.55670465046053,baseline,hvac_dr_ee
CAMX,2023-01-19 21:00:00,kWh,119.51671348590912,baseline,hvac_dr_ee
CAMX,2023-01-19 22:00:00,kWh,88.20536637393936,baseline,hvac_dr_ee
CAMX,2023-01-19 23:00:00,kWh,90.75919378063936,baseline,hvac_dr_ee
CAMX,2023-01-20 00:00:00,kWh,79.82352230377572,baseline,hvac_dr_ee
CAMX,2023-01-20 01:00:00,kWh,87.95602839068334,baseline,hvac_dr_ee
CAMX,2023-01-20 02:00:00,kWh,86.54929536517636,baseline,hvac_dr_ee
CAMX,2023-01-20 03:00:00,kWh,80.15280906617949,baseline,hvac_dr_ee
CAMX,2023-01-20 04:00:00,kWh,88.26787988976315,baseline,hvac_dr_ee
CAMX,2023-01-20 05:00:00,kWh,125.82841197712602,baseline,hvac_dr_ee
CAMX,2023-01-20 06:00:00,kWh,141.41844706841206,baseline,hvac_dr_ee
CAMX,2023-01-20 07:00:00,kWh,157.0784127893607,baseline,hvac_dr_ee
CAMX,2023-01-20 08:00:00,kWh,170.45448547282524,baseline,hvac_dr_ee
CAMX,2023-01-20 09:00:00,kWh,165.59488385611746,baseline,hvac_dr_ee
CAMX,2023-01-20 10:00:00,kWh,165.24760308603243,baseline,hvac_dr_ee
CAMX,2023-01-20 11:00:00,kWh,167.81352884670167,baseline,hvac_dr_ee
CAMX,2023-01-20 12:00:00,kWh,169.12534174989642,baseline,hvac_dr_ee
CAMX,2023-01-20 13:00:00,kWh,171.75553528214567,baseline,hvac_dr_ee
CAMX,2023-01-20 14:00:00,kWh,163.72224271375597,baseline,hvac_dr_ee
CAMX,2023-01-20 15:00:00,kWh,157.91705960364197,baseline,hvac_dr_ee
CAMX,2023-01-20 16:00:00,kWh,157.82422044187692,baseline,hvac_dr_ee
CAMX,2023-01-20 17:00:00,kWh,141.97880795293375,baseline,hvac_dr_ee
CAMX,2023-01-20 18:00:00,kWh,121.69039156037095,baseline,hvac_dr_ee
CAMX,2023-01-20 19:00:00,kWh,119.86996174875138,baseline,hvac_dr_ee
CAMX,2023-01-20 20:00:00,kWh,118.04041649290099,baseline,hvac_dr_ee
CAMX,2023-01-20 21:00:00,kWh,117.97829958972642,baseline,hvac_dr_ee
CAMX,2023-01-20 22:00:00,kWh,88.50106328277374,baseline,hvac_dr_ee
CAMX,2023-01-20 23:00:00,kWh,91.1762266677573,baseline,hvac_dr_ee
CAMX,2023-01-21 00:00:00,kWh,76.9283988578411,baseline,hvac_dr_ee
CAMX,2023-01-21 01:00:00,kWh,84.90730462381535,baseline,hvac_dr_ee
CAMX,2023-01-21 02:00:00,kWh,83.58997862246294,baseline,hvac_dr_ee
CAMX,2023-01-21 03:00:00,kWh,77.1229413856281,baseline,hvac_dr_ee
CAMX,2023-01-21 04:00:00,kWh,83.80362453067049,baseline,hvac_dr_ee
CAMX,2023-01-21 05:00:00,kWh,117.01211517531664,baseline,hvac_dr_ee
CAMX,2023-01-21 06:00:00,kWh,134.69371101822412,baseline,hvac_dr_ee
CAMX,2023-01-21 07:00:00,kWh,126.80373157770269,baseline,hvac_dr_ee
CAMX,2023-01-21 08:00:00,kWh,126.41780249242309,baseline,hvac_dr_ee
CAMX,2023-01-21 09:00:00,kWh,124.32340558433461,baseline,hvac_dr_ee
CAMX,2023-01-21 10:00:00,kWh,123.41636054615775,baseline,hvac_dr_ee
CAMX,2023-01-21 11:00:00,kWh,125.46769397571582,baseline,hvac_dr_ee
CAMX,2023-01-21 12:00:00,kWh,119.24918154523121,baseline,hvac_dr_ee
CAMX,2023-01-21 13:00:00,kWh,118.56809313134747,baseline,hvac_dr_ee
CAMX,2023-01-21 14:00:00,kWh,116.38166163953538,baseline,hvac_dr_ee
CAMX,2023-01-21 15:00:00,kWh,112.48190823895959,baseline,hvac_dr_ee
CAMX,2023-01-21 16:00:00,kWh,110.55262853810196,baseline,hvac_dr_ee
CAMX,2023-01-21 17:00:00,kWh,96.0588390534482,baseline,hvac_dr_ee
CAMX,2023-01-21 18:00:00,kWh,74.71517384573737,baseline,hvac_dr_ee
CAMX,2023-01-21 19:00:00,kWh,83.44375436814919,baseline,hvac_dr_ee
CAMX,2023-01-21 20:00:00,kWh,80.72428543462888,baseline,hvac_dr_ee
CAMX,2023-01-21 21:00:00,kWh,79.05050814587756,baseline,hvac_dr_ee
CAMX,2023-01-21 22:00:00,kWh,78.64516898216982,baseline,hvac_dr_ee
CAMX,2023-01-21 23:00:00,kWh,74.55514513045622,baseline,hvac_dr_ee
CAMX,2023-01-22 00:00:00,kWh,73.62824014247299,baseline,hvac_dr_ee
CAMX,2023-01-22 01:00:00,kWh,75.15284380427798,baseline,hvac_dr_ee
CAMX,2023-01-22 02:00:00,kWh,65.49644233040796,baseline,hvac_dr_ee
CAMX,2023-01-22 03:00:00,kWh,72.86326932307213,baseline,hvac_dr_ee
CAMX,2023-01-22 04:00:00,kWh,74.98785307428139,baseline,hvac_dr_ee
CAMX,2023-01-22 05:00:00,kWh,65.48944368208839,baseline,hvac_dr_ee
CAMX,2023-01-22 06:00:00,kWh,77.31287520219628,baseline,hvac_dr_ee
CAMX,2023-01-22 07:00:00,kWh,78.57063662228187,baseline,hvac_dr_ee
CAMX,2023-01-22 08:00:00,kWh,73.37718617918654,baseline,hvac_dr_ee
CAMX,2023-01-22 09:00:00,kWh,79.06069024229079,baseline,hvac_dr_ee
CAMX,2023-01-22 10:00:00,kWh,84.39282136608936,baseline,hvac_dr_ee
CAMX,2023-01-22 11:00:00,kWh,77.74471433886589,baseline,hvac_dr_ee
CAMX,2023-01-22 12:00:00,kWh,85.20410200678515,baseline,hvac_dr_ee
CAMX,2023-01-22 13:00:00,kWh,87.09281343305668,baseline,hvac_dr_ee
CAMX,2023-01-22 14:00:00,kWh,86.93213404247462,baseline,hvac_dr_ee
CAMX,2023-01-22 15:00:00,kWh,82.75809949459286,baseline,hvac_dr_ee
CAMX,2023-01-22 16:00:00,kWh,72.30370829891808,baseline,hvac_dr_ee
CAMX,2023-01-22 17:00:00,kWh,65.35684535972666,baseline,hvac_dr_ee
CAMX,2023-01-22 18:00:00,kWh,75.90154774758064,baseline,hvac_dr_ee
CAMX,2023-01-22 19:00:00,kWh,69.0709641539216,baseline,hvac_dr_ee
CAMX,2023-01-22 20:00:00,kWh,69.95944035259961,baseline,hvac_dr_ee
CAMX,2023-01-22 21:00:00,kWh,74.31466874948661,baseline,hvac_dr_ee
CAMX,2023-01-22 22:00:00,kWh,67.67669700121503,baseline,hvac_dr_ee
CAMX,2023-01-22 23:00:00,kWh,70.41100236570037,baseline,hvac_dr_ee
CAMX,2023-01-23 00:00:00,kWh,71.00974213093215,baseline,hvac_dr_ee
CAMX,2023-01-23 01:00:00,kWh,69.45310418043702,baseline,hvac_dr_ee
CAMX,2023-01-23 02:00:00,kWh,67.93636160185048,baseline,hvac_dr_ee
CAMX,2023-01-23 03:00:00,kWh,69.41006517163169,baseline,hvac_dr_ee
CAMX,2023-01-23 04:00:00,kWh,83.86522839334873,baseline,hvac_dr_ee
CAMX,2023-01-23 05:00:00,kWh,138.63778338097978,baseline,hvac_dr_ee
CAMX,2023-01-23 06:00:00,kWh,149.1054840403415,baseline,hvac_dr_ee
CAMX,2023-01-23 07:00:00,kWh,160.33626327356546,baseline,hvac_dr_ee
CAMX,2023-01-23 08:00:00,kWh,167.44868713716096,baseline,hvac_dr_ee
CAMX,2023-01-23 09:00:00,kWh,156.50929254523157,baseline,hvac_dr_ee
CAMX,2023-01-23 10:00:00,kWh,153.41353246492832,baseline,hvac_dr_ee
CAMX,2023-01-23 11:00:00,kWh,156.07268388270677,baseline,hvac_dr_ee
CAMX,2023-01-23 12:00:00,kWh,163.13202701753454,baseline,hvac_dr_ee
CAMX,2023-01-23 13:00:00,kWh,162.9535625358047,baseline,hvac_dr_ee
CAMX,2023-01-23 14:00:00,kWh,157.49064049491247,baseline,hvac_dr_ee
CAMX,2023-01-23 15:00:00,kWh,157.88600770344044,baseline,hvac_dr_ee
CAMX,2023-01-23 16:00:00,kWh,161.37839270786716,baseline,hvac_dr_ee
CAMX,2023-01-23 17:00:00,kWh,146.5376227615402,baseline,hvac_dr_ee
CAMX,2023-01-23 18:00:00,kWh,123.4123401942003,baseline,hvac_dr_ee
CAMX,2023-01-23 19:00:00,kWh,120.93500036347334,baseline,hvac_dr_ee
CAMX,2023-01-23 20:00:00,kWh,119.13316069796619,baseline,hvac_dr_ee
CAMX,2023-01-23 21:00:00,kWh,119.23291059026076,baseline,hvac_dr_ee
CAMX,2023-01-23 22:00:00,kWh,84.825311485782,baseline,hvac_dr_ee
CAMX,2023-01-23 23:00:00,kWh,87.01961616247786,baseline,hvac_dr_ee
CAMX,2023-01-24 00:00:00,kWh,79.51719490797005,baseline,hvac_dr_ee
CAMX,2023-01-24 01:00:00,kWh,79.85950561183846,baseline,hvac_dr_ee
CAMX,2023-01-24 02:00:00,kWh,78.81373979664967,baseline,hvac_dr_ee
CAMX,2023-01-24 03:00:00,kWh,72.23755249812923,baseline,hvac_dr_ee
CAMX,2023-01-24 04:00:00,kWh,78.4276374819016,baseline,hvac_dr_ee
CAMX,2023-01-24 05:00:00,kWh,124.0083113233866,baseline,hvac_dr_ee
CAMX,2023-01-24 06:00:00,kWh,140.91590807673015,baseline,hvac_dr_ee
CAMX,2023-01-24 07:00:00,kWh,154.48812641552882,baseline,hvac_dr_ee
CAMX,2023-01-24 08:00:00,kWh,166.44461143944804,baseline,hvac_dr_ee
CAMX,2023-01-24 09:00:00,kWh,158.55137080975854,baseline,hvac_dr_ee
CAMX,2023-01-24 10:00:00,kWh,155.4248471095824,baseline,hvac_dr_ee
CAMX,2023-01-24 11:00:00,kWh,157.34077287139334,baseline,hvac_dr_ee
CAMX,2023-01-24 12:00:00,kWh,161.44461521370783,baseline,hvac_dr_ee
CAMX,2023-01-24 13:00:00,kWh,162.94660892914553,baseline,hvac_dr_ee
CAMX,2023-01-24 14:00:00,kWh,162.34213019590948,baseline,hvac_dr_ee
CAMX,2023-01-24 15:00:00,kWh,162.34077507851066,baseline,hvac_dr_ee
CAMX,2023-01-24 16:00:00,kWh,161.96514799068933,baseline,hvac_dr_ee
CAMX,2023-01-24 17:00:00,kWh,144.89014942468492,baseline,hvac_dr_ee
CAMX,2023-01-24 18:00:00,kWh,122.07493897075231,baseline,hvac_dr_ee
CAMX,2023-01-24 19:00:00,kWh,119.48619259087566,baseline,hvac_dr_ee
CAMX,2023-01-24 20:00:00,kWh,117.00582898353157,baseline,hvac_dr_ee
CAMX,2023-01-24 21:00:00,kWh,117.21495455436953,baseline,hvac_dr_ee
CAMX,2023-01-24 22:00:00,kWh,86.57253615605903,baseline,hvac_dr_ee
CAMX,2023-01-24 23:00:00,kWh,89.1703753154091,baseline,hvac_dr_ee
CAMX,2023-01-25 00:00:00,kWh,79.40499075860498,baseline,hvac_dr_ee
CAMX,2023-01-25 01:00:00,kWh,86.39372436191178,baseline,hvac_dr_ee
CAMX,2023-01-25 02:00:00,kWh,82.97673601214598,baseline,hvac_dr_ee
CAMX,2023-01-25 03:00:00,kWh,76.96628056974728,baseline,hvac_dr_ee
CAMX,2023-01-25 04:00:00,kWh,80.25006048033318,baseline,hvac_dr_ee
CAMX,2023-01-25 05:00:00,kWh,109.64866598028733,baseline,hvac_dr_ee
CAMX,2023-01-25 06:00:00,kWh,133.4652491895096,baseline,hvac_dr_ee
CAMX,2023-01-25 07:00:00,kWh,151.02154509437332,baseline,hvac_dr_ee
CAMX,2023-01-25 08:00:00,kWh,161.2726106166663,baseline,hvac_dr_ee
CAMX,2023-01-25 09:00:00,kWh,151.89104653032814,baseline,hvac_dr_ee
CAMX,2023-01-25 10:00:00,kWh,154.31071531277846,baseline,hvac_dr_ee
CAMX,2023-01-25 11:00:00,kWh,163.35423900692237,baseline,hvac_dr_ee
CAMX,2023-01-25 12:00:00,kWh,168.39567813523584,baseline,hvac_dr_ee
CAMX,2023-01-25 13:00:00,kWh,171.18570261589025,baseline,hvac_dr_ee
CAMX,2023-01-25 14:00:00,kWh,167.0358370615171,baseline,hvac_dr_ee
CAMX,2023-01-25 15:00:00,kWh,166.0418959828745,baseline,hvac_dr_ee
CAMX,2023-01-25 16:00:00,kWh,167.48155727486943,baseline,hvac_dr_ee
CAMX,2023-01-25 17:00:00,kWh,146.5949350827022,baseline,hvac_dr_ee
CAMX,2023-01-25 18:00:00,kWh,121.23478975197679,baseline,hvac_dr_ee
CAMX,2023-01-25 19:00:00,kWh,118.0799628323775,baseline,hvac_dr_ee
CAMX,2023-01-25 20:00:00,kWh,115.67648478832179,baseline,hvac_dr_ee
CAMX,2023-01-25 21:00:00,kWh,115.44116224573423,baseline,hvac_dr_ee
CAMX,2023-01-25 22:00:00,kWh,88.68046275247681,baseline,hvac_dr_ee
CAMX,2023-01-25 23:00:00,kWh,89.80447535479021,baseline,hvac_dr_ee
CAMX,2023-01-26 00:00:00,kWh,80.18002648783965,baseline,hvac_dr_ee
CAMX,2023-01-26 01:00:00,kWh,86.91634351463243,baseline,hvac_dr_ee
CAMX,2023-01-26 02:00:00,kWh,86.33947415927983,baseline,hvac_dr_ee
CAMX,2023-01-26 03:00:00,kWh,80.27398168260783,baseline,hvac_dr_ee
CAMX,2023-01-26 04:00:00,kWh,87.26869365011125,baseline,hvac_dr_ee
CAMX,2023-01-26 05:00:00,kWh,123.55816737273841,baseline,hvac_dr_ee
CAMX,2023-01-26 06:00:00,kWh,137.21696154127523,baseline,hvac_dr_ee
CAMX,2023-01-26 07:00:00,kWh,151.56224483358943,baseline,hvac_dr_ee
CAMX,2023-01-26 08:00:00,kWh,163.08597095504177,baseline,hvac_dr_ee
CAMX,2023-01-26 09:00:00,kWh,155.71213749357165,baseline,hvac_dr_ee
CAMX,2023-01-26 10:00:00,kWh,157.41090262617504,baseline,hvac_dr_ee
CAMX,2023-01-26 11:00:00,kWh,159.0821230487935,baseline,hvac_dr_ee
CAMX,2023-01-26 12:00:00,kWh,162.7640101833386,baseline,hvac_dr_ee
CAMX,2023-01-26 13:00:00,kWh,161.59030516337492,baseline,hvac_dr_ee
CAMX,2023-01-26 14:00:00,kWh,157.55582078278718,baseline,hvac_dr_ee
CAMX,2023-01-26 15:00:00,kWh,156.088193813495,baseline,hvac_dr_ee
CAMX,2023-01-26 16:00:00,kWh,155.34596396684196,baseline,hvac_dr_ee
CAMX,2023-01-26 17:00:00,kWh,143.6790055331859,baseline,hvac_dr_ee
CAMX,2023-01-26 18:00:00,kWh,123.55811465469428,baseline,hvac_dr_ee
CAMX,2023-01-26 19:00:00,kWh,121.4208179694304,baseline,hvac_dr_ee
CAMX,2023-01-26 20:00:00,kWh,119.19593523733786,baseline,hvac_dr_ee
CAMX,2023-01-26 21:00:00,kWh,119.21788114793998,baseline,hvac_dr_ee
CAMX,2023-01-26 22:00:00,kWh,88.23158618315281,baseline,hvac_dr_ee
CAMX,2023-01-26 23:00:00,kWh,89.87113750130695,baseline,hvac_dr_ee
CAMX,2023-01-27 00:00:00,kWh,79.60869948111855,baseline,hvac_dr_ee
CAMX,2023-01-27 01:00:00,kWh,86.74466245807628,baseline,hvac_dr_ee
CAMX,2023-01-27 02:00:00,kWh,86.34131049978268,baseline,hvac_dr_ee
CAMX,2023-01-27 03:00:00,kWh,79.84589215998554,baseline,hvac_dr_ee
CAMX,2023-01-27 04:00:00,kWh,86.45613644023537,baseline,hvac_dr_ee
CAMX,2023-01-27 05:00:00,kWh,131.178603328681,baseline,hvac_dr_ee
CAMX,2023-01-27 06:00:00,kWh,141.59445495169115,baseline,hvac_dr_ee
CAMX,2023-01-27 07:00:00,kWh,155.473053708276,baseline,hvac_dr_ee
CAMX,2023-01-27 08:00:00,kWh,168.34070125169617,baseline,hvac_dr_ee
CAMX,2023-01-27 09:00:00,kWh,158.61777954372423,baseline,hvac_dr_ee
CAMX,2023-01-27 10:00:00,kWh,160.10812054116263,baseline,hvac_dr_ee
CAMX,2023-01-27 11:00:00,kWh,163.35101026824708,baseline,hvac_dr_ee
CAMX,2023-01-27 12:00:00,kWh,166.12699650573836,baseline,hvac_dr_ee
CAMX,2023-01-27 13:00:00,kWh,164.08260985504046,baseline,hvac_dr_ee
CAMX,2023-01-27 14:00:00,kWh,160.80290702119777,baseline,hvac_dr_ee
CAMX,2023-01-27 15:00:00,kWh,162.76498112979465,baseline,hvac_dr_ee
CAMX,2023-01-27 16:00:00,kWh,159.5608396346719,baseline,hvac_dr_ee
CAMX,2023-01-27 17:00:00,kWh,148.13447836512452,baseline,hvac_dr_ee
CAMX,2023-01-27 18:00:00,kWh,126.67244212049938,baseline,hvac_dr_ee
CAMX,2023-01-27 19:00:00,kWh,125.32810865486584,baseline,hvac_dr_ee
CAMX,2023-01-27 20:00:00,kWh,122.74164209978915,baseline,hvac_dr_ee
CAMX,2023-01-27 21:00:00,kWh,122.5068937096602,baseline,hvac_dr_ee
CAMX,2023-01-27 22:00:00,kWh,86.55480843440048,baseline,hvac_dr_ee
CAMX,2023-01-27 23:00:00,kWh,87.35933836292625,baseline,hvac_dr_ee
CAMX,2023-01-28 00:00:00,kWh,76.92467810507343,baseline,hvac_dr_ee
CAMX,2023-01-28 01:00:00,kWh,83.30364521854662,baseline,hvac_dr_ee
CAMX,2023-01-28 02:00:00,kWh,79.95363820880144,baseline,hvac_dr_ee
CAMX,2023-01-28 03:00:00,kWh,73.21594158613902,baseline,hvac_dr_ee
CAMX,2023-01-28 04:00:00,kWh,77.71117621979229,baseline,hvac_dr_ee
CAMX,2023-01-28 05:00:00,kWh,130.4427355975884,baseline,hvac_dr_ee
CAMX,2023-01-28 06:00:00,kWh,137.57624893226185,baseline,hvac_dr_ee
CAMX,2023-01-28 07:00:00,kWh,127.37701592511297,baseline,hvac_dr_ee
CAMX,2023-01-28 08:00:00,kWh,130.0572557058535,baseline,hvac_dr_ee
CAMX,2023-01-28 09:00:00,kWh,128.61702846393183,baseline,hvac_dr_ee
CAMX,2023-01-28 10:00:00,kWh,126.32968408987058,baseline,hvac_dr_ee
CAMX,2023-01-28 11:00:00,kWh,128.46221375205306,baseline,hvac_dr_ee
CAMX,2023-01-28 12:00:00,kWh,121.11818503169899,baseline,hvac_dr_ee
CAMX,2023-01-28 13:00:00,kWh,119.64590145698554,baseline,hvac_dr_ee
CAMX,2023-01-28 14:00:00,kWh,117.25342796568547,baseline,hvac_dr_ee
CAMX,2023-01-28 15:00:00,kWh,113.92218551306001,baseline,hvac_dr_ee
CAMX,2023-01-28 16:00:00,kWh,112.75211127892071,baseline,hvac_dr_ee
CAMX,2023-01-28 17:00:00,kWh,98.0770510848517,baseline,hvac_dr_ee
CAMX,2023-01-28 18:00:00,kWh,73.62871160186975,baseline,hvac_dr_ee
CAMX,2023-01-28 19:00:00,kWh,74.23714189889809,baseline,hvac_dr_ee
CAMX,2023-01-28 20:00:00,kWh,76.26821255189843,baseline,hvac_dr_ee
CAMX,2023-01-28 21:00:00,kWh,80.59388128011135,baseline,hvac_dr_ee
CAMX,2023-01-28 22:00:00,kWh,73.83183170122544,baseline,hvac_dr_ee
CAMX,2023-01-28 23:00:00,kWh,73.65177802769557,baseline,hvac_dr_ee
CAMX,2023-01-29 00:00:00,kWh,77.4486048773721,baseline,hvac_dr_ee
CAMX,2023-01-29 01:00:00,kWh,67.9734676627507,baseline,hvac_dr_ee
CAMX,2023-01-29 02:00:00,kWh,65.34648677244832,baseline,hvac_dr_ee
CAMX,2023-01-29 03:00:00,kWh,67.33012207087285,baseline,hvac_dr_ee
CAMX,2023-01-29 04:00:00,kWh,73.05196916047086,baseline,hvac_dr_ee
CAMX,2023-01-29 05:00:00,kWh,66.24619597047057,baseline,hvac_dr_ee
CAMX,2023-01-29 06:00:00,kWh,76.88154715517294,baseline,hvac_dr_ee
CAMX,2023-01-29 07:00:00,kWh,78.19913545834628,baseline,hvac_dr_ee
CAMX,2023-01-29 08:00:00,kWh,71.74631258001959,baseline,hvac_dr_ee
CAMX,2023-01-29 09:00:00,kWh,77.8092017044216,baseline,hvac_dr_ee
CAMX,2023-01-29 10:00:00,kWh,79.70985500831415,baseline,hvac_dr_ee
CAMX,2023-01-29 11:00:00,kWh,76.73809792397583,baseline,hvac_dr_ee
CAMX,2023-01-29 12:00:00,kWh,81.42016340720565,baseline,hvac_dr_ee
CAMX,2023-01-29 13:00:00,kWh,89.75029241775385,baseline,hvac_dr_ee
CAMX,2023-01-29 14:00:00,kWh,94.16623429178304,baseline,hvac_dr_ee
CAMX,2023-01-29 15:00:00,kWh,94.45813668819905,baseline,hvac_dr_ee
CAMX,2023-01-29 16:00:00,kWh,87.25837197830687,baseline,hvac_dr_ee
CAMX,2023-01-29 17:00:00,kWh,87.492707332415,baseline,hvac_dr_ee
CAMX,2023-01-29 18:00:00,kWh,71.36383467732145,baseline,hvac_dr_ee
CAMX,2023-01-29 19:00:00,kWh,67.87198881410679,baseline,hvac_dr_ee
CAMX,2023-01-29 20:00:00,kWh,64.72654408666148,baseline,hvac_dr_ee
CAMX,2023-01-29 21:00:00,kWh,69.41885776818107,baseline,hvac_dr_ee
CAMX,2023-01-29 22:00:00,kWh,71.51683676357882,baseline,hvac_dr_ee
CAMX,2023-01-29 23:00:00,kWh,65.13882297459551,baseline,hvac_dr_ee
CAMX,2023-01-30 00:00:00,kWh,71.02740079631012,baseline,hvac_dr_ee
CAMX,2023-01-30 01:00:00,kWh,71.33189054488493,baseline,hvac_dr_ee
CAMX,2023-01-30 02:00:00,kWh,68.13552714455528,baseline,hvac_dr_ee
CAMX,2023-01-30 03:00:00,kWh,69.96155998366842,baseline,hvac_dr_ee
CAMX,2023-01-30 04:00:00,kWh,85.04214181651585,baseline,hvac_dr_ee
CAMX,2023-01-30 05:00:00,kWh,143.16824390721607,baseline,hvac_dr_ee
CAMX,2023-01-30 06:00:00,kWh,152.66513051902393,baseline,hvac_dr_ee
CAMX,2023-01-30 07:00:00,kWh,165.06757789585623,baseline,hvac_dr_ee
CAMX,2023-01-30 08:00:00,kWh,171.15034449856785,baseline,hvac_dr_ee
CAMX,2023-01-30 09:00:00,kWh,158.92353133304772,baseline,hvac_dr_ee
CAMX,2023-01-30 10:00:00,kWh,156.30719156388594,baseline,hvac_dr_ee
CAMX,2023-01-30 11:00:00,kWh,161.11010130769142,baseline,hvac_dr_ee
CAMX,2023-01-30 12:00:00,kWh,168.0370003924853,baseline,hvac_dr_ee
CAMX,2023-01-30 13:00:00,kWh,174.00148508106219,baseline,hvac_dr_ee
CAMX,2023-01-30 14:00:00,kWh,171.1301906367987,baseline,hvac_dr_ee
CAMX,2023-01-30 15:00:00,kWh,163.66660292957485,baseline,hvac_dr_ee
CAMX,2023-01-30 16:00:00,kWh,164.97802133833676,baseline,hvac_dr_ee
CAMX,2023-01-30 17:00:00,kWh,145.53480413529638,baseline,hvac_dr_ee
CAMX,2023-01-30 18:00:00,kWh,121.71461606245856,baseline,hvac_dr_ee
CAMX,2023-01-30 19:00:00,kWh,120.32172903087233,baseline,hvac_dr_ee
CAMX,2023-01-30 20:00:00,kWh,118.57600329913899,baseline,hvac_dr_ee
CAMX,2023-01-30 21:00:00,kWh,118.79699716124071,baseline,hvac_dr_ee
CAMX,2023-01-30 22:00:00,kWh,85.14323271417976,baseline,hvac_dr_ee
CAMX,2023-01-30 23:00:00,kWh,87.44131079091032,baseline,hvac_dr_ee
CAMX,2023-01-31 00:00:00,kWh,79.9024462334601,baseline,hvac_dr_ee
CAMX,2023-01-31 01:00:00,kWh,79.75263584606671,baseline,hvac_dr_ee
CAMX,2023-01-31 02:00:00,kWh,81.6770020305428,baseline,hvac_dr_ee
CAMX,2023-01-31 03:00:00,kWh,72.50069454820462,baseline,hvac_dr_ee
CAMX,2023-01-31 04:00:00,kWh,77.22612277041507,baseline,hvac_dr_ee
CAMX,2023-01-31 05:00:00,kWh,122.40543509618847,baseline,hvac_dr_ee
CAMX,2023-01-31 06:00:00,kWh,141.05554161928586,baseline,hvac_dr_ee
CAMX,2023-01-31 07:00:00,kWh,157.48962275491874,baseline,hvac_dr_ee
CAMX,2023-01-31 08:00:00,kWh,171.91472194856365,baseline,hvac_dr_ee
CAMX,2023-01-31 09:00:00,kWh,155.0223043937151,baseline,hvac_dr_ee
CAMX,2023-01-31 10:00:00,kWh,153.77744644964503,baseline,hvac_dr_ee
CAMX,2023-01-31 11:00:00,kWh,157.74941742438736,baseline,hvac_dr_ee
CAMX,2023-01-31 12:00:00,kWh,160.16311115752222,baseline,hvac_dr_ee
CAMX,2023-01-31 13:00:00,kWh,160.85609428120716,baseline,hvac_dr_ee
CAMX,2023-01-31 14:00:00,kWh,160.1394210570056,baseline,hvac_dr_ee
CAMX,2023-01-31 15:00:00,kWh,160.52810353373943,baseline,hvac_dr_ee
CAMX,2023-01-31 16:00:00,kWh,160.73164605394572,baseline,hvac_dr_ee
CAMX,2023-01-31 17:00:00,kWh,143.65763530492768,baseline,hvac_dr_ee
CAMX,2023-01-31 18:00:00,kWh,123.54769900033891,baseline,hvac_dr_ee
CAMX,2023-01-31 19:00:00,kWh,121.52794793358882,baseline,hvac_dr_ee
CAMX,2023-01-31 20:00:00,kWh,116.51944230944257,baseline,hvac_dr_ee
CAMX,2023-01-31 21:00:00,kWh,115.12789327503921,baseline,hvac_dr_ee
CAMX,2023-01-31 22:00:00,kWh,86.95795429559607,baseline,hvac_dr_ee
CAMX,2023-01-31 23:00:00,kWh,89.999175968271,baseline,hvac_dr_ee
CAMX,2023-02-01 00:00:00,kWh,80.425974394832,baseline,hvac_dr_ee
CAMX,2023-02-01 01:00:00,kWh,86.96602648103055,baseline,hvac_dr_ee
CAMX,2023-02-01 02:00:00,kWh,86.7204681679486,baseline,hvac_dr_ee
CAMX,2023-02-01 03:00:00,kWh,80.33097655429036,baseline,hvac_dr_ee
CAMX,2023-02-01 04:00:00,kWh,88.15808450895852,baseline,hvac_dr_ee
CAMX,2023-02-01 05:00:00,kWh,125.60596401179643,baseline,hvac_dr_ee
CAMX,2023-02-01 06:00:00,kWh,144.30469241147762,baseline,hvac_dr_ee
CAMX,2023-02-01 07:00:00,kWh,162.87641611943667,baseline,hvac_dr_ee
CAMX,2023-02-01 08:00:00,kWh,178.0740427487106,baseline,hvac_dr_ee
CAMX,2023-02-01 09:00:00,kWh,165.13524989290977,baseline,hvac_dr_ee
CAMX,2023-02-01 10:00:00,kWh,163.9278278120138,baseline,hvac_dr_ee
CAMX,2023-02-01 11:00:00,kWh,163.69202454096856,baseline,hvac_dr_ee
CAMX,2023-02-01 12:00:00,kWh,161.4850443686065,baseline,hvac_dr_ee
CAMX,2023-02-01 13:00:00,kWh,161.87269985296024,baseline,hvac_dr_ee
CAMX,2023-02-01 14:00:00,kWh,157.67868055214686,baseline,hvac_dr_ee
CAMX,2023-02-01 15:00:00,kWh,157.52798422439088,baseline,hvac_dr_ee
CAMX,2023-02-01 16:00:00,kWh,158.35525316948207,baseline,hvac_dr_ee
CAMX,2023-02-01 17:00:00,kWh,141.92302116079642,baseline,hvac_dr_ee
CAMX,2023-02-01 18:00:00,kWh,122.2021971889673,baseline,hvac_dr_ee
CAMX,2023-02-01 19:00:00,kWh,121.48611451845491,baseline,hvac_dr_ee
CAMX,2023-02-01 20:00:00,kWh,119.94587961107115,baseline,hvac_dr_ee
CAMX,2023-02-01 21:00:00,kWh,120.56676535032264,baseline,hvac_dr_ee
CAMX,2023-02-01 22:00:00,kWh,87.09570974692107,baseline,hvac_dr_ee
CAMX,2023-02-01 23:00:00,kWh,90.23243868414622,baseline,hvac_dr_ee
CAMX,2023-02-02 00:00:00,kWh,80.71036770340532,baseline,hvac_dr_ee
CAMX,2023-02-02 01:00:00,kWh,87.30244490623105,baseline,hvac_dr_ee
CAMX,2023-02-02 02:00:00,kWh,86.7853162909121,baseline,hvac_dr_ee
CAMX,2023-02-02 03:00:00,kWh,77.48336142823214,baseline,hvac_dr_ee
CAMX,2023-02-02 04:00:00,kWh,87.86829554280317,baseline,hvac_dr_ee
CAMX,2023-02-02 05:00:00,kWh,129.24656206948492,baseline,hvac_dr_ee
CAMX,2023-02-02 06:00:00,kWh,146.2851149200998,baseline,hvac_dr_ee
CAMX,2023-02-02 07:00:00,kWh,160.474165876134,baseline,hvac_dr_ee
CAMX,2023-02-02 08:00:00,kWh,171.02958465214064,baseline,hvac_dr_ee
CAMX,2023-02-02 09:00:00,kWh,158.9901656009617,baseline,hvac_dr_ee
CAMX,2023-02-02 10:00:00,kWh,157.71275425719085,baseline,hvac_dr_ee
CAMX,2023-02-02 11:00:00,kWh,160.57424276233624,baseline,hvac_dr_ee
CAMX,2023-02-02 12:00:00,kWh,164.38868475479958,baseline,hvac_dr_ee
CAMX,2023-02-02 13:00:00,kWh,161.92407944579358,baseline,hvac_dr_ee
CAMX,2023-02-02 14:00:00,kWh,156.30405438342086,baseline,hvac_dr_ee
CAMX,2023-02-02 15:00:00,kWh,154.90077337757475,baseline,hvac_dr_ee
CAMX,2023-02-02 16:00:00,kWh,156.83561773711395,baseline,hvac_dr_ee
CAMX,2023-02-02 17:00:00,kWh,143.40645058582126,baseline,hvac_dr_ee
CAMX,2023-02-02 18:00:00,kWh,122.39802775372125,baseline,hvac_dr_ee
CAMX,2023-02-02 19:00:00,kWh,121.09984244925566,baseline,hvac_dr_ee
CAMX,2023-02-02 20:00:00,kWh,118.96707335217346,baseline,hvac_dr_ee
CAMX,2023-02-02 21:00:00,kWh,119.27366568495643,baseline,hvac_dr_ee
CAMX,2023-02-02 22:00:00,kWh,87.75309263454463,baseline,hvac_dr_ee
CAMX,2023-02-02 23:00:00,kWh,89.91081098616766,baseline,hvac_dr_ee
CAMX,2023-02-03 00:00:00,kWh,80.25956189736374,baseline,hvac_dr_ee
CAMX,2023-02-03 01:00:00,kWh,84.72956317501371,baseline,hvac_dr_ee
CAMX,2023-02-03 02:00:00,kWh,86.96337720417671,baseline,hvac_dr_ee
CAMX,2023-02-03 03:00:00,kWh,76.84203432039168,baseline,hvac_dr_ee
CAMX,2023-02-03 04:00:00,kWh,81.12648909228767,baseline,hvac_dr_ee
CAMX,2023-02-03 05:00:00,kWh,125.67289295114774,baseline,hvac_dr_ee
CAMX,2023-02-03 06:00:00,kWh,141.54348323125527,baseline,hvac_dr_ee
CAMX,2023-02-03 07:00:00,kWh,157.6559063692396,baseline,hvac_dr_ee
CAMX,2023-02-03 08:00:00,kWh,171.32222505882,baseline,hvac_dr_ee
CAMX,2023-02-03 09:00:00,kWh,160.16786818511355,baseline,hvac_dr_ee
CAMX,2023-02-03 10:00:00,kWh,160.01433912293987,baseline,hvac_dr_ee
CAMX,2023-02-03 11:00:00,kWh,157.79003427364728,baseline,hvac_dr_ee
CAMX,2023-02-03 12:00:00,kWh,161.87735425434602,baseline,hvac_dr_ee
CAMX,2023-02-03 13:00:00,kWh,162.52033166827934,baseline,hvac_dr_ee
CAMX,2023-02-03 14:00:00,kWh,159.99109856867057,baseline,hvac_dr_ee
CAMX,2023-02-03 15:00:00,kWh,158.39185018050628,baseline,hvac_dr_ee
CAMX,2023-02-03 16:00:00,kWh,161.37411812093765,baseline,hvac_dr_ee
CAMX,2023-02-03 17:00:00,kWh,146.76640523916,baseline,hvac_dr_ee
CAMX,2023-02-03 18:00:00,kWh,122.22914331952497,baseline,hvac_dr_ee
CAMX,2023-02-03 19:00:00,kWh,119.55851593406432,baseline,hvac_dr_ee
CAMX,2023-02-03 20:00:00,kWh,117.75329246355106,baseline,hvac_dr_ee
CAMX,2023-02-03 21:00:00,kWh,117.82748413202665,baseline,hvac_dr_ee
CAMX,2023-02-03 22:00:00,kWh,87.3031553712385,baseline,hvac_dr_ee
CAMX,2023-02-03 23:00:00,kWh,90.16965441808797,baseline,hvac_dr_ee
CAMX,2023-02-04 00:00:00,kWh,76.79656252933323,baseline,hvac_dr_ee
CAMX,2023-02-04 01:00:00,kWh,80.7381115175195,baseline,hvac_dr_ee
CAMX,2023-02-04 02:00:00,kWh,80.0295490572284,baseline,hvac_dr_ee
CAMX,2023-02-04 03:00:00,kWh,72.63391739436389,baseline,hvac_dr_ee
CAMX,2023-02-04 04:00:00,kWh,76.09026375592128,baseline,hvac_dr_ee
CAMX,2023-02-04 05:00:00,kWh,123.24666171298583,baseline,hvac_dr_ee
CAMX,2023-02-04 06:00:00,kWh,132.63150396036264,baseline,hvac_dr_ee
CAMX,2023-02-04 07:00:00,kWh,123.71628029971559,baseline,hvac_dr_ee
CAMX,2023-02-04 08:00:00,kWh,126.50796716090548,baseline,hvac_dr_ee
CAMX,2023-02-04 09:00:00,kWh,126.15574078581743,baseline,hvac_dr_ee
CAMX,2023-02-04 10:00:00,kWh,125.46806481173925,baseline,hvac_dr_ee
CAMX,2023-02-04 11:00:00,kWh,126.78350885379162,baseline,hvac_dr_ee
CAMX,2023-02-04 12:00:00,kWh,118.07540305499407,baseline,hvac_dr_ee
CAMX,2023-02-04 13:00:00,kWh,116.19182625231173,baseline,hvac_dr_ee
CAMX,2023-02-04 14:00:00,kWh,116.66297968621689,baseline,hvac_dr_ee
CAMX,2023-02-04 15:00:00,kWh,115.87620583861354,baseline,hvac_dr_ee
CAMX,2023-02-04 16:00:00,kWh,115.97565306641206,baseline,hvac_dr_ee
CAMX,2023-02-04 17:00:00,kWh,100.13954110287135,baseline,hvac_dr_ee
CAMX,2023-02-04 18:00:00,kWh,74.11389051946237,baseline,hvac_dr_ee
CAMX,2023-02-04 19:00:00,kWh,78.57426521464411,baseline,hvac_dr_ee
CAMX,2023-02-04 20:00:00,kWh,72.88244352527995,baseline,hvac_dr_ee
CAMX,2023-02-04 21:00:00,kWh,78.64643907507921,baseline,hvac_dr_ee
CAMX,2023-02-04 22:00:00,kWh,78.30080110663987,baseline,hvac_dr_ee
CAMX,2023-02-04 23:00:00,kWh,72.28306875789872,baseline,hvac_dr_ee
CAMX,2023-02-05 00:00:00,kWh,73.32850659601854,baseline,hvac_dr_ee
CAMX,2023-02-05 01:00:00,kWh,68.50880740609176,baseline,hvac_dr_ee
CAMX,2023-02-05 02:00:00,kWh,65.25716985986503,baseline,hvac_dr_ee
CAMX,2023-02-05 03:00:00,kWh,73.15020779807321,baseline,hvac_dr_ee
CAMX,2023-02-05 04:00:00,kWh,69.04123438915335,baseline,hvac_dr_ee
CAMX,2023-02-05 05:00:00,kWh,65.19180702774574,baseline,hvac_dr_ee
CAMX,2023-02-05 06:00:00,kWh,79.39012581831948,baseline,hvac_dr_ee
CAMX,2023-02-05 07:00:00,kWh,73.65680646894947,baseline,hvac_dr_ee
CAMX,2023-02-05 08:00:00,kWh,71.52034019155819,baseline,hvac_dr_ee
CAMX,2023-02-05 09:00:00,kWh,81.54076644400195,baseline,hvac_dr_ee
CAMX,2023-02-05 10:00:00,kWh,73.18775078595125,baseline,hvac_dr_ee
CAMX,2023-02-05 11:00:00,kWh,78.72722279985913,baseline,hvac_dr_ee
CAMX,2023-02-05 12:00:00,kWh,90.69684497371074,baseline,hvac_dr_ee
CAMX,2023-02-05 13:00:00,kWh,95.94600228040657,baseline,hvac_dr_ee
CAMX,2023-02-05 14:00:00,kWh,86.91997926207817,baseline,hvac_dr_ee
CAMX,2023-02-05 15:00:00,kWh,92.7045318426648,baseline,hvac_dr_ee
CAMX,2023-02-05 16:00:00,kWh,91.30805721502463,baseline,hvac_dr_ee
CAMX,2023-02-05 17:00:00,kWh,70.4096498372235,baseline,hvac_dr_ee
CAMX,2023-02-05 18:00:00,kWh,67.31882139221493,baseline,hvac_dr_ee
CAMX,2023-02-05 19:00:00,kWh,67.64562728010932,baseline,hvac_dr_ee
CAMX,2023-02-05 20:00:00,kWh,74.66569201340596,baseline,hvac_dr_ee
CAMX,2023-02-05 21:00:00,kWh,77.95401506780865,baseline,hvac_dr_ee
CAMX,2023-02-05 22:00:00,kWh,67.87483558743014,baseline,hvac_dr_ee
CAMX,2023-02-05 23:00:00,kWh,68.26823792408678,baseline,hvac_dr_ee
CAMX,2023-02-06 00:00:00,kWh,75.73590719210334,baseline,hvac_dr_ee
CAMX,2023-02-06 01:00:00,kWh,70.18750532735775,baseline,hvac_dr_ee
CAMX,2023-02-06 02:00:00,kWh,69.00805383178084,baseline,hvac_dr_ee
CAMX,2023-02-06 03:00:00,kWh,74.3993734249959,baseline,hvac_dr_ee
CAMX,2023-02-06 04:00:00,kWh,70.90302334278606,baseline,hvac_dr_ee
CAMX,2023-02-06 05:00:00,kWh,135.03557073951694,baseline,hvac_dr_ee
CAMX,2023-02-06 06:00:00,kWh,145.9243375383003,baseline,hvac_dr_ee
CAMX,2023-02-06 07:00:00,kWh,156.75033757996135,baseline,hvac_dr_ee
CAMX,2023-02-06 08:00:00,kWh,163.4233573997054,baseline,hvac_dr_ee
CAMX,2023-02-06 09:00:00,kWh,153.53328484833813,baseline,hvac_dr_ee
CAMX,2023-02-06 10:00:00,kWh,154.72586135516764,baseline,hvac_dr_ee
CAMX,2023-02-06 11:00:00,kWh,161.04235139155367,baseline,hvac_dr_ee
CAMX,2023-02-06 12:00:00,kWh,164.80212168730708,baseline,hvac_dr_ee
CAMX,2023-02-06 13:00:00,kWh,168.50492789076196,baseline,hvac_dr_ee
CAMX,2023-02-06 14:00:00,kWh,164.7139388331903,baseline,hvac_dr_ee
CAMX,2023-02-06 15:00:00,kWh,163.29763775342832,baseline,hvac_dr_ee
CAMX,2023-02-06 16:00:00,kWh,163.8207947116717,baseline,hvac_dr_ee
CAMX,2023-02-06 17:00:00,kWh,143.56255616031348,baseline,hvac_dr_ee
CAMX,2023-02-06 18:00:00,kWh,120.34303761605621,baseline,hvac_dr_ee
CAMX,2023-02-06 19:00:00,kWh,117.5537963291229,baseline,hvac_dr_ee
CAMX,2023-02-06 20:00:00,kWh,115.48686937217396,baseline,hvac_dr_ee
CAMX,2023-02-06 21:00:00,kWh,115.9079876602735,baseline,hvac_dr_ee
CAMX,2023-02-06 22:00:00,kWh,85.53882933822632,baseline,hvac_dr_ee
CAMX,2023-02-06 23:00:00,kWh,86.92648055402788,baseline,hvac_dr_ee
CAMX,2023-02-07 00:00:00,kWh,80.41429506774999,baseline,hvac_dr_ee
CAMX,2023-02-07 01:00:00,kWh,83.45972377727703,baseline,hvac_dr_ee
CAMX,2023-02-07 02:00:00,kWh,82.26469453932609,baseline,hvac_dr_ee
CAMX,2023-02-07 03:00:00,kWh,76.40494822155404,baseline,hvac_dr_ee
CAMX,2023-02-07 04:00:00,kWh,78.0275390463234,baseline,hvac_dr_ee
CAMX,2023-02-07 05:00:00,kWh,124.1340899123981,baseline,hvac_dr_ee
CAMX,2023-02-07 06:00:00,kWh,136.50070377129182,baseline,hvac_dr_ee
CAMX,2023-02-07 07:00:00,kWh,149.5729356703154,baseline,hvac_dr_ee
CAMX,2023-02-07 08:00:00,kWh,162.07345489728658,baseline,hvac_dr_ee
CAMX,2023-02-07 09:00:00,kWh,154.4736263538014,baseline,hvac_dr_ee
CAMX,2023-02-07 10:00:00,kWh,157.48544222789172,baseline,hvac_dr_ee
CAMX,2023-02-07 11:00:00,kWh,160.16692005647405,baseline,hvac_dr_ee
CAMX,2023-02-07 12:00:00,kWh,159.864378696818,baseline,hvac_dr_ee
CAMX,2023-02-07 13:00:00,kWh,159.10020706809647,baseline,hvac_dr_ee
CAMX,2023-02-07 14:00:00,kWh,155.37182044455426,baseline,hvac_dr_ee
CAMX,2023-02-07 15:00:00,kWh,156.6364112338657,baseline,hvac_dr_ee
CAMX,2023-02-07 16:00:00,kWh,159.65041475696694,baseline,hvac_dr_ee
CAMX,2023-02-07 17:00:00,kWh,144.5585288056259,baseline,hvac_dr_ee
CAMX,2023-02-07 18:00:00,kWh,123.24089841053218,baseline,hvac_dr_ee
CAMX,2023-02-07 19:00:00,kWh,120.15481989206853,baseline,hvac_dr_ee
CAMX,2023-02-07 20:00:00,kWh,117.21272654041361,baseline,hvac_dr_ee
CAMX,2023-02-07 21:00:00,kWh,116.44177154061623,baseline,hvac_dr_ee
CAMX,2023-02-07 22:00:00,kWh,87.83035112762747,baseline,hvac_dr_ee
CAMX,2023-02-07 23:00:00,kWh,89.76277326433404,baseline,hvac_dr_ee
CAMX,2023-02-08 00:00:00,kWh,80.19544177012077,baseline,hvac_dr_ee
CAMX,2023-02-08 01:00:00,kWh,86.34359401559755,baseline,hvac_dr_ee
CAMX,2023-02-08 02:00:00,kWh,86.20743845578345,baseline,hvac_dr_ee
CAMX,2023-02-08 03:00:00,kWh,80.15273994229425,baseline,hvac_dr_ee
CAMX,2023-02-08 04:00:00,kWh,86.40778152363643,baseline,hvac_dr_ee
CAMX,2023-02-08 05:00:00,kWh,113.91111463699339,baseline,hvac_dr_ee
CAMX,2023-02-08 06:00:00,kWh,134.58943610104023,baseline,hvac_dr_ee
CAMX,2023-02-08 07:00:00,kWh,147.40273914218574,baseline,hvac_dr_ee
CAMX,2023-02-08 08:00:00,kWh,159.9442265643089,baseline,hvac_dr_ee
CAMX,2023-02-08 09:00:00,kWh,154.42580140946146,baseline,hvac_dr_ee
CAMX,2023-02-08 10:00:00,kWh,157.5160608736973,baseline,hvac_dr_ee
CAMX,2023-02-08 11:00:00,kWh,162.19202379918855,baseline,hvac_dr_ee
CAMX,2023-02-08 12:00:00,kWh,164.4864988581356,baseline,hvac_dr_ee
CAMX,2023-02-08 13:00:00,kWh,166.86548338029561,baseline,hvac_dr_ee
CAMX,2023-02-08 14:00:00,kWh,159.196085524294,baseline,hvac_dr_ee
CAMX,2023-02-08 15:00:00,kWh,159.54178732902844,baseline,hvac_dr_ee
CAMX,2023-02-08 16:00:00,kWh,160.10770444270327,baseline,hvac_dr_ee
CAMX,2023-02-08 17:00:00,kWh,142.5699682471471,baseline,hvac_dr_ee
CAMX,2023-02-08 18:00:00,kWh,121.72770965485395,baseline,hvac_dr_ee
CAMX,2023-02-08 19:00:00,kWh,118.78784885714549,baseline,hvac_dr_ee
CAMX,2023-02-08 20:00:00,kWh,116.09511516356571,baseline,hvac_dr_ee
CAMX,2023-02-08 21:00:00,kWh,115.33910310985036,baseline,hvac_dr_ee
CAMX,2023-02-08 22:00:00,kWh,88.8204657605034,baseline,hvac_dr_ee
CAMX,2023-02-08 23:00:00,kWh,89.84676326823157,baseline,hvac_dr_ee
CAMX,2023-02-09 00:00:00,kWh,80.24566950383894,baseline,hvac_dr_ee
CAMX,2023-02-09 01:00:00,kWh,86.97970935182286,baseline,hvac_dr_ee
CAMX,2023-02-09 02:00:00,kWh,86.94179108855356,baseline,hvac_dr_ee
CAMX,2023-02-09 03:00:00,kWh,80.13401504338371,baseline,hvac_dr_ee
CAMX,2023-02-09 04:00:00,kWh,86.6953805786712,baseline,hvac_dr_ee
CAMX,2023-02-09 05:00:00,kWh,99.13756847248183,baseline,hvac_dr_ee
CAMX,2023-02-09 06:00:00,kWh,134.48560204051915,baseline,hvac_dr_ee
CAMX,2023-02-09 07:00:00,kWh,148.8049655822363,baseline,hvac_dr_ee
CAMX,2023-02-09 08:00:00,kWh,162.18296241686758,baseline,hvac_dr_ee
CAMX,2023-02-09 09:00:00,kWh,154.86920054064385,baseline,hvac_dr_ee
CAMX,2023-02-09 10:00:00,kWh,156.13980070121585,baseline,hvac_dr_ee
CAMX,2023-02-09 11:00:00,kWh,160.14429472094704,baseline,hvac_dr_ee
CAMX,2023-02-09 12:00:00,kWh,166.26346837565262,baseline,hvac_dr_ee
CAMX,2023-02-09 13:00:00,kWh,163.86752537825404,baseline,hvac_dr_ee
CAMX,2023-02-09 14:00:00,kWh,158.34979435946246,baseline,hvac_dr_ee
CAMX,2023-02-09 15:00:00,kWh,158.01528228380047,baseline,hvac_dr_ee
CAMX,2023-02-09 16:00:00,kWh,159.36246406175664,baseline,hvac_dr_ee
CAMX,2023-02-09 17:00:00,kWh,147.53618860906764,baseline,hvac_dr_ee
CAMX,2023-02-09 18:00:00,kWh,128.06423210360308,baseline,hvac_dr_ee
CAMX,2023-02-09 19:00:00,kWh,126.23261339123448,baseline,hvac_dr_ee
CAMX,2023-02-09 20:00:00,kWh,123.46894480816465,baseline,hvac_dr_ee
CAMX,2023-02-09 21:00:00,kWh,122.92390285373874,baseline,hvac_dr_ee
CAMX,2023-02-09 22:00:00,kWh,86.99403972071312,baseline,hvac_dr_ee
CAMX,2023-02-09 23:00:00,kWh,89.5939145491227,baseline,hvac_dr_ee
CAMX,2023-02-10 00:00:00,kWh,79.8680765661135,baseline,hvac_dr_ee
CAMX,2023-02-10 01:00:00,kWh,87.07111003553409,baseline,hvac_dr_ee
CAMX,2023-02-10 02:00:00,kWh,86.50580001726863,baseline,hvac_dr_ee
CAMX,2023-02-10 03:00:00,kWh,80.09718239846548,baseline,hvac_dr_ee
CAMX,2023-02-10 04:00:00,kWh,87.94556196230198,baseline,hvac_dr_ee
CAMX,2023-02-10 05:00:00,kWh,138.8364173261931,baseline,hvac_dr_ee
CAMX,2023-02-10 06:00:00,kWh,148.3400947403425,baseline,hvac_dr_ee
CAMX,2023-02-10 07:00:00,kWh,161.67216160231897,baseline,hvac_dr_ee
CAMX,2023-02-10 08:00:00,kWh,173.32336438659652,baseline,hvac_dr_ee
CAMX,2023-02-10 09:00:00,kWh,160.35289997450326,baseline,hvac_dr_ee
CAMX,2023-02-10 10:00:00,kWh,157.45131448373127,baseline,hvac_dr_ee
CAMX,2023-02-10 11:00:00,kWh,155.1078904452659,baseline,hvac_dr_ee
CAMX,2023-02-10 12:00:00,kWh,159.1487326492472,baseline,hvac_dr_ee
CAMX,2023-02-10 13:00:00,kWh,155.4321392741793,baseline,hvac_dr_ee
CAMX,2023-02-10 14:00:00,kWh,150.40068299681806,baseline,hvac_dr_ee
CAMX,2023-02-10 15:00:00,kWh,151.75800328253408,baseline,hvac_dr_ee
CAMX,2023-02-10 16:00:00,kWh,157.2710951316107,baseline,hvac_dr_ee
CAMX,2023-02-10 17:00:00,kWh,144.85583556152127,baseline,hvac_dr_ee
CAMX,2023-02-10 18:00:00,kWh,123.00458204969608,baseline,hvac_dr_ee
CAMX,2023-02-10 19:00:00,kWh,121.34622780180297,baseline,hvac_dr_ee
CAMX,2023-02-10 20:00:00,kWh,119.79985924638022,baseline,hvac_dr_ee
CAMX,2023-02-10 21:00:00,kWh,120.15795873813539,baseline,hvac_dr_ee
CAMX,2023-02-10 22:00:00,kWh,86.73733502916538,baseline,hvac_dr_ee
CAMX,2023-02-10 23:00:00,kWh,89.39147542391,baseline,hvac_dr_ee
CAMX,2023-02-11 00:00:00,kWh,76.39974631950807,baseline,hvac_dr_ee
CAMX,2023-02-11 01:00:00,kWh,80.05177622977854,baseline,hvac_dr_ee
CAMX,2023-02-11 02:00:00,kWh,79.86392338505463,baseline,hvac_dr_ee
CAMX,2023-02-11 03:00:00,kWh,72.70499849504728,baseline,hvac_dr_ee
CAMX,2023-02-11 04:00:00,kWh,75.97775187348867,baseline,hvac_dr_ee
CAMX,2023-02-11 05:00:00,kWh,128.55560197748474,baseline,hvac_dr_ee
CAMX,2023-02-11 06:00:00,kWh,137.33539573070834,baseline,hvac_dr_ee
CAMX,2023-02-11 07:00:00,kWh,129.04829709288492,baseline,hvac_dr_ee
CAMX,2023-02-11 08:00:00,kWh,130.8591995778281,baseline,hvac_dr_ee
CAMX,2023-02-11 09:00:00,kWh,127.36391861100785,baseline,hvac_dr_ee
CAMX,2023-02-11 10:00:00,kWh,125.68157482534382,baseline,hvac_dr_ee
CAMX,2023-02-11 11:00:00,kWh,129.7852176050774,baseline,hvac_dr_ee
CAMX,2023-02-11 12:00:00,kWh,123.74817681202077,baseline,hvac_dr_ee
CAMX,2023-02-11 13:00:00,kWh,121.43918723118574,baseline,hvac_dr_ee
CAMX,2023-02-11 14:00:00,kWh,118.46420476409664,baseline,hvac_dr_ee
CAMX,2023-02-11 15:00:00,kWh,116.72285092542839,baseline,hvac_dr_ee
CAMX,2023-02-11 16:00:00,kWh,118.42929473943965,baseline,hvac_dr_ee
CAMX,2023-02-11 17:00:00,kWh,103.83728088174749,baseline,hvac_dr_ee
CAMX,2023-02-11 18:00:00,kWh,69.44386935451502,baseline,hvac_dr_ee
CAMX,2023-02-11 19:00:00,kWh,74.05669695659552,baseline,hvac_dr_ee
CAMX,2023-02-11 20:00:00,kWh,76.2455708592814,baseline,hvac_dr_ee
CAMX,2023-02-11 21:00:00,kWh,77.96110111731744,baseline,hvac_dr_ee
CAMX,2023-02-11 22:00:00,kWh,72.31038388588769,baseline,hvac_dr_ee
CAMX,2023-02-11 23:00:00,kWh,73.24912969620031,baseline,hvac_dr_ee
CAMX,2023-02-12 00:00:00,kWh,67.98343926737911,baseline,hvac_dr_ee
CAMX,2023-02-12 01:00:00,kWh,64.76782690172301,baseline,hvac_dr_ee
CAMX,2023-02-12 02:00:00,kWh,68.11774376613651,baseline,hvac_dr_ee
CAMX,2023-02-12 03:00:00,kWh,70.51303514063292,baseline,hvac_dr_ee
CAMX,2023-02-12 04:00:00,kWh,65.3272280066465,baseline,hvac_dr_ee
CAMX,2023-02-12 05:00:00,kWh,70.45008977039063,baseline,hvac_dr_ee
CAMX,2023-02-12 06:00:00,kWh,73.84806733463725,baseline,hvac_dr_ee
CAMX,2023-02-12 07:00:00,kWh,76.68874638704153,baseline,hvac_dr_ee
CAMX,2023-02-12 08:00:00,kWh,70.8239026718824,baseline,hvac_dr_ee
CAMX,2023-02-12 09:00:00,kWh,67.91682150216346,baseline,hvac_dr_ee
CAMX,2023-02-12 10:00:00,kWh,71.078564274217,baseline,hvac_dr_ee
CAMX,2023-02-12 11:00:00,kWh,71.25991154476097,baseline,hvac_dr_ee
CAMX,2023-02-12 12:00:00,kWh,73.87776115021968,baseline,hvac_dr_ee
CAMX,2023-02-12 13:00:00,kWh,79.0685208777682,baseline,hvac_dr_ee
CAMX,2023-02-12 14:00:00,kWh,85.12107402175972,baseline,hvac_dr_ee
CAMX,2023-02-12 15:00:00,kWh,83.3907870389111,baseline,hvac_dr_ee
CAMX,2023-02-12 16:00:00,kWh,65.26072658681063,baseline,hvac_dr_ee
CAMX,2023-02-12 17:00:00,kWh,65.94650569410351,baseline,hvac_dr_ee
CAMX,2023-02-12 18:00:00,kWh,68.0358974333773,baseline,hvac_dr_ee
CAMX,2023-02-12 19:00:00,kWh,70.10824832770092,baseline,hvac_dr_ee
CAMX,2023-02-12 20:00:00,kWh,67.91870201129362,baseline,hvac_dr_ee
CAMX,2023-02-12 21:00:00,kWh,73.23808852998825,baseline,hvac_dr_ee
CAMX,2023-02-12 22:00:00,kWh,68.94194093745304,baseline,hvac_dr_ee
CAMX,2023-02-12 23:00:00,kWh,66.90742030933268,baseline,hvac_dr_ee
CAMX,2023-02-13 00:00:00,kWh,74.30985949081597,baseline,hvac_dr_ee
CAMX,2023-02-13 01:00:00,kWh,69.4043996974485,baseline,hvac_dr_ee
CAMX,2023-02-13 02:00:00,kWh,67.53186965931866,baseline,hvac_dr_ee
CAMX,2023-02-13 03:00:00,kWh,69.10891772676018,baseline,hvac_dr_ee
CAMX,2023-02-13 04:00:00,kWh,84.82612281097659,baseline,hvac_dr_ee
CAMX,2023-02-13 05:00:00,kWh,146.58930690557958,baseline,hvac_dr_ee
CAMX,2023-02-13 06:00:00,kWh,154.9129205951025,baseline,hvac_dr_ee
CAMX,2023-02-13 07:00:00,kWh,167.56194053350347,baseline,hvac_dr_ee
CAMX,2023-02-13 08:00:00,kWh,175.14415786697148,baseline,hvac_dr_ee
CAMX,2023-02-13 09:00:00,kWh,160.61345414310802,baseline,hvac_dr_ee
CAMX,2023-02-13 10:00:00,kWh,155.5040549413414,baseline,hvac_dr_ee
CAMX,2023-02-13 11:00:00,kWh,155.68134850437528,baseline,hvac_dr_ee
CAMX,2023-02-13 12:00:00,kWh,161.00192190732008,baseline,hvac_dr_ee
CAMX,2023-02-13 13:00:00,kWh,155.97765163943563,baseline,hvac_dr_ee
CAMX,2023-02-13 14:00:00,kWh,152.11926016079502,baseline,hvac_dr_ee
CAMX,2023-02-13 15:00:00,kWh,151.31114153767757,baseline,hvac_dr_ee
CAMX,2023-02-13 16:00:00,kWh,154.94384622826416,baseline,hvac_dr_ee
CAMX,2023-02-13 17:00:00,kWh,143.64916118719265,baseline,hvac_dr_ee
CAMX,2023-02-13 18:00:00,kWh,125.11248545205251,baseline,hvac_dr_ee
CAMX,2023-02-13 19:00:00,kWh,125.11880582186839,baseline,hvac_dr_ee
CAMX,2023-02-13 20:00:00,kWh,124.07410387010424,baseline,hvac_dr_ee
CAMX,2023-02-13 21:00:00,kWh,124.15127530263612,baseline,hvac_dr_ee
CAMX,2023-02-13 22:00:00,kWh,84.70230648264169,baseline,hvac_dr_ee
CAMX,2023-02-13 23:00:00,kWh,86.38077027845857,baseline,hvac_dr_ee
CAMX,2023-02-14 00:00:00,kWh,79.66823029848173,baseline,hvac_dr_ee
CAMX,2023-02-14 01:00:00,kWh,76.79583507189636,baseline,hvac_dr_ee
CAMX,2023-02-14 02:00:00,kWh,75.26182311529074,baseline,hvac_dr_ee
CAMX,2023-02-14 03:00:00,kWh,70.19066946060084,baseline,hvac_dr_ee
CAMX,2023-02-14 04:00:00,kWh,84.53647835532293,baseline,hvac_dr_ee
CAMX,2023-02-14 05:00:00,kWh,132.3592961281066,baseline,hvac_dr_ee
CAMX,2023-02-14 06:00:00,kWh,146.88779319190644,baseline,hvac_dr_ee
CAMX,2023-02-14 07:00:00,kWh,159.4814091866607,baseline,hvac_dr_ee
CAMX,2023-02-14 08:00:00,kWh,170.7405906955011,baseline,hvac_dr_ee
CAMX,2023-02-14 09:00:00,kWh,159.46611056171693,baseline,hvac_dr_ee
CAMX,2023-02-14 10:00:00,kWh,154.8908467960697,baseline,hvac_dr_ee
CAMX,2023-02-14 11:00:00,kWh,155.8937479530537,baseline,hvac_dr_ee
CAMX,2023-02-14 12:00:00,kWh,160.8593318791844,baseline,hvac_dr_ee
CAMX,2023-02-14 13:00:00,kWh,157.76108044527746,baseline,hvac_dr_ee
CAMX,2023-02-14 14:00:00,kWh,155.81111713323108,baseline,hvac_dr_ee
CAMX,2023-02-14 15:00:00,kWh,154.9751791489951,baseline,hvac_dr_ee
CAMX,2023-02-14 16:00:00,kWh,157.30768667433182,baseline,hvac_dr_ee
CAMX,2023-02-14 17:00:00,kWh,143.48811014927512,baseline,hvac_dr_ee
CAMX,2023-02-14 18:00:00,kWh,123.01355489539807,baseline,hvac_dr_ee
CAMX,2023-02-14 19:00:00,kWh,121.99963608304162,baseline,hvac_dr_ee
CAMX,2023-02-14 20:00:00,kWh,119.97157278863745,baseline,hvac_dr_ee
CAMX,2023-02-14 21:00:00,kWh,119.99351976257125,baseline,hvac_dr_ee
CAMX,2023-02-14 22:00:00,kWh,85.563331787318,baseline,hvac_dr_ee
CAMX,2023-02-14 23:00:00,kWh,87.20028151538189,baseline,hvac_dr_ee
CAMX,2023-02-15 00:00:00,kWh,79.56813702716845,baseline,hvac_dr_ee
CAMX,2023-02-15 01:00:00,kWh,77.27187121906825,baseline,hvac_dr_ee
CAMX,2023-02-15 02:00:00,kWh,81.41429219893939,baseline,hvac_dr_ee
CAMX,2023-02-15 03:00:00,kWh,79.10174520561249,baseline,hvac_dr_ee
CAMX,2023-02-15 04:00:00,kWh,77.75018731178177,baseline,hvac_dr_ee
CAMX,2023-02-15 05:00:00,kWh,120.95342811218381,baseline,hvac_dr_ee
CAMX,2023-02-15 06:00:00,kWh,143.32098022597387,baseline,hvac_dr_ee
CAMX,2023-02-15 07:00:00,kWh,156.6936621402724,baseline,hvac_dr_ee
CAMX,2023-02-15 08:00:00,kWh,166.7488559008216,baseline,hvac_dr_ee
CAMX,2023-02-15 09:00:00,kWh,157.6469258639049,baseline,hvac_dr_ee
CAMX,2023-02-15 10:00:00,kWh,154.58177599147953,baseline,hvac_dr_ee
CAMX,2023-02-15 11:00:00,kWh,154.3763164047465,baseline,hvac_dr_ee
CAMX,2023-02-15 12:00:00,kWh,159.75036405775435,baseline,hvac_dr_ee
CAMX,2023-02-15 13:00:00,kWh,163.71567322356938,baseline,hvac_dr_ee
CAMX,2023-02-15 14:00:00,kWh,158.69464751584204,baseline,hvac_dr_ee
CAMX,2023-02-15 15:00:00,kWh,161.83329391803224,baseline,hvac_dr_ee
CAMX,2023-02-15 16:00:00,kWh,165.94134910783578,baseline,hvac_dr_ee
CAMX,2023-02-15 17:00:00,kWh,144.4357554592858,baseline,hvac_dr_ee
CAMX,2023-02-15 18:00:00,kWh,118.82796110356085,baseline,hvac_dr_ee
CAMX,2023-02-15 19:00:00,kWh,117.47788686592561,baseline,hvac_dr_ee
CAMX,2023-02-15 20:00:00,kWh,115.6688733966973,baseline,hvac_dr_ee
CAMX,2023-02-15 21:00:00,kWh,115.95202934249231,baseline,hvac_dr_ee
CAMX,2023-02-15 22:00:00,kWh,86.87663492520228,baseline,hvac_dr_ee
CAMX,2023-02-15 23:00:00,kWh,89.65129921344581,baseline,hvac_dr_ee
CAMX,2023-02-16 00:00:00,kWh,79.70567821569861,baseline,hvac_dr_ee
CAMX,2023-02-16 01:00:00,kWh,87.0486142468119,baseline,hvac_dr_ee
CAMX,2023-02-16 02:00:00,kWh,86.69776238887934,baseline,hvac_dr_ee
CAMX,2023-02-16 03:00:00,kWh,77.05833041798819,baseline,hvac_dr_ee
CAMX,2023-02-16 04:00:00,kWh,83.47679292591846,baseline,hvac_dr_ee
CAMX,2023-02-16 05:00:00,kWh,119.3169552649222,baseline,hvac_dr_ee
CAMX,2023-02-16 06:00:00,kWh,139.62973884742158,baseline,hvac_dr_ee
CAMX,2023-02-16 07:00:00,kWh,154.01923072565148,baseline,hvac_dr_ee
CAMX,2023-02-16 08:00:00,kWh,164.1565456425914,baseline,hvac_dr_ee
CAMX,2023-02-16 09:00:00,kWh,153.4060468802811,baseline,hvac_dr_ee
CAMX,2023-02-16 10:00:00,kWh,152.8063067011084,baseline,hvac_dr_ee
CAMX,2023-02-16 11:00:00,kWh,158.99028686047546,baseline,hvac_dr_ee
CAMX,2023-02-16 12:00:00,kWh,163.2721739641135,baseline,hvac_dr_ee
CAMX,2023-02-16 13:00:00,kWh,167.83769211290272,baseline,hvac_dr_ee
CAMX,2023-02-16 14:00:00,kWh,166.5099350072237,baseline,hvac_dr_ee
CAMX,2023-02-16 15:00:00,kWh,167.929167567821,baseline,hvac_dr_ee
CAMX,2023-02-16 16:00:00,kWh,167.58950041511667,baseline,hvac_dr_ee
CAMX,2023-02-16 17:00:00,kWh,143.22266524537002,baseline,hvac_dr_ee
CAMX,2023-02-16 18:00:00,kWh,119.21480243746166,baseline,hvac_dr_ee
CAMX,2023-02-16 19:00:00,kWh,115.73200736112462,baseline,hvac_dr_ee
CAMX,2023-02-16 20:00:00,kWh,113.4492549564616,baseline,hvac_dr_ee
CAMX,2023-02-16 21:00:00,kWh,113.64578853768252,baseline,hvac_dr_ee
CAMX,2023-02-16 22:00:00,kWh,88.29879605652764,baseline,hvac_dr_ee
CAMX,2023-02-16 23:00:00,kWh,89.56816732623554,baseline,hvac_dr_ee
CAMX,2023-02-17 00:00:00,kWh,80.45527104106664,baseline,hvac_dr_ee
CAMX,2023-02-17 01:00:00,kWh,86.67868345257779,baseline,hvac_dr_ee
CAMX,2023-02-17 02:00:00,kWh,86.97898467056655,baseline,hvac_dr_ee
CAMX,2023-02-17 03:00:00,kWh,79.69411914529425,baseline,hvac_dr_ee
CAMX,2023-02-17 04:00:00,kWh,86.40417636833075,baseline,hvac_dr_ee
CAMX,2023-02-17 05:00:00,kWh,114.78352947319698,baseline,hvac_dr_ee
CAMX,2023-02-17 06:00:00,kWh,135.04163199654545,baseline,hvac_dr_ee
CAMX,2023-02-17 07:00:00,kWh,149.86248192792377,baseline,hvac_dr_ee
CAMX,2023-02-17 08:00:00,kWh,164.64865188186477,baseline,hvac_dr_ee
CAMX,2023-02-17 09:00:00,kWh,153.975723311533,baseline,hvac_dr_ee
CAMX,2023-02-17 10:00:00,kWh,153.94912976653612,baseline,hvac_dr_ee
CAMX,2023-02-17 11:00:00,kWh,160.7088433763478,baseline,hvac_dr_ee
CAMX,2023-02-17 12:00:00,kWh,162.46268201402935,baseline,hvac_dr_ee
CAMX,2023-02-17 13:00:00,kWh,160.50222591643976,baseline,hvac_dr_ee
CAMX,2023-02-17 14:00:00,kWh,157.11309470385967,baseline,hvac_dr_ee
CAMX,2023-02-17 15:00:00,kWh,155.74433082386798,baseline,hvac_dr_ee
CAMX,2023-02-17 16:00:00,kWh,159.99066131684984,baseline,hvac_dr_ee
CAMX,2023-02-17 17:00:00,kWh,143.80071230161707,baseline,hvac_dr_ee
CAMX,2023-02-17 18:00:00,kWh,121.6001609997854,baseline,hvac_dr_ee
CAMX,2023-02-17 19:00:00,kWh,119.21136852497003,baseline,hvac_dr_ee
CAMX,2023-02-17 20:00:00,kWh,116.04552203295228,baseline,hvac_dr_ee
CAMX,2023-02-17 21:00:00,kWh,115.48600869118833,baseline,hvac_dr_ee
CAMX,2023-02-17 22:00:00,kWh,88.72498504991208,baseline,hvac_dr_ee
CAMX,2023-02-17 23:00:00,kWh,90.41201138637823,baseline,hvac_dr_ee
CAMX,2023-02-18 00:00:00,kWh,77.17725664961722,baseline,hvac_dr_ee
CAMX,2023-02-18 01:00:00,kWh,83.61382837853854,baseline,hvac_dr_ee
CAMX,2023-02-18 02:00:00,kWh,83.53326029821879,baseline,hvac_dr_ee
CAMX,2023-02-18 03:00:00,kWh,76.57703968830094,baseline,hvac_dr_ee
CAMX,2023-02-18 04:00:00,kWh,83.23999792950417,baseline,hvac_dr_ee
CAMX,2023-02-18 05:00:00,kWh,113.61715448023955,baseline,hvac_dr_ee
CAMX,2023-02-18 06:00:00,kWh,126.1049841342375,baseline,hvac_dr_ee
CAMX,2023-02-18 07:00:00,kWh,119.0316795128496,baseline,hvac_dr_ee
CAMX,2023-02-18 08:00:00,kWh,122.18080788161146,baseline,hvac_dr_ee
CAMX,2023-02-18 09:00:00,kWh,121.84875709346775,baseline,hvac_dr_ee
CAMX,2023-02-18 10:00:00,kWh,120.82413125231807,baseline,hvac_dr_ee
CAMX,2023-02-18 11:00:00,kWh,125.09718836252898,baseline,hvac_dr_ee
CAMX,2023-02-18 12:00:00,kWh,118.77834937802004,baseline,hvac_dr_ee
CAMX,2023-02-18 13:00:00,kWh,114.96571488569195,baseline,hvac_dr_ee
CAMX,2023-02-18 14:00:00,kWh,114.81183349986722,baseline,hvac_dr_ee
CAMX,2023-02-18 15:00:00,kWh,113.29451032069699,baseline,hvac_dr_ee
CAMX,2023-02-18 16:00:00,kWh,113.14107075614244,baseline,hvac_dr_ee
CAMX,2023-02-18 17:00:00,kWh,104.56811036563907,baseline,hvac_dr_ee
CAMX,2023-02-18 18:00:00,kWh,85.27958220162257,baseline,hvac_dr_ee
CAMX,2023-02-18 19:00:00,kWh,83.04586563013416,baseline,hvac_dr_ee
CAMX,2023-02-18 20:00:00,kWh,76.72404544698362,baseline,hvac_dr_ee
CAMX,2023-02-18 21:00:00,kWh,83.79800171275639,baseline,hvac_dr_ee
CAMX,2023-02-18 22:00:00,kWh,82.95469562327065,baseline,hvac_dr_ee
CAMX,2023-02-18 23:00:00,kWh,77.03646792524941,baseline,hvac_dr_ee
CAMX,2023-02-19 00:00:00,kWh,73.89989607997116,baseline,hvac_dr_ee
CAMX,2023-02-19 01:00:00,kWh,76.81866148502874,baseline,hvac_dr_ee
CAMX,2023-02-19 02:00:00,kWh,69.74099094335705,baseline,hvac_dr_ee
CAMX,2023-02-19 03:00:00,kWh,76.91437321659254,baseline,hvac_dr_ee
CAMX,2023-02-19 04:00:00,kWh,72.37476301097286,baseline,hvac_dr_ee
CAMX,2023-02-19 05:00:00,kWh,70.30957097802668,baseline,hvac_dr_ee
CAMX,2023-02-19 06:00:00,kWh,80.29964935103538,baseline,hvac_dr_ee
CAMX,2023-02-19 07:00:00,kWh,78.4684821510907,baseline,hvac_dr_ee
CAMX,2023-02-19 08:00:00,kWh,75.0648147834705,baseline,hvac_dr_ee
CAMX,2023-02-19 09:00:00,kWh,83.17223666135381,baseline,hvac_dr_ee
CAMX,2023-02-19 10:00:00,kWh,80.04966480889377,baseline,hvac_dr_ee
CAMX,2023-02-19 11:00:00,kWh,78.80175031258719,baseline,hvac_dr_ee
CAMX,2023-02-19 12:00:00,kWh,96.54991258795056,baseline,hvac_dr_ee
CAMX,2023-02-19 13:00:00,kWh,92.89806523732943,baseline,hvac_dr_ee
CAMX,2023-02-19 14:00:00,kWh,95.3577188710963,baseline,hvac_dr_ee
CAMX,2023-02-19 15:00:00,kWh,96.70768336588878,baseline,hvac_dr_ee
CAMX,2023-02-19 16:00:00,kWh,90.74485007577718,baseline,hvac_dr_ee
CAMX,2023-02-19 17:00:00,kWh,90.04015563553021,baseline,hvac_dr_ee
CAMX,2023-02-19 18:00:00,kWh,74.66094851400433,baseline,hvac_dr_ee
CAMX,2023-02-19 19:00:00,kWh,75.09170499837799,baseline,hvac_dr_ee
CAMX,2023-02-19 20:00:00,kWh,71.05705389775714,baseline,hvac_dr_ee
CAMX,2023-02-19 21:00:00,kWh,76.24072087736599,baseline,hvac_dr_ee
CAMX,2023-02-19 22:00:00,kWh,76.55327935807935,baseline,hvac_dr_ee
CAMX,2023-02-19 23:00:00,kWh,75.22438121199264,baseline,hvac_dr_ee
CAMX,2023-02-20 00:00:00,kWh,70.16080722931207,baseline,hvac_dr_ee
CAMX,2023-02-20 01:00:00,kWh,77.83231111347742,baseline,hvac_dr_ee
CAMX,2023-02-20 02:00:00,kWh,77.40546506385638,baseline,hvac_dr_ee
CAMX,2023-02-20 03:00:00,kWh,70.44594578544275,baseline,hvac_dr_ee
CAMX,2023-02-20 04:00:00,kWh,73.45146088340496,baseline,hvac_dr_ee
CAMX,2023-02-20 05:00:00,kWh,123.88064403356915,baseline,hvac_dr_ee
CAMX,2023-02-20 06:00:00,kWh,138.92736588366293,baseline,hvac_dr_ee
CAMX,2023-02-20 07:00:00,kWh,151.7942475658304,baseline,hvac_dr_ee
CAMX,2023-02-20 08:00:00,kWh,164.14103234453697,baseline,hvac_dr_ee
CAMX,2023-02-20 09:00:00,kWh,155.75452902237043,baseline,hvac_dr_ee
CAMX,2023-02-20 10:00:00,kWh,156.50507396797983,baseline,hvac_dr_ee
CAMX,2023-02-20 11:00:00,kWh,160.15413226673135,baseline,hvac_dr_ee
CAMX,2023-02-20 12:00:00,kWh,163.80263243003313,baseline,hvac_dr_ee
CAMX,2023-02-20 13:00:00,kWh,166.435928867224,baseline,hvac_dr_ee
CAMX,2023-02-20 14:00:00,kWh,161.3993963263678,baseline,hvac_dr_ee
CAMX,2023-02-20 15:00:00,kWh,161.57730821008147,baseline,hvac_dr_ee
CAMX,2023-02-20 16:00:00,kWh,161.90230274126108,baseline,hvac_dr_ee
CAMX,2023-02-20 17:00:00,kWh,143.96961776058998,baseline,hvac_dr_ee
CAMX,2023-02-20 18:00:00,kWh,120.25951951906262,baseline,hvac_dr_ee
CAMX,2023-02-20 19:00:00,kWh,118.13919215226528,baseline,hvac_dr_ee
CAMX,2023-02-20 20:00:00,kWh,115.32286282185576,baseline,hvac_dr_ee
CAMX,2023-02-20 21:00:00,kWh,115.093209566713,baseline,hvac_dr_ee
CAMX,2023-02-20 22:00:00,kWh,87.19606522027647,baseline,hvac_dr_ee
CAMX,2023-02-20 23:00:00,kWh,88.66797872224564,baseline,hvac_dr_ee
CAMX,2023-02-21 00:00:00,kWh,80.20521079190894,baseline,hvac_dr_ee
CAMX,2023-02-21 01:00:00,kWh,87.1080899106877,baseline,hvac_dr_ee
CAMX,2023-02-21 02:00:00,kWh,86.70457563656669,baseline,hvac_dr_ee
CAMX,2023-02-21 03:00:00,kWh,80.40448649998356,baseline,hvac_dr_ee
CAMX,2023-02-21 04:00:00,kWh,83.33590826524804,baseline,hvac_dr_ee
CAMX,2023-02-21 05:00:00,kWh,121.29555069626221,baseline,hvac_dr_ee
CAMX,2023-02-21 06:00:00,kWh,134.5461427576762,baseline,hvac_dr_ee
CAMX,2023-02-21 07:00:00,kWh,150.36409156954534,baseline,hvac_dr_ee
CAMX,2023-02-21 08:00:00,kWh,165.98527239133702,baseline,hvac_dr_ee
CAMX,2023-02-21 09:00:00,kWh,154.7681716731339,baseline,hvac_dr_ee
CAMX,2023-02-21 10:00:00,kWh,156.48716938644878,baseline,hvac_dr_ee
CAMX,2023-02-21 11:00:00,kWh,158.4504013887091,baseline,hvac_dr_ee
CAMX,2023-02-21 12:00:00,kWh,161.07318036377353,baseline,hvac_dr_ee
CAMX,2023-02-21 13:00:00,kWh,161.28511439636392,baseline,hvac_dr_ee
CAMX,2023-02-21 14:00:00,kWh,158.02498664331964,baseline,hvac_dr_ee
CAMX,2023-02-21 15:00:00,kWh,156.50237163625917,baseline,hvac_dr_ee
CAMX,2023-02-21 16:00:00,kWh,157.56197047612156,baseline,hvac_dr_ee
CAMX,2023-02-21 17:00:00,kWh,142.80070989104834,baseline,hvac_dr_ee
CAMX,2023-02-21 18:00:00,kWh,123.69280147286725,baseline,hvac_dr_ee
CAMX,2023-02-21 19:00:00,kWh,121.59929948748238,baseline,hvac_dr_ee
CAMX,2023-02-21 20:00:00,kWh,119.42621971202601,baseline,hvac_dr_ee
CAMX,2023-02-21 21:00:00,kWh,119.55172669152401,baseline,hvac_dr_ee
CAMX,2023-02-21 22:00:00,kWh,88.07201920595224,baseline,hvac_dr_ee
CAMX,2023-02-21 23:00:00,kWh,90.08338093933659,baseline,hvac_dr_ee
CAMX,2023-02-22 00:00:00,kWh,79.96794578162235,baseline,hvac_dr_ee
CAMX,2023-02-22 01:00:00,kWh,86.7466439433262,baseline,hvac_dr_ee
CAMX,2023-02-22 02:00:00,kWh,86.37176261799283,baseline,hvac_dr_ee
CAMX,2023-02-22 03:00:00,kWh,79.77762858369341,baseline,hvac_dr_ee
CAMX,2023-02-22 04:00:00,kWh,86.28177519902619,baseline,hvac_dr_ee
CAMX,2023-02-22 05:00:00,kWh,125.90787281918594,baseline,hvac_dr_ee
CAMX,2023-02-22 06:00:00,kWh,140.36888805684896,baseline,hvac_dr_ee
CAMX,2023-02-22 07:00:00,kWh,152.26423699747636,baseline,hvac_dr_ee
CAMX,2023-02-22 08:00:00,kWh,164.59088125234214,baseline,hvac_dr_ee
CAMX,2023-02-22 09:00:00,kWh,153.37478411860525,baseline,hvac_dr_ee
CAMX,2023-02-22 10:00:00,kWh,155.76873855628213,baseline,hvac_dr_ee
CAMX,2023-02-22 11:00:00,kWh,159.58783570062099,baseline,hvac_dr_ee
CAMX,2023-02-22 12:00:00,kWh,162.28279800151816,baseline,hvac_dr_ee
CAMX,2023-02-22 13:00:00,kWh,165.6041437581038,baseline,hvac_dr_ee
CAMX,2023-02-22 14:00:00,kWh,162.71787290208007,baseline,hvac_dr_ee
CAMX,2023-02-22 15:00:00,kWh,164.13257484087652,baseline,hvac_dr_ee
CAMX,2023-02-22 16:00:00,kWh,163.29796983210537,baseline,hvac_dr_ee
CAMX,2023-02-22 17:00:00,kWh,141.68439485316722,baseline,hvac_dr_ee
CAMX,2023-02-22 18:00:00,kWh,119.12494829420577,baseline,hvac_dr_ee
CAMX,2023-02-22 19:00:00,kWh,116.80840001243877,baseline,hvac_dr_ee
CAMX,2023-02-22 20:00:00,kWh,114.94272817363623,baseline,hvac_dr_ee
CAMX,2023-02-22 21:00:00,kWh,115.37815013279382,baseline,hvac_dr_ee
CAMX,2023-02-22 22:00:00,kWh,88.02198326533,baseline,hvac_dr_ee
CAMX,2023-02-22 23:00:00,kWh,90.9681140300414,baseline,hvac_dr_ee
CAMX,2023-02-23 00:00:00,kWh,79.65903252910732,baseline,hvac_dr_ee
CAMX,2023-02-23 01:00:00,kWh,88.8630960723921,baseline,hvac_dr_ee
CAMX,2023-02-23 02:00:00,kWh,86.77122697749064,baseline,hvac_dr_ee
CAMX,2023-02-23 03:00:00,kWh,80.12305224792262,baseline,hvac_dr_ee
CAMX,2023-02-23 04:00:00,kWh,87.73994825432146,baseline,hvac_dr_ee
CAMX,2023-02-23 05:00:00,kWh,124.2116073720111,baseline,hvac_dr_ee
CAMX,2023-02-23 06:00:00,kWh,141.4361934106253,baseline,hvac_dr_ee
CAMX,2023-02-23 07:00:00,kWh,157.18917408921104,baseline,hvac_dr_ee
CAMX,2023-02-23 08:00:00,kWh,168.67564298516496,baseline,hvac_dr_ee
CAMX,2023-02-23 09:00:00,kWh,151.27404338813082,baseline,hvac_dr_ee
CAMX,2023-02-23 10:00:00,kWh,150.15582409275277,baseline,hvac_dr_ee
CAMX,2023-02-23 11:00:00,kWh,153.0727660581909,baseline,hvac_dr_ee
CAMX,2023-02-23 12:00:00,kWh,157.3717459967676,baseline,hvac_dr_ee
CAMX,2023-02-23 13:00:00,kWh,156.33133541203222,baseline,hvac_dr_ee
CAMX,2023-02-23 14:00:00,kWh,152.87186808152742,baseline,hvac_dr_ee
CAMX,2023-02-23 15:00:00,kWh,152.916116363629,baseline,hvac_dr_ee
CAMX,2023-02-23 16:00:00,kWh,156.26016776611087,baseline,hvac_dr_ee
CAMX,2023-02-23 17:00:00,kWh,140.20329120469273,baseline,hvac_dr_ee
CAMX,2023-02-23 18:00:00,kWh,119.37480944620854,baseline,hvac_dr_ee
CAMX,2023-02-23 19:00:00,kWh,118.75748203757853,baseline,hvac_dr_ee
CAMX,2023-02-23 20:00:00,kWh,116.78832528365982,baseline,hvac_dr_ee
CAMX,2023-02-23 21:00:00,kWh,117.71103417091032,baseline,hvac_dr_ee
CAMX,2023-02-23 22:00:00,kWh,89.09856491664777,baseline,hvac_dr_ee
CAMX,2023-02-23 23:00:00,kWh,89.75679237799773,baseline,hvac_dr_ee
CAMX,2023-02-24 00:00:00,kWh,80.7285126941481,baseline,hvac_dr_ee
CAMX,2023-02-24 01:00:00,kWh,87.09398847917241,baseline,hvac_dr_ee
CAMX,2023-02-24 02:00:00,kWh,86.69486480690574,baseline,hvac_dr_ee
CAMX,2023-02-24 03:00:00,kWh,80.01237297600723,baseline,hvac_dr_ee
CAMX,2023-02-24 04:00:00,kWh,87.75296072971685,baseline,hvac_dr_ee
CAMX,2023-02-24 05:00:00,kWh,124.46690423292809,baseline,hvac_dr_ee
CAMX,2023-02-24 06:00:00,kWh,141.08636787405942,baseline,hvac_dr_ee
CAMX,2023-02-24 07:00:00,kWh,155.09441042844367,baseline,hvac_dr_ee
CAMX,2023-02-24 08:00:00,kWh,164.58815454049065,baseline,hvac_dr_ee
CAMX,2023-02-24 09:00:00,kWh,151.90068123036298,baseline,hvac_dr_ee
CAMX,2023-02-24 10:00:00,kWh,149.21915651760708,baseline,hvac_dr_ee
CAMX,2023-02-24 11:00:00,kWh,151.149668047396,baseline,hvac_dr_ee
CAMX,2023-02-24 12:00:00,kWh,160.72617145409856,baseline,hvac_dr_ee
CAMX,2023-02-24 13:00:00,kWh,162.82189422667187,baseline,hvac_dr_ee
CAMX,2023-02-24 14:00:00,kWh,160.78130417998534,baseline,hvac_dr_ee
CAMX,2023-02-24 15:00:00,kWh,161.36467205537286,baseline,hvac_dr_ee
CAMX,2023-02-24 16:00:00,kWh,164.4955236679465,baseline,hvac_dr_ee
CAMX,2023-02-24 17:00:00,kWh,144.63247103125218,baseline,hvac_dr_ee
CAMX,2023-02-24 18:00:00,kWh,121.4996064365046,baseline,hvac_dr_ee
CAMX,2023-02-24 19:00:00,kWh,117.5064259069587,baseline,hvac_dr_ee
CAMX,2023-02-24 20:00:00,kWh,114.95635698391385,baseline,hvac_dr_ee
CAMX,2023-02-24 21:00:00,kWh,115.08732233848883,baseline,hvac_dr_ee
CAMX,2023-02-24 22:00:00,kWh,88.78776046425952,baseline,hvac_dr_ee
CAMX,2023-02-24 23:00:00,kWh,89.55652656097052,baseline,hvac_dr_ee
CAMX,2023-02-25 00:00:00,kWh,76.42487395687242,baseline,hvac_dr_ee
CAMX,2023-02-25 01:00:00,kWh,84.15639858883836,baseline,hvac_dr_ee
CAMX,2023-02-25 02:00:00,kWh,83.11073162714246,baseline,hvac_dr_ee
CAMX,2023-02-25 03:00:00,kWh,76.85378654967187,baseline,hvac_dr_ee
CAMX,2023-02-25 04:00:00,kWh,83.22633592279854,baseline,hvac_dr_ee
CAMX,2023-02-25 05:00:00,kWh,121.32652084043369,baseline,hvac_dr_ee
CAMX,2023-02-25 06:00:00,kWh,131.51416434289666,baseline,hvac_dr_ee
CAMX,2023-02-25 07:00:00,kWh,123.78361183036253,baseline,hvac_dr_ee
CAMX,2023-02-25 08:00:00,kWh,127.64649265786338,baseline,hvac_dr_ee
CAMX,2023-02-25 09:00:00,kWh,124.716055869386,baseline,hvac_dr_ee
CAMX,2023-02-25 10:00:00,kWh,121.57036672859546,baseline,hvac_dr_ee
CAMX,2023-02-25 11:00:00,kWh,120.70035788136344,baseline,hvac_dr_ee
CAMX,2023-02-25 12:00:00,kWh,114.33240815313572,baseline,hvac_dr_ee
CAMX,2023-02-25 13:00:00,kWh,113.52925196477885,baseline,hvac_dr_ee
CAMX,2023-02-25 14:00:00,kWh,111.76367458607704,baseline,hvac_dr_ee
CAMX,2023-02-25 15:00:00,kWh,110.51186521648806,baseline,hvac_dr_ee
CAMX,2023-02-25 16:00:00,kWh,111.6076406108848,baseline,hvac_dr_ee
CAMX,2023-02-25 17:00:00,kWh,95.46778653328946,baseline,hvac_dr_ee
CAMX,2023-02-25 18:00:00,kWh,77.06891836224182,baseline,hvac_dr_ee
CAMX,2023-02-25 19:00:00,kWh,83.42113430457258,baseline,hvac_dr_ee
CAMX,2023-02-25 20:00:00,kWh,77.95353481119048,baseline,hvac_dr_ee
CAMX,2023-02-25 21:00:00,kWh,80.91762447518354,baseline,hvac_dr_ee
CAMX,2023-02-25 22:00:00,kWh,77.51868632335994,baseline,hvac_dr_ee
CAMX,2023-02-25 23:00:00,kWh,73.41383013525306,baseline,hvac_dr_ee
CAMX,2023-02-26 00:00:00,kWh,73.07286416990492,baseline,hvac_dr_ee
CAMX,2023-02-26 01:00:00,kWh,70.08658927468494,baseline,hvac_dr_ee
CAMX,2023-02-26 02:00:00,kWh,66.24134182927176,baseline,hvac_dr_ee
CAMX,2023-02-26 03:00:00,kWh,69.48824101378302,baseline,hvac_dr_ee
CAMX,2023-02-26 04:00:00,kWh,76.71730621842224,baseline,hvac_dr_ee
CAMX,2023-02-26 05:00:00,kWh,65.14251964071047,baseline,hvac_dr_ee
CAMX,2023-02-26 06:00:00,kWh,80.160214827653,baseline,hvac_dr_ee
CAMX,2023-02-26 07:00:00,kWh,73.1321312513207,baseline,hvac_dr_ee
CAMX,2023-02-26 08:00:00,kWh,71.28959923710966,baseline,hvac_dr_ee
CAMX,2023-02-26 09:00:00,kWh,76.9716912498161,baseline,hvac_dr_ee
CAMX,2023-02-26 10:00:00,kWh,75.01711537492396,baseline,hvac_dr_ee
CAMX,2023-02-26 11:00:00,kWh,74.40705371658935,baseline,hvac_dr_ee
CAMX,2023-02-26 12:00:00,kWh,78.90738246434071,baseline,hvac_dr_ee
CAMX,2023-02-26 13:00:00,kWh,81.281043716305,baseline,hvac_dr_ee
CAMX,2023-02-26 14:00:00,kWh,78.39180553840022,baseline,hvac_dr_ee
CAMX,2023-02-26 15:00:00,kWh,90.18731957008542,baseline,hvac_dr_ee
CAMX,2023-02-26 16:00:00,kWh,89.5349200459975,baseline,hvac_dr_ee
CAMX,2023-02-26 17:00:00,kWh,67.52151217297578,baseline,hvac_dr_ee
CAMX,2023-02-26 18:00:00,kWh,65.11350255035347,baseline,hvac_dr_ee
CAMX,2023-02-26 19:00:00,kWh,66.14722004671404,baseline,hvac_dr_ee
CAMX,2023-02-26 20:00:00,kWh,65.33509129110817,baseline,hvac_dr_ee
CAMX,2023-02-26 21:00:00,kWh,74.5494412348305,baseline,hvac_dr_ee
CAMX,2023-02-26 22:00:00,kWh,67.05218012183518,baseline,hvac_dr_ee
CAMX,2023-02-26 23:00:00,kWh,63.98034207858547,baseline,hvac_dr_ee
CAMX,2023-02-27 00:00:00,kWh,79.07637725064404,baseline,hvac_dr_ee
CAMX,2023-02-27 01:00:00,kWh,68.9939495608528,baseline,hvac_dr_ee
CAMX,2023-02-27 02:00:00,kWh,67.90909259955251,baseline,hvac_dr_ee
CAMX,2023-02-27 03:00:00,kWh,69.07197012075461,baseline,hvac_dr_ee
CAMX,2023-02-27 04:00:00,kWh,84.13731744813276,baseline,hvac_dr_ee
CAMX,2023-02-27 05:00:00,kWh,143.38787471870444,baseline,hvac_dr_ee
CAMX,2023-02-27 06:00:00,kWh,153.93687193927082,baseline,hvac_dr_ee
CAMX,2023-02-27 07:00:00,kWh,165.46049511051274,baseline,hvac_dr_ee
CAMX,2023-02-27 08:00:00,kWh,171.19068671566015,baseline,hvac_dr_ee
CAMX,2023-02-27 09:00:00,kWh,155.81108788582148,baseline,hvac_dr_ee
CAMX,2023-02-27 10:00:00,kWh,152.98075617142766,baseline,hvac_dr_ee
CAMX,2023-02-27 11:00:00,kWh,154.70001866773174,baseline,hvac_dr_ee
CAMX,2023-02-27 12:00:00,kWh,162.30041042261013,baseline,hvac_dr_ee
CAMX,2023-02-27 13:00:00,kWh,162.82732873912104,baseline,hvac_dr_ee
CAMX,2023-02-27 14:00:00,kWh,158.64561059920976,baseline,hvac_dr_ee
CAMX,2023-02-27 15:00:00,kWh,158.507002322791,baseline,hvac_dr_ee
CAMX,2023-02-27 16:00:00,kWh,161.75973686362957,baseline,hvac_dr_ee
CAMX,2023-02-27 17:00:00,kWh,145.78444304517384,baseline,hvac_dr_ee
CAMX,2023-02-27 18:00:00,kWh,125.56152758149693,baseline,hvac_dr_ee
CAMX,2023-02-27 19:00:00,kWh,122.1631476480419,baseline,hvac_dr_ee
CAMX,2023-02-27 20:00:00,kWh,119.46344659034776,baseline,hvac_dr_ee
CAMX,2023-02-27 21:00:00,kWh,119.7187366603062,baseline,hvac_dr_ee
CAMX,2023-02-27 22:00:00,kWh,84.1619822137003,baseline,hvac_dr_ee
CAMX,2023-02-27 23:00:00,kWh,86.08547659396396,baseline,hvac_dr_ee
CAMX,2023-02-28 00:00:00,kWh,79.6314307384955,baseline,hvac_dr_ee
CAMX,2023-02-28 01:00:00,kWh,77.27541596825834,baseline,hvac_dr_ee
CAMX,2023-02-28 02:00:00,kWh,73.75618526302631,baseline,hvac_dr_ee
CAMX,2023-02-28 03:00:00,kWh,73.69097424904008,baseline,hvac_dr_ee
CAMX,2023-02-28 04:00:00,kWh,77.2766630581389,baseline,hvac_dr_ee
CAMX,2023-02-28 05:00:00,kWh,128.4648216485357,baseline,hvac_dr_ee
CAMX,2023-02-28 06:00:00,kWh,140.55871062600136,baseline,hvac_dr_ee
CAMX,2023-02-28 07:00:00,kWh,153.64022611652805,baseline,hvac_dr_ee
CAMX,2023-02-28 08:00:00,kWh,163.7869304717136,baseline,hvac_dr_ee
CAMX,2023-02-28 09:00:00,kWh,150.5283210433829,baseline,hvac_dr_ee
CAMX,2023-02-28 10:00:00,kWh,149.93309217320453,baseline,hvac_dr_ee
CAMX,2023-02-28 11:00:00,kWh,157.37086310081497,baseline,hvac_dr_ee
CAMX,2023-02-28 12:00:00,kWh,163.32807757752283,baseline,hvac_dr_ee
CAMX,2023-02-28 13:00:00,kWh,165.80764308934445,baseline,hvac_dr_ee
CAMX,2023-02-28 14:00:00,kWh,162.2447805727835,baseline,hvac_dr_ee
CAMX,2023-02-28 15:00:00,kWh,161.47468349399838,baseline,hvac_dr_ee
CAMX,2023-02-28 16:00:00,kWh,164.24366280978452,baseline,hvac_dr_ee
CAMX,2023-02-28 17:00:00,kWh,142.5174059644621,baseline,hvac_dr_ee
CAMX,2023-02-28 18:00:00,kWh,122.73967400189699,baseline,hvac_dr_ee
CAMX,2023-02-28 19:00:00,kWh,121.94057614518412,baseline,hvac_dr_ee
CAMX,2023-02-28 20:00:00,kWh,118.1755559722852,baseline,hvac_dr_ee
CAMX,2023-02-28 21:00:00,kWh,117.60590063792561,baseline,hvac_dr_ee
CAMX,2023-02-28 22:00:00,kWh,86.76734683519983,baseline,hvac_dr_ee
CAMX,2023-02-28 23:00:00,kWh,89.36749514240434,baseline,hvac_dr_ee
CAMX,2023-03-01 00:00:00,kWh,79.63532639414663,baseline,hvac_dr_ee
CAMX,2023-03-01 01:00:00,kWh,83.24937201794351,baseline,hvac_dr_ee
CAMX,2023-03-01 02:00:00,kWh,84.54439387773905,baseline,hvac_dr_ee
CAMX,2023-03-01 03:00:00,kWh,75.05536703372015,baseline,hvac_dr_ee
CAMX,2023-03-01 04:00:00,kWh,123.71830609399125,baseline,hvac_dr_ee
CAMX,2023-03-01 05:00:00,kWh,136.1836365318459,baseline,hvac_dr_ee
CAMX,2023-03-01 06:00:00,kWh,153.51741290348906,baseline,hvac_dr_ee
CAMX,2023-03-01 07:00:00,kWh,169.69194056166893,baseline,hvac_dr_ee
CAMX,2023-03-01 08:00:00,kWh,158.70673245865473,baseline,hvac_dr_ee
CAMX,2023-03-01 09:00:00,kWh,158.71875914378114,baseline,hvac_dr_ee
CAMX,2023-03-01 10:00:00,kWh,164.30530656947735,baseline,hvac_dr_ee
CAMX,2023-03-01 11:00:00,kWh,169.32665182249121,baseline,hvac_dr_ee
CAMX,2023-03-01 12:00:00,kWh,174.1091471092157,baseline,hvac_dr_ee
CAMX,2023-03-01 13:00:00,kWh,171.67492704424453,baseline,hvac_dr_ee
CAMX,2023-03-01 14:00:00,kWh,172.95412341815634,baseline,hvac_dr_ee
CAMX,2023-03-01 15:00:00,kWh,175.70790727395396,baseline,hvac_dr_ee
CAMX,2023-03-01 16:00:00,kWh,148.78803161214086,baseline,hvac_dr_ee
CAMX,2023-03-01 17:00:00,kWh,120.53140132718505,baseline,hvac_dr_ee
CAMX,2023-03-01 18:00:00,kWh,118.77700219074858,baseline,hvac_dr_ee
CAMX,2023-03-01 19:00:00,kWh,114.6480969248232,baseline,hvac_dr_ee
CAMX,2023-03-01 20:00:00,kWh,114.52542004302144,baseline,hvac_dr_ee
CAMX,2023-03-01 21:00:00,kWh,88.76966960439087,baseline,hvac_dr_ee
CAMX,2023-03-01 22:00:00,kWh,90.14662395264187,baseline,hvac_dr_ee
CAMX,2023-03-01 23:00:00,kWh,80.3766262098734,baseline,hvac_dr_ee
CAMX,2023-03-02 00:00:00,kWh,86.44802884239162,baseline,hvac_dr_ee
CAMX,2023-03-02 01:00:00,kWh,87.06850157917627,baseline,hvac_dr_ee
CAMX,2023-03-02 02:00:00,kWh,79.28315385776352,baseline,hvac_dr_ee
CAMX,2023-03-02 03:00:00,kWh,85.59903281702405,baseline,hvac_dr_ee
CAMX,2023-03-02 04:00:00,kWh,97.49213905685659,baseline,hvac_dr_ee
CAMX,2023-03-02 05:00:00,kWh,130.379268877034,baseline,hvac_dr_ee
CAMX,2023-03-02 06:00:00,kWh,150.07598152541655,baseline,hvac_dr_ee
CAMX,2023-03-02 07:00:00,kWh,167.92567010421678,baseline,hvac_dr_ee
CAMX,2023-03-02 08:00:00,kWh,157.28933416764255,baseline,hvac_dr_ee
CAMX,2023-03-02 09:00:00,kWh,155.72184988615774,baseline,hvac_dr_ee
CAMX,2023-03-02 10:00:00,kWh,159.96389832954114,baseline,hvac_dr_ee
CAMX,2023-03-02 11:00:00,kWh,165.13320571676874,baseline,hvac_dr_ee
CAMX,2023-03-02 12:00:00,kWh,167.59274346915706,baseline,hvac_dr_ee
CAMX,2023-03-02 13:00:00,kWh,160.27789624454098,baseline,hvac_dr_ee
CAMX,2023-03-02 14:00:00,kWh,160.76419673893807,baseline,hvac_dr_ee
CAMX,2023-03-02 15:00:00,kWh,161.9010909781497,baseline,hvac_dr_ee
CAMX,2023-03-02 16:00:00,kWh,141.63869132375848,baseline,hvac_dr_ee
CAMX,2023-03-02 17:00:00,kWh,118.7581733600794,baseline,hvac_dr_ee
CAMX,2023-03-02 18:00:00,kWh,118.84391737879,baseline,hvac_dr_ee
CAMX,2023-03-02 19:00:00,kWh,115.33729534125143,baseline,hvac_dr_ee
CAMX,2023-03-02 20:00:00,kWh,112.96619083444645,baseline,hvac_dr_ee
CAMX,2023-03-02 21:00:00,kWh,89.01094086717626,baseline,hvac_dr_ee
CAMX,2023-03-02 22:00:00,kWh,90.10035595789061,baseline,hvac_dr_ee
CAMX,2023-03-02 23:00:00,kWh,80.4011246345386,baseline,hvac_dr_ee
CAMX,2023-03-03 00:00:00,kWh,87.9685443888848,baseline,hvac_dr_ee
CAMX,2023-03-03 01:00:00,kWh,87.62382907894121,baseline,hvac_dr_ee
CAMX,2023-03-03 02:00:00,kWh,80.50782153443745,baseline,hvac_dr_ee
CAMX,2023-03-03 03:00:00,kWh,87.15382644153851,baseline,hvac_dr_ee
CAMX,2023-03-03 04:00:00,kWh,114.29239541865331,baseline,hvac_dr_ee
CAMX,2023-03-03 05:00:00,kWh,135.27163906091565,baseline,hvac_dr_ee
CAMX,2023-03-03 06:00:00,kWh,152.95484186509833,baseline,hvac_dr_ee
CAMX,2023-03-03 07:00:00,kWh,166.55469537667173,baseline,hvac_dr_ee
CAMX,2023-03-03 08:00:00,kWh,154.06821033059418,baseline,hvac_dr_ee
CAMX,2023-03-03 09:00:00,kWh,149.82646327877828,baseline,hvac_dr_ee
CAMX,2023-03-03 10:00:00,kWh,150.0567684705487,baseline,hvac_dr_ee
CAMX,2023-03-03 11:00:00,kWh,155.51414790101612,baseline,hvac_dr_ee
CAMX,2023-03-03 12:00:00,kWh,159.3005270140025,baseline,hvac_dr_ee
CAMX,2023-03-03 13:00:00,kWh,160.37750654194613,baseline,hvac_dr_ee
CAMX,2023-03-03 14:00:00,kWh,161.12558561522647,baseline,hvac_dr_ee
CAMX,2023-03-03 15:00:00,kWh,165.0235390943335,baseline,hvac_dr_ee
CAMX,2023-03-03 16:00:00,kWh,144.05734997434712,baseline,hvac_dr_ee
CAMX,2023-03-03 17:00:00,kWh,119.6297103934186,baseline,hvac_dr_ee
CAMX,2023-03-03 18:00:00,kWh,117.94890650964106,baseline,hvac_dr_ee
CAMX,2023-03-03 19:00:00,kWh,113.63050042649652,baseline,hvac_dr_ee
CAMX,2023-03-03 20:00:00,kWh,112.62592551933334,baseline,hvac_dr_ee
CAMX,2023-03-03 21:00:00,kWh,89.31350782327968,baseline,hvac_dr_ee
CAMX,2023-03-03 22:00:00,kWh,90.30448548207653,baseline,hvac_dr_ee
CAMX,2023-03-03 23:00:00,kWh,80.49958854090869,baseline,hvac_dr_ee
CAMX,2023-03-04 00:00:00,kWh,84.7563616941114,baseline,hvac_dr_ee
CAMX,2023-03-04 01:00:00,kWh,84.30022803691112,baseline,hvac_dr_ee
CAMX,2023-03-04 02:00:00,kWh,77.28441252054628,baseline,hvac_dr_ee
CAMX,2023-03-04 03:00:00,kWh,83.7788943036746,baseline,hvac_dr_ee
CAMX,2023-03-04 04:00:00,kWh,100.61911355517967,baseline,hvac_dr_ee
CAMX,2023-03-04 05:00:00,kWh,125.27538897009154,baseline,hvac_dr_ee
CAMX,2023-03-04 06:00:00,kWh,118.52320186656965,baseline,hvac_dr_ee
CAMX,2023-03-04 07:00:00,kWh,122.33303716284314,baseline,hvac_dr_ee
CAMX,2023-03-04 08:00:00,kWh,121.26589547397657,baseline,hvac_dr_ee
CAMX,2023-03-04 09:00:00,kWh,122.92905590339413,baseline,hvac_dr_ee
CAMX,2023-03-04 10:00:00,kWh,124.65958487025432,baseline,hvac_dr_ee
CAMX,2023-03-04 11:00:00,kWh,115.43681422006051,baseline,hvac_dr_ee
CAMX,2023-03-04 12:00:00,kWh,115.03963107956022,baseline,hvac_dr_ee
CAMX,2023-03-04 13:00:00,kWh,115.58922394085891,baseline,hvac_dr_ee
CAMX,2023-03-04 14:00:00,kWh,116.09621174584652,baseline,hvac_dr_ee
CAMX,2023-03-04 15:00:00,kWh,116.39932098035956,baseline,hvac_dr_ee
CAMX,2023-03-04 16:00:00,kWh,110.25235279208762,baseline,hvac_dr_ee
CAMX,2023-03-04 17:00:00,kWh,93.93807445737619,baseline,hvac_dr_ee
CAMX,2023-03-04 18:00:00,kWh,92.06863830643938,baseline,hvac_dr_ee
CAMX,2023-03-04 19:00:00,kWh,78.27268948226416,baseline,hvac_dr_ee
CAMX,2023-03-04 20:00:00,kWh,84.39022173787605,baseline,hvac_dr_ee
CAMX,2023-03-04 21:00:00,kWh,84.12725608197879,baseline,hvac_dr_ee
CAMX,2023-03-04 22:00:00,kWh,76.34526189651966,baseline,hvac_dr_ee
CAMX,2023-03-04 23:00:00,kWh,82.62467633439253,baseline,hvac_dr_ee
CAMX,2023-03-05 00:00:00,kWh,80.98254521511258,baseline,hvac_dr_ee
CAMX,2023-03-05 01:00:00,kWh,74.67876480924792,baseline,hvac_dr_ee
CAMX,2023-03-05 02:00:00,kWh,79.08863247157836,baseline,hvac_dr_ee
CAMX,2023-03-05 03:00:00,kWh,79.54885726652722,baseline,hvac_dr_ee
CAMX,2023-03-05 04:00:00,kWh,72.96903088387054,baseline,hvac_dr_ee
CAMX,2023-03-05 05:00:00,kWh,82.04469178637528,baseline,hvac_dr_ee
CAMX,2023-03-05 06:00:00,kWh,82.58300981633033,baseline,hvac_dr_ee
CAMX,2023-03-05 07:00:00,kWh,75.63786151675411,baseline,hvac_dr_ee
CAMX,2023-03-05 08:00:00,kWh,86.80452165893706,baseline,hvac_dr_ee
CAMX,2023-03-05 09:00:00,kWh,88.291500884407,baseline,hvac_dr_ee
CAMX,2023-03-05 10:00:00,kWh,85.66185121144152,baseline,hvac_dr_ee
CAMX,2023-03-05 11:00:00,kWh,92.088132005522,baseline,hvac_dr_ee
CAMX,2023-03-05 12:00:00,kWh,93.36101435382746,baseline,hvac_dr_ee
CAMX,2023-03-05 13:00:00,kWh,92.82590104443973,baseline,hvac_dr_ee
CAMX,2023-03-05 14:00:00,kWh,97.95032159502553,baseline,hvac_dr_ee
CAMX,2023-03-05 15:00:00,kWh,99.32958669669533,baseline,hvac_dr_ee
CAMX,2023-03-05 16:00:00,kWh,94.30576863904038,baseline,hvac_dr_ee
CAMX,2023-03-05 17:00:00,kWh,95.28484175935586,baseline,hvac_dr_ee
CAMX,2023-03-05 18:00:00,kWh,91.40037123250269,baseline,hvac_dr_ee
CAMX,2023-03-05 19:00:00,kWh,80.59074919614105,baseline,hvac_dr_ee
CAMX,2023-03-05 20:00:00,kWh,89.03242875755997,baseline,hvac_dr_ee
CAMX,2023-03-05 21:00:00,kWh,77.59739647213645,baseline,hvac_dr_ee
CAMX,2023-03-05 22:00:00,kWh,75.93912399214409,baseline,hvac_dr_ee
CAMX,2023-03-05 23:00:00,kWh,72.64407729130556,baseline,hvac_dr_ee
CAMX,2023-03-06 00:00:00,kWh,75.80897294298933,baseline,hvac_dr_ee
CAMX,2023-03-06 01:00:00,kWh,79.7592942754269,baseline,hvac_dr_ee
CAMX,2023-03-06 02:00:00,kWh,78.20462839902466,baseline,hvac_dr_ee
CAMX,2023-03-06 03:00:00,kWh,77.03461527672133,baseline,hvac_dr_ee
CAMX,2023-03-06 04:00:00,kWh,95.69674224601255,baseline,hvac_dr_ee
CAMX,2023-03-06 05:00:00,kWh,127.2712297961434,baseline,hvac_dr_ee
CAMX,2023-03-06 06:00:00,kWh,152.45714407028606,baseline,hvac_dr_ee
CAMX,2023-03-06 07:00:00,kWh,169.8804819955807,baseline,hvac_dr_ee
CAMX,2023-03-06 08:00:00,kWh,159.89227062375963,baseline,hvac_dr_ee
CAMX,2023-03-06 09:00:00,kWh,157.99623991948394,baseline,hvac_dr_ee
CAMX,2023-03-06 10:00:00,kWh,159.38111808914323,baseline,hvac_dr_ee
CAMX,2023-03-06 11:00:00,kWh,161.06205668040238,baseline,hvac_dr_ee
CAMX,2023-03-06 12:00:00,kWh,162.52384306702382,baseline,hvac_dr_ee
CAMX,2023-03-06 13:00:00,kWh,161.37767550318156,baseline,hvac_dr_ee
CAMX,2023-03-06 14:00:00,kWh,158.84276919167468,baseline,hvac_dr_ee
CAMX,2023-03-06 15:00:00,kWh,165.27983275568363,baseline,hvac_dr_ee
CAMX,2023-03-06 16:00:00,kWh,143.88256447805026,baseline,hvac_dr_ee
CAMX,2023-03-06 17:00:00,kWh,120.94303731361337,baseline,hvac_dr_ee
CAMX,2023-03-06 18:00:00,kWh,121.3523572991781,baseline,hvac_dr_ee
CAMX,2023-03-06 19:00:00,kWh,118.5784561839808,baseline,hvac_dr_ee
CAMX,2023-03-06 20:00:00,kWh,117.77640914043994,baseline,hvac_dr_ee
CAMX,2023-03-06 21:00:00,kWh,88.34345231130176,baseline,hvac_dr_ee
CAMX,2023-03-06 22:00:00,kWh,89.43439782020954,baseline,hvac_dr_ee
CAMX,2023-03-06 23:00:00,kWh,80.50947569031992,baseline,hvac_dr_ee
CAMX,2023-03-07 00:00:00,kWh,86.04885459533745,baseline,hvac_dr_ee
CAMX,2023-03-07 01:00:00,kWh,84.84106568147348,baseline,hvac_dr_ee
CAMX,2023-03-07 02:00:00,kWh,78.95012151491767,baseline,hvac_dr_ee
CAMX,2023-03-07 03:00:00,kWh,84.65602932019286,baseline,hvac_dr_ee
CAMX,2023-03-07 04:00:00,kWh,120.60323663815485,baseline,hvac_dr_ee
CAMX,2023-03-07 05:00:00,kWh,134.62030463192693,baseline,hvac_dr_ee
CAMX,2023-03-07 06:00:00,kWh,151.238632973512,baseline,hvac_dr_ee
CAMX,2023-03-07 07:00:00,kWh,166.61991522980367,baseline,hvac_dr_ee
CAMX,2023-03-07 08:00:00,kWh,151.78840025370363,baseline,hvac_dr_ee
CAMX,2023-03-07 09:00:00,kWh,148.1597644208384,baseline,hvac_dr_ee
CAMX,2023-03-07 10:00:00,kWh,150.5981191721725,baseline,hvac_dr_ee
CAMX,2023-03-07 11:00:00,kWh,154.2699447593022,baseline,hvac_dr_ee
CAMX,2023-03-07 12:00:00,kWh,156.31866663680452,baseline,hvac_dr_ee
CAMX,2023-03-07 13:00:00,kWh,155.1806605261961,baseline,hvac_dr_ee
CAMX,2023-03-07 14:00:00,kWh,160.78128894900513,baseline,hvac_dr_ee
CAMX,2023-03-07 15:00:00,kWh,167.48514623197485,baseline,hvac_dr_ee
CAMX,2023-03-07 16:00:00,kWh,142.23101541254317,baseline,hvac_dr_ee
CAMX,2023-03-07 17:00:00,kWh,119.5389631549623,baseline,hvac_dr_ee
CAMX,2023-03-07 18:00:00,kWh,118.17866769442924,baseline,hvac_dr_ee
CAMX,2023-03-07 19:00:00,kWh,112.84229555112857,baseline,hvac_dr_ee
CAMX,2023-03-07 20:00:00,kWh,111.74693908908971,baseline,hvac_dr_ee
CAMX,2023-03-07 21:00:00,kWh,89.46314076778565,baseline,hvac_dr_ee
CAMX,2023-03-07 22:00:00,kWh,90.22922994201934,baseline,hvac_dr_ee
CAMX,2023-03-07 23:00:00,kWh,80.4038456040411,baseline,hvac_dr_ee
CAMX,2023-03-08 00:00:00,kWh,87.13256530443982,baseline,hvac_dr_ee
CAMX,2023-03-08 01:00:00,kWh,86.34403996068045,baseline,hvac_dr_ee
CAMX,2023-03-08 02:00:00,kWh,79.48808400748982,baseline,hvac_dr_ee
CAMX,2023-03-08 03:00:00,kWh,85.21744703695245,baseline,hvac_dr_ee
CAMX,2023-03-08 04:00:00,kWh,124.48150976717088,baseline,hvac_dr_ee
CAMX,2023-03-08 05:00:00,kWh,137.36312393392285,baseline,hvac_dr_ee
CAMX,2023-03-08 06:00:00,kWh,153.71741488905013,baseline,hvac_dr_ee
CAMX,2023-03-08 07:00:00,kWh,165.87756150742206,baseline,hvac_dr_ee
CAMX,2023-03-08 08:00:00,kWh,153.8638531832776,baseline,hvac_dr_ee
CAMX,2023-03-08 09:00:00,kWh,151.96522577970114,baseline,hvac_dr_ee
CAMX,2023-03-08 10:00:00,kWh,155.67182972183153,baseline,hvac_dr_ee
CAMX,2023-03-08 11:00:00,kWh,160.13519203172703,baseline,hvac_dr_ee
CAMX,2023-03-08 12:00:00,kWh,163.78892567783612,baseline,hvac_dr_ee
CAMX,2023-03-08 13:00:00,kWh,161.67707786895699,baseline,hvac_dr_ee
CAMX,2023-03-08 14:00:00,kWh,162.0696645172769,baseline,hvac_dr_ee
CAMX,2023-03-08 15:00:00,kWh,166.7529635630426,baseline,hvac_dr_ee
CAMX,2023-03-08 16:00:00,kWh,144.2356545712213,baseline,hvac_dr_ee
CAMX,2023-03-08 17:00:00,kWh,118.07163505339173,baseline,hvac_dr_ee
CAMX,2023-03-08 18:00:00,kWh,115.68826027299642,baseline,hvac_dr_ee
CAMX,2023-03-08 19:00:00,kWh,111.45223059246223,baseline,hvac_dr_ee
CAMX,2023-03-08 20:00:00,kWh,111.19344310917535,baseline,hvac_dr_ee
CAMX,2023-03-08 21:00:00,kWh,89.45765414632547,baseline,hvac_dr_ee
CAMX,2023-03-08 22:00:00,kWh,90.39169819788722,baseline,hvac_dr_ee
CAMX,2023-03-08 23:00:00,kWh,80.50758175670408,baseline,hvac_dr_ee
CAMX,2023-03-09 00:00:00,kWh,88.12863194175206,baseline,hvac_dr_ee
CAMX,2023-03-09 01:00:00,kWh,87.65507660575894,baseline,hvac_dr_ee
CAMX,2023-03-09 02:00:00,kWh,80.06419106403727,baseline,hvac_dr_ee
CAMX,2023-03-09 03:00:00,kWh,86.47009852577759,baseline,hvac_dr_ee
CAMX,2023-03-09 04:00:00,kWh,123.54897189626448,baseline,hvac_dr_ee
CAMX,2023-03-09 05:00:00,kWh,136.5619834476555,baseline,hvac_dr_ee
CAMX,2023-03-09 06:00:00,kWh,153.11378807171067,baseline,hvac_dr_ee
CAMX,2023-03-09 07:00:00,kWh,165.5496447077021,baseline,hvac_dr_ee
CAMX,2023-03-09 08:00:00,kWh,152.8134372159124,baseline,hvac_dr_ee
CAMX,2023-03-09 09:00:00,kWh,150.86798563087333,baseline,hvac_dr_ee
CAMX,2023-03-09 10:00:00,kWh,151.14022763800702,baseline,hvac_dr_ee
CAMX,2023-03-09 11:00:00,kWh,155.97578489262085,baseline,hvac_dr_ee
CAMX,2023-03-09 12:00:00,kWh,159.51771333041168,baseline,hvac_dr_ee
CAMX,2023-03-09 13:00:00,kWh,158.19139961265776,baseline,hvac_dr_ee
CAMX,2023-03-09 14:00:00,kWh,160.60014557716522,baseline,hvac_dr_ee
CAMX,2023-03-09 15:00:00,kWh,165.16131392278635,baseline,hvac_dr_ee
CAMX,2023-03-09 16:00:00,kWh,142.70297020531558,baseline,hvac_dr_ee
CAMX,2023-03-09 17:00:00,kWh,117.32637055271226,baseline,hvac_dr_ee
CAMX,2023-03-09 18:00:00,kWh,115.78928287226888,baseline,hvac_dr_ee
CAMX,2023-03-09 19:00:00,kWh,111.54507301843057,baseline,hvac_dr_ee
CAMX,2023-03-09 20:00:00,kWh,111.15689279056548,baseline,hvac_dr_ee
CAMX,2023-03-09 21:00:00,kWh,89.55218676950005,baseline,hvac_dr_ee
CAMX,2023-03-09 22:00:00,kWh,90.16807854239562,baseline,hvac_dr_ee
CAMX,2023-03-09 23:00:00,kWh,80.42106926645297,baseline,hvac_dr_ee
CAMX,2023-03-10 00:00:00,kWh,87.74383123069771,baseline,hvac_dr_ee
CAMX,2023-03-10 01:00:00,kWh,87.4005833617136,baseline,hvac_dr_ee
CAMX,2023-03-10 02:00:00,kWh,80.47921644639611,baseline,hvac_dr_ee
CAMX,2023-03-10 03:00:00,kWh,87.01157504248464,baseline,hvac_dr_ee
CAMX,2023-03-10 04:00:00,kWh,122.49249639483912,baseline,hvac_dr_ee
CAMX,2023-03-10 05:00:00,kWh,135.6510716249962,baseline,hvac_dr_ee
CAMX,2023-03-10 06:00:00,kWh,151.91898070400646,baseline,hvac_dr_ee
CAMX,2023-03-10 07:00:00,kWh,167.76786080881294,baseline,hvac_dr_ee
CAMX,2023-03-10 08:00:00,kWh,154.62361057584428,baseline,hvac_dr_ee
CAMX,2023-03-10 09:00:00,kWh,157.17729955168778,baseline,hvac_dr_ee
CAMX,2023-03-10 10:00:00,kWh,159.91281860920597,baseline,hvac_dr_ee
CAMX,2023-03-10 11:00:00,kWh,161.45258626469598,baseline,hvac_dr_ee
CAMX,2023-03-10 12:00:00,kWh,167.66462265824558,baseline,hvac_dr_ee
CAMX,2023-03-10 13:00:00,kWh,166.70250268399806,baseline,hvac_dr_ee
CAMX,2023-03-10 14:00:00,kWh,169.39226010662878,baseline,hvac_dr_ee
CAMX,2023-03-10 15:00:00,kWh,174.22075634104644,baseline,hvac_dr_ee
CAMX,2023-03-10 16:00:00,kWh,147.00924261972588,baseline,hvac_dr_ee
CAMX,2023-03-10 17:00:00,kWh,120.7983471233735,baseline,hvac_dr_ee
CAMX,2023-03-10 18:00:00,kWh,118.38479313596733,baseline,hvac_dr_ee
CAMX,2023-03-10 19:00:00,kWh,114.21809200711628,baseline,hvac_dr_ee
CAMX,2023-03-10 20:00:00,kWh,113.63373237741143,baseline,hvac_dr_ee
CAMX,2023-03-10 21:00:00,kWh,89.26163544425089,baseline,hvac_dr_ee
CAMX,2023-03-10 22:00:00,kWh,90.8264384183466,baseline,hvac_dr_ee
CAMX,2023-03-10 23:00:00,kWh,80.40349582420822,baseline,hvac_dr_ee
CAMX,2023-03-11 00:00:00,kWh,84.27379804466733,baseline,hvac_dr_ee
CAMX,2023-03-11 01:00:00,kWh,84.09301387088956,baseline,hvac_dr_ee
CAMX,2023-03-11 02:00:00,kWh,77.12056947907236,baseline,hvac_dr_ee
CAMX,2023-03-11 03:00:00,kWh,83.59582739869018,baseline,hvac_dr_ee
CAMX,2023-03-11 04:00:00,kWh,100.51010166101209,baseline,hvac_dr_ee
CAMX,2023-03-11 05:00:00,kWh,124.16204186786926,baseline,hvac_dr_ee
CAMX,2023-03-11 06:00:00,kWh,116.62794729331483,baseline,hvac_dr_ee
CAMX,2023-03-11 07:00:00,kWh,122.47562530691171,baseline,hvac_dr_ee
CAMX,2023-03-11 08:00:00,kWh,122.68246647872223,baseline,hvac_dr_ee
CAMX,2023-03-11 09:00:00,kWh,123.7608360116945,baseline,hvac_dr_ee
CAMX,2023-03-11 10:00:00,kWh,128.4147666167469,baseline,hvac_dr_ee
CAMX,2023-03-11 11:00:00,kWh,118.66755032921606,baseline,hvac_dr_ee
CAMX,2023-03-11 12:00:00,kWh,117.42351033093948,baseline,hvac_dr_ee
CAMX,2023-03-11 13:00:00,kWh,117.21929362055836,baseline,hvac_dr_ee
CAMX,2023-03-11 14:00:00,kWh,116.51845659053487,baseline,hvac_dr_ee
CAMX,2023-03-11 15:00:00,kWh,116.63993274227624,baseline,hvac_dr_ee
CAMX,2023-03-11 16:00:00,kWh,108.64370956932119,baseline,hvac_dr_ee
CAMX,2023-03-11 17:00:00,kWh,94.43424450545723,baseline,hvac_dr_ee
CAMX,2023-03-11 18:00:00,kWh,88.29675589847662,baseline,hvac_dr_ee
CAMX,2023-03-11 19:00:00,kWh,78.33691928821662,baseline,hvac_dr_ee
CAMX,2023-03-11 20:00:00,kWh,84.3065087520117,baseline,hvac_dr_ee
CAMX,2023-03-11 21:00:00,kWh,83.91044358352995,baseline,hvac_dr_ee
CAMX,2023-03-11 22:00:00,kWh,77.27323539256159,baseline,hvac_dr_ee
CAMX,2023-03-11 23:00:00,kWh,82.94464690299944,baseline,hvac_dr_ee
CAMX,2023-03-12 00:00:00,kWh,82.65946814912715,baseline,hvac_dr_ee
CAMX,2023-03-12 01:00:00,kWh,72.28433069264614,baseline,hvac_dr_ee
CAMX,2023-03-12 02:00:00,kWh,78.0163154847741,baseline,hvac_dr_ee
CAMX,2023-03-12 03:00:00,kWh,82.97328934304586,baseline,hvac_dr_ee
CAMX,2023-03-12 04:00:00,kWh,71.78048135078916,baseline,hvac_dr_ee
CAMX,2023-03-12 05:00:00,kWh,79.97318100287112,baseline,hvac_dr_ee
CAMX,2023-03-12 06:00:00,kWh,83.66543323241373,baseline,hvac_dr_ee
CAMX,2023-03-12 07:00:00,kWh,77.55144775952849,baseline,hvac_dr_ee
CAMX,2023-03-12 08:00:00,kWh,90.51724166159849,baseline,hvac_dr_ee
CAMX,2023-03-12 09:00:00,kWh,94.09721531104545,baseline,hvac_dr_ee
CAMX,2023-03-12 10:00:00,kWh,86.80785588527237,baseline,hvac_dr_ee
CAMX,2023-03-12 11:00:00,kWh,95.60319304735614,baseline,hvac_dr_ee
CAMX,2023-03-12 12:00:00,kWh,97.41478549452285,baseline,hvac_dr_ee
CAMX,2023-03-12 13:00:00,kWh,90.00720979878051,baseline,hvac_dr_ee
CAMX,2023-03-12 14:00:00,kWh,97.35169578356664,baseline,hvac_dr_ee
CAMX,2023-03-12 15:00:00,kWh,96.07632801027037,baseline,hvac_dr_ee
CAMX,2023-03-12 16:00:00,kWh,87.86477034305622,baseline,hvac_dr_ee
CAMX,2023-03-12 17:00:00,kWh,92.97384825098675,baseline,hvac_dr_ee
CAMX,2023-03-12 18:00:00,kWh,90.58997859223095,baseline,hvac_dr_ee
CAMX,2023-03-12 19:00:00,kWh,72.12914674475358,baseline,hvac_dr_ee
CAMX,2023-03-12 20:00:00,kWh,79.85082393345387,baseline,hvac_dr_ee
CAMX,2023-03-12 21:00:00,kWh,78.5533265100323,baseline,hvac_dr_ee
CAMX,2023-03-12 22:00:00,kWh,73.30690139384842,baseline,hvac_dr_ee
CAMX,2023-03-12 23:00:00,kWh,76.31832554444499,baseline,hvac_dr_ee
CAMX,2023-03-13 00:00:00,kWh,76.41001448869179,baseline,hvac_dr_ee
CAMX,2023-03-13 01:00:00,kWh,75.17226939121532,baseline,hvac_dr_ee
CAMX,2023-03-13 02:00:00,kWh,78.49134438721998,baseline,hvac_dr_ee
CAMX,2023-03-13 03:00:00,kWh,81.42501433045861,baseline,hvac_dr_ee
CAMX,2023-03-13 04:00:00,kWh,113.51368929384199,baseline,hvac_dr_ee
CAMX,2023-03-13 05:00:00,kWh,135.47984140969018,baseline,hvac_dr_ee
CAMX,2023-03-13 06:00:00,kWh,152.13371575181893,baseline,hvac_dr_ee
CAMX,2023-03-13 07:00:00,kWh,164.67827665525087,baseline,hvac_dr_ee
CAMX,2023-03-13 08:00:00,kWh,153.01855868716845,baseline,hvac_dr_ee
CAMX,2023-03-13 09:00:00,kWh,151.1390499130415,baseline,hvac_dr_ee
CAMX,2023-03-13 10:00:00,kWh,152.04869311120228,baseline,hvac_dr_ee
CAMX,2023-03-13 11:00:00,kWh,155.60103514856112,baseline,hvac_dr_ee
CAMX,2023-03-13 12:00:00,kWh,155.6223214757469,baseline,hvac_dr_ee
CAMX,2023-03-13 13:00:00,kWh,153.35068279581395,baseline,hvac_dr_ee
CAMX,2023-03-13 14:00:00,kWh,156.55247319760036,baseline,hvac_dr_ee
CAMX,2023-03-13 15:00:00,kWh,159.81482619852943,baseline,hvac_dr_ee
CAMX,2023-03-13 16:00:00,kWh,140.88607098756066,baseline,hvac_dr_ee
CAMX,2023-03-13 17:00:00,kWh,117.17880176325913,baseline,hvac_dr_ee
CAMX,2023-03-13 18:00:00,kWh,116.55474392846797,baseline,hvac_dr_ee
CAMX,2023-03-13 19:00:00,kWh,113.71600918472154,baseline,hvac_dr_ee
CAMX,2023-03-13 20:00:00,kWh,112.70226667640708,baseline,hvac_dr_ee
CAMX,2023-03-13 21:00:00,kWh,87.34620017105317,baseline,hvac_dr_ee
CAMX,2023-03-13 22:00:00,kWh,90.3540878174885,baseline,hvac_dr_ee
CAMX,2023-03-13 23:00:00,kWh,81.13117785998523,baseline,hvac_dr_ee
CAMX,2023-03-14 00:00:00,kWh,87.57510986296032,baseline,hvac_dr_ee
CAMX,2023-03-14 01:00:00,kWh,86.86782729823814,baseline,hvac_dr_ee
CAMX,2023-03-14 02:00:00,kWh,79.52334902620915,baseline,hvac_dr_ee
CAMX,2023-03-14 03:00:00,kWh,86.17104868727091,baseline,hvac_dr_ee
CAMX,2023-03-14 04:00:00,kWh,113.35422297503959,baseline,hvac_dr_ee
CAMX,2023-03-14 05:00:00,kWh,134.32436496801748,baseline,hvac_dr_ee
CAMX,2023-03-14 06:00:00,kWh,151.3233308252457,baseline,hvac_dr_ee
CAMX,2023-03-14 07:00:00,kWh,164.69553304017643,baseline,hvac_dr_ee
CAMX,2023-03-14 08:00:00,kWh,152.714712301134,baseline,hvac_dr_ee
CAMX,2023-03-14 09:00:00,kWh,148.18582412548602,baseline,hvac_dr_ee
CAMX,2023-03-14 10:00:00,kWh,149.84759468353988,baseline,hvac_dr_ee
CAMX,2023-03-14 11:00:00,kWh,153.48339908172946,baseline,hvac_dr_ee
CAMX,2023-03-14 12:00:00,kWh,153.5319680177183,baseline,hvac_dr_ee
CAMX,2023-03-14 13:00:00,kWh,151.58112301001924,baseline,hvac_dr_ee
CAMX,2023-03-14 14:00:00,kWh,154.63833975096077,baseline,hvac_dr_ee
CAMX,2023-03-14 15:00:00,kWh,159.3671960483969,baseline,hvac_dr_ee
CAMX,2023-03-14 16:00:00,kWh,141.8573445318512,baseline,hvac_dr_ee
CAMX,2023-03-14 17:00:00,kWh,117.50013739115232,baseline,hvac_dr_ee
CAMX,2023-03-14 18:00:00,kWh,116.53990204719798,baseline,hvac_dr_ee
CAMX,2023-03-14 19:00:00,kWh,113.54288227176602,baseline,hvac_dr_ee
CAMX,2023-03-14 20:00:00,kWh,113.46832454362166,baseline,hvac_dr_ee
CAMX,2023-03-14 21:00:00,kWh,88.40821377979674,baseline,hvac_dr_ee
CAMX,2023-03-14 22:00:00,kWh,90.26035477984642,baseline,hvac_dr_ee
CAMX,2023-03-14 23:00:00,kWh,80.2777541862783,baseline,hvac_dr_ee
CAMX,2023-03-15 00:00:00,kWh,87.26579061131376,baseline,hvac_dr_ee
CAMX,2023-03-15 01:00:00,kWh,87.03760994993628,baseline,hvac_dr_ee
CAMX,2023-03-15 02:00:00,kWh,80.30996475480643,baseline,hvac_dr_ee
CAMX,2023-03-15 03:00:00,kWh,86.08837141259097,baseline,hvac_dr_ee
CAMX,2023-03-15 04:00:00,kWh,122.06033091487399,baseline,hvac_dr_ee
CAMX,2023-03-15 05:00:00,kWh,135.84704953260214,baseline,hvac_dr_ee
CAMX,2023-03-15 06:00:00,kWh,153.02644257384893,baseline,hvac_dr_ee
CAMX,2023-03-15 07:00:00,kWh,164.45199211185925,baseline,hvac_dr_ee
CAMX,2023-03-15 08:00:00,kWh,152.02278783600894,baseline,hvac_dr_ee
CAMX,2023-03-15 09:00:00,kWh,150.5868461937228,baseline,hvac_dr_ee
CAMX,2023-03-15 10:00:00,kWh,152.9453551926848,baseline,hvac_dr_ee
CAMX,2023-03-15 11:00:00,kWh,158.47439460548054,baseline,hvac_dr_ee
CAMX,2023-03-15 12:00:00,kWh,160.68559634686366,baseline,hvac_dr_ee
CAMX,2023-03-15 13:00:00,kWh,159.2353950789424,baseline,hvac_dr_ee
CAMX,2023-03-15 14:00:00,kWh,160.5863538148209,baseline,hvac_dr_ee
CAMX,2023-03-15 15:00:00,kWh,164.64512539797636,baseline,hvac_dr_ee
CAMX,2023-03-15 16:00:00,kWh,144.07984012956203,baseline,hvac_dr_ee
CAMX,2023-03-15 17:00:00,kWh,119.9819394085782,baseline,hvac_dr_ee
CAMX,2023-03-15 18:00:00,kWh,117.86556613351216,baseline,hvac_dr_ee
CAMX,2023-03-15 19:00:00,kWh,112.56153212621214,baseline,hvac_dr_ee
CAMX,2023-03-15 20:00:00,kWh,111.30746341555812,baseline,hvac_dr_ee
CAMX,2023-03-15 21:00:00,kWh,89.14403371338965,baseline,hvac_dr_ee
CAMX,2023-03-15 22:00:00,kWh,90.36075157512536,baseline,hvac_dr_ee
CAMX,2023-03-15 23:00:00,kWh,80.39956893410954,baseline,hvac_dr_ee
CAMX,2023-03-16 00:00:00,kWh,87.52359376172653,baseline,hvac_dr_ee
CAMX,2023-03-16 01:00:00,kWh,87.27662471108404,baseline,hvac_dr_ee
CAMX,2023-03-16 02:00:00,kWh,80.39646758980959,baseline,hvac_dr_ee
CAMX,2023-03-16 03:00:00,kWh,85.87603648517843,baseline,hvac_dr_ee
CAMX,2023-03-16 04:00:00,kWh,104.03876853839581,baseline,hvac_dr_ee
CAMX,2023-03-16 05:00:00,kWh,130.63926985732493,baseline,hvac_dr_ee
CAMX,2023-03-16 06:00:00,kWh,149.73328501866143,baseline,hvac_dr_ee
CAMX,2023-03-16 07:00:00,kWh,164.00223058994095,baseline,hvac_dr_ee
CAMX,2023-03-16 08:00:00,kWh,153.24812557865084,baseline,hvac_dr_ee
CAMX,2023-03-16 09:00:00,kWh,149.91592856716022,baseline,hvac_dr_ee
CAMX,2023-03-16 10:00:00,kWh,150.9687000200032,baseline,hvac_dr_ee
CAMX,2023-03-16 11:00:00,kWh,155.20050161179708,baseline,hvac_dr_ee
CAMX,2023-03-16 12:00:00,kWh,156.6532204624194,baseline,hvac_dr_ee
CAMX,2023-03-16 13:00:00,kWh,156.7221510955707,baseline,hvac_dr_ee
CAMX,2023-03-16 14:00:00,kWh,159.73165139273883,baseline,hvac_dr_ee
CAMX,2023-03-16 15:00:00,kWh,164.66039890813533,baseline,hvac_dr_ee
CAMX,2023-03-16 16:00:00,kWh,146.08159232121739,baseline,hvac_dr_ee
CAMX,2023-03-16 17:00:00,kWh,120.29773222554527,baseline,hvac_dr_ee
CAMX,2023-03-16 18:00:00,kWh,118.05493413756471,baseline,hvac_dr_ee
CAMX,2023-03-16 19:00:00,kWh,113.85439619978115,baseline,hvac_dr_ee
CAMX,2023-03-16 20:00:00,kWh,112.67948000749557,baseline,hvac_dr_ee
CAMX,2023-03-16 21:00:00,kWh,89.02816295786683,baseline,hvac_dr_ee
CAMX,2023-03-16 22:00:00,kWh,90.65415589122654,baseline,hvac_dr_ee
CAMX,2023-03-16 23:00:00,kWh,80.54804241981877,baseline,hvac_dr_ee
CAMX,2023-03-17 00:00:00,kWh,88.16703208155245,baseline,hvac_dr_ee
CAMX,2023-03-17 01:00:00,kWh,87.57562870364642,baseline,hvac_dr_ee
CAMX,2023-03-17 02:00:00,kWh,80.9863258903956,baseline,hvac_dr_ee
CAMX,2023-03-17 03:00:00,kWh,86.3832878370232,baseline,hvac_dr_ee
CAMX,2023-03-17 04:00:00,kWh,115.86346750897422,baseline,hvac_dr_ee
CAMX,2023-03-17 05:00:00,kWh,134.27807036136727,baseline,hvac_dr_ee
CAMX,2023-03-17 06:00:00,kWh,151.28253680882506,baseline,hvac_dr_ee
CAMX,2023-03-17 07:00:00,kWh,163.61424766853133,baseline,hvac_dr_ee
CAMX,2023-03-17 08:00:00,kWh,151.06525421995266,baseline,hvac_dr_ee
CAMX,2023-03-17 09:00:00,kWh,150.06381131188067,baseline,hvac_dr_ee
CAMX,2023-03-17 10:00:00,kWh,153.111360902291,baseline,hvac_dr_ee
CAMX,2023-03-17 11:00:00,kWh,157.49558445225267,baseline,hvac_dr_ee
CAMX,2023-03-17 12:00:00,kWh,159.86308159956764,baseline,hvac_dr_ee
CAMX,2023-03-17 13:00:00,kWh,158.3212045052836,baseline,hvac_dr_ee
CAMX,2023-03-17 14:00:00,kWh,157.99847361616918,baseline,hvac_dr_ee
CAMX,2023-03-17 15:00:00,kWh,162.08655505219187,baseline,hvac_dr_ee
CAMX,2023-03-17 16:00:00,kWh,142.53537500406003,baseline,hvac_dr_ee
CAMX,2023-03-17 17:00:00,kWh,119.68189147393358,baseline,hvac_dr_ee
CAMX,2023-03-17 18:00:00,kWh,119.42500310710366,baseline,hvac_dr_ee
CAMX,2023-03-17 19:00:00,kWh,114.2809397374723,baseline,hvac_dr_ee
CAMX,2023-03-17 20:00:00,kWh,112.36066708758516,baseline,hvac_dr_ee
CAMX,2023-03-17 21:00:00,kWh,89.25136251137083,baseline,hvac_dr_ee
CAMX,2023-03-17 22:00:00,kWh,90.9025034457772,baseline,hvac_dr_ee
CAMX,2023-03-17 23:00:00,kWh,80.81408819111404,baseline,hvac_dr_ee
CAMX,2023-03-18 00:00:00,kWh,84.90408601391925,baseline,hvac_dr_ee
CAMX,2023-03-18 01:00:00,kWh,84.58599676646338,baseline,hvac_dr_ee
CAMX,2023-03-18 02:00:00,kWh,76.76071804847113,baseline,hvac_dr_ee
CAMX,2023-03-18 03:00:00,kWh,83.24206163425778,baseline,hvac_dr_ee
CAMX,2023-03-18 04:00:00,kWh,99.74575879188569,baseline,hvac_dr_ee
CAMX,2023-03-18 05:00:00,kWh,125.51170364604147,baseline,hvac_dr_ee
CAMX,2023-03-18 06:00:00,kWh,117.5409164076525,baseline,hvac_dr_ee
CAMX,2023-03-18 07:00:00,kWh,123.4881699726296,baseline,hvac_dr_ee
CAMX,2023-03-18 08:00:00,kWh,122.08009397837446,baseline,hvac_dr_ee
CAMX,2023-03-18 09:00:00,kWh,120.2406799974549,baseline,hvac_dr_ee
CAMX,2023-03-18 10:00:00,kWh,123.91933082006264,baseline,hvac_dr_ee
CAMX,2023-03-18 11:00:00,kWh,115.96207565623115,baseline,hvac_dr_ee
CAMX,2023-03-18 12:00:00,kWh,112.8868877787838,baseline,hvac_dr_ee
CAMX,2023-03-18 13:00:00,kWh,111.51083505215375,baseline,hvac_dr_ee
CAMX,2023-03-18 14:00:00,kWh,111.15963890175857,baseline,hvac_dr_ee
CAMX,2023-03-18 15:00:00,kWh,111.26732121646828,baseline,hvac_dr_ee
CAMX,2023-03-18 16:00:00,kWh,104.6523874217054,baseline,hvac_dr_ee
CAMX,2023-03-18 17:00:00,kWh,81.42576789871524,baseline,hvac_dr_ee
CAMX,2023-03-18 18:00:00,kWh,86.34537586967225,baseline,hvac_dr_ee
CAMX,2023-03-18 19:00:00,kWh,78.90689545167386,baseline,hvac_dr_ee
CAMX,2023-03-18 20:00:00,kWh,83.12209701733767,baseline,hvac_dr_ee
CAMX,2023-03-18 21:00:00,kWh,82.98024159396253,baseline,hvac_dr_ee
CAMX,2023-03-18 22:00:00,kWh,78.20778470770671,baseline,hvac_dr_ee
CAMX,2023-03-18 23:00:00,kWh,81.76323512045212,baseline,hvac_dr_ee
CAMX,2023-03-19 00:00:00,kWh,80.87337521063778,baseline,hvac_dr_ee
CAMX,2023-03-19 01:00:00,kWh,72.3319706401898,baseline,hvac_dr_ee
CAMX,2023-03-19 02:00:00,kWh,75.01453242535169,baseline,hvac_dr_ee
CAMX,2023-03-19 03:00:00,kWh,79.42600887703819,baseline,hvac_dr_ee
CAMX,2023-03-19 04:00:00,kWh,70.6244068016277,baseline,hvac_dr_ee
CAMX,2023-03-19 05:00:00,kWh,80.4122216453901,baseline,hvac_dr_ee
CAMX,2023-03-19 06:00:00,kWh,82.60650934690482,baseline,hvac_dr_ee
CAMX,2023-03-19 07:00:00,kWh,78.27030078449188,baseline,hvac_dr_ee
CAMX,2023-03-19 08:00:00,kWh,87.52447938988442,baseline,hvac_dr_ee
CAMX,2023-03-19 09:00:00,kWh,82.25554532419352,baseline,hvac_dr_ee
CAMX,2023-03-19 10:00:00,kWh,86.54084185482255,baseline,hvac_dr_ee
CAMX,2023-03-19 11:00:00,kWh,92.1996264807334,baseline,hvac_dr_ee
CAMX,2023-03-19 12:00:00,kWh,93.15843509408231,baseline,hvac_dr_ee
CAMX,2023-03-19 13:00:00,kWh,91.75504809851321,baseline,hvac_dr_ee
CAMX,2023-03-19 14:00:00,kWh,88.53020971302145,baseline,hvac_dr_ee
CAMX,2023-03-19 15:00:00,kWh,82.20767489192443,baseline,hvac_dr_ee
CAMX,2023-03-19 16:00:00,kWh,80.8276302305539,baseline,hvac_dr_ee
CAMX,2023-03-19 17:00:00,kWh,82.90517455182938,baseline,hvac_dr_ee
CAMX,2023-03-19 18:00:00,kWh,73.79399796875107,baseline,hvac_dr_ee
CAMX,2023-03-19 19:00:00,kWh,72.22115341506215,baseline,hvac_dr_ee
CAMX,2023-03-19 20:00:00,kWh,78.69503798240294,baseline,hvac_dr_ee
CAMX,2023-03-19 21:00:00,kWh,76.60206806044793,baseline,hvac_dr_ee
CAMX,2023-03-19 22:00:00,kWh,71.91809863435537,baseline,hvac_dr_ee
CAMX,2023-03-19 23:00:00,kWh,73.44876161318166,baseline,hvac_dr_ee
CAMX,2023-03-20 00:00:00,kWh,71.57102642310718,baseline,hvac_dr_ee
CAMX,2023-03-20 01:00:00,kWh,77.83758995674904,baseline,hvac_dr_ee
CAMX,2023-03-20 02:00:00,kWh,78.68370882146802,baseline,hvac_dr_ee
CAMX,2023-03-20 03:00:00,kWh,73.27861051925561,baseline,hvac_dr_ee
CAMX,2023-03-20 04:00:00,kWh,82.41619435721908,baseline,hvac_dr_ee
CAMX,2023-03-20 05:00:00,kWh,129.3682937384887,baseline,hvac_dr_ee
CAMX,2023-03-20 06:00:00,kWh,148.0789259996911,baseline,hvac_dr_ee
CAMX,2023-03-20 07:00:00,kWh,163.37062959278526,baseline,hvac_dr_ee
CAMX,2023-03-20 08:00:00,kWh,152.31906261718535,baseline,hvac_dr_ee
CAMX,2023-03-20 09:00:00,kWh,150.05948304511435,baseline,hvac_dr_ee
CAMX,2023-03-20 10:00:00,kWh,151.38724435901045,baseline,hvac_dr_ee
CAMX,2023-03-20 11:00:00,kWh,157.60827972444056,baseline,hvac_dr_ee
CAMX,2023-03-20 12:00:00,kWh,154.47335383249415,baseline,hvac_dr_ee
CAMX,2023-03-20 13:00:00,kWh,151.25664564228262,baseline,hvac_dr_ee
CAMX,2023-03-20 14:00:00,kWh,152.18067421601663,baseline,hvac_dr_ee
CAMX,2023-03-20 15:00:00,kWh,156.22967358911632,baseline,hvac_dr_ee
CAMX,2023-03-20 16:00:00,kWh,142.0871576763119,baseline,hvac_dr_ee
CAMX,2023-03-20 17:00:00,kWh,120.25151672501302,baseline,hvac_dr_ee
CAMX,2023-03-20 18:00:00,kWh,120.24728970097591,baseline,hvac_dr_ee
CAMX,2023-03-20 19:00:00,kWh,117.13492996979542,baseline,hvac_dr_ee
CAMX,2023-03-20 20:00:00,kWh,114.74892802966772,baseline,hvac_dr_ee
CAMX,2023-03-20 21:00:00,kWh,87.55154418149115,baseline,hvac_dr_ee
CAMX,2023-03-20 22:00:00,kWh,89.77883053755217,baseline,hvac_dr_ee
CAMX,2023-03-20 23:00:00,kWh,80.86601233957134,baseline,hvac_dr_ee
CAMX,2023-03-21 00:00:00,kWh,86.82676349407649,baseline,hvac_dr_ee
CAMX,2023-03-21 01:00:00,kWh,85.7676868950043,baseline,hvac_dr_ee
CAMX,2023-03-21 02:00:00,kWh,79.96466101266094,baseline,hvac_dr_ee
CAMX,2023-03-21 03:00:00,kWh,85.00928008221825,baseline,hvac_dr_ee
CAMX,2023-03-21 04:00:00,kWh,105.6166639013685,baseline,hvac_dr_ee
CAMX,2023-03-21 05:00:00,kWh,131.7204056212106,baseline,hvac_dr_ee
CAMX,2023-03-21 06:00:00,kWh,151.2654430666351,baseline,hvac_dr_ee
CAMX,2023-03-21 07:00:00,kWh,166.3079491090237,baseline,hvac_dr_ee
CAMX,2023-03-21 08:00:00,kWh,158.22814194754397,baseline,hvac_dr_ee
CAMX,2023-03-21 09:00:00,kWh,160.01178790775617,baseline,hvac_dr_ee
CAMX,2023-03-21 10:00:00,kWh,161.82022286460185,baseline,hvac_dr_ee
CAMX,2023-03-21 11:00:00,kWh,162.0453573012084,baseline,hvac_dr_ee
CAMX,2023-03-21 12:00:00,kWh,165.78616116807757,baseline,hvac_dr_ee
CAMX,2023-03-21 13:00:00,kWh,169.20643923228693,baseline,hvac_dr_ee
CAMX,2023-03-21 14:00:00,kWh,167.6677514909647,baseline,hvac_dr_ee
CAMX,2023-03-21 15:00:00,kWh,169.21307142019032,baseline,hvac_dr_ee
CAMX,2023-03-21 16:00:00,kWh,147.68541459594388,baseline,hvac_dr_ee
CAMX,2023-03-21 17:00:00,kWh,121.51355785338954,baseline,hvac_dr_ee
CAMX,2023-03-21 18:00:00,kWh,118.48458853452657,baseline,hvac_dr_ee
CAMX,2023-03-21 19:00:00,kWh,114.51344699595988,baseline,hvac_dr_ee
CAMX,2023-03-21 20:00:00,kWh,114.00774516477078,baseline,hvac_dr_ee
CAMX,2023-03-21 21:00:00,kWh,88.99149254434371,baseline,hvac_dr_ee
CAMX,2023-03-21 22:00:00,kWh,90.12201686896282,baseline,hvac_dr_ee
CAMX,2023-03-21 23:00:00,kWh,80.34964317531197,baseline,hvac_dr_ee
CAMX,2023-03-22 00:00:00,kWh,87.85696788953221,baseline,hvac_dr_ee
CAMX,2023-03-22 01:00:00,kWh,87.40188253559323,baseline,hvac_dr_ee
CAMX,2023-03-22 02:00:00,kWh,80.48431585461176,baseline,hvac_dr_ee
CAMX,2023-03-22 03:00:00,kWh,87.33242259486404,baseline,hvac_dr_ee
CAMX,2023-03-22 04:00:00,kWh,106.07570877709604,baseline,hvac_dr_ee
CAMX,2023-03-22 05:00:00,kWh,131.778006713623,baseline,hvac_dr_ee
CAMX,2023-03-22 06:00:00,kWh,147.6640519808435,baseline,hvac_dr_ee
CAMX,2023-03-22 07:00:00,kWh,162.54203643958914,baseline,hvac_dr_ee
CAMX,2023-03-22 08:00:00,kWh,153.59667934423263,baseline,hvac_dr_ee
CAMX,2023-03-22 09:00:00,kWh,153.1673165134908,baseline,hvac_dr_ee
CAMX,2023-03-22 10:00:00,kWh,157.51014956446187,baseline,hvac_dr_ee
CAMX,2023-03-22 11:00:00,kWh,160.0534073152824,baseline,hvac_dr_ee
CAMX,2023-03-22 12:00:00,kWh,167.63286790148004,baseline,hvac_dr_ee
CAMX,2023-03-22 13:00:00,kWh,167.1860130135783,baseline,hvac_dr_ee
CAMX,2023-03-22 14:00:00,kWh,168.29267606715618,baseline,hvac_dr_ee
CAMX,2023-03-22 15:00:00,kWh,171.62871698106244,baseline,hvac_dr_ee
CAMX,2023-03-22 16:00:00,kWh,147.1187594841919,baseline,hvac_dr_ee
CAMX,2023-03-22 17:00:00,kWh,120.00691006890581,baseline,hvac_dr_ee
CAMX,2023-03-22 18:00:00,kWh,116.49373339197467,baseline,hvac_dr_ee
CAMX,2023-03-22 19:00:00,kWh,111.70742351151796,baseline,hvac_dr_ee
CAMX,2023-03-22 20:00:00,kWh,110.14081527399867,baseline,hvac_dr_ee
CAMX,2023-03-22 21:00:00,kWh,89.21941014817057,baseline,hvac_dr_ee
CAMX,2023-03-22 22:00:00,kWh,92.19632334610147,baseline,hvac_dr_ee
CAMX,2023-03-22 23:00:00,kWh,80.550250092172,baseline,hvac_dr_ee
CAMX,2023-03-23 00:00:00,kWh,89.82816672001059,baseline,hvac_dr_ee
CAMX,2023-03-23 01:00:00,kWh,87.6229066471241,baseline,hvac_dr_ee
CAMX,2023-03-23 02:00:00,kWh,80.7136147402461,baseline,hvac_dr_ee
CAMX,2023-03-23 03:00:00,kWh,87.46663086319515,baseline,hvac_dr_ee
CAMX,2023-03-23 04:00:00,kWh,113.09182804155648,baseline,hvac_dr_ee
CAMX,2023-03-23 05:00:00,kWh,134.07964854243005,baseline,hvac_dr_ee
CAMX,2023-03-23 06:00:00,kWh,149.9062545576674,baseline,hvac_dr_ee
CAMX,2023-03-23 07:00:00,kWh,165.57188060933916,baseline,hvac_dr_ee
CAMX,2023-03-23 08:00:00,kWh,156.42814330598213,baseline,hvac_dr_ee
CAMX,2023-03-23 09:00:00,kWh,158.20148129112312,baseline,hvac_dr_ee
CAMX,2023-03-23 10:00:00,kWh,164.22856367568164,baseline,hvac_dr_ee
CAMX,2023-03-23 11:00:00,kWh,166.89163097038,baseline,hvac_dr_ee
CAMX,2023-03-23 12:00:00,kWh,168.1955196781747,baseline,hvac_dr_ee
CAMX,2023-03-23 13:00:00,kWh,169.06140011602525,baseline,hvac_dr_ee
CAMX,2023-03-23 14:00:00,kWh,170.56884412037377,baseline,hvac_dr_ee
CAMX,2023-03-23 15:00:00,kWh,177.62023622335803,baseline,hvac_dr_ee
CAMX,2023-03-23 16:00:00,kWh,148.793333709236,baseline,hvac_dr_ee
CAMX,2023-03-23 17:00:00,kWh,121.2615308314739,baseline,hvac_dr_ee
CAMX,2023-03-23 18:00:00,kWh,119.42643414890038,baseline,hvac_dr_ee
CAMX,2023-03-23 19:00:00,kWh,113.31962780393056,baseline,hvac_dr_ee
CAMX,2023-03-23 20:00:00,kWh,110.94387000849459,baseline,hvac_dr_ee
CAMX,2023-03-23 21:00:00,kWh,90.78111510906734,baseline,hvac_dr_ee
CAMX,2023-03-23 22:00:00,kWh,91.6158757510918,baseline,hvac_dr_ee
CAMX,2023-03-23 23:00:00,kWh,81.86416230105601,baseline,hvac_dr_ee
CAMX,2023-03-24 00:00:00,kWh,89.76044123346983,baseline,hvac_dr_ee
CAMX,2023-03-24 01:00:00,kWh,89.40875122374463,baseline,hvac_dr_ee
CAMX,2023-03-24 02:00:00,kWh,81.68085695077164,baseline,hvac_dr_ee
CAMX,2023-03-24 03:00:00,kWh,88.63518132817717,baseline,hvac_dr_ee
CAMX,2023-03-24 04:00:00,kWh,98.61809178794348,baseline,hvac_dr_ee
CAMX,2023-03-24 05:00:00,kWh,131.55042600366033,baseline,hvac_dr_ee
CAMX,2023-03-24 06:00:00,kWh,148.6517578335008,baseline,hvac_dr_ee
CAMX,2023-03-24 07:00:00,kWh,163.31456064364323,baseline,hvac_dr_ee
CAMX,2023-03-24 08:00:00,kWh,153.59764058473965,baseline,hvac_dr_ee
CAMX,2023-03-24 09:00:00,kWh,155.1137538210956,baseline,hvac_dr_ee
CAMX,2023-03-24 10:00:00,kWh,161.69568324058085,baseline,hvac_dr_ee
CAMX,2023-03-24 11:00:00,kWh,165.27525734252396,baseline,hvac_dr_ee
CAMX,2023-03-24 12:00:00,kWh,171.37001216101748,baseline,hvac_dr_ee
CAMX,2023-03-24 13:00:00,kWh,170.79949299075236,baseline,hvac_dr_ee
CAMX,2023-03-24 14:00:00,kWh,175.2771514871606,baseline,hvac_dr_ee
CAMX,2023-03-24 15:00:00,kWh,183.20330199180717,baseline,hvac_dr_ee
CAMX,2023-03-24 16:00:00,kWh,156.27460933087576,baseline,hvac_dr_ee
CAMX,2023-03-24 17:00:00,kWh,125.20176315004042,baseline,hvac_dr_ee
CAMX,2023-03-24 18:00:00,kWh,119.53463009397943,baseline,hvac_dr_ee
CAMX,2023-03-24 19:00:00,kWh,116.0230898263204,baseline,hvac_dr_ee
CAMX,2023-03-24 20:00:00,kWh,114.29338162601508,baseline,hvac_dr_ee
CAMX,2023-03-24 21:00:00,kWh,91.2411147201245,baseline,hvac_dr_ee
CAMX,2023-03-24 22:00:00,kWh,95.06553861977872,baseline,hvac_dr_ee
CAMX,2023-03-24 23:00:00,kWh,83.17991499539153,baseline,hvac_dr_ee
CAMX,2023-03-25 00:00:00,kWh,85.78405122391923,baseline,hvac_dr_ee
CAMX,2023-03-25 01:00:00,kWh,84.68365120203161,baseline,hvac_dr_ee
CAMX,2023-03-25 02:00:00,kWh,77.82340404811265,baseline,hvac_dr_ee
CAMX,2023-03-25 03:00:00,kWh,85.24535263634722,baseline,hvac_dr_ee
CAMX,2023-03-25 04:00:00,kWh,88.83626604668629,baseline,hvac_dr_ee
CAMX,2023-03-25 05:00:00,kWh,119.66423982024526,baseline,hvac_dr_ee
CAMX,2023-03-25 06:00:00,kWh,115.61778982074695,baseline,hvac_dr_ee
CAMX,2023-03-25 07:00:00,kWh,120.61299577153162,baseline,hvac_dr_ee
CAMX,2023-03-25 08:00:00,kWh,123.32929986660258,baseline,hvac_dr_ee
CAMX,2023-03-25 09:00:00,kWh,124.17737113450325,baseline,hvac_dr_ee
CAMX,2023-03-25 10:00:00,kWh,125.09356456887019,baseline,hvac_dr_ee
CAMX,2023-03-25 11:00:00,kWh,116.35957656627573,baseline,hvac_dr_ee
CAMX,2023-03-25 12:00:00,kWh,116.55712566068283,baseline,hvac_dr_ee
CAMX,2023-03-25 13:00:00,kWh,118.2066834700911,baseline,hvac_dr_ee
CAMX,2023-03-25 14:00:00,kWh,118.68243380301092,baseline,hvac_dr_ee
CAMX,2023-03-25 15:00:00,kWh,119.67545744837533,baseline,hvac_dr_ee
CAMX,2023-03-25 16:00:00,kWh,109.12359786747724,baseline,hvac_dr_ee
CAMX,2023-03-25 17:00:00,kWh,93.32967083087902,baseline,hvac_dr_ee
CAMX,2023-03-25 18:00:00,kWh,91.94717047110764,baseline,hvac_dr_ee
CAMX,2023-03-25 19:00:00,kWh,79.24149975732288,baseline,hvac_dr_ee
CAMX,2023-03-25 20:00:00,kWh,89.02538518794198,baseline,hvac_dr_ee
CAMX,2023-03-25 21:00:00,kWh,84.54037650663456,baseline,hvac_dr_ee
CAMX,2023-03-25 22:00:00,kWh,77.74561675390405,baseline,hvac_dr_ee
CAMX,2023-03-25 23:00:00,kWh,83.49872406979046,baseline,hvac_dr_ee
CAMX,2023-03-26 00:00:00,kWh,83.16293385639291,baseline,hvac_dr_ee
CAMX,2023-03-26 01:00:00,kWh,75.0978143905821,baseline,hvac_dr_ee
CAMX,2023-03-26 02:00:00,kWh,81.12595008427851,baseline,hvac_dr_ee
CAMX,2023-03-26 03:00:00,kWh,83.58359946711195,baseline,hvac_dr_ee
CAMX,2023-03-26 04:00:00,kWh,76.05185658074306,baseline,hvac_dr_ee
CAMX,2023-03-26 05:00:00,kWh,81.87243211013342,baseline,hvac_dr_ee
CAMX,2023-03-26 06:00:00,kWh,83.17817332280097,baseline,hvac_dr_ee
CAMX,2023-03-26 07:00:00,kWh,76.2782435958609,baseline,hvac_dr_ee
CAMX,2023-03-26 08:00:00,kWh,84.12750847721746,baseline,hvac_dr_ee
CAMX,2023-03-26 09:00:00,kWh,81.73108874064971,baseline,hvac_dr_ee
CAMX,2023-03-26 10:00:00,kWh,80.78911772839018,baseline,hvac_dr_ee
CAMX,2023-03-26 11:00:00,kWh,92.10508187374275,baseline,hvac_dr_ee
CAMX,2023-03-26 12:00:00,kWh,90.68001073187742,baseline,hvac_dr_ee
CAMX,2023-03-26 13:00:00,kWh,86.21526407902007,baseline,hvac_dr_ee
CAMX,2023-03-26 14:00:00,kWh,91.62354555505671,baseline,hvac_dr_ee
CAMX,2023-03-26 15:00:00,kWh,90.95177499327963,baseline,hvac_dr_ee
CAMX,2023-03-26 16:00:00,kWh,82.62310936486689,baseline,hvac_dr_ee
CAMX,2023-03-26 17:00:00,kWh,89.0988454954379,baseline,hvac_dr_ee
CAMX,2023-03-26 18:00:00,kWh,87.55224154982284,baseline,hvac_dr_ee
CAMX,2023-03-26 19:00:00,kWh,80.73685173373042,baseline,hvac_dr_ee
CAMX,2023-03-26 20:00:00,kWh,82.29500629807156,baseline,hvac_dr_ee
CAMX,2023-03-26 21:00:00,kWh,81.48379805175351,baseline,hvac_dr_ee
CAMX,2023-03-26 22:00:00,kWh,74.75835771825953,baseline,hvac_dr_ee
CAMX,2023-03-26 23:00:00,kWh,79.08718677793168,baseline,hvac_dr_ee
CAMX,2023-03-27 00:00:00,kWh,82.56640074466296,baseline,hvac_dr_ee
CAMX,2023-03-27 01:00:00,kWh,74.95505471440462,baseline,hvac_dr_ee
CAMX,2023-03-27 02:00:00,kWh,79.34062321333428,baseline,hvac_dr_ee
CAMX,2023-03-27 03:00:00,kWh,83.84214401414563,baseline,hvac_dr_ee
CAMX,2023-03-27 04:00:00,kWh,94.04206916064246,baseline,hvac_dr_ee
CAMX,2023-03-27 05:00:00,kWh,130.13334532598213,baseline,hvac_dr_ee
CAMX,2023-03-27 06:00:00,kWh,148.13418651997983,baseline,hvac_dr_ee
CAMX,2023-03-27 07:00:00,kWh,166.36063226978263,baseline,hvac_dr_ee
CAMX,2023-03-27 08:00:00,kWh,154.4596228068443,baseline,hvac_dr_ee
CAMX,2023-03-27 09:00:00,kWh,153.2473121045547,baseline,hvac_dr_ee
CAMX,2023-03-27 10:00:00,kWh,156.54241249620526,baseline,hvac_dr_ee
CAMX,2023-03-27 11:00:00,kWh,160.69715596864165,baseline,hvac_dr_ee
CAMX,2023-03-27 12:00:00,kWh,163.48509899791603,baseline,hvac_dr_ee
CAMX,2023-03-27 13:00:00,kWh,161.91029906226603,baseline,hvac_dr_ee
CAMX,2023-03-27 14:00:00,kWh,163.03770298989244,baseline,hvac_dr_ee
CAMX,2023-03-27 15:00:00,kWh,168.6343931574918,baseline,hvac_dr_ee
CAMX,2023-03-27 16:00:00,kWh,146.91097237541675,baseline,hvac_dr_ee
CAMX,2023-03-27 17:00:00,kWh,122.04735639329533,baseline,hvac_dr_ee
CAMX,2023-03-27 18:00:00,kWh,120.55937212607562,baseline,hvac_dr_ee
CAMX,2023-03-27 19:00:00,kWh,115.47130360686785,baseline,hvac_dr_ee
CAMX,2023-03-27 20:00:00,kWh,112.88124388525725,baseline,hvac_dr_ee
CAMX,2023-03-27 21:00:00,kWh,89.18149280192753,baseline,hvac_dr_ee
CAMX,2023-03-27 22:00:00,kWh,92.90123683608562,baseline,hvac_dr_ee
CAMX,2023-03-27 23:00:00,kWh,83.15005670097952,baseline,hvac_dr_ee
CAMX,2023-03-28 00:00:00,kWh,88.16069684214978,baseline,hvac_dr_ee
CAMX,2023-03-28 01:00:00,kWh,85.0959641449935,baseline,hvac_dr_ee
CAMX,2023-03-28 02:00:00,kWh,80.61638681509288,baseline,hvac_dr_ee
CAMX,2023-03-28 03:00:00,kWh,85.2306725172048,baseline,hvac_dr_ee
CAMX,2023-03-28 04:00:00,kWh,101.11060240037999,baseline,hvac_dr_ee
CAMX,2023-03-28 05:00:00,kWh,131.41969213694085,baseline,hvac_dr_ee
CAMX,2023-03-28 06:00:00,kWh,149.63863798959588,baseline,hvac_dr_ee
CAMX,2023-03-28 07:00:00,kWh,165.26405544121474,baseline,hvac_dr_ee
CAMX,2023-03-28 08:00:00,kWh,156.3375930189776,baseline,hvac_dr_ee
CAMX,2023-03-28 09:00:00,kWh,153.67522058975868,baseline,hvac_dr_ee
CAMX,2023-03-28 10:00:00,kWh,157.58972378256186,baseline,hvac_dr_ee
CAMX,2023-03-28 11:00:00,kWh,158.10481928896456,baseline,hvac_dr_ee
CAMX,2023-03-28 12:00:00,kWh,156.59382334963962,baseline,hvac_dr_ee
CAMX,2023-03-28 13:00:00,kWh,154.33256985611712,baseline,hvac_dr_ee
CAMX,2023-03-28 14:00:00,kWh,154.1042275348718,baseline,hvac_dr_ee
CAMX,2023-03-28 15:00:00,kWh,160.49787830324047,baseline,hvac_dr_ee
CAMX,2023-03-28 16:00:00,kWh,142.2613903049563,baseline,hvac_dr_ee
CAMX,2023-03-28 17:00:00,kWh,119.50829757089784,baseline,hvac_dr_ee
CAMX,2023-03-28 18:00:00,kWh,117.39015107699672,baseline,hvac_dr_ee
CAMX,2023-03-28 19:00:00,kWh,113.53995691401155,baseline,hvac_dr_ee
CAMX,2023-03-28 20:00:00,kWh,115.33188103901166,baseline,hvac_dr_ee
CAMX,2023-03-28 21:00:00,kWh,88.88027809795821,baseline,hvac_dr_ee
CAMX,2023-03-28 22:00:00,kWh,91.75965199108192,baseline,hvac_dr_ee
CAMX,2023-03-28 23:00:00,kWh,81.04878933111911,baseline,hvac_dr_ee
CAMX,2023-03-29 00:00:00,kWh,86.05649485446592,baseline,hvac_dr_ee
CAMX,2023-03-29 01:00:00,kWh,84.67877148151771,baseline,hvac_dr_ee
CAMX,2023-03-29 02:00:00,kWh,80.47977623794398,baseline,hvac_dr_ee
CAMX,2023-03-29 03:00:00,kWh,87.67479282024472,baseline,hvac_dr_ee
CAMX,2023-03-29 04:00:00,kWh,127.02086430645457,baseline,hvac_dr_ee
CAMX,2023-03-29 05:00:00,kWh,138.1985773170262,baseline,hvac_dr_ee
CAMX,2023-03-29 06:00:00,kWh,153.23254800837742,baseline,hvac_dr_ee
CAMX,2023-03-29 07:00:00,kWh,165.49551388699103,baseline,hvac_dr_ee
CAMX,2023-03-29 08:00:00,kWh,154.4417205345839,baseline,hvac_dr_ee
CAMX,2023-03-29 09:00:00,kWh,152.47136432924796,baseline,hvac_dr_ee
CAMX,2023-03-29 10:00:00,kWh,152.64216402278393,baseline,hvac_dr_ee
CAMX,2023-03-29 11:00:00,kWh,157.7772065331751,baseline,hvac_dr_ee
CAMX,2023-03-29 12:00:00,kWh,158.1443794720125,baseline,hvac_dr_ee
CAMX,2023-03-29 13:00:00,kWh,155.09602815363183,baseline,hvac_dr_ee
CAMX,2023-03-29 14:00:00,kWh,155.78789794918836,baseline,hvac_dr_ee
CAMX,2023-03-29 15:00:00,kWh,160.7665810551347,baseline,hvac_dr_ee
CAMX,2023-03-29 16:00:00,kWh,142.36757833390044,baseline,hvac_dr_ee
CAMX,2023-03-29 17:00:00,kWh,120.51481249795577,baseline,hvac_dr_ee
CAMX,2023-03-29 18:00:00,kWh,119.66310180805111,baseline,hvac_dr_ee
CAMX,2023-03-29 19:00:00,kWh,115.31384104261161,baseline,hvac_dr_ee
CAMX,2023-03-29 20:00:00,kWh,114.13360228999946,baseline,hvac_dr_ee
CAMX,2023-03-29 21:00:00,kWh,88.51563882674353,baseline,hvac_dr_ee
CAMX,2023-03-29 22:00:00,kWh,90.14313633340058,baseline,hvac_dr_ee
CAMX,2023-03-29 23:00:00,kWh,80.43002633609096,baseline,hvac_dr_ee
CAMX,2023-03-30 00:00:00,kWh,85.60079358757197,baseline,hvac_dr_ee
CAMX,2023-03-30 01:00:00,kWh,85.80674273350441,baseline,hvac_dr_ee
CAMX,2023-03-30 02:00:00,kWh,77.9959995975503,baseline,hvac_dr_ee
CAMX,2023-03-30 03:00:00,kWh,87.6740778322276,baseline,hvac_dr_ee
CAMX,2023-03-30 04:00:00,kWh,125.52645906868457,baseline,hvac_dr_ee
CAMX,2023-03-30 05:00:00,kWh,138.58278361541016,baseline,hvac_dr_ee
CAMX,2023-03-30 06:00:00,kWh,152.4684674383425,baseline,hvac_dr_ee
CAMX,2023-03-30 07:00:00,kWh,165.27595248796914,baseline,hvac_dr_ee
CAMX,2023-03-30 08:00:00,kWh,154.08474138147358,baseline,hvac_dr_ee
CAMX,2023-03-30 09:00:00,kWh,151.07582181624218,baseline,hvac_dr_ee
CAMX,2023-03-30 10:00:00,kWh,148.8833658462589,baseline,hvac_dr_ee
CAMX,2023-03-30 11:00:00,kWh,152.00412831012724,baseline,hvac_dr_ee
CAMX,2023-03-30 12:00:00,kWh,152.3618370682615,baseline,hvac_dr_ee
CAMX,2023-03-30 13:00:00,kWh,149.5363500970531,baseline,hvac_dr_ee
CAMX,2023-03-30 14:00:00,kWh,151.1561304497945,baseline,hvac_dr_ee
CAMX,2023-03-30 15:00:00,kWh,156.35202312948547,baseline,hvac_dr_ee
CAMX,2023-03-30 16:00:00,kWh,140.2478732451901,baseline,hvac_dr_ee
CAMX,2023-03-30 17:00:00,kWh,117.64739005818842,baseline,hvac_dr_ee
CAMX,2023-03-30 18:00:00,kWh,118.0774970907502,baseline,hvac_dr_ee
CAMX,2023-03-30 19:00:00,kWh,117.32732458226398,baseline,hvac_dr_ee
CAMX,2023-03-30 20:00:00,kWh,117.87708202971865,baseline,hvac_dr_ee
CAMX,2023-03-30 21:00:00,kWh,88.90871869364176,baseline,hvac_dr_ee
CAMX,2023-03-30 22:00:00,kWh,90.47665979567309,baseline,hvac_dr_ee
CAMX,2023-03-30 23:00:00,kWh,80.65261257333148,baseline,hvac_dr_ee
CAMX,2023-03-31 00:00:00,kWh,84.99023822681812,baseline,hvac_dr_ee
CAMX,2023-03-31 01:00:00,kWh,85.89060520899163,baseline,hvac_dr_ee
CAMX,2023-03-31 02:00:00,kWh,78.90672759993592,baseline,hvac_dr_ee
CAMX,2023-03-31 03:00:00,kWh,84.27670836353825,baseline,hvac_dr_ee
CAMX,2023-03-31 04:00:00,kWh,126.98656213473532,baseline,hvac_dr_ee
CAMX,2023-03-31 05:00:00,kWh,139.93694876965958,baseline,hvac_dr_ee
CAMX,2023-03-31 06:00:00,kWh,155.21919729982062,baseline,hvac_dr_ee
CAMX,2023-03-31 07:00:00,kWh,166.60334269387022,baseline,hvac_dr_ee
CAMX,2023-03-31 08:00:00,kWh,154.70263846113244,baseline,hvac_dr_ee
CAMX,2023-03-31 09:00:00,kWh,150.85904867047662,baseline,hvac_dr_ee
CAMX,2023-03-31 10:00:00,kWh,150.24131805166073,baseline,hvac_dr_ee
CAMX,2023-03-31 11:00:00,kWh,156.54485849842104,baseline,hvac_dr_ee
CAMX,2023-03-31 12:00:00,kWh,155.25145258988817,baseline,hvac_dr_ee
CAMX,2023-03-31 13:00:00,kWh,152.69176937356647,baseline,hvac_dr_ee
CAMX,2023-03-31 14:00:00,kWh,154.51240792656932,baseline,hvac_dr_ee
CAMX,2023-03-31 15:00:00,kWh,159.95211631118548,baseline,hvac_dr_ee
CAMX,2023-03-31 16:00:00,kWh,143.52548747628782,baseline,hvac_dr_ee
CAMX,2023-03-31 17:00:00,kWh,120.66046300710461,baseline,hvac_dr_ee
CAMX,2023-03-31 18:00:00,kWh,118.72486857073928,baseline,hvac_dr_ee
CAMX,2023-03-31 19:00:00,kWh,114.7733484121267,baseline,hvac_dr_ee
CAMX,2023-03-31 20:00:00,kWh,114.16829234467505,baseline,hvac_dr_ee
CAMX,2023-03-31 21:00:00,kWh,89.0220105497055,baseline,hvac_dr_ee
CAMX,2023-03-31 22:00:00,kWh,90.30138705531952,baseline,hvac_dr_ee
CAMX,2023-03-31 23:00:00,kWh,80.51066835201689,baseline,hvac_dr_ee
CAMX,2023-04-01 00:00:00,kWh,82.28169611662626,baseline,hvac_dr_ee
CAMX,2023-04-01 01:00:00,kWh,82.70580511857406,baseline,hvac_dr_ee
CAMX,2023-04-01 02:00:00,kWh,75.64440899043117,baseline,hvac_dr_ee
CAMX,2023-04-01 03:00:00,kWh,81.22588254223207,baseline,hvac_dr_ee
CAMX,2023-04-01 04:00:00,kWh,121.47619331092228,baseline,hvac_dr_ee
CAMX,2023-04-01 05:00:00,kWh,130.62237694156855,baseline,hvac_dr_ee
CAMX,2023-04-01 06:00:00,kWh,121.70405802803236,baseline,hvac_dr_ee
CAMX,2023-04-01 07:00:00,kWh,123.74955248947217,baseline,hvac_dr_ee
CAMX,2023-04-01 08:00:00,kWh,123.40047907664382,baseline,hvac_dr_ee
CAMX,2023-04-01 09:00:00,kWh,121.75306669673411,baseline,hvac_dr_ee
CAMX,2023-04-01 10:00:00,kWh,123.17210454990744,baseline,hvac_dr_ee
CAMX,2023-04-01 11:00:00,kWh,114.47436343215176,baseline,hvac_dr_ee
CAMX,2023-04-01 12:00:00,kWh,111.61813996297022,baseline,hvac_dr_ee
CAMX,2023-04-01 13:00:00,kWh,111.47254503236536,baseline,hvac_dr_ee
CAMX,2023-04-01 14:00:00,kWh,111.1801967807518,baseline,hvac_dr_ee
CAMX,2023-04-01 15:00:00,kWh,112.14587504468912,baseline,hvac_dr_ee
CAMX,2023-04-01 16:00:00,kWh,106.20629612342798,baseline,hvac_dr_ee
CAMX,2023-04-01 17:00:00,kWh,93.25239229577394,baseline,hvac_dr_ee
CAMX,2023-04-01 18:00:00,kWh,89.04367885823385,baseline,hvac_dr_ee
CAMX,2023-04-01 19:00:00,kWh,77.11036548375543,baseline,hvac_dr_ee
CAMX,2023-04-01 20:00:00,kWh,84.20852976563587,baseline,hvac_dr_ee
CAMX,2023-04-01 21:00:00,kWh,81.89612017003085,baseline,hvac_dr_ee
CAMX,2023-04-01 22:00:00,kWh,75.90837073788389,baseline,hvac_dr_ee
CAMX,2023-04-01 23:00:00,kWh,78.50498128331064,baseline,hvac_dr_ee
CAMX,2023-04-02 00:00:00,kWh,75.07750288175728,baseline,hvac_dr_ee
CAMX,2023-04-02 01:00:00,kWh,70.3523100265954,baseline,hvac_dr_ee
CAMX,2023-04-02 02:00:00,kWh,72.06311186858066,baseline,hvac_dr_ee
CAMX,2023-04-02 03:00:00,kWh,75.16660111073006,baseline,hvac_dr_ee
CAMX,2023-04-02 04:00:00,kWh,75.67181186143958,baseline,hvac_dr_ee
CAMX,2023-04-02 05:00:00,kWh,74.39264963927799,baseline,hvac_dr_ee
CAMX,2023-04-02 06:00:00,kWh,80.26203799854048,baseline,hvac_dr_ee
CAMX,2023-04-02 07:00:00,kWh,79.98132157922565,baseline,hvac_dr_ee
CAMX,2023-04-02 08:00:00,kWh,81.30767747948205,baseline,hvac_dr_ee
CAMX,2023-04-02 09:00:00,kWh,78.38656705299745,baseline,hvac_dr_ee
CAMX,2023-04-02 10:00:00,kWh,79.08471306829993,baseline,hvac_dr_ee
CAMX,2023-04-02 11:00:00,kWh,81.92782290799934,baseline,hvac_dr_ee
CAMX,2023-04-02 12:00:00,kWh,80.62953818538419,baseline,hvac_dr_ee
CAMX,2023-04-02 13:00:00,kWh,87.21961679386061,baseline,hvac_dr_ee
CAMX,2023-04-02 14:00:00,kWh,86.3694189703429,baseline,hvac_dr_ee
CAMX,2023-04-02 15:00:00,kWh,91.19560014477541,baseline,hvac_dr_ee
CAMX,2023-04-02 16:00:00,kWh,94.40446173269119,baseline,hvac_dr_ee
CAMX,2023-04-02 17:00:00,kWh,88.19275240796843,baseline,hvac_dr_ee
CAMX,2023-04-02 18:00:00,kWh,73.17636524920555,baseline,hvac_dr_ee
CAMX,2023-04-02 19:00:00,kWh,73.59534251810832,baseline,hvac_dr_ee
CAMX,2023-04-02 20:00:00,kWh,75.21608455008752,baseline,hvac_dr_ee
CAMX,2023-04-02 21:00:00,kWh,77.23038336919691,baseline,hvac_dr_ee
CAMX,2023-04-02 22:00:00,kWh,65.450936136455,baseline,hvac_dr_ee
CAMX,2023-04-02 23:00:00,kWh,72.36400693430723,baseline,hvac_dr_ee
CAMX,2023-04-03 00:00:00,kWh,70.36487121311498,baseline,hvac_dr_ee
CAMX,2023-04-03 01:00:00,kWh,72.77760880502709,baseline,hvac_dr_ee
CAMX,2023-04-03 02:00:00,kWh,70.76727029183715,baseline,hvac_dr_ee
CAMX,2023-04-03 03:00:00,kWh,77.98176796998615,baseline,hvac_dr_ee
CAMX,2023-04-03 04:00:00,kWh,119.56127660232343,baseline,hvac_dr_ee
CAMX,2023-04-03 05:00:00,kWh,138.66097541892586,baseline,hvac_dr_ee
CAMX,2023-04-03 06:00:00,kWh,152.4108032150993,baseline,hvac_dr_ee
CAMX,2023-04-03 07:00:00,kWh,166.98552125382477,baseline,hvac_dr_ee
CAMX,2023-04-03 08:00:00,kWh,158.0746044648742,baseline,hvac_dr_ee
CAMX,2023-04-03 09:00:00,kWh,153.53832318544355,baseline,hvac_dr_ee
CAMX,2023-04-03 10:00:00,kWh,153.4772293085696,baseline,hvac_dr_ee
CAMX,2023-04-03 11:00:00,kWh,158.78372881484268,baseline,hvac_dr_ee
CAMX,2023-04-03 12:00:00,kWh,159.485371374267,baseline,hvac_dr_ee
CAMX,2023-04-03 13:00:00,kWh,156.00749297140155,baseline,hvac_dr_ee
CAMX,2023-04-03 14:00:00,kWh,157.6743282095448,baseline,hvac_dr_ee
CAMX,2023-04-03 15:00:00,kWh,162.77204757789008,baseline,hvac_dr_ee
CAMX,2023-04-03 16:00:00,kWh,143.75186736987524,baseline,hvac_dr_ee
CAMX,2023-04-03 17:00:00,kWh,118.57667427850468,baseline,hvac_dr_ee
CAMX,2023-04-03 18:00:00,kWh,117.10181247563438,baseline,hvac_dr_ee
CAMX,2023-04-03 19:00:00,kWh,113.93434466073678,baseline,hvac_dr_ee
CAMX,2023-04-03 20:00:00,kWh,114.09533402262176,baseline,hvac_dr_ee
CAMX,2023-04-03 21:00:00,kWh,86.92567170342585,baseline,hvac_dr_ee
CAMX,2023-04-03 22:00:00,kWh,88.77789589206243,baseline,hvac_dr_ee
CAMX,2023-04-03 23:00:00,kWh,80.29519098546842,baseline,hvac_dr_ee
CAMX,2023-04-04 00:00:00,kWh,84.4009937906196,baseline,hvac_dr_ee
CAMX,2023-04-04 01:00:00,kWh,83.18813222509033,baseline,hvac_dr_ee
CAMX,2023-04-04 02:00:00,kWh,77.53710817314827,baseline,hvac_dr_ee
CAMX,2023-04-04 03:00:00,kWh,79.96053075483721,baseline,hvac_dr_ee
CAMX,2023-04-04 04:00:00,kWh,118.82021276932383,baseline,hvac_dr_ee
CAMX,2023-04-04 05:00:00,kWh,138.0112960214094,baseline,hvac_dr_ee
CAMX,2023-04-04 06:00:00,kWh,152.90170685824017,baseline,hvac_dr_ee
CAMX,2023-04-04 07:00:00,kWh,165.91081577265487,baseline,hvac_dr_ee
CAMX,2023-04-04 08:00:00,kWh,154.70811416486157,baseline,hvac_dr_ee
CAMX,2023-04-04 09:00:00,kWh,151.254834792435,baseline,hvac_dr_ee
CAMX,2023-04-04 10:00:00,kWh,152.48993912396668,baseline,hvac_dr_ee
CAMX,2023-04-04 11:00:00,kWh,154.50646118818204,baseline,hvac_dr_ee
CAMX,2023-04-04 12:00:00,kWh,155.64915527634295,baseline,hvac_dr_ee
CAMX,2023-04-04 13:00:00,kWh,154.90332105944245,baseline,hvac_dr_ee
CAMX,2023-04-04 14:00:00,kWh,157.70584753588722,baseline,hvac_dr_ee
CAMX,2023-04-04 15:00:00,kWh,161.60520927854688,baseline,hvac_dr_ee
CAMX,2023-04-04 16:00:00,kWh,143.68167231758017,baseline,hvac_dr_ee
CAMX,2023-04-04 17:00:00,kWh,119.44867880879714,baseline,hvac_dr_ee
CAMX,2023-04-04 18:00:00,kWh,118.50682669117009,baseline,hvac_dr_ee
CAMX,2023-04-04 19:00:00,kWh,113.98502473991455,baseline,hvac_dr_ee
CAMX,2023-04-04 20:00:00,kWh,111.86177462217373,baseline,hvac_dr_ee
CAMX,2023-04-04 21:00:00,kWh,89.39394536989258,baseline,hvac_dr_ee
CAMX,2023-04-04 22:00:00,kWh,91.70787366429818,baseline,hvac_dr_ee
CAMX,2023-04-04 23:00:00,kWh,80.67705240547882,baseline,hvac_dr_ee
CAMX,2023-04-05 00:00:00,kWh,89.32799733900092,baseline,hvac_dr_ee
CAMX,2023-04-05 01:00:00,kWh,87.52234706738825,baseline,hvac_dr_ee
CAMX,2023-04-05 02:00:00,kWh,80.59218225036287,baseline,hvac_dr_ee
CAMX,2023-04-05 03:00:00,kWh,87.57518054695679,baseline,hvac_dr_ee
CAMX,2023-04-05 04:00:00,kWh,114.2408810947808,baseline,hvac_dr_ee
CAMX,2023-04-05 05:00:00,kWh,133.3447722984782,baseline,hvac_dr_ee
CAMX,2023-04-05 06:00:00,kWh,149.5989447087,baseline,hvac_dr_ee
CAMX,2023-04-05 07:00:00,kWh,163.28247545257693,baseline,hvac_dr_ee
CAMX,2023-04-05 08:00:00,kWh,153.07902403485008,baseline,hvac_dr_ee
CAMX,2023-04-05 09:00:00,kWh,150.66746296252356,baseline,hvac_dr_ee
CAMX,2023-04-05 10:00:00,kWh,156.29536117626992,baseline,hvac_dr_ee
CAMX,2023-04-05 11:00:00,kWh,161.46271270857113,baseline,hvac_dr_ee
CAMX,2023-04-05 12:00:00,kWh,162.50619041329,baseline,hvac_dr_ee
CAMX,2023-04-05 13:00:00,kWh,159.1700603902471,baseline,hvac_dr_ee
CAMX,2023-04-05 14:00:00,kWh,161.7180210311778,baseline,hvac_dr_ee
CAMX,2023-04-05 15:00:00,kWh,167.62515330842513,baseline,hvac_dr_ee
CAMX,2023-04-05 16:00:00,kWh,146.11412536920955,baseline,hvac_dr_ee
CAMX,2023-04-05 17:00:00,kWh,121.6508302077948,baseline,hvac_dr_ee
CAMX,2023-04-05 18:00:00,kWh,119.0862544459253,baseline,hvac_dr_ee
CAMX,2023-04-05 19:00:00,kWh,114.86209178709957,baseline,hvac_dr_ee
CAMX,2023-04-05 20:00:00,kWh,111.82127317027883,baseline,hvac_dr_ee
CAMX,2023-04-05 21:00:00,kWh,90.06282847641538,baseline,hvac_dr_ee
CAMX,2023-04-05 22:00:00,kWh,91.84915012889124,baseline,hvac_dr_ee
CAMX,2023-04-05 23:00:00,kWh,80.95149306109849,baseline,hvac_dr_ee
CAMX,2023-04-06 00:00:00,kWh,89.69068167984987,baseline,hvac_dr_ee
CAMX,2023-04-06 01:00:00,kWh,88.00918460790407,baseline,hvac_dr_ee
CAMX,2023-04-06 02:00:00,kWh,81.4988010203314,baseline,hvac_dr_ee
CAMX,2023-04-06 03:00:00,kWh,87.41601524538905,baseline,hvac_dr_ee
CAMX,2023-04-06 04:00:00,kWh,93.62699146574501,baseline,hvac_dr_ee
CAMX,2023-04-06 05:00:00,kWh,130.90907084959002,baseline,hvac_dr_ee
CAMX,2023-04-06 06:00:00,kWh,148.37590208475706,baseline,hvac_dr_ee
CAMX,2023-04-06 07:00:00,kWh,165.32703236475155,baseline,hvac_dr_ee
CAMX,2023-04-06 08:00:00,kWh,155.57122091929125,baseline,hvac_dr_ee
CAMX,2023-04-06 09:00:00,kWh,157.21644957477946,baseline,hvac_dr_ee
CAMX,2023-04-06 10:00:00,kWh,159.24069612043056,baseline,hvac_dr_ee
CAMX,2023-04-06 11:00:00,kWh,160.9304206356565,baseline,hvac_dr_ee
CAMX,2023-04-06 12:00:00,kWh,165.78051131568452,baseline,hvac_dr_ee
CAMX,2023-04-06 13:00:00,kWh,164.38041047244204,baseline,hvac_dr_ee
CAMX,2023-04-06 14:00:00,kWh,167.03301341460826,baseline,hvac_dr_ee
CAMX,2023-04-06 15:00:00,kWh,174.2051790194594,baseline,hvac_dr_ee
CAMX,2023-04-06 16:00:00,kWh,148.55794088144035,baseline,hvac_dr_ee
CAMX,2023-04-06 17:00:00,kWh,121.94675283338144,baseline,hvac_dr_ee
CAMX,2023-04-06 18:00:00,kWh,119.23517784014574,baseline,hvac_dr_ee
CAMX,2023-04-06 19:00:00,kWh,116.07967429726419,baseline,hvac_dr_ee
CAMX,2023-04-06 20:00:00,kWh,114.09401442749915,baseline,hvac_dr_ee
CAMX,2023-04-06 21:00:00,kWh,90.34445757886834,baseline,hvac_dr_ee
CAMX,2023-04-06 22:00:00,kWh,91.8917321124629,baseline,hvac_dr_ee
CAMX,2023-04-06 23:00:00,kWh,81.29359676009433,baseline,hvac_dr_ee
CAMX,2023-04-07 00:00:00,kWh,89.60995817636574,baseline,hvac_dr_ee
CAMX,2023-04-07 01:00:00,kWh,88.1276349818126,baseline,hvac_dr_ee
CAMX,2023-04-07 02:00:00,kWh,81.74552190470678,baseline,hvac_dr_ee
CAMX,2023-04-07 03:00:00,kWh,88.05572009876873,baseline,hvac_dr_ee
CAMX,2023-04-07 04:00:00,kWh,90.2168371601172,baseline,hvac_dr_ee
CAMX,2023-04-07 05:00:00,kWh,128.67812662626443,baseline,hvac_dr_ee
CAMX,2023-04-07 06:00:00,kWh,146.8804417749497,baseline,hvac_dr_ee
CAMX,2023-04-07 07:00:00,kWh,162.91279641042357,baseline,hvac_dr_ee
CAMX,2023-04-07 08:00:00,kWh,154.07022080308704,baseline,hvac_dr_ee
CAMX,2023-04-07 09:00:00,kWh,154.10546355446257,baseline,hvac_dr_ee
CAMX,2023-04-07 10:00:00,kWh,159.00755847787917,baseline,hvac_dr_ee
CAMX,2023-04-07 11:00:00,kWh,160.05500252133038,baseline,hvac_dr_ee
CAMX,2023-04-07 12:00:00,kWh,162.50269989426252,baseline,hvac_dr_ee
CAMX,2023-04-07 13:00:00,kWh,161.92490397415528,baseline,hvac_dr_ee
CAMX,2023-04-07 14:00:00,kWh,166.8837887369692,baseline,hvac_dr_ee
CAMX,2023-04-07 15:00:00,kWh,174.22015097161858,baseline,hvac_dr_ee
CAMX,2023-04-07 16:00:00,kWh,151.02492574412116,baseline,hvac_dr_ee
CAMX,2023-04-07 17:00:00,kWh,123.13679603442222,baseline,hvac_dr_ee
CAMX,2023-04-07 18:00:00,kWh,119.69322060060333,baseline,hvac_dr_ee
CAMX,2023-04-07 19:00:00,kWh,116.25293485659634,baseline,hvac_dr_ee
CAMX,2023-04-07 20:00:00,kWh,115.61346520177489,baseline,hvac_dr_ee
CAMX,2023-04-07 21:00:00,kWh,95.05956860564547,baseline,hvac_dr_ee
CAMX,2023-04-07 22:00:00,kWh,92.27934118778806,baseline,hvac_dr_ee
CAMX,2023-04-07 23:00:00,kWh,85.52487217076397,baseline,hvac_dr_ee
CAMX,2023-04-08 00:00:00,kWh,89.91401852727738,baseline,hvac_dr_ee
CAMX,2023-04-08 01:00:00,kWh,85.32811813500595,baseline,hvac_dr_ee
CAMX,2023-04-08 02:00:00,kWh,77.66736058944375,baseline,hvac_dr_ee
CAMX,2023-04-08 03:00:00,kWh,84.63416545290154,baseline,hvac_dr_ee
CAMX,2023-04-08 04:00:00,kWh,84.99757849974608,baseline,hvac_dr_ee
CAMX,2023-04-08 05:00:00,kWh,120.00337908671003,baseline,hvac_dr_ee
CAMX,2023-04-08 06:00:00,kWh,112.85764161707992,baseline,hvac_dr_ee
CAMX,2023-04-08 07:00:00,kWh,117.55075279573293,baseline,hvac_dr_ee
CAMX,2023-04-08 08:00:00,kWh,121.62430986744417,baseline,hvac_dr_ee
CAMX,2023-04-08 09:00:00,kWh,122.60935182753744,baseline,hvac_dr_ee
CAMX,2023-04-08 10:00:00,kWh,125.6204890933691,baseline,hvac_dr_ee
CAMX,2023-04-08 11:00:00,kWh,116.59823063422829,baseline,hvac_dr_ee
CAMX,2023-04-08 12:00:00,kWh,114.30798792866358,baseline,hvac_dr_ee
CAMX,2023-04-08 13:00:00,kWh,113.73084722556634,baseline,hvac_dr_ee
CAMX,2023-04-08 14:00:00,kWh,114.45551224475089,baseline,hvac_dr_ee
CAMX,2023-04-08 15:00:00,kWh,115.79351179527049,baseline,hvac_dr_ee
CAMX,2023-04-08 16:00:00,kWh,111.33308075481597,baseline,hvac_dr_ee
CAMX,2023-04-08 17:00:00,kWh,99.34657062619172,baseline,hvac_dr_ee
CAMX,2023-04-08 18:00:00,kWh,93.99029799194989,baseline,hvac_dr_ee
CAMX,2023-04-08 19:00:00,kWh,83.90293822162985,baseline,hvac_dr_ee
CAMX,2023-04-08 20:00:00,kWh,87.52120360036113,baseline,hvac_dr_ee
CAMX,2023-04-08 21:00:00,kWh,84.71726896392984,baseline,hvac_dr_ee
CAMX,2023-04-08 22:00:00,kWh,77.84687713170746,baseline,hvac_dr_ee
CAMX,2023-04-08 23:00:00,kWh,84.1983187016765,baseline,hvac_dr_ee
CAMX,2023-04-09 00:00:00,kWh,84.65737680705746,baseline,hvac_dr_ee
CAMX,2023-04-09 01:00:00,kWh,75.61250519286213,baseline,hvac_dr_ee
CAMX,2023-04-09 02:00:00,kWh,82.24924012029639,baseline,hvac_dr_ee
CAMX,2023-04-09 03:00:00,kWh,84.32942468315434,baseline,hvac_dr_ee
CAMX,2023-04-09 04:00:00,kWh,75.18294413825598,baseline,hvac_dr_ee
CAMX,2023-04-09 05:00:00,kWh,83.28529171449009,baseline,hvac_dr_ee
CAMX,2023-04-09 06:00:00,kWh,84.53786375181255,baseline,hvac_dr_ee
CAMX,2023-04-09 07:00:00,kWh,78.74422447128909,baseline,hvac_dr_ee
CAMX,2023-04-09 08:00:00,kWh,88.26751196851632,baseline,hvac_dr_ee
CAMX,2023-04-09 09:00:00,kWh,87.46824734196947,baseline,hvac_dr_ee
CAMX,2023-04-09 10:00:00,kWh,79.47460922497498,baseline,hvac_dr_ee
CAMX,2023-04-09 11:00:00,kWh,87.17628227360504,baseline,hvac_dr_ee
CAMX,2023-04-09 12:00:00,kWh,90.47538123298233,baseline,hvac_dr_ee
CAMX,2023-04-09 13:00:00,kWh,87.13715199203195,baseline,hvac_dr_ee
CAMX,2023-04-09 14:00:00,kWh,94.70086300070551,baseline,hvac_dr_ee
CAMX,2023-04-09 15:00:00,kWh,96.48353337581759,baseline,hvac_dr_ee
CAMX,2023-04-09 16:00:00,kWh,87.54770848958724,baseline,hvac_dr_ee
CAMX,2023-04-09 17:00:00,kWh,95.20708061555524,baseline,hvac_dr_ee
CAMX,2023-04-09 18:00:00,kWh,92.44149673181451,baseline,hvac_dr_ee
CAMX,2023-04-09 19:00:00,kWh,74.83532548376493,baseline,hvac_dr_ee
CAMX,2023-04-09 20:00:00,kWh,83.58415757760703,baseline,hvac_dr_ee
CAMX,2023-04-09 21:00:00,kWh,83.19667424938326,baseline,hvac_dr_ee
CAMX,2023-04-09 22:00:00,kWh,72.72313148575525,baseline,hvac_dr_ee
CAMX,2023-04-09 23:00:00,kWh,78.16273727985482,baseline,hvac_dr_ee
CAMX,2023-04-10 00:00:00,kWh,76.48728713015952,baseline,hvac_dr_ee
CAMX,2023-04-10 01:00:00,kWh,75.91058781988359,baseline,hvac_dr_ee
CAMX,2023-04-10 02:00:00,kWh,79.83407995763471,baseline,hvac_dr_ee
CAMX,2023-04-10 03:00:00,kWh,75.8779918440411,baseline,hvac_dr_ee
CAMX,2023-04-10 04:00:00,kWh,102.7092677220918,baseline,hvac_dr_ee
CAMX,2023-04-10 05:00:00,kWh,129.79169857403858,baseline,hvac_dr_ee
CAMX,2023-04-10 06:00:00,kWh,146.16439050670684,baseline,hvac_dr_ee
CAMX,2023-04-10 07:00:00,kWh,163.14246687241743,baseline,hvac_dr_ee
CAMX,2023-04-10 08:00:00,kWh,156.73287241703983,baseline,hvac_dr_ee
CAMX,2023-04-10 09:00:00,kWh,156.96340562218816,baseline,hvac_dr_ee
CAMX,2023-04-10 10:00:00,kWh,159.33598045984792,baseline,hvac_dr_ee
CAMX,2023-04-10 11:00:00,kWh,161.1736915659055,baseline,hvac_dr_ee
CAMX,2023-04-10 12:00:00,kWh,163.5011037914315,baseline,hvac_dr_ee
CAMX,2023-04-10 13:00:00,kWh,161.7084131285907,baseline,hvac_dr_ee
CAMX,2023-04-10 14:00:00,kWh,164.0192953365447,baseline,hvac_dr_ee
CAMX,2023-04-10 15:00:00,kWh,171.71239184031188,baseline,hvac_dr_ee
CAMX,2023-04-10 16:00:00,kWh,150.14753744066223,baseline,hvac_dr_ee
CAMX,2023-04-10 17:00:00,kWh,122.20469742223229,baseline,hvac_dr_ee
CAMX,2023-04-10 18:00:00,kWh,118.52978964300105,baseline,hvac_dr_ee
CAMX,2023-04-10 19:00:00,kWh,115.6547648752549,baseline,hvac_dr_ee
CAMX,2023-04-10 20:00:00,kWh,113.85839362049347,baseline,hvac_dr_ee
CAMX,2023-04-10 21:00:00,kWh,88.8760936938946,baseline,hvac_dr_ee
CAMX,2023-04-10 22:00:00,kWh,91.28074153964894,baseline,hvac_dr_ee
CAMX,2023-04-10 23:00:00,kWh,80.48366315724724,baseline,hvac_dr_ee
CAMX,2023-04-11 00:00:00,kWh,89.04656743454369,baseline,hvac_dr_ee
CAMX,2023-04-11 01:00:00,kWh,87.94069640415063,baseline,hvac_dr_ee
CAMX,2023-04-11 02:00:00,kWh,80.57835473845867,baseline,hvac_dr_ee
CAMX,2023-04-11 03:00:00,kWh,87.37100792621337,baseline,hvac_dr_ee
CAMX,2023-04-11 04:00:00,kWh,112.1535800363101,baseline,hvac_dr_ee
CAMX,2023-04-11 05:00:00,kWh,130.84450908749383,baseline,hvac_dr_ee
CAMX,2023-04-11 06:00:00,kWh,145.96264393919816,baseline,hvac_dr_ee
CAMX,2023-04-11 07:00:00,kWh,161.98358020127145,baseline,hvac_dr_ee
CAMX,2023-04-11 08:00:00,kWh,154.75183902285477,baseline,hvac_dr_ee
CAMX,2023-04-11 09:00:00,kWh,153.04570275698913,baseline,hvac_dr_ee
CAMX,2023-04-11 10:00:00,kWh,155.67745196884746,baseline,hvac_dr_ee
CAMX,2023-04-11 11:00:00,kWh,158.63498501588,baseline,hvac_dr_ee
CAMX,2023-04-11 12:00:00,kWh,157.21673022407649,baseline,hvac_dr_ee
CAMX,2023-04-11 13:00:00,kWh,157.40842857090917,baseline,hvac_dr_ee
CAMX,2023-04-11 14:00:00,kWh,159.4087449142188,baseline,hvac_dr_ee
CAMX,2023-04-11 15:00:00,kWh,167.40706265083156,baseline,hvac_dr_ee
CAMX,2023-04-11 16:00:00,kWh,146.43740365927906,baseline,hvac_dr_ee
CAMX,2023-04-11 17:00:00,kWh,120.56259060393779,baseline,hvac_dr_ee
CAMX,2023-04-11 18:00:00,kWh,119.63339231749109,baseline,hvac_dr_ee
CAMX,2023-04-11 19:00:00,kWh,115.99656850651549,baseline,hvac_dr_ee
CAMX,2023-04-11 20:00:00,kWh,114.45007226157573,baseline,hvac_dr_ee
CAMX,2023-04-11 21:00:00,kWh,91.00964529933269,baseline,hvac_dr_ee
CAMX,2023-04-11 22:00:00,kWh,90.97863300017704,baseline,hvac_dr_ee
CAMX,2023-04-11 23:00:00,kWh,81.67561267478351,baseline,hvac_dr_ee
CAMX,2023-04-12 00:00:00,kWh,89.89931054400978,baseline,hvac_dr_ee
CAMX,2023-04-12 01:00:00,kWh,88.84074243412626,baseline,hvac_dr_ee
CAMX,2023-04-12 02:00:00,kWh,81.62776836162621,baseline,hvac_dr_ee
CAMX,2023-04-12 03:00:00,kWh,88.1323554761884,baseline,hvac_dr_ee
CAMX,2023-04-12 04:00:00,kWh,107.29936152299013,baseline,hvac_dr_ee
CAMX,2023-04-12 05:00:00,kWh,130.62637103093044,baseline,hvac_dr_ee
CAMX,2023-04-12 06:00:00,kWh,147.38045328733025,baseline,hvac_dr_ee
CAMX,2023-04-12 07:00:00,kWh,161.9847267335362,baseline,hvac_dr_ee
CAMX,2023-04-12 08:00:00,kWh,155.01705911820827,baseline,hvac_dr_ee
CAMX,2023-04-12 09:00:00,kWh,155.30079484704268,baseline,hvac_dr_ee
CAMX,2023-04-12 10:00:00,kWh,159.0546948030521,baseline,hvac_dr_ee
CAMX,2023-04-12 11:00:00,kWh,160.1240230808585,baseline,hvac_dr_ee
CAMX,2023-04-12 12:00:00,kWh,162.48500976280422,baseline,hvac_dr_ee
CAMX,2023-04-12 13:00:00,kWh,160.26431717691625,baseline,hvac_dr_ee
CAMX,2023-04-12 14:00:00,kWh,163.16769709773322,baseline,hvac_dr_ee
CAMX,2023-04-12 15:00:00,kWh,170.41809398490244,baseline,hvac_dr_ee
CAMX,2023-04-12 16:00:00,kWh,146.67001087011332,baseline,hvac_dr_ee
CAMX,2023-04-12 17:00:00,kWh,119.68758583071286,baseline,hvac_dr_ee
CAMX,2023-04-12 18:00:00,kWh,117.68022893609619,baseline,hvac_dr_ee
CAMX,2023-04-12 19:00:00,kWh,111.85038322011751,baseline,hvac_dr_ee
CAMX,2023-04-12 20:00:00,kWh,110.09781686542844,baseline,hvac_dr_ee
CAMX,2023-04-12 21:00:00,kWh,90.9065858370011,baseline,hvac_dr_ee
CAMX,2023-04-12 22:00:00,kWh,91.73395216747456,baseline,hvac_dr_ee
CAMX,2023-04-12 23:00:00,kWh,81.8600839200399,baseline,hvac_dr_ee
CAMX,2023-04-13 00:00:00,kWh,90.19617446042164,baseline,hvac_dr_ee
CAMX,2023-04-13 01:00:00,kWh,89.03606278643007,baseline,hvac_dr_ee
CAMX,2023-04-13 02:00:00,kWh,82.03262342838707,baseline,hvac_dr_ee
CAMX,2023-04-13 03:00:00,kWh,88.97327852640436,baseline,hvac_dr_ee
CAMX,2023-04-13 04:00:00,kWh,115.26630622143757,baseline,hvac_dr_ee
CAMX,2023-04-13 05:00:00,kWh,132.74284102562999,baseline,hvac_dr_ee
CAMX,2023-04-13 06:00:00,kWh,148.9924420358891,baseline,hvac_dr_ee
CAMX,2023-04-13 07:00:00,kWh,165.65824831940296,baseline,hvac_dr_ee
CAMX,2023-04-13 08:00:00,kWh,154.9286990605386,baseline,hvac_dr_ee
CAMX,2023-04-13 09:00:00,kWh,153.79955069941013,baseline,hvac_dr_ee
CAMX,2023-04-13 10:00:00,kWh,154.87899246763368,baseline,hvac_dr_ee
CAMX,2023-04-13 11:00:00,kWh,157.61076138005978,baseline,hvac_dr_ee
CAMX,2023-04-13 12:00:00,kWh,158.2275034223132,baseline,hvac_dr_ee
CAMX,2023-04-13 13:00:00,kWh,159.8864809570467,baseline,hvac_dr_ee
CAMX,2023-04-13 14:00:00,kWh,162.1667370884506,baseline,hvac_dr_ee
CAMX,2023-04-13 15:00:00,kWh,169.29168862597055,baseline,hvac_dr_ee
CAMX,2023-04-13 16:00:00,kWh,149.29030811158879,baseline,hvac_dr_ee
CAMX,2023-04-13 17:00:00,kWh,124.26518704866758,baseline,hvac_dr_ee
CAMX,2023-04-13 18:00:00,kWh,121.35670156991354,baseline,hvac_dr_ee
CAMX,2023-04-13 19:00:00,kWh,113.84804061598226,baseline,hvac_dr_ee
CAMX,2023-04-13 20:00:00,kWh,110.75546194802152,baseline,hvac_dr_ee
CAMX,2023-04-13 21:00:00,kWh,91.61199775210899,baseline,hvac_dr_ee
CAMX,2023-04-13 22:00:00,kWh,91.5942314677973,baseline,hvac_dr_ee
CAMX,2023-04-13 23:00:00,kWh,82.54808198376148,baseline,hvac_dr_ee
CAMX,2023-04-14 00:00:00,kWh,90.07504201227077,baseline,hvac_dr_ee
CAMX,2023-04-14 01:00:00,kWh,89.33811518851759,baseline,hvac_dr_ee
CAMX,2023-04-14 02:00:00,kWh,82.0871120348281,baseline,hvac_dr_ee
CAMX,2023-04-14 03:00:00,kWh,89.26863782880766,baseline,hvac_dr_ee
CAMX,2023-04-14 04:00:00,kWh,98.7811115190019,baseline,hvac_dr_ee
CAMX,2023-04-14 05:00:00,kWh,130.42121481393454,baseline,hvac_dr_ee
CAMX,2023-04-14 06:00:00,kWh,148.2150480265032,baseline,hvac_dr_ee
CAMX,2023-04-14 07:00:00,kWh,167.5835389782752,baseline,hvac_dr_ee
CAMX,2023-04-14 08:00:00,kWh,159.79914881970888,baseline,hvac_dr_ee
CAMX,2023-04-14 09:00:00,kWh,157.988745637725,baseline,hvac_dr_ee
CAMX,2023-04-14 10:00:00,kWh,161.09368504954358,baseline,hvac_dr_ee
CAMX,2023-04-14 11:00:00,kWh,161.88521668137267,baseline,hvac_dr_ee
CAMX,2023-04-14 12:00:00,kWh,166.09702972781798,baseline,hvac_dr_ee
CAMX,2023-04-14 13:00:00,kWh,163.80225261499578,baseline,hvac_dr_ee
CAMX,2023-04-14 14:00:00,kWh,166.92809415981785,baseline,hvac_dr_ee
CAMX,2023-04-14 15:00:00,kWh,173.97991144192036,baseline,hvac_dr_ee
CAMX,2023-04-14 16:00:00,kWh,151.5959284632928,baseline,hvac_dr_ee
CAMX,2023-04-14 17:00:00,kWh,126.41576665947468,baseline,hvac_dr_ee
CAMX,2023-04-14 18:00:00,kWh,122.14314920615638,baseline,hvac_dr_ee
CAMX,2023-04-14 19:00:00,kWh,117.79504041813256,baseline,hvac_dr_ee
CAMX,2023-04-14 20:00:00,kWh,116.900358219784,baseline,hvac_dr_ee
CAMX,2023-04-14 21:00:00,kWh,94.02902771418475,baseline,hvac_dr_ee
CAMX,2023-04-14 22:00:00,kWh,93.66679943317627,baseline,hvac_dr_ee
CAMX,2023-04-14 23:00:00,kWh,84.56608101172867,baseline,hvac_dr_ee
CAMX,2023-04-15 00:00:00,kWh,87.8553028660468,baseline,hvac_dr_ee
CAMX,2023-04-15 01:00:00,kWh,84.82729098618564,baseline,hvac_dr_ee
CAMX,2023-04-15 02:00:00,kWh,77.97422409197108,baseline,hvac_dr_ee
CAMX,2023-04-15 03:00:00,kWh,84.91815142963273,baseline,hvac_dr_ee
CAMX,2023-04-15 04:00:00,kWh,85.97740569569633,baseline,hvac_dr_ee
CAMX,2023-04-15 05:00:00,kWh,120.47720713189823,baseline,hvac_dr_ee
CAMX,2023-04-15 06:00:00,kWh,113.63384238541768,baseline,hvac_dr_ee
CAMX,2023-04-15 07:00:00,kWh,119.32037968688297,baseline,hvac_dr_ee
CAMX,2023-04-15 08:00:00,kWh,123.06334878097044,baseline,hvac_dr_ee
CAMX,2023-04-15 09:00:00,kWh,124.10778262356888,baseline,hvac_dr_ee
CAMX,2023-04-15 10:00:00,kWh,126.07651173703086,baseline,hvac_dr_ee
CAMX,2023-04-15 11:00:00,kWh,116.81519343691866,baseline,hvac_dr_ee
CAMX,2023-04-15 12:00:00,kWh,114.41270429661715,baseline,hvac_dr_ee
CAMX,2023-04-15 13:00:00,kWh,114.23343954821618,baseline,hvac_dr_ee
CAMX,2023-04-15 14:00:00,kWh,114.74749068791883,baseline,hvac_dr_ee
CAMX,2023-04-15 15:00:00,kWh,117.47485344913736,baseline,hvac_dr_ee
CAMX,2023-04-15 16:00:00,kWh,111.83386330864246,baseline,hvac_dr_ee
CAMX,2023-04-15 17:00:00,kWh,99.26698010211564,baseline,hvac_dr_ee
CAMX,2023-04-15 18:00:00,kWh,93.47797320216324,baseline,hvac_dr_ee
CAMX,2023-04-15 19:00:00,kWh,84.14586538672826,baseline,hvac_dr_ee
CAMX,2023-04-15 20:00:00,kWh,87.52131293331088,baseline,hvac_dr_ee
CAMX,2023-04-15 21:00:00,kWh,84.65986026711761,baseline,hvac_dr_ee
CAMX,2023-04-15 22:00:00,kWh,77.7813640041029,baseline,hvac_dr_ee
CAMX,2023-04-15 23:00:00,kWh,84.03188977862709,baseline,hvac_dr_ee
CAMX,2023-04-16 00:00:00,kWh,83.59378200060763,baseline,hvac_dr_ee
CAMX,2023-04-16 01:00:00,kWh,75.63019732229715,baseline,hvac_dr_ee
CAMX,2023-04-16 02:00:00,kWh,82.17952297944754,baseline,hvac_dr_ee
CAMX,2023-04-16 03:00:00,kWh,84.25459122915751,baseline,hvac_dr_ee
CAMX,2023-04-16 04:00:00,kWh,75.14854434534053,baseline,hvac_dr_ee
CAMX,2023-04-16 05:00:00,kWh,83.20249990148147,baseline,hvac_dr_ee
CAMX,2023-04-16 06:00:00,kWh,84.37663505752522,baseline,hvac_dr_ee
CAMX,2023-04-16 07:00:00,kWh,76.76711373004672,baseline,hvac_dr_ee
CAMX,2023-04-16 08:00:00,kWh,87.79722417585211,baseline,hvac_dr_ee
CAMX,2023-04-16 09:00:00,kWh,87.26975057036424,baseline,hvac_dr_ee
CAMX,2023-04-16 10:00:00,kWh,82.03460951804061,baseline,hvac_dr_ee
CAMX,2023-04-16 11:00:00,kWh,92.59131629438448,baseline,hvac_dr_ee
CAMX,2023-04-16 12:00:00,kWh,93.66689157294238,baseline,hvac_dr_ee
CAMX,2023-04-16 13:00:00,kWh,89.09658784003267,baseline,hvac_dr_ee
CAMX,2023-04-16 14:00:00,kWh,96.30947170210716,baseline,hvac_dr_ee
CAMX,2023-04-16 15:00:00,kWh,96.33155675546702,baseline,hvac_dr_ee
CAMX,2023-04-16 16:00:00,kWh,88.99301488352596,baseline,hvac_dr_ee
CAMX,2023-04-16 17:00:00,kWh,95.98514241032865,baseline,hvac_dr_ee
CAMX,2023-04-16 18:00:00,kWh,93.04145655350169,baseline,hvac_dr_ee
CAMX,2023-04-16 19:00:00,kWh,80.26907581603942,baseline,hvac_dr_ee
CAMX,2023-04-16 20:00:00,kWh,82.15435818684907,baseline,hvac_dr_ee
CAMX,2023-04-16 21:00:00,kWh,81.89320093528798,baseline,hvac_dr_ee
CAMX,2023-04-16 22:00:00,kWh,75.61494150680552,baseline,hvac_dr_ee
CAMX,2023-04-16 23:00:00,kWh,79.04160335836367,baseline,hvac_dr_ee
CAMX,2023-04-17 00:00:00,kWh,82.05473561152256,baseline,hvac_dr_ee
CAMX,2023-04-17 01:00:00,kWh,77.32053625451124,baseline,hvac_dr_ee
CAMX,2023-04-17 02:00:00,kWh,78.74542566360093,baseline,hvac_dr_ee
CAMX,2023-04-17 03:00:00,kWh,81.20268336567968,baseline,hvac_dr_ee
CAMX,2023-04-17 04:00:00,kWh,92.47236129619546,baseline,hvac_dr_ee
CAMX,2023-04-17 05:00:00,kWh,128.1154727796157,baseline,hvac_dr_ee
CAMX,2023-04-17 06:00:00,kWh,144.58681023039668,baseline,hvac_dr_ee
CAMX,2023-04-17 07:00:00,kWh,162.87692559368912,baseline,hvac_dr_ee
CAMX,2023-04-17 08:00:00,kWh,156.53031819797584,baseline,hvac_dr_ee
CAMX,2023-04-17 09:00:00,kWh,157.0068959549086,baseline,hvac_dr_ee
CAMX,2023-04-17 10:00:00,kWh,159.44447392700977,baseline,hvac_dr_ee
CAMX,2023-04-17 11:00:00,kWh,160.8009690000336,baseline,hvac_dr_ee
CAMX,2023-04-17 12:00:00,kWh,161.75999994716895,baseline,hvac_dr_ee
CAMX,2023-04-17 13:00:00,kWh,159.6676376818886,baseline,hvac_dr_ee
CAMX,2023-04-17 14:00:00,kWh,160.5384524077697,baseline,hvac_dr_ee
CAMX,2023-04-17 15:00:00,kWh,163.43281768656814,baseline,hvac_dr_ee
CAMX,2023-04-17 16:00:00,kWh,144.0266525172657,baseline,hvac_dr_ee
CAMX,2023-04-17 17:00:00,kWh,121.57058861421751,baseline,hvac_dr_ee
CAMX,2023-04-17 18:00:00,kWh,121.361256621296,baseline,hvac_dr_ee
CAMX,2023-04-17 19:00:00,kWh,117.79981214752868,baseline,hvac_dr_ee
CAMX,2023-04-17 20:00:00,kWh,116.77055029257913,baseline,hvac_dr_ee
CAMX,2023-04-17 21:00:00,kWh,89.88914788274366,baseline,hvac_dr_ee
CAMX,2023-04-17 22:00:00,kWh,92.38682305962723,baseline,hvac_dr_ee
CAMX,2023-04-17 23:00:00,kWh,84.87315951097364,baseline,hvac_dr_ee
CAMX,2023-04-18 00:00:00,kWh,88.67517065483173,baseline,hvac_dr_ee
CAMX,2023-04-18 01:00:00,kWh,88.82717192426901,baseline,hvac_dr_ee
CAMX,2023-04-18 02:00:00,kWh,80.38069350872424,baseline,hvac_dr_ee
CAMX,2023-04-18 03:00:00,kWh,88.76763738109743,baseline,hvac_dr_ee
CAMX,2023-04-18 04:00:00,kWh,104.71117089648307,baseline,hvac_dr_ee
CAMX,2023-04-18 05:00:00,kWh,127.42494560803198,baseline,hvac_dr_ee
CAMX,2023-04-18 06:00:00,kWh,152.7711457963141,baseline,hvac_dr_ee
CAMX,2023-04-18 07:00:00,kWh,169.55603268060443,baseline,hvac_dr_ee
CAMX,2023-04-18 08:00:00,kWh,160.19445962284513,baseline,hvac_dr_ee
CAMX,2023-04-18 09:00:00,kWh,161.7407043812921,baseline,hvac_dr_ee
CAMX,2023-04-18 10:00:00,kWh,167.91313395396872,baseline,hvac_dr_ee
CAMX,2023-04-18 11:00:00,kWh,168.78612803140607,baseline,hvac_dr_ee
CAMX,2023-04-18 12:00:00,kWh,167.82472489618127,baseline,hvac_dr_ee
CAMX,2023-04-18 13:00:00,kWh,165.442843598852,baseline,hvac_dr_ee
CAMX,2023-04-18 14:00:00,kWh,171.3791545224561,baseline,hvac_dr_ee
CAMX,2023-04-18 15:00:00,kWh,183.40901785649626,baseline,hvac_dr_ee
CAMX,2023-04-18 16:00:00,kWh,159.03677046007448,baseline,hvac_dr_ee
CAMX,2023-04-18 17:00:00,kWh,131.11422174420233,baseline,hvac_dr_ee
CAMX,2023-04-18 18:00:00,kWh,126.01350194082238,baseline,hvac_dr_ee
CAMX,2023-04-18 19:00:00,kWh,117.43911682897195,baseline,hvac_dr_ee
CAMX,2023-04-18 20:00:00,kWh,116.43200636441213,baseline,hvac_dr_ee
CAMX,2023-04-18 21:00:00,kWh,94.38283361884092,baseline,hvac_dr_ee
CAMX,2023-04-18 22:00:00,kWh,93.24589515418043,baseline,hvac_dr_ee
CAMX,2023-04-18 23:00:00,kWh,84.61544986684098,baseline,hvac_dr_ee
CAMX,2023-04-19 00:00:00,kWh,94.5585084376719,baseline,hvac_dr_ee
CAMX,2023-04-19 01:00:00,kWh,93.03851403464913,baseline,hvac_dr_ee
CAMX,2023-04-19 02:00:00,kWh,82.36943314834825,baseline,hvac_dr_ee
CAMX,2023-04-19 03:00:00,kWh,92.05594191826118,baseline,hvac_dr_ee
CAMX,2023-04-19 04:00:00,kWh,96.35696769246165,baseline,hvac_dr_ee
CAMX,2023-04-19 05:00:00,kWh,125.43341538383203,baseline,hvac_dr_ee
CAMX,2023-04-19 06:00:00,kWh,150.15311105016733,baseline,hvac_dr_ee
CAMX,2023-04-19 07:00:00,kWh,168.05523760655825,baseline,hvac_dr_ee
CAMX,2023-04-19 08:00:00,kWh,159.08271972676383,baseline,hvac_dr_ee
CAMX,2023-04-19 09:00:00,kWh,157.95772135215063,baseline,hvac_dr_ee
CAMX,2023-04-19 10:00:00,kWh,161.88415299059068,baseline,hvac_dr_ee
CAMX,2023-04-19 11:00:00,kWh,161.85990767869643,baseline,hvac_dr_ee
CAMX,2023-04-19 12:00:00,kWh,166.19402410332987,baseline,hvac_dr_ee
CAMX,2023-04-19 13:00:00,kWh,164.85217965381997,baseline,hvac_dr_ee
CAMX,2023-04-19 14:00:00,kWh,168.46650739139776,baseline,hvac_dr_ee
CAMX,2023-04-19 15:00:00,kWh,182.09557751876267,baseline,hvac_dr_ee
CAMX,2023-04-19 16:00:00,kWh,152.3541646819856,baseline,hvac_dr_ee
CAMX,2023-04-19 17:00:00,kWh,123.26529961440879,baseline,hvac_dr_ee
CAMX,2023-04-19 18:00:00,kWh,122.03480331954535,baseline,hvac_dr_ee
CAMX,2023-04-19 19:00:00,kWh,117.70258457959224,baseline,hvac_dr_ee
CAMX,2023-04-19 20:00:00,kWh,116.59612477777637,baseline,hvac_dr_ee
CAMX,2023-04-19 21:00:00,kWh,95.60437609074921,baseline,hvac_dr_ee
CAMX,2023-04-19 22:00:00,kWh,93.69185348209034,baseline,hvac_dr_ee
CAMX,2023-04-19 23:00:00,kWh,85.10314608499951,baseline,hvac_dr_ee
CAMX,2023-04-20 00:00:00,kWh,94.710948480788,baseline,hvac_dr_ee
CAMX,2023-04-20 01:00:00,kWh,90.36682005253294,baseline,hvac_dr_ee
CAMX,2023-04-20 02:00:00,kWh,84.22479882465639,baseline,hvac_dr_ee
CAMX,2023-04-20 03:00:00,kWh,90.67914115463459,baseline,hvac_dr_ee
CAMX,2023-04-20 04:00:00,kWh,101.7918325620861,baseline,hvac_dr_ee
CAMX,2023-04-20 05:00:00,kWh,126.31359257811464,baseline,hvac_dr_ee
CAMX,2023-04-20 06:00:00,kWh,150.10928146363204,baseline,hvac_dr_ee
CAMX,2023-04-20 07:00:00,kWh,172.12800010717592,baseline,hvac_dr_ee
CAMX,2023-04-20 08:00:00,kWh,170.2836125500487,baseline,hvac_dr_ee
CAMX,2023-04-20 09:00:00,kWh,171.58681830612338,baseline,hvac_dr_ee
CAMX,2023-04-20 10:00:00,kWh,171.66679917548885,baseline,hvac_dr_ee
CAMX,2023-04-20 11:00:00,kWh,168.4171856482569,baseline,hvac_dr_ee
CAMX,2023-04-20 12:00:00,kWh,176.0043325477403,baseline,hvac_dr_ee
CAMX,2023-04-20 13:00:00,kWh,175.62906220257597,baseline,hvac_dr_ee
CAMX,2023-04-20 14:00:00,kWh,182.0304600077131,baseline,hvac_dr_ee
CAMX,2023-04-20 15:00:00,kWh,190.6116545289284,baseline,hvac_dr_ee
CAMX,2023-04-20 16:00:00,kWh,152.94994461076197,baseline,hvac_dr_ee
CAMX,2023-04-20 17:00:00,kWh,122.67387282446957,baseline,hvac_dr_ee
CAMX,2023-04-20 18:00:00,kWh,120.0723914177952,baseline,hvac_dr_ee
CAMX,2023-04-20 19:00:00,kWh,117.20945295291037,baseline,hvac_dr_ee
CAMX,2023-04-20 20:00:00,kWh,116.57748990879455,baseline,hvac_dr_ee
CAMX,2023-04-20 21:00:00,kWh,96.36150985545814,baseline,hvac_dr_ee
CAMX,2023-04-20 22:00:00,kWh,94.47596003090368,baseline,hvac_dr_ee
CAMX,2023-04-20 23:00:00,kWh,85.70666322760606,baseline,hvac_dr_ee
CAMX,2023-04-21 00:00:00,kWh,96.26921332857364,baseline,hvac_dr_ee
CAMX,2023-04-21 01:00:00,kWh,90.40259369001792,baseline,hvac_dr_ee
CAMX,2023-04-21 02:00:00,kWh,86.23790859239936,baseline,hvac_dr_ee
CAMX,2023-04-21 03:00:00,kWh,91.31186988292949,baseline,hvac_dr_ee
CAMX,2023-04-21 04:00:00,kWh,94.81422991514064,baseline,hvac_dr_ee
CAMX,2023-04-21 05:00:00,kWh,125.44362430232609,baseline,hvac_dr_ee
CAMX,2023-04-21 06:00:00,kWh,148.22000178836717,baseline,hvac_dr_ee
CAMX,2023-04-21 07:00:00,kWh,166.0969109380776,baseline,hvac_dr_ee
CAMX,2023-04-21 08:00:00,kWh,157.7385366344811,baseline,hvac_dr_ee
CAMX,2023-04-21 09:00:00,kWh,157.1961362888486,baseline,hvac_dr_ee
CAMX,2023-04-21 10:00:00,kWh,159.74278101619905,baseline,hvac_dr_ee
CAMX,2023-04-21 11:00:00,kWh,163.07025009225086,baseline,hvac_dr_ee
CAMX,2023-04-21 12:00:00,kWh,167.74413345606055,baseline,hvac_dr_ee
CAMX,2023-04-21 13:00:00,kWh,165.33146201441258,baseline,hvac_dr_ee
CAMX,2023-04-21 14:00:00,kWh,168.25774456948636,baseline,hvac_dr_ee
CAMX,2023-04-21 15:00:00,kWh,173.12632243454598,baseline,hvac_dr_ee
CAMX,2023-04-21 16:00:00,kWh,146.93877413641425,baseline,hvac_dr_ee
CAMX,2023-04-21 17:00:00,kWh,121.11002474377159,baseline,hvac_dr_ee
CAMX,2023-04-21 18:00:00,kWh,120.33655339656761,baseline,hvac_dr_ee
CAMX,2023-04-21 19:00:00,kWh,118.11439796442266,baseline,hvac_dr_ee
CAMX,2023-04-21 20:00:00,kWh,116.33860530229029,baseline,hvac_dr_ee
CAMX,2023-04-21 21:00:00,kWh,95.31297088455587,baseline,hvac_dr_ee
CAMX,2023-04-21 22:00:00,kWh,92.77972168172595,baseline,hvac_dr_ee
CAMX,2023-04-21 23:00:00,kWh,86.91736943375214,baseline,hvac_dr_ee
CAMX,2023-04-22 00:00:00,kWh,88.61067703895674,baseline,hvac_dr_ee
CAMX,2023-04-22 01:00:00,kWh,88.3256202162319,baseline,hvac_dr_ee
CAMX,2023-04-22 02:00:00,kWh,78.81121998593431,baseline,hvac_dr_ee
CAMX,2023-04-22 03:00:00,kWh,87.56319012985713,baseline,hvac_dr_ee
CAMX,2023-04-22 04:00:00,kWh,99.16969458417628,baseline,hvac_dr_ee
CAMX,2023-04-22 05:00:00,kWh,120.72180485414617,baseline,hvac_dr_ee
CAMX,2023-04-22 06:00:00,kWh,114.9431381600067,baseline,hvac_dr_ee
CAMX,2023-04-22 07:00:00,kWh,120.63711819923084,baseline,hvac_dr_ee
CAMX,2023-04-22 08:00:00,kWh,121.2936789037374,baseline,hvac_dr_ee
CAMX,2023-04-22 09:00:00,kWh,120.39100980239867,baseline,hvac_dr_ee
CAMX,2023-04-22 10:00:00,kWh,123.1166279086084,baseline,hvac_dr_ee
CAMX,2023-04-22 11:00:00,kWh,115.97888437400505,baseline,hvac_dr_ee
CAMX,2023-04-22 12:00:00,kWh,113.2867936600316,baseline,hvac_dr_ee
CAMX,2023-04-22 13:00:00,kWh,111.95167491896919,baseline,hvac_dr_ee
CAMX,2023-04-22 14:00:00,kWh,111.78904373911243,baseline,hvac_dr_ee
CAMX,2023-04-22 15:00:00,kWh,113.55668975023494,baseline,hvac_dr_ee
CAMX,2023-04-22 16:00:00,kWh,107.9759622016473,baseline,hvac_dr_ee
CAMX,2023-04-22 17:00:00,kWh,97.17204721708141,baseline,hvac_dr_ee
CAMX,2023-04-22 18:00:00,kWh,93.42896072396321,baseline,hvac_dr_ee
CAMX,2023-04-22 19:00:00,kWh,82.36519113184481,baseline,hvac_dr_ee
CAMX,2023-04-22 20:00:00,kWh,86.68622759520483,baseline,hvac_dr_ee
CAMX,2023-04-22 21:00:00,kWh,84.6824887418705,baseline,hvac_dr_ee
CAMX,2023-04-22 22:00:00,kWh,77.78946520963454,baseline,hvac_dr_ee
CAMX,2023-04-22 23:00:00,kWh,83.58877599484191,baseline,hvac_dr_ee
CAMX,2023-04-23 00:00:00,kWh,82.66873733393854,baseline,hvac_dr_ee
CAMX,2023-04-23 01:00:00,kWh,75.54118477507043,baseline,hvac_dr_ee
CAMX,2023-04-23 02:00:00,kWh,81.94829971987214,baseline,hvac_dr_ee
CAMX,2023-04-23 03:00:00,kWh,82.88789141619041,baseline,hvac_dr_ee
CAMX,2023-04-23 04:00:00,kWh,75.30307983100742,baseline,hvac_dr_ee
CAMX,2023-04-23 05:00:00,kWh,82.493053577562,baseline,hvac_dr_ee
CAMX,2023-04-23 06:00:00,kWh,83.24538027729739,baseline,hvac_dr_ee
CAMX,2023-04-23 07:00:00,kWh,82.61535955837503,baseline,hvac_dr_ee
CAMX,2023-04-23 08:00:00,kWh,91.63037847515085,baseline,hvac_dr_ee
CAMX,2023-04-23 09:00:00,kWh,94.85351361432123,baseline,hvac_dr_ee
CAMX,2023-04-23 10:00:00,kWh,88.83831547093779,baseline,hvac_dr_ee
CAMX,2023-04-23 11:00:00,kWh,92.99430130793212,baseline,hvac_dr_ee
CAMX,2023-04-23 12:00:00,kWh,94.8124474707692,baseline,hvac_dr_ee
CAMX,2023-04-23 13:00:00,kWh,89.70900703621423,baseline,hvac_dr_ee
CAMX,2023-04-23 14:00:00,kWh,94.7101151964624,baseline,hvac_dr_ee
CAMX,2023-04-23 15:00:00,kWh,97.0422752537479,baseline,hvac_dr_ee
CAMX,2023-04-23 16:00:00,kWh,91.19652425589538,baseline,hvac_dr_ee
CAMX,2023-04-23 17:00:00,kWh,95.79179247091383,baseline,hvac_dr_ee
CAMX,2023-04-23 18:00:00,kWh,93.6683470228149,baseline,hvac_dr_ee
CAMX,2023-04-23 19:00:00,kWh,80.25244327904325,baseline,hvac_dr_ee
CAMX,2023-04-23 20:00:00,kWh,83.54190720857694,baseline,hvac_dr_ee
CAMX,2023-04-23 21:00:00,kWh,81.62611657847212,baseline,hvac_dr_ee
CAMX,2023-04-23 22:00:00,kWh,75.3642665631817,baseline,hvac_dr_ee
CAMX,2023-04-23 23:00:00,kWh,82.84685208945312,baseline,hvac_dr_ee
CAMX,2023-04-24 00:00:00,kWh,84.87191720155425,baseline,hvac_dr_ee
CAMX,2023-04-24 01:00:00,kWh,78.11335090012932,baseline,hvac_dr_ee
CAMX,2023-04-24 02:00:00,kWh,84.0545754574186,baseline,hvac_dr_ee
CAMX,2023-04-24 03:00:00,kWh,85.8311253067384,baseline,hvac_dr_ee
CAMX,2023-04-24 04:00:00,kWh,83.63359774447898,baseline,hvac_dr_ee
CAMX,2023-04-24 05:00:00,kWh,127.98380332893723,baseline,hvac_dr_ee
CAMX,2023-04-24 06:00:00,kWh,146.28738116568275,baseline,hvac_dr_ee
CAMX,2023-04-24 07:00:00,kWh,166.14290078892017,baseline,hvac_dr_ee
CAMX,2023-04-24 08:00:00,kWh,158.03980969304484,baseline,hvac_dr_ee
CAMX,2023-04-24 09:00:00,kWh,156.38471851106954,baseline,hvac_dr_ee
CAMX,2023-04-24 10:00:00,kWh,160.24916625325866,baseline,hvac_dr_ee
CAMX,2023-04-24 11:00:00,kWh,163.81306983433313,baseline,hvac_dr_ee
CAMX,2023-04-24 12:00:00,kWh,169.71773220164758,baseline,hvac_dr_ee
CAMX,2023-04-24 13:00:00,kWh,167.88403780973516,baseline,hvac_dr_ee
CAMX,2023-04-24 14:00:00,kWh,171.17920612284854,baseline,hvac_dr_ee
CAMX,2023-04-24 15:00:00,kWh,182.5248183149161,baseline,hvac_dr_ee
CAMX,2023-04-24 16:00:00,kWh,154.28678957985838,baseline,hvac_dr_ee
CAMX,2023-04-24 17:00:00,kWh,124.72763845412418,baseline,hvac_dr_ee
CAMX,2023-04-24 18:00:00,kWh,122.56722854929028,baseline,hvac_dr_ee
CAMX,2023-04-24 19:00:00,kWh,118.72627221471919,baseline,hvac_dr_ee
CAMX,2023-04-24 20:00:00,kWh,116.99813260646168,baseline,hvac_dr_ee
CAMX,2023-04-24 21:00:00,kWh,90.05816449915079,baseline,hvac_dr_ee
CAMX,2023-04-24 22:00:00,kWh,96.02376701196462,baseline,hvac_dr_ee
CAMX,2023-04-24 23:00:00,kWh,83.88636603772376,baseline,hvac_dr_ee
CAMX,2023-04-25 00:00:00,kWh,88.8364342157217,baseline,hvac_dr_ee
CAMX,2023-04-25 01:00:00,kWh,90.23616790991595,baseline,hvac_dr_ee
CAMX,2023-04-25 02:00:00,kWh,81.57660460308998,baseline,hvac_dr_ee
CAMX,2023-04-25 03:00:00,kWh,90.82891004087024,baseline,hvac_dr_ee
CAMX,2023-04-25 04:00:00,kWh,92.38833183022729,baseline,hvac_dr_ee
CAMX,2023-04-25 05:00:00,kWh,124.44687859802576,baseline,hvac_dr_ee
CAMX,2023-04-25 06:00:00,kWh,147.85922245695397,baseline,hvac_dr_ee
CAMX,2023-04-25 07:00:00,kWh,168.71832765248843,baseline,hvac_dr_ee
CAMX,2023-04-25 08:00:00,kWh,163.05665877128527,baseline,hvac_dr_ee
CAMX,2023-04-25 09:00:00,kWh,166.37049815073743,baseline,hvac_dr_ee
CAMX,2023-04-25 10:00:00,kWh,171.25118331079418,baseline,hvac_dr_ee
CAMX,2023-04-25 11:00:00,kWh,171.42607850229237,baseline,hvac_dr_ee
CAMX,2023-04-25 12:00:00,kWh,178.91752518171734,baseline,hvac_dr_ee
CAMX,2023-04-25 13:00:00,kWh,182.07869382430027,baseline,hvac_dr_ee
CAMX,2023-04-25 14:00:00,kWh,187.32217749023897,baseline,hvac_dr_ee
CAMX,2023-04-25 15:00:00,kWh,195.51797059499512,baseline,hvac_dr_ee
CAMX,2023-04-25 16:00:00,kWh,161.2404622160881,baseline,hvac_dr_ee
CAMX,2023-04-25 17:00:00,kWh,132.059999820072,baseline,hvac_dr_ee
CAMX,2023-04-25 18:00:00,kWh,125.40591080102323,baseline,hvac_dr_ee
CAMX,2023-04-25 19:00:00,kWh,118.47741537807256,baseline,hvac_dr_ee
CAMX,2023-04-25 20:00:00,kWh,116.95989269945773,baseline,hvac_dr_ee
CAMX,2023-04-25 21:00:00,kWh,96.44724786120116,baseline,hvac_dr_ee
CAMX,2023-04-25 22:00:00,kWh,94.85823478935427,baseline,hvac_dr_ee
CAMX,2023-04-25 23:00:00,kWh,85.55586833723,baseline,hvac_dr_ee
CAMX,2023-04-26 00:00:00,kWh,94.58933910421678,baseline,hvac_dr_ee
CAMX,2023-04-26 01:00:00,kWh,93.2826782580675,baseline,hvac_dr_ee
CAMX,2023-04-26 02:00:00,kWh,85.94486699024566,baseline,hvac_dr_ee
CAMX,2023-04-26 03:00:00,kWh,90.02490217493175,baseline,hvac_dr_ee
CAMX,2023-04-26 04:00:00,kWh,100.33094325145682,baseline,hvac_dr_ee
CAMX,2023-04-26 05:00:00,kWh,125.33347128094816,baseline,hvac_dr_ee
CAMX,2023-04-26 06:00:00,kWh,143.7818581436647,baseline,hvac_dr_ee
CAMX,2023-04-26 07:00:00,kWh,163.84046406898233,baseline,hvac_dr_ee
CAMX,2023-04-26 08:00:00,kWh,156.83441031085445,baseline,hvac_dr_ee
CAMX,2023-04-26 09:00:00,kWh,158.26773258098797,baseline,hvac_dr_ee
CAMX,2023-04-26 10:00:00,kWh,165.1479795145045,baseline,hvac_dr_ee
CAMX,2023-04-26 11:00:00,kWh,164.44573574838745,baseline,hvac_dr_ee
CAMX,2023-04-26 12:00:00,kWh,169.46357275659372,baseline,hvac_dr_ee
CAMX,2023-04-26 13:00:00,kWh,169.85693221782122,baseline,hvac_dr_ee
CAMX,2023-04-26 14:00:00,kWh,172.49552868884834,baseline,hvac_dr_ee
CAMX,2023-04-26 15:00:00,kWh,182.11243266739135,baseline,hvac_dr_ee
CAMX,2023-04-26 16:00:00,kWh,153.87168601058164,baseline,hvac_dr_ee
CAMX,2023-04-26 17:00:00,kWh,124.31491571019464,baseline,hvac_dr_ee
CAMX,2023-04-26 18:00:00,kWh,120.75302646926478,baseline,hvac_dr_ee
CAMX,2023-04-26 19:00:00,kWh,117.83074301610944,baseline,hvac_dr_ee
CAMX,2023-04-26 20:00:00,kWh,116.84644825042815,baseline,hvac_dr_ee
CAMX,2023-04-26 21:00:00,kWh,97.6550431344228,baseline,hvac_dr_ee
CAMX,2023-04-26 22:00:00,kWh,92.8594145613913,baseline,hvac_dr_ee
CAMX,2023-04-26 23:00:00,kWh,86.99928158577708,baseline,hvac_dr_ee
CAMX,2023-04-27 00:00:00,kWh,96.12487838187822,baseline,hvac_dr_ee
CAMX,2023-04-27 01:00:00,kWh,91.83470753775109,baseline,hvac_dr_ee
CAMX,2023-04-27 02:00:00,kWh,85.44111252930169,baseline,hvac_dr_ee
CAMX,2023-04-27 03:00:00,kWh,91.91798404475043,baseline,hvac_dr_ee
CAMX,2023-04-27 04:00:00,kWh,95.54658337373739,baseline,hvac_dr_ee
CAMX,2023-04-27 05:00:00,kWh,126.44488295871781,baseline,hvac_dr_ee
CAMX,2023-04-27 06:00:00,kWh,146.15237790870705,baseline,hvac_dr_ee
CAMX,2023-04-27 07:00:00,kWh,165.161741332539,baseline,hvac_dr_ee
CAMX,2023-04-27 08:00:00,kWh,160.13663441503834,baseline,hvac_dr_ee
CAMX,2023-04-27 09:00:00,kWh,161.67544951873887,baseline,hvac_dr_ee
CAMX,2023-04-27 10:00:00,kWh,166.23913673512374,baseline,hvac_dr_ee
CAMX,2023-04-27 11:00:00,kWh,164.28546024928283,baseline,hvac_dr_ee
CAMX,2023-04-27 12:00:00,kWh,171.706187683551,baseline,hvac_dr_ee
CAMX,2023-04-27 13:00:00,kWh,174.5965305070442,baseline,hvac_dr_ee
CAMX,2023-04-27 14:00:00,kWh,181.18261451690444,baseline,hvac_dr_ee
CAMX,2023-04-27 15:00:00,kWh,189.99930211503056,baseline,hvac_dr_ee
CAMX,2023-04-27 16:00:00,kWh,156.1952660361598,baseline,hvac_dr_ee
CAMX,2023-04-27 17:00:00,kWh,124.82020710142216,baseline,hvac_dr_ee
CAMX,2023-04-27 18:00:00,kWh,119.1400527850393,baseline,hvac_dr_ee
CAMX,2023-04-27 19:00:00,kWh,112.77108115796095,baseline,hvac_dr_ee
CAMX,2023-04-27 20:00:00,kWh,110.45282839802375,baseline,hvac_dr_ee
CAMX,2023-04-27 21:00:00,kWh,96.69590355438663,baseline,hvac_dr_ee
CAMX,2023-04-27 22:00:00,kWh,92.94316838574157,baseline,hvac_dr_ee
CAMX,2023-04-27 23:00:00,kWh,87.02543834548015,baseline,hvac_dr_ee
CAMX,2023-04-28 00:00:00,kWh,94.10716684902515,baseline,hvac_dr_ee
CAMX,2023-04-28 01:00:00,kWh,92.90085387605446,baseline,hvac_dr_ee
CAMX,2023-04-28 02:00:00,kWh,84.6423745248691,baseline,hvac_dr_ee
CAMX,2023-04-28 03:00:00,kWh,92.83775831424452,baseline,hvac_dr_ee
CAMX,2023-04-28 04:00:00,kWh,102.56851602814353,baseline,hvac_dr_ee
CAMX,2023-04-28 05:00:00,kWh,128.26515153199585,baseline,hvac_dr_ee
CAMX,2023-04-28 06:00:00,kWh,146.1616561707936,baseline,hvac_dr_ee
CAMX,2023-04-28 07:00:00,kWh,162.2565116942142,baseline,hvac_dr_ee
CAMX,2023-04-28 08:00:00,kWh,153.27666273326818,baseline,hvac_dr_ee
CAMX,2023-04-28 09:00:00,kWh,153.37302252800114,baseline,hvac_dr_ee
CAMX,2023-04-28 10:00:00,kWh,154.88825089021483,baseline,hvac_dr_ee
CAMX,2023-04-28 11:00:00,kWh,160.55010595545593,baseline,hvac_dr_ee
CAMX,2023-04-28 12:00:00,kWh,163.55119426116102,baseline,hvac_dr_ee
CAMX,2023-04-28 13:00:00,kWh,164.0326301810712,baseline,hvac_dr_ee
CAMX,2023-04-28 14:00:00,kWh,167.61303520771224,baseline,hvac_dr_ee
CAMX,2023-04-28 15:00:00,kWh,173.75851834920883,baseline,hvac_dr_ee
CAMX,2023-04-28 16:00:00,kWh,145.80378000461923,baseline,hvac_dr_ee
CAMX,2023-04-28 17:00:00,kWh,120.2168049421324,baseline,hvac_dr_ee
CAMX,2023-04-28 18:00:00,kWh,119.91799175167073,baseline,hvac_dr_ee
CAMX,2023-04-28 19:00:00,kWh,117.24493255518628,baseline,hvac_dr_ee
CAMX,2023-04-28 20:00:00,kWh,116.69113883892692,baseline,hvac_dr_ee
CAMX,2023-04-28 21:00:00,kWh,93.34497220201759,baseline,hvac_dr_ee
CAMX,2023-04-28 22:00:00,kWh,96.0611463725869,baseline,hvac_dr_ee
CAMX,2023-04-28 23:00:00,kWh,82.40354267904549,baseline,hvac_dr_ee
CAMX,2023-04-29 00:00:00,kWh,87.248778149032,baseline,hvac_dr_ee
CAMX,2023-04-29 01:00:00,kWh,85.9556223874693,baseline,hvac_dr_ee
CAMX,2023-04-29 02:00:00,kWh,78.50123176456464,baseline,hvac_dr_ee
CAMX,2023-04-29 03:00:00,kWh,86.08162794695244,baseline,hvac_dr_ee
CAMX,2023-04-29 04:00:00,kWh,90.81436133632081,baseline,hvac_dr_ee
CAMX,2023-04-29 05:00:00,kWh,119.25279746374059,baseline,hvac_dr_ee
CAMX,2023-04-29 06:00:00,kWh,113.40915703351993,baseline,hvac_dr_ee
CAMX,2023-04-29 07:00:00,kWh,121.11529115353602,baseline,hvac_dr_ee
CAMX,2023-04-29 08:00:00,kWh,123.54892457564503,baseline,hvac_dr_ee
CAMX,2023-04-29 09:00:00,kWh,122.44058772666506,baseline,hvac_dr_ee
CAMX,2023-04-29 10:00:00,kWh,122.60016750641297,baseline,hvac_dr_ee
CAMX,2023-04-29 11:00:00,kWh,114.3943850072605,baseline,hvac_dr_ee
CAMX,2023-04-29 12:00:00,kWh,113.16073928494875,baseline,hvac_dr_ee
CAMX,2023-04-29 13:00:00,kWh,113.08463509057333,baseline,hvac_dr_ee
CAMX,2023-04-29 14:00:00,kWh,113.39158729216703,baseline,hvac_dr_ee
CAMX,2023-04-29 15:00:00,kWh,114.34306845015911,baseline,hvac_dr_ee
CAMX,2023-04-29 16:00:00,kWh,107.20912770443061,baseline,hvac_dr_ee
CAMX,2023-04-29 17:00:00,kWh,86.84644886392383,baseline,hvac_dr_ee
CAMX,2023-04-29 18:00:00,kWh,87.54396922175381,baseline,hvac_dr_ee
CAMX,2023-04-29 19:00:00,kWh,77.81666165670407,baseline,hvac_dr_ee
CAMX,2023-04-29 20:00:00,kWh,84.96433235007082,baseline,hvac_dr_ee
CAMX,2023-04-29 21:00:00,kWh,84.7667288222624,baseline,hvac_dr_ee
CAMX,2023-04-29 22:00:00,kWh,77.92917094965748,baseline,hvac_dr_ee
CAMX,2023-04-29 23:00:00,kWh,85.35224734099728,baseline,hvac_dr_ee
CAMX,2023-04-30 00:00:00,kWh,84.73630433073302,baseline,hvac_dr_ee
CAMX,2023-04-30 01:00:00,kWh,76.71852548909074,baseline,hvac_dr_ee
CAMX,2023-04-30 02:00:00,kWh,84.14282319947975,baseline,hvac_dr_ee
CAMX,2023-04-30 03:00:00,kWh,85.32060845553164,baseline,hvac_dr_ee
CAMX,2023-04-30 04:00:00,kWh,76.28986181662175,baseline,hvac_dr_ee
CAMX,2023-04-30 05:00:00,kWh,83.7298986484149,baseline,hvac_dr_ee
CAMX,2023-04-30 06:00:00,kWh,87.11053950558032,baseline,hvac_dr_ee
CAMX,2023-04-30 07:00:00,kWh,79.67747460347314,baseline,hvac_dr_ee
CAMX,2023-04-30 08:00:00,kWh,89.11216324152036,baseline,hvac_dr_ee
CAMX,2023-04-30 09:00:00,kWh,88.58740101793316,baseline,hvac_dr_ee
CAMX,2023-04-30 10:00:00,kWh,80.48438967723523,baseline,hvac_dr_ee
CAMX,2023-04-30 11:00:00,kWh,88.21423982452778,baseline,hvac_dr_ee
CAMX,2023-04-30 12:00:00,kWh,88.42696779119932,baseline,hvac_dr_ee
CAMX,2023-04-30 13:00:00,kWh,82.9294620666657,baseline,hvac_dr_ee
CAMX,2023-04-30 14:00:00,kWh,93.22727031445874,baseline,hvac_dr_ee
CAMX,2023-04-30 15:00:00,kWh,93.42076154985811,baseline,hvac_dr_ee
CAMX,2023-04-30 16:00:00,kWh,82.31612057457448,baseline,hvac_dr_ee
CAMX,2023-04-30 17:00:00,kWh,88.29647705879869,baseline,hvac_dr_ee
CAMX,2023-04-30 18:00:00,kWh,85.42953076826814,baseline,hvac_dr_ee
CAMX,2023-04-30 19:00:00,kWh,77.96383833675344,baseline,hvac_dr_ee
CAMX,2023-04-30 20:00:00,kWh,81.66785829691554,baseline,hvac_dr_ee
CAMX,2023-04-30 21:00:00,kWh,81.26206406549784,baseline,hvac_dr_ee
CAMX,2023-04-30 22:00:00,kWh,76.78471222443386,baseline,hvac_dr_ee
CAMX,2023-04-30 23:00:00,kWh,75.87284346674109,baseline,hvac_dr_ee
CAMX,2023-05-01 00:00:00,kWh,78.96380013352201,baseline,hvac_dr_ee
CAMX,2023-05-01 01:00:00,kWh,76.02046686472086,baseline,hvac_dr_ee
CAMX,2023-05-01 02:00:00,kWh,77.43197417935207,baseline,hvac_dr_ee
CAMX,2023-05-01 03:00:00,kWh,81.58350520070209,baseline,hvac_dr_ee
CAMX,2023-05-01 04:00:00,kWh,83.18662560443414,baseline,hvac_dr_ee
CAMX,2023-05-01 05:00:00,kWh,127.37167538787078,baseline,hvac_dr_ee
CAMX,2023-05-01 06:00:00,kWh,145.69411080466926,baseline,hvac_dr_ee
CAMX,2023-05-01 07:00:00,kWh,166.2819071160407,baseline,hvac_dr_ee
CAMX,2023-05-01 08:00:00,kWh,158.51063922465417,baseline,hvac_dr_ee
CAMX,2023-05-01 09:00:00,kWh,156.86660310437424,baseline,hvac_dr_ee
CAMX,2023-05-01 10:00:00,kWh,163.3462890203274,baseline,hvac_dr_ee
CAMX,2023-05-01 11:00:00,kWh,163.0455344699287,baseline,hvac_dr_ee
CAMX,2023-05-01 12:00:00,kWh,167.77898913533062,baseline,hvac_dr_ee
CAMX,2023-05-01 13:00:00,kWh,161.3612019264448,baseline,hvac_dr_ee
CAMX,2023-05-01 14:00:00,kWh,164.54237197493583,baseline,hvac_dr_ee
CAMX,2023-05-01 15:00:00,kWh,169.55695046725899,baseline,hvac_dr_ee
CAMX,2023-05-01 16:00:00,kWh,153.23645424457743,baseline,hvac_dr_ee
CAMX,2023-05-01 17:00:00,kWh,126.6272788957231,baseline,hvac_dr_ee
CAMX,2023-05-01 18:00:00,kWh,123.12256081566281,baseline,hvac_dr_ee
CAMX,2023-05-01 19:00:00,kWh,118.28204292348767,baseline,hvac_dr_ee
CAMX,2023-05-01 20:00:00,kWh,116.71918087855565,baseline,hvac_dr_ee
CAMX,2023-05-01 21:00:00,kWh,92.55079414211748,baseline,hvac_dr_ee
CAMX,2023-05-01 22:00:00,kWh,95.30367608027339,baseline,hvac_dr_ee
CAMX,2023-05-01 23:00:00,kWh,83.49504385356626,baseline,hvac_dr_ee
CAMX,2023-05-02 00:00:00,kWh,89.82195964296639,baseline,hvac_dr_ee
CAMX,2023-05-02 01:00:00,kWh,91.55590225207905,baseline,hvac_dr_ee
CAMX,2023-05-02 02:00:00,kWh,84.0395197384266,baseline,hvac_dr_ee
CAMX,2023-05-02 03:00:00,kWh,90.73335434704856,baseline,hvac_dr_ee
CAMX,2023-05-02 04:00:00,kWh,90.85835680451054,baseline,hvac_dr_ee
CAMX,2023-05-02 05:00:00,kWh,125.65445873439444,baseline,hvac_dr_ee
CAMX,2023-05-02 06:00:00,kWh,145.4124948430574,baseline,hvac_dr_ee
CAMX,2023-05-02 07:00:00,kWh,167.89915400367738,baseline,hvac_dr_ee
CAMX,2023-05-02 08:00:00,kWh,159.91637431064208,baseline,hvac_dr_ee
CAMX,2023-05-02 09:00:00,kWh,158.78688978269338,baseline,hvac_dr_ee
CAMX,2023-05-02 10:00:00,kWh,160.97203321554167,baseline,hvac_dr_ee
CAMX,2023-05-02 11:00:00,kWh,161.20746552500054,baseline,hvac_dr_ee
CAMX,2023-05-02 12:00:00,kWh,163.6747781106982,baseline,hvac_dr_ee
CAMX,2023-05-02 13:00:00,kWh,162.36423558875714,baseline,hvac_dr_ee
CAMX,2023-05-02 14:00:00,kWh,166.81413637995522,baseline,hvac_dr_ee
CAMX,2023-05-02 15:00:00,kWh,174.70858308488624,baseline,hvac_dr_ee
CAMX,2023-05-02 16:00:00,kWh,151.85797716136932,baseline,hvac_dr_ee
CAMX,2023-05-02 17:00:00,kWh,126.73300009432742,baseline,hvac_dr_ee
CAMX,2023-05-02 18:00:00,kWh,123.41136723006201,baseline,hvac_dr_ee
CAMX,2023-05-02 19:00:00,kWh,118.33486820046056,baseline,hvac_dr_ee
CAMX,2023-05-02 20:00:00,kWh,117.73794547100064,baseline,hvac_dr_ee
CAMX,2023-05-02 21:00:00,kWh,96.02635912488198,baseline,hvac_dr_ee
CAMX,2023-05-02 22:00:00,kWh,94.31034736106615,baseline,hvac_dr_ee
CAMX,2023-05-02 23:00:00,kWh,85.39817402341674,baseline,hvac_dr_ee
CAMX,2023-05-03 00:00:00,kWh,96.99856797314057,baseline,hvac_dr_ee
CAMX,2023-05-03 01:00:00,kWh,92.03115586527551,baseline,hvac_dr_ee
CAMX,2023-05-03 02:00:00,kWh,84.88167807429978,baseline,hvac_dr_ee
CAMX,2023-05-03 03:00:00,kWh,92.36887406698389,baseline,hvac_dr_ee
CAMX,2023-05-03 04:00:00,kWh,94.98172040831746,baseline,hvac_dr_ee
CAMX,2023-05-03 05:00:00,kWh,125.06049616702032,baseline,hvac_dr_ee
CAMX,2023-05-03 06:00:00,kWh,143.86725623666715,baseline,hvac_dr_ee
CAMX,2023-05-03 07:00:00,kWh,169.29155163271747,baseline,hvac_dr_ee
CAMX,2023-05-03 08:00:00,kWh,162.4957459588783,baseline,hvac_dr_ee
CAMX,2023-05-03 09:00:00,kWh,162.03003069716033,baseline,hvac_dr_ee
CAMX,2023-05-03 10:00:00,kWh,164.34518802614147,baseline,hvac_dr_ee
CAMX,2023-05-03 11:00:00,kWh,164.13418809505683,baseline,hvac_dr_ee
CAMX,2023-05-03 12:00:00,kWh,168.87583754661867,baseline,hvac_dr_ee
CAMX,2023-05-03 13:00:00,kWh,171.04998727286684,baseline,hvac_dr_ee
CAMX,2023-05-03 14:00:00,kWh,175.59043062419238,baseline,hvac_dr_ee
CAMX,2023-05-03 15:00:00,kWh,182.64464147157156,baseline,hvac_dr_ee
CAMX,2023-05-03 16:00:00,kWh,150.0338806667633,baseline,hvac_dr_ee
CAMX,2023-05-03 17:00:00,kWh,124.88500465227943,baseline,hvac_dr_ee
CAMX,2023-05-03 18:00:00,kWh,121.78948111503948,baseline,hvac_dr_ee
CAMX,2023-05-03 19:00:00,kWh,118.91243054935936,baseline,hvac_dr_ee
CAMX,2023-05-03 20:00:00,kWh,117.80912726742578,baseline,hvac_dr_ee
CAMX,2023-05-03 21:00:00,kWh,97.15476260351187,baseline,hvac_dr_ee
CAMX,2023-05-03 22:00:00,kWh,93.58529879692792,baseline,hvac_dr_ee
CAMX,2023-05-03 23:00:00,kWh,88.05606786445404,baseline,hvac_dr_ee
CAMX,2023-05-04 00:00:00,kWh,94.72804881583541,baseline,hvac_dr_ee
CAMX,2023-05-04 01:00:00,kWh,93.18941061739531,baseline,hvac_dr_ee
CAMX,2023-05-04 02:00:00,kWh,85.1188227133631,baseline,hvac_dr_ee
CAMX,2023-05-04 03:00:00,kWh,92.94199262380079,baseline,hvac_dr_ee
CAMX,2023-05-04 04:00:00,kWh,96.03290179140988,baseline,hvac_dr_ee
CAMX,2023-05-04 05:00:00,kWh,124.36470017934488,baseline,hvac_dr_ee
CAMX,2023-05-04 06:00:00,kWh,148.30793171522004,baseline,hvac_dr_ee
CAMX,2023-05-04 07:00:00,kWh,169.5944088727751,baseline,hvac_dr_ee
CAMX,2023-05-04 08:00:00,kWh,162.39938969210525,baseline,hvac_dr_ee
CAMX,2023-05-04 09:00:00,kWh,163.0022061652727,baseline,hvac_dr_ee
CAMX,2023-05-04 10:00:00,kWh,168.9832228066165,baseline,hvac_dr_ee
CAMX,2023-05-04 11:00:00,kWh,166.3944611346769,baseline,hvac_dr_ee
CAMX,2023-05-04 12:00:00,kWh,172.04335036944747,baseline,hvac_dr_ee
CAMX,2023-05-04 13:00:00,kWh,174.63922179825965,baseline,hvac_dr_ee
CAMX,2023-05-04 14:00:00,kWh,181.69620712919985,baseline,hvac_dr_ee
CAMX,2023-05-04 15:00:00,kWh,186.01762771780778,baseline,hvac_dr_ee
CAMX,2023-05-04 16:00:00,kWh,156.84955944970318,baseline,hvac_dr_ee
CAMX,2023-05-04 17:00:00,kWh,129.55739347710872,baseline,hvac_dr_ee
CAMX,2023-05-04 18:00:00,kWh,125.75136873885198,baseline,hvac_dr_ee
CAMX,2023-05-04 19:00:00,kWh,121.49294641024596,baseline,hvac_dr_ee
CAMX,2023-05-04 20:00:00,kWh,120.38361696859897,baseline,hvac_dr_ee
CAMX,2023-05-04 21:00:00,kWh,97.890965588377,baseline,hvac_dr_ee
CAMX,2023-05-04 22:00:00,kWh,95.16588758581612,baseline,hvac_dr_ee
CAMX,2023-05-04 23:00:00,kWh,88.58731325888932,baseline,hvac_dr_ee
CAMX,2023-05-05 00:00:00,kWh,95.17354627615579,baseline,hvac_dr_ee
CAMX,2023-05-05 01:00:00,kWh,94.92809231357747,baseline,hvac_dr_ee
CAMX,2023-05-05 02:00:00,kWh,86.17366695082893,baseline,hvac_dr_ee
CAMX,2023-05-05 03:00:00,kWh,92.50020602623565,baseline,hvac_dr_ee
CAMX,2023-05-05 04:00:00,kWh,100.5558366163977,baseline,hvac_dr_ee
CAMX,2023-05-05 05:00:00,kWh,124.78835844413071,baseline,hvac_dr_ee
CAMX,2023-05-05 06:00:00,kWh,151.96952994568994,baseline,hvac_dr_ee
CAMX,2023-05-05 07:00:00,kWh,171.21869686833827,baseline,hvac_dr_ee
CAMX,2023-05-05 08:00:00,kWh,166.25412864835374,baseline,hvac_dr_ee
CAMX,2023-05-05 09:00:00,kWh,168.10076094030336,baseline,hvac_dr_ee
CAMX,2023-05-05 10:00:00,kWh,174.9758903519308,baseline,hvac_dr_ee
CAMX,2023-05-05 11:00:00,kWh,176.48872109408043,baseline,hvac_dr_ee
CAMX,2023-05-05 12:00:00,kWh,184.0978925926069,baseline,hvac_dr_ee
CAMX,2023-05-05 13:00:00,kWh,182.7444242100275,baseline,hvac_dr_ee
CAMX,2023-05-05 14:00:00,kWh,189.78473195040553,baseline,hvac_dr_ee
CAMX,2023-05-05 15:00:00,kWh,199.94628592745522,baseline,hvac_dr_ee
CAMX,2023-05-05 16:00:00,kWh,168.47756541997157,baseline,hvac_dr_ee
CAMX,2023-05-05 17:00:00,kWh,139.21619323359187,baseline,hvac_dr_ee
CAMX,2023-05-05 18:00:00,kWh,132.69465650926034,baseline,hvac_dr_ee
CAMX,2023-05-05 19:00:00,kWh,122.31948971864426,baseline,hvac_dr_ee
CAMX,2023-05-05 20:00:00,kWh,119.13754058048357,baseline,hvac_dr_ee
CAMX,2023-05-05 21:00:00,kWh,100.54130053062399,baseline,hvac_dr_ee
CAMX,2023-05-05 22:00:00,kWh,95.61005177415458,baseline,hvac_dr_ee
CAMX,2023-05-05 23:00:00,kWh,88.70931275858192,baseline,hvac_dr_ee
CAMX,2023-05-06 00:00:00,kWh,90.93879612760225,baseline,hvac_dr_ee
CAMX,2023-05-06 01:00:00,kWh,91.01741138017216,baseline,hvac_dr_ee
CAMX,2023-05-06 02:00:00,kWh,82.52061434869772,baseline,hvac_dr_ee
CAMX,2023-05-06 03:00:00,kWh,89.75609424870481,baseline,hvac_dr_ee
CAMX,2023-05-06 04:00:00,kWh,86.76074489696988,baseline,hvac_dr_ee
CAMX,2023-05-06 05:00:00,kWh,117.21295097855622,baseline,hvac_dr_ee
CAMX,2023-05-06 06:00:00,kWh,120.70719110921482,baseline,hvac_dr_ee
CAMX,2023-05-06 07:00:00,kWh,129.18289945738724,baseline,hvac_dr_ee
CAMX,2023-05-06 08:00:00,kWh,132.62234590757365,baseline,hvac_dr_ee
CAMX,2023-05-06 09:00:00,kWh,133.157377174189,baseline,hvac_dr_ee
CAMX,2023-05-06 10:00:00,kWh,135.9616148358753,baseline,hvac_dr_ee
CAMX,2023-05-06 11:00:00,kWh,123.6164662533374,baseline,hvac_dr_ee
CAMX,2023-05-06 12:00:00,kWh,121.04271885314796,baseline,hvac_dr_ee
CAMX,2023-05-06 13:00:00,kWh,121.78925844596057,baseline,hvac_dr_ee
CAMX,2023-05-06 14:00:00,kWh,123.2796432931228,baseline,hvac_dr_ee
CAMX,2023-05-06 15:00:00,kWh,126.9136575430796,baseline,hvac_dr_ee
CAMX,2023-05-06 16:00:00,kWh,119.63970372285414,baseline,hvac_dr_ee
CAMX,2023-05-06 17:00:00,kWh,105.76160650565663,baseline,hvac_dr_ee
CAMX,2023-05-06 18:00:00,kWh,102.66869142160692,baseline,hvac_dr_ee
CAMX,2023-05-06 19:00:00,kWh,88.6297674822181,baseline,hvac_dr_ee
CAMX,2023-05-06 20:00:00,kWh,94.29961898391547,baseline,hvac_dr_ee
CAMX,2023-05-06 21:00:00,kWh,92.40701654508719,baseline,hvac_dr_ee
CAMX,2023-05-06 22:00:00,kWh,82.70942026336263,baseline,hvac_dr_ee
CAMX,2023-05-06 23:00:00,kWh,90.62093699146612,baseline,hvac_dr_ee
CAMX,2023-05-07 00:00:00,kWh,87.09023528632,baseline,hvac_dr_ee
CAMX,2023-05-07 01:00:00,kWh,80.42559230871467,baseline,hvac_dr_ee
CAMX,2023-05-07 02:00:00,kWh,87.10354124572595,baseline,hvac_dr_ee
CAMX,2023-05-07 03:00:00,kWh,86.22855084825777,baseline,hvac_dr_ee
CAMX,2023-05-07 04:00:00,kWh,77.96813346810774,baseline,hvac_dr_ee
CAMX,2023-05-07 05:00:00,kWh,85.89007544673353,baseline,hvac_dr_ee
CAMX,2023-05-07 06:00:00,kWh,90.60617273527747,baseline,hvac_dr_ee
CAMX,2023-05-07 07:00:00,kWh,86.89183140828678,baseline,hvac_dr_ee
CAMX,2023-05-07 08:00:00,kWh,96.809268582361,baseline,hvac_dr_ee
CAMX,2023-05-07 09:00:00,kWh,98.47834931830164,baseline,hvac_dr_ee
CAMX,2023-05-07 10:00:00,kWh,92.11182434681896,baseline,hvac_dr_ee
CAMX,2023-05-07 11:00:00,kWh,103.32141611381127,baseline,hvac_dr_ee
CAMX,2023-05-07 12:00:00,kWh,101.87878982470814,baseline,hvac_dr_ee
CAMX,2023-05-07 13:00:00,kWh,96.52205487275914,baseline,hvac_dr_ee
CAMX,2023-05-07 14:00:00,kWh,112.03149734657953,baseline,hvac_dr_ee
CAMX,2023-05-07 15:00:00,kWh,113.23498969593116,baseline,hvac_dr_ee
CAMX,2023-05-07 16:00:00,kWh,101.42719627198682,baseline,hvac_dr_ee
CAMX,2023-05-07 17:00:00,kWh,111.74886292397773,baseline,hvac_dr_ee
CAMX,2023-05-07 18:00:00,kWh,102.91081372936256,baseline,hvac_dr_ee
CAMX,2023-05-07 19:00:00,kWh,87.13813545978725,baseline,hvac_dr_ee
CAMX,2023-05-07 20:00:00,kWh,94.93777516686674,baseline,hvac_dr_ee
CAMX,2023-05-07 21:00:00,kWh,89.20076842674418,baseline,hvac_dr_ee
CAMX,2023-05-07 22:00:00,kWh,80.57662606289355,baseline,hvac_dr_ee
CAMX,2023-05-07 23:00:00,kWh,88.20768610389628,baseline,hvac_dr_ee
CAMX,2023-05-08 00:00:00,kWh,88.76708145316584,baseline,hvac_dr_ee
CAMX,2023-05-08 01:00:00,kWh,85.5835181640952,baseline,hvac_dr_ee
CAMX,2023-05-08 02:00:00,kWh,87.124282589788,baseline,hvac_dr_ee
CAMX,2023-05-08 03:00:00,kWh,88.40459853513237,baseline,hvac_dr_ee
CAMX,2023-05-08 04:00:00,kWh,85.35737677769787,baseline,hvac_dr_ee
CAMX,2023-05-08 05:00:00,kWh,126.6228851449213,baseline,hvac_dr_ee
CAMX,2023-05-08 06:00:00,kWh,152.84000750952683,baseline,hvac_dr_ee
CAMX,2023-05-08 07:00:00,kWh,172.13099502473455,baseline,hvac_dr_ee
CAMX,2023-05-08 08:00:00,kWh,166.375230228917,baseline,hvac_dr_ee
CAMX,2023-05-08 09:00:00,kWh,166.97199440416867,baseline,hvac_dr_ee
CAMX,2023-05-08 10:00:00,kWh,173.50242692524034,baseline,hvac_dr_ee
CAMX,2023-05-08 11:00:00,kWh,172.3718442190345,baseline,hvac_dr_ee
CAMX,2023-05-08 12:00:00,kWh,177.52717386751746,baseline,hvac_dr_ee
CAMX,2023-05-08 13:00:00,kWh,176.35511467654362,baseline,hvac_dr_ee
CAMX,2023-05-08 14:00:00,kWh,182.0671784006708,baseline,hvac_dr_ee
CAMX,2023-05-08 15:00:00,kWh,191.3588435523379,baseline,hvac_dr_ee
CAMX,2023-05-08 16:00:00,kWh,161.81802783232996,baseline,hvac_dr_ee
CAMX,2023-05-08 17:00:00,kWh,133.07732339777903,baseline,hvac_dr_ee
CAMX,2023-05-08 18:00:00,kWh,129.0591296112703,baseline,hvac_dr_ee
CAMX,2023-05-08 19:00:00,kWh,119.21231386043823,baseline,hvac_dr_ee
CAMX,2023-05-08 20:00:00,kWh,117.43798309787337,baseline,hvac_dr_ee
CAMX,2023-05-08 21:00:00,kWh,96.27344950387067,baseline,hvac_dr_ee
CAMX,2023-05-08 22:00:00,kWh,94.17781168908635,baseline,hvac_dr_ee
CAMX,2023-05-08 23:00:00,kWh,84.90288150961645,baseline,hvac_dr_ee
CAMX,2023-05-09 00:00:00,kWh,93.60245460394947,baseline,hvac_dr_ee
CAMX,2023-05-09 01:00:00,kWh,92.32086483326157,baseline,hvac_dr_ee
CAMX,2023-05-09 02:00:00,kWh,86.29994807897033,baseline,hvac_dr_ee
CAMX,2023-05-09 03:00:00,kWh,89.51595606090343,baseline,hvac_dr_ee
CAMX,2023-05-09 04:00:00,kWh,94.46468592286053,baseline,hvac_dr_ee
CAMX,2023-05-09 05:00:00,kWh,126.41939188256734,baseline,hvac_dr_ee
CAMX,2023-05-09 06:00:00,kWh,141.66219476769038,baseline,hvac_dr_ee
CAMX,2023-05-09 07:00:00,kWh,166.14888549579112,baseline,hvac_dr_ee
CAMX,2023-05-09 08:00:00,kWh,163.74009362949596,baseline,hvac_dr_ee
CAMX,2023-05-09 09:00:00,kWh,166.97487268098072,baseline,hvac_dr_ee
CAMX,2023-05-09 10:00:00,kWh,172.60467587107135,baseline,hvac_dr_ee
CAMX,2023-05-09 11:00:00,kWh,171.06724902881197,baseline,hvac_dr_ee
CAMX,2023-05-09 12:00:00,kWh,176.10487680387104,baseline,hvac_dr_ee
CAMX,2023-05-09 13:00:00,kWh,177.21434369482654,baseline,hvac_dr_ee
CAMX,2023-05-09 14:00:00,kWh,183.7945722698049,baseline,hvac_dr_ee
CAMX,2023-05-09 15:00:00,kWh,191.16311082934013,baseline,hvac_dr_ee
CAMX,2023-05-09 16:00:00,kWh,158.5569508309156,baseline,hvac_dr_ee
CAMX,2023-05-09 17:00:00,kWh,128.92793290146776,baseline,hvac_dr_ee
CAMX,2023-05-09 18:00:00,kWh,127.54882208442325,baseline,hvac_dr_ee
CAMX,2023-05-09 19:00:00,kWh,120.84841467493592,baseline,hvac_dr_ee
CAMX,2023-05-09 20:00:00,kWh,118.15010283680506,baseline,hvac_dr_ee
CAMX,2023-05-09 21:00:00,kWh,96.40661728827776,baseline,hvac_dr_ee
CAMX,2023-05-09 22:00:00,kWh,95.10776077860255,baseline,hvac_dr_ee
CAMX,2023-05-09 23:00:00,kWh,86.00858199018984,baseline,hvac_dr_ee
CAMX,2023-05-10 00:00:00,kWh,95.32873683201004,baseline,hvac_dr_ee
CAMX,2023-05-10 01:00:00,kWh,91.40021996468104,baseline,hvac_dr_ee
CAMX,2023-05-10 02:00:00,kWh,85.60648357923804,baseline,hvac_dr_ee
CAMX,2023-05-10 03:00:00,kWh,90.35785348199819,baseline,hvac_dr_ee
CAMX,2023-05-10 04:00:00,kWh,97.05251786961787,baseline,hvac_dr_ee
CAMX,2023-05-10 05:00:00,kWh,125.82002693152415,baseline,hvac_dr_ee
CAMX,2023-05-10 06:00:00,kWh,143.6381164529671,baseline,hvac_dr_ee
CAMX,2023-05-10 07:00:00,kWh,166.77415618732545,baseline,hvac_dr_ee
CAMX,2023-05-10 08:00:00,kWh,165.5581817610028,baseline,hvac_dr_ee
CAMX,2023-05-10 09:00:00,kWh,169.09569478632858,baseline,hvac_dr_ee
CAMX,2023-05-10 10:00:00,kWh,174.12415729670371,baseline,hvac_dr_ee
CAMX,2023-05-10 11:00:00,kWh,171.64959654439264,baseline,hvac_dr_ee
CAMX,2023-05-10 12:00:00,kWh,175.39122199234524,baseline,hvac_dr_ee
CAMX,2023-05-10 13:00:00,kWh,176.6325910213655,baseline,hvac_dr_ee
CAMX,2023-05-10 14:00:00,kWh,185.85669707840682,baseline,hvac_dr_ee
CAMX,2023-05-10 15:00:00,kWh,197.71332156972215,baseline,hvac_dr_ee
CAMX,2023-05-10 16:00:00,kWh,163.67519956272483,baseline,hvac_dr_ee
CAMX,2023-05-10 17:00:00,kWh,134.37124004542818,baseline,hvac_dr_ee
CAMX,2023-05-10 18:00:00,kWh,130.3144777989517,baseline,hvac_dr_ee
CAMX,2023-05-10 19:00:00,kWh,119.34016936167595,baseline,hvac_dr_ee
CAMX,2023-05-10 20:00:00,kWh,116.381297714807,baseline,hvac_dr_ee
CAMX,2023-05-10 21:00:00,kWh,97.56418097933906,baseline,hvac_dr_ee
CAMX,2023-05-10 22:00:00,kWh,95.0522744470992,baseline,hvac_dr_ee
CAMX,2023-05-10 23:00:00,kWh,86.66005083430767,baseline,hvac_dr_ee
CAMX,2023-05-11 00:00:00,kWh,94.11043958743515,baseline,hvac_dr_ee
CAMX,2023-05-11 01:00:00,kWh,91.84684273403857,baseline,hvac_dr_ee
CAMX,2023-05-11 02:00:00,kWh,84.70271186089197,baseline,hvac_dr_ee
CAMX,2023-05-11 03:00:00,kWh,92.49808313729386,baseline,hvac_dr_ee
CAMX,2023-05-11 04:00:00,kWh,98.09998489809833,baseline,hvac_dr_ee
CAMX,2023-05-11 05:00:00,kWh,124.62738644869046,baseline,hvac_dr_ee
CAMX,2023-05-11 06:00:00,kWh,142.86678858023018,baseline,hvac_dr_ee
CAMX,2023-05-11 07:00:00,kWh,170.32782543405327,baseline,hvac_dr_ee
CAMX,2023-05-11 08:00:00,kWh,171.91595298077442,baseline,hvac_dr_ee
CAMX,2023-05-11 09:00:00,kWh,177.20947728925526,baseline,hvac_dr_ee
CAMX,2023-05-11 10:00:00,kWh,181.7384437505777,baseline,hvac_dr_ee
CAMX,2023-05-11 11:00:00,kWh,181.20848403313732,baseline,hvac_dr_ee
CAMX,2023-05-11 12:00:00,kWh,189.03967719764387,baseline,hvac_dr_ee
CAMX,2023-05-11 13:00:00,kWh,190.68866388933475,baseline,hvac_dr_ee
CAMX,2023-05-11 14:00:00,kWh,200.36195431384076,baseline,hvac_dr_ee
CAMX,2023-05-11 15:00:00,kWh,210.04895893199503,baseline,hvac_dr_ee
CAMX,2023-05-11 16:00:00,kWh,172.63371713297008,baseline,hvac_dr_ee
CAMX,2023-05-11 17:00:00,kWh,136.86217477954378,baseline,hvac_dr_ee
CAMX,2023-05-11 18:00:00,kWh,131.8620572149152,baseline,hvac_dr_ee
CAMX,2023-05-11 19:00:00,kWh,121.09559380325123,baseline,hvac_dr_ee
CAMX,2023-05-11 20:00:00,kWh,118.29330071156309,baseline,hvac_dr_ee
CAMX,2023-05-11 21:00:00,kWh,101.28869470032842,baseline,hvac_dr_ee
CAMX,2023-05-11 22:00:00,kWh,96.66712300772745,baseline,hvac_dr_ee
CAMX,2023-05-11 23:00:00,kWh,89.66610312155407,baseline,hvac_dr_ee
CAMX,2023-05-12 00:00:00,kWh,94.1464484894422,baseline,hvac_dr_ee
CAMX,2023-05-12 01:00:00,kWh,93.30905146922208,baseline,hvac_dr_ee
CAMX,2023-05-12 02:00:00,kWh,85.02640280060491,baseline,hvac_dr_ee
CAMX,2023-05-12 03:00:00,kWh,92.2845365706497,baseline,hvac_dr_ee
CAMX,2023-05-12 04:00:00,kWh,103.18049539073027,baseline,hvac_dr_ee
CAMX,2023-05-12 05:00:00,kWh,124.98516762798252,baseline,hvac_dr_ee
CAMX,2023-05-12 06:00:00,kWh,149.4922213856473,baseline,hvac_dr_ee
CAMX,2023-05-12 07:00:00,kWh,173.87684750890972,baseline,hvac_dr_ee
CAMX,2023-05-12 08:00:00,kWh,172.4620499302061,baseline,hvac_dr_ee
CAMX,2023-05-12 09:00:00,kWh,174.8555005793388,baseline,hvac_dr_ee
CAMX,2023-05-12 10:00:00,kWh,181.82035798074668,baseline,hvac_dr_ee
CAMX,2023-05-12 11:00:00,kWh,181.96274610350417,baseline,hvac_dr_ee
CAMX,2023-05-12 12:00:00,kWh,191.0205744715665,baseline,hvac_dr_ee
CAMX,2023-05-12 13:00:00,kWh,192.73082996144623,baseline,hvac_dr_ee
CAMX,2023-05-12 14:00:00,kWh,202.54321061571602,baseline,hvac_dr_ee
CAMX,2023-05-12 15:00:00,kWh,210.12605776997657,baseline,hvac_dr_ee
CAMX,2023-05-12 16:00:00,kWh,170.41841988494062,baseline,hvac_dr_ee
CAMX,2023-05-12 17:00:00,kWh,137.73354642841898,baseline,hvac_dr_ee
CAMX,2023-05-12 18:00:00,kWh,131.57255890845533,baseline,hvac_dr_ee
CAMX,2023-05-12 19:00:00,kWh,124.03126974557892,baseline,hvac_dr_ee
CAMX,2023-05-12 20:00:00,kWh,121.63516600482066,baseline,hvac_dr_ee
CAMX,2023-05-12 21:00:00,kWh,103.15533195373253,baseline,hvac_dr_ee
CAMX,2023-05-12 22:00:00,kWh,97.595723891939,baseline,hvac_dr_ee
CAMX,2023-05-12 23:00:00,kWh,91.13318711426533,baseline,hvac_dr_ee
CAMX,2023-05-13 00:00:00,kWh,91.62867083943922,baseline,hvac_dr_ee
CAMX,2023-05-13 01:00:00,kWh,90.06880328525207,baseline,hvac_dr_ee
CAMX,2023-05-13 02:00:00,kWh,81.52738355060364,baseline,hvac_dr_ee
CAMX,2023-05-13 03:00:00,kWh,88.45322986157083,baseline,hvac_dr_ee
CAMX,2023-05-13 04:00:00,kWh,99.07115011631767,baseline,hvac_dr_ee
CAMX,2023-05-13 05:00:00,kWh,117.41648894380192,baseline,hvac_dr_ee
CAMX,2023-05-13 06:00:00,kWh,116.95574140450125,baseline,hvac_dr_ee
CAMX,2023-05-13 07:00:00,kWh,126.52506361901823,baseline,hvac_dr_ee
CAMX,2023-05-13 08:00:00,kWh,133.3488212763922,baseline,hvac_dr_ee
CAMX,2023-05-13 09:00:00,kWh,135.71251576599428,baseline,hvac_dr_ee
CAMX,2023-05-13 10:00:00,kWh,137.25301340182733,baseline,hvac_dr_ee
CAMX,2023-05-13 11:00:00,kWh,126.03520087087375,baseline,hvac_dr_ee
CAMX,2023-05-13 12:00:00,kWh,123.67487790082933,baseline,hvac_dr_ee
CAMX,2023-05-13 13:00:00,kWh,123.49318264598557,baseline,hvac_dr_ee
CAMX,2023-05-13 14:00:00,kWh,125.52990014217654,baseline,hvac_dr_ee
CAMX,2023-05-13 15:00:00,kWh,130.2369022515708,baseline,hvac_dr_ee
CAMX,2023-05-13 16:00:00,kWh,125.83606469256938,baseline,hvac_dr_ee
CAMX,2023-05-13 17:00:00,kWh,109.3110355046741,baseline,hvac_dr_ee
CAMX,2023-05-13 18:00:00,kWh,103.91594579133522,baseline,hvac_dr_ee
CAMX,2023-05-13 19:00:00,kWh,88.90895141109455,baseline,hvac_dr_ee
CAMX,2023-05-13 20:00:00,kWh,95.67799020340779,baseline,hvac_dr_ee
CAMX,2023-05-13 21:00:00,kWh,90.60411670200489,baseline,hvac_dr_ee
CAMX,2023-05-13 22:00:00,kWh,85.64384660747757,baseline,hvac_dr_ee
CAMX,2023-05-13 23:00:00,kWh,88.27707263268317,baseline,hvac_dr_ee
CAMX,2023-05-14 00:00:00,kWh,86.16262835129976,baseline,hvac_dr_ee
CAMX,2023-05-14 01:00:00,kWh,79.15133119300735,baseline,hvac_dr_ee
CAMX,2023-05-14 02:00:00,kWh,83.08254793381474,baseline,hvac_dr_ee
CAMX,2023-05-14 03:00:00,kWh,84.31208552697635,baseline,hvac_dr_ee
CAMX,2023-05-14 04:00:00,kWh,77.34503558952437,baseline,hvac_dr_ee
CAMX,2023-05-14 05:00:00,kWh,87.38332266513368,baseline,hvac_dr_ee
CAMX,2023-05-14 06:00:00,kWh,85.58309627705641,baseline,hvac_dr_ee
CAMX,2023-05-14 07:00:00,kWh,85.01685279346435,baseline,hvac_dr_ee
CAMX,2023-05-14 08:00:00,kWh,96.74176195803184,baseline,hvac_dr_ee
CAMX,2023-05-14 09:00:00,kWh,96.20563214199271,baseline,hvac_dr_ee
CAMX,2023-05-14 10:00:00,kWh,93.41890608052921,baseline,hvac_dr_ee
CAMX,2023-05-14 11:00:00,kWh,103.36710274804798,baseline,hvac_dr_ee
CAMX,2023-05-14 12:00:00,kWh,101.73460689263662,baseline,hvac_dr_ee
CAMX,2023-05-14 13:00:00,kWh,99.87877079012462,baseline,hvac_dr_ee
CAMX,2023-05-14 14:00:00,kWh,113.17251951920684,baseline,hvac_dr_ee
CAMX,2023-05-14 15:00:00,kWh,112.4952627129573,baseline,hvac_dr_ee
CAMX,2023-05-14 16:00:00,kWh,104.18215001434544,baseline,hvac_dr_ee
CAMX,2023-05-14 17:00:00,kWh,114.93342067441657,baseline,hvac_dr_ee
CAMX,2023-05-14 18:00:00,kWh,107.89082498581567,baseline,hvac_dr_ee
CAMX,2023-05-14 19:00:00,kWh,87.84339399815906,baseline,hvac_dr_ee
CAMX,2023-05-14 20:00:00,kWh,94.46411018385734,baseline,hvac_dr_ee
CAMX,2023-05-14 21:00:00,kWh,88.86369696650485,baseline,hvac_dr_ee
CAMX,2023-05-14 22:00:00,kWh,79.04877034025988,baseline,hvac_dr_ee
CAMX,2023-05-14 23:00:00,kWh,86.666546398841,baseline,hvac_dr_ee
CAMX,2023-05-15 00:00:00,kWh,88.63857137267621,baseline,hvac_dr_ee
CAMX,2023-05-15 01:00:00,kWh,81.65852228265327,baseline,hvac_dr_ee
CAMX,2023-05-15 02:00:00,kWh,85.85081092870921,baseline,hvac_dr_ee
CAMX,2023-05-15 03:00:00,kWh,85.62055933069263,baseline,hvac_dr_ee
CAMX,2023-05-15 04:00:00,kWh,97.61493367970843,baseline,hvac_dr_ee
CAMX,2023-05-15 05:00:00,kWh,125.9731153343373,baseline,hvac_dr_ee
CAMX,2023-05-15 06:00:00,kWh,147.01533526288756,baseline,hvac_dr_ee
CAMX,2023-05-15 07:00:00,kWh,175.78392024476105,baseline,hvac_dr_ee
CAMX,2023-05-15 08:00:00,kWh,174.6270540091106,baseline,hvac_dr_ee
CAMX,2023-05-15 09:00:00,kWh,174.28617164812124,baseline,hvac_dr_ee
CAMX,2023-05-15 10:00:00,kWh,179.80572289888602,baseline,hvac_dr_ee
CAMX,2023-05-15 11:00:00,kWh,178.23654158064434,baseline,hvac_dr_ee
CAMX,2023-05-15 12:00:00,kWh,184.9401210311844,baseline,hvac_dr_ee
CAMX,2023-05-15 13:00:00,kWh,189.64644729102017,baseline,hvac_dr_ee
CAMX,2023-05-15 14:00:00,kWh,199.8104703629124,baseline,hvac_dr_ee
CAMX,2023-05-15 15:00:00,kWh,211.95947707982032,baseline,hvac_dr_ee
CAMX,2023-05-15 16:00:00,kWh,176.42253986338363,baseline,hvac_dr_ee
CAMX,2023-05-15 17:00:00,kWh,145.62977436161407,baseline,hvac_dr_ee
CAMX,2023-05-15 18:00:00,kWh,138.8426011597943,baseline,hvac_dr_ee
CAMX,2023-05-15 19:00:00,kWh,124.77658555341084,baseline,hvac_dr_ee
CAMX,2023-05-15 20:00:00,kWh,121.6760398355747,baseline,hvac_dr_ee
CAMX,2023-05-15 21:00:00,kWh,102.53916056011649,baseline,hvac_dr_ee
CAMX,2023-05-15 22:00:00,kWh,98.17950608059326,baseline,hvac_dr_ee
CAMX,2023-05-15 23:00:00,kWh,89.15499678507804,baseline,hvac_dr_ee
CAMX,2023-05-16 00:00:00,kWh,93.63987302396758,baseline,hvac_dr_ee
CAMX,2023-05-16 01:00:00,kWh,94.27682076059423,baseline,hvac_dr_ee
CAMX,2023-05-16 02:00:00,kWh,84.68826542778314,baseline,hvac_dr_ee
CAMX,2023-05-16 03:00:00,kWh,93.04046406943002,baseline,hvac_dr_ee
CAMX,2023-05-16 04:00:00,kWh,98.23458998516669,baseline,hvac_dr_ee
CAMX,2023-05-16 05:00:00,kWh,126.14433954552327,baseline,hvac_dr_ee
CAMX,2023-05-16 06:00:00,kWh,156.21118136628147,baseline,hvac_dr_ee
CAMX,2023-05-16 07:00:00,kWh,181.19115271469695,baseline,hvac_dr_ee
CAMX,2023-05-16 08:00:00,kWh,181.947164792496,baseline,hvac_dr_ee
CAMX,2023-05-16 09:00:00,kWh,185.21179893885176,baseline,hvac_dr_ee
CAMX,2023-05-16 10:00:00,kWh,185.43327849471416,baseline,hvac_dr_ee
CAMX,2023-05-16 11:00:00,kWh,175.59178990449817,baseline,hvac_dr_ee
CAMX,2023-05-16 12:00:00,kWh,183.93377549836637,baseline,hvac_dr_ee
CAMX,2023-05-16 13:00:00,kWh,188.81727890691326,baseline,hvac_dr_ee
CAMX,2023-05-16 14:00:00,kWh,195.5881163410703,baseline,hvac_dr_ee
CAMX,2023-05-16 15:00:00,kWh,210.48395980826814,baseline,hvac_dr_ee
CAMX,2023-05-16 16:00:00,kWh,174.54790341947864,baseline,hvac_dr_ee
CAMX,2023-05-16 17:00:00,kWh,142.94006439149635,baseline,hvac_dr_ee
CAMX,2023-05-16 18:00:00,kWh,135.2524207902854,baseline,hvac_dr_ee
CAMX,2023-05-16 19:00:00,kWh,122.08855366838722,baseline,hvac_dr_ee
CAMX,2023-05-16 20:00:00,kWh,116.97337352320756,baseline,hvac_dr_ee
CAMX,2023-05-16 21:00:00,kWh,99.02581004923003,baseline,hvac_dr_ee
CAMX,2023-05-16 22:00:00,kWh,96.13675878577376,baseline,hvac_dr_ee
CAMX,2023-05-16 23:00:00,kWh,87.0431938801338,baseline,hvac_dr_ee
CAMX,2023-05-17 00:00:00,kWh,95.81430028091239,baseline,hvac_dr_ee
CAMX,2023-05-17 01:00:00,kWh,93.07570681267683,baseline,hvac_dr_ee
CAMX,2023-05-17 02:00:00,kWh,84.73979149272273,baseline,hvac_dr_ee
CAMX,2023-05-17 03:00:00,kWh,92.42587693523558,baseline,hvac_dr_ee
CAMX,2023-05-17 04:00:00,kWh,103.38574413955573,baseline,hvac_dr_ee
CAMX,2023-05-17 05:00:00,kWh,124.87301745904492,baseline,hvac_dr_ee
CAMX,2023-05-17 06:00:00,kWh,141.51559062697115,baseline,hvac_dr_ee
CAMX,2023-05-17 07:00:00,kWh,161.88670929211062,baseline,hvac_dr_ee
CAMX,2023-05-17 08:00:00,kWh,153.6632185801243,baseline,hvac_dr_ee
CAMX,2023-05-17 09:00:00,kWh,151.5318938507429,baseline,hvac_dr_ee
CAMX,2023-05-17 10:00:00,kWh,154.2267060962913,baseline,hvac_dr_ee
CAMX,2023-05-17 11:00:00,kWh,155.5395373905277,baseline,hvac_dr_ee
CAMX,2023-05-17 12:00:00,kWh,160.06886811291568,baseline,hvac_dr_ee
CAMX,2023-05-17 13:00:00,kWh,159.2874112202323,baseline,hvac_dr_ee
CAMX,2023-05-17 14:00:00,kWh,162.16981714110045,baseline,hvac_dr_ee
CAMX,2023-05-17 15:00:00,kWh,166.14340648783084,baseline,hvac_dr_ee
CAMX,2023-05-17 16:00:00,kWh,142.94957437660946,baseline,hvac_dr_ee
CAMX,2023-05-17 17:00:00,kWh,117.99763460588798,baseline,hvac_dr_ee
CAMX,2023-05-17 18:00:00,kWh,114.78923005075414,baseline,hvac_dr_ee
CAMX,2023-05-17 19:00:00,kWh,111.55133449838473,baseline,hvac_dr_ee
CAMX,2023-05-17 20:00:00,kWh,111.29789566804766,baseline,hvac_dr_ee
CAMX,2023-05-17 21:00:00,kWh,95.84393560595277,baseline,hvac_dr_ee
CAMX,2023-05-17 22:00:00,kWh,92.99986820774323,baseline,hvac_dr_ee
CAMX,2023-05-17 23:00:00,kWh,86.54898105035072,baseline,hvac_dr_ee
CAMX,2023-05-18 00:00:00,kWh,93.96726426772193,baseline,hvac_dr_ee
CAMX,2023-05-18 01:00:00,kWh,90.16996257635893,baseline,hvac_dr_ee
CAMX,2023-05-18 02:00:00,kWh,83.61297773014286,baseline,hvac_dr_ee
CAMX,2023-05-18 03:00:00,kWh,89.91190572677647,baseline,hvac_dr_ee
CAMX,2023-05-18 04:00:00,kWh,117.33927202856478,baseline,hvac_dr_ee
CAMX,2023-05-18 05:00:00,kWh,130.58208187839642,baseline,hvac_dr_ee
CAMX,2023-05-18 06:00:00,kWh,142.905704587933,baseline,hvac_dr_ee
CAMX,2023-05-18 07:00:00,kWh,163.15013452543627,baseline,hvac_dr_ee
CAMX,2023-05-18 08:00:00,kWh,157.54186864895215,baseline,hvac_dr_ee
CAMX,2023-05-18 09:00:00,kWh,157.69072013570118,baseline,hvac_dr_ee
CAMX,2023-05-18 10:00:00,kWh,160.10279043859606,baseline,hvac_dr_ee
CAMX,2023-05-18 11:00:00,kWh,161.15155677055114,baseline,hvac_dr_ee
CAMX,2023-05-18 12:00:00,kWh,161.79466018913405,baseline,hvac_dr_ee
CAMX,2023-05-18 13:00:00,kWh,161.05712343180312,baseline,hvac_dr_ee
CAMX,2023-05-18 14:00:00,kWh,167.46325431657226,baseline,hvac_dr_ee
CAMX,2023-05-18 15:00:00,kWh,172.83504971750557,baseline,hvac_dr_ee
CAMX,2023-05-18 16:00:00,kWh,149.627159935918,baseline,hvac_dr_ee
CAMX,2023-05-18 17:00:00,kWh,126.53163459087008,baseline,hvac_dr_ee
CAMX,2023-05-18 18:00:00,kWh,122.08395645769343,baseline,hvac_dr_ee
CAMX,2023-05-18 19:00:00,kWh,116.66573390277551,baseline,hvac_dr_ee
CAMX,2023-05-18 20:00:00,kWh,114.8060127193991,baseline,hvac_dr_ee
CAMX,2023-05-18 21:00:00,kWh,95.0189170609518,baseline,hvac_dr_ee
CAMX,2023-05-18 22:00:00,kWh,93.22239455179081,baseline,hvac_dr_ee
CAMX,2023-05-18 23:00:00,kWh,85.4032500055481,baseline,hvac_dr_ee
CAMX,2023-05-19 00:00:00,kWh,95.06466600452994,baseline,hvac_dr_ee
CAMX,2023-05-19 01:00:00,kWh,91.24773103413698,baseline,hvac_dr_ee
CAMX,2023-05-19 02:00:00,kWh,82.6278496180737,baseline,hvac_dr_ee
CAMX,2023-05-19 03:00:00,kWh,91.5176754991641,baseline,hvac_dr_ee
CAMX,2023-05-19 04:00:00,kWh,102.2323428624976,baseline,hvac_dr_ee
CAMX,2023-05-19 05:00:00,kWh,127.70115642616973,baseline,hvac_dr_ee
CAMX,2023-05-19 06:00:00,kWh,143.09402631074286,baseline,hvac_dr_ee
CAMX,2023-05-19 07:00:00,kWh,166.41057320965567,baseline,hvac_dr_ee
CAMX,2023-05-19 08:00:00,kWh,162.68475272780643,baseline,hvac_dr_ee
CAMX,2023-05-19 09:00:00,kWh,160.48320280883934,baseline,hvac_dr_ee
CAMX,2023-05-19 10:00:00,kWh,162.83610143596377,baseline,hvac_dr_ee
CAMX,2023-05-19 11:00:00,kWh,160.66927216983498,baseline,hvac_dr_ee
CAMX,2023-05-19 12:00:00,kWh,165.0427607053793,baseline,hvac_dr_ee
CAMX,2023-05-19 13:00:00,kWh,165.34937587247302,baseline,hvac_dr_ee
CAMX,2023-05-19 14:00:00,kWh,171.9003907532845,baseline,hvac_dr_ee
CAMX,2023-05-19 15:00:00,kWh,183.24861147938836,baseline,hvac_dr_ee
CAMX,2023-05-19 16:00:00,kWh,155.63322429953342,baseline,hvac_dr_ee
CAMX,2023-05-19 17:00:00,kWh,129.42598670705408,baseline,hvac_dr_ee
CAMX,2023-05-19 18:00:00,kWh,124.21184578053135,baseline,hvac_dr_ee
CAMX,2023-05-19 19:00:00,kWh,117.25653000919283,baseline,hvac_dr_ee
CAMX,2023-05-19 20:00:00,kWh,115.85118460870014,baseline,hvac_dr_ee
CAMX,2023-05-19 21:00:00,kWh,96.17957021130604,baseline,hvac_dr_ee
CAMX,2023-05-19 22:00:00,kWh,93.84301954574853,baseline,hvac_dr_ee
CAMX,2023-05-19 23:00:00,kWh,85.72073152307607,baseline,hvac_dr_ee
CAMX,2023-05-20 00:00:00,kWh,92.04012280688964,baseline,hvac_dr_ee
CAMX,2023-05-20 01:00:00,kWh,86.73028711276916,baseline,hvac_dr_ee
CAMX,2023-05-20 02:00:00,kWh,80.87307040576088,baseline,hvac_dr_ee
CAMX,2023-05-20 03:00:00,kWh,88.67119133568369,baseline,hvac_dr_ee
CAMX,2023-05-20 04:00:00,kWh,90.48652314143112,baseline,hvac_dr_ee
CAMX,2023-05-20 05:00:00,kWh,117.83902792362727,baseline,hvac_dr_ee
CAMX,2023-05-20 06:00:00,kWh,114.55640780555751,baseline,hvac_dr_ee
CAMX,2023-05-20 07:00:00,kWh,123.83708090640287,baseline,hvac_dr_ee
CAMX,2023-05-20 08:00:00,kWh,125.63008303076471,baseline,hvac_dr_ee
CAMX,2023-05-20 09:00:00,kWh,127.03091789334692,baseline,hvac_dr_ee
CAMX,2023-05-20 10:00:00,kWh,130.51498885137244,baseline,hvac_dr_ee
CAMX,2023-05-20 11:00:00,kWh,119.58533210863632,baseline,hvac_dr_ee
CAMX,2023-05-20 12:00:00,kWh,117.44329739636443,baseline,hvac_dr_ee
CAMX,2023-05-20 13:00:00,kWh,117.45797840786489,baseline,hvac_dr_ee
CAMX,2023-05-20 14:00:00,kWh,118.25263039570076,baseline,hvac_dr_ee
CAMX,2023-05-20 15:00:00,kWh,122.53079874391187,baseline,hvac_dr_ee
CAMX,2023-05-20 16:00:00,kWh,119.50010625787068,baseline,hvac_dr_ee
CAMX,2023-05-20 17:00:00,kWh,106.31320706743406,baseline,hvac_dr_ee
CAMX,2023-05-20 18:00:00,kWh,101.93175871200091,baseline,hvac_dr_ee
CAMX,2023-05-20 19:00:00,kWh,86.84805659647385,baseline,hvac_dr_ee
CAMX,2023-05-20 20:00:00,kWh,91.56167353731438,baseline,hvac_dr_ee
CAMX,2023-05-20 21:00:00,kWh,91.09911489383714,baseline,hvac_dr_ee
CAMX,2023-05-20 22:00:00,kWh,82.18023799003458,baseline,hvac_dr_ee
CAMX,2023-05-20 23:00:00,kWh,88.4244583009775,baseline,hvac_dr_ee
CAMX,2023-05-21 00:00:00,kWh,84.40864699510992,baseline,hvac_dr_ee
CAMX,2023-05-21 01:00:00,kWh,77.08592965842857,baseline,hvac_dr_ee
CAMX,2023-05-21 02:00:00,kWh,83.05638000247623,baseline,hvac_dr_ee
CAMX,2023-05-21 03:00:00,kWh,85.15484867021328,baseline,hvac_dr_ee
CAMX,2023-05-21 04:00:00,kWh,75.91133416326355,baseline,hvac_dr_ee
CAMX,2023-05-21 05:00:00,kWh,84.18533538958826,baseline,hvac_dr_ee
CAMX,2023-05-21 06:00:00,kWh,92.36782218480529,baseline,hvac_dr_ee
CAMX,2023-05-21 07:00:00,kWh,87.15110730622588,baseline,hvac_dr_ee
CAMX,2023-05-21 08:00:00,kWh,99.23635900168378,baseline,hvac_dr_ee
CAMX,2023-05-21 09:00:00,kWh,99.37298765958789,baseline,hvac_dr_ee
CAMX,2023-05-21 10:00:00,kWh,90.74456652145736,baseline,hvac_dr_ee
CAMX,2023-05-21 11:00:00,kWh,99.04444285266932,baseline,hvac_dr_ee
CAMX,2023-05-21 12:00:00,kWh,98.97332972977034,baseline,hvac_dr_ee
CAMX,2023-05-21 13:00:00,kWh,92.74693842705048,baseline,hvac_dr_ee
CAMX,2023-05-21 14:00:00,kWh,107.00998259050289,baseline,hvac_dr_ee
CAMX,2023-05-21 15:00:00,kWh,107.87206651987839,baseline,hvac_dr_ee
CAMX,2023-05-21 16:00:00,kWh,99.25826914351434,baseline,hvac_dr_ee
CAMX,2023-05-21 17:00:00,kWh,114.78294152406554,baseline,hvac_dr_ee
CAMX,2023-05-21 18:00:00,kWh,110.29378361960849,baseline,hvac_dr_ee
CAMX,2023-05-21 19:00:00,kWh,90.05689905108187,baseline,hvac_dr_ee
CAMX,2023-05-21 20:00:00,kWh,95.75520600960658,baseline,hvac_dr_ee
CAMX,2023-05-21 21:00:00,kWh,91.04767809389963,baseline,hvac_dr_ee
CAMX,2023-05-21 22:00:00,kWh,83.34634180123209,baseline,hvac_dr_ee
CAMX,2023-05-21 23:00:00,kWh,88.41648372813344,baseline,hvac_dr_ee
CAMX,2023-05-22 00:00:00,kWh,90.78483744290492,baseline,hvac_dr_ee
CAMX,2023-05-22 01:00:00,kWh,82.35792639148062,baseline,hvac_dr_ee
CAMX,2023-05-22 02:00:00,kWh,89.93834826903826,baseline,hvac_dr_ee
CAMX,2023-05-22 03:00:00,kWh,86.57256444778689,baseline,hvac_dr_ee
CAMX,2023-05-22 04:00:00,kWh,89.01422751992338,baseline,hvac_dr_ee
CAMX,2023-05-22 05:00:00,kWh,124.73868384109034,baseline,hvac_dr_ee
CAMX,2023-05-22 06:00:00,kWh,149.8944105907203,baseline,hvac_dr_ee
CAMX,2023-05-22 07:00:00,kWh,173.1563938788259,baseline,hvac_dr_ee
CAMX,2023-05-22 08:00:00,kWh,171.30456148696783,baseline,hvac_dr_ee
CAMX,2023-05-22 09:00:00,kWh,175.76802950194747,baseline,hvac_dr_ee
CAMX,2023-05-22 10:00:00,kWh,185.54742564823894,baseline,hvac_dr_ee
CAMX,2023-05-22 11:00:00,kWh,185.5461355293454,baseline,hvac_dr_ee
CAMX,2023-05-22 12:00:00,kWh,194.38565294080485,baseline,hvac_dr_ee
CAMX,2023-05-22 13:00:00,kWh,200.0926538014811,baseline,hvac_dr_ee
CAMX,2023-05-22 14:00:00,kWh,211.23151092316738,baseline,hvac_dr_ee
CAMX,2023-05-22 15:00:00,kWh,218.1400629307371,baseline,hvac_dr_ee
CAMX,2023-05-22 16:00:00,kWh,172.68945259355772,baseline,hvac_dr_ee
CAMX,2023-05-22 17:00:00,kWh,135.57785286240534,baseline,hvac_dr_ee
CAMX,2023-05-22 18:00:00,kWh,128.46238422922505,baseline,hvac_dr_ee
CAMX,2023-05-22 19:00:00,kWh,121.79149876772858,baseline,hvac_dr_ee
CAMX,2023-05-22 20:00:00,kWh,119.17092521755377,baseline,hvac_dr_ee
CAMX,2023-05-22 21:00:00,kWh,100.92837013493346,baseline,hvac_dr_ee
CAMX,2023-05-22 22:00:00,kWh,98.66741220671955,baseline,hvac_dr_ee
CAMX,2023-05-22 23:00:00,kWh,87.601567643382,baseline,hvac_dr_ee
CAMX,2023-05-23 00:00:00,kWh,94.79374958901991,baseline,hvac_dr_ee
CAMX,2023-05-23 01:00:00,kWh,93.44577637812434,baseline,hvac_dr_ee
CAMX,2023-05-23 02:00:00,kWh,84.68286416971827,baseline,hvac_dr_ee
CAMX,2023-05-23 03:00:00,kWh,92.73886342040376,baseline,hvac_dr_ee
CAMX,2023-05-23 04:00:00,kWh,93.77882375443063,baseline,hvac_dr_ee
CAMX,2023-05-23 05:00:00,kWh,123.70114758056148,baseline,hvac_dr_ee
CAMX,2023-05-23 06:00:00,kWh,149.12157922653392,baseline,hvac_dr_ee
CAMX,2023-05-23 07:00:00,kWh,183.80299865265474,baseline,hvac_dr_ee
CAMX,2023-05-23 08:00:00,kWh,178.9002982653557,baseline,hvac_dr_ee
CAMX,2023-05-23 09:00:00,kWh,178.2341578026521,baseline,hvac_dr_ee
CAMX,2023-05-23 10:00:00,kWh,183.19877042958703,baseline,hvac_dr_ee
CAMX,2023-05-23 11:00:00,kWh,182.0861634965356,baseline,hvac_dr_ee
CAMX,2023-05-23 12:00:00,kWh,194.03515127075465,baseline,hvac_dr_ee
CAMX,2023-05-23 13:00:00,kWh,194.25228587237282,baseline,hvac_dr_ee
CAMX,2023-05-23 14:00:00,kWh,203.627047942159,baseline,hvac_dr_ee
CAMX,2023-05-23 15:00:00,kWh,216.11066486376106,baseline,hvac_dr_ee
CAMX,2023-05-23 16:00:00,kWh,169.25060576549222,baseline,hvac_dr_ee
CAMX,2023-05-23 17:00:00,kWh,137.72201547561968,baseline,hvac_dr_ee
CAMX,2023-05-23 18:00:00,kWh,133.6686557747256,baseline,hvac_dr_ee
CAMX,2023-05-23 19:00:00,kWh,123.78311592048138,baseline,hvac_dr_ee
CAMX,2023-05-23 20:00:00,kWh,120.82316146608335,baseline,hvac_dr_ee
CAMX,2023-05-23 21:00:00,kWh,104.17503668063276,baseline,hvac_dr_ee
CAMX,2023-05-23 22:00:00,kWh,99.50458532006401,baseline,hvac_dr_ee
CAMX,2023-05-23 23:00:00,kWh,90.40304294169673,baseline,hvac_dr_ee
CAMX,2023-05-24 00:00:00,kWh,96.4032447968726,baseline,hvac_dr_ee
CAMX,2023-05-24 01:00:00,kWh,95.58960199265202,baseline,hvac_dr_ee
CAMX,2023-05-24 02:00:00,kWh,88.6251772320342,baseline,hvac_dr_ee
CAMX,2023-05-24 03:00:00,kWh,92.75072659107724,baseline,hvac_dr_ee
CAMX,2023-05-24 04:00:00,kWh,98.46977057651694,baseline,hvac_dr_ee
CAMX,2023-05-24 05:00:00,kWh,123.57131910392187,baseline,hvac_dr_ee
CAMX,2023-05-24 06:00:00,kWh,151.8835463882935,baseline,hvac_dr_ee
CAMX,2023-05-24 07:00:00,kWh,185.548181126741,baseline,hvac_dr_ee
CAMX,2023-05-24 08:00:00,kWh,191.22541835788937,baseline,hvac_dr_ee
CAMX,2023-05-24 09:00:00,kWh,202.09246513482015,baseline,hvac_dr_ee
CAMX,2023-05-24 10:00:00,kWh,292.96337543369975,baseline,hvac_dr_ee
CAMX,2023-05-24 11:00:00,kWh,256.22609054061536,baseline,hvac_dr_ee
CAMX,2023-05-24 12:00:00,kWh,311.7472079176132,baseline,hvac_dr_ee
CAMX,2023-05-24 13:00:00,kWh,313.54651003704515,baseline,hvac_dr_ee
CAMX,2023-05-24 14:00:00,kWh,314.5010514820694,baseline,hvac_dr_ee
CAMX,2023-05-24 15:00:00,kWh,320.0345059638604,baseline,hvac_dr_ee
CAMX,2023-05-24 16:00:00,kWh,230.94453442897162,baseline,hvac_dr_ee
CAMX,2023-05-24 17:00:00,kWh,150.9296234964844,baseline,hvac_dr_ee
CAMX,2023-05-24 18:00:00,kWh,138.12956611065442,baseline,hvac_dr_ee
CAMX,2023-05-24 19:00:00,kWh,131.3463608124237,baseline,hvac_dr_ee
CAMX,2023-05-24 20:00:00,kWh,124.4618497934524,baseline,hvac_dr_ee
CAMX,2023-05-24 21:00:00,kWh,102.62869546681208,baseline,hvac_dr_ee
CAMX,2023-05-24 22:00:00,kWh,96.70520075672768,baseline,hvac_dr_ee
CAMX,2023-05-24 23:00:00,kWh,90.20524773800953,baseline,hvac_dr_ee
CAMX,2023-05-25 00:00:00,kWh,96.78341799369596,baseline,hvac_dr_ee
CAMX,2023-05-25 01:00:00,kWh,95.65229570972343,baseline,hvac_dr_ee
CAMX,2023-05-25 02:00:00,kWh,87.05525423655928,baseline,hvac_dr_ee
CAMX,2023-05-25 03:00:00,kWh,96.11126202920062,baseline,hvac_dr_ee
CAMX,2023-05-25 04:00:00,kWh,101.42906133475884,baseline,hvac_dr_ee
CAMX,2023-05-25 05:00:00,kWh,124.8738226164945,baseline,hvac_dr_ee
CAMX,2023-05-25 06:00:00,kWh,149.51073797486129,baseline,hvac_dr_ee
CAMX,2023-05-25 07:00:00,kWh,170.5323548332504,baseline,hvac_dr_ee
CAMX,2023-05-25 08:00:00,kWh,162.94147234592106,baseline,hvac_dr_ee
CAMX,2023-05-25 09:00:00,kWh,163.56321987319697,baseline,hvac_dr_ee
CAMX,2023-05-25 10:00:00,kWh,167.74990176855243,baseline,hvac_dr_ee
CAMX,2023-05-25 11:00:00,kWh,164.78447766291353,baseline,hvac_dr_ee
CAMX,2023-05-25 12:00:00,kWh,168.95734792496148,baseline,hvac_dr_ee
CAMX,2023-05-25 13:00:00,kWh,167.36187525886294,baseline,hvac_dr_ee
CAMX,2023-05-25 14:00:00,kWh,168.06614406435406,baseline,hvac_dr_ee
CAMX,2023-05-25 15:00:00,kWh,173.1981566833856,baseline,hvac_dr_ee
CAMX,2023-05-25 16:00:00,kWh,146.99561048201878,baseline,hvac_dr_ee
CAMX,2023-05-25 17:00:00,kWh,123.83871154707167,baseline,hvac_dr_ee
CAMX,2023-05-25 18:00:00,kWh,123.88482555733569,baseline,hvac_dr_ee
CAMX,2023-05-25 19:00:00,kWh,122.21895879630023,baseline,hvac_dr_ee
CAMX,2023-05-25 20:00:00,kWh,121.53028682236075,baseline,hvac_dr_ee
CAMX,2023-05-25 21:00:00,kWh,97.58629147056715,baseline,hvac_dr_ee
CAMX,2023-05-25 22:00:00,kWh,95.20796730802121,baseline,hvac_dr_ee
CAMX,2023-05-25 23:00:00,kWh,86.7749220908027,baseline,hvac_dr_ee
CAMX,2023-05-26 00:00:00,kWh,97.33119708564837,baseline,hvac_dr_ee
CAMX,2023-05-26 01:00:00,kWh,91.18099876491291,baseline,hvac_dr_ee
CAMX,2023-05-26 02:00:00,kWh,85.61517303181823,baseline,hvac_dr_ee
CAMX,2023-05-26 03:00:00,kWh,92.58104651187632,baseline,hvac_dr_ee
CAMX,2023-05-26 04:00:00,kWh,97.09155257404218,baseline,hvac_dr_ee
CAMX,2023-05-26 05:00:00,kWh,127.40878973547706,baseline,hvac_dr_ee
CAMX,2023-05-26 06:00:00,kWh,150.58417323513308,baseline,hvac_dr_ee
CAMX,2023-05-26 07:00:00,kWh,167.9909084833477,baseline,hvac_dr_ee
CAMX,2023-05-26 08:00:00,kWh,159.85319070551495,baseline,hvac_dr_ee
CAMX,2023-05-26 09:00:00,kWh,162.45785018043267,baseline,hvac_dr_ee
CAMX,2023-05-26 10:00:00,kWh,165.29610392786026,baseline,hvac_dr_ee
CAMX,2023-05-26 11:00:00,kWh,165.21983836174846,baseline,hvac_dr_ee
CAMX,2023-05-26 12:00:00,kWh,172.77435035932024,baseline,hvac_dr_ee
CAMX,2023-05-26 13:00:00,kWh,172.70634474251742,baseline,hvac_dr_ee
CAMX,2023-05-26 14:00:00,kWh,175.1712831283938,baseline,hvac_dr_ee
CAMX,2023-05-26 15:00:00,kWh,183.9317607190768,baseline,hvac_dr_ee
CAMX,2023-05-26 16:00:00,kWh,149.29857640999415,baseline,hvac_dr_ee
CAMX,2023-05-26 17:00:00,kWh,123.38089270011213,baseline,hvac_dr_ee
CAMX,2023-05-26 18:00:00,kWh,122.2384989127847,baseline,hvac_dr_ee
CAMX,2023-05-26 19:00:00,kWh,119.11543508176939,baseline,hvac_dr_ee
CAMX,2023-05-26 20:00:00,kWh,118.10255068122648,baseline,hvac_dr_ee
CAMX,2023-05-26 21:00:00,kWh,97.47609796352602,baseline,hvac_dr_ee
CAMX,2023-05-26 22:00:00,kWh,92.43090810732068,baseline,hvac_dr_ee
CAMX,2023-05-26 23:00:00,kWh,86.7540225552944,baseline,hvac_dr_ee
CAMX,2023-05-27 00:00:00,kWh,91.76751731365185,baseline,hvac_dr_ee
CAMX,2023-05-27 01:00:00,kWh,87.19863350539586,baseline,hvac_dr_ee
CAMX,2023-05-27 02:00:00,kWh,80.8966071401903,baseline,hvac_dr_ee
CAMX,2023-05-27 03:00:00,kWh,87.73023440820026,baseline,hvac_dr_ee
CAMX,2023-05-27 04:00:00,kWh,99.64142963030083,baseline,hvac_dr_ee
CAMX,2023-05-27 05:00:00,kWh,119.46488486393788,baseline,hvac_dr_ee
CAMX,2023-05-27 06:00:00,kWh,114.16967176646486,baseline,hvac_dr_ee
CAMX,2023-05-27 07:00:00,kWh,121.3553863607954,baseline,hvac_dr_ee
CAMX,2023-05-27 08:00:00,kWh,124.15641587051634,baseline,hvac_dr_ee
CAMX,2023-05-27 09:00:00,kWh,124.62314015120862,baseline,hvac_dr_ee
CAMX,2023-05-27 10:00:00,kWh,126.51844801204251,baseline,hvac_dr_ee
CAMX,2023-05-27 11:00:00,kWh,116.79397147674709,baseline,hvac_dr_ee
CAMX,2023-05-27 12:00:00,kWh,114.14204866619795,baseline,hvac_dr_ee
CAMX,2023-05-27 13:00:00,kWh,113.56682355272011,baseline,hvac_dr_ee
CAMX,2023-05-27 14:00:00,kWh,113.48831388222962,baseline,hvac_dr_ee
CAMX,2023-05-27 15:00:00,kWh,114.3914194975215,baseline,hvac_dr_ee
CAMX,2023-05-27 16:00:00,kWh,107.89184954614674,baseline,hvac_dr_ee
CAMX,2023-05-27 17:00:00,kWh,97.21435738915504,baseline,hvac_dr_ee
CAMX,2023-05-27 18:00:00,kWh,94.670468109854,baseline,hvac_dr_ee
CAMX,2023-05-27 19:00:00,kWh,82.18746136849609,baseline,hvac_dr_ee
CAMX,2023-05-27 20:00:00,kWh,86.8511826230653,baseline,hvac_dr_ee
CAMX,2023-05-27 21:00:00,kWh,84.89309846451664,baseline,hvac_dr_ee
CAMX,2023-05-27 22:00:00,kWh,78.03608889649634,baseline,hvac_dr_ee
CAMX,2023-05-27 23:00:00,kWh,84.47910688672926,baseline,hvac_dr_ee
CAMX,2023-05-28 00:00:00,kWh,84.21753714648328,baseline,hvac_dr_ee
CAMX,2023-05-28 01:00:00,kWh,75.93277552143523,baseline,hvac_dr_ee
CAMX,2023-05-28 02:00:00,kWh,82.4858316965884,baseline,hvac_dr_ee
CAMX,2023-05-28 03:00:00,kWh,84.57662156355403,baseline,hvac_dr_ee
CAMX,2023-05-28 04:00:00,kWh,75.49581575989112,baseline,hvac_dr_ee
CAMX,2023-05-28 05:00:00,kWh,84.28642551881964,baseline,hvac_dr_ee
CAMX,2023-05-28 06:00:00,kWh,87.12441590401323,baseline,hvac_dr_ee
CAMX,2023-05-28 07:00:00,kWh,82.23931509741766,baseline,hvac_dr_ee
CAMX,2023-05-28 08:00:00,kWh,97.24697976744528,baseline,hvac_dr_ee
CAMX,2023-05-28 09:00:00,kWh,95.81472367544676,baseline,hvac_dr_ee
CAMX,2023-05-28 10:00:00,kWh,87.45830343786459,baseline,hvac_dr_ee
CAMX,2023-05-28 11:00:00,kWh,95.62340588137836,baseline,hvac_dr_ee
CAMX,2023-05-28 12:00:00,kWh,94.10019328766778,baseline,hvac_dr_ee
CAMX,2023-05-28 13:00:00,kWh,87.44033741458688,baseline,hvac_dr_ee
CAMX,2023-05-28 14:00:00,kWh,95.72588625953782,baseline,hvac_dr_ee
CAMX,2023-05-28 15:00:00,kWh,97.64605971848657,baseline,hvac_dr_ee
CAMX,2023-05-28 16:00:00,kWh,89.29827749469135,baseline,hvac_dr_ee
CAMX,2023-05-28 17:00:00,kWh,97.72151168309085,baseline,hvac_dr_ee
CAMX,2023-05-28 18:00:00,kWh,97.10974111993063,baseline,hvac_dr_ee
CAMX,2023-05-28 19:00:00,kWh,84.29143338068893,baseline,hvac_dr_ee
CAMX,2023-05-28 20:00:00,kWh,84.70841837658108,baseline,hvac_dr_ee
CAMX,2023-05-28 21:00:00,kWh,85.44027070626079,baseline,hvac_dr_ee
CAMX,2023-05-28 22:00:00,kWh,77.11253452403531,baseline,hvac_dr_ee
CAMX,2023-05-28 23:00:00,kWh,83.36330460036571,baseline,hvac_dr_ee
CAMX,2023-05-29 00:00:00,kWh,87.09569637637944,baseline,hvac_dr_ee
CAMX,2023-05-29 01:00:00,kWh,78.83313641389358,baseline,hvac_dr_ee
CAMX,2023-05-29 02:00:00,kWh,85.07886617959491,baseline,hvac_dr_ee
CAMX,2023-05-29 03:00:00,kWh,85.5340798723127,baseline,hvac_dr_ee
CAMX,2023-05-29 04:00:00,kWh,85.37257831057114,baseline,hvac_dr_ee
CAMX,2023-05-29 05:00:00,kWh,125.16664211986071,baseline,hvac_dr_ee
CAMX,2023-05-29 06:00:00,kWh,147.0408669655538,baseline,hvac_dr_ee
CAMX,2023-05-29 07:00:00,kWh,171.1210146134511,baseline,hvac_dr_ee
CAMX,2023-05-29 08:00:00,kWh,164.71830388303118,baseline,hvac_dr_ee
CAMX,2023-05-29 09:00:00,kWh,163.23359178865067,baseline,hvac_dr_ee
CAMX,2023-05-29 10:00:00,kWh,164.75194527967557,baseline,hvac_dr_ee
CAMX,2023-05-29 11:00:00,kWh,167.56523038013333,baseline,hvac_dr_ee
CAMX,2023-05-29 12:00:00,kWh,168.21348076638344,baseline,hvac_dr_ee
CAMX,2023-05-29 13:00:00,kWh,169.85996223551504,baseline,hvac_dr_ee
CAMX,2023-05-29 14:00:00,kWh,171.65770217152343,baseline,hvac_dr_ee
CAMX,2023-05-29 15:00:00,kWh,178.41329952111806,baseline,hvac_dr_ee
CAMX,2023-05-29 16:00:00,kWh,150.94401631743435,baseline,hvac_dr_ee
CAMX,2023-05-29 17:00:00,kWh,126.62849419310851,baseline,hvac_dr_ee
CAMX,2023-05-29 18:00:00,kWh,124.85711190887406,baseline,hvac_dr_ee
CAMX,2023-05-29 19:00:00,kWh,121.34799222348526,baseline,hvac_dr_ee
CAMX,2023-05-29 20:00:00,kWh,118.43633859987554,baseline,hvac_dr_ee
CAMX,2023-05-29 21:00:00,kWh,91.24491038078122,baseline,hvac_dr_ee
CAMX,2023-05-29 22:00:00,kWh,93.81473071023359,baseline,hvac_dr_ee
CAMX,2023-05-29 23:00:00,kWh,83.29533394562466,baseline,hvac_dr_ee
CAMX,2023-05-30 00:00:00,kWh,91.10148993506826,baseline,hvac_dr_ee
CAMX,2023-05-30 01:00:00,kWh,91.75784620429755,baseline,hvac_dr_ee
CAMX,2023-05-30 02:00:00,kWh,82.58553371972907,baseline,hvac_dr_ee
CAMX,2023-05-30 03:00:00,kWh,90.91797558169202,baseline,hvac_dr_ee
CAMX,2023-05-30 04:00:00,kWh,93.71608478219886,baseline,hvac_dr_ee
CAMX,2023-05-30 05:00:00,kWh,124.98179981564714,baseline,hvac_dr_ee
CAMX,2023-05-30 06:00:00,kWh,145.8085714340227,baseline,hvac_dr_ee
CAMX,2023-05-30 07:00:00,kWh,166.62872073304032,baseline,hvac_dr_ee
CAMX,2023-05-30 08:00:00,kWh,156.43060176132528,baseline,hvac_dr_ee
CAMX,2023-05-30 09:00:00,kWh,160.28857021395584,baseline,hvac_dr_ee
CAMX,2023-05-30 10:00:00,kWh,161.84696055203707,baseline,hvac_dr_ee
CAMX,2023-05-30 11:00:00,kWh,162.1456934103289,baseline,hvac_dr_ee
CAMX,2023-05-30 12:00:00,kWh,167.0955164540426,baseline,hvac_dr_ee
CAMX,2023-05-30 13:00:00,kWh,163.81935032901032,baseline,hvac_dr_ee
CAMX,2023-05-30 14:00:00,kWh,167.93451927739994,baseline,hvac_dr_ee
CAMX,2023-05-30 15:00:00,kWh,176.41899930722752,baseline,hvac_dr_ee
CAMX,2023-05-30 16:00:00,kWh,147.93292860411162,baseline,hvac_dr_ee
CAMX,2023-05-30 17:00:00,kWh,124.53404325257583,baseline,hvac_dr_ee
CAMX,2023-05-30 18:00:00,kWh,123.87188583689044,baseline,hvac_dr_ee
CAMX,2023-05-30 19:00:00,kWh,121.3847366965048,baseline,hvac_dr_ee
CAMX,2023-05-30 20:00:00,kWh,119.81862014415611,baseline,hvac_dr_ee
CAMX,2023-05-30 21:00:00,kWh,95.79226054639318,baseline,hvac_dr_ee
CAMX,2023-05-30 22:00:00,kWh,94.15358445496929,baseline,hvac_dr_ee
CAMX,2023-05-30 23:00:00,kWh,84.95799667598274,baseline,hvac_dr_ee
CAMX,2023-05-31 00:00:00,kWh,95.64836250169103,baseline,hvac_dr_ee
CAMX,2023-05-31 01:00:00,kWh,91.13720266692243,baseline,hvac_dr_ee
CAMX,2023-05-31 02:00:00,kWh,85.44988768516203,baseline,hvac_dr_ee
CAMX,2023-05-31 03:00:00,kWh,89.73348835006276,baseline,hvac_dr_ee
CAMX,2023-05-31 04:00:00,kWh,100.03761100202267,baseline,hvac_dr_ee
CAMX,2023-05-31 05:00:00,kWh,125.4657578038273,baseline,hvac_dr_ee
CAMX,2023-05-31 06:00:00,kWh,149.46778182161128,baseline,hvac_dr_ee
CAMX,2023-05-31 07:00:00,kWh,169.36184368233714,baseline,hvac_dr_ee
CAMX,2023-05-31 08:00:00,kWh,158.48405294234766,baseline,hvac_dr_ee
CAMX,2023-05-31 09:00:00,kWh,158.88023554113894,baseline,hvac_dr_ee
CAMX,2023-05-31 10:00:00,kWh,163.69901238695968,baseline,hvac_dr_ee
CAMX,2023-05-31 11:00:00,kWh,168.30366654740325,baseline,hvac_dr_ee
CAMX,2023-05-31 12:00:00,kWh,173.38481749168363,baseline,hvac_dr_ee
CAMX,2023-05-31 13:00:00,kWh,172.02677178169677,baseline,hvac_dr_ee
CAMX,2023-05-31 14:00:00,kWh,173.1103445814585,baseline,hvac_dr_ee
CAMX,2023-05-31 15:00:00,kWh,182.49750324224544,baseline,hvac_dr_ee
CAMX,2023-05-31 16:00:00,kWh,154.95307321943972,baseline,hvac_dr_ee
CAMX,2023-05-31 17:00:00,kWh,129.177866267524,baseline,hvac_dr_ee
CAMX,2023-05-31 18:00:00,kWh,127.78936972740647,baseline,hvac_dr_ee
CAMX,2023-05-31 19:00:00,kWh,124.87265271843945,baseline,hvac_dr_ee
CAMX,2023-05-31 20:00:00,kWh,124.4886313276869,baseline,hvac_dr_ee
CAMX,2023-05-31 21:00:00,kWh,96.5753817581171,baseline,hvac_dr_ee
CAMX,2023-05-31 22:00:00,kWh,94.48141576961567,baseline,hvac_dr_ee
CAMX,2023-05-31 23:00:00,kWh,85.73940388709819,baseline,hvac_dr_ee
CAMX,2023-06-01 00:00:00,kWh,96.01820056087186,baseline,hvac_dr_ee
CAMX,2023-06-01 01:00:00,kWh,92.14048560437374,baseline,hvac_dr_ee
CAMX,2023-06-01 02:00:00,kWh,85.06256413234739,baseline,hvac_dr_ee
CAMX,2023-06-01 03:00:00,kWh,90.75080008294486,baseline,hvac_dr_ee
CAMX,2023-06-01 04:00:00,kWh,100.94382621077328,baseline,hvac_dr_ee
CAMX,2023-06-01 05:00:00,kWh,125.15352348669362,baseline,hvac_dr_ee
CAMX,2023-06-01 06:00:00,kWh,144.8601046380342,baseline,hvac_dr_ee
CAMX,2023-06-01 07:00:00,kWh,168.0738641670606,baseline,hvac_dr_ee
CAMX,2023-06-01 08:00:00,kWh,167.7971767959722,baseline,hvac_dr_ee
CAMX,2023-06-01 09:00:00,kWh,173.00892238475578,baseline,hvac_dr_ee
CAMX,2023-06-01 10:00:00,kWh,180.19448522491933,baseline,hvac_dr_ee
CAMX,2023-06-01 11:00:00,kWh,177.4204104781457,baseline,hvac_dr_ee
CAMX,2023-06-01 12:00:00,kWh,190.1622553657944,baseline,hvac_dr_ee
CAMX,2023-06-01 13:00:00,kWh,192.55325542398975,baseline,hvac_dr_ee
CAMX,2023-06-01 14:00:00,kWh,199.57859447004284,baseline,hvac_dr_ee
CAMX,2023-06-01 15:00:00,kWh,210.52110531988006,baseline,hvac_dr_ee
CAMX,2023-06-01 16:00:00,kWh,176.46583939499126,baseline,hvac_dr_ee
CAMX,2023-06-01 17:00:00,kWh,145.73328855041308,baseline,hvac_dr_ee
CAMX,2023-06-01 18:00:00,kWh,139.94715900690449,baseline,hvac_dr_ee
CAMX,2023-06-01 19:00:00,kWh,126.75567427131705,baseline,hvac_dr_ee
CAMX,2023-06-01 20:00:00,kWh,121.4410192702945,baseline,hvac_dr_ee
CAMX,2023-06-01 21:00:00,kWh,101.92674141541023,baseline,hvac_dr_ee
CAMX,2023-06-01 22:00:00,kWh,98.55564776410367,baseline,hvac_dr_ee
CAMX,2023-06-01 23:00:00,kWh,90.08289601137022,baseline,hvac_dr_ee
CAMX,2023-06-02 00:00:00,kWh,96.84503531359675,baseline,hvac_dr_ee
CAMX,2023-06-02 01:00:00,kWh,97.26949148203073,baseline,hvac_dr_ee
CAMX,2023-06-02 02:00:00,kWh,86.28263619216963,baseline,hvac_dr_ee
CAMX,2023-06-02 03:00:00,kWh,96.81848834022554,baseline,hvac_dr_ee
CAMX,2023-06-02 04:00:00,kWh,97.4975875006881,baseline,hvac_dr_ee
CAMX,2023-06-02 05:00:00,kWh,122.75677513642677,baseline,hvac_dr_ee
CAMX,2023-06-02 06:00:00,kWh,148.168590366712,baseline,hvac_dr_ee
CAMX,2023-06-02 07:00:00,kWh,183.44076845956775,baseline,hvac_dr_ee
CAMX,2023-06-02 08:00:00,kWh,183.39172189164486,baseline,hvac_dr_ee
CAMX,2023-06-02 09:00:00,kWh,185.6836311526933,baseline,hvac_dr_ee
CAMX,2023-06-02 10:00:00,kWh,198.38710718066525,baseline,hvac_dr_ee
CAMX,2023-06-02 11:00:00,kWh,194.15099849186646,baseline,hvac_dr_ee
CAMX,2023-06-02 12:00:00,kWh,209.41435950444264,baseline,hvac_dr_ee
CAMX,2023-06-02 13:00:00,kWh,241.27199305519014,baseline,hvac_dr_ee
CAMX,2023-06-02 14:00:00,kWh,317.80563643344516,baseline,hvac_dr_ee
CAMX,2023-06-02 15:00:00,kWh,325.83159833269724,baseline,hvac_dr_ee
CAMX,2023-06-02 16:00:00,kWh,301.9483630679903,baseline,hvac_dr_ee
CAMX,2023-06-02 17:00:00,kWh,275.71345361735507,baseline,hvac_dr_ee
CAMX,2023-06-02 18:00:00,kWh,271.10459125170365,baseline,hvac_dr_ee
CAMX,2023-06-02 19:00:00,kWh,206.93531552509415,baseline,hvac_dr_ee
CAMX,2023-06-02 20:00:00,kWh,129.95385503684525,baseline,hvac_dr_ee
CAMX,2023-06-02 21:00:00,kWh,112.43873890509582,baseline,hvac_dr_ee
CAMX,2023-06-02 22:00:00,kWh,105.7299713720687,baseline,hvac_dr_ee
CAMX,2023-06-02 23:00:00,kWh,96.87323347020364,baseline,hvac_dr_ee
CAMX,2023-06-03 00:00:00,kWh,99.52873617710888,baseline,hvac_dr_ee
CAMX,2023-06-03 01:00:00,kWh,95.82770742181695,baseline,hvac_dr_ee
CAMX,2023-06-03 02:00:00,kWh,85.54838120640892,baseline,hvac_dr_ee
CAMX,2023-06-03 03:00:00,kWh,93.83063381285129,baseline,hvac_dr_ee
CAMX,2023-06-03 04:00:00,kWh,94.93736626416622,baseline,hvac_dr_ee
CAMX,2023-06-03 05:00:00,kWh,116.51369982582027,baseline,hvac_dr_ee
CAMX,2023-06-03 06:00:00,kWh,117.98991319630855,baseline,hvac_dr_ee
CAMX,2023-06-03 07:00:00,kWh,126.90300970536158,baseline,hvac_dr_ee
CAMX,2023-06-03 08:00:00,kWh,128.26002424127842,baseline,hvac_dr_ee
CAMX,2023-06-03 09:00:00,kWh,126.13970989901037,baseline,hvac_dr_ee
CAMX,2023-06-03 10:00:00,kWh,127.86971866262114,baseline,hvac_dr_ee
CAMX,2023-06-03 11:00:00,kWh,117.82445289944664,baseline,hvac_dr_ee
CAMX,2023-06-03 12:00:00,kWh,115.56612943200764,baseline,hvac_dr_ee
CAMX,2023-06-03 13:00:00,kWh,114.21130713456935,baseline,hvac_dr_ee
CAMX,2023-06-03 14:00:00,kWh,115.07560475023051,baseline,hvac_dr_ee
CAMX,2023-06-03 15:00:00,kWh,118.97875649327185,baseline,hvac_dr_ee
CAMX,2023-06-03 16:00:00,kWh,115.80204042526158,baseline,hvac_dr_ee
CAMX,2023-06-03 17:00:00,kWh,105.62047666211312,baseline,hvac_dr_ee
CAMX,2023-06-03 18:00:00,kWh,101.26966577235524,baseline,hvac_dr_ee
CAMX,2023-06-03 19:00:00,kWh,87.89412902555961,baseline,hvac_dr_ee
CAMX,2023-06-03 20:00:00,kWh,93.9795031844776,baseline,hvac_dr_ee
CAMX,2023-06-03 21:00:00,kWh,90.12402383105041,baseline,hvac_dr_ee
CAMX,2023-06-03 22:00:00,kWh,85.35716130082615,baseline,hvac_dr_ee
CAMX,2023-06-03 23:00:00,kWh,88.35714310092919,baseline,hvac_dr_ee
CAMX,2023-06-04 00:00:00,kWh,87.92029853288427,baseline,hvac_dr_ee
CAMX,2023-06-04 01:00:00,kWh,77.35606218110821,baseline,hvac_dr_ee
CAMX,2023-06-04 02:00:00,kWh,85.23836930121811,baseline,hvac_dr_ee
CAMX,2023-06-04 03:00:00,kWh,88.9115745158397,baseline,hvac_dr_ee
CAMX,2023-06-04 04:00:00,kWh,76.69510842153124,baseline,hvac_dr_ee
CAMX,2023-06-04 05:00:00,kWh,89.10516853046211,baseline,hvac_dr_ee
CAMX,2023-06-04 06:00:00,kWh,92.85709448127423,baseline,hvac_dr_ee
CAMX,2023-06-04 07:00:00,kWh,86.87493057395393,baseline,hvac_dr_ee
CAMX,2023-06-04 08:00:00,kWh,97.41812239249032,baseline,hvac_dr_ee
CAMX,2023-06-04 09:00:00,kWh,98.25869650953834,baseline,hvac_dr_ee
CAMX,2023-06-04 10:00:00,kWh,90.42188464034099,baseline,hvac_dr_ee
CAMX,2023-06-04 11:00:00,kWh,102.02068376923891,baseline,hvac_dr_ee
CAMX,2023-06-04 12:00:00,kWh,99.61550410235024,baseline,hvac_dr_ee
CAMX,2023-06-04 13:00:00,kWh,93.29038229346862,baseline,hvac_dr_ee
CAMX,2023-06-04 14:00:00,kWh,105.89948222535189,baseline,hvac_dr_ee
CAMX,2023-06-04 15:00:00,kWh,106.70287554929712,baseline,hvac_dr_ee
CAMX,2023-06-04 16:00:00,kWh,98.68276938827701,baseline,hvac_dr_ee
CAMX,2023-06-04 17:00:00,kWh,110.99085869347147,baseline,hvac_dr_ee
CAMX,2023-06-04 18:00:00,kWh,111.86484546228007,baseline,hvac_dr_ee
CAMX,2023-06-04 19:00:00,kWh,91.37019038537557,baseline,hvac_dr_ee
CAMX,2023-06-04 20:00:00,kWh,98.42765147650597,baseline,hvac_dr_ee
CAMX,2023-06-04 21:00:00,kWh,93.95224228315928,baseline,hvac_dr_ee
CAMX,2023-06-04 22:00:00,kWh,85.70656101336834,baseline,hvac_dr_ee
CAMX,2023-06-04 23:00:00,kWh,92.23310410089937,baseline,hvac_dr_ee
CAMX,2023-06-05 00:00:00,kWh,94.70826883232468,baseline,hvac_dr_ee
CAMX,2023-06-05 01:00:00,kWh,86.54621909003365,baseline,hvac_dr_ee
CAMX,2023-06-05 02:00:00,kWh,92.82851599629092,baseline,hvac_dr_ee
CAMX,2023-06-05 03:00:00,kWh,90.97629163766514,baseline,hvac_dr_ee
CAMX,2023-06-05 04:00:00,kWh,87.24842661644672,baseline,hvac_dr_ee
CAMX,2023-06-05 05:00:00,kWh,124.16698285095057,baseline,hvac_dr_ee
CAMX,2023-06-05 06:00:00,kWh,147.5695387953457,baseline,hvac_dr_ee
CAMX,2023-06-05 07:00:00,kWh,173.86953441050213,baseline,hvac_dr_ee
CAMX,2023-06-05 08:00:00,kWh,170.31868612882897,baseline,hvac_dr_ee
CAMX,2023-06-05 09:00:00,kWh,177.72877471803866,baseline,hvac_dr_ee
CAMX,2023-06-05 10:00:00,kWh,183.65860945225495,baseline,hvac_dr_ee
CAMX,2023-06-05 11:00:00,kWh,181.82823399786054,baseline,hvac_dr_ee
CAMX,2023-06-05 12:00:00,kWh,191.48925217206124,baseline,hvac_dr_ee
CAMX,2023-06-05 13:00:00,kWh,191.11143460036132,baseline,hvac_dr_ee
CAMX,2023-06-05 14:00:00,kWh,205.02836568513828,baseline,hvac_dr_ee
CAMX,2023-06-05 15:00:00,kWh,217.48434532905625,baseline,hvac_dr_ee
CAMX,2023-06-05 16:00:00,kWh,177.53559323336415,baseline,hvac_dr_ee
CAMX,2023-06-05 17:00:00,kWh,142.25012812494128,baseline,hvac_dr_ee
CAMX,2023-06-05 18:00:00,kWh,138.43148728656507,baseline,hvac_dr_ee
CAMX,2023-06-05 19:00:00,kWh,128.2045821125448,baseline,hvac_dr_ee
CAMX,2023-06-05 20:00:00,kWh,122.4172141891703,baseline,hvac_dr_ee
CAMX,2023-06-05 21:00:00,kWh,105.62320996051169,baseline,hvac_dr_ee
CAMX,2023-06-05 22:00:00,kWh,102.00182343841746,baseline,hvac_dr_ee
CAMX,2023-06-05 23:00:00,kWh,93.34319031183676,baseline,hvac_dr_ee
CAMX,2023-06-06 00:00:00,kWh,101.91362564343743,baseline,hvac_dr_ee
CAMX,2023-06-06 01:00:00,kWh,96.82540979407375,baseline,hvac_dr_ee
CAMX,2023-06-06 02:00:00,kWh,88.14379683212044,baseline,hvac_dr_ee
CAMX,2023-06-06 03:00:00,kWh,94.96619656388161,baseline,hvac_dr_ee
CAMX,2023-06-06 04:00:00,kWh,100.8204577441865,baseline,hvac_dr_ee
CAMX,2023-06-06 05:00:00,kWh,123.24239891301785,baseline,hvac_dr_ee
CAMX,2023-06-06 06:00:00,kWh,148.07727786797588,baseline,hvac_dr_ee
CAMX,2023-06-06 07:00:00,kWh,171.21881554630193,baseline,hvac_dr_ee
CAMX,2023-06-06 08:00:00,kWh,168.46012214450712,baseline,hvac_dr_ee
CAMX,2023-06-06 09:00:00,kWh,176.91598473582656,baseline,hvac_dr_ee
CAMX,2023-06-06 10:00:00,kWh,185.49715601641842,baseline,hvac_dr_ee
CAMX,2023-06-06 11:00:00,kWh,184.2421754459891,baseline,hvac_dr_ee
CAMX,2023-06-06 12:00:00,kWh,192.92396929801743,baseline,hvac_dr_ee
CAMX,2023-06-06 13:00:00,kWh,196.39524949843928,baseline,hvac_dr_ee
CAMX,2023-06-06 14:00:00,kWh,204.00910264017296,baseline,hvac_dr_ee
CAMX,2023-06-06 15:00:00,kWh,215.6630382884402,baseline,hvac_dr_ee
CAMX,2023-06-06 16:00:00,kWh,172.80378629459693,baseline,hvac_dr_ee
CAMX,2023-06-06 17:00:00,kWh,147.87367438349463,baseline,hvac_dr_ee
CAMX,2023-06-06 18:00:00,kWh,141.45676274426972,baseline,hvac_dr_ee
CAMX,2023-06-06 19:00:00,kWh,126.41137742721763,baseline,hvac_dr_ee
CAMX,2023-06-06 20:00:00,kWh,122.03289382313109,baseline,hvac_dr_ee
CAMX,2023-06-06 21:00:00,kWh,107.74867339193584,baseline,hvac_dr_ee
CAMX,2023-06-06 22:00:00,kWh,102.02373414522766,baseline,hvac_dr_ee
CAMX,2023-06-06 23:00:00,kWh,95.04235570294944,baseline,hvac_dr_ee
CAMX,2023-06-07 00:00:00,kWh,101.92002931455927,baseline,hvac_dr_ee
CAMX,2023-06-07 01:00:00,kWh,100.36665385306736,baseline,hvac_dr_ee
CAMX,2023-06-07 02:00:00,kWh,91.15404568332501,baseline,hvac_dr_ee
CAMX,2023-06-07 03:00:00,kWh,98.77372049762327,baseline,hvac_dr_ee
CAMX,2023-06-07 04:00:00,kWh,102.85663905631189,baseline,hvac_dr_ee
CAMX,2023-06-07 05:00:00,kWh,124.04083188638484,baseline,hvac_dr_ee
CAMX,2023-06-07 06:00:00,kWh,151.7133680618996,baseline,hvac_dr_ee
CAMX,2023-06-07 07:00:00,kWh,189.33298695661034,baseline,hvac_dr_ee
CAMX,2023-06-07 08:00:00,kWh,194.4862626790175,baseline,hvac_dr_ee
CAMX,2023-06-07 09:00:00,kWh,197.40030750556448,baseline,hvac_dr_ee
CAMX,2023-06-07 10:00:00,kWh,204.60633356300283,baseline,hvac_dr_ee
CAMX,2023-06-07 11:00:00,kWh,199.93137207444022,baseline,hvac_dr_ee
CAMX,2023-06-07 12:00:00,kWh,209.20780070696887,baseline,hvac_dr_ee
CAMX,2023-06-07 13:00:00,kWh,208.80330306291503,baseline,hvac_dr_ee
CAMX,2023-06-07 14:00:00,kWh,216.50046253307264,baseline,hvac_dr_ee
CAMX,2023-06-07 15:00:00,kWh,228.87698856168052,baseline,hvac_dr_ee
CAMX,2023-06-07 16:00:00,kWh,188.9400436775741,baseline,hvac_dr_ee
CAMX,2023-06-07 17:00:00,kWh,156.01567794333528,baseline,hvac_dr_ee
CAMX,2023-06-07 18:00:00,kWh,149.1568288351834,baseline,hvac_dr_ee
CAMX,2023-06-07 19:00:00,kWh,133.5420742338508,baseline,hvac_dr_ee
CAMX,2023-06-07 20:00:00,kWh,124.72011327071772,baseline,hvac_dr_ee
CAMX,2023-06-07 21:00:00,kWh,107.6462260072837,baseline,hvac_dr_ee
CAMX,2023-06-07 22:00:00,kWh,102.7310244729415,baseline,hvac_dr_ee
CAMX,2023-06-07 23:00:00,kWh,93.83357600389697,baseline,hvac_dr_ee
CAMX,2023-06-08 00:00:00,kWh,101.01671502658715,baseline,hvac_dr_ee
CAMX,2023-06-08 01:00:00,kWh,99.06443005276031,baseline,hvac_dr_ee
CAMX,2023-06-08 02:00:00,kWh,91.48113110547855,baseline,hvac_dr_ee
CAMX,2023-06-08 03:00:00,kWh,97.12795778448188,baseline,hvac_dr_ee
CAMX,2023-06-08 04:00:00,kWh,104.18436274598503,baseline,hvac_dr_ee
CAMX,2023-06-08 05:00:00,kWh,124.91575431559617,baseline,hvac_dr_ee
CAMX,2023-06-08 06:00:00,kWh,148.7083658744793,baseline,hvac_dr_ee
CAMX,2023-06-08 07:00:00,kWh,183.87376314462813,baseline,hvac_dr_ee
CAMX,2023-06-08 08:00:00,kWh,184.66933444141094,baseline,hvac_dr_ee
CAMX,2023-06-08 09:00:00,kWh,193.21962432625998,baseline,hvac_dr_ee
CAMX,2023-06-08 10:00:00,kWh,201.94475768144338,baseline,hvac_dr_ee
CAMX,2023-06-08 11:00:00,kWh,197.29890793256536,baseline,hvac_dr_ee
CAMX,2023-06-08 12:00:00,kWh,204.1155895677262,baseline,hvac_dr_ee
CAMX,2023-06-08 13:00:00,kWh,205.0391970166401,baseline,hvac_dr_ee
CAMX,2023-06-08 14:00:00,kWh,214.93515594142036,baseline,hvac_dr_ee
CAMX,2023-06-08 15:00:00,kWh,224.30939076277332,baseline,hvac_dr_ee
CAMX,2023-06-08 16:00:00,kWh,181.0013508224906,baseline,hvac_dr_ee
CAMX,2023-06-08 17:00:00,kWh,145.45525309489943,baseline,hvac_dr_ee
CAMX,2023-06-08 18:00:00,kWh,135.8533260402698,baseline,hvac_dr_ee
CAMX,2023-06-08 19:00:00,kWh,126.6924259346186,baseline,hvac_dr_ee
CAMX,2023-06-08 20:00:00,kWh,124.6157509315463,baseline,hvac_dr_ee
CAMX,2023-06-08 21:00:00,kWh,106.48934617633927,baseline,hvac_dr_ee
CAMX,2023-06-08 22:00:00,kWh,102.54523440714365,baseline,hvac_dr_ee
CAMX,2023-06-08 23:00:00,kWh,93.04678480283216,baseline,hvac_dr_ee
CAMX,2023-06-09 00:00:00,kWh,100.77931369057681,baseline,hvac_dr_ee
CAMX,2023-06-09 01:00:00,kWh,99.71432287481093,baseline,hvac_dr_ee
CAMX,2023-06-09 02:00:00,kWh,89.44215028152486,baseline,hvac_dr_ee
CAMX,2023-06-09 03:00:00,kWh,97.71115619519884,baseline,hvac_dr_ee
CAMX,2023-06-09 04:00:00,kWh,105.63892030481543,baseline,hvac_dr_ee
CAMX,2023-06-09 05:00:00,kWh,125.26091812073125,baseline,hvac_dr_ee
CAMX,2023-06-09 06:00:00,kWh,150.74977391517848,baseline,hvac_dr_ee
CAMX,2023-06-09 07:00:00,kWh,190.13833322321182,baseline,hvac_dr_ee
CAMX,2023-06-09 08:00:00,kWh,191.13028472980426,baseline,hvac_dr_ee
CAMX,2023-06-09 09:00:00,kWh,199.0650953942569,baseline,hvac_dr_ee
CAMX,2023-06-09 10:00:00,kWh,203.0799407861333,baseline,hvac_dr_ee
CAMX,2023-06-09 11:00:00,kWh,190.9602676917723,baseline,hvac_dr_ee
CAMX,2023-06-09 12:00:00,kWh,202.21694944639742,baseline,hvac_dr_ee
CAMX,2023-06-09 13:00:00,kWh,207.7053887162896,baseline,hvac_dr_ee
CAMX,2023-06-09 14:00:00,kWh,212.73302876231543,baseline,hvac_dr_ee
CAMX,2023-06-09 15:00:00,kWh,221.94533946494096,baseline,hvac_dr_ee
CAMX,2023-06-09 16:00:00,kWh,183.41995741002413,baseline,hvac_dr_ee
CAMX,2023-06-09 17:00:00,kWh,151.1064019528356,baseline,hvac_dr_ee
CAMX,2023-06-09 18:00:00,kWh,145.04084941812567,baseline,hvac_dr_ee
CAMX,2023-06-09 19:00:00,kWh,131.07930715424334,baseline,hvac_dr_ee
CAMX,2023-06-09 20:00:00,kWh,125.13271019630037,baseline,hvac_dr_ee
CAMX,2023-06-09 21:00:00,kWh,108.25386995527919,baseline,hvac_dr_ee
CAMX,2023-06-09 22:00:00,kWh,103.93993768515894,baseline,hvac_dr_ee
CAMX,2023-06-09 23:00:00,kWh,94.05719266274824,baseline,hvac_dr_ee
CAMX,2023-06-10 00:00:00,kWh,98.95845881249465,baseline,hvac_dr_ee
CAMX,2023-06-10 01:00:00,kWh,96.77341793323083,baseline,hvac_dr_ee
CAMX,2023-06-10 02:00:00,kWh,87.56198960201459,baseline,hvac_dr_ee
CAMX,2023-06-10 03:00:00,kWh,93.97954720357902,baseline,hvac_dr_ee
CAMX,2023-06-10 04:00:00,kWh,94.1889239665063,baseline,hvac_dr_ee
CAMX,2023-06-10 05:00:00,kWh,118.02222797603292,baseline,hvac_dr_ee
CAMX,2023-06-10 06:00:00,kWh,125.7738880750326,baseline,hvac_dr_ee
CAMX,2023-06-10 07:00:00,kWh,139.54478332347543,baseline,hvac_dr_ee
CAMX,2023-06-10 08:00:00,kWh,145.02930896836725,baseline,hvac_dr_ee
CAMX,2023-06-10 09:00:00,kWh,142.96374356658004,baseline,hvac_dr_ee
CAMX,2023-06-10 10:00:00,kWh,141.62049955141956,baseline,hvac_dr_ee
CAMX,2023-06-10 11:00:00,kWh,126.77873915537197,baseline,hvac_dr_ee
CAMX,2023-06-10 12:00:00,kWh,123.56469772081631,baseline,hvac_dr_ee
CAMX,2023-06-10 13:00:00,kWh,125.63041936725608,baseline,hvac_dr_ee
CAMX,2023-06-10 14:00:00,kWh,131.2232816595143,baseline,hvac_dr_ee
CAMX,2023-06-10 15:00:00,kWh,137.11837624223202,baseline,hvac_dr_ee
CAMX,2023-06-10 16:00:00,kWh,132.4922215398588,baseline,hvac_dr_ee
CAMX,2023-06-10 17:00:00,kWh,113.63802128988584,baseline,hvac_dr_ee
CAMX,2023-06-10 18:00:00,kWh,113.35151406680036,baseline,hvac_dr_ee
CAMX,2023-06-10 19:00:00,kWh,95.51119441781964,baseline,hvac_dr_ee
CAMX,2023-06-10 20:00:00,kWh,102.06706486069028,baseline,hvac_dr_ee
CAMX,2023-06-10 21:00:00,kWh,97.137238016513,baseline,hvac_dr_ee
CAMX,2023-06-10 22:00:00,kWh,89.17268623849925,baseline,hvac_dr_ee
CAMX,2023-06-10 23:00:00,kWh,96.12567062051963,baseline,hvac_dr_ee
CAMX,2023-06-11 00:00:00,kWh,93.68045136872513,baseline,hvac_dr_ee
CAMX,2023-06-11 01:00:00,kWh,83.1763446084677,baseline,hvac_dr_ee
CAMX,2023-06-11 02:00:00,kWh,90.78297021735554,baseline,hvac_dr_ee
CAMX,2023-06-11 03:00:00,kWh,90.80078922172376,baseline,hvac_dr_ee
CAMX,2023-06-11 04:00:00,kWh,80.43451146160712,baseline,hvac_dr_ee
CAMX,2023-06-11 05:00:00,kWh,89.41693830958782,baseline,hvac_dr_ee
CAMX,2023-06-11 06:00:00,kWh,94.09480830484598,baseline,hvac_dr_ee
CAMX,2023-06-11 07:00:00,kWh,87.91614421634026,baseline,hvac_dr_ee
CAMX,2023-06-11 08:00:00,kWh,100.527390941836,baseline,hvac_dr_ee
CAMX,2023-06-11 09:00:00,kWh,101.60244611038459,baseline,hvac_dr_ee
CAMX,2023-06-11 10:00:00,kWh,91.363116340572,baseline,hvac_dr_ee
CAMX,2023-06-11 11:00:00,kWh,104.87566724636272,baseline,hvac_dr_ee
CAMX,2023-06-11 12:00:00,kWh,100.25586212250738,baseline,hvac_dr_ee
CAMX,2023-06-11 13:00:00,kWh,93.06087595265785,baseline,hvac_dr_ee
CAMX,2023-06-11 14:00:00,kWh,106.19736770648338,baseline,hvac_dr_ee
CAMX,2023-06-11 15:00:00,kWh,109.70947841422037,baseline,hvac_dr_ee
CAMX,2023-06-11 16:00:00,kWh,97.00183725911657,baseline,hvac_dr_ee
CAMX,2023-06-11 17:00:00,kWh,109.53178896921477,baseline,hvac_dr_ee
CAMX,2023-06-11 18:00:00,kWh,111.70810494394382,baseline,hvac_dr_ee
CAMX,2023-06-11 19:00:00,kWh,91.02562867628947,baseline,hvac_dr_ee
CAMX,2023-06-11 20:00:00,kWh,98.89622144604749,baseline,hvac_dr_ee
CAMX,2023-06-11 21:00:00,kWh,96.32036588048513,baseline,hvac_dr_ee
CAMX,2023-06-11 22:00:00,kWh,86.63294319153566,baseline,hvac_dr_ee
CAMX,2023-06-11 23:00:00,kWh,94.01669465464077,baseline,hvac_dr_ee
CAMX,2023-06-12 00:00:00,kWh,94.63628182875141,baseline,hvac_dr_ee
CAMX,2023-06-12 01:00:00,kWh,87.50394038552017,baseline,hvac_dr_ee
CAMX,2023-06-12 02:00:00,kWh,93.17766575440551,baseline,hvac_dr_ee
CAMX,2023-06-12 03:00:00,kWh,92.36666584653308,baseline,hvac_dr_ee
CAMX,2023-06-12 04:00:00,kWh,94.45639886591978,baseline,hvac_dr_ee
CAMX,2023-06-12 05:00:00,kWh,125.61773732909155,baseline,hvac_dr_ee
CAMX,2023-06-12 06:00:00,kWh,153.31981981922416,baseline,hvac_dr_ee
CAMX,2023-06-12 07:00:00,kWh,193.69457018962095,baseline,hvac_dr_ee
CAMX,2023-06-12 08:00:00,kWh,194.08696014879632,baseline,hvac_dr_ee
CAMX,2023-06-12 09:00:00,kWh,196.1441147239757,baseline,hvac_dr_ee
CAMX,2023-06-12 10:00:00,kWh,201.28814736569748,baseline,hvac_dr_ee
CAMX,2023-06-12 11:00:00,kWh,198.40209937045682,baseline,hvac_dr_ee
CAMX,2023-06-12 12:00:00,kWh,204.79772545404228,baseline,hvac_dr_ee
CAMX,2023-06-12 13:00:00,kWh,202.95438427072844,baseline,hvac_dr_ee
CAMX,2023-06-12 14:00:00,kWh,210.5116332099816,baseline,hvac_dr_ee
CAMX,2023-06-12 15:00:00,kWh,220.1243910921052,baseline,hvac_dr_ee
CAMX,2023-06-12 16:00:00,kWh,177.50908377590423,baseline,hvac_dr_ee
CAMX,2023-06-12 17:00:00,kWh,136.71492268156632,baseline,hvac_dr_ee
CAMX,2023-06-12 18:00:00,kWh,130.82701178595255,baseline,hvac_dr_ee
CAMX,2023-06-12 19:00:00,kWh,128.238340945323,baseline,hvac_dr_ee
CAMX,2023-06-12 20:00:00,kWh,125.9651416144642,baseline,hvac_dr_ee
CAMX,2023-06-12 21:00:00,kWh,103.59396316503367,baseline,hvac_dr_ee
CAMX,2023-06-12 22:00:00,kWh,99.05175567388933,baseline,hvac_dr_ee
CAMX,2023-06-12 23:00:00,kWh,90.67527194623497,baseline,hvac_dr_ee
CAMX,2023-06-13 00:00:00,kWh,97.91088919934086,baseline,hvac_dr_ee
CAMX,2023-06-13 01:00:00,kWh,94.84732730236017,baseline,hvac_dr_ee
CAMX,2023-06-13 02:00:00,kWh,88.70515583514594,baseline,hvac_dr_ee
CAMX,2023-06-13 03:00:00,kWh,92.97345580636978,baseline,hvac_dr_ee
CAMX,2023-06-13 04:00:00,kWh,100.96344428612348,baseline,hvac_dr_ee
CAMX,2023-06-13 05:00:00,kWh,124.05964942578558,baseline,hvac_dr_ee
CAMX,2023-06-13 06:00:00,kWh,149.4250872656455,baseline,hvac_dr_ee
CAMX,2023-06-13 07:00:00,kWh,181.58873480906155,baseline,hvac_dr_ee
CAMX,2023-06-13 08:00:00,kWh,184.52221766982586,baseline,hvac_dr_ee
CAMX,2023-06-13 09:00:00,kWh,193.93035265687362,baseline,hvac_dr_ee
CAMX,2023-06-13 10:00:00,kWh,199.64493477638297,baseline,hvac_dr_ee
CAMX,2023-06-13 11:00:00,kWh,193.6640357664411,baseline,hvac_dr_ee
CAMX,2023-06-13 12:00:00,kWh,203.41045514302496,baseline,hvac_dr_ee
CAMX,2023-06-13 13:00:00,kWh,202.4083119854672,baseline,hvac_dr_ee
CAMX,2023-06-13 14:00:00,kWh,213.35043068930824,baseline,hvac_dr_ee
CAMX,2023-06-13 15:00:00,kWh,234.37478052972156,baseline,hvac_dr_ee
CAMX,2023-06-13 16:00:00,kWh,300.5628634595414,baseline,hvac_dr_ee
CAMX,2023-06-13 17:00:00,kWh,274.2582409318207,baseline,hvac_dr_ee
CAMX,2023-06-13 18:00:00,kWh,271.35881092955304,baseline,hvac_dr_ee
CAMX,2023-06-13 19:00:00,kWh,197.81548284766671,baseline,hvac_dr_ee
CAMX,2023-06-13 20:00:00,kWh,125.6777489511199,baseline,hvac_dr_ee
CAMX,2023-06-13 21:00:00,kWh,108.47146465447501,baseline,hvac_dr_ee
CAMX,2023-06-13 22:00:00,kWh,103.22539362618596,baseline,hvac_dr_ee
CAMX,2023-06-13 23:00:00,kWh,95.36676186853916,baseline,hvac_dr_ee
CAMX,2023-06-14 00:00:00,kWh,102.9974574715988,baseline,hvac_dr_ee
CAMX,2023-06-14 01:00:00,kWh,100.22919708542656,baseline,hvac_dr_ee
CAMX,2023-06-14 02:00:00,kWh,91.94118139551182,baseline,hvac_dr_ee
CAMX,2023-06-14 03:00:00,kWh,98.3478629752379,baseline,hvac_dr_ee
CAMX,2023-06-14 04:00:00,kWh,104.90559070376501,baseline,hvac_dr_ee
CAMX,2023-06-14 05:00:00,kWh,123.94967544471677,baseline,hvac_dr_ee
CAMX,2023-06-14 06:00:00,kWh,154.33568967328017,baseline,hvac_dr_ee
CAMX,2023-06-14 07:00:00,kWh,201.38772865746347,baseline,hvac_dr_ee
CAMX,2023-06-14 08:00:00,kWh,201.95024858202498,baseline,hvac_dr_ee
CAMX,2023-06-14 09:00:00,kWh,209.15242977601434,baseline,hvac_dr_ee
CAMX,2023-06-14 10:00:00,kWh,212.34052369536374,baseline,hvac_dr_ee
CAMX,2023-06-14 11:00:00,kWh,204.19118071575795,baseline,hvac_dr_ee
CAMX,2023-06-14 12:00:00,kWh,217.57563312753894,baseline,hvac_dr_ee
CAMX,2023-06-14 13:00:00,kWh,244.44437916088987,baseline,hvac_dr_ee
CAMX,2023-06-14 14:00:00,kWh,320.1015848532046,baseline,hvac_dr_ee
CAMX,2023-06-14 15:00:00,kWh,324.59075325090515,baseline,hvac_dr_ee
CAMX,2023-06-14 16:00:00,kWh,303.255653151196,baseline,hvac_dr_ee
CAMX,2023-06-14 17:00:00,kWh,277.5100070574652,baseline,hvac_dr_ee
CAMX,2023-06-14 18:00:00,kWh,273.8335008366638,baseline,hvac_dr_ee
CAMX,2023-06-14 19:00:00,kWh,268.4543629550731,baseline,hvac_dr_ee
CAMX,2023-06-14 20:00:00,kWh,210.18656131256395,baseline,hvac_dr_ee
CAMX,2023-06-14 21:00:00,kWh,122.225623059958,baseline,hvac_dr_ee
CAMX,2023-06-14 22:00:00,kWh,113.39862126812187,baseline,hvac_dr_ee
CAMX,2023-06-14 23:00:00,kWh,99.76571358692098,baseline,hvac_dr_ee
CAMX,2023-06-15 00:00:00,kWh,110.3809301874963,baseline,hvac_dr_ee
CAMX,2023-06-15 01:00:00,kWh,103.52719768490483,baseline,hvac_dr_ee
CAMX,2023-06-15 02:00:00,kWh,96.6934193475041,baseline,hvac_dr_ee
CAMX,2023-06-15 03:00:00,kWh,104.48676165873476,baseline,hvac_dr_ee
CAMX,2023-06-15 04:00:00,kWh,107.1666166360625,baseline,hvac_dr_ee
CAMX,2023-06-15 05:00:00,kWh,125.88130624717394,baseline,hvac_dr_ee
CAMX,2023-06-15 06:00:00,kWh,155.829433621897,baseline,hvac_dr_ee
CAMX,2023-06-15 07:00:00,kWh,209.52395414127884,baseline,hvac_dr_ee
CAMX,2023-06-15 08:00:00,kWh,224.69557030078312,baseline,hvac_dr_ee
CAMX,2023-06-15 09:00:00,kWh,303.20583829357923,baseline,hvac_dr_ee
CAMX,2023-06-15 10:00:00,kWh,317.38338291312346,baseline,hvac_dr_ee
CAMX,2023-06-15 11:00:00,kWh,315.3118957703718,baseline,hvac_dr_ee
CAMX,2023-06-15 12:00:00,kWh,318.0611765713227,baseline,hvac_dr_ee
CAMX,2023-06-15 13:00:00,kWh,318.9681937753057,baseline,hvac_dr_ee
CAMX,2023-06-15 14:00:00,kWh,321.800388107556,baseline,hvac_dr_ee
CAMX,2023-06-15 15:00:00,kWh,329.66890169206215,baseline,hvac_dr_ee
CAMX,2023-06-15 16:00:00,kWh,305.9734361069796,baseline,hvac_dr_ee
CAMX,2023-06-15 17:00:00,kWh,277.1725408266499,baseline,hvac_dr_ee
CAMX,2023-06-15 18:00:00,kWh,271.6341046104583,baseline,hvac_dr_ee
CAMX,2023-06-15 19:00:00,kWh,203.36707295497462,baseline,hvac_dr_ee
CAMX,2023-06-15 20:00:00,kWh,142.074960076531,baseline,hvac_dr_ee
CAMX,2023-06-15 21:00:00,kWh,119.69620833122136,baseline,hvac_dr_ee
CAMX,2023-06-15 22:00:00,kWh,112.56819028217855,baseline,hvac_dr_ee
CAMX,2023-06-15 23:00:00,kWh,100.13346214808686,baseline,hvac_dr_ee
CAMX,2023-06-16 00:00:00,kWh,109.90728117359723,baseline,hvac_dr_ee
CAMX,2023-06-16 01:00:00,kWh,103.81958372877,baseline,hvac_dr_ee
CAMX,2023-06-16 02:00:00,kWh,95.89564497631507,baseline,hvac_dr_ee
CAMX,2023-06-16 03:00:00,kWh,104.53860497523675,baseline,hvac_dr_ee
CAMX,2023-06-16 04:00:00,kWh,107.22096815468612,baseline,hvac_dr_ee
CAMX,2023-06-16 05:00:00,kWh,126.20086368785897,baseline,hvac_dr_ee
CAMX,2023-06-16 06:00:00,kWh,161.49210649336288,baseline,hvac_dr_ee
CAMX,2023-06-16 07:00:00,kWh,211.23110851077698,baseline,hvac_dr_ee
CAMX,2023-06-16 08:00:00,kWh,211.2466614827416,baseline,hvac_dr_ee
CAMX,2023-06-16 09:00:00,kWh,280.5698926881422,baseline,hvac_dr_ee
CAMX,2023-06-16 10:00:00,kWh,312.7501799974805,baseline,hvac_dr_ee
CAMX,2023-06-16 11:00:00,kWh,317.9966266906737,baseline,hvac_dr_ee
CAMX,2023-06-16 12:00:00,kWh,319.8882887701014,baseline,hvac_dr_ee
CAMX,2023-06-16 13:00:00,kWh,316.6080039706019,baseline,hvac_dr_ee
CAMX,2023-06-16 14:00:00,kWh,320.8259770728847,baseline,hvac_dr_ee
CAMX,2023-06-16 15:00:00,kWh,324.6440035520051,baseline,hvac_dr_ee
CAMX,2023-06-16 16:00:00,kWh,299.44729030848555,baseline,hvac_dr_ee
CAMX,2023-06-16 17:00:00,kWh,269.049360384391,baseline,hvac_dr_ee
CAMX,2023-06-16 18:00:00,kWh,166.77364494593218,baseline,hvac_dr_ee
CAMX,2023-06-16 19:00:00,kWh,150.37157068309995,baseline,hvac_dr_ee
CAMX,2023-06-16 20:00:00,kWh,138.31957825256438,baseline,hvac_dr_ee
CAMX,2023-06-16 21:00:00,kWh,115.22339188186486,baseline,hvac_dr_ee
CAMX,2023-06-16 22:00:00,kWh,109.19574669923166,baseline,hvac_dr_ee
CAMX,2023-06-16 23:00:00,kWh,97.87643823494228,baseline,hvac_dr_ee
CAMX,2023-06-17 00:00:00,kWh,104.94464809777337,baseline,hvac_dr_ee
CAMX,2023-06-17 01:00:00,kWh,98.1228547032152,baseline,hvac_dr_ee
CAMX,2023-06-17 02:00:00,kWh,90.40531654006362,baseline,hvac_dr_ee
CAMX,2023-06-17 03:00:00,kWh,97.98566883737661,baseline,hvac_dr_ee
CAMX,2023-06-17 04:00:00,kWh,100.93141102968045,baseline,hvac_dr_ee
CAMX,2023-06-17 05:00:00,kWh,117.87823799168913,baseline,hvac_dr_ee
CAMX,2023-06-17 06:00:00,kWh,119.53205514786629,baseline,hvac_dr_ee
CAMX,2023-06-17 07:00:00,kWh,130.6879498126064,baseline,hvac_dr_ee
CAMX,2023-06-17 08:00:00,kWh,134.52138074691757,baseline,hvac_dr_ee
CAMX,2023-06-17 09:00:00,kWh,144.19801040862208,baseline,hvac_dr_ee
CAMX,2023-06-17 10:00:00,kWh,156.3351453419904,baseline,hvac_dr_ee
CAMX,2023-06-17 11:00:00,kWh,142.66226835312733,baseline,hvac_dr_ee
CAMX,2023-06-17 12:00:00,kWh,135.65414797661225,baseline,hvac_dr_ee
CAMX,2023-06-17 13:00:00,kWh,137.6829329329417,baseline,hvac_dr_ee
CAMX,2023-06-17 14:00:00,kWh,144.13619455673245,baseline,hvac_dr_ee
CAMX,2023-06-17 15:00:00,kWh,147.43740767499582,baseline,hvac_dr_ee
CAMX,2023-06-17 16:00:00,kWh,138.77259334046482,baseline,hvac_dr_ee
CAMX,2023-06-17 17:00:00,kWh,122.2614056437931,baseline,hvac_dr_ee
CAMX,2023-06-17 18:00:00,kWh,114.9719057718172,baseline,hvac_dr_ee
CAMX,2023-06-17 19:00:00,kWh,93.84634590084445,baseline,hvac_dr_ee
CAMX,2023-06-17 20:00:00,kWh,101.43334226979081,baseline,hvac_dr_ee
CAMX,2023-06-17 21:00:00,kWh,96.8243982741171,baseline,hvac_dr_ee
CAMX,2023-06-17 22:00:00,kWh,88.7232413268521,baseline,hvac_dr_ee
CAMX,2023-06-17 23:00:00,kWh,98.4359803479402,baseline,hvac_dr_ee
CAMX,2023-06-18 00:00:00,kWh,94.18685409805232,baseline,hvac_dr_ee
CAMX,2023-06-18 01:00:00,kWh,84.9278554985172,baseline,hvac_dr_ee
CAMX,2023-06-18 02:00:00,kWh,92.27256902086498,baseline,hvac_dr_ee
CAMX,2023-06-18 03:00:00,kWh,92.75867164146698,baseline,hvac_dr_ee
CAMX,2023-06-18 04:00:00,kWh,80.17107337318902,baseline,hvac_dr_ee
CAMX,2023-06-18 05:00:00,kWh,93.44974812828198,baseline,hvac_dr_ee
CAMX,2023-06-18 06:00:00,kWh,97.67921987615028,baseline,hvac_dr_ee
CAMX,2023-06-18 07:00:00,kWh,90.64912522030593,baseline,hvac_dr_ee
CAMX,2023-06-18 08:00:00,kWh,106.21438555239367,baseline,hvac_dr_ee
CAMX,2023-06-18 09:00:00,kWh,106.95971395364609,baseline,hvac_dr_ee
CAMX,2023-06-18 10:00:00,kWh,98.62958781307216,baseline,hvac_dr_ee
CAMX,2023-06-18 11:00:00,kWh,112.2374271747445,baseline,hvac_dr_ee
CAMX,2023-06-18 12:00:00,kWh,109.44619729647982,baseline,hvac_dr_ee
CAMX,2023-06-18 13:00:00,kWh,101.67969741570465,baseline,hvac_dr_ee
CAMX,2023-06-18 14:00:00,kWh,120.99901523951061,baseline,hvac_dr_ee
CAMX,2023-06-18 15:00:00,kWh,119.81372686325301,baseline,hvac_dr_ee
CAMX,2023-06-18 16:00:00,kWh,100.38029873543638,baseline,hvac_dr_ee
CAMX,2023-06-18 17:00:00,kWh,111.93633957198259,baseline,hvac_dr_ee
CAMX,2023-06-18 18:00:00,kWh,105.6595015456497,baseline,hvac_dr_ee
CAMX,2023-06-18 19:00:00,kWh,91.31960563293174,baseline,hvac_dr_ee
CAMX,2023-06-18 20:00:00,kWh,101.37162014591365,baseline,hvac_dr_ee
CAMX,2023-06-18 21:00:00,kWh,96.20952870348975,baseline,hvac_dr_ee
CAMX,2023-06-18 22:00:00,kWh,88.17950731039232,baseline,hvac_dr_ee
CAMX,2023-06-18 23:00:00,kWh,93.91910483058896,baseline,hvac_dr_ee
CAMX,2023-06-19 00:00:00,kWh,91.90417426926035,baseline,hvac_dr_ee
CAMX,2023-06-19 01:00:00,kWh,83.30322655726643,baseline,hvac_dr_ee
CAMX,2023-06-19 02:00:00,kWh,89.42130177613359,baseline,hvac_dr_ee
CAMX,2023-06-19 03:00:00,kWh,91.33714629377732,baseline,hvac_dr_ee
CAMX,2023-06-19 04:00:00,kWh,85.77906440153271,baseline,hvac_dr_ee
CAMX,2023-06-19 05:00:00,kWh,123.88637309397853,baseline,hvac_dr_ee
CAMX,2023-06-19 06:00:00,kWh,146.8796311312499,baseline,hvac_dr_ee
CAMX,2023-06-19 07:00:00,kWh,182.367660022618,baseline,hvac_dr_ee
CAMX,2023-06-19 08:00:00,kWh,184.0855136367291,baseline,hvac_dr_ee
CAMX,2023-06-19 09:00:00,kWh,189.03319312805786,baseline,hvac_dr_ee
CAMX,2023-06-19 10:00:00,kWh,193.75694823531433,baseline,hvac_dr_ee
CAMX,2023-06-19 11:00:00,kWh,187.955337163958,baseline,hvac_dr_ee
CAMX,2023-06-19 12:00:00,kWh,197.61510302282784,baseline,hvac_dr_ee
CAMX,2023-06-19 13:00:00,kWh,200.00916373753958,baseline,hvac_dr_ee
CAMX,2023-06-19 14:00:00,kWh,208.4922042440639,baseline,hvac_dr_ee
CAMX,2023-06-19 15:00:00,kWh,221.15779703775948,baseline,hvac_dr_ee
CAMX,2023-06-19 16:00:00,kWh,177.4271133181729,baseline,hvac_dr_ee
CAMX,2023-06-19 17:00:00,kWh,137.366552454897,baseline,hvac_dr_ee
CAMX,2023-06-19 18:00:00,kWh,137.3802856462543,baseline,hvac_dr_ee
CAMX,2023-06-19 19:00:00,kWh,125.21611240750318,baseline,hvac_dr_ee
CAMX,2023-06-19 20:00:00,kWh,121.17060441432179,baseline,hvac_dr_ee
CAMX,2023-06-19 21:00:00,kWh,107.23572756879116,baseline,hvac_dr_ee
CAMX,2023-06-19 22:00:00,kWh,102.00246518663873,baseline,hvac_dr_ee
CAMX,2023-06-19 23:00:00,kWh,93.87849290905005,baseline,hvac_dr_ee
CAMX,2023-06-20 00:00:00,kWh,102.66693379115065,baseline,hvac_dr_ee
CAMX,2023-06-20 01:00:00,kWh,99.49829957320715,baseline,hvac_dr_ee
CAMX,2023-06-20 02:00:00,kWh,91.75841301512757,baseline,hvac_dr_ee
CAMX,2023-06-20 03:00:00,kWh,97.99821111470611,baseline,hvac_dr_ee
CAMX,2023-06-20 04:00:00,kWh,104.10991032370467,baseline,hvac_dr_ee
CAMX,2023-06-20 05:00:00,kWh,123.08140493922173,baseline,hvac_dr_ee
CAMX,2023-06-20 06:00:00,kWh,149.44798023447456,baseline,hvac_dr_ee
CAMX,2023-06-20 07:00:00,kWh,186.28553219185403,baseline,hvac_dr_ee
CAMX,2023-06-20 08:00:00,kWh,192.52399406124744,baseline,hvac_dr_ee
CAMX,2023-06-20 09:00:00,kWh,196.4587566248698,baseline,hvac_dr_ee
CAMX,2023-06-20 10:00:00,kWh,197.3733184452595,baseline,hvac_dr_ee
CAMX,2023-06-20 11:00:00,kWh,191.0651098803235,baseline,hvac_dr_ee
CAMX,2023-06-20 12:00:00,kWh,203.00533310041024,baseline,hvac_dr_ee
CAMX,2023-06-20 13:00:00,kWh,207.27863310799495,baseline,hvac_dr_ee
CAMX,2023-06-20 14:00:00,kWh,209.1400709774017,baseline,hvac_dr_ee
CAMX,2023-06-20 15:00:00,kWh,216.5123247968115,baseline,hvac_dr_ee
CAMX,2023-06-20 16:00:00,kWh,175.80181309371875,baseline,hvac_dr_ee
CAMX,2023-06-20 17:00:00,kWh,149.61232779553174,baseline,hvac_dr_ee
CAMX,2023-06-20 18:00:00,kWh,140.41427885951674,baseline,hvac_dr_ee
CAMX,2023-06-20 19:00:00,kWh,126.24179092887456,baseline,hvac_dr_ee
CAMX,2023-06-20 20:00:00,kWh,122.92575957921346,baseline,hvac_dr_ee
CAMX,2023-06-20 21:00:00,kWh,108.31524377968901,baseline,hvac_dr_ee
CAMX,2023-06-20 22:00:00,kWh,101.6361297127562,baseline,hvac_dr_ee
CAMX,2023-06-20 23:00:00,kWh,94.12610212651494,baseline,hvac_dr_ee
CAMX,2023-06-21 00:00:00,kWh,101.21113867162035,baseline,hvac_dr_ee
CAMX,2023-06-21 01:00:00,kWh,99.68911666305137,baseline,hvac_dr_ee
CAMX,2023-06-21 02:00:00,kWh,91.1446778997413,baseline,hvac_dr_ee
CAMX,2023-06-21 03:00:00,kWh,97.62964328321979,baseline,hvac_dr_ee
CAMX,2023-06-21 04:00:00,kWh,104.18327133132823,baseline,hvac_dr_ee
CAMX,2023-06-21 05:00:00,kWh,123.96480477267409,baseline,hvac_dr_ee
CAMX,2023-06-21 06:00:00,kWh,149.96445725640498,baseline,hvac_dr_ee
CAMX,2023-06-21 07:00:00,kWh,193.71890627021784,baseline,hvac_dr_ee
CAMX,2023-06-21 08:00:00,kWh,201.46010482524048,baseline,hvac_dr_ee
CAMX,2023-06-21 09:00:00,kWh,204.77001650591913,baseline,hvac_dr_ee
CAMX,2023-06-21 10:00:00,kWh,209.0989084819076,baseline,hvac_dr_ee
CAMX,2023-06-21 11:00:00,kWh,201.4838356060916,baseline,hvac_dr_ee
CAMX,2023-06-21 12:00:00,kWh,209.86903956839043,baseline,hvac_dr_ee
CAMX,2023-06-21 13:00:00,kWh,213.46482486618223,baseline,hvac_dr_ee
CAMX,2023-06-21 14:00:00,kWh,221.00890806047994,baseline,hvac_dr_ee
CAMX,2023-06-21 15:00:00,kWh,231.56863119313445,baseline,hvac_dr_ee
CAMX,2023-06-21 16:00:00,kWh,188.26675537258976,baseline,hvac_dr_ee
CAMX,2023-06-21 17:00:00,kWh,144.69119341797867,baseline,hvac_dr_ee
CAMX,2023-06-21 18:00:00,kWh,131.16391854758348,baseline,hvac_dr_ee
CAMX,2023-06-21 19:00:00,kWh,121.86215800122018,baseline,hvac_dr_ee
CAMX,2023-06-21 20:00:00,kWh,119.81447326775341,baseline,hvac_dr_ee
CAMX,2023-06-21 21:00:00,kWh,106.32892353214439,baseline,hvac_dr_ee
CAMX,2023-06-21 22:00:00,kWh,100.36052228301527,baseline,hvac_dr_ee
CAMX,2023-06-21 23:00:00,kWh,91.67970879545388,baseline,hvac_dr_ee
CAMX,2023-06-22 00:00:00,kWh,99.41916151351688,baseline,hvac_dr_ee
CAMX,2023-06-22 01:00:00,kWh,97.80568363393309,baseline,hvac_dr_ee
CAMX,2023-06-22 02:00:00,kWh,88.9515739294724,baseline,hvac_dr_ee
CAMX,2023-06-22 03:00:00,kWh,98.41899138156745,baseline,hvac_dr_ee
CAMX,2023-06-22 04:00:00,kWh,101.93757698148836,baseline,hvac_dr_ee
CAMX,2023-06-22 05:00:00,kWh,123.8015399941975,baseline,hvac_dr_ee
CAMX,2023-06-22 06:00:00,kWh,148.7957004227561,baseline,hvac_dr_ee
CAMX,2023-06-22 07:00:00,kWh,172.93058787438636,baseline,hvac_dr_ee
CAMX,2023-06-22 08:00:00,kWh,168.52777336523548,baseline,hvac_dr_ee
CAMX,2023-06-22 09:00:00,kWh,168.61884232847143,baseline,hvac_dr_ee
CAMX,2023-06-22 10:00:00,kWh,177.4272475076457,baseline,hvac_dr_ee
CAMX,2023-06-22 11:00:00,kWh,175.2499468068782,baseline,hvac_dr_ee
CAMX,2023-06-22 12:00:00,kWh,182.8444227210282,baseline,hvac_dr_ee
CAMX,2023-06-22 13:00:00,kWh,185.1491571428249,baseline,hvac_dr_ee
CAMX,2023-06-22 14:00:00,kWh,194.91112933137103,baseline,hvac_dr_ee
CAMX,2023-06-22 15:00:00,kWh,206.09921966360275,baseline,hvac_dr_ee
CAMX,2023-06-22 16:00:00,kWh,167.94759636031088,baseline,hvac_dr_ee
CAMX,2023-06-22 17:00:00,kWh,136.35918381410295,baseline,hvac_dr_ee
CAMX,2023-06-22 18:00:00,kWh,123.78032514006955,baseline,hvac_dr_ee
CAMX,2023-06-22 19:00:00,kWh,119.44718628124781,baseline,hvac_dr_ee
CAMX,2023-06-22 20:00:00,kWh,117.72712510399973,baseline,hvac_dr_ee
CAMX,2023-06-22 21:00:00,kWh,103.01007752250844,baseline,hvac_dr_ee
CAMX,2023-06-22 22:00:00,kWh,97.17367450164402,baseline,hvac_dr_ee
CAMX,2023-06-22 23:00:00,kWh,91.34132725838393,baseline,hvac_dr_ee
CAMX,2023-06-23 00:00:00,kWh,97.44395018685167,baseline,hvac_dr_ee
CAMX,2023-06-23 01:00:00,kWh,97.8991821178325,baseline,hvac_dr_ee
CAMX,2023-06-23 02:00:00,kWh,88.96820964960945,baseline,hvac_dr_ee
CAMX,2023-06-23 03:00:00,kWh,96.47537383973754,baseline,hvac_dr_ee
CAMX,2023-06-23 04:00:00,kWh,104.62026778843627,baseline,hvac_dr_ee
CAMX,2023-06-23 05:00:00,kWh,123.54485794363981,baseline,hvac_dr_ee
CAMX,2023-06-23 06:00:00,kWh,149.76047706514828,baseline,hvac_dr_ee
CAMX,2023-06-23 07:00:00,kWh,174.40203465224903,baseline,hvac_dr_ee
CAMX,2023-06-23 08:00:00,kWh,171.4150572957495,baseline,hvac_dr_ee
CAMX,2023-06-23 09:00:00,kWh,173.56833568784285,baseline,hvac_dr_ee
CAMX,2023-06-23 10:00:00,kWh,180.15906768917182,baseline,hvac_dr_ee
CAMX,2023-06-23 11:00:00,kWh,175.83433092231394,baseline,hvac_dr_ee
CAMX,2023-06-23 12:00:00,kWh,187.5642728102818,baseline,hvac_dr_ee
CAMX,2023-06-23 13:00:00,kWh,187.52441122541074,baseline,hvac_dr_ee
CAMX,2023-06-23 14:00:00,kWh,190.63276370424603,baseline,hvac_dr_ee
CAMX,2023-06-23 15:00:00,kWh,206.12888609762808,baseline,hvac_dr_ee
CAMX,2023-06-23 16:00:00,kWh,166.5881276937289,baseline,hvac_dr_ee
CAMX,2023-06-23 17:00:00,kWh,131.1558809757546,baseline,hvac_dr_ee
CAMX,2023-06-23 18:00:00,kWh,124.79207500813888,baseline,hvac_dr_ee
CAMX,2023-06-23 19:00:00,kWh,121.39648696672849,baseline,hvac_dr_ee
CAMX,2023-06-23 20:00:00,kWh,120.40997238424971,baseline,hvac_dr_ee
CAMX,2023-06-23 21:00:00,kWh,103.04403562385005,baseline,hvac_dr_ee
CAMX,2023-06-23 22:00:00,kWh,97.88513118026201,baseline,hvac_dr_ee
CAMX,2023-06-23 23:00:00,kWh,91.02125758110022,baseline,hvac_dr_ee
CAMX,2023-06-24 00:00:00,kWh,94.51125054261774,baseline,hvac_dr_ee
CAMX,2023-06-24 01:00:00,kWh,92.5238330939538,baseline,hvac_dr_ee
CAMX,2023-06-24 02:00:00,kWh,85.35583730849953,baseline,hvac_dr_ee
CAMX,2023-06-24 03:00:00,kWh,92.19938324232025,baseline,hvac_dr_ee
CAMX,2023-06-24 04:00:00,kWh,95.42219698925919,baseline,hvac_dr_ee
CAMX,2023-06-24 05:00:00,kWh,115.88175156032092,baseline,hvac_dr_ee
CAMX,2023-06-24 06:00:00,kWh,118.33227034040962,baseline,hvac_dr_ee
CAMX,2023-06-24 07:00:00,kWh,125.45910501541037,baseline,hvac_dr_ee
CAMX,2023-06-24 08:00:00,kWh,131.37244469036835,baseline,hvac_dr_ee
CAMX,2023-06-24 09:00:00,kWh,131.3184290205698,baseline,hvac_dr_ee
CAMX,2023-06-24 10:00:00,kWh,133.53624446536435,baseline,hvac_dr_ee
CAMX,2023-06-24 11:00:00,kWh,122.4161641516055,baseline,hvac_dr_ee
CAMX,2023-06-24 12:00:00,kWh,119.22991194362923,baseline,hvac_dr_ee
CAMX,2023-06-24 13:00:00,kWh,118.62974053620277,baseline,hvac_dr_ee
CAMX,2023-06-24 14:00:00,kWh,118.09533037688382,baseline,hvac_dr_ee
CAMX,2023-06-24 15:00:00,kWh,121.50289213593183,baseline,hvac_dr_ee
CAMX,2023-06-24 16:00:00,kWh,111.49027474903365,baseline,hvac_dr_ee
CAMX,2023-06-24 17:00:00,kWh,91.09142125274957,baseline,hvac_dr_ee
CAMX,2023-06-24 18:00:00,kWh,95.24062435492567,baseline,hvac_dr_ee
CAMX,2023-06-24 19:00:00,kWh,82.85257911394066,baseline,hvac_dr_ee
CAMX,2023-06-24 20:00:00,kWh,88.48066949914244,baseline,hvac_dr_ee
CAMX,2023-06-24 21:00:00,kWh,90.4529042595001,baseline,hvac_dr_ee
CAMX,2023-06-24 22:00:00,kWh,79.79095509862059,baseline,hvac_dr_ee
CAMX,2023-06-24 23:00:00,kWh,90.09449060727181,baseline,hvac_dr_ee
CAMX,2023-06-25 00:00:00,kWh,87.727487848013,baseline,hvac_dr_ee
CAMX,2023-06-25 01:00:00,kWh,80.40017381585115,baseline,hvac_dr_ee
CAMX,2023-06-25 02:00:00,kWh,89.40617469116896,baseline,hvac_dr_ee
CAMX,2023-06-25 03:00:00,kWh,89.15094281708916,baseline,hvac_dr_ee
CAMX,2023-06-25 04:00:00,kWh,77.1982344667161,baseline,hvac_dr_ee
CAMX,2023-06-25 05:00:00,kWh,87.85542433538754,baseline,hvac_dr_ee
CAMX,2023-06-25 06:00:00,kWh,90.34297197373662,baseline,hvac_dr_ee
CAMX,2023-06-25 07:00:00,kWh,80.55566709212924,baseline,hvac_dr_ee
CAMX,2023-06-25 08:00:00,kWh,91.2464583250117,baseline,hvac_dr_ee
CAMX,2023-06-25 09:00:00,kWh,97.05592140061006,baseline,hvac_dr_ee
CAMX,2023-06-25 10:00:00,kWh,89.05624840727937,baseline,hvac_dr_ee
CAMX,2023-06-25 11:00:00,kWh,95.89246545843945,baseline,hvac_dr_ee
CAMX,2023-06-25 12:00:00,kWh,95.9041203077521,baseline,hvac_dr_ee
CAMX,2023-06-25 13:00:00,kWh,89.15066954932395,baseline,hvac_dr_ee
CAMX,2023-06-25 14:00:00,kWh,97.44400671835837,baseline,hvac_dr_ee
CAMX,2023-06-25 15:00:00,kWh,100.21453045221789,baseline,hvac_dr_ee
CAMX,2023-06-25 16:00:00,kWh,93.19161511083216,baseline,hvac_dr_ee
CAMX,2023-06-25 17:00:00,kWh,103.7581252781192,baseline,hvac_dr_ee
CAMX,2023-06-25 18:00:00,kWh,98.43493107898685,baseline,hvac_dr_ee
CAMX,2023-06-25 19:00:00,kWh,87.04594008975575,baseline,hvac_dr_ee
CAMX,2023-06-25 20:00:00,kWh,92.9231359485627,baseline,hvac_dr_ee
CAMX,2023-06-25 21:00:00,kWh,91.92388927849987,baseline,hvac_dr_ee
CAMX,2023-06-25 22:00:00,kWh,80.91140475011619,baseline,hvac_dr_ee
CAMX,2023-06-25 23:00:00,kWh,87.01370209526203,baseline,hvac_dr_ee
CAMX,2023-06-26 00:00:00,kWh,88.35077274177054,baseline,hvac_dr_ee
CAMX,2023-06-26 01:00:00,kWh,82.2991259467365,baseline,hvac_dr_ee
CAMX,2023-06-26 02:00:00,kWh,87.32977624334576,baseline,hvac_dr_ee
CAMX,2023-06-26 03:00:00,kWh,87.8572760634924,baseline,hvac_dr_ee
CAMX,2023-06-26 04:00:00,kWh,83.55915974192219,baseline,hvac_dr_ee
CAMX,2023-06-26 05:00:00,kWh,122.99123091143535,baseline,hvac_dr_ee
CAMX,2023-06-26 06:00:00,kWh,150.56541400161302,baseline,hvac_dr_ee
CAMX,2023-06-26 07:00:00,kWh,173.3538228330551,baseline,hvac_dr_ee
CAMX,2023-06-26 08:00:00,kWh,168.54783710717848,baseline,hvac_dr_ee
CAMX,2023-06-26 09:00:00,kWh,168.47613399575673,baseline,hvac_dr_ee
CAMX,2023-06-26 10:00:00,kWh,173.54943790762633,baseline,hvac_dr_ee
CAMX,2023-06-26 11:00:00,kWh,170.44021480314595,baseline,hvac_dr_ee
CAMX,2023-06-26 12:00:00,kWh,170.03940314021992,baseline,hvac_dr_ee
CAMX,2023-06-26 13:00:00,kWh,171.52974455108355,baseline,hvac_dr_ee
CAMX,2023-06-26 14:00:00,kWh,176.82117887505393,baseline,hvac_dr_ee
CAMX,2023-06-26 15:00:00,kWh,188.87812770055203,baseline,hvac_dr_ee
CAMX,2023-06-26 16:00:00,kWh,159.3706172827045,baseline,hvac_dr_ee
CAMX,2023-06-26 17:00:00,kWh,126.40766505069232,baseline,hvac_dr_ee
CAMX,2023-06-26 18:00:00,kWh,126.12009355994084,baseline,hvac_dr_ee
CAMX,2023-06-26 19:00:00,kWh,121.9266366126825,baseline,hvac_dr_ee
CAMX,2023-06-26 20:00:00,kWh,120.47874748099784,baseline,hvac_dr_ee
CAMX,2023-06-26 21:00:00,kWh,99.22275445653703,baseline,hvac_dr_ee
CAMX,2023-06-26 22:00:00,kWh,95.02265220832459,baseline,hvac_dr_ee
CAMX,2023-06-26 23:00:00,kWh,90.54924456510369,baseline,hvac_dr_ee
CAMX,2023-06-27 00:00:00,kWh,95.23347984730334,baseline,hvac_dr_ee
CAMX,2023-06-27 01:00:00,kWh,95.40931585941146,baseline,hvac_dr_ee
CAMX,2023-06-27 02:00:00,kWh,89.87436063740226,baseline,hvac_dr_ee
CAMX,2023-06-27 03:00:00,kWh,94.34953123672834,baseline,hvac_dr_ee
CAMX,2023-06-27 04:00:00,kWh,98.387121920483,baseline,hvac_dr_ee
CAMX,2023-06-27 05:00:00,kWh,123.15561558371284,baseline,hvac_dr_ee
CAMX,2023-06-27 06:00:00,kWh,147.8284178271329,baseline,hvac_dr_ee
CAMX,2023-06-27 07:00:00,kWh,174.00271434627683,baseline,hvac_dr_ee
CAMX,2023-06-27 08:00:00,kWh,172.78967218718012,baseline,hvac_dr_ee
CAMX,2023-06-27 09:00:00,kWh,168.51948866272636,baseline,hvac_dr_ee
CAMX,2023-06-27 10:00:00,kWh,171.41359915511464,baseline,hvac_dr_ee
CAMX,2023-06-27 11:00:00,kWh,178.42052485353938,baseline,hvac_dr_ee
CAMX,2023-06-27 12:00:00,kWh,187.62002106094297,baseline,hvac_dr_ee
CAMX,2023-06-27 13:00:00,kWh,188.09708882495238,baseline,hvac_dr_ee
CAMX,2023-06-27 14:00:00,kWh,189.02043283281063,baseline,hvac_dr_ee
CAMX,2023-06-27 15:00:00,kWh,181.9759872294293,baseline,hvac_dr_ee
CAMX,2023-06-27 16:00:00,kWh,153.81025626552957,baseline,hvac_dr_ee
CAMX,2023-06-27 17:00:00,kWh,129.7428648457858,baseline,hvac_dr_ee
CAMX,2023-06-27 18:00:00,kWh,127.4573530879638,baseline,hvac_dr_ee
CAMX,2023-06-27 19:00:00,kWh,123.5441053784404,baseline,hvac_dr_ee
CAMX,2023-06-27 20:00:00,kWh,121.57264298421279,baseline,hvac_dr_ee
CAMX,2023-06-27 21:00:00,kWh,99.27920780255455,baseline,hvac_dr_ee
CAMX,2023-06-27 22:00:00,kWh,96.97995206380502,baseline,hvac_dr_ee
CAMX,2023-06-27 23:00:00,kWh,88.32965427817848,baseline,hvac_dr_ee
CAMX,2023-06-28 00:00:00,kWh,97.9730556893478,baseline,hvac_dr_ee
CAMX,2023-06-28 01:00:00,kWh,94.78180052105694,baseline,hvac_dr_ee
CAMX,2023-06-28 02:00:00,kWh,88.58494555517908,baseline,hvac_dr_ee
CAMX,2023-06-28 03:00:00,kWh,94.83998019389482,baseline,hvac_dr_ee
CAMX,2023-06-28 04:00:00,kWh,103.2843455429188,baseline,hvac_dr_ee
CAMX,2023-06-28 05:00:00,kWh,123.81351899169346,baseline,hvac_dr_ee
CAMX,2023-06-28 06:00:00,kWh,147.5791647253421,baseline,hvac_dr_ee
CAMX,2023-06-28 07:00:00,kWh,169.90789977010857,baseline,hvac_dr_ee
CAMX,2023-06-28 08:00:00,kWh,165.93948558052904,baseline,hvac_dr_ee
CAMX,2023-06-28 09:00:00,kWh,170.11760503174526,baseline,hvac_dr_ee
CAMX,2023-06-28 10:00:00,kWh,173.25819555565855,baseline,hvac_dr_ee
CAMX,2023-06-28 11:00:00,kWh,171.5511586396754,baseline,hvac_dr_ee
CAMX,2023-06-28 12:00:00,kWh,176.99672231146897,baseline,hvac_dr_ee
CAMX,2023-06-28 13:00:00,kWh,183.8628529855954,baseline,hvac_dr_ee
CAMX,2023-06-28 14:00:00,kWh,189.87257620357025,baseline,hvac_dr_ee
CAMX,2023-06-28 15:00:00,kWh,195.83592671724665,baseline,hvac_dr_ee
CAMX,2023-06-28 16:00:00,kWh,158.22841684567612,baseline,hvac_dr_ee
CAMX,2023-06-28 17:00:00,kWh,132.54694880103628,baseline,hvac_dr_ee
CAMX,2023-06-28 18:00:00,kWh,128.9504767101491,baseline,hvac_dr_ee
CAMX,2023-06-28 19:00:00,kWh,124.42186985955298,baseline,hvac_dr_ee
CAMX,2023-06-28 20:00:00,kWh,122.53187698193025,baseline,hvac_dr_ee
CAMX,2023-06-28 21:00:00,kWh,99.14187980190852,baseline,hvac_dr_ee
CAMX,2023-06-28 22:00:00,kWh,96.13009252734544,baseline,hvac_dr_ee
CAMX,2023-06-28 23:00:00,kWh,90.44874938916851,baseline,hvac_dr_ee
CAMX,2023-06-29 00:00:00,kWh,97.15374105254473,baseline,hvac_dr_ee
CAMX,2023-06-29 01:00:00,kWh,94.22546845872647,baseline,hvac_dr_ee
CAMX,2023-06-29 02:00:00,kWh,90.41827484716023,baseline,hvac_dr_ee
CAMX,2023-06-29 03:00:00,kWh,94.47129450319485,baseline,hvac_dr_ee
CAMX,2023-06-29 04:00:00,kWh,100.63615479822096,baseline,hvac_dr_ee
CAMX,2023-06-29 05:00:00,kWh,124.00023854006756,baseline,hvac_dr_ee
CAMX,2023-06-29 06:00:00,kWh,151.47332840828315,baseline,hvac_dr_ee
CAMX,2023-06-29 07:00:00,kWh,178.05111651643867,baseline,hvac_dr_ee
CAMX,2023-06-29 08:00:00,kWh,175.1181103245356,baseline,hvac_dr_ee
CAMX,2023-06-29 09:00:00,kWh,178.0821005244286,baseline,hvac_dr_ee
CAMX,2023-06-29 10:00:00,kWh,183.25391690726428,baseline,hvac_dr_ee
CAMX,2023-06-29 11:00:00,kWh,179.08644885883558,baseline,hvac_dr_ee
CAMX,2023-06-29 12:00:00,kWh,188.93204122893,baseline,hvac_dr_ee
CAMX,2023-06-29 13:00:00,kWh,189.65292481203295,baseline,hvac_dr_ee
CAMX,2023-06-29 14:00:00,kWh,195.01874190969244,baseline,hvac_dr_ee
CAMX,2023-06-29 15:00:00,kWh,204.31702898965028,baseline,hvac_dr_ee
CAMX,2023-06-29 16:00:00,kWh,168.48540733672422,baseline,hvac_dr_ee
CAMX,2023-06-29 17:00:00,kWh,143.32212359690874,baseline,hvac_dr_ee
CAMX,2023-06-29 18:00:00,kWh,134.97359137751533,baseline,hvac_dr_ee
CAMX,2023-06-29 19:00:00,kWh,122.32225187525154,baseline,hvac_dr_ee
CAMX,2023-06-29 20:00:00,kWh,121.61921056369405,baseline,hvac_dr_ee
CAMX,2023-06-29 21:00:00,kWh,100.98465090505059,baseline,hvac_dr_ee
CAMX,2023-06-29 22:00:00,kWh,96.74311534463445,baseline,hvac_dr_ee
CAMX,2023-06-29 23:00:00,kWh,90.07440024999383,baseline,hvac_dr_ee
CAMX,2023-06-30 00:00:00,kWh,97.80082014710855,baseline,hvac_dr_ee
CAMX,2023-06-30 01:00:00,kWh,95.91854443197201,baseline,hvac_dr_ee
CAMX,2023-06-30 02:00:00,kWh,89.63849740412533,baseline,hvac_dr_ee
CAMX,2023-06-30 03:00:00,kWh,94.33844735550832,baseline,hvac_dr_ee
CAMX,2023-06-30 04:00:00,kWh,103.70008301532339,baseline,hvac_dr_ee
CAMX,2023-06-30 05:00:00,kWh,123.35690719172507,baseline,hvac_dr_ee
CAMX,2023-06-30 06:00:00,kWh,151.85079590495042,baseline,hvac_dr_ee
CAMX,2023-06-30 07:00:00,kWh,178.9612460173865,baseline,hvac_dr_ee
CAMX,2023-06-30 08:00:00,kWh,176.320724410193,baseline,hvac_dr_ee
CAMX,2023-06-30 09:00:00,kWh,180.4802964594618,baseline,hvac_dr_ee
CAMX,2023-06-30 10:00:00,kWh,191.65427793308592,baseline,hvac_dr_ee
CAMX,2023-06-30 11:00:00,kWh,187.6043053792634,baseline,hvac_dr_ee
CAMX,2023-06-30 12:00:00,kWh,199.8874609239881,baseline,hvac_dr_ee
CAMX,2023-06-30 13:00:00,kWh,199.29040500404284,baseline,hvac_dr_ee
CAMX,2023-06-30 14:00:00,kWh,207.16133680118548,baseline,hvac_dr_ee
CAMX,2023-06-30 15:00:00,kWh,217.97636431839848,baseline,hvac_dr_ee
CAMX,2023-06-30 16:00:00,kWh,175.88391383662048,baseline,hvac_dr_ee
CAMX,2023-06-30 17:00:00,kWh,143.1553026468015,baseline,hvac_dr_ee
CAMX,2023-06-30 18:00:00,kWh,139.50049636000634,baseline,hvac_dr_ee
CAMX,2023-06-30 19:00:00,kWh,130.96330586320587,baseline,hvac_dr_ee
CAMX,2023-06-30 20:00:00,kWh,129.0643700927647,baseline,hvac_dr_ee
CAMX,2023-06-30 21:00:00,kWh,106.5899248263325,baseline,hvac_dr_ee
CAMX,2023-06-30 22:00:00,kWh,102.62234344927208,baseline,hvac_dr_ee
CAMX,2023-06-30 23:00:00,kWh,95.67372274059575,baseline,hvac_dr_ee
CAMX,2023-07-01 00:00:00,kWh,99.03772653912722,baseline,hvac_dr_ee
CAMX,2023-07-01 01:00:00,kWh,96.51762747566639,baseline,hvac_dr_ee
CAMX,2023-07-01 02:00:00,kWh,88.5528795928815,baseline,hvac_dr_ee
CAMX,2023-07-01 03:00:00,kWh,95.01094073295222,baseline,hvac_dr_ee
CAMX,2023-07-01 04:00:00,kWh,99.39526985855052,baseline,hvac_dr_ee
CAMX,2023-07-01 05:00:00,kWh,116.54744772206271,baseline,hvac_dr_ee
CAMX,2023-07-01 06:00:00,kWh,124.22014150083972,baseline,hvac_dr_ee
CAMX,2023-07-01 07:00:00,kWh,138.9793482421921,baseline,hvac_dr_ee
CAMX,2023-07-01 08:00:00,kWh,148.8558873131024,baseline,hvac_dr_ee
CAMX,2023-07-01 09:00:00,kWh,153.2849273509628,baseline,hvac_dr_ee
CAMX,2023-07-01 10:00:00,kWh,155.19013733768742,baseline,hvac_dr_ee
CAMX,2023-07-01 11:00:00,kWh,143.22306494370417,baseline,hvac_dr_ee
CAMX,2023-07-01 12:00:00,kWh,139.91395303850157,baseline,hvac_dr_ee
CAMX,2023-07-01 13:00:00,kWh,137.13903188079823,baseline,hvac_dr_ee
CAMX,2023-07-01 14:00:00,kWh,142.86792754595774,baseline,hvac_dr_ee
CAMX,2023-07-01 15:00:00,kWh,147.04019186467025,baseline,hvac_dr_ee
CAMX,2023-07-01 16:00:00,kWh,148.99624043314685,baseline,hvac_dr_ee
CAMX,2023-07-01 17:00:00,kWh,128.36972398767634,baseline,hvac_dr_ee
CAMX,2023-07-01 18:00:00,kWh,122.26125631348543,baseline,hvac_dr_ee
CAMX,2023-07-01 19:00:00,kWh,100.1362715529675,baseline,hvac_dr_ee
CAMX,2023-07-01 20:00:00,kWh,104.9801307757406,baseline,hvac_dr_ee
CAMX,2023-07-01 21:00:00,kWh,98.91903270192412,baseline,hvac_dr_ee
CAMX,2023-07-01 22:00:00,kWh,89.6676650903179,baseline,hvac_dr_ee
CAMX,2023-07-01 23:00:00,kWh,98.94026193856946,baseline,hvac_dr_ee
CAMX,2023-07-02 00:00:00,kWh,96.04700479865171,baseline,hvac_dr_ee
CAMX,2023-07-02 01:00:00,kWh,85.8074890227797,baseline,hvac_dr_ee
CAMX,2023-07-02 02:00:00,kWh,94.05919320508535,baseline,hvac_dr_ee
CAMX,2023-07-02 03:00:00,kWh,94.79883402120771,baseline,hvac_dr_ee
CAMX,2023-07-02 04:00:00,kWh,84.03688951912723,baseline,hvac_dr_ee
CAMX,2023-07-02 05:00:00,kWh,93.65906717781833,baseline,hvac_dr_ee
CAMX,2023-07-02 06:00:00,kWh,97.6087170513369,baseline,hvac_dr_ee
CAMX,2023-07-02 07:00:00,kWh,92.48492302242484,baseline,hvac_dr_ee
CAMX,2023-07-02 08:00:00,kWh,107.9541181492186,baseline,hvac_dr_ee
CAMX,2023-07-02 09:00:00,kWh,108.81643701409489,baseline,hvac_dr_ee
CAMX,2023-07-02 10:00:00,kWh,98.38650204047553,baseline,hvac_dr_ee
CAMX,2023-07-02 11:00:00,kWh,111.94039143057068,baseline,hvac_dr_ee
CAMX,2023-07-02 12:00:00,kWh,110.5409824740388,baseline,hvac_dr_ee
CAMX,2023-07-02 13:00:00,kWh,103.376648263701,baseline,hvac_dr_ee
CAMX,2023-07-02 14:00:00,kWh,120.88090540801974,baseline,hvac_dr_ee
CAMX,2023-07-02 15:00:00,kWh,123.23695951872602,baseline,hvac_dr_ee
CAMX,2023-07-02 16:00:00,kWh,109.0897395031053,baseline,hvac_dr_ee
CAMX,2023-07-02 17:00:00,kWh,123.90943972233191,baseline,hvac_dr_ee
CAMX,2023-07-02 18:00:00,kWh,117.03994370237794,baseline,hvac_dr_ee
CAMX,2023-07-02 19:00:00,kWh,95.30971360782175,baseline,hvac_dr_ee
CAMX,2023-07-02 20:00:00,kWh,102.72401857989352,baseline,hvac_dr_ee
CAMX,2023-07-02 21:00:00,kWh,98.22292373762289,baseline,hvac_dr_ee
CAMX,2023-07-02 22:00:00,kWh,88.64730486182452,baseline,hvac_dr_ee
CAMX,2023-07-02 23:00:00,kWh,97.29649765771919,baseline,hvac_dr_ee
CAMX,2023-07-03 00:00:00,kWh,99.11325761132377,baseline,hvac_dr_ee
CAMX,2023-07-03 01:00:00,kWh,90.32853846003043,baseline,hvac_dr_ee
CAMX,2023-07-03 02:00:00,kWh,97.01370922152034,baseline,hvac_dr_ee
CAMX,2023-07-03 03:00:00,kWh,96.53814103523919,baseline,hvac_dr_ee
CAMX,2023-07-03 04:00:00,kWh,91.36906823079212,baseline,hvac_dr_ee
CAMX,2023-07-03 05:00:00,kWh,125.85138390206384,baseline,hvac_dr_ee
CAMX,2023-07-03 06:00:00,kWh,159.31284665843597,baseline,hvac_dr_ee
CAMX,2023-07-03 07:00:00,kWh,188.3630286193798,baseline,hvac_dr_ee
CAMX,2023-07-03 08:00:00,kWh,183.50003878971364,baseline,hvac_dr_ee
CAMX,2023-07-03 09:00:00,kWh,188.65382866034565,baseline,hvac_dr_ee
CAMX,2023-07-03 10:00:00,kWh,196.14573192797263,baseline,hvac_dr_ee
CAMX,2023-07-03 11:00:00,kWh,192.88467126331594,baseline,hvac_dr_ee
CAMX,2023-07-03 12:00:00,kWh,204.58558138669486,baseline,hvac_dr_ee
CAMX,2023-07-03 13:00:00,kWh,231.8028973842718,baseline,hvac_dr_ee
CAMX,2023-07-03 14:00:00,kWh,312.4397271162636,baseline,hvac_dr_ee
CAMX,2023-07-03 15:00:00,kWh,319.26531206861796,baseline,hvac_dr_ee
CAMX,2023-07-03 16:00:00,kWh,202.37213743435535,baseline,hvac_dr_ee
CAMX,2023-07-03 17:00:00,kWh,159.82777613620306,baseline,hvac_dr_ee
CAMX,2023-07-03 18:00:00,kWh,154.0601281833437,baseline,hvac_dr_ee
CAMX,2023-07-03 19:00:00,kWh,138.5993352369456,baseline,hvac_dr_ee
CAMX,2023-07-03 20:00:00,kWh,127.89021856216141,baseline,hvac_dr_ee
CAMX,2023-07-03 21:00:00,kWh,108.53758438140812,baseline,hvac_dr_ee
CAMX,2023-07-03 22:00:00,kWh,103.5819971779859,baseline,hvac_dr_ee
CAMX,2023-07-03 23:00:00,kWh,95.31532445655968,baseline,hvac_dr_ee
CAMX,2023-07-04 00:00:00,kWh,102.55759140084007,baseline,hvac_dr_ee
CAMX,2023-07-04 01:00:00,kWh,100.77499512890161,baseline,hvac_dr_ee
CAMX,2023-07-04 02:00:00,kWh,91.1215650408636,baseline,hvac_dr_ee
CAMX,2023-07-04 03:00:00,kWh,99.64195283622888,baseline,hvac_dr_ee
CAMX,2023-07-04 04:00:00,kWh,102.28868273094619,baseline,hvac_dr_ee
CAMX,2023-07-04 05:00:00,kWh,124.65667596507343,baseline,hvac_dr_ee
CAMX,2023-07-04 06:00:00,kWh,155.0304737740064,baseline,hvac_dr_ee
CAMX,2023-07-04 07:00:00,kWh,188.29681673287587,baseline,hvac_dr_ee
CAMX,2023-07-04 08:00:00,kWh,187.77350659497137,baseline,hvac_dr_ee
CAMX,2023-07-04 09:00:00,kWh,196.86791105949436,baseline,hvac_dr_ee
CAMX,2023-07-04 10:00:00,kWh,202.47598131089384,baseline,hvac_dr_ee
CAMX,2023-07-04 11:00:00,kWh,198.8414865705376,baseline,hvac_dr_ee
CAMX,2023-07-04 12:00:00,kWh,213.29741254824077,baseline,hvac_dr_ee
CAMX,2023-07-04 13:00:00,kWh,233.64779454654519,baseline,hvac_dr_ee
CAMX,2023-07-04 14:00:00,kWh,317.39969951190176,baseline,hvac_dr_ee
CAMX,2023-07-04 15:00:00,kWh,327.7552969797416,baseline,hvac_dr_ee
CAMX,2023-07-04 16:00:00,kWh,198.68700567821173,baseline,hvac_dr_ee
CAMX,2023-07-04 17:00:00,kWh,155.1583083698174,baseline,hvac_dr_ee
CAMX,2023-07-04 18:00:00,kWh,152.21180740307574,baseline,hvac_dr_ee
CAMX,2023-07-04 19:00:00,kWh,138.63346630755746,baseline,hvac_dr_ee
CAMX,2023-07-04 20:00:00,kWh,128.12106333585646,baseline,hvac_dr_ee
CAMX,2023-07-04 21:00:00,kWh,108.73003349693242,baseline,hvac_dr_ee
CAMX,2023-07-04 22:00:00,kWh,102.67156557736342,baseline,hvac_dr_ee
CAMX,2023-07-04 23:00:00,kWh,93.75009760348813,baseline,hvac_dr_ee
CAMX,2023-07-05 00:00:00,kWh,101.2858078950917,baseline,hvac_dr_ee
CAMX,2023-07-05 01:00:00,kWh,98.42571226562107,baseline,hvac_dr_ee
CAMX,2023-07-05 02:00:00,kWh,92.28116997859998,baseline,hvac_dr_ee
CAMX,2023-07-05 03:00:00,kWh,96.55259536244944,baseline,hvac_dr_ee
CAMX,2023-07-05 04:00:00,kWh,104.52520705471288,baseline,hvac_dr_ee
CAMX,2023-07-05 05:00:00,kWh,124.13512516788393,baseline,hvac_dr_ee
CAMX,2023-07-05 06:00:00,kWh,151.73148212644566,baseline,hvac_dr_ee
CAMX,2023-07-05 07:00:00,kWh,184.07003145678874,baseline,hvac_dr_ee
CAMX,2023-07-05 08:00:00,kWh,185.81273803271637,baseline,hvac_dr_ee
CAMX,2023-07-05 09:00:00,kWh,190.93251826087533,baseline,hvac_dr_ee
CAMX,2023-07-05 10:00:00,kWh,202.06065674943198,baseline,hvac_dr_ee
CAMX,2023-07-05 11:00:00,kWh,196.72277875614077,baseline,hvac_dr_ee
CAMX,2023-07-05 12:00:00,kWh,204.3918900920842,baseline,hvac_dr_ee
CAMX,2023-07-05 13:00:00,kWh,205.1715537706771,baseline,hvac_dr_ee
CAMX,2023-07-05 14:00:00,kWh,209.46694231246465,baseline,hvac_dr_ee
CAMX,2023-07-05 15:00:00,kWh,220.22351169205393,baseline,hvac_dr_ee
CAMX,2023-07-05 16:00:00,kWh,176.0099971832506,baseline,hvac_dr_ee
CAMX,2023-07-05 17:00:00,kWh,139.81219392240385,baseline,hvac_dr_ee
CAMX,2023-07-05 18:00:00,kWh,132.95689011920444,baseline,hvac_dr_ee
CAMX,2023-07-05 19:00:00,kWh,126.7294621177845,baseline,hvac_dr_ee
CAMX,2023-07-05 20:00:00,kWh,125.45401147754714,baseline,hvac_dr_ee
CAMX,2023-07-05 21:00:00,kWh,106.09739066934208,baseline,hvac_dr_ee
CAMX,2023-07-05 22:00:00,kWh,101.00407785882868,baseline,hvac_dr_ee
CAMX,2023-07-05 23:00:00,kWh,92.13699892158174,baseline,hvac_dr_ee
CAMX,2023-07-06 00:00:00,kWh,99.9909331329767,baseline,hvac_dr_ee
CAMX,2023-07-06 01:00:00,kWh,98.33123930513557,baseline,hvac_dr_ee
CAMX,2023-07-06 02:00:00,kWh,90.10810113732086,baseline,hvac_dr_ee
CAMX,2023-07-06 03:00:00,kWh,97.17942063608461,baseline,hvac_dr_ee
CAMX,2023-07-06 04:00:00,kWh,104.13051634199176,baseline,hvac_dr_ee
CAMX,2023-07-06 05:00:00,kWh,124.46290419317206,baseline,hvac_dr_ee
CAMX,2023-07-06 06:00:00,kWh,152.62315083729052,baseline,hvac_dr_ee
CAMX,2023-07-06 07:00:00,kWh,179.78441505357782,baseline,hvac_dr_ee
CAMX,2023-07-06 08:00:00,kWh,175.14837384258433,baseline,hvac_dr_ee
CAMX,2023-07-06 09:00:00,kWh,178.17688506715018,baseline,hvac_dr_ee
CAMX,2023-07-06 10:00:00,kWh,196.13093608063494,baseline,hvac_dr_ee
CAMX,2023-07-06 11:00:00,kWh,193.17363986819356,baseline,hvac_dr_ee
CAMX,2023-07-06 12:00:00,kWh,204.93979385075517,baseline,hvac_dr_ee
CAMX,2023-07-06 13:00:00,kWh,204.71482200740493,baseline,hvac_dr_ee
CAMX,2023-07-06 14:00:00,kWh,212.9783332676077,baseline,hvac_dr_ee
CAMX,2023-07-06 15:00:00,kWh,222.08620196951046,baseline,hvac_dr_ee
CAMX,2023-07-06 16:00:00,kWh,180.15799958228214,baseline,hvac_dr_ee
CAMX,2023-07-06 17:00:00,kWh,145.87306010675067,baseline,hvac_dr_ee
CAMX,2023-07-06 18:00:00,kWh,138.60519946722505,baseline,hvac_dr_ee
CAMX,2023-07-06 19:00:00,kWh,127.73007607071867,baseline,hvac_dr_ee
CAMX,2023-07-06 20:00:00,kWh,121.30856419306852,baseline,hvac_dr_ee
CAMX,2023-07-06 21:00:00,kWh,106.53179106208759,baseline,hvac_dr_ee
CAMX,2023-07-06 22:00:00,kWh,101.30249716300688,baseline,hvac_dr_ee
CAMX,2023-07-06 23:00:00,kWh,93.31982798687177,baseline,hvac_dr_ee
CAMX,2023-07-07 00:00:00,kWh,101.17409937580746,baseline,hvac_dr_ee
CAMX,2023-07-07 01:00:00,kWh,98.61108631266656,baseline,hvac_dr_ee
CAMX,2023-07-07 02:00:00,kWh,91.33447604657545,baseline,hvac_dr_ee
CAMX,2023-07-07 03:00:00,kWh,97.47855722858415,baseline,hvac_dr_ee
CAMX,2023-07-07 04:00:00,kWh,105.92285985892916,baseline,hvac_dr_ee
CAMX,2023-07-07 05:00:00,kWh,123.63515788809282,baseline,hvac_dr_ee
CAMX,2023-07-07 06:00:00,kWh,148.04504496389126,baseline,hvac_dr_ee
CAMX,2023-07-07 07:00:00,kWh,182.73909946303058,baseline,hvac_dr_ee
CAMX,2023-07-07 08:00:00,kWh,187.572985460312,baseline,hvac_dr_ee
CAMX,2023-07-07 09:00:00,kWh,196.3990198439157,baseline,hvac_dr_ee
CAMX,2023-07-07 10:00:00,kWh,205.82257569177807,baseline,hvac_dr_ee
CAMX,2023-07-07 11:00:00,kWh,197.66974959350367,baseline,hvac_dr_ee
CAMX,2023-07-07 12:00:00,kWh,211.45721888532137,baseline,hvac_dr_ee
CAMX,2023-07-07 13:00:00,kWh,210.50232881136296,baseline,hvac_dr_ee
CAMX,2023-07-07 14:00:00,kWh,218.11798505072278,baseline,hvac_dr_ee
CAMX,2023-07-07 15:00:00,kWh,230.8790230011965,baseline,hvac_dr_ee
CAMX,2023-07-07 16:00:00,kWh,187.87655503225847,baseline,hvac_dr_ee
CAMX,2023-07-07 17:00:00,kWh,149.3459824096832,baseline,hvac_dr_ee
CAMX,2023-07-07 18:00:00,kWh,133.74038845703518,baseline,hvac_dr_ee
CAMX,2023-07-07 19:00:00,kWh,128.4901707557037,baseline,hvac_dr_ee
CAMX,2023-07-07 20:00:00,kWh,124.20612554353589,baseline,hvac_dr_ee
CAMX,2023-07-07 21:00:00,kWh,108.54474882862553,baseline,hvac_dr_ee
CAMX,2023-07-07 22:00:00,kWh,102.21466908862132,baseline,hvac_dr_ee
CAMX,2023-07-07 23:00:00,kWh,94.29035202496547,baseline,hvac_dr_ee
CAMX,2023-07-08 00:00:00,kWh,98.48977942208603,baseline,hvac_dr_ee
CAMX,2023-07-08 01:00:00,kWh,94.64563620818598,baseline,hvac_dr_ee
CAMX,2023-07-08 02:00:00,kWh,86.76920179529981,baseline,hvac_dr_ee
CAMX,2023-07-08 03:00:00,kWh,94.13871784159313,baseline,hvac_dr_ee
CAMX,2023-07-08 04:00:00,kWh,96.39761391821958,baseline,hvac_dr_ee
CAMX,2023-07-08 05:00:00,kWh,116.7551090919875,baseline,hvac_dr_ee
CAMX,2023-07-08 06:00:00,kWh,121.36957157868677,baseline,hvac_dr_ee
CAMX,2023-07-08 07:00:00,kWh,134.1380302544093,baseline,hvac_dr_ee
CAMX,2023-07-08 08:00:00,kWh,141.9840530436358,baseline,hvac_dr_ee
CAMX,2023-07-08 09:00:00,kWh,143.87416495125936,baseline,hvac_dr_ee
CAMX,2023-07-08 10:00:00,kWh,141.59966119518296,baseline,hvac_dr_ee
CAMX,2023-07-08 11:00:00,kWh,126.80404213340482,baseline,hvac_dr_ee
CAMX,2023-07-08 12:00:00,kWh,123.03585475015286,baseline,hvac_dr_ee
CAMX,2023-07-08 13:00:00,kWh,122.05784142705625,baseline,hvac_dr_ee
CAMX,2023-07-08 14:00:00,kWh,124.582948208119,baseline,hvac_dr_ee
CAMX,2023-07-08 15:00:00,kWh,131.10023771658658,baseline,hvac_dr_ee
CAMX,2023-07-08 16:00:00,kWh,128.41826855188307,baseline,hvac_dr_ee
CAMX,2023-07-08 17:00:00,kWh,114.47585807639314,baseline,hvac_dr_ee
CAMX,2023-07-08 18:00:00,kWh,111.79370062853354,baseline,hvac_dr_ee
CAMX,2023-07-08 19:00:00,kWh,95.19661331481701,baseline,hvac_dr_ee
CAMX,2023-07-08 20:00:00,kWh,101.60219468452844,baseline,hvac_dr_ee
CAMX,2023-07-08 21:00:00,kWh,95.88303096229396,baseline,hvac_dr_ee
CAMX,2023-07-08 22:00:00,kWh,88.70149686025442,baseline,hvac_dr_ee
CAMX,2023-07-08 23:00:00,kWh,95.72120710878237,baseline,hvac_dr_ee
CAMX,2023-07-09 00:00:00,kWh,94.7883952601983,baseline,hvac_dr_ee
CAMX,2023-07-09 01:00:00,kWh,84.41868944066493,baseline,hvac_dr_ee
CAMX,2023-07-09 02:00:00,kWh,92.0130080200953,baseline,hvac_dr_ee
CAMX,2023-07-09 03:00:00,kWh,92.95262103030569,baseline,hvac_dr_ee
CAMX,2023-07-09 04:00:00,kWh,82.24839369536949,baseline,hvac_dr_ee
CAMX,2023-07-09 05:00:00,kWh,89.71507613450899,baseline,hvac_dr_ee
CAMX,2023-07-09 06:00:00,kWh,94.28861330587716,baseline,hvac_dr_ee
CAMX,2023-07-09 07:00:00,kWh,88.15466278205423,baseline,hvac_dr_ee
CAMX,2023-07-09 08:00:00,kWh,103.72026701127626,baseline,hvac_dr_ee
CAMX,2023-07-09 09:00:00,kWh,105.12863383095103,baseline,hvac_dr_ee
CAMX,2023-07-09 10:00:00,kWh,95.2213275859135,baseline,hvac_dr_ee
CAMX,2023-07-09 11:00:00,kWh,106.96387648213707,baseline,hvac_dr_ee
CAMX,2023-07-09 12:00:00,kWh,103.81567012138223,baseline,hvac_dr_ee
CAMX,2023-07-09 13:00:00,kWh,97.85919400596092,baseline,hvac_dr_ee
CAMX,2023-07-09 14:00:00,kWh,114.86314679044781,baseline,hvac_dr_ee
CAMX,2023-07-09 15:00:00,kWh,114.79398789410425,baseline,hvac_dr_ee
CAMX,2023-07-09 16:00:00,kWh,104.46374844955199,baseline,hvac_dr_ee
CAMX,2023-07-09 17:00:00,kWh,119.09513379968837,baseline,hvac_dr_ee
CAMX,2023-07-09 18:00:00,kWh,116.16321983724981,baseline,hvac_dr_ee
CAMX,2023-07-09 19:00:00,kWh,95.2040034863542,baseline,hvac_dr_ee
CAMX,2023-07-09 20:00:00,kWh,102.47729896812479,baseline,hvac_dr_ee
CAMX,2023-07-09 21:00:00,kWh,96.69575469887592,baseline,hvac_dr_ee
CAMX,2023-07-09 22:00:00,kWh,87.71391083763378,baseline,hvac_dr_ee
CAMX,2023-07-09 23:00:00,kWh,97.8618024744997,baseline,hvac_dr_ee
CAMX,2023-07-10 00:00:00,kWh,98.24901249307368,baseline,hvac_dr_ee
CAMX,2023-07-10 01:00:00,kWh,89.44220069140589,baseline,hvac_dr_ee
CAMX,2023-07-10 02:00:00,kWh,95.44260814013849,baseline,hvac_dr_ee
CAMX,2023-07-10 03:00:00,kWh,95.40032654869083,baseline,hvac_dr_ee
CAMX,2023-07-10 04:00:00,kWh,90.54495488543054,baseline,hvac_dr_ee
CAMX,2023-07-10 05:00:00,kWh,124.86516500553817,baseline,hvac_dr_ee
CAMX,2023-07-10 06:00:00,kWh,155.8911258772676,baseline,hvac_dr_ee
CAMX,2023-07-10 07:00:00,kWh,179.12434566867555,baseline,hvac_dr_ee
CAMX,2023-07-10 08:00:00,kWh,173.6742312926723,baseline,hvac_dr_ee
CAMX,2023-07-10 09:00:00,kWh,178.32796800698844,baseline,hvac_dr_ee
CAMX,2023-07-10 10:00:00,kWh,191.84935812521036,baseline,hvac_dr_ee
CAMX,2023-07-10 11:00:00,kWh,186.2763936591874,baseline,hvac_dr_ee
CAMX,2023-07-10 12:00:00,kWh,200.348609473546,baseline,hvac_dr_ee
CAMX,2023-07-10 13:00:00,kWh,200.28410530860555,baseline,hvac_dr_ee
CAMX,2023-07-10 14:00:00,kWh,205.7172472010239,baseline,hvac_dr_ee
CAMX,2023-07-10 15:00:00,kWh,210.35089355627605,baseline,hvac_dr_ee
CAMX,2023-07-10 16:00:00,kWh,170.66625604163193,baseline,hvac_dr_ee
CAMX,2023-07-10 17:00:00,kWh,134.1161829410629,baseline,hvac_dr_ee
CAMX,2023-07-10 18:00:00,kWh,130.37860698220373,baseline,hvac_dr_ee
CAMX,2023-07-10 19:00:00,kWh,127.42370406052387,baseline,hvac_dr_ee
CAMX,2023-07-10 20:00:00,kWh,125.40850699970184,baseline,hvac_dr_ee
CAMX,2023-07-10 21:00:00,kWh,101.13907855724182,baseline,hvac_dr_ee
CAMX,2023-07-10 22:00:00,kWh,97.26535234242124,baseline,hvac_dr_ee
CAMX,2023-07-10 23:00:00,kWh,92.25571378349815,baseline,hvac_dr_ee
CAMX,2023-07-11 00:00:00,kWh,96.87846372302297,baseline,hvac_dr_ee
CAMX,2023-07-11 01:00:00,kWh,96.48649760446628,baseline,hvac_dr_ee
CAMX,2023-07-11 02:00:00,kWh,91.10968748520695,baseline,hvac_dr_ee
CAMX,2023-07-11 03:00:00,kWh,94.64945731654662,baseline,hvac_dr_ee
CAMX,2023-07-11 04:00:00,kWh,101.57209712240567,baseline,hvac_dr_ee
CAMX,2023-07-11 05:00:00,kWh,123.84843638563905,baseline,hvac_dr_ee
CAMX,2023-07-11 06:00:00,kWh,151.27500504637453,baseline,hvac_dr_ee
CAMX,2023-07-11 07:00:00,kWh,172.97760485722293,baseline,hvac_dr_ee
CAMX,2023-07-11 08:00:00,kWh,165.59509319760045,baseline,hvac_dr_ee
CAMX,2023-07-11 09:00:00,kWh,169.34839539671407,baseline,hvac_dr_ee
CAMX,2023-07-11 10:00:00,kWh,180.98453070375885,baseline,hvac_dr_ee
CAMX,2023-07-11 11:00:00,kWh,176.0179596792488,baseline,hvac_dr_ee
CAMX,2023-07-11 12:00:00,kWh,183.3961986034761,baseline,hvac_dr_ee
CAMX,2023-07-11 13:00:00,kWh,185.1756470407642,baseline,hvac_dr_ee
CAMX,2023-07-11 14:00:00,kWh,194.17999577126483,baseline,hvac_dr_ee
CAMX,2023-07-11 15:00:00,kWh,202.38123776475967,baseline,hvac_dr_ee
CAMX,2023-07-11 16:00:00,kWh,162.38615837890987,baseline,hvac_dr_ee
CAMX,2023-07-11 17:00:00,kWh,133.9490054353277,baseline,hvac_dr_ee
CAMX,2023-07-11 18:00:00,kWh,127.77937015952399,baseline,hvac_dr_ee
CAMX,2023-07-11 19:00:00,kWh,119.43688369259047,baseline,hvac_dr_ee
CAMX,2023-07-11 20:00:00,kWh,118.052980700789,baseline,hvac_dr_ee
CAMX,2023-07-11 21:00:00,kWh,102.05994397730406,baseline,hvac_dr_ee
CAMX,2023-07-11 22:00:00,kWh,97.27261169605751,baseline,hvac_dr_ee
CAMX,2023-07-11 23:00:00,kWh,89.54767241044473,baseline,hvac_dr_ee
CAMX,2023-07-12 00:00:00,kWh,97.87263703104735,baseline,hvac_dr_ee
CAMX,2023-07-12 01:00:00,kWh,95.46712033684491,baseline,hvac_dr_ee
CAMX,2023-07-12 02:00:00,kWh,89.4539240649498,baseline,hvac_dr_ee
CAMX,2023-07-12 03:00:00,kWh,96.07584269319598,baseline,hvac_dr_ee
CAMX,2023-07-12 04:00:00,kWh,100.47582662081311,baseline,hvac_dr_ee
CAMX,2023-07-12 05:00:00,kWh,123.41536144639217,baseline,hvac_dr_ee
CAMX,2023-07-12 06:00:00,kWh,149.54087277960232,baseline,hvac_dr_ee
CAMX,2023-07-12 07:00:00,kWh,170.50235307933443,baseline,hvac_dr_ee
CAMX,2023-07-12 08:00:00,kWh,164.63373485116543,baseline,hvac_dr_ee
CAMX,2023-07-12 09:00:00,kWh,170.1835589234543,baseline,hvac_dr_ee
CAMX,2023-07-12 10:00:00,kWh,177.7866913315774,baseline,hvac_dr_ee
CAMX,2023-07-12 11:00:00,kWh,174.24520869525318,baseline,hvac_dr_ee
CAMX,2023-07-12 12:00:00,kWh,184.23968687126006,baseline,hvac_dr_ee
CAMX,2023-07-12 13:00:00,kWh,183.5408706924433,baseline,hvac_dr_ee
CAMX,2023-07-12 14:00:00,kWh,191.36657383041677,baseline,hvac_dr_ee
CAMX,2023-07-12 15:00:00,kWh,199.43889599687935,baseline,hvac_dr_ee
CAMX,2023-07-12 16:00:00,kWh,161.12397366022225,baseline,hvac_dr_ee
CAMX,2023-07-12 17:00:00,kWh,132.3562066084097,baseline,hvac_dr_ee
CAMX,2023-07-12 18:00:00,kWh,130.73557205076352,baseline,hvac_dr_ee
CAMX,2023-07-12 19:00:00,kWh,123.96438819222624,baseline,hvac_dr_ee
CAMX,2023-07-12 20:00:00,kWh,121.30183339491975,baseline,hvac_dr_ee
CAMX,2023-07-12 21:00:00,kWh,103.37222199974025,baseline,hvac_dr_ee
CAMX,2023-07-12 22:00:00,kWh,98.66920320743516,baseline,hvac_dr_ee
CAMX,2023-07-12 23:00:00,kWh,89.77028463558285,baseline,hvac_dr_ee
CAMX,2023-07-13 00:00:00,kWh,97.87579515104716,baseline,hvac_dr_ee
CAMX,2023-07-13 01:00:00,kWh,97.33337912623882,baseline,hvac_dr_ee
CAMX,2023-07-13 02:00:00,kWh,88.98364299587736,baseline,hvac_dr_ee
CAMX,2023-07-13 03:00:00,kWh,96.85725698146913,baseline,hvac_dr_ee
CAMX,2023-07-13 04:00:00,kWh,102.88692567073325,baseline,hvac_dr_ee
CAMX,2023-07-13 05:00:00,kWh,123.91444899712671,baseline,hvac_dr_ee
CAMX,2023-07-13 06:00:00,kWh,153.36366643224864,baseline,hvac_dr_ee
CAMX,2023-07-13 07:00:00,kWh,183.9634467666835,baseline,hvac_dr_ee
CAMX,2023-07-13 08:00:00,kWh,188.67037359463967,baseline,hvac_dr_ee
CAMX,2023-07-13 09:00:00,kWh,196.56689176146566,baseline,hvac_dr_ee
CAMX,2023-07-13 10:00:00,kWh,203.3601049304544,baseline,hvac_dr_ee
CAMX,2023-07-13 11:00:00,kWh,194.60585074716792,baseline,hvac_dr_ee
CAMX,2023-07-13 12:00:00,kWh,203.76948004044556,baseline,hvac_dr_ee
CAMX,2023-07-13 13:00:00,kWh,205.8046887709828,baseline,hvac_dr_ee
CAMX,2023-07-13 14:00:00,kWh,216.70273112075589,baseline,hvac_dr_ee
CAMX,2023-07-13 15:00:00,kWh,227.5670691825287,baseline,hvac_dr_ee
CAMX,2023-07-13 16:00:00,kWh,184.2488611099232,baseline,hvac_dr_ee
CAMX,2023-07-13 17:00:00,kWh,147.83541116966234,baseline,hvac_dr_ee
CAMX,2023-07-13 18:00:00,kWh,134.9838660735242,baseline,hvac_dr_ee
CAMX,2023-07-13 19:00:00,kWh,128.1195939749395,baseline,hvac_dr_ee
CAMX,2023-07-13 20:00:00,kWh,124.7096777225257,baseline,hvac_dr_ee
CAMX,2023-07-13 21:00:00,kWh,107.46542425256318,baseline,hvac_dr_ee
CAMX,2023-07-13 22:00:00,kWh,101.7979841913363,baseline,hvac_dr_ee
CAMX,2023-07-13 23:00:00,kWh,93.18824789166209,baseline,hvac_dr_ee
CAMX,2023-07-14 00:00:00,kWh,101.09771632811751,baseline,hvac_dr_ee
CAMX,2023-07-14 01:00:00,kWh,98.58777392813165,baseline,hvac_dr_ee
CAMX,2023-07-14 02:00:00,kWh,91.1381373956848,baseline,hvac_dr_ee
CAMX,2023-07-14 03:00:00,kWh,96.9581175555264,baseline,hvac_dr_ee
CAMX,2023-07-14 04:00:00,kWh,104.66094627616204,baseline,hvac_dr_ee
CAMX,2023-07-14 05:00:00,kWh,124.15748674353031,baseline,hvac_dr_ee
CAMX,2023-07-14 06:00:00,kWh,153.48076297458826,baseline,hvac_dr_ee
CAMX,2023-07-14 07:00:00,kWh,189.08813904860102,baseline,hvac_dr_ee
CAMX,2023-07-14 08:00:00,kWh,187.1255206278114,baseline,hvac_dr_ee
CAMX,2023-07-14 09:00:00,kWh,193.92731059134405,baseline,hvac_dr_ee
CAMX,2023-07-14 10:00:00,kWh,208.2777249378524,baseline,hvac_dr_ee
CAMX,2023-07-14 11:00:00,kWh,207.8356116894775,baseline,hvac_dr_ee
CAMX,2023-07-14 12:00:00,kWh,283.02758597398076,baseline,hvac_dr_ee
CAMX,2023-07-14 13:00:00,kWh,321.0011704933116,baseline,hvac_dr_ee
CAMX,2023-07-14 14:00:00,kWh,326.2175279712376,baseline,hvac_dr_ee
CAMX,2023-07-14 15:00:00,kWh,332.5944286374473,baseline,hvac_dr_ee
CAMX,2023-07-14 16:00:00,kWh,284.22785331759087,baseline,hvac_dr_ee
CAMX,2023-07-14 17:00:00,kWh,167.89649847952325,baseline,hvac_dr_ee
CAMX,2023-07-14 18:00:00,kWh,153.46593666612173,baseline,hvac_dr_ee
CAMX,2023-07-14 19:00:00,kWh,138.37861879685926,baseline,hvac_dr_ee
CAMX,2023-07-14 20:00:00,kWh,127.20713180773285,baseline,hvac_dr_ee
CAMX,2023-07-14 21:00:00,kWh,109.30451346291647,baseline,hvac_dr_ee
CAMX,2023-07-14 22:00:00,kWh,103.74944017687095,baseline,hvac_dr_ee
CAMX,2023-07-14 23:00:00,kWh,94.39180818810289,baseline,hvac_dr_ee
CAMX,2023-07-15 00:00:00,kWh,98.9143173363914,baseline,hvac_dr_ee
CAMX,2023-07-15 01:00:00,kWh,94.98414542103251,baseline,hvac_dr_ee
CAMX,2023-07-15 02:00:00,kWh,87.23432970281117,baseline,hvac_dr_ee
CAMX,2023-07-15 03:00:00,kWh,94.33905523301839,baseline,hvac_dr_ee
CAMX,2023-07-15 04:00:00,kWh,96.75715232687018,baseline,hvac_dr_ee
CAMX,2023-07-15 05:00:00,kWh,116.45801947447501,baseline,hvac_dr_ee
CAMX,2023-07-15 06:00:00,kWh,119.24440971801641,baseline,hvac_dr_ee
CAMX,2023-07-15 07:00:00,kWh,133.5774188126211,baseline,hvac_dr_ee
CAMX,2023-07-15 08:00:00,kWh,141.92775738163803,baseline,hvac_dr_ee
CAMX,2023-07-15 09:00:00,kWh,143.9902387733344,baseline,hvac_dr_ee
CAMX,2023-07-15 10:00:00,kWh,146.84348055138852,baseline,hvac_dr_ee
CAMX,2023-07-15 11:00:00,kWh,133.56985353939606,baseline,hvac_dr_ee
CAMX,2023-07-15 12:00:00,kWh,129.88116594367736,baseline,hvac_dr_ee
CAMX,2023-07-15 13:00:00,kWh,128.46394868660295,baseline,hvac_dr_ee
CAMX,2023-07-15 14:00:00,kWh,130.8213405572925,baseline,hvac_dr_ee
CAMX,2023-07-15 15:00:00,kWh,131.50515563177106,baseline,hvac_dr_ee
CAMX,2023-07-15 16:00:00,kWh,130.9100769906093,baseline,hvac_dr_ee
CAMX,2023-07-15 17:00:00,kWh,116.04335448730833,baseline,hvac_dr_ee
CAMX,2023-07-15 18:00:00,kWh,111.11451782425664,baseline,hvac_dr_ee
CAMX,2023-07-15 19:00:00,kWh,94.1362070309557,baseline,hvac_dr_ee
CAMX,2023-07-15 20:00:00,kWh,102.08028952616135,baseline,hvac_dr_ee
CAMX,2023-07-15 21:00:00,kWh,97.3063533810591,baseline,hvac_dr_ee
CAMX,2023-07-15 22:00:00,kWh,89.57466877656678,baseline,hvac_dr_ee
CAMX,2023-07-15 23:00:00,kWh,96.82997983699086,baseline,hvac_dr_ee
CAMX,2023-07-16 00:00:00,kWh,95.13378413134986,baseline,hvac_dr_ee
CAMX,2023-07-16 01:00:00,kWh,83.68304231698082,baseline,hvac_dr_ee
CAMX,2023-07-16 02:00:00,kWh,92.09071924226382,baseline,hvac_dr_ee
CAMX,2023-07-16 03:00:00,kWh,90.91731414727592,baseline,hvac_dr_ee
CAMX,2023-07-16 04:00:00,kWh,82.55209846272346,baseline,hvac_dr_ee
CAMX,2023-07-16 05:00:00,kWh,91.36519936917304,baseline,hvac_dr_ee
CAMX,2023-07-16 06:00:00,kWh,94.23156808279096,baseline,hvac_dr_ee
CAMX,2023-07-16 07:00:00,kWh,88.0801470390908,baseline,hvac_dr_ee
CAMX,2023-07-16 08:00:00,kWh,101.79698329127017,baseline,hvac_dr_ee
CAMX,2023-07-16 09:00:00,kWh,103.7273531134427,baseline,hvac_dr_ee
CAMX,2023-07-16 10:00:00,kWh,94.37747235471723,baseline,hvac_dr_ee
CAMX,2023-07-16 11:00:00,kWh,108.08333226518515,baseline,hvac_dr_ee
CAMX,2023-07-16 12:00:00,kWh,104.92277608759716,baseline,hvac_dr_ee
CAMX,2023-07-16 13:00:00,kWh,97.76769213202243,baseline,hvac_dr_ee
CAMX,2023-07-16 14:00:00,kWh,111.13188885525238,baseline,hvac_dr_ee
CAMX,2023-07-16 15:00:00,kWh,106.82027757962683,baseline,hvac_dr_ee
CAMX,2023-07-16 16:00:00,kWh,95.67499479412119,baseline,hvac_dr_ee
CAMX,2023-07-16 17:00:00,kWh,104.35973409177399,baseline,hvac_dr_ee
CAMX,2023-07-16 18:00:00,kWh,102.1395398205047,baseline,hvac_dr_ee
CAMX,2023-07-16 19:00:00,kWh,89.75339548506176,baseline,hvac_dr_ee
CAMX,2023-07-16 20:00:00,kWh,98.24945957161482,baseline,hvac_dr_ee
CAMX,2023-07-16 21:00:00,kWh,93.26062990253652,baseline,hvac_dr_ee
CAMX,2023-07-16 22:00:00,kWh,84.79531906922469,baseline,hvac_dr_ee
CAMX,2023-07-16 23:00:00,kWh,94.41411743305308,baseline,hvac_dr_ee
CAMX,2023-07-17 00:00:00,kWh,94.39353550309161,baseline,hvac_dr_ee
CAMX,2023-07-17 01:00:00,kWh,85.10991024812103,baseline,hvac_dr_ee
CAMX,2023-07-17 02:00:00,kWh,92.45924126429271,baseline,hvac_dr_ee
CAMX,2023-07-17 03:00:00,kWh,90.83664652787884,baseline,hvac_dr_ee
CAMX,2023-07-17 04:00:00,kWh,85.86669324980548,baseline,hvac_dr_ee
CAMX,2023-07-17 05:00:00,kWh,124.55398707313222,baseline,hvac_dr_ee
CAMX,2023-07-17 06:00:00,kWh,152.8307094101827,baseline,hvac_dr_ee
CAMX,2023-07-17 07:00:00,kWh,183.73794542456847,baseline,hvac_dr_ee
CAMX,2023-07-17 08:00:00,kWh,186.29904178370464,baseline,hvac_dr_ee
CAMX,2023-07-17 09:00:00,kWh,193.93691509094356,baseline,hvac_dr_ee
CAMX,2023-07-17 10:00:00,kWh,199.23781843948854,baseline,hvac_dr_ee
CAMX,2023-07-17 11:00:00,kWh,196.3872588053085,baseline,hvac_dr_ee
CAMX,2023-07-17 12:00:00,kWh,204.90699809819816,baseline,hvac_dr_ee
CAMX,2023-07-17 13:00:00,kWh,205.08591834782007,baseline,hvac_dr_ee
CAMX,2023-07-17 14:00:00,kWh,212.71677986663713,baseline,hvac_dr_ee
CAMX,2023-07-17 15:00:00,kWh,224.62598467228577,baseline,hvac_dr_ee
CAMX,2023-07-17 16:00:00,kWh,180.28096889583207,baseline,hvac_dr_ee
CAMX,2023-07-17 17:00:00,kWh,148.73764202171148,baseline,hvac_dr_ee
CAMX,2023-07-17 18:00:00,kWh,139.0965895730047,baseline,hvac_dr_ee
CAMX,2023-07-17 19:00:00,kWh,125.88050226270371,baseline,hvac_dr_ee
CAMX,2023-07-17 20:00:00,kWh,121.87098953336154,baseline,hvac_dr_ee
CAMX,2023-07-17 21:00:00,kWh,105.86281575616995,baseline,hvac_dr_ee
CAMX,2023-07-17 22:00:00,kWh,100.18991669108274,baseline,hvac_dr_ee
CAMX,2023-07-17 23:00:00,kWh,92.29903978223807,baseline,hvac_dr_ee
CAMX,2023-07-18 00:00:00,kWh,98.61753068536159,baseline,hvac_dr_ee
CAMX,2023-07-18 01:00:00,kWh,98.95864652999506,baseline,hvac_dr_ee
CAMX,2023-07-18 02:00:00,kWh,89.57974948538751,baseline,hvac_dr_ee
CAMX,2023-07-18 03:00:00,kWh,96.6597749002855,baseline,hvac_dr_ee
CAMX,2023-07-18 04:00:00,kWh,102.28771544133475,baseline,hvac_dr_ee
CAMX,2023-07-18 05:00:00,kWh,123.86453404950228,baseline,hvac_dr_ee
CAMX,2023-07-18 06:00:00,kWh,152.8140220443025,baseline,hvac_dr_ee
CAMX,2023-07-18 07:00:00,kWh,185.50357001401846,baseline,hvac_dr_ee
CAMX,2023-07-18 08:00:00,kWh,185.90115406793063,baseline,hvac_dr_ee
CAMX,2023-07-18 09:00:00,kWh,193.7099118619682,baseline,hvac_dr_ee
CAMX,2023-07-18 10:00:00,kWh,203.35184892213113,baseline,hvac_dr_ee
CAMX,2023-07-18 11:00:00,kWh,197.02874402877293,baseline,hvac_dr_ee
CAMX,2023-07-18 12:00:00,kWh,208.37289076999306,baseline,hvac_dr_ee
CAMX,2023-07-18 13:00:00,kWh,211.14266589900782,baseline,hvac_dr_ee
CAMX,2023-07-18 14:00:00,kWh,218.73260722358356,baseline,hvac_dr_ee
CAMX,2023-07-18 15:00:00,kWh,229.5718772096696,baseline,hvac_dr_ee
CAMX,2023-07-18 16:00:00,kWh,188.25782424373853,baseline,hvac_dr_ee
CAMX,2023-07-18 17:00:00,kWh,153.5812605693312,baseline,hvac_dr_ee
CAMX,2023-07-18 18:00:00,kWh,141.5150061434439,baseline,hvac_dr_ee
CAMX,2023-07-18 19:00:00,kWh,128.89518889868813,baseline,hvac_dr_ee
CAMX,2023-07-18 20:00:00,kWh,125.22653160155518,baseline,hvac_dr_ee
CAMX,2023-07-18 21:00:00,kWh,108.26298868683352,baseline,hvac_dr_ee
CAMX,2023-07-18 22:00:00,kWh,101.7397668246163,baseline,hvac_dr_ee
CAMX,2023-07-18 23:00:00,kWh,93.48315237481931,baseline,hvac_dr_ee
CAMX,2023-07-19 00:00:00,kWh,101.24180157900429,baseline,hvac_dr_ee
CAMX,2023-07-19 01:00:00,kWh,97.8435676211366,baseline,hvac_dr_ee
CAMX,2023-07-19 02:00:00,kWh,92.57986247852705,baseline,hvac_dr_ee
CAMX,2023-07-19 03:00:00,kWh,97.02790722119451,baseline,hvac_dr_ee
CAMX,2023-07-19 04:00:00,kWh,103.44337791963252,baseline,hvac_dr_ee
CAMX,2023-07-19 05:00:00,kWh,123.5512456020101,baseline,hvac_dr_ee
CAMX,2023-07-19 06:00:00,kWh,152.78479116174265,baseline,hvac_dr_ee
CAMX,2023-07-19 07:00:00,kWh,191.66396179742475,baseline,hvac_dr_ee
CAMX,2023-07-19 08:00:00,kWh,197.0286685443901,baseline,hvac_dr_ee
CAMX,2023-07-19 09:00:00,kWh,202.14175967892794,baseline,hvac_dr_ee
CAMX,2023-07-19 10:00:00,kWh,208.6976559982752,baseline,hvac_dr_ee
CAMX,2023-07-19 11:00:00,kWh,200.3008996608187,baseline,hvac_dr_ee
CAMX,2023-07-19 12:00:00,kWh,211.45624294215253,baseline,hvac_dr_ee
CAMX,2023-07-19 13:00:00,kWh,215.391287346492,baseline,hvac_dr_ee
CAMX,2023-07-19 14:00:00,kWh,227.5029780667927,baseline,hvac_dr_ee
CAMX,2023-07-19 15:00:00,kWh,238.57819816349456,baseline,hvac_dr_ee
CAMX,2023-07-19 16:00:00,kWh,189.35875691046513,baseline,hvac_dr_ee
CAMX,2023-07-19 17:00:00,kWh,152.73801049082982,baseline,hvac_dr_ee
CAMX,2023-07-19 18:00:00,kWh,144.43467619761114,baseline,hvac_dr_ee
CAMX,2023-07-19 19:00:00,kWh,129.86455934222542,baseline,hvac_dr_ee
CAMX,2023-07-19 20:00:00,kWh,124.10550447102258,baseline,hvac_dr_ee
CAMX,2023-07-19 21:00:00,kWh,109.09964243298175,baseline,hvac_dr_ee
CAMX,2023-07-19 22:00:00,kWh,102.80943132230513,baseline,hvac_dr_ee
CAMX,2023-07-19 23:00:00,kWh,93.9104384626293,baseline,hvac_dr_ee
CAMX,2023-07-20 00:00:00,kWh,102.10506929659226,baseline,hvac_dr_ee
CAMX,2023-07-20 01:00:00,kWh,98.75431019700609,baseline,hvac_dr_ee
CAMX,2023-07-20 02:00:00,kWh,91.80030891973168,baseline,hvac_dr_ee
CAMX,2023-07-20 03:00:00,kWh,97.60886491646157,baseline,hvac_dr_ee
CAMX,2023-07-20 04:00:00,kWh,105.76998275005522,baseline,hvac_dr_ee
CAMX,2023-07-20 05:00:00,kWh,123.66214174964608,baseline,hvac_dr_ee
CAMX,2023-07-20 06:00:00,kWh,150.6269362271109,baseline,hvac_dr_ee
CAMX,2023-07-20 07:00:00,kWh,189.99919197359793,baseline,hvac_dr_ee
CAMX,2023-07-20 08:00:00,kWh,198.30386486408275,baseline,hvac_dr_ee
CAMX,2023-07-20 09:00:00,kWh,205.83639944489516,baseline,hvac_dr_ee
CAMX,2023-07-20 10:00:00,kWh,211.90960076673292,baseline,hvac_dr_ee
CAMX,2023-07-20 11:00:00,kWh,203.52587498711353,baseline,hvac_dr_ee
CAMX,2023-07-20 12:00:00,kWh,214.9561612048806,baseline,hvac_dr_ee
CAMX,2023-07-20 13:00:00,kWh,216.46819045854585,baseline,hvac_dr_ee
CAMX,2023-07-20 14:00:00,kWh,224.2729800907005,baseline,hvac_dr_ee
CAMX,2023-07-20 15:00:00,kWh,230.83009159823638,baseline,hvac_dr_ee
CAMX,2023-07-20 16:00:00,kWh,179.7491011663307,baseline,hvac_dr_ee
CAMX,2023-07-20 17:00:00,kWh,152.4617940064151,baseline,hvac_dr_ee
CAMX,2023-07-20 18:00:00,kWh,145.4175258019328,baseline,hvac_dr_ee
CAMX,2023-07-20 19:00:00,kWh,130.28145004200482,baseline,hvac_dr_ee
CAMX,2023-07-20 20:00:00,kWh,124.04849550846595,baseline,hvac_dr_ee
CAMX,2023-07-20 21:00:00,kWh,109.41990340225726,baseline,hvac_dr_ee
CAMX,2023-07-20 22:00:00,kWh,102.65823545517198,baseline,hvac_dr_ee
CAMX,2023-07-20 23:00:00,kWh,94.51152758109757,baseline,hvac_dr_ee
CAMX,2023-07-21 00:00:00,kWh,103.20393453030994,baseline,hvac_dr_ee
CAMX,2023-07-21 01:00:00,kWh,99.17963234935905,baseline,hvac_dr_ee
CAMX,2023-07-21 02:00:00,kWh,93.23725428280929,baseline,hvac_dr_ee
CAMX,2023-07-21 03:00:00,kWh,98.57971069980678,baseline,hvac_dr_ee
CAMX,2023-07-21 04:00:00,kWh,106.25732705823563,baseline,hvac_dr_ee
CAMX,2023-07-21 05:00:00,kWh,124.14492844018343,baseline,hvac_dr_ee
CAMX,2023-07-21 06:00:00,kWh,153.22234211109014,baseline,hvac_dr_ee
CAMX,2023-07-21 07:00:00,kWh,187.9146392643264,baseline,hvac_dr_ee
CAMX,2023-07-21 08:00:00,kWh,196.24422826215016,baseline,hvac_dr_ee
CAMX,2023-07-21 09:00:00,kWh,199.649812480167,baseline,hvac_dr_ee
CAMX,2023-07-21 10:00:00,kWh,207.91222094622873,baseline,hvac_dr_ee
CAMX,2023-07-21 11:00:00,kWh,201.59297197810736,baseline,hvac_dr_ee
CAMX,2023-07-21 12:00:00,kWh,211.36348208252204,baseline,hvac_dr_ee
CAMX,2023-07-21 13:00:00,kWh,212.6340360081185,baseline,hvac_dr_ee
CAMX,2023-07-21 14:00:00,kWh,222.058000488301,baseline,hvac_dr_ee
CAMX,2023-07-21 15:00:00,kWh,231.42267357261346,baseline,hvac_dr_ee
CAMX,2023-07-21 16:00:00,kWh,188.4888008813687,baseline,hvac_dr_ee
CAMX,2023-07-21 17:00:00,kWh,148.09089101064365,baseline,hvac_dr_ee
CAMX,2023-07-21 18:00:00,kWh,141.97733516804868,baseline,hvac_dr_ee
CAMX,2023-07-21 19:00:00,kWh,129.4449244033819,baseline,hvac_dr_ee
CAMX,2023-07-21 20:00:00,kWh,123.4355865472447,baseline,hvac_dr_ee
CAMX,2023-07-21 21:00:00,kWh,109.12035251348968,baseline,hvac_dr_ee
CAMX,2023-07-21 22:00:00,kWh,102.85635352377246,baseline,hvac_dr_ee
CAMX,2023-07-21 23:00:00,kWh,94.67430463982612,baseline,hvac_dr_ee
CAMX,2023-07-22 00:00:00,kWh,98.11832601551816,baseline,hvac_dr_ee
CAMX,2023-07-22 01:00:00,kWh,95.0469250917506,baseline,hvac_dr_ee
CAMX,2023-07-22 02:00:00,kWh,86.72006195570832,baseline,hvac_dr_ee
CAMX,2023-07-22 03:00:00,kWh,94.79201187116489,baseline,hvac_dr_ee
CAMX,2023-07-22 04:00:00,kWh,96.48548596222673,baseline,hvac_dr_ee
CAMX,2023-07-22 05:00:00,kWh,116.98919406913905,baseline,hvac_dr_ee
CAMX,2023-07-22 06:00:00,kWh,123.24124298415941,baseline,hvac_dr_ee
CAMX,2023-07-22 07:00:00,kWh,132.8829037824497,baseline,hvac_dr_ee
CAMX,2023-07-22 08:00:00,kWh,142.06506270382172,baseline,hvac_dr_ee
CAMX,2023-07-22 09:00:00,kWh,145.8863011948677,baseline,hvac_dr_ee
CAMX,2023-07-22 10:00:00,kWh,149.13139361645653,baseline,hvac_dr_ee
CAMX,2023-07-22 11:00:00,kWh,135.60507865037454,baseline,hvac_dr_ee
CAMX,2023-07-22 12:00:00,kWh,132.2792984368797,baseline,hvac_dr_ee
CAMX,2023-07-22 13:00:00,kWh,132.48548166452068,baseline,hvac_dr_ee
CAMX,2023-07-22 14:00:00,kWh,135.10448978242982,baseline,hvac_dr_ee
CAMX,2023-07-22 15:00:00,kWh,137.17518319191217,baseline,hvac_dr_ee
CAMX,2023-07-22 16:00:00,kWh,131.53488592747578,baseline,hvac_dr_ee
CAMX,2023-07-22 17:00:00,kWh,113.93618387506845,baseline,hvac_dr_ee
CAMX,2023-07-22 18:00:00,kWh,109.33447365587236,baseline,hvac_dr_ee
CAMX,2023-07-22 19:00:00,kWh,94.53740790346292,baseline,hvac_dr_ee
CAMX,2023-07-22 20:00:00,kWh,100.96400783575314,baseline,hvac_dr_ee
CAMX,2023-07-22 21:00:00,kWh,97.41341859817341,baseline,hvac_dr_ee
CAMX,2023-07-22 22:00:00,kWh,89.88165963708227,baseline,hvac_dr_ee
CAMX,2023-07-22 23:00:00,kWh,96.0075617718344,baseline,hvac_dr_ee
CAMX,2023-07-23 00:00:00,kWh,94.91848580085613,baseline,hvac_dr_ee
CAMX,2023-07-23 01:00:00,kWh,82.79403405367515,baseline,hvac_dr_ee
CAMX,2023-07-23 02:00:00,kWh,90.72105443454473,baseline,hvac_dr_ee
CAMX,2023-07-23 03:00:00,kWh,91.90270565826984,baseline,hvac_dr_ee
CAMX,2023-07-23 04:00:00,kWh,80.25303852033845,baseline,hvac_dr_ee
CAMX,2023-07-23 05:00:00,kWh,89.18252306025354,baseline,hvac_dr_ee
CAMX,2023-07-23 06:00:00,kWh,94.33630979669447,baseline,hvac_dr_ee
CAMX,2023-07-23 07:00:00,kWh,90.16026532652053,baseline,hvac_dr_ee
CAMX,2023-07-23 08:00:00,kWh,105.06369746015964,baseline,hvac_dr_ee
CAMX,2023-07-23 09:00:00,kWh,105.08364235295971,baseline,hvac_dr_ee
CAMX,2023-07-23 10:00:00,kWh,96.49135633490995,baseline,hvac_dr_ee
CAMX,2023-07-23 11:00:00,kWh,106.77502890088641,baseline,hvac_dr_ee
CAMX,2023-07-23 12:00:00,kWh,102.46510718865099,baseline,hvac_dr_ee
CAMX,2023-07-23 13:00:00,kWh,95.59382392940039,baseline,hvac_dr_ee
CAMX,2023-07-23 14:00:00,kWh,111.47762449430978,baseline,hvac_dr_ee
CAMX,2023-07-23 15:00:00,kWh,113.71695312681766,baseline,hvac_dr_ee
CAMX,2023-07-23 16:00:00,kWh,103.1112437479268,baseline,hvac_dr_ee
CAMX,2023-07-23 17:00:00,kWh,115.8219898750582,baseline,hvac_dr_ee
CAMX,2023-07-23 18:00:00,kWh,108.63352518911799,baseline,hvac_dr_ee
CAMX,2023-07-23 19:00:00,kWh,94.93874343922204,baseline,hvac_dr_ee
CAMX,2023-07-23 20:00:00,kWh,102.40935933724032,baseline,hvac_dr_ee
CAMX,2023-07-23 21:00:00,kWh,98.55242571308983,baseline,hvac_dr_ee
CAMX,2023-07-23 22:00:00,kWh,88.29182932318955,baseline,hvac_dr_ee
CAMX,2023-07-23 23:00:00,kWh,98.50267769965271,baseline,hvac_dr_ee
CAMX,2023-07-24 00:00:00,kWh,98.46170624941854,baseline,hvac_dr_ee
CAMX,2023-07-24 01:00:00,kWh,87.9619878705699,baseline,hvac_dr_ee
CAMX,2023-07-24 02:00:00,kWh,97.73288955950538,baseline,hvac_dr_ee
CAMX,2023-07-24 03:00:00,kWh,94.13761068593001,baseline,hvac_dr_ee
CAMX,2023-07-24 04:00:00,kWh,94.86288906120538,baseline,hvac_dr_ee
CAMX,2023-07-24 05:00:00,kWh,123.44590819493688,baseline,hvac_dr_ee
CAMX,2023-07-24 06:00:00,kWh,148.62180387295075,baseline,hvac_dr_ee
CAMX,2023-07-24 07:00:00,kWh,180.59675041313406,baseline,hvac_dr_ee
CAMX,2023-07-24 08:00:00,kWh,184.1942379226362,baseline,hvac_dr_ee
CAMX,2023-07-24 09:00:00,kWh,190.99030832469003,baseline,hvac_dr_ee
CAMX,2023-07-24 10:00:00,kWh,198.73622391308902,baseline,hvac_dr_ee
CAMX,2023-07-24 11:00:00,kWh,196.31020400620272,baseline,hvac_dr_ee
CAMX,2023-07-24 12:00:00,kWh,207.96226627620257,baseline,hvac_dr_ee
CAMX,2023-07-24 13:00:00,kWh,211.82032845671154,baseline,hvac_dr_ee
CAMX,2023-07-24 14:00:00,kWh,225.44370442632817,baseline,hvac_dr_ee
CAMX,2023-07-24 15:00:00,kWh,272.192450492954,baseline,hvac_dr_ee
CAMX,2023-07-24 16:00:00,kWh,306.7535646914107,baseline,hvac_dr_ee
CAMX,2023-07-24 17:00:00,kWh,278.27335081868625,baseline,hvac_dr_ee
CAMX,2023-07-24 18:00:00,kWh,272.9195511033902,baseline,hvac_dr_ee
CAMX,2023-07-24 19:00:00,kWh,154.2262275175268,baseline,hvac_dr_ee
CAMX,2023-07-24 20:00:00,kWh,126.45146201010533,baseline,hvac_dr_ee
CAMX,2023-07-24 21:00:00,kWh,109.59280204166079,baseline,hvac_dr_ee
CAMX,2023-07-24 22:00:00,kWh,104.0834499566841,baseline,hvac_dr_ee
CAMX,2023-07-24 23:00:00,kWh,95.21015029128304,baseline,hvac_dr_ee
CAMX,2023-07-25 00:00:00,kWh,105.77253735023018,baseline,hvac_dr_ee
CAMX,2023-07-25 01:00:00,kWh,100.64392726038052,baseline,hvac_dr_ee
CAMX,2023-07-25 02:00:00,kWh,93.69578132677597,baseline,hvac_dr_ee
CAMX,2023-07-25 03:00:00,kWh,100.6053335857037,baseline,hvac_dr_ee
CAMX,2023-07-25 04:00:00,kWh,104.00426668304459,baseline,hvac_dr_ee
CAMX,2023-07-25 05:00:00,kWh,123.43548891101952,baseline,hvac_dr_ee
CAMX,2023-07-25 06:00:00,kWh,150.17606180049927,baseline,hvac_dr_ee
CAMX,2023-07-25 07:00:00,kWh,187.3818974686796,baseline,hvac_dr_ee
CAMX,2023-07-25 08:00:00,kWh,194.5065095356679,baseline,hvac_dr_ee
CAMX,2023-07-25 09:00:00,kWh,200.25291635165397,baseline,hvac_dr_ee
CAMX,2023-07-25 10:00:00,kWh,212.87475771865815,baseline,hvac_dr_ee
CAMX,2023-07-25 11:00:00,kWh,202.63756277081924,baseline,hvac_dr_ee
CAMX,2023-07-25 12:00:00,kWh,215.44011902442008,baseline,hvac_dr_ee
CAMX,2023-07-25 13:00:00,kWh,220.82258386692916,baseline,hvac_dr_ee
CAMX,2023-07-25 14:00:00,kWh,231.10813172292671,baseline,hvac_dr_ee
CAMX,2023-07-25 15:00:00,kWh,293.39978025583184,baseline,hvac_dr_ee
CAMX,2023-07-25 16:00:00,kWh,306.84257380726217,baseline,hvac_dr_ee
CAMX,2023-07-25 17:00:00,kWh,278.44780307371076,baseline,hvac_dr_ee
CAMX,2023-07-25 18:00:00,kWh,273.0552973076776,baseline,hvac_dr_ee
CAMX,2023-07-25 19:00:00,kWh,179.53565550219258,baseline,hvac_dr_ee
CAMX,2023-07-25 20:00:00,kWh,129.6864779386522,baseline,hvac_dr_ee
CAMX,2023-07-25 21:00:00,kWh,112.42573918506993,baseline,hvac_dr_ee
CAMX,2023-07-25 22:00:00,kWh,105.47334506976333,baseline,hvac_dr_ee
CAMX,2023-07-25 23:00:00,kWh,96.38281634431884,baseline,hvac_dr_ee
CAMX,2023-07-26 00:00:00,kWh,107.29184574781156,baseline,hvac_dr_ee
CAMX,2023-07-26 01:00:00,kWh,101.12479181657879,baseline,hvac_dr_ee
CAMX,2023-07-26 02:00:00,kWh,94.88643151215166,baseline,hvac_dr_ee
CAMX,2023-07-26 03:00:00,kWh,102.2529366312252,baseline,hvac_dr_ee
CAMX,2023-07-26 04:00:00,kWh,105.41439716561496,baseline,hvac_dr_ee
CAMX,2023-07-26 05:00:00,kWh,123.65870374619226,baseline,hvac_dr_ee
CAMX,2023-07-26 06:00:00,kWh,150.7705684390358,baseline,hvac_dr_ee
CAMX,2023-07-26 07:00:00,kWh,193.51166002246475,baseline,hvac_dr_ee
CAMX,2023-07-26 08:00:00,kWh,202.30580110156097,baseline,hvac_dr_ee
CAMX,2023-07-26 09:00:00,kWh,211.06907857185172,baseline,hvac_dr_ee
CAMX,2023-07-26 10:00:00,kWh,219.0634938156832,baseline,hvac_dr_ee
CAMX,2023-07-26 11:00:00,kWh,213.5474421049708,baseline,hvac_dr_ee
CAMX,2023-07-26 12:00:00,kWh,219.4365431651349,baseline,hvac_dr_ee
CAMX,2023-07-26 13:00:00,kWh,221.66346164007575,baseline,hvac_dr_ee
CAMX,2023-07-26 14:00:00,kWh,230.24824474877437,baseline,hvac_dr_ee
CAMX,2023-07-26 15:00:00,kWh,239.56637538716274,baseline,hvac_dr_ee
CAMX,2023-07-26 16:00:00,kWh,195.41483210852567,baseline,hvac_dr_ee
CAMX,2023-07-26 17:00:00,kWh,156.78385405992572,baseline,hvac_dr_ee
CAMX,2023-07-26 18:00:00,kWh,138.79908292577,baseline,hvac_dr_ee
CAMX,2023-07-26 19:00:00,kWh,131.343477502308,baseline,hvac_dr_ee
CAMX,2023-07-26 20:00:00,kWh,127.03987517191716,baseline,hvac_dr_ee
CAMX,2023-07-26 21:00:00,kWh,111.79442572894474,baseline,hvac_dr_ee
CAMX,2023-07-26 22:00:00,kWh,105.89028036133652,baseline,hvac_dr_ee
CAMX,2023-07-26 23:00:00,kWh,96.5933459017855,baseline,hvac_dr_ee
CAMX,2023-07-27 00:00:00,kWh,107.30621590430418,baseline,hvac_dr_ee
CAMX,2023-07-27 01:00:00,kWh,102.30328117995715,baseline,hvac_dr_ee
CAMX,2023-07-27 02:00:00,kWh,94.31149001786792,baseline,hvac_dr_ee
CAMX,2023-07-27 03:00:00,kWh,103.08777324731412,baseline,hvac_dr_ee
CAMX,2023-07-27 04:00:00,kWh,106.32163160923008,baseline,hvac_dr_ee
CAMX,2023-07-27 05:00:00,kWh,124.2684946652111,baseline,hvac_dr_ee
CAMX,2023-07-27 06:00:00,kWh,155.78704010894558,baseline,hvac_dr_ee
CAMX,2023-07-27 07:00:00,kWh,202.68553620451792,baseline,hvac_dr_ee
CAMX,2023-07-27 08:00:00,kWh,208.51233166010087,baseline,hvac_dr_ee
CAMX,2023-07-27 09:00:00,kWh,253.24500753744218,baseline,hvac_dr_ee
CAMX,2023-07-27 10:00:00,kWh,260.71877599979473,baseline,hvac_dr_ee
CAMX,2023-07-27 11:00:00,kWh,215.1964271538186,baseline,hvac_dr_ee
CAMX,2023-07-27 12:00:00,kWh,229.56338033345338,baseline,hvac_dr_ee
CAMX,2023-07-27 13:00:00,kWh,228.9587149772011,baseline,hvac_dr_ee
CAMX,2023-07-27 14:00:00,kWh,233.02882633289073,baseline,hvac_dr_ee
CAMX,2023-07-27 15:00:00,kWh,242.20190295554124,baseline,hvac_dr_ee
CAMX,2023-07-27 16:00:00,kWh,198.45398742466836,baseline,hvac_dr_ee
CAMX,2023-07-27 17:00:00,kWh,163.61941425636303,baseline,hvac_dr_ee
CAMX,2023-07-27 18:00:00,kWh,152.07029303821088,baseline,hvac_dr_ee
CAMX,2023-07-27 19:00:00,kWh,134.91116816531655,baseline,hvac_dr_ee
CAMX,2023-07-27 20:00:00,kWh,127.54634679080786,baseline,hvac_dr_ee
CAMX,2023-07-27 21:00:00,kWh,111.19686766570422,baseline,hvac_dr_ee
CAMX,2023-07-27 22:00:00,kWh,104.50045780700725,baseline,hvac_dr_ee
CAMX,2023-07-27 23:00:00,kWh,96.03567195453645,baseline,hvac_dr_ee
CAMX,2023-07-28 00:00:00,kWh,106.58162367444032,baseline,hvac_dr_ee
CAMX,2023-07-28 01:00:00,kWh,100.83014801505793,baseline,hvac_dr_ee
CAMX,2023-07-28 02:00:00,kWh,94.54013465027725,baseline,hvac_dr_ee
CAMX,2023-07-28 03:00:00,kWh,101.84822429424604,baseline,hvac_dr_ee
CAMX,2023-07-28 04:00:00,kWh,105.6557390707706,baseline,hvac_dr_ee
CAMX,2023-07-28 05:00:00,kWh,124.19547145170505,baseline,hvac_dr_ee
CAMX,2023-07-28 06:00:00,kWh,157.0579146308657,baseline,hvac_dr_ee
CAMX,2023-07-28 07:00:00,kWh,202.37373258488847,baseline,hvac_dr_ee
CAMX,2023-07-28 08:00:00,kWh,206.80498071831278,baseline,hvac_dr_ee
CAMX,2023-07-28 09:00:00,kWh,215.4986341415972,baseline,hvac_dr_ee
CAMX,2023-07-28 10:00:00,kWh,258.5256529939723,baseline,hvac_dr_ee
CAMX,2023-07-28 11:00:00,kWh,211.2159067940913,baseline,hvac_dr_ee
CAMX,2023-07-28 12:00:00,kWh,259.8484128659986,baseline,hvac_dr_ee
CAMX,2023-07-28 13:00:00,kWh,323.67779161491364,baseline,hvac_dr_ee
CAMX,2023-07-28 14:00:00,kWh,326.37654812798854,baseline,hvac_dr_ee
CAMX,2023-07-28 15:00:00,kWh,331.4382939294986,baseline,hvac_dr_ee
CAMX,2023-07-28 16:00:00,kWh,305.93954488163314,baseline,hvac_dr_ee
CAMX,2023-07-28 17:00:00,kWh,275.6784160492516,baseline,hvac_dr_ee
CAMX,2023-07-28 18:00:00,kWh,262.9897979367871,baseline,hvac_dr_ee
CAMX,2023-07-28 19:00:00,kWh,145.89884690938496,baseline,hvac_dr_ee
CAMX,2023-07-28 20:00:00,kWh,133.80756662326695,baseline,hvac_dr_ee
CAMX,2023-07-28 21:00:00,kWh,115.48699052867477,baseline,hvac_dr_ee
CAMX,2023-07-28 22:00:00,kWh,107.74582205402841,baseline,hvac_dr_ee
CAMX,2023-07-28 23:00:00,kWh,97.88285677005865,baseline,hvac_dr_ee
CAMX,2023-07-29 00:00:00,kWh,104.50095387078667,baseline,hvac_dr_ee
CAMX,2023-07-29 01:00:00,kWh,98.21504890636282,baseline,hvac_dr_ee
CAMX,2023-07-29 02:00:00,kWh,91.2977951618884,baseline,hvac_dr_ee
CAMX,2023-07-29 03:00:00,kWh,98.19928311584209,baseline,hvac_dr_ee
CAMX,2023-07-29 04:00:00,kWh,97.91815136992031,baseline,hvac_dr_ee
CAMX,2023-07-29 05:00:00,kWh,116.85668387978703,baseline,hvac_dr_ee
CAMX,2023-07-29 06:00:00,kWh,121.55724756322347,baseline,hvac_dr_ee
CAMX,2023-07-29 07:00:00,kWh,134.16803508632356,baseline,hvac_dr_ee
CAMX,2023-07-29 08:00:00,kWh,146.08873411602923,baseline,hvac_dr_ee
CAMX,2023-07-29 09:00:00,kWh,153.27685685131797,baseline,hvac_dr_ee
CAMX,2023-07-29 10:00:00,kWh,159.81960553177595,baseline,hvac_dr_ee
CAMX,2023-07-29 11:00:00,kWh,147.28261713900008,baseline,hvac_dr_ee
CAMX,2023-07-29 12:00:00,kWh,142.6455691799149,baseline,hvac_dr_ee
CAMX,2023-07-29 13:00:00,kWh,142.33690576140438,baseline,hvac_dr_ee
CAMX,2023-07-29 14:00:00,kWh,147.1538471389399,baseline,hvac_dr_ee
CAMX,2023-07-29 15:00:00,kWh,152.20685504161975,baseline,hvac_dr_ee
CAMX,2023-07-29 16:00:00,kWh,141.25229284308054,baseline,hvac_dr_ee
CAMX,2023-07-29 17:00:00,kWh,120.36621741872843,baseline,hvac_dr_ee
CAMX,2023-07-29 18:00:00,kWh,114.76324628940262,baseline,hvac_dr_ee
CAMX,2023-07-29 19:00:00,kWh,96.25499925854965,baseline,hvac_dr_ee
CAMX,2023-07-29 20:00:00,kWh,102.81289007246471,baseline,hvac_dr_ee
CAMX,2023-07-29 21:00:00,kWh,98.6947430442363,baseline,hvac_dr_ee
CAMX,2023-07-29 22:00:00,kWh,90.13883504874548,baseline,hvac_dr_ee
CAMX,2023-07-29 23:00:00,kWh,99.36191926427824,baseline,hvac_dr_ee
CAMX,2023-07-30 00:00:00,kWh,97.70122996761228,baseline,hvac_dr_ee
CAMX,2023-07-30 01:00:00,kWh,87.62778757310458,baseline,hvac_dr_ee
CAMX,2023-07-30 02:00:00,kWh,94.80895716551044,baseline,hvac_dr_ee
CAMX,2023-07-30 03:00:00,kWh,94.35125291455404,baseline,hvac_dr_ee
CAMX,2023-07-30 04:00:00,kWh,85.64768115229312,baseline,hvac_dr_ee
CAMX,2023-07-30 05:00:00,kWh,92.41752245370046,baseline,hvac_dr_ee
CAMX,2023-07-30 06:00:00,kWh,94.1655373822601,baseline,hvac_dr_ee
CAMX,2023-07-30 07:00:00,kWh,89.54483289155827,baseline,hvac_dr_ee
CAMX,2023-07-30 08:00:00,kWh,108.24585172444523,baseline,hvac_dr_ee
CAMX,2023-07-30 09:00:00,kWh,110.0853103134851,baseline,hvac_dr_ee
CAMX,2023-07-30 10:00:00,kWh,100.0480667911956,baseline,hvac_dr_ee
CAMX,2023-07-30 11:00:00,kWh,113.72299695916337,baseline,hvac_dr_ee
CAMX,2023-07-30 12:00:00,kWh,111.28519956125552,baseline,hvac_dr_ee
CAMX,2023-07-30 13:00:00,kWh,106.40156003112756,baseline,hvac_dr_ee
CAMX,2023-07-30 14:00:00,kWh,124.33366216256792,baseline,hvac_dr_ee
CAMX,2023-07-30 15:00:00,kWh,125.50163923735992,baseline,hvac_dr_ee
CAMX,2023-07-30 16:00:00,kWh,106.30896145053505,baseline,hvac_dr_ee
CAMX,2023-07-30 17:00:00,kWh,119.13253982403603,baseline,hvac_dr_ee
CAMX,2023-07-30 18:00:00,kWh,118.07692172641998,baseline,hvac_dr_ee
CAMX,2023-07-30 19:00:00,kWh,97.7827414389099,baseline,hvac_dr_ee
CAMX,2023-07-30 20:00:00,kWh,108.66875937277628,baseline,hvac_dr_ee
CAMX,2023-07-30 21:00:00,kWh,99.6622808471449,baseline,hvac_dr_ee
CAMX,2023-07-30 22:00:00,kWh,89.49087026769531,baseline,hvac_dr_ee
CAMX,2023-07-30 23:00:00,kWh,102.72949883528528,baseline,hvac_dr_ee
CAMX,2023-07-31 00:00:00,kWh,101.2864146390427,baseline,hvac_dr_ee
CAMX,2023-07-31 01:00:00,kWh,92.7108346052147,baseline,hvac_dr_ee
CAMX,2023-07-31 02:00:00,kWh,102.64368374837937,baseline,hvac_dr_ee
CAMX,2023-07-31 03:00:00,kWh,98.92611338547613,baseline,hvac_dr_ee
CAMX,2023-07-31 04:00:00,kWh,95.03382538557244,baseline,hvac_dr_ee
CAMX,2023-07-31 05:00:00,kWh,125.36374771375213,baseline,hvac_dr_ee
CAMX,2023-07-31 06:00:00,kWh,152.99945083664616,baseline,hvac_dr_ee
CAMX,2023-07-31 07:00:00,kWh,184.46120618401198,baseline,hvac_dr_ee
CAMX,2023-07-31 08:00:00,kWh,188.85837347184815,baseline,hvac_dr_ee
CAMX,2023-07-31 09:00:00,kWh,198.51872925829605,baseline,hvac_dr_ee
CAMX,2023-07-31 10:00:00,kWh,213.0048375996864,baseline,hvac_dr_ee
CAMX,2023-07-31 11:00:00,kWh,207.83624572675214,baseline,hvac_dr_ee
CAMX,2023-07-31 12:00:00,kWh,220.7038913636449,baseline,hvac_dr_ee
CAMX,2023-07-31 13:00:00,kWh,222.31501998277105,baseline,hvac_dr_ee
CAMX,2023-07-31 14:00:00,kWh,298.8778896410215,baseline,hvac_dr_ee
CAMX,2023-07-31 15:00:00,kWh,330.02266345858266,baseline,hvac_dr_ee
CAMX,2023-07-31 16:00:00,kWh,308.4346719678772,baseline,hvac_dr_ee
CAMX,2023-07-31 17:00:00,kWh,187.62166506399433,baseline,hvac_dr_ee
CAMX,2023-07-31 18:00:00,kWh,140.6938081352804,baseline,hvac_dr_ee
CAMX,2023-07-31 19:00:00,kWh,129.96906953790779,baseline,hvac_dr_ee
CAMX,2023-07-31 20:00:00,kWh,125.8797960270187,baseline,hvac_dr_ee
CAMX,2023-07-31 21:00:00,kWh,107.50399998121773,baseline,hvac_dr_ee
CAMX,2023-07-31 22:00:00,kWh,100.87017742681854,baseline,hvac_dr_ee
CAMX,2023-07-31 23:00:00,kWh,93.41940904356163,baseline,hvac_dr_ee
CAMX,2023-08-01 00:00:00,kWh,102.19901043747251,baseline,hvac_dr_ee
CAMX,2023-08-01 01:00:00,kWh,98.9568760995027,baseline,hvac_dr_ee
CAMX,2023-08-01 02:00:00,kWh,90.7755125952465,baseline,hvac_dr_ee
CAMX,2023-08-01 03:00:00,kWh,98.04976418742945,baseline,hvac_dr_ee
CAMX,2023-08-01 04:00:00,kWh,103.07716507530412,baseline,hvac_dr_ee
CAMX,2023-08-01 05:00:00,kWh,123.62715061796166,baseline,hvac_dr_ee
CAMX,2023-08-01 06:00:00,kWh,150.43392319723466,baseline,hvac_dr_ee
CAMX,2023-08-01 07:00:00,kWh,181.09023675337716,baseline,hvac_dr_ee
CAMX,2023-08-01 08:00:00,kWh,183.48494515107149,baseline,hvac_dr_ee
CAMX,2023-08-01 09:00:00,kWh,193.29151192192464,baseline,hvac_dr_ee
CAMX,2023-08-01 10:00:00,kWh,200.8826129410318,baseline,hvac_dr_ee
CAMX,2023-08-01 11:00:00,kWh,196.95067159349233,baseline,hvac_dr_ee
CAMX,2023-08-01 12:00:00,kWh,206.06609157164118,baseline,hvac_dr_ee
CAMX,2023-08-01 13:00:00,kWh,209.79641129595691,baseline,hvac_dr_ee
CAMX,2023-08-01 14:00:00,kWh,223.90467362444124,baseline,hvac_dr_ee
CAMX,2023-08-01 15:00:00,kWh,238.76919765845227,baseline,hvac_dr_ee
CAMX,2023-08-01 16:00:00,kWh,190.52549744878624,baseline,hvac_dr_ee
CAMX,2023-08-01 17:00:00,kWh,154.44435884478168,baseline,hvac_dr_ee
CAMX,2023-08-01 18:00:00,kWh,145.20775839890126,baseline,hvac_dr_ee
CAMX,2023-08-01 19:00:00,kWh,129.24722702055027,baseline,hvac_dr_ee
CAMX,2023-08-01 20:00:00,kWh,120.29970697951495,baseline,hvac_dr_ee
CAMX,2023-08-01 21:00:00,kWh,107.5308113941385,baseline,hvac_dr_ee
CAMX,2023-08-01 22:00:00,kWh,101.74161898608448,baseline,hvac_dr_ee
CAMX,2023-08-01 23:00:00,kWh,93.88152636692647,baseline,hvac_dr_ee
CAMX,2023-08-02 00:00:00,kWh,102.39148090506382,baseline,hvac_dr_ee
CAMX,2023-08-02 01:00:00,kWh,99.1864100717039,baseline,hvac_dr_ee
CAMX,2023-08-02 02:00:00,kWh,91.56073857738902,baseline,hvac_dr_ee
CAMX,2023-08-02 03:00:00,kWh,97.45146781607215,baseline,hvac_dr_ee
CAMX,2023-08-02 04:00:00,kWh,104.96499969016566,baseline,hvac_dr_ee
CAMX,2023-08-02 05:00:00,kWh,123.70409761801207,baseline,hvac_dr_ee
CAMX,2023-08-02 06:00:00,kWh,148.11263523405412,baseline,hvac_dr_ee
CAMX,2023-08-02 07:00:00,kWh,180.1596806743798,baseline,hvac_dr_ee
CAMX,2023-08-02 08:00:00,kWh,188.62797961179336,baseline,hvac_dr_ee
CAMX,2023-08-02 09:00:00,kWh,199.64023659179367,baseline,hvac_dr_ee
CAMX,2023-08-02 10:00:00,kWh,209.72682438941604,baseline,hvac_dr_ee
CAMX,2023-08-02 11:00:00,kWh,205.6588426857365,baseline,hvac_dr_ee
CAMX,2023-08-02 12:00:00,kWh,221.2964371397771,baseline,hvac_dr_ee
CAMX,2023-08-02 13:00:00,kWh,222.14507069674988,baseline,hvac_dr_ee
CAMX,2023-08-02 14:00:00,kWh,301.9136133307539,baseline,hvac_dr_ee
CAMX,2023-08-02 15:00:00,kWh,333.2444828115812,baseline,hvac_dr_ee
CAMX,2023-08-02 16:00:00,kWh,306.05669598699046,baseline,hvac_dr_ee
CAMX,2023-08-02 17:00:00,kWh,278.21463737055467,baseline,hvac_dr_ee
CAMX,2023-08-02 18:00:00,kWh,274.224079954402,baseline,hvac_dr_ee
CAMX,2023-08-02 19:00:00,kWh,222.6143787663445,baseline,hvac_dr_ee
CAMX,2023-08-02 20:00:00,kWh,134.2392679910608,baseline,hvac_dr_ee
CAMX,2023-08-02 21:00:00,kWh,115.328511462866,baseline,hvac_dr_ee
CAMX,2023-08-02 22:00:00,kWh,108.31169710338366,baseline,hvac_dr_ee
CAMX,2023-08-02 23:00:00,kWh,97.50178349679936,baseline,hvac_dr_ee
CAMX,2023-08-03 00:00:00,kWh,108.628791720847,baseline,hvac_dr_ee
CAMX,2023-08-03 01:00:00,kWh,102.88273359851797,baseline,hvac_dr_ee
CAMX,2023-08-03 02:00:00,kWh,94.47832897917814,baseline,hvac_dr_ee
CAMX,2023-08-03 03:00:00,kWh,104.06879827843919,baseline,hvac_dr_ee
CAMX,2023-08-03 04:00:00,kWh,107.700510718351,baseline,hvac_dr_ee
CAMX,2023-08-03 05:00:00,kWh,124.13667666517308,baseline,hvac_dr_ee
CAMX,2023-08-03 06:00:00,kWh,150.6628616999399,baseline,hvac_dr_ee
CAMX,2023-08-03 07:00:00,kWh,197.19920309571245,baseline,hvac_dr_ee
CAMX,2023-08-03 08:00:00,kWh,209.0625471247576,baseline,hvac_dr_ee
CAMX,2023-08-03 09:00:00,kWh,219.83121908841906,baseline,hvac_dr_ee
CAMX,2023-08-03 10:00:00,kWh,296.60252786738823,baseline,hvac_dr_ee
CAMX,2023-08-03 11:00:00,kWh,278.6014670163057,baseline,hvac_dr_ee
CAMX,2023-08-03 12:00:00,kWh,315.87582496621656,baseline,hvac_dr_ee
CAMX,2023-08-03 13:00:00,kWh,323.7432975431748,baseline,hvac_dr_ee
CAMX,2023-08-03 14:00:00,kWh,327.6199300793319,baseline,hvac_dr_ee
CAMX,2023-08-03 15:00:00,kWh,334.2948133728339,baseline,hvac_dr_ee
CAMX,2023-08-03 16:00:00,kWh,308.0872226748736,baseline,hvac_dr_ee
CAMX,2023-08-03 17:00:00,kWh,277.2548532335766,baseline,hvac_dr_ee
CAMX,2023-08-03 18:00:00,kWh,259.69255289982993,baseline,hvac_dr_ee
CAMX,2023-08-03 19:00:00,kWh,151.33736683835133,baseline,hvac_dr_ee
CAMX,2023-08-03 20:00:00,kWh,135.86607326392343,baseline,hvac_dr_ee
CAMX,2023-08-03 21:00:00,kWh,117.01034230624825,baseline,hvac_dr_ee
CAMX,2023-08-03 22:00:00,kWh,109.9435845296349,baseline,hvac_dr_ee
CAMX,2023-08-03 23:00:00,kWh,98.88238951458348,baseline,hvac_dr_ee
CAMX,2023-08-04 00:00:00,kWh,110.78176007371846,baseline,hvac_dr_ee
CAMX,2023-08-04 01:00:00,kWh,105.56356004936394,baseline,hvac_dr_ee
CAMX,2023-08-04 02:00:00,kWh,97.33117211775064,baseline,hvac_dr_ee
CAMX,2023-08-04 03:00:00,kWh,106.57366050955883,baseline,hvac_dr_ee
CAMX,2023-08-04 04:00:00,kWh,110.94395706460239,baseline,hvac_dr_ee
CAMX,2023-08-04 05:00:00,kWh,125.16230581606575,baseline,hvac_dr_ee
CAMX,2023-08-04 06:00:00,kWh,157.33449681079833,baseline,hvac_dr_ee
CAMX,2023-08-04 07:00:00,kWh,199.85788098579272,baseline,hvac_dr_ee
CAMX,2023-08-04 08:00:00,kWh,204.74303176812856,baseline,hvac_dr_ee
CAMX,2023-08-04 09:00:00,kWh,217.044081213454,baseline,hvac_dr_ee
CAMX,2023-08-04 10:00:00,kWh,309.6808067877232,baseline,hvac_dr_ee
CAMX,2023-08-04 11:00:00,kWh,320.78470039888305,baseline,hvac_dr_ee
CAMX,2023-08-04 12:00:00,kWh,323.83439763485,baseline,hvac_dr_ee
CAMX,2023-08-04 13:00:00,kWh,322.20801369113946,baseline,hvac_dr_ee
CAMX,2023-08-04 14:00:00,kWh,327.25031488794497,baseline,hvac_dr_ee
CAMX,2023-08-04 15:00:00,kWh,335.7274491074408,baseline,hvac_dr_ee
CAMX,2023-08-04 16:00:00,kWh,308.6220867950205,baseline,hvac_dr_ee
CAMX,2023-08-04 17:00:00,kWh,277.3974844033081,baseline,hvac_dr_ee
CAMX,2023-08-04 18:00:00,kWh,199.48788277239433,baseline,hvac_dr_ee
CAMX,2023-08-04 19:00:00,kWh,148.63674206733492,baseline,hvac_dr_ee
CAMX,2023-08-04 20:00:00,kWh,137.36162324919565,baseline,hvac_dr_ee
CAMX,2023-08-04 21:00:00,kWh,114.53692570605881,baseline,hvac_dr_ee
CAMX,2023-08-04 22:00:00,kWh,107.49824856365586,baseline,hvac_dr_ee
CAMX,2023-08-04 23:00:00,kWh,99.15385881138351,baseline,hvac_dr_ee
CAMX,2023-08-05 00:00:00,kWh,108.49164218300307,baseline,hvac_dr_ee
CAMX,2023-08-05 01:00:00,kWh,101.7112535175111,baseline,hvac_dr_ee
CAMX,2023-08-05 02:00:00,kWh,92.35796949712719,baseline,hvac_dr_ee
CAMX,2023-08-05 03:00:00,kWh,102.83540597672841,baseline,hvac_dr_ee
CAMX,2023-08-05 04:00:00,kWh,103.36209059183432,baseline,hvac_dr_ee
CAMX,2023-08-05 05:00:00,kWh,118.13118747450298,baseline,hvac_dr_ee
CAMX,2023-08-05 06:00:00,kWh,125.86989389492722,baseline,hvac_dr_ee
CAMX,2023-08-05 07:00:00,kWh,140.44894083237773,baseline,hvac_dr_ee
CAMX,2023-08-05 08:00:00,kWh,148.61462172893386,baseline,hvac_dr_ee
CAMX,2023-08-05 09:00:00,kWh,155.4515233151416,baseline,hvac_dr_ee
CAMX,2023-08-05 10:00:00,kWh,162.2270488182568,baseline,hvac_dr_ee
CAMX,2023-08-05 11:00:00,kWh,149.45424470145238,baseline,hvac_dr_ee
CAMX,2023-08-05 12:00:00,kWh,147.29695455156232,baseline,hvac_dr_ee
CAMX,2023-08-05 13:00:00,kWh,147.56098772359718,baseline,hvac_dr_ee
CAMX,2023-08-05 14:00:00,kWh,152.1391958509743,baseline,hvac_dr_ee
CAMX,2023-08-05 15:00:00,kWh,160.6000393252618,baseline,hvac_dr_ee
CAMX,2023-08-05 16:00:00,kWh,158.1685275302281,baseline,hvac_dr_ee
CAMX,2023-08-05 17:00:00,kWh,120.0922955707227,baseline,hvac_dr_ee
CAMX,2023-08-05 18:00:00,kWh,107.63332001880936,baseline,hvac_dr_ee
CAMX,2023-08-05 19:00:00,kWh,92.93294858310848,baseline,hvac_dr_ee
CAMX,2023-08-05 20:00:00,kWh,101.06375092015459,baseline,hvac_dr_ee
CAMX,2023-08-05 21:00:00,kWh,97.47812670058786,baseline,hvac_dr_ee
CAMX,2023-08-05 22:00:00,kWh,89.26077896043796,baseline,hvac_dr_ee
CAMX,2023-08-05 23:00:00,kWh,98.1518500983091,baseline,hvac_dr_ee
CAMX,2023-08-06 00:00:00,kWh,95.53708889644247,baseline,hvac_dr_ee
CAMX,2023-08-06 01:00:00,kWh,86.32368902242196,baseline,hvac_dr_ee
CAMX,2023-08-06 02:00:00,kWh,94.56864399404695,baseline,hvac_dr_ee
CAMX,2023-08-06 03:00:00,kWh,93.63044784331629,baseline,hvac_dr_ee
CAMX,2023-08-06 04:00:00,kWh,85.44129172250499,baseline,hvac_dr_ee
CAMX,2023-08-06 05:00:00,kWh,92.4503823944107,baseline,hvac_dr_ee
CAMX,2023-08-06 06:00:00,kWh,93.94387080700513,baseline,hvac_dr_ee
CAMX,2023-08-06 07:00:00,kWh,89.87680705564,baseline,hvac_dr_ee
CAMX,2023-08-06 08:00:00,kWh,104.02600761979754,baseline,hvac_dr_ee
CAMX,2023-08-06 09:00:00,kWh,106.84901819955559,baseline,hvac_dr_ee
CAMX,2023-08-06 10:00:00,kWh,98.71841503788899,baseline,hvac_dr_ee
CAMX,2023-08-06 11:00:00,kWh,112.76694963998654,baseline,hvac_dr_ee
CAMX,2023-08-06 12:00:00,kWh,110.99465449587521,baseline,hvac_dr_ee
CAMX,2023-08-06 13:00:00,kWh,103.26445902182945,baseline,hvac_dr_ee
CAMX,2023-08-06 14:00:00,kWh,122.09200800215113,baseline,hvac_dr_ee
CAMX,2023-08-06 15:00:00,kWh,126.77905782578186,baseline,hvac_dr_ee
CAMX,2023-08-06 16:00:00,kWh,112.09767725797309,baseline,hvac_dr_ee
CAMX,2023-08-06 17:00:00,kWh,125.38915601261407,baseline,hvac_dr_ee
CAMX,2023-08-06 18:00:00,kWh,115.41351867173816,baseline,hvac_dr_ee
CAMX,2023-08-06 19:00:00,kWh,93.99311196025242,baseline,hvac_dr_ee
CAMX,2023-08-06 20:00:00,kWh,101.37871520372872,baseline,hvac_dr_ee
CAMX,2023-08-06 21:00:00,kWh,96.75940106446875,baseline,hvac_dr_ee
CAMX,2023-08-06 22:00:00,kWh,86.94031202118228,baseline,hvac_dr_ee
CAMX,2023-08-06 23:00:00,kWh,95.74737114348639,baseline,hvac_dr_ee
CAMX,2023-08-07 00:00:00,kWh,98.61229020844566,baseline,hvac_dr_ee
CAMX,2023-08-07 01:00:00,kWh,86.85155197686028,baseline,hvac_dr_ee
CAMX,2023-08-07 02:00:00,kWh,95.78315597779844,baseline,hvac_dr_ee
CAMX,2023-08-07 03:00:00,kWh,92.19308712474583,baseline,hvac_dr_ee
CAMX,2023-08-07 04:00:00,kWh,89.34009767673179,baseline,hvac_dr_ee
CAMX,2023-08-07 05:00:00,kWh,124.1885011596305,baseline,hvac_dr_ee
CAMX,2023-08-07 06:00:00,kWh,153.33532476066335,baseline,hvac_dr_ee
CAMX,2023-08-07 07:00:00,kWh,190.63789905650026,baseline,hvac_dr_ee
CAMX,2023-08-07 08:00:00,kWh,191.32666115590214,baseline,hvac_dr_ee
CAMX,2023-08-07 09:00:00,kWh,197.93891541437017,baseline,hvac_dr_ee
CAMX,2023-08-07 10:00:00,kWh,202.52989487460786,baseline,hvac_dr_ee
CAMX,2023-08-07 11:00:00,kWh,197.81435844596442,baseline,hvac_dr_ee
CAMX,2023-08-07 12:00:00,kWh,207.6075000390099,baseline,hvac_dr_ee
CAMX,2023-08-07 13:00:00,kWh,209.9600240152928,baseline,hvac_dr_ee
CAMX,2023-08-07 14:00:00,kWh,222.35541465738658,baseline,hvac_dr_ee
CAMX,2023-08-07 15:00:00,kWh,232.2838576660952,baseline,hvac_dr_ee
CAMX,2023-08-07 16:00:00,kWh,184.77224703052087,baseline,hvac_dr_ee
CAMX,2023-08-07 17:00:00,kWh,149.75288795223986,baseline,hvac_dr_ee
CAMX,2023-08-07 18:00:00,kWh,142.62266367076586,baseline,hvac_dr_ee
CAMX,2023-08-07 19:00:00,kWh,127.91876483062664,baseline,hvac_dr_ee
CAMX,2023-08-07 20:00:00,kWh,121.82800759482078,baseline,hvac_dr_ee
CAMX,2023-08-07 21:00:00,kWh,107.77503234094912,baseline,hvac_dr_ee
CAMX,2023-08-07 22:00:00,kWh,101.70556342734659,baseline,hvac_dr_ee
CAMX,2023-08-07 23:00:00,kWh,94.08852916856314,baseline,hvac_dr_ee
CAMX,2023-08-08 00:00:00,kWh,101.2281836571444,baseline,hvac_dr_ee
CAMX,2023-08-08 01:00:00,kWh,98.55279188649766,baseline,hvac_dr_ee
CAMX,2023-08-08 02:00:00,kWh,90.48020758220082,baseline,hvac_dr_ee
CAMX,2023-08-08 03:00:00,kWh,97.24024337625187,baseline,hvac_dr_ee
CAMX,2023-08-08 04:00:00,kWh,101.60851343696169,baseline,hvac_dr_ee
CAMX,2023-08-08 05:00:00,kWh,123.8998429589923,baseline,hvac_dr_ee
CAMX,2023-08-08 06:00:00,kWh,152.3845846543805,baseline,hvac_dr_ee
CAMX,2023-08-08 07:00:00,kWh,188.37965713979054,baseline,hvac_dr_ee
CAMX,2023-08-08 08:00:00,kWh,190.00433754266788,baseline,hvac_dr_ee
CAMX,2023-08-08 09:00:00,kWh,196.31974922847303,baseline,hvac_dr_ee
CAMX,2023-08-08 10:00:00,kWh,207.23643055302784,baseline,hvac_dr_ee
CAMX,2023-08-08 11:00:00,kWh,204.23085385209808,baseline,hvac_dr_ee
CAMX,2023-08-08 12:00:00,kWh,220.0875453924525,baseline,hvac_dr_ee
CAMX,2023-08-08 13:00:00,kWh,225.01837055698934,baseline,hvac_dr_ee
CAMX,2023-08-08 14:00:00,kWh,228.4995234828253,baseline,hvac_dr_ee
CAMX,2023-08-08 15:00:00,kWh,237.97841412960142,baseline,hvac_dr_ee
CAMX,2023-08-08 16:00:00,kWh,193.5479280742092,baseline,hvac_dr_ee
CAMX,2023-08-08 17:00:00,kWh,146.39953042888118,baseline,hvac_dr_ee
CAMX,2023-08-08 18:00:00,kWh,135.24404138974884,baseline,hvac_dr_ee
CAMX,2023-08-08 19:00:00,kWh,125.14375703898185,baseline,hvac_dr_ee
CAMX,2023-08-08 20:00:00,kWh,122.22306474889271,baseline,hvac_dr_ee
CAMX,2023-08-08 21:00:00,kWh,108.73255260642479,baseline,hvac_dr_ee
CAMX,2023-08-08 22:00:00,kWh,102.07582837292927,baseline,hvac_dr_ee
CAMX,2023-08-08 23:00:00,kWh,93.56937650584078,baseline,hvac_dr_ee
CAMX,2023-08-09 00:00:00,kWh,102.60025713591055,baseline,hvac_dr_ee
CAMX,2023-08-09 01:00:00,kWh,98.37256285602837,baseline,hvac_dr_ee
CAMX,2023-08-09 02:00:00,kWh,91.5615917960009,baseline,hvac_dr_ee
CAMX,2023-08-09 03:00:00,kWh,97.2586483073485,baseline,hvac_dr_ee
CAMX,2023-08-09 04:00:00,kWh,103.39676198442612,baseline,hvac_dr_ee
CAMX,2023-08-09 05:00:00,kWh,123.48492606078479,baseline,hvac_dr_ee
CAMX,2023-08-09 06:00:00,kWh,152.15001993763997,baseline,hvac_dr_ee
CAMX,2023-08-09 07:00:00,kWh,186.42847983964487,baseline,hvac_dr_ee
CAMX,2023-08-09 08:00:00,kWh,190.88774442696595,baseline,hvac_dr_ee
CAMX,2023-08-09 09:00:00,kWh,202.8209065449197,baseline,hvac_dr_ee
CAMX,2023-08-09 10:00:00,kWh,212.50974092060179,baseline,hvac_dr_ee
CAMX,2023-08-09 11:00:00,kWh,204.35814978320803,baseline,hvac_dr_ee
CAMX,2023-08-09 12:00:00,kWh,211.94785936847416,baseline,hvac_dr_ee
CAMX,2023-08-09 13:00:00,kWh,217.7267977466979,baseline,hvac_dr_ee
CAMX,2023-08-09 14:00:00,kWh,231.54116178859414,baseline,hvac_dr_ee
CAMX,2023-08-09 15:00:00,kWh,242.06404036892457,baseline,hvac_dr_ee
CAMX,2023-08-09 16:00:00,kWh,191.6051926957911,baseline,hvac_dr_ee
CAMX,2023-08-09 17:00:00,kWh,153.1672212027588,baseline,hvac_dr_ee
CAMX,2023-08-09 18:00:00,kWh,141.03783155392188,baseline,hvac_dr_ee
CAMX,2023-08-09 19:00:00,kWh,127.03736459038231,baseline,hvac_dr_ee
CAMX,2023-08-09 20:00:00,kWh,122.56529897109439,baseline,hvac_dr_ee
CAMX,2023-08-09 21:00:00,kWh,108.97062376160898,baseline,hvac_dr_ee
CAMX,2023-08-09 22:00:00,kWh,102.74006448541951,baseline,hvac_dr_ee
CAMX,2023-08-09 23:00:00,kWh,94.80291125079827,baseline,hvac_dr_ee
CAMX,2023-08-10 00:00:00,kWh,104.07633548118574,baseline,hvac_dr_ee
CAMX,2023-08-10 01:00:00,kWh,98.91034889291336,baseline,hvac_dr_ee
CAMX,2023-08-10 02:00:00,kWh,92.07949613569487,baseline,hvac_dr_ee
CAMX,2023-08-10 03:00:00,kWh,99.16554478738703,baseline,hvac_dr_ee
CAMX,2023-08-10 04:00:00,kWh,104.16584101811972,baseline,hvac_dr_ee
CAMX,2023-08-10 05:00:00,kWh,123.38017131882836,baseline,hvac_dr_ee
CAMX,2023-08-10 06:00:00,kWh,149.65633001350088,baseline,hvac_dr_ee
CAMX,2023-08-10 07:00:00,kWh,188.06235499941985,baseline,hvac_dr_ee
CAMX,2023-08-10 08:00:00,kWh,198.1536938604047,baseline,hvac_dr_ee
CAMX,2023-08-10 09:00:00,kWh,206.97417006259036,baseline,hvac_dr_ee
CAMX,2023-08-10 10:00:00,kWh,213.64787040277346,baseline,hvac_dr_ee
CAMX,2023-08-10 11:00:00,kWh,204.91019582306288,baseline,hvac_dr_ee
CAMX,2023-08-10 12:00:00,kWh,217.7900364822842,baseline,hvac_dr_ee
CAMX,2023-08-10 13:00:00,kWh,220.41207590904656,baseline,hvac_dr_ee
CAMX,2023-08-10 14:00:00,kWh,229.88387654596573,baseline,hvac_dr_ee
CAMX,2023-08-10 15:00:00,kWh,239.2029706917125,baseline,hvac_dr_ee
CAMX,2023-08-10 16:00:00,kWh,192.50489801147322,baseline,hvac_dr_ee
CAMX,2023-08-10 17:00:00,kWh,152.41621787059245,baseline,hvac_dr_ee
CAMX,2023-08-10 18:00:00,kWh,140.74713756544935,baseline,hvac_dr_ee
CAMX,2023-08-10 19:00:00,kWh,126.77847615650715,baseline,hvac_dr_ee
CAMX,2023-08-10 20:00:00,kWh,121.66960287756291,baseline,hvac_dr_ee
CAMX,2023-08-10 21:00:00,kWh,108.86903650105562,baseline,hvac_dr_ee
CAMX,2023-08-10 22:00:00,kWh,102.36643338347022,baseline,hvac_dr_ee
CAMX,2023-08-10 23:00:00,kWh,93.95596010296332,baseline,hvac_dr_ee
CAMX,2023-08-11 00:00:00,kWh,102.22588399510751,baseline,hvac_dr_ee
CAMX,2023-08-11 01:00:00,kWh,99.1114867895247,baseline,hvac_dr_ee
CAMX,2023-08-11 02:00:00,kWh,91.34374604854601,baseline,hvac_dr_ee
CAMX,2023-08-11 03:00:00,kWh,97.87747289652664,baseline,hvac_dr_ee
CAMX,2023-08-11 04:00:00,kWh,105.90784045693391,baseline,hvac_dr_ee
CAMX,2023-08-11 05:00:00,kWh,124.05661929177904,baseline,hvac_dr_ee
CAMX,2023-08-11 06:00:00,kWh,152.43156671979236,baseline,hvac_dr_ee
CAMX,2023-08-11 07:00:00,kWh,174.6569325443377,baseline,hvac_dr_ee
CAMX,2023-08-11 08:00:00,kWh,170.42700048219385,baseline,hvac_dr_ee
CAMX,2023-08-11 09:00:00,kWh,170.68852460516342,baseline,hvac_dr_ee
CAMX,2023-08-11 10:00:00,kWh,174.50501781854652,baseline,hvac_dr_ee
CAMX,2023-08-11 11:00:00,kWh,171.96602200879173,baseline,hvac_dr_ee
CAMX,2023-08-11 12:00:00,kWh,178.25207050230281,baseline,hvac_dr_ee
CAMX,2023-08-11 13:00:00,kWh,176.81781446608306,baseline,hvac_dr_ee
CAMX,2023-08-11 14:00:00,kWh,178.1547434816041,baseline,hvac_dr_ee
CAMX,2023-08-11 15:00:00,kWh,182.6510693716312,baseline,hvac_dr_ee
CAMX,2023-08-11 16:00:00,kWh,152.26428061672345,baseline,hvac_dr_ee
CAMX,2023-08-11 17:00:00,kWh,125.0045699498465,baseline,hvac_dr_ee
CAMX,2023-08-11 18:00:00,kWh,122.20369678411012,baseline,hvac_dr_ee
CAMX,2023-08-11 19:00:00,kWh,119.48489018039335,baseline,hvac_dr_ee
CAMX,2023-08-11 20:00:00,kWh,118.68770019515112,baseline,hvac_dr_ee
CAMX,2023-08-11 21:00:00,kWh,99.19923145496288,baseline,hvac_dr_ee
CAMX,2023-08-11 22:00:00,kWh,96.35677285478982,baseline,hvac_dr_ee
CAMX,2023-08-11 23:00:00,kWh,88.70265303421583,baseline,hvac_dr_ee
CAMX,2023-08-12 00:00:00,kWh,95.67609223046387,baseline,hvac_dr_ee
CAMX,2023-08-12 01:00:00,kWh,88.85412981053292,baseline,hvac_dr_ee
CAMX,2023-08-12 02:00:00,kWh,86.89979119519309,baseline,hvac_dr_ee
CAMX,2023-08-12 03:00:00,kWh,90.64990501781404,baseline,hvac_dr_ee
CAMX,2023-08-12 04:00:00,kWh,93.1621825503884,baseline,hvac_dr_ee
CAMX,2023-08-12 05:00:00,kWh,117.50684170425632,baseline,hvac_dr_ee
CAMX,2023-08-12 06:00:00,kWh,122.35414352244774,baseline,hvac_dr_ee
CAMX,2023-08-12 07:00:00,kWh,129.82147964300125,baseline,hvac_dr_ee
CAMX,2023-08-12 08:00:00,kWh,133.5101044435732,baseline,hvac_dr_ee
CAMX,2023-08-12 09:00:00,kWh,134.6242821079316,baseline,hvac_dr_ee
CAMX,2023-08-12 10:00:00,kWh,136.23323393596058,baseline,hvac_dr_ee
CAMX,2023-08-12 11:00:00,kWh,126.65974438785562,baseline,hvac_dr_ee
CAMX,2023-08-12 12:00:00,kWh,125.37787168056539,baseline,hvac_dr_ee
CAMX,2023-08-12 13:00:00,kWh,125.51063371540204,baseline,hvac_dr_ee
CAMX,2023-08-12 14:00:00,kWh,124.9658839709196,baseline,hvac_dr_ee
CAMX,2023-08-12 15:00:00,kWh,124.49964679582689,baseline,hvac_dr_ee
CAMX,2023-08-12 16:00:00,kWh,119.17349831081165,baseline,hvac_dr_ee
CAMX,2023-08-12 17:00:00,kWh,101.44558921924772,baseline,hvac_dr_ee
CAMX,2023-08-12 18:00:00,kWh,99.0530243854742,baseline,hvac_dr_ee
CAMX,2023-08-12 19:00:00,kWh,87.29475827225639,baseline,hvac_dr_ee
CAMX,2023-08-12 20:00:00,kWh,91.20819019698854,baseline,hvac_dr_ee
CAMX,2023-08-12 21:00:00,kWh,93.35266985947311,baseline,hvac_dr_ee
CAMX,2023-08-12 22:00:00,kWh,79.8955387371269,baseline,hvac_dr_ee
CAMX,2023-08-12 23:00:00,kWh,86.64939806853738,baseline,hvac_dr_ee
CAMX,2023-08-13 00:00:00,kWh,89.43421003281142,baseline,hvac_dr_ee
CAMX,2023-08-13 01:00:00,kWh,78.08799841706838,baseline,hvac_dr_ee
CAMX,2023-08-13 02:00:00,kWh,85.86913500891228,baseline,hvac_dr_ee
CAMX,2023-08-13 03:00:00,kWh,87.2450234869101,baseline,hvac_dr_ee
CAMX,2023-08-13 04:00:00,kWh,78.33550890801365,baseline,hvac_dr_ee
CAMX,2023-08-13 05:00:00,kWh,87.62758452986432,baseline,hvac_dr_ee
CAMX,2023-08-13 06:00:00,kWh,88.81129705577142,baseline,hvac_dr_ee
CAMX,2023-08-13 07:00:00,kWh,84.30915385249457,baseline,hvac_dr_ee
CAMX,2023-08-13 08:00:00,kWh,98.96099213880048,baseline,hvac_dr_ee
CAMX,2023-08-13 09:00:00,kWh,99.60516849539852,baseline,hvac_dr_ee
CAMX,2023-08-13 10:00:00,kWh,91.18389711776032,baseline,hvac_dr_ee
CAMX,2023-08-13 11:00:00,kWh,102.69467020351937,baseline,hvac_dr_ee
CAMX,2023-08-13 12:00:00,kWh,102.2000526234085,baseline,hvac_dr_ee
CAMX,2023-08-13 13:00:00,kWh,95.2738401609528,baseline,hvac_dr_ee
CAMX,2023-08-13 14:00:00,kWh,107.31562538639541,baseline,hvac_dr_ee
CAMX,2023-08-13 15:00:00,kWh,106.10740441538442,baseline,hvac_dr_ee
CAMX,2023-08-13 16:00:00,kWh,94.5462404516393,baseline,hvac_dr_ee
CAMX,2023-08-13 17:00:00,kWh,101.86740024389687,baseline,hvac_dr_ee
CAMX,2023-08-13 18:00:00,kWh,100.48993059273596,baseline,hvac_dr_ee
CAMX,2023-08-13 19:00:00,kWh,88.11189433515767,baseline,hvac_dr_ee
CAMX,2023-08-13 20:00:00,kWh,94.67577641128324,baseline,hvac_dr_ee
CAMX,2023-08-13 21:00:00,kWh,92.34672380823956,baseline,hvac_dr_ee
CAMX,2023-08-13 22:00:00,kWh,83.27702086976093,baseline,hvac_dr_ee
CAMX,2023-08-13 23:00:00,kWh,90.95576457645097,baseline,hvac_dr_ee
CAMX,2023-08-14 00:00:00,kWh,95.21502483130249,baseline,hvac_dr_ee
CAMX,2023-08-14 01:00:00,kWh,85.88178625632759,baseline,hvac_dr_ee
CAMX,2023-08-14 02:00:00,kWh,92.61992682819738,baseline,hvac_dr_ee
CAMX,2023-08-14 03:00:00,kWh,90.41942289571243,baseline,hvac_dr_ee
CAMX,2023-08-14 04:00:00,kWh,88.05765983626524,baseline,hvac_dr_ee
CAMX,2023-08-14 05:00:00,kWh,124.8065546729672,baseline,hvac_dr_ee
CAMX,2023-08-14 06:00:00,kWh,158.17472188212528,baseline,hvac_dr_ee
CAMX,2023-08-14 07:00:00,kWh,183.21885095753117,baseline,hvac_dr_ee
CAMX,2023-08-14 08:00:00,kWh,176.51587390649354,baseline,hvac_dr_ee
CAMX,2023-08-14 09:00:00,kWh,179.08176075373237,baseline,hvac_dr_ee
CAMX,2023-08-14 10:00:00,kWh,191.16658910498452,baseline,hvac_dr_ee
CAMX,2023-08-14 11:00:00,kWh,189.2767634849402,baseline,hvac_dr_ee
CAMX,2023-08-14 12:00:00,kWh,199.1653123456383,baseline,hvac_dr_ee
CAMX,2023-08-14 13:00:00,kWh,200.00829936815643,baseline,hvac_dr_ee
CAMX,2023-08-14 14:00:00,kWh,206.9328064479518,baseline,hvac_dr_ee
CAMX,2023-08-14 15:00:00,kWh,213.07354628342406,baseline,hvac_dr_ee
CAMX,2023-08-14 16:00:00,kWh,170.9667298335549,baseline,hvac_dr_ee
CAMX,2023-08-14 17:00:00,kWh,136.26246956680845,baseline,hvac_dr_ee
CAMX,2023-08-14 18:00:00,kWh,133.34549133216612,baseline,hvac_dr_ee
CAMX,2023-08-14 19:00:00,kWh,130.13146618106597,baseline,hvac_dr_ee
CAMX,2023-08-14 20:00:00,kWh,129.55299971136228,baseline,hvac_dr_ee
CAMX,2023-08-14 21:00:00,kWh,102.31327114822683,baseline,hvac_dr_ee
CAMX,2023-08-14 22:00:00,kWh,98.80966730364277,baseline,hvac_dr_ee
CAMX,2023-08-14 23:00:00,kWh,90.66978795413092,baseline,hvac_dr_ee
CAMX,2023-08-15 00:00:00,kWh,97.50594878306148,baseline,hvac_dr_ee
CAMX,2023-08-15 01:00:00,kWh,98.51684324000507,baseline,hvac_dr_ee
CAMX,2023-08-15 02:00:00,kWh,89.27237462232435,baseline,hvac_dr_ee
CAMX,2023-08-15 03:00:00,kWh,97.80351977124937,baseline,hvac_dr_ee
CAMX,2023-08-15 04:00:00,kWh,101.75967993284017,baseline,hvac_dr_ee
CAMX,2023-08-15 05:00:00,kWh,124.30140984114324,baseline,hvac_dr_ee
CAMX,2023-08-15 06:00:00,kWh,157.44149351695933,baseline,hvac_dr_ee
CAMX,2023-08-15 07:00:00,kWh,184.63675450026628,baseline,hvac_dr_ee
CAMX,2023-08-15 08:00:00,kWh,188.33191388689053,baseline,hvac_dr_ee
CAMX,2023-08-15 09:00:00,kWh,197.23008460632778,baseline,hvac_dr_ee
CAMX,2023-08-15 10:00:00,kWh,205.28515718477735,baseline,hvac_dr_ee
CAMX,2023-08-15 11:00:00,kWh,200.97673274430147,baseline,hvac_dr_ee
CAMX,2023-08-15 12:00:00,kWh,211.79497742941626,baseline,hvac_dr_ee
CAMX,2023-08-15 13:00:00,kWh,277.9961191287885,baseline,hvac_dr_ee
CAMX,2023-08-15 14:00:00,kWh,328.2406309135665,baseline,hvac_dr_ee
CAMX,2023-08-15 15:00:00,kWh,333.72569088685555,baseline,hvac_dr_ee
CAMX,2023-08-15 16:00:00,kWh,228.20835938369018,baseline,hvac_dr_ee
CAMX,2023-08-15 17:00:00,kWh,160.45953584297652,baseline,hvac_dr_ee
CAMX,2023-08-15 18:00:00,kWh,150.96681102032926,baseline,hvac_dr_ee
CAMX,2023-08-15 19:00:00,kWh,139.3405041149942,baseline,hvac_dr_ee
CAMX,2023-08-15 20:00:00,kWh,135.13048756294836,baseline,hvac_dr_ee
CAMX,2023-08-15 21:00:00,kWh,108.40080576715427,baseline,hvac_dr_ee
CAMX,2023-08-15 22:00:00,kWh,103.31326783064611,baseline,hvac_dr_ee
CAMX,2023-08-15 23:00:00,kWh,93.64572540800089,baseline,hvac_dr_ee
CAMX,2023-08-16 00:00:00,kWh,101.49383019416828,baseline,hvac_dr_ee
CAMX,2023-08-16 01:00:00,kWh,98.4696554296562,baseline,hvac_dr_ee
CAMX,2023-08-16 02:00:00,kWh,92.85013124076019,baseline,hvac_dr_ee
CAMX,2023-08-16 03:00:00,kWh,97.92414084441828,baseline,hvac_dr_ee
CAMX,2023-08-16 04:00:00,kWh,104.20067199524782,baseline,hvac_dr_ee
CAMX,2023-08-16 05:00:00,kWh,124.6499265784658,baseline,hvac_dr_ee
CAMX,2023-08-16 06:00:00,kWh,158.24008381494764,baseline,hvac_dr_ee
CAMX,2023-08-16 07:00:00,kWh,189.52640762579227,baseline,hvac_dr_ee
CAMX,2023-08-16 08:00:00,kWh,197.2127974069511,baseline,hvac_dr_ee
CAMX,2023-08-16 09:00:00,kWh,204.46306190791407,baseline,hvac_dr_ee
CAMX,2023-08-16 10:00:00,kWh,257.32901791437183,baseline,hvac_dr_ee
CAMX,2023-08-16 11:00:00,kWh,227.94542168676713,baseline,hvac_dr_ee
CAMX,2023-08-16 12:00:00,kWh,308.84428866235646,baseline,hvac_dr_ee
CAMX,2023-08-16 13:00:00,kWh,323.96764264787697,baseline,hvac_dr_ee
CAMX,2023-08-16 14:00:00,kWh,330.84139794439096,baseline,hvac_dr_ee
CAMX,2023-08-16 15:00:00,kWh,336.64492247942076,baseline,hvac_dr_ee
CAMX,2023-08-16 16:00:00,kWh,306.44193208996165,baseline,hvac_dr_ee
CAMX,2023-08-16 17:00:00,kWh,275.8695633211238,baseline,hvac_dr_ee
CAMX,2023-08-16 18:00:00,kWh,157.99481300027426,baseline,hvac_dr_ee
CAMX,2023-08-16 19:00:00,kWh,141.91732592958573,baseline,hvac_dr_ee
CAMX,2023-08-16 20:00:00,kWh,138.33254268970072,baseline,hvac_dr_ee
CAMX,2023-08-16 21:00:00,kWh,109.44530299589351,baseline,hvac_dr_ee
CAMX,2023-08-16 22:00:00,kWh,102.90843482839597,baseline,hvac_dr_ee
CAMX,2023-08-16 23:00:00,kWh,92.9064031964931,baseline,hvac_dr_ee
CAMX,2023-08-17 00:00:00,kWh,101.83322071397134,baseline,hvac_dr_ee
CAMX,2023-08-17 01:00:00,kWh,99.77942452074834,baseline,hvac_dr_ee
CAMX,2023-08-17 02:00:00,kWh,91.97540852167492,baseline,hvac_dr_ee
CAMX,2023-08-17 03:00:00,kWh,100.02809640251982,baseline,hvac_dr_ee
CAMX,2023-08-17 04:00:00,kWh,105.1772023507193,baseline,hvac_dr_ee
CAMX,2023-08-17 05:00:00,kWh,124.76421292538495,baseline,hvac_dr_ee
CAMX,2023-08-17 06:00:00,kWh,155.5748925269222,baseline,hvac_dr_ee
CAMX,2023-08-17 07:00:00,kWh,186.2637451715291,baseline,hvac_dr_ee
CAMX,2023-08-17 08:00:00,kWh,190.0788674302078,baseline,hvac_dr_ee
CAMX,2023-08-17 09:00:00,kWh,201.7365742012003,baseline,hvac_dr_ee
CAMX,2023-08-17 10:00:00,kWh,211.864203128159,baseline,hvac_dr_ee
CAMX,2023-08-17 11:00:00,kWh,220.5581955000194,baseline,hvac_dr_ee
CAMX,2023-08-17 12:00:00,kWh,327.2180938398204,baseline,hvac_dr_ee
CAMX,2023-08-17 13:00:00,kWh,346.2098679734582,baseline,hvac_dr_ee
CAMX,2023-08-17 14:00:00,kWh,364.24211630677735,baseline,hvac_dr_ee
CAMX,2023-08-17 15:00:00,kWh,357.2351069716025,baseline,hvac_dr_ee
CAMX,2023-08-17 16:00:00,kWh,299.28309931972257,baseline,hvac_dr_ee
CAMX,2023-08-17 17:00:00,kWh,169.17903942709458,baseline,hvac_dr_ee
CAMX,2023-08-17 18:00:00,kWh,147.18467316719054,baseline,hvac_dr_ee
CAMX,2023-08-17 19:00:00,kWh,141.6044361202185,baseline,hvac_dr_ee
CAMX,2023-08-17 20:00:00,kWh,137.3460687322767,baseline,hvac_dr_ee
CAMX,2023-08-17 21:00:00,kWh,109.79301284895462,baseline,hvac_dr_ee
CAMX,2023-08-17 22:00:00,kWh,104.3762017322963,baseline,hvac_dr_ee
CAMX,2023-08-17 23:00:00,kWh,93.89440090205794,baseline,hvac_dr_ee
CAMX,2023-08-18 00:00:00,kWh,101.76115048625587,baseline,hvac_dr_ee
CAMX,2023-08-18 01:00:00,kWh,99.51664142854159,baseline,hvac_dr_ee
CAMX,2023-08-18 02:00:00,kWh,91.56697553258513,baseline,hvac_dr_ee
CAMX,2023-08-18 03:00:00,kWh,99.74385910413869,baseline,hvac_dr_ee
CAMX,2023-08-18 04:00:00,kWh,104.57282444019772,baseline,hvac_dr_ee
CAMX,2023-08-18 05:00:00,kWh,124.68782757445831,baseline,hvac_dr_ee
CAMX,2023-08-18 06:00:00,kWh,159.06364224970423,baseline,hvac_dr_ee
CAMX,2023-08-18 07:00:00,kWh,193.08623701413535,baseline,hvac_dr_ee
CAMX,2023-08-18 08:00:00,kWh,194.7898139551974,baseline,hvac_dr_ee
CAMX,2023-08-18 09:00:00,kWh,198.96850235807528,baseline,hvac_dr_ee
CAMX,2023-08-18 10:00:00,kWh,227.02337986603206,baseline,hvac_dr_ee
CAMX,2023-08-18 11:00:00,kWh,216.46285287290726,baseline,hvac_dr_ee
CAMX,2023-08-18 12:00:00,kWh,249.0789608918322,baseline,hvac_dr_ee
CAMX,2023-08-18 13:00:00,kWh,233.7968479923925,baseline,hvac_dr_ee
CAMX,2023-08-18 14:00:00,kWh,283.47611762366853,baseline,hvac_dr_ee
CAMX,2023-08-18 15:00:00,kWh,301.3814852118778,baseline,hvac_dr_ee
CAMX,2023-08-18 16:00:00,kWh,191.58593649913243,baseline,hvac_dr_ee
CAMX,2023-08-18 17:00:00,kWh,144.54064279591526,baseline,hvac_dr_ee
CAMX,2023-08-18 18:00:00,kWh,138.92355916271063,baseline,hvac_dr_ee
CAMX,2023-08-18 19:00:00,kWh,128.89423828334867,baseline,hvac_dr_ee
CAMX,2023-08-18 20:00:00,kWh,126.57020456737382,baseline,hvac_dr_ee
CAMX,2023-08-18 21:00:00,kWh,107.28643478506632,baseline,hvac_dr_ee
CAMX,2023-08-18 22:00:00,kWh,102.27198693226603,baseline,hvac_dr_ee
CAMX,2023-08-18 23:00:00,kWh,92.82227243067146,baseline,hvac_dr_ee
CAMX,2023-08-19 00:00:00,kWh,96.90019375296767,baseline,hvac_dr_ee
CAMX,2023-08-19 01:00:00,kWh,96.37081505245952,baseline,hvac_dr_ee
CAMX,2023-08-19 02:00:00,kWh,87.42002689474432,baseline,hvac_dr_ee
CAMX,2023-08-19 03:00:00,kWh,94.80882614612895,baseline,hvac_dr_ee
CAMX,2023-08-19 04:00:00,kWh,97.49384124353472,baseline,hvac_dr_ee
CAMX,2023-08-19 05:00:00,kWh,117.51066862448789,baseline,hvac_dr_ee
CAMX,2023-08-19 06:00:00,kWh,125.43657599072372,baseline,hvac_dr_ee
CAMX,2023-08-19 07:00:00,kWh,136.35344564721976,baseline,hvac_dr_ee
CAMX,2023-08-19 08:00:00,kWh,141.93306597668789,baseline,hvac_dr_ee
CAMX,2023-08-19 09:00:00,kWh,147.396386157123,baseline,hvac_dr_ee
CAMX,2023-08-19 10:00:00,kWh,153.39151725133325,baseline,hvac_dr_ee
CAMX,2023-08-19 11:00:00,kWh,141.77314137867938,baseline,hvac_dr_ee
CAMX,2023-08-19 12:00:00,kWh,141.05111506156487,baseline,hvac_dr_ee
CAMX,2023-08-19 13:00:00,kWh,142.279227643668,baseline,hvac_dr_ee
CAMX,2023-08-19 14:00:00,kWh,141.8415308131217,baseline,hvac_dr_ee
CAMX,2023-08-19 15:00:00,kWh,141.56215648159497,baseline,hvac_dr_ee
CAMX,2023-08-19 16:00:00,kWh,131.0092073317467,baseline,hvac_dr_ee
CAMX,2023-08-19 17:00:00,kWh,107.93240626497308,baseline,hvac_dr_ee
CAMX,2023-08-19 18:00:00,kWh,101.27368684648488,baseline,hvac_dr_ee
CAMX,2023-08-19 19:00:00,kWh,91.2009549449854,baseline,hvac_dr_ee
CAMX,2023-08-19 20:00:00,kWh,98.54560540110853,baseline,hvac_dr_ee
CAMX,2023-08-19 21:00:00,kWh,93.27857168817842,baseline,hvac_dr_ee
CAMX,2023-08-19 22:00:00,kWh,83.20847738436977,baseline,hvac_dr_ee
CAMX,2023-08-19 23:00:00,kWh,94.88815291968098,baseline,hvac_dr_ee
CAMX,2023-08-20 00:00:00,kWh,90.18313744913276,baseline,hvac_dr_ee
CAMX,2023-08-20 01:00:00,kWh,83.80903480686707,baseline,hvac_dr_ee
CAMX,2023-08-20 02:00:00,kWh,89.36380130191534,baseline,hvac_dr_ee
CAMX,2023-08-20 03:00:00,kWh,94.480136458858,baseline,hvac_dr_ee
CAMX,2023-08-20 04:00:00,kWh,79.04829875411164,baseline,hvac_dr_ee
CAMX,2023-08-20 05:00:00,kWh,93.1621872596221,baseline,hvac_dr_ee
CAMX,2023-08-20 06:00:00,kWh,87.60756318633847,baseline,hvac_dr_ee
CAMX,2023-08-20 07:00:00,kWh,89.58655537454364,baseline,hvac_dr_ee
CAMX,2023-08-20 08:00:00,kWh,99.86725122440419,baseline,hvac_dr_ee
CAMX,2023-08-20 09:00:00,kWh,101.98222017038773,baseline,hvac_dr_ee
CAMX,2023-08-20 10:00:00,kWh,92.90698380874971,baseline,hvac_dr_ee
CAMX,2023-08-20 11:00:00,kWh,104.96534036249639,baseline,hvac_dr_ee
CAMX,2023-08-20 12:00:00,kWh,103.99995966090401,baseline,hvac_dr_ee
CAMX,2023-08-20 13:00:00,kWh,96.53035026365276,baseline,hvac_dr_ee
CAMX,2023-08-20 14:00:00,kWh,112.84539225280679,baseline,hvac_dr_ee
CAMX,2023-08-20 15:00:00,kWh,109.00164976864903,baseline,hvac_dr_ee
CAMX,2023-08-20 16:00:00,kWh,96.5924016096912,baseline,hvac_dr_ee
CAMX,2023-08-20 17:00:00,kWh,108.36140642552905,baseline,hvac_dr_ee
CAMX,2023-08-20 18:00:00,kWh,105.25947808727764,baseline,hvac_dr_ee
CAMX,2023-08-20 19:00:00,kWh,90.0154773068499,baseline,hvac_dr_ee
CAMX,2023-08-20 20:00:00,kWh,98.132910206995,baseline,hvac_dr_ee
CAMX,2023-08-20 21:00:00,kWh,96.32666069418183,baseline,hvac_dr_ee
CAMX,2023-08-20 22:00:00,kWh,83.30806194873222,baseline,hvac_dr_ee
CAMX,2023-08-20 23:00:00,kWh,92.7055754820492,baseline,hvac_dr_ee
CAMX,2023-08-21 00:00:00,kWh,95.6612952063209,baseline,hvac_dr_ee
CAMX,2023-08-21 01:00:00,kWh,85.71181508317801,baseline,hvac_dr_ee
CAMX,2023-08-21 02:00:00,kWh,89.5922802326422,baseline,hvac_dr_ee
CAMX,2023-08-21 03:00:00,kWh,91.46587911109503,baseline,hvac_dr_ee
CAMX,2023-08-21 04:00:00,kWh,87.07278758196132,baseline,hvac_dr_ee
CAMX,2023-08-21 05:00:00,kWh,123.90653518915249,baseline,hvac_dr_ee
CAMX,2023-08-21 06:00:00,kWh,153.5442156071373,baseline,hvac_dr_ee
CAMX,2023-08-21 07:00:00,kWh,180.18079277341806,baseline,hvac_dr_ee
CAMX,2023-08-21 08:00:00,kWh,178.31412654303145,baseline,hvac_dr_ee
CAMX,2023-08-21 09:00:00,kWh,187.11729171610352,baseline,hvac_dr_ee
CAMX,2023-08-21 10:00:00,kWh,197.33059522392625,baseline,hvac_dr_ee
CAMX,2023-08-21 11:00:00,kWh,194.77839806314907,baseline,hvac_dr_ee
CAMX,2023-08-21 12:00:00,kWh,199.23768086282544,baseline,hvac_dr_ee
CAMX,2023-08-21 13:00:00,kWh,200.73234266922876,baseline,hvac_dr_ee
CAMX,2023-08-21 14:00:00,kWh,208.2141175630278,baseline,hvac_dr_ee
CAMX,2023-08-21 15:00:00,kWh,217.34729782076926,baseline,hvac_dr_ee
CAMX,2023-08-21 16:00:00,kWh,181.93538309175224,baseline,hvac_dr_ee
CAMX,2023-08-21 17:00:00,kWh,144.56334930145815,baseline,hvac_dr_ee
CAMX,2023-08-21 18:00:00,kWh,137.05806676152693,baseline,hvac_dr_ee
CAMX,2023-08-21 19:00:00,kWh,124.29190808535023,baseline,hvac_dr_ee
CAMX,2023-08-21 20:00:00,kWh,121.36101124764309,baseline,hvac_dr_ee
CAMX,2023-08-21 21:00:00,kWh,103.069820209336,baseline,hvac_dr_ee
CAMX,2023-08-21 22:00:00,kWh,98.77416231102916,baseline,hvac_dr_ee
CAMX,2023-08-21 23:00:00,kWh,90.93467095564948,baseline,hvac_dr_ee
CAMX,2023-08-22 00:00:00,kWh,96.16538323600112,baseline,hvac_dr_ee
CAMX,2023-08-22 01:00:00,kWh,98.00365862820003,baseline,hvac_dr_ee
CAMX,2023-08-22 02:00:00,kWh,88.43464899563932,baseline,hvac_dr_ee
CAMX,2023-08-22 03:00:00,kWh,96.86308406101642,baseline,hvac_dr_ee
CAMX,2023-08-22 04:00:00,kWh,102.65467062534992,baseline,hvac_dr_ee
CAMX,2023-08-22 05:00:00,kWh,123.72076189525252,baseline,hvac_dr_ee
CAMX,2023-08-22 06:00:00,kWh,151.8370289390931,baseline,hvac_dr_ee
CAMX,2023-08-22 07:00:00,kWh,178.837922166804,baseline,hvac_dr_ee
CAMX,2023-08-22 08:00:00,kWh,184.73288560264604,baseline,hvac_dr_ee
CAMX,2023-08-22 09:00:00,kWh,192.7373374951338,baseline,hvac_dr_ee
CAMX,2023-08-22 10:00:00,kWh,200.14235382976585,baseline,hvac_dr_ee
CAMX,2023-08-22 11:00:00,kWh,191.36251929056266,baseline,hvac_dr_ee
CAMX,2023-08-22 12:00:00,kWh,202.45993324259015,baseline,hvac_dr_ee
CAMX,2023-08-22 13:00:00,kWh,203.24514617389565,baseline,hvac_dr_ee
CAMX,2023-08-22 14:00:00,kWh,212.1963486741456,baseline,hvac_dr_ee
CAMX,2023-08-22 15:00:00,kWh,222.60027519680528,baseline,hvac_dr_ee
CAMX,2023-08-22 16:00:00,kWh,177.56771417452882,baseline,hvac_dr_ee
CAMX,2023-08-22 17:00:00,kWh,142.9258807565313,baseline,hvac_dr_ee
CAMX,2023-08-22 18:00:00,kWh,135.02985939890954,baseline,hvac_dr_ee
CAMX,2023-08-22 19:00:00,kWh,122.12810490316512,baseline,hvac_dr_ee
CAMX,2023-08-22 20:00:00,kWh,119.12361728216479,baseline,hvac_dr_ee
CAMX,2023-08-22 21:00:00,kWh,104.94943115858996,baseline,hvac_dr_ee
CAMX,2023-08-22 22:00:00,kWh,99.49840606613898,baseline,hvac_dr_ee
CAMX,2023-08-22 23:00:00,kWh,92.58770993583808,baseline,hvac_dr_ee
CAMX,2023-08-23 00:00:00,kWh,99.85275161976456,baseline,hvac_dr_ee
CAMX,2023-08-23 01:00:00,kWh,96.52585033151199,baseline,hvac_dr_ee
CAMX,2023-08-23 02:00:00,kWh,91.87991479576131,baseline,hvac_dr_ee
CAMX,2023-08-23 03:00:00,kWh,96.81188016111847,baseline,hvac_dr_ee
CAMX,2023-08-23 04:00:00,kWh,100.7483494125984,baseline,hvac_dr_ee
CAMX,2023-08-23 05:00:00,kWh,123.59899828906993,baseline,hvac_dr_ee
CAMX,2023-08-23 06:00:00,kWh,152.98537725445084,baseline,hvac_dr_ee
CAMX,2023-08-23 07:00:00,kWh,182.36248847864758,baseline,hvac_dr_ee
CAMX,2023-08-23 08:00:00,kWh,186.43751306334138,baseline,hvac_dr_ee
CAMX,2023-08-23 09:00:00,kWh,195.99088829483713,baseline,hvac_dr_ee
CAMX,2023-08-23 10:00:00,kWh,203.8571309525239,baseline,hvac_dr_ee
CAMX,2023-08-23 11:00:00,kWh,196.99700708086314,baseline,hvac_dr_ee
CAMX,2023-08-23 12:00:00,kWh,208.20984750886575,baseline,hvac_dr_ee
CAMX,2023-08-23 13:00:00,kWh,210.83492725513105,baseline,hvac_dr_ee
CAMX,2023-08-23 14:00:00,kWh,222.00373949480473,baseline,hvac_dr_ee
CAMX,2023-08-23 15:00:00,kWh,231.55283716177587,baseline,hvac_dr_ee
CAMX,2023-08-23 16:00:00,kWh,185.76253386957586,baseline,hvac_dr_ee
CAMX,2023-08-23 17:00:00,kWh,148.3128640324981,baseline,hvac_dr_ee
CAMX,2023-08-23 18:00:00,kWh,137.8954314870229,baseline,hvac_dr_ee
CAMX,2023-08-23 19:00:00,kWh,125.21165269395127,baseline,hvac_dr_ee
CAMX,2023-08-23 20:00:00,kWh,121.1906931870585,baseline,hvac_dr_ee
CAMX,2023-08-23 21:00:00,kWh,106.793793007145,baseline,hvac_dr_ee
CAMX,2023-08-23 22:00:00,kWh,101.23409415996039,baseline,hvac_dr_ee
CAMX,2023-08-23 23:00:00,kWh,92.44708241057222,baseline,hvac_dr_ee
CAMX,2023-08-24 00:00:00,kWh,100.26400357075057,baseline,hvac_dr_ee
CAMX,2023-08-24 01:00:00,kWh,98.61438983787767,baseline,hvac_dr_ee
CAMX,2023-08-24 02:00:00,kWh,90.2572733940086,baseline,hvac_dr_ee
CAMX,2023-08-24 03:00:00,kWh,97.62879183416149,baseline,hvac_dr_ee
CAMX,2023-08-24 04:00:00,kWh,102.47399429090945,baseline,hvac_dr_ee
CAMX,2023-08-24 05:00:00,kWh,123.93236500148004,baseline,hvac_dr_ee
CAMX,2023-08-24 06:00:00,kWh,151.76456537493766,baseline,hvac_dr_ee
CAMX,2023-08-24 07:00:00,kWh,182.23257075708398,baseline,hvac_dr_ee
CAMX,2023-08-24 08:00:00,kWh,191.00951895242335,baseline,hvac_dr_ee
CAMX,2023-08-24 09:00:00,kWh,200.51065784176652,baseline,hvac_dr_ee
CAMX,2023-08-24 10:00:00,kWh,209.66295031499212,baseline,hvac_dr_ee
CAMX,2023-08-24 11:00:00,kWh,201.1146309097828,baseline,hvac_dr_ee
CAMX,2023-08-24 12:00:00,kWh,211.42615160689448,baseline,hvac_dr_ee
CAMX,2023-08-24 13:00:00,kWh,213.91106768104828,baseline,hvac_dr_ee
CAMX,2023-08-24 14:00:00,kWh,224.16951225852682,baseline,hvac_dr_ee
CAMX,2023-08-24 15:00:00,kWh,235.9920413574332,baseline,hvac_dr_ee
CAMX,2023-08-24 16:00:00,kWh,185.57046327754094,baseline,hvac_dr_ee
CAMX,2023-08-24 17:00:00,kWh,147.3245092484193,baseline,hvac_dr_ee
CAMX,2023-08-24 18:00:00,kWh,137.84468654021535,baseline,hvac_dr_ee
CAMX,2023-08-24 19:00:00,kWh,124.89573894841763,baseline,hvac_dr_ee
CAMX,2023-08-24 20:00:00,kWh,120.11006577466829,baseline,hvac_dr_ee
CAMX,2023-08-24 21:00:00,kWh,106.39305629736556,baseline,hvac_dr_ee
CAMX,2023-08-24 22:00:00,kWh,100.9159112653366,baseline,hvac_dr_ee
CAMX,2023-08-24 23:00:00,kWh,92.31856527344301,baseline,hvac_dr_ee
CAMX,2023-08-25 00:00:00,kWh,99.91732664151226,baseline,hvac_dr_ee
CAMX,2023-08-25 01:00:00,kWh,98.83930672417728,baseline,hvac_dr_ee
CAMX,2023-08-25 02:00:00,kWh,89.54661054109356,baseline,hvac_dr_ee
CAMX,2023-08-25 03:00:00,kWh,98.381164873849,baseline,hvac_dr_ee
CAMX,2023-08-25 04:00:00,kWh,105.47676430582946,baseline,hvac_dr_ee
CAMX,2023-08-25 05:00:00,kWh,123.50057183239483,baseline,hvac_dr_ee
CAMX,2023-08-25 06:00:00,kWh,150.7214747867574,baseline,hvac_dr_ee
CAMX,2023-08-25 07:00:00,kWh,176.30403897640508,baseline,hvac_dr_ee
CAMX,2023-08-25 08:00:00,kWh,177.81244567852798,baseline,hvac_dr_ee
CAMX,2023-08-25 09:00:00,kWh,187.50226808426433,baseline,hvac_dr_ee
CAMX,2023-08-25 10:00:00,kWh,200.0894825540902,baseline,hvac_dr_ee
CAMX,2023-08-25 11:00:00,kWh,195.8066744682384,baseline,hvac_dr_ee
CAMX,2023-08-25 12:00:00,kWh,210.13984730402828,baseline,hvac_dr_ee
CAMX,2023-08-25 13:00:00,kWh,215.9973260072601,baseline,hvac_dr_ee
CAMX,2023-08-25 14:00:00,kWh,224.90951602432793,baseline,hvac_dr_ee
CAMX,2023-08-25 15:00:00,kWh,237.00745635411715,baseline,hvac_dr_ee
CAMX,2023-08-25 16:00:00,kWh,184.97909289475967,baseline,hvac_dr_ee
CAMX,2023-08-25 17:00:00,kWh,146.15256125419066,baseline,hvac_dr_ee
CAMX,2023-08-25 18:00:00,kWh,133.99293759619866,baseline,hvac_dr_ee
CAMX,2023-08-25 19:00:00,kWh,123.38556686950724,baseline,hvac_dr_ee
CAMX,2023-08-25 20:00:00,kWh,119.70574057982809,baseline,hvac_dr_ee
CAMX,2023-08-25 21:00:00,kWh,106.68258803961562,baseline,hvac_dr_ee
CAMX,2023-08-25 22:00:00,kWh,100.59061324576975,baseline,hvac_dr_ee
CAMX,2023-08-25 23:00:00,kWh,92.56466995404963,baseline,hvac_dr_ee
CAMX,2023-08-26 00:00:00,kWh,97.1481940976894,baseline,hvac_dr_ee
CAMX,2023-08-26 01:00:00,kWh,93.81339362674967,baseline,hvac_dr_ee
CAMX,2023-08-26 02:00:00,kWh,87.18354892861772,baseline,hvac_dr_ee
CAMX,2023-08-26 03:00:00,kWh,93.47293339615592,baseline,hvac_dr_ee
CAMX,2023-08-26 04:00:00,kWh,95.79510796487381,baseline,hvac_dr_ee
CAMX,2023-08-26 05:00:00,kWh,116.23664177208639,baseline,hvac_dr_ee
CAMX,2023-08-26 06:00:00,kWh,118.26660016542272,baseline,hvac_dr_ee
CAMX,2023-08-26 07:00:00,kWh,128.1000467226144,baseline,hvac_dr_ee
CAMX,2023-08-26 08:00:00,kWh,136.8824407356543,baseline,hvac_dr_ee
CAMX,2023-08-26 09:00:00,kWh,141.4197666507776,baseline,hvac_dr_ee
CAMX,2023-08-26 10:00:00,kWh,145.29600522224604,baseline,hvac_dr_ee
CAMX,2023-08-26 11:00:00,kWh,132.6400937063217,baseline,hvac_dr_ee
CAMX,2023-08-26 12:00:00,kWh,131.14845320991196,baseline,hvac_dr_ee
CAMX,2023-08-26 13:00:00,kWh,130.41403653283203,baseline,hvac_dr_ee
CAMX,2023-08-26 14:00:00,kWh,130.72150104863212,baseline,hvac_dr_ee
CAMX,2023-08-26 15:00:00,kWh,134.3589143807597,baseline,hvac_dr_ee
CAMX,2023-08-26 16:00:00,kWh,124.9283334488554,baseline,hvac_dr_ee
CAMX,2023-08-26 17:00:00,kWh,109.65938305163016,baseline,hvac_dr_ee
CAMX,2023-08-26 18:00:00,kWh,103.90642183395724,baseline,hvac_dr_ee
CAMX,2023-08-26 19:00:00,kWh,89.82985874469088,baseline,hvac_dr_ee
CAMX,2023-08-26 20:00:00,kWh,97.4786200280577,baseline,hvac_dr_ee
CAMX,2023-08-26 21:00:00,kWh,93.56725730540649,baseline,hvac_dr_ee
CAMX,2023-08-26 22:00:00,kWh,87.37153388441959,baseline,hvac_dr_ee
CAMX,2023-08-26 23:00:00,kWh,93.36091920007172,baseline,hvac_dr_ee
CAMX,2023-08-27 00:00:00,kWh,92.30433932057025,baseline,hvac_dr_ee
CAMX,2023-08-27 01:00:00,kWh,82.46426080732351,baseline,hvac_dr_ee
CAMX,2023-08-27 02:00:00,kWh,89.85554001959855,baseline,hvac_dr_ee
CAMX,2023-08-27 03:00:00,kWh,89.3274891675568,baseline,hvac_dr_ee
CAMX,2023-08-27 04:00:00,kWh,79.21978290376438,baseline,hvac_dr_ee
CAMX,2023-08-27 05:00:00,kWh,89.88389299774373,baseline,hvac_dr_ee
CAMX,2023-08-27 06:00:00,kWh,89.92418145273074,baseline,hvac_dr_ee
CAMX,2023-08-27 07:00:00,kWh,87.12136973667815,baseline,hvac_dr_ee
CAMX,2023-08-27 08:00:00,kWh,100.75939577745156,baseline,hvac_dr_ee
CAMX,2023-08-27 09:00:00,kWh,102.93755916921313,baseline,hvac_dr_ee
CAMX,2023-08-27 10:00:00,kWh,92.90378397814361,baseline,hvac_dr_ee
CAMX,2023-08-27 11:00:00,kWh,103.20857329707971,baseline,hvac_dr_ee
CAMX,2023-08-27 12:00:00,kWh,102.24465912782823,baseline,hvac_dr_ee
CAMX,2023-08-27 13:00:00,kWh,95.37668568559731,baseline,hvac_dr_ee
CAMX,2023-08-27 14:00:00,kWh,108.7697638277109,baseline,hvac_dr_ee
CAMX,2023-08-27 15:00:00,kWh,108.03301780477877,baseline,hvac_dr_ee
CAMX,2023-08-27 16:00:00,kWh,98.40177222471468,baseline,hvac_dr_ee
CAMX,2023-08-27 17:00:00,kWh,106.5401791279637,baseline,hvac_dr_ee
CAMX,2023-08-27 18:00:00,kWh,101.57283035437246,baseline,hvac_dr_ee
CAMX,2023-08-27 19:00:00,kWh,88.54256800824672,baseline,hvac_dr_ee
CAMX,2023-08-27 20:00:00,kWh,94.93174555751666,baseline,hvac_dr_ee
CAMX,2023-08-27 21:00:00,kWh,92.68141060200635,baseline,hvac_dr_ee
CAMX,2023-08-27 22:00:00,kWh,83.2198190874152,baseline,hvac_dr_ee
CAMX,2023-08-27 23:00:00,kWh,91.5514489446253,baseline,hvac_dr_ee
CAMX,2023-08-28 00:00:00,kWh,95.26972888842664,baseline,hvac_dr_ee
CAMX,2023-08-28 01:00:00,kWh,84.01936474614855,baseline,hvac_dr_ee
CAMX,2023-08-28 02:00:00,kWh,91.95402468031979,baseline,hvac_dr_ee
CAMX,2023-08-28 03:00:00,kWh,91.89523759297299,baseline,hvac_dr_ee
CAMX,2023-08-28 04:00:00,kWh,86.76933801767696,baseline,hvac_dr_ee
CAMX,2023-08-28 05:00:00,kWh,123.58074880680405,baseline,hvac_dr_ee
CAMX,2023-08-28 06:00:00,kWh,151.1221370296122,baseline,hvac_dr_ee
CAMX,2023-08-28 07:00:00,kWh,172.89293022952654,baseline,hvac_dr_ee
CAMX,2023-08-28 08:00:00,kWh,170.7926400971801,baseline,hvac_dr_ee
CAMX,2023-08-28 09:00:00,kWh,175.05171359993017,baseline,hvac_dr_ee
CAMX,2023-08-28 10:00:00,kWh,182.21172941013032,baseline,hvac_dr_ee
CAMX,2023-08-28 11:00:00,kWh,181.43409491552228,baseline,hvac_dr_ee
CAMX,2023-08-28 12:00:00,kWh,190.85446313499708,baseline,hvac_dr_ee
CAMX,2023-08-28 13:00:00,kWh,193.12041913939046,baseline,hvac_dr_ee
CAMX,2023-08-28 14:00:00,kWh,200.47334996060727,baseline,hvac_dr_ee
CAMX,2023-08-28 15:00:00,kWh,210.5211753983151,baseline,hvac_dr_ee
CAMX,2023-08-28 16:00:00,kWh,174.01361844551482,baseline,hvac_dr_ee
CAMX,2023-08-28 17:00:00,kWh,138.6255556675905,baseline,hvac_dr_ee
CAMX,2023-08-28 18:00:00,kWh,129.8496963988292,baseline,hvac_dr_ee
CAMX,2023-08-28 19:00:00,kWh,121.22389626862943,baseline,hvac_dr_ee
CAMX,2023-08-28 20:00:00,kWh,118.91818834000904,baseline,hvac_dr_ee
CAMX,2023-08-28 21:00:00,kWh,102.91816816802579,baseline,hvac_dr_ee
CAMX,2023-08-28 22:00:00,kWh,98.52809756943003,baseline,hvac_dr_ee
CAMX,2023-08-28 23:00:00,kWh,90.85831428350923,baseline,hvac_dr_ee
CAMX,2023-08-29 00:00:00,kWh,96.06700638572735,baseline,hvac_dr_ee
CAMX,2023-08-29 01:00:00,kWh,97.46721189079214,baseline,hvac_dr_ee
CAMX,2023-08-29 02:00:00,kWh,88.07683810100991,baseline,hvac_dr_ee
CAMX,2023-08-29 03:00:00,kWh,96.34229018859007,baseline,hvac_dr_ee
CAMX,2023-08-29 04:00:00,kWh,100.65606390220869,baseline,hvac_dr_ee
CAMX,2023-08-29 05:00:00,kWh,123.5908141885101,baseline,hvac_dr_ee
CAMX,2023-08-29 06:00:00,kWh,151.26018395283492,baseline,hvac_dr_ee
CAMX,2023-08-29 07:00:00,kWh,174.86534996709162,baseline,hvac_dr_ee
CAMX,2023-08-29 08:00:00,kWh,179.21155043833411,baseline,hvac_dr_ee
CAMX,2023-08-29 09:00:00,kWh,191.3822887616342,baseline,hvac_dr_ee
CAMX,2023-08-29 10:00:00,kWh,204.719095407813,baseline,hvac_dr_ee
CAMX,2023-08-29 11:00:00,kWh,197.90790548408327,baseline,hvac_dr_ee
CAMX,2023-08-29 12:00:00,kWh,212.5090707069369,baseline,hvac_dr_ee
CAMX,2023-08-29 13:00:00,kWh,217.45936442267848,baseline,hvac_dr_ee
CAMX,2023-08-29 14:00:00,kWh,226.04758915848242,baseline,hvac_dr_ee
CAMX,2023-08-29 15:00:00,kWh,234.75960231870093,baseline,hvac_dr_ee
CAMX,2023-08-29 16:00:00,kWh,187.36105425663268,baseline,hvac_dr_ee
CAMX,2023-08-29 17:00:00,kWh,147.8982588040201,baseline,hvac_dr_ee
CAMX,2023-08-29 18:00:00,kWh,137.44124720844164,baseline,hvac_dr_ee
CAMX,2023-08-29 19:00:00,kWh,123.59607070267722,baseline,hvac_dr_ee
CAMX,2023-08-29 20:00:00,kWh,119.96786630164446,baseline,hvac_dr_ee
CAMX,2023-08-29 21:00:00,kWh,106.25346339914778,baseline,hvac_dr_ee
CAMX,2023-08-29 22:00:00,kWh,101.05696170430713,baseline,hvac_dr_ee
CAMX,2023-08-29 23:00:00,kWh,94.02391347602494,baseline,hvac_dr_ee
CAMX,2023-08-30 00:00:00,kWh,101.88554276811186,baseline,hvac_dr_ee
CAMX,2023-08-30 01:00:00,kWh,99.02528924391996,baseline,hvac_dr_ee
CAMX,2023-08-30 02:00:00,kWh,91.3051465218229,baseline,hvac_dr_ee
CAMX,2023-08-30 03:00:00,kWh,97.72615420997998,baseline,hvac_dr_ee
CAMX,2023-08-30 04:00:00,kWh,100.9075161222051,baseline,hvac_dr_ee
CAMX,2023-08-30 05:00:00,kWh,123.29062516163168,baseline,hvac_dr_ee
CAMX,2023-08-30 06:00:00,kWh,151.14558123523517,baseline,hvac_dr_ee
CAMX,2023-08-30 07:00:00,kWh,182.28587686816547,baseline,hvac_dr_ee
CAMX,2023-08-30 08:00:00,kWh,189.00116412366702,baseline,hvac_dr_ee
CAMX,2023-08-30 09:00:00,kWh,201.2414984113585,baseline,hvac_dr_ee
CAMX,2023-08-30 10:00:00,kWh,218.12770634529664,baseline,hvac_dr_ee
CAMX,2023-08-30 11:00:00,kWh,212.8519134166531,baseline,hvac_dr_ee
CAMX,2023-08-30 12:00:00,kWh,228.70100520668524,baseline,hvac_dr_ee
CAMX,2023-08-30 13:00:00,kWh,232.59385692369702,baseline,hvac_dr_ee
CAMX,2023-08-30 14:00:00,kWh,242.06466504440704,baseline,hvac_dr_ee
CAMX,2023-08-30 15:00:00,kWh,330.3321555676048,baseline,hvac_dr_ee
CAMX,2023-08-30 16:00:00,kWh,306.4598224120703,baseline,hvac_dr_ee
CAMX,2023-08-30 17:00:00,kWh,268.4724234377594,baseline,hvac_dr_ee
CAMX,2023-08-30 18:00:00,kWh,154.33774276629015,baseline,hvac_dr_ee
CAMX,2023-08-30 19:00:00,kWh,128.25903313019907,baseline,hvac_dr_ee
CAMX,2023-08-30 20:00:00,kWh,122.18731054413473,baseline,hvac_dr_ee
CAMX,2023-08-30 21:00:00,kWh,108.66128157612965,baseline,hvac_dr_ee
CAMX,2023-08-30 22:00:00,kWh,103.43508922776945,baseline,hvac_dr_ee
CAMX,2023-08-30 23:00:00,kWh,94.3603677735345,baseline,hvac_dr_ee
CAMX,2023-08-31 00:00:00,kWh,103.61599614771947,baseline,hvac_dr_ee
CAMX,2023-08-31 01:00:00,kWh,99.4087193714615,baseline,hvac_dr_ee
CAMX,2023-08-31 02:00:00,kWh,93.15703894505774,baseline,hvac_dr_ee
CAMX,2023-08-31 03:00:00,kWh,99.70866300409315,baseline,hvac_dr_ee
CAMX,2023-08-31 04:00:00,kWh,107.51697937183383,baseline,hvac_dr_ee
CAMX,2023-08-31 05:00:00,kWh,124.87972083199186,baseline,hvac_dr_ee
CAMX,2023-08-31 06:00:00,kWh,155.01643594709805,baseline,hvac_dr_ee
CAMX,2023-08-31 07:00:00,kWh,185.4527665240816,baseline,hvac_dr_ee
CAMX,2023-08-31 08:00:00,kWh,196.3238359588448,baseline,hvac_dr_ee
CAMX,2023-08-31 09:00:00,kWh,214.06474202281117,baseline,hvac_dr_ee
CAMX,2023-08-31 10:00:00,kWh,287.7024194328144,baseline,hvac_dr_ee
CAMX,2023-08-31 11:00:00,kWh,274.0284345835826,baseline,hvac_dr_ee
CAMX,2023-08-31 12:00:00,kWh,324.8833278756985,baseline,hvac_dr_ee
CAMX,2023-08-31 13:00:00,kWh,325.0398678511894,baseline,hvac_dr_ee
CAMX,2023-08-31 14:00:00,kWh,331.0954220480174,baseline,hvac_dr_ee
CAMX,2023-08-31 15:00:00,kWh,334.96970936514174,baseline,hvac_dr_ee
CAMX,2023-08-31 16:00:00,kWh,224.90602457835303,baseline,hvac_dr_ee
CAMX,2023-08-31 17:00:00,kWh,146.30194375079662,baseline,hvac_dr_ee
CAMX,2023-08-31 18:00:00,kWh,136.71022771504636,baseline,hvac_dr_ee
CAMX,2023-08-31 19:00:00,kWh,127.42870220221474,baseline,hvac_dr_ee
CAMX,2023-08-31 20:00:00,kWh,123.75870745242966,baseline,hvac_dr_ee
CAMX,2023-08-31 21:00:00,kWh,108.78068403384941,baseline,hvac_dr_ee
CAMX,2023-08-31 22:00:00,kWh,103.06242957754301,baseline,hvac_dr_ee
CAMX,2023-08-31 23:00:00,kWh,93.84603121313484,baseline,hvac_dr_ee
CAMX,2023-09-01 00:00:00,kWh,103.10777867493148,baseline,hvac_dr_ee
CAMX,2023-09-01 01:00:00,kWh,99.51861402617196,baseline,hvac_dr_ee
CAMX,2023-09-01 02:00:00,kWh,92.55652161924641,baseline,hvac_dr_ee
CAMX,2023-09-01 03:00:00,kWh,98.63999400400778,baseline,hvac_dr_ee
CAMX,2023-09-01 04:00:00,kWh,105.51748353904745,baseline,hvac_dr_ee
CAMX,2023-09-01 05:00:00,kWh,124.89754425886616,baseline,hvac_dr_ee
CAMX,2023-09-01 06:00:00,kWh,153.65374579532232,baseline,hvac_dr_ee
CAMX,2023-09-01 07:00:00,kWh,177.9078452085642,baseline,hvac_dr_ee
CAMX,2023-09-01 08:00:00,kWh,173.37667591121578,baseline,hvac_dr_ee
CAMX,2023-09-01 09:00:00,kWh,174.81105648618464,baseline,hvac_dr_ee
CAMX,2023-09-01 10:00:00,kWh,184.00409136785154,baseline,hvac_dr_ee
CAMX,2023-09-01 11:00:00,kWh,181.15386427044808,baseline,hvac_dr_ee
CAMX,2023-09-01 12:00:00,kWh,195.68382047534175,baseline,hvac_dr_ee
CAMX,2023-09-01 13:00:00,kWh,197.60519000025536,baseline,hvac_dr_ee
CAMX,2023-09-01 14:00:00,kWh,202.92898923739767,baseline,hvac_dr_ee
CAMX,2023-09-01 15:00:00,kWh,192.07575650578983,baseline,hvac_dr_ee
CAMX,2023-09-01 16:00:00,kWh,153.7310415895828,baseline,hvac_dr_ee
CAMX,2023-09-01 17:00:00,kWh,127.61381690008136,baseline,hvac_dr_ee
CAMX,2023-09-01 18:00:00,kWh,125.14388722222438,baseline,hvac_dr_ee
CAMX,2023-09-01 19:00:00,kWh,121.13092516247254,baseline,hvac_dr_ee
CAMX,2023-09-01 20:00:00,kWh,120.11924586219416,baseline,hvac_dr_ee
CAMX,2023-09-01 21:00:00,kWh,101.4929179688589,baseline,hvac_dr_ee
CAMX,2023-09-01 22:00:00,kWh,97.11534513522676,baseline,hvac_dr_ee
CAMX,2023-09-01 23:00:00,kWh,89.58029709197449,baseline,hvac_dr_ee
CAMX,2023-09-02 00:00:00,kWh,95.25479257891811,baseline,hvac_dr_ee
CAMX,2023-09-02 01:00:00,kWh,91.92485121345453,baseline,hvac_dr_ee
CAMX,2023-09-02 02:00:00,kWh,84.84289445685462,baseline,hvac_dr_ee
CAMX,2023-09-02 03:00:00,kWh,91.02426702618996,baseline,hvac_dr_ee
CAMX,2023-09-02 04:00:00,kWh,94.52748476556862,baseline,hvac_dr_ee
CAMX,2023-09-02 05:00:00,kWh,117.54594297790888,baseline,hvac_dr_ee
CAMX,2023-09-02 06:00:00,kWh,116.4178777166433,baseline,hvac_dr_ee
CAMX,2023-09-02 07:00:00,kWh,124.06966633242786,baseline,hvac_dr_ee
CAMX,2023-09-02 08:00:00,kWh,127.87041788113399,baseline,hvac_dr_ee
CAMX,2023-09-02 09:00:00,kWh,127.7739070492932,baseline,hvac_dr_ee
CAMX,2023-09-02 10:00:00,kWh,130.76603766347625,baseline,hvac_dr_ee
CAMX,2023-09-02 11:00:00,kWh,120.2623295242496,baseline,hvac_dr_ee
CAMX,2023-09-02 12:00:00,kWh,118.73225360954308,baseline,hvac_dr_ee
CAMX,2023-09-02 13:00:00,kWh,118.67910801345182,baseline,hvac_dr_ee
CAMX,2023-09-02 14:00:00,kWh,119.04965324178909,baseline,hvac_dr_ee
CAMX,2023-09-02 15:00:00,kWh,120.5701633199273,baseline,hvac_dr_ee
CAMX,2023-09-02 16:00:00,kWh,115.94015651621775,baseline,hvac_dr_ee
CAMX,2023-09-02 17:00:00,kWh,103.1828527080973,baseline,hvac_dr_ee
CAMX,2023-09-02 18:00:00,kWh,96.4788499407995,baseline,hvac_dr_ee
CAMX,2023-09-02 19:00:00,kWh,85.80358334049012,baseline,hvac_dr_ee
CAMX,2023-09-02 20:00:00,kWh,90.72298262826473,baseline,hvac_dr_ee
CAMX,2023-09-02 21:00:00,kWh,91.13654028111245,baseline,hvac_dr_ee
CAMX,2023-09-02 22:00:00,kWh,78.67141974505267,baseline,hvac_dr_ee
CAMX,2023-09-02 23:00:00,kWh,86.19366791600717,baseline,hvac_dr_ee
CAMX,2023-09-03 00:00:00,kWh,85.56458056908417,baseline,hvac_dr_ee
CAMX,2023-09-03 01:00:00,kWh,77.47151137665388,baseline,hvac_dr_ee
CAMX,2023-09-03 02:00:00,kWh,85.85484479973618,baseline,hvac_dr_ee
CAMX,2023-09-03 03:00:00,kWh,86.9297800585736,baseline,hvac_dr_ee
CAMX,2023-09-03 04:00:00,kWh,77.22694275251114,baseline,hvac_dr_ee
CAMX,2023-09-03 05:00:00,kWh,87.02887849292603,baseline,hvac_dr_ee
CAMX,2023-09-03 06:00:00,kWh,89.15567110140384,baseline,hvac_dr_ee
CAMX,2023-09-03 07:00:00,kWh,81.00710155756789,baseline,hvac_dr_ee
CAMX,2023-09-03 08:00:00,kWh,96.53225955031986,baseline,hvac_dr_ee
CAMX,2023-09-03 09:00:00,kWh,97.17961220813996,baseline,hvac_dr_ee
CAMX,2023-09-03 10:00:00,kWh,90.4518851688036,baseline,hvac_dr_ee
CAMX,2023-09-03 11:00:00,kWh,99.77315767379031,baseline,hvac_dr_ee
CAMX,2023-09-03 12:00:00,kWh,101.36396962180027,baseline,hvac_dr_ee
CAMX,2023-09-03 13:00:00,kWh,94.80122759389533,baseline,hvac_dr_ee
CAMX,2023-09-03 14:00:00,kWh,104.54511275947105,baseline,hvac_dr_ee
CAMX,2023-09-03 15:00:00,kWh,106.30321935199206,baseline,hvac_dr_ee
CAMX,2023-09-03 16:00:00,kWh,95.81574273086412,baseline,hvac_dr_ee
CAMX,2023-09-03 17:00:00,kWh,104.64047471076246,baseline,hvac_dr_ee
CAMX,2023-09-03 18:00:00,kWh,98.65708554321913,baseline,hvac_dr_ee
CAMX,2023-09-03 19:00:00,kWh,85.98908981333372,baseline,hvac_dr_ee
CAMX,2023-09-03 20:00:00,kWh,94.4776622730892,baseline,hvac_dr_ee
CAMX,2023-09-03 21:00:00,kWh,91.49687830664777,baseline,hvac_dr_ee
CAMX,2023-09-03 22:00:00,kWh,82.44977875117124,baseline,hvac_dr_ee
CAMX,2023-09-03 23:00:00,kWh,88.16361443636022,baseline,hvac_dr_ee
CAMX,2023-09-04 00:00:00,kWh,89.46648023627611,baseline,hvac_dr_ee
CAMX,2023-09-04 01:00:00,kWh,79.78200671381953,baseline,hvac_dr_ee
CAMX,2023-09-04 02:00:00,kWh,88.6314456889788,baseline,hvac_dr_ee
CAMX,2023-09-04 03:00:00,kWh,87.91826594020736,baseline,hvac_dr_ee
CAMX,2023-09-04 04:00:00,kWh,83.81210847048413,baseline,hvac_dr_ee
CAMX,2023-09-04 05:00:00,kWh,123.55824578727551,baseline,hvac_dr_ee
CAMX,2023-09-04 06:00:00,kWh,154.49982413776718,baseline,hvac_dr_ee
CAMX,2023-09-04 07:00:00,kWh,171.82591360015414,baseline,hvac_dr_ee
CAMX,2023-09-04 08:00:00,kWh,161.51390801903568,baseline,hvac_dr_ee
CAMX,2023-09-04 09:00:00,kWh,165.77114065281148,baseline,hvac_dr_ee
CAMX,2023-09-04 10:00:00,kWh,175.49928972958088,baseline,hvac_dr_ee
CAMX,2023-09-04 11:00:00,kWh,178.87546674067966,baseline,hvac_dr_ee
CAMX,2023-09-04 12:00:00,kWh,191.8396584323753,baseline,hvac_dr_ee
CAMX,2023-09-04 13:00:00,kWh,196.4082682085308,baseline,hvac_dr_ee
CAMX,2023-09-04 14:00:00,kWh,203.8518372740573,baseline,hvac_dr_ee
CAMX,2023-09-04 15:00:00,kWh,213.78706527553797,baseline,hvac_dr_ee
CAMX,2023-09-04 16:00:00,kWh,170.75866446865143,baseline,hvac_dr_ee
CAMX,2023-09-04 17:00:00,kWh,143.21283496400102,baseline,hvac_dr_ee
CAMX,2023-09-04 18:00:00,kWh,133.84529885880013,baseline,hvac_dr_ee
CAMX,2023-09-04 19:00:00,kWh,125.19493461085989,baseline,hvac_dr_ee
CAMX,2023-09-04 20:00:00,kWh,123.54591006412512,baseline,hvac_dr_ee
CAMX,2023-09-04 21:00:00,kWh,100.64440760509589,baseline,hvac_dr_ee
CAMX,2023-09-04 22:00:00,kWh,97.59549308703279,baseline,hvac_dr_ee
CAMX,2023-09-04 23:00:00,kWh,91.01023690372978,baseline,hvac_dr_ee
CAMX,2023-09-05 00:00:00,kWh,95.44540786621099,baseline,hvac_dr_ee
CAMX,2023-09-05 01:00:00,kWh,98.55588000248154,baseline,hvac_dr_ee
CAMX,2023-09-05 02:00:00,kWh,87.56710240160066,baseline,hvac_dr_ee
CAMX,2023-09-05 03:00:00,kWh,96.5534052803495,baseline,hvac_dr_ee
CAMX,2023-09-05 04:00:00,kWh,102.59129857939888,baseline,hvac_dr_ee
CAMX,2023-09-05 05:00:00,kWh,124.49308331917734,baseline,hvac_dr_ee
CAMX,2023-09-05 06:00:00,kWh,158.6710329429334,baseline,hvac_dr_ee
CAMX,2023-09-05 07:00:00,kWh,184.13953887497902,baseline,hvac_dr_ee
CAMX,2023-09-05 08:00:00,kWh,183.17461213236027,baseline,hvac_dr_ee
CAMX,2023-09-05 09:00:00,kWh,184.4070891064567,baseline,hvac_dr_ee
CAMX,2023-09-05 10:00:00,kWh,195.85073074878062,baseline,hvac_dr_ee
CAMX,2023-09-05 11:00:00,kWh,192.83760871759003,baseline,hvac_dr_ee
CAMX,2023-09-05 12:00:00,kWh,203.66195078823966,baseline,hvac_dr_ee
CAMX,2023-09-05 13:00:00,kWh,197.54168541576027,baseline,hvac_dr_ee
CAMX,2023-09-05 14:00:00,kWh,208.7016409796127,baseline,hvac_dr_ee
CAMX,2023-09-05 15:00:00,kWh,211.96216638351024,baseline,hvac_dr_ee
CAMX,2023-09-05 16:00:00,kWh,169.29059080741285,baseline,hvac_dr_ee
CAMX,2023-09-05 17:00:00,kWh,137.2784571687635,baseline,hvac_dr_ee
CAMX,2023-09-05 18:00:00,kWh,131.88763057064165,baseline,hvac_dr_ee
CAMX,2023-09-05 19:00:00,kWh,123.36179281389033,baseline,hvac_dr_ee
CAMX,2023-09-05 20:00:00,kWh,122.37096102088546,baseline,hvac_dr_ee
CAMX,2023-09-05 21:00:00,kWh,103.25155329550452,baseline,hvac_dr_ee
CAMX,2023-09-05 22:00:00,kWh,98.70133015706095,baseline,hvac_dr_ee
CAMX,2023-09-05 23:00:00,kWh,91.3917027673467,baseline,hvac_dr_ee
CAMX,2023-09-06 00:00:00,kWh,97.67411236490068,baseline,hvac_dr_ee
CAMX,2023-09-06 01:00:00,kWh,97.97939257691942,baseline,hvac_dr_ee
CAMX,2023-09-06 02:00:00,kWh,88.5815412368643,baseline,hvac_dr_ee
CAMX,2023-09-06 03:00:00,kWh,96.70791948220344,baseline,hvac_dr_ee
CAMX,2023-09-06 04:00:00,kWh,101.58749200975225,baseline,hvac_dr_ee
CAMX,2023-09-06 05:00:00,kWh,123.36065037992864,baseline,hvac_dr_ee
CAMX,2023-09-06 06:00:00,kWh,151.30550222956117,baseline,hvac_dr_ee
CAMX,2023-09-06 07:00:00,kWh,173.18322217032255,baseline,hvac_dr_ee
CAMX,2023-09-06 08:00:00,kWh,173.08863563976243,baseline,hvac_dr_ee
CAMX,2023-09-06 09:00:00,kWh,178.38670868869855,baseline,hvac_dr_ee
CAMX,2023-09-06 10:00:00,kWh,189.93573889605042,baseline,hvac_dr_ee
CAMX,2023-09-06 11:00:00,kWh,188.2955306945274,baseline,hvac_dr_ee
CAMX,2023-09-06 12:00:00,kWh,200.45829644859282,baseline,hvac_dr_ee
CAMX,2023-09-06 13:00:00,kWh,200.3407218932688,baseline,hvac_dr_ee
CAMX,2023-09-06 14:00:00,kWh,208.6088348423734,baseline,hvac_dr_ee
CAMX,2023-09-06 15:00:00,kWh,216.04182919260552,baseline,hvac_dr_ee
CAMX,2023-09-06 16:00:00,kWh,170.50648170461275,baseline,hvac_dr_ee
CAMX,2023-09-06 17:00:00,kWh,134.80972116438846,baseline,hvac_dr_ee
CAMX,2023-09-06 18:00:00,kWh,127.75236130519238,baseline,hvac_dr_ee
CAMX,2023-09-06 19:00:00,kWh,118.71086237495162,baseline,hvac_dr_ee
CAMX,2023-09-06 20:00:00,kWh,117.11463493254662,baseline,hvac_dr_ee
CAMX,2023-09-06 21:00:00,kWh,102.11635135179412,baseline,hvac_dr_ee
CAMX,2023-09-06 22:00:00,kWh,97.46080704584875,baseline,hvac_dr_ee
CAMX,2023-09-06 23:00:00,kWh,90.25908920066138,baseline,hvac_dr_ee
CAMX,2023-09-07 00:00:00,kWh,98.5146129291335,baseline,hvac_dr_ee
CAMX,2023-09-07 01:00:00,kWh,95.87502618945328,baseline,hvac_dr_ee
CAMX,2023-09-07 02:00:00,kWh,89.2662024487837,baseline,hvac_dr_ee
CAMX,2023-09-07 03:00:00,kWh,95.91425455775554,baseline,hvac_dr_ee
CAMX,2023-09-07 04:00:00,kWh,103.7345208170196,baseline,hvac_dr_ee
CAMX,2023-09-07 05:00:00,kWh,123.99955015954583,baseline,hvac_dr_ee
CAMX,2023-09-07 06:00:00,kWh,147.15241710722842,baseline,hvac_dr_ee
CAMX,2023-09-07 07:00:00,kWh,169.88027032166283,baseline,hvac_dr_ee
CAMX,2023-09-07 08:00:00,kWh,167.67370268850257,baseline,hvac_dr_ee
CAMX,2023-09-07 09:00:00,kWh,173.84085089348406,baseline,hvac_dr_ee
CAMX,2023-09-07 10:00:00,kWh,183.9407215812358,baseline,hvac_dr_ee
CAMX,2023-09-07 11:00:00,kWh,183.99036209708737,baseline,hvac_dr_ee
CAMX,2023-09-07 12:00:00,kWh,196.08343841574595,baseline,hvac_dr_ee
CAMX,2023-09-07 13:00:00,kWh,198.53615823369097,baseline,hvac_dr_ee
CAMX,2023-09-07 14:00:00,kWh,204.9304753753454,baseline,hvac_dr_ee
CAMX,2023-09-07 15:00:00,kWh,214.7744591771941,baseline,hvac_dr_ee
CAMX,2023-09-07 16:00:00,kWh,168.30355267056947,baseline,hvac_dr_ee
CAMX,2023-09-07 17:00:00,kWh,134.32869064230647,baseline,hvac_dr_ee
CAMX,2023-09-07 18:00:00,kWh,125.30018721955356,baseline,hvac_dr_ee
CAMX,2023-09-07 19:00:00,kWh,117.7277606420746,baseline,hvac_dr_ee
CAMX,2023-09-07 20:00:00,kWh,117.1422007773703,baseline,hvac_dr_ee
CAMX,2023-09-07 21:00:00,kWh,100.41426765789106,baseline,hvac_dr_ee
CAMX,2023-09-07 22:00:00,kWh,96.76330416745036,baseline,hvac_dr_ee
CAMX,2023-09-07 23:00:00,kWh,89.23457363189655,baseline,hvac_dr_ee
CAMX,2023-09-08 00:00:00,kWh,98.35888737600641,baseline,hvac_dr_ee
CAMX,2023-09-08 01:00:00,kWh,95.14107888678882,baseline,hvac_dr_ee
CAMX,2023-09-08 02:00:00,kWh,88.2089756806954,baseline,hvac_dr_ee
CAMX,2023-09-08 03:00:00,kWh,96.20502734549194,baseline,hvac_dr_ee
CAMX,2023-09-08 04:00:00,kWh,101.87200178592427,baseline,hvac_dr_ee
CAMX,2023-09-08 05:00:00,kWh,125.10474750510548,baseline,hvac_dr_ee
CAMX,2023-09-08 06:00:00,kWh,145.79368151401601,baseline,hvac_dr_ee
CAMX,2023-09-08 07:00:00,kWh,166.80298017158077,baseline,hvac_dr_ee
CAMX,2023-09-08 08:00:00,kWh,167.55590102760604,baseline,hvac_dr_ee
CAMX,2023-09-08 09:00:00,kWh,171.87642401440073,baseline,hvac_dr_ee
CAMX,2023-09-08 10:00:00,kWh,179.74198929998036,baseline,hvac_dr_ee
CAMX,2023-09-08 11:00:00,kWh,175.44066893334787,baseline,hvac_dr_ee
CAMX,2023-09-08 12:00:00,kWh,187.73936197101455,baseline,hvac_dr_ee
CAMX,2023-09-08 13:00:00,kWh,187.10386520787816,baseline,hvac_dr_ee
CAMX,2023-09-08 14:00:00,kWh,190.41917294626546,baseline,hvac_dr_ee
CAMX,2023-09-08 15:00:00,kWh,197.54400101310026,baseline,hvac_dr_ee
CAMX,2023-09-08 16:00:00,kWh,161.34623003479425,baseline,hvac_dr_ee
CAMX,2023-09-08 17:00:00,kWh,132.29157563363992,baseline,hvac_dr_ee
CAMX,2023-09-08 18:00:00,kWh,125.15482570909529,baseline,hvac_dr_ee
CAMX,2023-09-08 19:00:00,kWh,118.2332086309711,baseline,hvac_dr_ee
CAMX,2023-09-08 20:00:00,kWh,117.75394428296816,baseline,hvac_dr_ee
CAMX,2023-09-08 21:00:00,kWh,99.12382773097156,baseline,hvac_dr_ee
CAMX,2023-09-08 22:00:00,kWh,96.22624625883036,baseline,hvac_dr_ee
CAMX,2023-09-08 23:00:00,kWh,88.69652529691281,baseline,hvac_dr_ee
CAMX,2023-09-09 00:00:00,kWh,94.32524481566455,baseline,hvac_dr_ee
CAMX,2023-09-09 01:00:00,kWh,90.79236227005819,baseline,hvac_dr_ee
CAMX,2023-09-09 02:00:00,kWh,84.06804778755895,baseline,hvac_dr_ee
CAMX,2023-09-09 03:00:00,kWh,92.70280666638016,baseline,hvac_dr_ee
CAMX,2023-09-09 04:00:00,kWh,90.95149747236727,baseline,hvac_dr_ee
CAMX,2023-09-09 05:00:00,kWh,117.31678282764273,baseline,hvac_dr_ee
CAMX,2023-09-09 06:00:00,kWh,113.18039515255222,baseline,hvac_dr_ee
CAMX,2023-09-09 07:00:00,kWh,120.75400275434048,baseline,hvac_dr_ee
CAMX,2023-09-09 08:00:00,kWh,126.44010287039765,baseline,hvac_dr_ee
CAMX,2023-09-09 09:00:00,kWh,127.44214269074588,baseline,hvac_dr_ee
CAMX,2023-09-09 10:00:00,kWh,129.91407736958826,baseline,hvac_dr_ee
CAMX,2023-09-09 11:00:00,kWh,121.20319699701668,baseline,hvac_dr_ee
CAMX,2023-09-09 12:00:00,kWh,119.73259010735322,baseline,hvac_dr_ee
CAMX,2023-09-09 13:00:00,kWh,118.79699005621933,baseline,hvac_dr_ee
CAMX,2023-09-09 14:00:00,kWh,119.86373051686297,baseline,hvac_dr_ee
CAMX,2023-09-09 15:00:00,kWh,121.40107798383117,baseline,hvac_dr_ee
CAMX,2023-09-09 16:00:00,kWh,117.50092846726295,baseline,hvac_dr_ee
CAMX,2023-09-09 17:00:00,kWh,102.79562279197441,baseline,hvac_dr_ee
CAMX,2023-09-09 18:00:00,kWh,96.41927620544675,baseline,hvac_dr_ee
CAMX,2023-09-09 19:00:00,kWh,85.78613076265674,baseline,hvac_dr_ee
CAMX,2023-09-09 20:00:00,kWh,89.75036728377437,baseline,hvac_dr_ee
CAMX,2023-09-09 21:00:00,kWh,92.36269520338861,baseline,hvac_dr_ee
CAMX,2023-09-09 22:00:00,kWh,78.77904418052836,baseline,hvac_dr_ee
CAMX,2023-09-09 23:00:00,kWh,86.26124850488598,baseline,hvac_dr_ee
CAMX,2023-09-10 00:00:00,kWh,85.89820730354302,baseline,hvac_dr_ee
CAMX,2023-09-10 01:00:00,kWh,78.35416941824978,baseline,hvac_dr_ee
CAMX,2023-09-10 02:00:00,kWh,85.60689354224581,baseline,hvac_dr_ee
CAMX,2023-09-10 03:00:00,kWh,86.43985079510409,baseline,hvac_dr_ee
CAMX,2023-09-10 04:00:00,kWh,77.2279021272064,baseline,hvac_dr_ee
CAMX,2023-09-10 05:00:00,kWh,85.83322868381318,baseline,hvac_dr_ee
CAMX,2023-09-10 06:00:00,kWh,87.89211171098086,baseline,hvac_dr_ee
CAMX,2023-09-10 07:00:00,kWh,87.83123609129444,baseline,hvac_dr_ee
CAMX,2023-09-10 08:00:00,kWh,98.9988137161807,baseline,hvac_dr_ee
CAMX,2023-09-10 09:00:00,kWh,98.94202382882469,baseline,hvac_dr_ee
CAMX,2023-09-10 10:00:00,kWh,91.27525342626791,baseline,hvac_dr_ee
CAMX,2023-09-10 11:00:00,kWh,100.97547273742208,baseline,hvac_dr_ee
CAMX,2023-09-10 12:00:00,kWh,100.73707126490395,baseline,hvac_dr_ee
CAMX,2023-09-10 13:00:00,kWh,94.19752469063924,baseline,hvac_dr_ee
CAMX,2023-09-10 14:00:00,kWh,106.28093856024951,baseline,hvac_dr_ee
CAMX,2023-09-10 15:00:00,kWh,105.43764334675981,baseline,hvac_dr_ee
CAMX,2023-09-10 16:00:00,kWh,94.84357826116413,baseline,hvac_dr_ee
CAMX,2023-09-10 17:00:00,kWh,103.59323747036817,baseline,hvac_dr_ee
CAMX,2023-09-10 18:00:00,kWh,98.87120737483522,baseline,hvac_dr_ee
CAMX,2023-09-10 19:00:00,kWh,87.08948466272315,baseline,hvac_dr_ee
CAMX,2023-09-10 20:00:00,kWh,93.59067898435099,baseline,hvac_dr_ee
CAMX,2023-09-10 21:00:00,kWh,91.93832033489784,baseline,hvac_dr_ee
CAMX,2023-09-10 22:00:00,kWh,78.22769236339957,baseline,hvac_dr_ee
CAMX,2023-09-10 23:00:00,kWh,87.60230580174962,baseline,hvac_dr_ee
CAMX,2023-09-11 00:00:00,kWh,88.91721866641731,baseline,hvac_dr_ee
CAMX,2023-09-11 01:00:00,kWh,79.5551136183695,baseline,hvac_dr_ee
CAMX,2023-09-11 02:00:00,kWh,86.43546075371245,baseline,hvac_dr_ee
CAMX,2023-09-11 03:00:00,kWh,87.39391947396808,baseline,hvac_dr_ee
CAMX,2023-09-11 04:00:00,kWh,83.79395135453441,baseline,hvac_dr_ee
CAMX,2023-09-11 05:00:00,kWh,123.0436139156673,baseline,hvac_dr_ee
CAMX,2023-09-11 06:00:00,kWh,146.83563053508166,baseline,hvac_dr_ee
CAMX,2023-09-11 07:00:00,kWh,169.3356707948115,baseline,hvac_dr_ee
CAMX,2023-09-11 08:00:00,kWh,167.4516421205258,baseline,hvac_dr_ee
CAMX,2023-09-11 09:00:00,kWh,171.31935000962793,baseline,hvac_dr_ee
CAMX,2023-09-11 10:00:00,kWh,175.37949455044986,baseline,hvac_dr_ee
CAMX,2023-09-11 11:00:00,kWh,176.36717434843564,baseline,hvac_dr_ee
CAMX,2023-09-11 12:00:00,kWh,184.7545012327983,baseline,hvac_dr_ee
CAMX,2023-09-11 13:00:00,kWh,185.52609566477759,baseline,hvac_dr_ee
CAMX,2023-09-11 14:00:00,kWh,193.97088462362987,baseline,hvac_dr_ee
CAMX,2023-09-11 15:00:00,kWh,203.5692175206477,baseline,hvac_dr_ee
CAMX,2023-09-11 16:00:00,kWh,165.93397686376073,baseline,hvac_dr_ee
CAMX,2023-09-11 17:00:00,kWh,134.82544548849862,baseline,hvac_dr_ee
CAMX,2023-09-11 18:00:00,kWh,126.9957024489994,baseline,hvac_dr_ee
CAMX,2023-09-11 19:00:00,kWh,119.76661841910654,baseline,hvac_dr_ee
CAMX,2023-09-11 20:00:00,kWh,118.16313559368493,baseline,hvac_dr_ee
CAMX,2023-09-11 21:00:00,kWh,100.13855945926963,baseline,hvac_dr_ee
CAMX,2023-09-11 22:00:00,kWh,96.90051850823396,baseline,hvac_dr_ee
CAMX,2023-09-11 23:00:00,kWh,88.33006908669276,baseline,hvac_dr_ee
CAMX,2023-09-12 00:00:00,kWh,96.58129556881828,baseline,hvac_dr_ee
CAMX,2023-09-12 01:00:00,kWh,95.71524775914634,baseline,hvac_dr_ee
CAMX,2023-09-12 02:00:00,kWh,87.41649624851706,baseline,hvac_dr_ee
CAMX,2023-09-12 03:00:00,kWh,95.56774761453109,baseline,hvac_dr_ee
CAMX,2023-09-12 04:00:00,kWh,100.88997545013521,baseline,hvac_dr_ee
CAMX,2023-09-12 05:00:00,kWh,123.30427220521173,baseline,hvac_dr_ee
CAMX,2023-09-12 06:00:00,kWh,151.0177526075118,baseline,hvac_dr_ee
CAMX,2023-09-12 07:00:00,kWh,175.1728038054258,baseline,hvac_dr_ee
CAMX,2023-09-12 08:00:00,kWh,178.5526002050704,baseline,hvac_dr_ee
CAMX,2023-09-12 09:00:00,kWh,189.6517564824192,baseline,hvac_dr_ee
CAMX,2023-09-12 10:00:00,kWh,196.85418002536505,baseline,hvac_dr_ee
CAMX,2023-09-12 11:00:00,kWh,190.51334656592041,baseline,hvac_dr_ee
CAMX,2023-09-12 12:00:00,kWh,201.72814767311152,baseline,hvac_dr_ee
CAMX,2023-09-12 13:00:00,kWh,203.05412777676574,baseline,hvac_dr_ee
CAMX,2023-09-12 14:00:00,kWh,209.790043530511,baseline,hvac_dr_ee
CAMX,2023-09-12 15:00:00,kWh,218.59283197191888,baseline,hvac_dr_ee
CAMX,2023-09-12 16:00:00,kWh,173.40290021518598,baseline,hvac_dr_ee
CAMX,2023-09-12 17:00:00,kWh,138.91308483738948,baseline,hvac_dr_ee
CAMX,2023-09-12 18:00:00,kWh,130.06129770097567,baseline,hvac_dr_ee
CAMX,2023-09-12 19:00:00,kWh,120.94877973569092,baseline,hvac_dr_ee
CAMX,2023-09-12 20:00:00,kWh,118.9016055303573,baseline,hvac_dr_ee
CAMX,2023-09-12 21:00:00,kWh,102.57658305335369,baseline,hvac_dr_ee
CAMX,2023-09-12 22:00:00,kWh,97.96412637481038,baseline,hvac_dr_ee
CAMX,2023-09-12 23:00:00,kWh,90.48540424605795,baseline,hvac_dr_ee
CAMX,2023-09-13 00:00:00,kWh,97.58825844615544,baseline,hvac_dr_ee
CAMX,2023-09-13 01:00:00,kWh,97.37640065785905,baseline,hvac_dr_ee
CAMX,2023-09-13 02:00:00,kWh,88.8598864147502,baseline,hvac_dr_ee
CAMX,2023-09-13 03:00:00,kWh,96.76787875490052,baseline,hvac_dr_ee
CAMX,2023-09-13 04:00:00,kWh,100.52144147426561,baseline,hvac_dr_ee
CAMX,2023-09-13 05:00:00,kWh,123.26078488530769,baseline,hvac_dr_ee
CAMX,2023-09-13 06:00:00,kWh,151.94068381045923,baseline,hvac_dr_ee
CAMX,2023-09-13 07:00:00,kWh,176.69563177773384,baseline,hvac_dr_ee
CAMX,2023-09-13 08:00:00,kWh,176.75357299626097,baseline,hvac_dr_ee
CAMX,2023-09-13 09:00:00,kWh,186.86720789964454,baseline,hvac_dr_ee
CAMX,2023-09-13 10:00:00,kWh,196.95337542678584,baseline,hvac_dr_ee
CAMX,2023-09-13 11:00:00,kWh,191.95872279876667,baseline,hvac_dr_ee
CAMX,2023-09-13 12:00:00,kWh,205.3420261001238,baseline,hvac_dr_ee
CAMX,2023-09-13 13:00:00,kWh,206.99841058520443,baseline,hvac_dr_ee
CAMX,2023-09-13 14:00:00,kWh,220.26947967986575,baseline,hvac_dr_ee
CAMX,2023-09-13 15:00:00,kWh,230.7569888930112,baseline,hvac_dr_ee
CAMX,2023-09-13 16:00:00,kWh,179.1123272215533,baseline,hvac_dr_ee
CAMX,2023-09-13 17:00:00,kWh,139.43245990018718,baseline,hvac_dr_ee
CAMX,2023-09-13 18:00:00,kWh,129.51758487041647,baseline,hvac_dr_ee
CAMX,2023-09-13 19:00:00,kWh,120.86434101727323,baseline,hvac_dr_ee
CAMX,2023-09-13 20:00:00,kWh,118.86344579508318,baseline,hvac_dr_ee
CAMX,2023-09-13 21:00:00,kWh,103.99496307456319,baseline,hvac_dr_ee
CAMX,2023-09-13 22:00:00,kWh,99.33539683441035,baseline,hvac_dr_ee
CAMX,2023-09-13 23:00:00,kWh,90.31871522067641,baseline,hvac_dr_ee
CAMX,2023-09-14 00:00:00,kWh,99.2763528683736,baseline,hvac_dr_ee
CAMX,2023-09-14 01:00:00,kWh,97.82749001171425,baseline,hvac_dr_ee
CAMX,2023-09-14 02:00:00,kWh,88.7241067011744,baseline,hvac_dr_ee
CAMX,2023-09-14 03:00:00,kWh,97.34054488864273,baseline,hvac_dr_ee
CAMX,2023-09-14 04:00:00,kWh,104.34706568492598,baseline,hvac_dr_ee
CAMX,2023-09-14 05:00:00,kWh,123.61220839545244,baseline,hvac_dr_ee
CAMX,2023-09-14 06:00:00,kWh,152.70333457923306,baseline,hvac_dr_ee
CAMX,2023-09-14 07:00:00,kWh,174.87498973247372,baseline,hvac_dr_ee
CAMX,2023-09-14 08:00:00,kWh,175.35629640221842,baseline,hvac_dr_ee
CAMX,2023-09-14 09:00:00,kWh,186.53927621917316,baseline,hvac_dr_ee
CAMX,2023-09-14 10:00:00,kWh,199.74794945346164,baseline,hvac_dr_ee
CAMX,2023-09-14 11:00:00,kWh,197.49725022283025,baseline,hvac_dr_ee
CAMX,2023-09-14 12:00:00,kWh,209.89247554343478,baseline,hvac_dr_ee
CAMX,2023-09-14 13:00:00,kWh,211.34461791326265,baseline,hvac_dr_ee
CAMX,2023-09-14 14:00:00,kWh,221.07319121788865,baseline,hvac_dr_ee
CAMX,2023-09-14 15:00:00,kWh,230.19088911257913,baseline,hvac_dr_ee
CAMX,2023-09-14 16:00:00,kWh,183.08876532183373,baseline,hvac_dr_ee
CAMX,2023-09-14 17:00:00,kWh,145.5900290003167,baseline,hvac_dr_ee
CAMX,2023-09-14 18:00:00,kWh,132.6603812113213,baseline,hvac_dr_ee
CAMX,2023-09-14 19:00:00,kWh,124.4227165628117,baseline,hvac_dr_ee
CAMX,2023-09-14 20:00:00,kWh,123.24207770961392,baseline,hvac_dr_ee
CAMX,2023-09-14 21:00:00,kWh,106.3543715902471,baseline,hvac_dr_ee
CAMX,2023-09-14 22:00:00,kWh,100.86279242210543,baseline,hvac_dr_ee
CAMX,2023-09-14 23:00:00,kWh,93.52743382016169,baseline,hvac_dr_ee
CAMX,2023-09-15 00:00:00,kWh,100.3514075504446,baseline,hvac_dr_ee
CAMX,2023-09-15 01:00:00,kWh,98.08680386026292,baseline,hvac_dr_ee
CAMX,2023-09-15 02:00:00,kWh,91.82848284703323,baseline,hvac_dr_ee
CAMX,2023-09-15 03:00:00,kWh,96.2453076330777,baseline,hvac_dr_ee
CAMX,2023-09-15 04:00:00,kWh,105.49162503639747,baseline,hvac_dr_ee
CAMX,2023-09-15 05:00:00,kWh,124.59236927879854,baseline,hvac_dr_ee
CAMX,2023-09-15 06:00:00,kWh,153.5344409448058,baseline,hvac_dr_ee
CAMX,2023-09-15 07:00:00,kWh,180.612195073713,baseline,hvac_dr_ee
CAMX,2023-09-15 08:00:00,kWh,185.0607421000519,baseline,hvac_dr_ee
CAMX,2023-09-15 09:00:00,kWh,197.53860497955486,baseline,hvac_dr_ee
CAMX,2023-09-15 10:00:00,kWh,204.53919773589493,baseline,hvac_dr_ee
CAMX,2023-09-15 11:00:00,kWh,198.0632357792653,baseline,hvac_dr_ee
CAMX,2023-09-15 12:00:00,kWh,211.73353506067141,baseline,hvac_dr_ee
CAMX,2023-09-15 13:00:00,kWh,218.55331106486986,baseline,hvac_dr_ee
CAMX,2023-09-15 14:00:00,kWh,234.24244076269906,baseline,hvac_dr_ee
CAMX,2023-09-15 15:00:00,kWh,280.6566755670815,baseline,hvac_dr_ee
CAMX,2023-09-15 16:00:00,kWh,299.84752086532455,baseline,hvac_dr_ee
CAMX,2023-09-15 17:00:00,kWh,271.52352957209223,baseline,hvac_dr_ee
CAMX,2023-09-15 18:00:00,kWh,150.29634766027425,baseline,hvac_dr_ee
CAMX,2023-09-15 19:00:00,kWh,125.06440559911601,baseline,hvac_dr_ee
CAMX,2023-09-15 20:00:00,kWh,122.65929311548217,baseline,hvac_dr_ee
CAMX,2023-09-15 21:00:00,kWh,108.6391966661136,baseline,hvac_dr_ee
CAMX,2023-09-15 22:00:00,kWh,103.31168462737145,baseline,hvac_dr_ee
CAMX,2023-09-15 23:00:00,kWh,95.06017515421533,baseline,hvac_dr_ee
CAMX,2023-09-16 00:00:00,kWh,99.4444218243821,baseline,hvac_dr_ee
CAMX,2023-09-16 01:00:00,kWh,95.04965121451983,baseline,hvac_dr_ee
CAMX,2023-09-16 02:00:00,kWh,87.80817021038743,baseline,hvac_dr_ee
CAMX,2023-09-16 03:00:00,kWh,93.96645553341737,baseline,hvac_dr_ee
CAMX,2023-09-16 04:00:00,kWh,99.61716899744565,baseline,hvac_dr_ee
CAMX,2023-09-16 05:00:00,kWh,117.79498161829827,baseline,hvac_dr_ee
CAMX,2023-09-16 06:00:00,kWh,122.68712368073487,baseline,hvac_dr_ee
CAMX,2023-09-16 07:00:00,kWh,132.87044391562682,baseline,hvac_dr_ee
CAMX,2023-09-16 08:00:00,kWh,141.8267772724971,baseline,hvac_dr_ee
CAMX,2023-09-16 09:00:00,kWh,147.33080846497876,baseline,hvac_dr_ee
CAMX,2023-09-16 10:00:00,kWh,154.5272368710648,baseline,hvac_dr_ee
CAMX,2023-09-16 11:00:00,kWh,142.90502444323727,baseline,hvac_dr_ee
CAMX,2023-09-16 12:00:00,kWh,138.22823184093525,baseline,hvac_dr_ee
CAMX,2023-09-16 13:00:00,kWh,138.2145631313599,baseline,hvac_dr_ee
CAMX,2023-09-16 14:00:00,kWh,137.21496164140123,baseline,hvac_dr_ee
CAMX,2023-09-16 15:00:00,kWh,140.53850559543844,baseline,hvac_dr_ee
CAMX,2023-09-16 16:00:00,kWh,132.4435148605267,baseline,hvac_dr_ee
CAMX,2023-09-16 17:00:00,kWh,113.82909197658316,baseline,hvac_dr_ee
CAMX,2023-09-16 18:00:00,kWh,103.10490507515382,baseline,hvac_dr_ee
CAMX,2023-09-16 19:00:00,kWh,89.44811518543204,baseline,hvac_dr_ee
CAMX,2023-09-16 20:00:00,kWh,97.98544111636274,baseline,hvac_dr_ee
CAMX,2023-09-16 21:00:00,kWh,94.48708084365265,baseline,hvac_dr_ee
CAMX,2023-09-16 22:00:00,kWh,86.6022303192274,baseline,hvac_dr_ee
CAMX,2023-09-16 23:00:00,kWh,94.85249381130897,baseline,hvac_dr_ee
CAMX,2023-09-17 00:00:00,kWh,92.70580676464644,baseline,hvac_dr_ee
CAMX,2023-09-17 01:00:00,kWh,83.63300728574396,baseline,hvac_dr_ee
CAMX,2023-09-17 02:00:00,kWh,89.1698653880507,baseline,hvac_dr_ee
CAMX,2023-09-17 03:00:00,kWh,90.18775191010778,baseline,hvac_dr_ee
CAMX,2023-09-17 04:00:00,kWh,80.26877993770748,baseline,hvac_dr_ee
CAMX,2023-09-17 05:00:00,kWh,86.92840993472467,baseline,hvac_dr_ee
CAMX,2023-09-17 06:00:00,kWh,91.19173724307525,baseline,hvac_dr_ee
CAMX,2023-09-17 07:00:00,kWh,84.79813088108673,baseline,hvac_dr_ee
CAMX,2023-09-17 08:00:00,kWh,98.2258195172642,baseline,hvac_dr_ee
CAMX,2023-09-17 09:00:00,kWh,100.56674774570963,baseline,hvac_dr_ee
CAMX,2023-09-17 10:00:00,kWh,95.49983383544043,baseline,hvac_dr_ee
CAMX,2023-09-17 11:00:00,kWh,108.4553416566921,baseline,hvac_dr_ee
CAMX,2023-09-17 12:00:00,kWh,108.68252581643804,baseline,hvac_dr_ee
CAMX,2023-09-17 13:00:00,kWh,101.21099398258667,baseline,hvac_dr_ee
CAMX,2023-09-17 14:00:00,kWh,116.37066585953485,baseline,hvac_dr_ee
CAMX,2023-09-17 15:00:00,kWh,116.5935648624947,baseline,hvac_dr_ee
CAMX,2023-09-17 16:00:00,kWh,103.70469449793373,baseline,hvac_dr_ee
CAMX,2023-09-17 17:00:00,kWh,112.33668755100902,baseline,hvac_dr_ee
CAMX,2023-09-17 18:00:00,kWh,101.02761690653556,baseline,hvac_dr_ee
CAMX,2023-09-17 19:00:00,kWh,88.70311437948367,baseline,hvac_dr_ee
CAMX,2023-09-17 20:00:00,kWh,96.50716435508565,baseline,hvac_dr_ee
CAMX,2023-09-17 21:00:00,kWh,92.85568624516988,baseline,hvac_dr_ee
CAMX,2023-09-17 22:00:00,kWh,85.30313906383111,baseline,hvac_dr_ee
CAMX,2023-09-17 23:00:00,kWh,91.84274533421747,baseline,hvac_dr_ee
CAMX,2023-09-18 00:00:00,kWh,92.90101801602358,baseline,hvac_dr_ee
CAMX,2023-09-18 01:00:00,kWh,88.90303555327884,baseline,hvac_dr_ee
CAMX,2023-09-18 02:00:00,kWh,89.78556394495678,baseline,hvac_dr_ee
CAMX,2023-09-18 03:00:00,kWh,91.78783172481312,baseline,hvac_dr_ee
CAMX,2023-09-18 04:00:00,kWh,91.75467868357082,baseline,hvac_dr_ee
CAMX,2023-09-18 05:00:00,kWh,124.00118229847595,baseline,hvac_dr_ee
CAMX,2023-09-18 06:00:00,kWh,152.9644249160121,baseline,hvac_dr_ee
CAMX,2023-09-18 07:00:00,kWh,176.79253207455827,baseline,hvac_dr_ee
CAMX,2023-09-18 08:00:00,kWh,177.42325915509034,baseline,hvac_dr_ee
CAMX,2023-09-18 09:00:00,kWh,185.5476873872341,baseline,hvac_dr_ee
CAMX,2023-09-18 10:00:00,kWh,193.186618137725,baseline,hvac_dr_ee
CAMX,2023-09-18 11:00:00,kWh,187.17068419580113,baseline,hvac_dr_ee
CAMX,2023-09-18 12:00:00,kWh,197.3083171455877,baseline,hvac_dr_ee
CAMX,2023-09-18 13:00:00,kWh,202.32779058346858,baseline,hvac_dr_ee
CAMX,2023-09-18 14:00:00,kWh,200.42024954257835,baseline,hvac_dr_ee
CAMX,2023-09-18 15:00:00,kWh,204.0180869952659,baseline,hvac_dr_ee
CAMX,2023-09-18 16:00:00,kWh,169.84402379547348,baseline,hvac_dr_ee
CAMX,2023-09-18 17:00:00,kWh,138.02031366420624,baseline,hvac_dr_ee
CAMX,2023-09-18 18:00:00,kWh,129.88610033001288,baseline,hvac_dr_ee
CAMX,2023-09-18 19:00:00,kWh,125.61711831101228,baseline,hvac_dr_ee
CAMX,2023-09-18 20:00:00,kWh,124.25076513558926,baseline,hvac_dr_ee
CAMX,2023-09-18 21:00:00,kWh,102.12274202057723,baseline,hvac_dr_ee
CAMX,2023-09-18 22:00:00,kWh,99.32784287180678,baseline,hvac_dr_ee
CAMX,2023-09-18 23:00:00,kWh,90.83648752986592,baseline,hvac_dr_ee
CAMX,2023-09-19 00:00:00,kWh,97.52012729114492,baseline,hvac_dr_ee
CAMX,2023-09-19 01:00:00,kWh,96.02237652049044,baseline,hvac_dr_ee
CAMX,2023-09-19 02:00:00,kWh,89.32537722638386,baseline,hvac_dr_ee
CAMX,2023-09-19 03:00:00,kWh,96.06332052836467,baseline,hvac_dr_ee
CAMX,2023-09-19 04:00:00,kWh,100.64274939448383,baseline,hvac_dr_ee
CAMX,2023-09-19 05:00:00,kWh,125.46899773734953,baseline,hvac_dr_ee
CAMX,2023-09-19 06:00:00,kWh,157.02349403827782,baseline,hvac_dr_ee
CAMX,2023-09-19 07:00:00,kWh,178.06416165724355,baseline,hvac_dr_ee
CAMX,2023-09-19 08:00:00,kWh,172.49593895671603,baseline,hvac_dr_ee
CAMX,2023-09-19 09:00:00,kWh,176.16046736659538,baseline,hvac_dr_ee
CAMX,2023-09-19 10:00:00,kWh,184.29791508922148,baseline,hvac_dr_ee
CAMX,2023-09-19 11:00:00,kWh,184.71165968142947,baseline,hvac_dr_ee
CAMX,2023-09-19 12:00:00,kWh,200.20605417306712,baseline,hvac_dr_ee
CAMX,2023-09-19 13:00:00,kWh,198.7840390246359,baseline,hvac_dr_ee
CAMX,2023-09-19 14:00:00,kWh,202.00504192864835,baseline,hvac_dr_ee
CAMX,2023-09-19 15:00:00,kWh,205.359906417373,baseline,hvac_dr_ee
CAMX,2023-09-19 16:00:00,kWh,162.23109581798002,baseline,hvac_dr_ee
CAMX,2023-09-19 17:00:00,kWh,132.11025092020967,baseline,hvac_dr_ee
CAMX,2023-09-19 18:00:00,kWh,129.16176131182146,baseline,hvac_dr_ee
CAMX,2023-09-19 19:00:00,kWh,126.236952013603,baseline,hvac_dr_ee
CAMX,2023-09-19 20:00:00,kWh,127.08373837768428,baseline,hvac_dr_ee
CAMX,2023-09-19 21:00:00,kWh,101.94549946042856,baseline,hvac_dr_ee
CAMX,2023-09-19 22:00:00,kWh,98.76849921694404,baseline,hvac_dr_ee
CAMX,2023-09-19 23:00:00,kWh,90.24361453863114,baseline,hvac_dr_ee
CAMX,2023-09-20 00:00:00,kWh,98.23699628849491,baseline,hvac_dr_ee
CAMX,2023-09-20 01:00:00,kWh,97.26506534007905,baseline,hvac_dr_ee
CAMX,2023-09-20 02:00:00,kWh,91.06034698990337,baseline,hvac_dr_ee
CAMX,2023-09-20 03:00:00,kWh,96.57568881588698,baseline,hvac_dr_ee
CAMX,2023-09-20 04:00:00,kWh,105.85781204867739,baseline,hvac_dr_ee
CAMX,2023-09-20 05:00:00,kWh,126.12879449172405,baseline,hvac_dr_ee
CAMX,2023-09-20 06:00:00,kWh,159.23799956044758,baseline,hvac_dr_ee
CAMX,2023-09-20 07:00:00,kWh,182.83808640469834,baseline,hvac_dr_ee
CAMX,2023-09-20 08:00:00,kWh,183.88788044732485,baseline,hvac_dr_ee
CAMX,2023-09-20 09:00:00,kWh,189.3274839309542,baseline,hvac_dr_ee
CAMX,2023-09-20 10:00:00,kWh,196.65729450646842,baseline,hvac_dr_ee
CAMX,2023-09-20 11:00:00,kWh,195.77150382252304,baseline,hvac_dr_ee
CAMX,2023-09-20 12:00:00,kWh,211.78099925654274,baseline,hvac_dr_ee
CAMX,2023-09-20 13:00:00,kWh,226.98853798628073,baseline,hvac_dr_ee
CAMX,2023-09-20 14:00:00,kWh,231.24773949615383,baseline,hvac_dr_ee
CAMX,2023-09-20 15:00:00,kWh,320.1053533355348,baseline,hvac_dr_ee
CAMX,2023-09-20 16:00:00,kWh,195.9288380290377,baseline,hvac_dr_ee
CAMX,2023-09-20 17:00:00,kWh,149.5371832911179,baseline,hvac_dr_ee
CAMX,2023-09-20 18:00:00,kWh,136.58816523304648,baseline,hvac_dr_ee
CAMX,2023-09-20 19:00:00,kWh,127.19075548132489,baseline,hvac_dr_ee
CAMX,2023-09-20 20:00:00,kWh,125.8830450277246,baseline,hvac_dr_ee
CAMX,2023-09-20 21:00:00,kWh,103.69415066612365,baseline,hvac_dr_ee
CAMX,2023-09-20 22:00:00,kWh,99.41971553299135,baseline,hvac_dr_ee
CAMX,2023-09-20 23:00:00,kWh,92.10561627420617,baseline,hvac_dr_ee
CAMX,2023-09-21 00:00:00,kWh,97.47228205826832,baseline,hvac_dr_ee
CAMX,2023-09-21 01:00:00,kWh,99.32959028550736,baseline,hvac_dr_ee
CAMX,2023-09-21 02:00:00,kWh,88.390899362254,baseline,hvac_dr_ee
CAMX,2023-09-21 03:00:00,kWh,97.20765087214004,baseline,hvac_dr_ee
CAMX,2023-09-21 04:00:00,kWh,103.47135326141196,baseline,hvac_dr_ee
CAMX,2023-09-21 05:00:00,kWh,124.23904317431308,baseline,hvac_dr_ee
CAMX,2023-09-21 06:00:00,kWh,155.00542522915202,baseline,hvac_dr_ee
CAMX,2023-09-21 07:00:00,kWh,176.95853918612548,baseline,hvac_dr_ee
CAMX,2023-09-21 08:00:00,kWh,177.55542881746965,baseline,hvac_dr_ee
CAMX,2023-09-21 09:00:00,kWh,183.52970729940193,baseline,hvac_dr_ee
CAMX,2023-09-21 10:00:00,kWh,190.50328569218968,baseline,hvac_dr_ee
CAMX,2023-09-21 11:00:00,kWh,184.17563516368105,baseline,hvac_dr_ee
CAMX,2023-09-21 12:00:00,kWh,187.63102561583645,baseline,hvac_dr_ee
CAMX,2023-09-21 13:00:00,kWh,191.35869376807008,baseline,hvac_dr_ee
CAMX,2023-09-21 14:00:00,kWh,199.44253127069277,baseline,hvac_dr_ee
CAMX,2023-09-21 15:00:00,kWh,193.7130104916783,baseline,hvac_dr_ee
CAMX,2023-09-21 16:00:00,kWh,155.8708848876778,baseline,hvac_dr_ee
CAMX,2023-09-21 17:00:00,kWh,127.43359979320249,baseline,hvac_dr_ee
CAMX,2023-09-21 18:00:00,kWh,127.4787514217245,baseline,hvac_dr_ee
CAMX,2023-09-21 19:00:00,kWh,125.01721504792361,baseline,hvac_dr_ee
CAMX,2023-09-21 20:00:00,kWh,124.11473235637277,baseline,hvac_dr_ee
CAMX,2023-09-21 21:00:00,kWh,99.3058445451469,baseline,hvac_dr_ee
CAMX,2023-09-21 22:00:00,kWh,97.68220655347952,baseline,hvac_dr_ee
CAMX,2023-09-21 23:00:00,kWh,88.02072512883828,baseline,hvac_dr_ee
CAMX,2023-09-22 00:00:00,kWh,100.06967699035367,baseline,hvac_dr_ee
CAMX,2023-09-22 01:00:00,kWh,94.18688300421674,baseline,hvac_dr_ee
CAMX,2023-09-22 02:00:00,kWh,88.0188165533756,baseline,hvac_dr_ee
CAMX,2023-09-22 03:00:00,kWh,98.45365574875461,baseline,hvac_dr_ee
CAMX,2023-09-22 04:00:00,kWh,102.96670641634967,baseline,hvac_dr_ee
CAMX,2023-09-22 05:00:00,kWh,124.44889186973523,baseline,hvac_dr_ee
CAMX,2023-09-22 06:00:00,kWh,154.63234532516822,baseline,hvac_dr_ee
CAMX,2023-09-22 07:00:00,kWh,175.6617977434574,baseline,hvac_dr_ee
CAMX,2023-09-22 08:00:00,kWh,168.14917510620336,baseline,hvac_dr_ee
CAMX,2023-09-22 09:00:00,kWh,168.72229757654796,baseline,hvac_dr_ee
CAMX,2023-09-22 10:00:00,kWh,171.40728165330503,baseline,hvac_dr_ee
CAMX,2023-09-22 11:00:00,kWh,171.8369216785586,baseline,hvac_dr_ee
CAMX,2023-09-22 12:00:00,kWh,175.37881327539014,baseline,hvac_dr_ee
CAMX,2023-09-22 13:00:00,kWh,174.80894540701598,baseline,hvac_dr_ee
CAMX,2023-09-22 14:00:00,kWh,182.62603061496503,baseline,hvac_dr_ee
CAMX,2023-09-22 15:00:00,kWh,189.6524097340042,baseline,hvac_dr_ee
CAMX,2023-09-22 16:00:00,kWh,158.64374112867338,baseline,hvac_dr_ee
CAMX,2023-09-22 17:00:00,kWh,131.89190237289552,baseline,hvac_dr_ee
CAMX,2023-09-22 18:00:00,kWh,126.79484978117378,baseline,hvac_dr_ee
CAMX,2023-09-22 19:00:00,kWh,122.59801011882084,baseline,hvac_dr_ee
CAMX,2023-09-22 20:00:00,kWh,121.80122377744297,baseline,hvac_dr_ee
CAMX,2023-09-22 21:00:00,kWh,96.79280072523828,baseline,hvac_dr_ee
CAMX,2023-09-22 22:00:00,kWh,95.34999183179468,baseline,hvac_dr_ee
CAMX,2023-09-22 23:00:00,kWh,89.32969632553426,baseline,hvac_dr_ee
CAMX,2023-09-23 00:00:00,kWh,91.14245387507728,baseline,hvac_dr_ee
CAMX,2023-09-23 01:00:00,kWh,90.80223629288389,baseline,hvac_dr_ee
CAMX,2023-09-23 02:00:00,kWh,82.19946899947354,baseline,hvac_dr_ee
CAMX,2023-09-23 03:00:00,kWh,91.315942605778,baseline,hvac_dr_ee
CAMX,2023-09-23 04:00:00,kWh,91.7864164258191,baseline,hvac_dr_ee
CAMX,2023-09-23 05:00:00,kWh,117.11502800032437,baseline,hvac_dr_ee
CAMX,2023-09-23 06:00:00,kWh,120.2766768845314,baseline,hvac_dr_ee
CAMX,2023-09-23 07:00:00,kWh,127.39185725596116,baseline,hvac_dr_ee
CAMX,2023-09-23 08:00:00,kWh,129.53533154372371,baseline,hvac_dr_ee
CAMX,2023-09-23 09:00:00,kWh,129.4440687252807,baseline,hvac_dr_ee
CAMX,2023-09-23 10:00:00,kWh,131.77597877094868,baseline,hvac_dr_ee
CAMX,2023-09-23 11:00:00,kWh,123.0933684156858,baseline,hvac_dr_ee
CAMX,2023-09-23 12:00:00,kWh,121.63010591045415,baseline,hvac_dr_ee
CAMX,2023-09-23 13:00:00,kWh,122.97333209079001,baseline,hvac_dr_ee
CAMX,2023-09-23 14:00:00,kWh,122.63233078460823,baseline,hvac_dr_ee
CAMX,2023-09-23 15:00:00,kWh,122.33977961645003,baseline,hvac_dr_ee
CAMX,2023-09-23 16:00:00,kWh,118.71423414169561,baseline,hvac_dr_ee
CAMX,2023-09-23 17:00:00,kWh,100.14921406417389,baseline,hvac_dr_ee
CAMX,2023-09-23 18:00:00,kWh,93.88776369667391,baseline,hvac_dr_ee
CAMX,2023-09-23 19:00:00,kWh,79.55304664355634,baseline,hvac_dr_ee
CAMX,2023-09-23 20:00:00,kWh,85.78185967505013,baseline,hvac_dr_ee
CAMX,2023-09-23 21:00:00,kWh,85.71276443419733,baseline,hvac_dr_ee
CAMX,2023-09-23 22:00:00,kWh,78.92770831561542,baseline,hvac_dr_ee
CAMX,2023-09-23 23:00:00,kWh,86.14231145186378,baseline,hvac_dr_ee
CAMX,2023-09-24 00:00:00,kWh,84.66272265811213,baseline,hvac_dr_ee
CAMX,2023-09-24 01:00:00,kWh,77.42796470118319,baseline,hvac_dr_ee
CAMX,2023-09-24 02:00:00,kWh,84.35327172223728,baseline,hvac_dr_ee
CAMX,2023-09-24 03:00:00,kWh,85.27460261525555,baseline,hvac_dr_ee
CAMX,2023-09-24 04:00:00,kWh,77.66746488079919,baseline,hvac_dr_ee
CAMX,2023-09-24 05:00:00,kWh,86.5337180127476,baseline,hvac_dr_ee
CAMX,2023-09-24 06:00:00,kWh,85.6000408730422,baseline,hvac_dr_ee
CAMX,2023-09-24 07:00:00,kWh,84.70132004829699,baseline,hvac_dr_ee
CAMX,2023-09-24 08:00:00,kWh,94.39006326881902,baseline,hvac_dr_ee
CAMX,2023-09-24 09:00:00,kWh,95.85929960249558,baseline,hvac_dr_ee
CAMX,2023-09-24 10:00:00,kWh,89.2469135564963,baseline,hvac_dr_ee
CAMX,2023-09-24 11:00:00,kWh,98.46268254814157,baseline,hvac_dr_ee
CAMX,2023-09-24 12:00:00,kWh,99.23340996506701,baseline,hvac_dr_ee
CAMX,2023-09-24 13:00:00,kWh,92.49328529712614,baseline,hvac_dr_ee
CAMX,2023-09-24 14:00:00,kWh,101.52274862343185,baseline,hvac_dr_ee
CAMX,2023-09-24 15:00:00,kWh,100.99136128873947,baseline,hvac_dr_ee
CAMX,2023-09-24 16:00:00,kWh,91.88857087032699,baseline,hvac_dr_ee
CAMX,2023-09-24 17:00:00,kWh,94.91633272825081,baseline,hvac_dr_ee
CAMX,2023-09-24 18:00:00,kWh,94.49294158931203,baseline,hvac_dr_ee
CAMX,2023-09-24 19:00:00,kWh,82.7426460419314,baseline,hvac_dr_ee
CAMX,2023-09-24 20:00:00,kWh,92.69362251334948,baseline,hvac_dr_ee
CAMX,2023-09-24 21:00:00,kWh,88.1471767689159,baseline,hvac_dr_ee
CAMX,2023-09-24 22:00:00,kWh,77.54447702712781,baseline,hvac_dr_ee
CAMX,2023-09-24 23:00:00,kWh,84.39012790039192,baseline,hvac_dr_ee
CAMX,2023-09-25 00:00:00,kWh,87.65256468568444,baseline,hvac_dr_ee
CAMX,2023-09-25 01:00:00,kWh,81.31614090073731,baseline,hvac_dr_ee
CAMX,2023-09-25 02:00:00,kWh,86.71578476682105,baseline,hvac_dr_ee
CAMX,2023-09-25 03:00:00,kWh,85.23180674255201,baseline,hvac_dr_ee
CAMX,2023-09-25 04:00:00,kWh,83.49150248510831,baseline,hvac_dr_ee
CAMX,2023-09-25 05:00:00,kWh,123.12481355469126,baseline,hvac_dr_ee
CAMX,2023-09-25 06:00:00,kWh,152.676829003774,baseline,hvac_dr_ee
CAMX,2023-09-25 07:00:00,kWh,170.39102653058322,baseline,hvac_dr_ee
CAMX,2023-09-25 08:00:00,kWh,162.9851557511243,baseline,hvac_dr_ee
CAMX,2023-09-25 09:00:00,kWh,163.61057851685342,baseline,hvac_dr_ee
CAMX,2023-09-25 10:00:00,kWh,160.00516302429963,baseline,hvac_dr_ee
CAMX,2023-09-25 11:00:00,kWh,163.08526355695975,baseline,hvac_dr_ee
CAMX,2023-09-25 12:00:00,kWh,164.2050509189359,baseline,hvac_dr_ee
CAMX,2023-09-25 13:00:00,kWh,162.39120191660635,baseline,hvac_dr_ee
CAMX,2023-09-25 14:00:00,kWh,164.14067077052698,baseline,hvac_dr_ee
CAMX,2023-09-25 15:00:00,kWh,167.49221739908944,baseline,hvac_dr_ee
CAMX,2023-09-25 16:00:00,kWh,147.623137271625,baseline,hvac_dr_ee
CAMX,2023-09-25 17:00:00,kWh,123.29508401907906,baseline,hvac_dr_ee
CAMX,2023-09-25 18:00:00,kWh,121.99355753467499,baseline,hvac_dr_ee
CAMX,2023-09-25 19:00:00,kWh,119.09057040449572,baseline,hvac_dr_ee
CAMX,2023-09-25 20:00:00,kWh,118.4394816670889,baseline,hvac_dr_ee
CAMX,2023-09-25 21:00:00,kWh,92.67044963842761,baseline,hvac_dr_ee
CAMX,2023-09-25 22:00:00,kWh,93.88731023557708,baseline,hvac_dr_ee
CAMX,2023-09-25 23:00:00,kWh,85.91938161967167,baseline,hvac_dr_ee
CAMX,2023-09-26 00:00:00,kWh,92.52946713850775,baseline,hvac_dr_ee
CAMX,2023-09-26 01:00:00,kWh,93.01635670137497,baseline,hvac_dr_ee
CAMX,2023-09-26 02:00:00,kWh,83.4521828600077,baseline,hvac_dr_ee
CAMX,2023-09-26 03:00:00,kWh,91.26768545893492,baseline,hvac_dr_ee
CAMX,2023-09-26 04:00:00,kWh,97.61940717670177,baseline,hvac_dr_ee
CAMX,2023-09-26 05:00:00,kWh,124.92334786938318,baseline,hvac_dr_ee
CAMX,2023-09-26 06:00:00,kWh,153.80372752691952,baseline,hvac_dr_ee
CAMX,2023-09-26 07:00:00,kWh,173.95700019375354,baseline,hvac_dr_ee
CAMX,2023-09-26 08:00:00,kWh,162.97996125244126,baseline,hvac_dr_ee
CAMX,2023-09-26 09:00:00,kWh,157.8873916684023,baseline,hvac_dr_ee
CAMX,2023-09-26 10:00:00,kWh,162.60057531681178,baseline,hvac_dr_ee
CAMX,2023-09-26 11:00:00,kWh,165.27416988223428,baseline,hvac_dr_ee
CAMX,2023-09-26 12:00:00,kWh,165.75766949821178,baseline,hvac_dr_ee
CAMX,2023-09-26 13:00:00,kWh,165.12168682877882,baseline,hvac_dr_ee
CAMX,2023-09-26 14:00:00,kWh,165.827380772242,baseline,hvac_dr_ee
CAMX,2023-09-26 15:00:00,kWh,168.28822815801018,baseline,hvac_dr_ee
CAMX,2023-09-26 16:00:00,kWh,147.8594888683978,baseline,hvac_dr_ee
CAMX,2023-09-26 17:00:00,kWh,125.28248517765566,baseline,hvac_dr_ee
CAMX,2023-09-26 18:00:00,kWh,123.44702613227471,baseline,hvac_dr_ee
CAMX,2023-09-26 19:00:00,kWh,120.65221359609255,baseline,hvac_dr_ee
CAMX,2023-09-26 20:00:00,kWh,120.53350978380678,baseline,hvac_dr_ee
CAMX,2023-09-26 21:00:00,kWh,93.80244530439325,baseline,hvac_dr_ee
CAMX,2023-09-26 22:00:00,kWh,93.54153606937709,baseline,hvac_dr_ee
CAMX,2023-09-26 23:00:00,kWh,86.08662031270612,baseline,hvac_dr_ee
CAMX,2023-09-27 00:00:00,kWh,92.2564505193719,baseline,hvac_dr_ee
CAMX,2023-09-27 01:00:00,kWh,91.27357543564513,baseline,hvac_dr_ee
CAMX,2023-09-27 02:00:00,kWh,83.55026290539814,baseline,hvac_dr_ee
CAMX,2023-09-27 03:00:00,kWh,92.63203327737062,baseline,hvac_dr_ee
CAMX,2023-09-27 04:00:00,kWh,99.43980331608128,baseline,hvac_dr_ee
CAMX,2023-09-27 05:00:00,kWh,125.66453310943257,baseline,hvac_dr_ee
CAMX,2023-09-27 06:00:00,kWh,153.829204698886,baseline,hvac_dr_ee
CAMX,2023-09-27 07:00:00,kWh,170.0345893441751,baseline,hvac_dr_ee
CAMX,2023-09-27 08:00:00,kWh,160.98676417742945,baseline,hvac_dr_ee
CAMX,2023-09-27 09:00:00,kWh,155.8673479861479,baseline,hvac_dr_ee
CAMX,2023-09-27 10:00:00,kWh,160.29389830494654,baseline,hvac_dr_ee
CAMX,2023-09-27 11:00:00,kWh,163.4691554810479,baseline,hvac_dr_ee
CAMX,2023-09-27 12:00:00,kWh,165.7000155863268,baseline,hvac_dr_ee
CAMX,2023-09-27 13:00:00,kWh,164.6755997740189,baseline,hvac_dr_ee
CAMX,2023-09-27 14:00:00,kWh,167.2303742910009,baseline,hvac_dr_ee
CAMX,2023-09-27 15:00:00,kWh,174.06678604258803,baseline,hvac_dr_ee
CAMX,2023-09-27 16:00:00,kWh,148.23439732468128,baseline,hvac_dr_ee
CAMX,2023-09-27 17:00:00,kWh,123.79695639935281,baseline,hvac_dr_ee
CAMX,2023-09-27 18:00:00,kWh,122.21657691485855,baseline,hvac_dr_ee
CAMX,2023-09-27 19:00:00,kWh,118.68159803266727,baseline,hvac_dr_ee
CAMX,2023-09-27 20:00:00,kWh,118.33459075037214,baseline,hvac_dr_ee
CAMX,2023-09-27 21:00:00,kWh,93.29638491565156,baseline,hvac_dr_ee
CAMX,2023-09-27 22:00:00,kWh,93.9807903023972,baseline,hvac_dr_ee
CAMX,2023-09-27 23:00:00,kWh,85.98548381224226,baseline,hvac_dr_ee
CAMX,2023-09-28 00:00:00,kWh,91.63459603265929,baseline,hvac_dr_ee
CAMX,2023-09-28 01:00:00,kWh,93.17914758167665,baseline,hvac_dr_ee
CAMX,2023-09-28 02:00:00,kWh,85.01698829302921,baseline,hvac_dr_ee
CAMX,2023-09-28 03:00:00,kWh,91.42999967737958,baseline,hvac_dr_ee
CAMX,2023-09-28 04:00:00,kWh,99.24047550719105,baseline,hvac_dr_ee
CAMX,2023-09-28 05:00:00,kWh,125.10770366478116,baseline,hvac_dr_ee
CAMX,2023-09-28 06:00:00,kWh,153.43532834039235,baseline,hvac_dr_ee
CAMX,2023-09-28 07:00:00,kWh,170.21806865012184,baseline,hvac_dr_ee
CAMX,2023-09-28 08:00:00,kWh,160.58784659167296,baseline,hvac_dr_ee
CAMX,2023-09-28 09:00:00,kWh,161.96282069381274,baseline,hvac_dr_ee
CAMX,2023-09-28 10:00:00,kWh,165.74279562760094,baseline,hvac_dr_ee
CAMX,2023-09-28 11:00:00,kWh,168.67017570373253,baseline,hvac_dr_ee
CAMX,2023-09-28 12:00:00,kWh,170.1520682878825,baseline,hvac_dr_ee
CAMX,2023-09-28 13:00:00,kWh,169.45821733096946,baseline,hvac_dr_ee
CAMX,2023-09-28 14:00:00,kWh,170.87839434273684,baseline,hvac_dr_ee
CAMX,2023-09-28 15:00:00,kWh,174.29431545118064,baseline,hvac_dr_ee
CAMX,2023-09-28 16:00:00,kWh,148.2937152351738,baseline,hvac_dr_ee
CAMX,2023-09-28 17:00:00,kWh,123.58401446550793,baseline,hvac_dr_ee
CAMX,2023-09-28 18:00:00,kWh,121.8952401487133,baseline,hvac_dr_ee
CAMX,2023-09-28 19:00:00,kWh,118.75753415239825,baseline,hvac_dr_ee
CAMX,2023-09-28 20:00:00,kWh,118.27791405221811,baseline,hvac_dr_ee
CAMX,2023-09-28 21:00:00,kWh,93.89114707321906,baseline,hvac_dr_ee
CAMX,2023-09-28 22:00:00,kWh,93.58608239661046,baseline,hvac_dr_ee
CAMX,2023-09-28 23:00:00,kWh,86.08064192271152,baseline,hvac_dr_ee
CAMX,2023-09-29 00:00:00,kWh,92.53567493637122,baseline,hvac_dr_ee
CAMX,2023-09-29 01:00:00,kWh,92.17240574001615,baseline,hvac_dr_ee
CAMX,2023-09-29 02:00:00,kWh,85.09498230891467,baseline,hvac_dr_ee
CAMX,2023-09-29 03:00:00,kWh,92.7198930632678,baseline,hvac_dr_ee
CAMX,2023-09-29 04:00:00,kWh,98.32501044764427,baseline,hvac_dr_ee
CAMX,2023-09-29 05:00:00,kWh,124.97593062155593,baseline,hvac_dr_ee
CAMX,2023-09-29 06:00:00,kWh,152.27367177507176,baseline,hvac_dr_ee
CAMX,2023-09-29 07:00:00,kWh,177.9592013051102,baseline,hvac_dr_ee
CAMX,2023-09-29 08:00:00,kWh,175.3315564240463,baseline,hvac_dr_ee
CAMX,2023-09-29 09:00:00,kWh,182.00320177726155,baseline,hvac_dr_ee
CAMX,2023-09-29 10:00:00,kWh,211.4261510647489,baseline,hvac_dr_ee
CAMX,2023-09-29 11:00:00,kWh,211.9958873568222,baseline,hvac_dr_ee
CAMX,2023-09-29 12:00:00,kWh,216.33847150297612,baseline,hvac_dr_ee
CAMX,2023-09-29 13:00:00,kWh,212.76071225340218,baseline,hvac_dr_ee
CAMX,2023-09-29 14:00:00,kWh,222.06514029602198,baseline,hvac_dr_ee
CAMX,2023-09-29 15:00:00,kWh,232.05229141537342,baseline,hvac_dr_ee
CAMX,2023-09-29 16:00:00,kWh,189.1108643388447,baseline,hvac_dr_ee
CAMX,2023-09-29 17:00:00,kWh,130.71386297003335,baseline,hvac_dr_ee
CAMX,2023-09-29 18:00:00,kWh,125.3741471548918,baseline,hvac_dr_ee
CAMX,2023-09-29 19:00:00,kWh,121.21097095020531,baseline,hvac_dr_ee
CAMX,2023-09-29 20:00:00,kWh,119.11077056203032,baseline,hvac_dr_ee
CAMX,2023-09-29 21:00:00,kWh,99.71714383999932,baseline,hvac_dr_ee
CAMX,2023-09-29 22:00:00,kWh,94.96932114795666,baseline,hvac_dr_ee
CAMX,2023-09-29 23:00:00,kWh,89.42545893779398,baseline,hvac_dr_ee
CAMX,2023-09-30 00:00:00,kWh,92.79400020826688,baseline,hvac_dr_ee
CAMX,2023-09-30 01:00:00,kWh,88.9267366982437,baseline,hvac_dr_ee
CAMX,2023-09-30 02:00:00,kWh,81.78562902622889,baseline,hvac_dr_ee
CAMX,2023-09-30 03:00:00,kWh,91.72906577655904,baseline,hvac_dr_ee
CAMX,2023-09-30 04:00:00,kWh,97.64711658131728,baseline,hvac_dr_ee
CAMX,2023-09-30 05:00:00,kWh,116.63968326666011,baseline,hvac_dr_ee
CAMX,2023-09-30 06:00:00,kWh,119.02335398521423,baseline,hvac_dr_ee
CAMX,2023-09-30 07:00:00,kWh,129.24226984936013,baseline,hvac_dr_ee
CAMX,2023-09-30 08:00:00,kWh,133.7208945439228,baseline,hvac_dr_ee
CAMX,2023-09-30 09:00:00,kWh,137.18345593555355,baseline,hvac_dr_ee
CAMX,2023-09-30 10:00:00,kWh,141.42486426273092,baseline,hvac_dr_ee
CAMX,2023-09-30 11:00:00,kWh,131.8192492684774,baseline,hvac_dr_ee
CAMX,2023-09-30 12:00:00,kWh,130.534916309114,baseline,hvac_dr_ee
CAMX,2023-09-30 13:00:00,kWh,132.3335968885654,baseline,hvac_dr_ee
CAMX,2023-09-30 14:00:00,kWh,132.9768095520575,baseline,hvac_dr_ee
CAMX,2023-09-30 15:00:00,kWh,129.95479098316602,baseline,hvac_dr_ee
CAMX,2023-09-30 16:00:00,kWh,114.95934141898553,baseline,hvac_dr_ee
CAMX,2023-09-30 17:00:00,kWh,96.91050095943098,baseline,hvac_dr_ee
CAMX,2023-09-30 18:00:00,kWh,91.33023282807743,baseline,hvac_dr_ee
CAMX,2023-09-30 19:00:00,kWh,81.03502700468957,baseline,hvac_dr_ee
CAMX,2023-09-30 20:00:00,kWh,87.65528053801441,baseline,hvac_dr_ee
CAMX,2023-09-30 21:00:00,kWh,87.13419792586501,baseline,hvac_dr_ee
CAMX,2023-09-30 22:00:00,kWh,80.7612934281115,baseline,hvac_dr_ee
CAMX,2023-09-30 23:00:00,kWh,86.16006285847169,baseline,hvac_dr_ee
CAMX,2023-10-01 00:00:00,kWh,86.65806979758887,baseline,hvac_dr_ee
CAMX,2023-10-01 01:00:00,kWh,77.84718503078483,baseline,hvac_dr_ee
CAMX,2023-10-01 02:00:00,kWh,86.298439724254,baseline,hvac_dr_ee
CAMX,2023-10-01 03:00:00,kWh,85.98863078523374,baseline,hvac_dr_ee
CAMX,2023-10-01 04:00:00,kWh,77.94415600410268,baseline,hvac_dr_ee
CAMX,2023-10-01 05:00:00,kWh,85.79067553327683,baseline,hvac_dr_ee
CAMX,2023-10-01 06:00:00,kWh,85.77761035307797,baseline,hvac_dr_ee
CAMX,2023-10-01 07:00:00,kWh,81.9557535959783,baseline,hvac_dr_ee
CAMX,2023-10-01 08:00:00,kWh,93.98550992189465,baseline,hvac_dr_ee
CAMX,2023-10-01 09:00:00,kWh,95.76979188322458,baseline,hvac_dr_ee
CAMX,2023-10-01 10:00:00,kWh,88.19564932105249,baseline,hvac_dr_ee
CAMX,2023-10-01 11:00:00,kWh,101.11063766486532,baseline,hvac_dr_ee
CAMX,2023-10-01 12:00:00,kWh,103.33554113885864,baseline,hvac_dr_ee
CAMX,2023-10-01 13:00:00,kWh,95.25234971674224,baseline,hvac_dr_ee
CAMX,2023-10-01 14:00:00,kWh,105.56622344198337,baseline,hvac_dr_ee
CAMX,2023-10-01 15:00:00,kWh,104.01949951887936,baseline,hvac_dr_ee
CAMX,2023-10-01 16:00:00,kWh,91.94208202387199,baseline,hvac_dr_ee
CAMX,2023-10-01 17:00:00,kWh,98.65065730224896,baseline,hvac_dr_ee
CAMX,2023-10-01 18:00:00,kWh,97.35946394854122,baseline,hvac_dr_ee
CAMX,2023-10-01 19:00:00,kWh,80.26529949786045,baseline,hvac_dr_ee
CAMX,2023-10-01 20:00:00,kWh,87.25094942066407,baseline,hvac_dr_ee
CAMX,2023-10-01 21:00:00,kWh,85.56852482794946,baseline,hvac_dr_ee
CAMX,2023-10-01 22:00:00,kWh,77.8174031848178,baseline,hvac_dr_ee
CAMX,2023-10-01 23:00:00,kWh,82.71340569303445,baseline,hvac_dr_ee
CAMX,2023-10-02 00:00:00,kWh,85.03693435650314,baseline,hvac_dr_ee
CAMX,2023-10-02 01:00:00,kWh,77.80306185799228,baseline,hvac_dr_ee
CAMX,2023-10-02 02:00:00,kWh,81.29826276114446,baseline,hvac_dr_ee
CAMX,2023-10-02 03:00:00,kWh,84.59764854219799,baseline,hvac_dr_ee
CAMX,2023-10-02 04:00:00,kWh,84.33080266434379,baseline,hvac_dr_ee
CAMX,2023-10-02 05:00:00,kWh,125.66379581520897,baseline,hvac_dr_ee
CAMX,2023-10-02 06:00:00,kWh,147.17974375335666,baseline,hvac_dr_ee
CAMX,2023-10-02 07:00:00,kWh,164.73815125323753,baseline,hvac_dr_ee
CAMX,2023-10-02 08:00:00,kWh,160.67948390677267,baseline,hvac_dr_ee
CAMX,2023-10-02 09:00:00,kWh,162.8669427907842,baseline,hvac_dr_ee
CAMX,2023-10-02 10:00:00,kWh,166.985534852688,baseline,hvac_dr_ee
CAMX,2023-10-02 11:00:00,kWh,171.51079701133006,baseline,hvac_dr_ee
CAMX,2023-10-02 12:00:00,kWh,178.28184478277572,baseline,hvac_dr_ee
CAMX,2023-10-02 13:00:00,kWh,176.845398659972,baseline,hvac_dr_ee
CAMX,2023-10-02 14:00:00,kWh,178.4259331738796,baseline,hvac_dr_ee
CAMX,2023-10-02 15:00:00,kWh,184.2041437695525,baseline,hvac_dr_ee
CAMX,2023-10-02 16:00:00,kWh,156.0587200428973,baseline,hvac_dr_ee
CAMX,2023-10-02 17:00:00,kWh,127.62159371190614,baseline,hvac_dr_ee
CAMX,2023-10-02 18:00:00,kWh,122.6637373584373,baseline,hvac_dr_ee
CAMX,2023-10-02 19:00:00,kWh,119.56833200364613,baseline,hvac_dr_ee
CAMX,2023-10-02 20:00:00,kWh,118.84187247026702,baseline,hvac_dr_ee
CAMX,2023-10-02 21:00:00,kWh,94.7908153819189,baseline,hvac_dr_ee
CAMX,2023-10-02 22:00:00,kWh,94.12335794463178,baseline,hvac_dr_ee
CAMX,2023-10-02 23:00:00,kWh,83.77166868522356,baseline,hvac_dr_ee
CAMX,2023-10-03 00:00:00,kWh,97.12621646187792,baseline,hvac_dr_ee
CAMX,2023-10-03 01:00:00,kWh,88.73734661080289,baseline,hvac_dr_ee
CAMX,2023-10-03 02:00:00,kWh,85.33957390978694,baseline,hvac_dr_ee
CAMX,2023-10-03 03:00:00,kWh,91.6845786532451,baseline,hvac_dr_ee
CAMX,2023-10-03 04:00:00,kWh,95.0342474905666,baseline,hvac_dr_ee
CAMX,2023-10-03 05:00:00,kWh,124.90248293920313,baseline,hvac_dr_ee
CAMX,2023-10-03 06:00:00,kWh,150.20511742813068,baseline,hvac_dr_ee
CAMX,2023-10-03 07:00:00,kWh,166.51286599629833,baseline,hvac_dr_ee
CAMX,2023-10-03 08:00:00,kWh,159.0585139224215,baseline,hvac_dr_ee
CAMX,2023-10-03 09:00:00,kWh,161.65175369161082,baseline,hvac_dr_ee
CAMX,2023-10-03 10:00:00,kWh,172.76371150813964,baseline,hvac_dr_ee
CAMX,2023-10-03 11:00:00,kWh,176.12032399359742,baseline,hvac_dr_ee
CAMX,2023-10-03 12:00:00,kWh,182.45559416723978,baseline,hvac_dr_ee
CAMX,2023-10-03 13:00:00,kWh,180.3551213823751,baseline,hvac_dr_ee
CAMX,2023-10-03 14:00:00,kWh,179.00220566956375,baseline,hvac_dr_ee
CAMX,2023-10-03 15:00:00,kWh,183.79748895447477,baseline,hvac_dr_ee
CAMX,2023-10-03 16:00:00,kWh,153.1282545615,baseline,hvac_dr_ee
CAMX,2023-10-03 17:00:00,kWh,124.90186718154939,baseline,hvac_dr_ee
CAMX,2023-10-03 18:00:00,kWh,122.13706883637319,baseline,hvac_dr_ee
CAMX,2023-10-03 19:00:00,kWh,118.32766443890804,baseline,hvac_dr_ee
CAMX,2023-10-03 20:00:00,kWh,116.82723989948862,baseline,hvac_dr_ee
CAMX,2023-10-03 21:00:00,kWh,94.9744186517232,baseline,hvac_dr_ee
CAMX,2023-10-03 22:00:00,kWh,94.23691090921386,baseline,hvac_dr_ee
CAMX,2023-10-03 23:00:00,kWh,88.17802775162588,baseline,hvac_dr_ee
CAMX,2023-10-04 00:00:00,kWh,92.49823100637772,baseline,hvac_dr_ee
CAMX,2023-10-04 01:00:00,kWh,94.16831341687491,baseline,hvac_dr_ee
CAMX,2023-10-04 02:00:00,kWh,83.03884143334629,baseline,hvac_dr_ee
CAMX,2023-10-04 03:00:00,kWh,91.97787714911094,baseline,hvac_dr_ee
CAMX,2023-10-04 04:00:00,kWh,96.93861088231687,baseline,hvac_dr_ee
CAMX,2023-10-04 05:00:00,kWh,125.56115541915695,baseline,hvac_dr_ee
CAMX,2023-10-04 06:00:00,kWh,149.20368698273774,baseline,hvac_dr_ee
CAMX,2023-10-04 07:00:00,kWh,166.48056319544423,baseline,hvac_dr_ee
CAMX,2023-10-04 08:00:00,kWh,157.6991543980751,baseline,hvac_dr_ee
CAMX,2023-10-04 09:00:00,kWh,163.68882180717725,baseline,hvac_dr_ee
CAMX,2023-10-04 10:00:00,kWh,176.44228577388844,baseline,hvac_dr_ee
CAMX,2023-10-04 11:00:00,kWh,175.62939488823233,baseline,hvac_dr_ee
CAMX,2023-10-04 12:00:00,kWh,181.4196722765015,baseline,hvac_dr_ee
CAMX,2023-10-04 13:00:00,kWh,182.23978896458047,baseline,hvac_dr_ee
CAMX,2023-10-04 14:00:00,kWh,188.4623128451729,baseline,hvac_dr_ee
CAMX,2023-10-04 15:00:00,kWh,196.53741959557868,baseline,hvac_dr_ee
CAMX,2023-10-04 16:00:00,kWh,162.34152665497436,baseline,hvac_dr_ee
CAMX,2023-10-04 17:00:00,kWh,131.96939957732974,baseline,hvac_dr_ee
CAMX,2023-10-04 18:00:00,kWh,125.6065947379934,baseline,hvac_dr_ee
CAMX,2023-10-04 19:00:00,kWh,122.16427291307411,baseline,hvac_dr_ee
CAMX,2023-10-04 20:00:00,kWh,121.70730129240883,baseline,hvac_dr_ee
CAMX,2023-10-04 21:00:00,kWh,96.33365086878,baseline,hvac_dr_ee
CAMX,2023-10-04 22:00:00,kWh,94.2722359086313,baseline,hvac_dr_ee
CAMX,2023-10-04 23:00:00,kWh,90.6618430036639,baseline,hvac_dr_ee
CAMX,2023-10-05 00:00:00,kWh,92.45645255934298,baseline,hvac_dr_ee
CAMX,2023-10-05 01:00:00,kWh,94.39399355392787,baseline,hvac_dr_ee
CAMX,2023-10-05 02:00:00,kWh,85.35454494771818,baseline,hvac_dr_ee
CAMX,2023-10-05 03:00:00,kWh,92.63883192463483,baseline,hvac_dr_ee
CAMX,2023-10-05 04:00:00,kWh,95.91804079656097,baseline,hvac_dr_ee
CAMX,2023-10-05 05:00:00,kWh,124.33347944011403,baseline,hvac_dr_ee
CAMX,2023-10-05 06:00:00,kWh,155.1059508438101,baseline,hvac_dr_ee
CAMX,2023-10-05 07:00:00,kWh,174.31828803904617,baseline,hvac_dr_ee
CAMX,2023-10-05 08:00:00,kWh,159.95114992171946,baseline,hvac_dr_ee
CAMX,2023-10-05 09:00:00,kWh,162.1552471765241,baseline,hvac_dr_ee
CAMX,2023-10-05 10:00:00,kWh,171.54892808264088,baseline,hvac_dr_ee
CAMX,2023-10-05 11:00:00,kWh,173.48525731573085,baseline,hvac_dr_ee
CAMX,2023-10-05 12:00:00,kWh,178.41674320932077,baseline,hvac_dr_ee
CAMX,2023-10-05 13:00:00,kWh,176.83915788204266,baseline,hvac_dr_ee
CAMX,2023-10-05 14:00:00,kWh,180.27687207433868,baseline,hvac_dr_ee
CAMX,2023-10-05 15:00:00,kWh,183.2085214728615,baseline,hvac_dr_ee
CAMX,2023-10-05 16:00:00,kWh,152.357976362709,baseline,hvac_dr_ee
CAMX,2023-10-05 17:00:00,kWh,124.62648659596593,baseline,hvac_dr_ee
CAMX,2023-10-05 18:00:00,kWh,121.60634670784306,baseline,hvac_dr_ee
CAMX,2023-10-05 19:00:00,kWh,117.49323290689398,baseline,hvac_dr_ee
CAMX,2023-10-05 20:00:00,kWh,116.41560549387421,baseline,hvac_dr_ee
CAMX,2023-10-05 21:00:00,kWh,95.7468201422903,baseline,hvac_dr_ee
CAMX,2023-10-05 22:00:00,kWh,93.57676815384818,baseline,hvac_dr_ee
CAMX,2023-10-05 23:00:00,kWh,89.72010691457099,baseline,hvac_dr_ee
CAMX,2023-10-06 00:00:00,kWh,92.30229366795132,baseline,hvac_dr_ee
CAMX,2023-10-06 01:00:00,kWh,93.90440592139254,baseline,hvac_dr_ee
CAMX,2023-10-06 02:00:00,kWh,83.57246802461984,baseline,hvac_dr_ee
CAMX,2023-10-06 03:00:00,kWh,93.66209582340474,baseline,hvac_dr_ee
CAMX,2023-10-06 04:00:00,kWh,98.31966089171198,baseline,hvac_dr_ee
CAMX,2023-10-06 05:00:00,kWh,125.15075657343297,baseline,hvac_dr_ee
CAMX,2023-10-06 06:00:00,kWh,151.2365675281773,baseline,hvac_dr_ee
CAMX,2023-10-06 07:00:00,kWh,167.641401188663,baseline,hvac_dr_ee
CAMX,2023-10-06 08:00:00,kWh,155.13696680139728,baseline,hvac_dr_ee
CAMX,2023-10-06 09:00:00,kWh,153.1681157644185,baseline,hvac_dr_ee
CAMX,2023-10-06 10:00:00,kWh,157.04973463092202,baseline,hvac_dr_ee
CAMX,2023-10-06 11:00:00,kWh,159.502823481779,baseline,hvac_dr_ee
CAMX,2023-10-06 12:00:00,kWh,161.0002180305791,baseline,hvac_dr_ee
CAMX,2023-10-06 13:00:00,kWh,158.14779048037215,baseline,hvac_dr_ee
CAMX,2023-10-06 14:00:00,kWh,159.898948827296,baseline,hvac_dr_ee
CAMX,2023-10-06 15:00:00,kWh,163.82878414124346,baseline,hvac_dr_ee
CAMX,2023-10-06 16:00:00,kWh,145.26254780712705,baseline,hvac_dr_ee
CAMX,2023-10-06 17:00:00,kWh,122.56368780211469,baseline,hvac_dr_ee
CAMX,2023-10-06 18:00:00,kWh,121.78301660877109,baseline,hvac_dr_ee
CAMX,2023-10-06 19:00:00,kWh,118.51721466210954,baseline,hvac_dr_ee
CAMX,2023-10-06 20:00:00,kWh,117.20969696286757,baseline,hvac_dr_ee
CAMX,2023-10-06 21:00:00,kWh,93.5222234346817,baseline,hvac_dr_ee
CAMX,2023-10-06 22:00:00,kWh,92.24064768517123,baseline,hvac_dr_ee
CAMX,2023-10-06 23:00:00,kWh,83.90737511032995,baseline,hvac_dr_ee
CAMX,2023-10-07 00:00:00,kWh,91.02976689639566,baseline,hvac_dr_ee
CAMX,2023-10-07 01:00:00,kWh,84.87479917187666,baseline,hvac_dr_ee
CAMX,2023-10-07 02:00:00,kWh,78.1225238625992,baseline,hvac_dr_ee
CAMX,2023-10-07 03:00:00,kWh,85.06900852244463,baseline,hvac_dr_ee
CAMX,2023-10-07 04:00:00,kWh,84.9895656659501,baseline,hvac_dr_ee
CAMX,2023-10-07 05:00:00,kWh,120.32343166334209,baseline,hvac_dr_ee
CAMX,2023-10-07 06:00:00,kWh,117.61230413665562,baseline,hvac_dr_ee
CAMX,2023-10-07 07:00:00,kWh,123.34742065324716,baseline,hvac_dr_ee
CAMX,2023-10-07 08:00:00,kWh,125.62927272416182,baseline,hvac_dr_ee
CAMX,2023-10-07 09:00:00,kWh,125.71520475015299,baseline,hvac_dr_ee
CAMX,2023-10-07 10:00:00,kWh,127.58025888638328,baseline,hvac_dr_ee
CAMX,2023-10-07 11:00:00,kWh,117.66253774901196,baseline,hvac_dr_ee
CAMX,2023-10-07 12:00:00,kWh,114.3217018542512,baseline,hvac_dr_ee
CAMX,2023-10-07 13:00:00,kWh,113.94577482379108,baseline,hvac_dr_ee
CAMX,2023-10-07 14:00:00,kWh,113.96773550333272,baseline,hvac_dr_ee
CAMX,2023-10-07 15:00:00,kWh,114.23533907982008,baseline,hvac_dr_ee
CAMX,2023-10-07 16:00:00,kWh,107.89672109197855,baseline,hvac_dr_ee
CAMX,2023-10-07 17:00:00,kWh,94.08927695006082,baseline,hvac_dr_ee
CAMX,2023-10-07 18:00:00,kWh,92.37083194625261,baseline,hvac_dr_ee
CAMX,2023-10-07 19:00:00,kWh,78.70878519920693,baseline,hvac_dr_ee
CAMX,2023-10-07 20:00:00,kWh,84.92602832525594,baseline,hvac_dr_ee
CAMX,2023-10-07 21:00:00,kWh,84.75873557202392,baseline,hvac_dr_ee
CAMX,2023-10-07 22:00:00,kWh,77.92112275583577,baseline,hvac_dr_ee
CAMX,2023-10-07 23:00:00,kWh,85.02173968373619,baseline,hvac_dr_ee
CAMX,2023-10-08 00:00:00,kWh,83.85629116054037,baseline,hvac_dr_ee
CAMX,2023-10-08 01:00:00,kWh,76.41057905905492,baseline,hvac_dr_ee
CAMX,2023-10-08 02:00:00,kWh,81.79337682450571,baseline,hvac_dr_ee
CAMX,2023-10-08 03:00:00,kWh,84.33071911761193,baseline,hvac_dr_ee
CAMX,2023-10-08 04:00:00,kWh,75.62565430639198,baseline,hvac_dr_ee
CAMX,2023-10-08 05:00:00,kWh,83.05424881536015,baseline,hvac_dr_ee
CAMX,2023-10-08 06:00:00,kWh,84.33761556264417,baseline,hvac_dr_ee
CAMX,2023-10-08 07:00:00,kWh,79.04671365999991,baseline,hvac_dr_ee
CAMX,2023-10-08 08:00:00,kWh,87.60231251911873,baseline,hvac_dr_ee
CAMX,2023-10-08 09:00:00,kWh,86.91894550701493,baseline,hvac_dr_ee
CAMX,2023-10-08 10:00:00,kWh,79.96848600596434,baseline,hvac_dr_ee
CAMX,2023-10-08 11:00:00,kWh,88.39520014289069,baseline,hvac_dr_ee
CAMX,2023-10-08 12:00:00,kWh,96.1691428779076,baseline,hvac_dr_ee
CAMX,2023-10-08 13:00:00,kWh,91.89563942352021,baseline,hvac_dr_ee
CAMX,2023-10-08 14:00:00,kWh,98.76879643512328,baseline,hvac_dr_ee
CAMX,2023-10-08 15:00:00,kWh,97.39068733172279,baseline,hvac_dr_ee
CAMX,2023-10-08 16:00:00,kWh,89.05756485444002,baseline,hvac_dr_ee
CAMX,2023-10-08 17:00:00,kWh,93.05212984237309,baseline,hvac_dr_ee
CAMX,2023-10-08 18:00:00,kWh,91.64910217834753,baseline,hvac_dr_ee
CAMX,2023-10-08 19:00:00,kWh,78.30131844702069,baseline,hvac_dr_ee
CAMX,2023-10-08 20:00:00,kWh,83.43695569933067,baseline,hvac_dr_ee
CAMX,2023-10-08 21:00:00,kWh,82.53323250349644,baseline,hvac_dr_ee
CAMX,2023-10-08 22:00:00,kWh,72.36841531629928,baseline,hvac_dr_ee
CAMX,2023-10-08 23:00:00,kWh,78.04698812866381,baseline,hvac_dr_ee
CAMX,2023-10-09 00:00:00,kWh,78.58439900057849,baseline,hvac_dr_ee
CAMX,2023-10-09 01:00:00,kWh,75.13775508708697,baseline,hvac_dr_ee
CAMX,2023-10-09 02:00:00,kWh,79.7044167726973,baseline,hvac_dr_ee
CAMX,2023-10-09 03:00:00,kWh,81.35836967711225,baseline,hvac_dr_ee
CAMX,2023-10-09 04:00:00,kWh,83.62055863846015,baseline,hvac_dr_ee
CAMX,2023-10-09 05:00:00,kWh,129.74258970529257,baseline,hvac_dr_ee
CAMX,2023-10-09 06:00:00,kWh,148.69927543145255,baseline,hvac_dr_ee
CAMX,2023-10-09 07:00:00,kWh,163.41038863374945,baseline,hvac_dr_ee
CAMX,2023-10-09 08:00:00,kWh,155.51311080985178,baseline,hvac_dr_ee
CAMX,2023-10-09 09:00:00,kWh,155.36027552348312,baseline,hvac_dr_ee
CAMX,2023-10-09 10:00:00,kWh,162.98127763430875,baseline,hvac_dr_ee
CAMX,2023-10-09 11:00:00,kWh,168.0298411047159,baseline,hvac_dr_ee
CAMX,2023-10-09 12:00:00,kWh,173.92012505444956,baseline,hvac_dr_ee
CAMX,2023-10-09 13:00:00,kWh,172.65313784104495,baseline,hvac_dr_ee
CAMX,2023-10-09 14:00:00,kWh,176.4592953191575,baseline,hvac_dr_ee
CAMX,2023-10-09 15:00:00,kWh,175.65754054195736,baseline,hvac_dr_ee
CAMX,2023-10-09 16:00:00,kWh,149.274311618235,baseline,hvac_dr_ee
CAMX,2023-10-09 17:00:00,kWh,124.25462736780975,baseline,hvac_dr_ee
CAMX,2023-10-09 18:00:00,kWh,123.83051880376956,baseline,hvac_dr_ee
CAMX,2023-10-09 19:00:00,kWh,119.55821325623562,baseline,hvac_dr_ee
CAMX,2023-10-09 20:00:00,kWh,118.14735489807082,baseline,hvac_dr_ee
CAMX,2023-10-09 21:00:00,kWh,89.52796438752496,baseline,hvac_dr_ee
CAMX,2023-10-09 22:00:00,kWh,90.88608230435378,baseline,hvac_dr_ee
CAMX,2023-10-09 23:00:00,kWh,80.91408112790648,baseline,hvac_dr_ee
CAMX,2023-10-10 00:00:00,kWh,88.40525878527944,baseline,hvac_dr_ee
CAMX,2023-10-10 01:00:00,kWh,87.97049749750055,baseline,hvac_dr_ee
CAMX,2023-10-10 02:00:00,kWh,81.25486027897739,baseline,hvac_dr_ee
CAMX,2023-10-10 03:00:00,kWh,88.55856208096404,baseline,hvac_dr_ee
CAMX,2023-10-10 04:00:00,kWh,91.61152997699838,baseline,hvac_dr_ee
CAMX,2023-10-10 05:00:00,kWh,127.13021256310915,baseline,hvac_dr_ee
CAMX,2023-10-10 06:00:00,kWh,145.8220876339656,baseline,hvac_dr_ee
CAMX,2023-10-10 07:00:00,kWh,160.85912591804035,baseline,hvac_dr_ee
CAMX,2023-10-10 08:00:00,kWh,155.827145104333,baseline,hvac_dr_ee
CAMX,2023-10-10 09:00:00,kWh,160.76258848710887,baseline,hvac_dr_ee
CAMX,2023-10-10 10:00:00,kWh,166.7143980334329,baseline,hvac_dr_ee
CAMX,2023-10-10 11:00:00,kWh,171.11391185933348,baseline,hvac_dr_ee
CAMX,2023-10-10 12:00:00,kWh,176.53582603840312,baseline,hvac_dr_ee
CAMX,2023-10-10 13:00:00,kWh,178.2109275305138,baseline,hvac_dr_ee
CAMX,2023-10-10 14:00:00,kWh,182.78479600962984,baseline,hvac_dr_ee
CAMX,2023-10-10 15:00:00,kWh,187.08460351334264,baseline,hvac_dr_ee
CAMX,2023-10-10 16:00:00,kWh,155.74589461184252,baseline,hvac_dr_ee
CAMX,2023-10-10 17:00:00,kWh,125.48843945369029,baseline,hvac_dr_ee
CAMX,2023-10-10 18:00:00,kWh,120.96400495450641,baseline,hvac_dr_ee
CAMX,2023-10-10 19:00:00,kWh,117.50730565045993,baseline,hvac_dr_ee
CAMX,2023-10-10 20:00:00,kWh,117.07437798156249,baseline,hvac_dr_ee
CAMX,2023-10-10 21:00:00,kWh,96.92076818012181,baseline,hvac_dr_ee
CAMX,2023-10-10 22:00:00,kWh,92.44933581227728,baseline,hvac_dr_ee
CAMX,2023-10-10 23:00:00,kWh,88.58916767720783,baseline,hvac_dr_ee
CAMX,2023-10-11 00:00:00,kWh,91.55622747529844,baseline,hvac_dr_ee
CAMX,2023-10-11 01:00:00,kWh,91.89396541831134,baseline,hvac_dr_ee
CAMX,2023-10-11 02:00:00,kWh,82.95208161894007,baseline,hvac_dr_ee
CAMX,2023-10-11 03:00:00,kWh,89.92352627266825,baseline,hvac_dr_ee
CAMX,2023-10-11 04:00:00,kWh,92.39571155272286,baseline,hvac_dr_ee
CAMX,2023-10-11 05:00:00,kWh,124.84778848790748,baseline,hvac_dr_ee
CAMX,2023-10-11 06:00:00,kWh,147.86811477701295,baseline,hvac_dr_ee
CAMX,2023-10-11 07:00:00,kWh,162.92101770873566,baseline,hvac_dr_ee
CAMX,2023-10-11 08:00:00,kWh,158.65820709885074,baseline,hvac_dr_ee
CAMX,2023-10-11 09:00:00,kWh,162.71581083497614,baseline,hvac_dr_ee
CAMX,2023-10-11 10:00:00,kWh,170.77582873298073,baseline,hvac_dr_ee
CAMX,2023-10-11 11:00:00,kWh,172.51455052558106,baseline,hvac_dr_ee
CAMX,2023-10-11 12:00:00,kWh,179.71828140391077,baseline,hvac_dr_ee
CAMX,2023-10-11 13:00:00,kWh,180.75913302263143,baseline,hvac_dr_ee
CAMX,2023-10-11 14:00:00,kWh,186.4038179240152,baseline,hvac_dr_ee
CAMX,2023-10-11 15:00:00,kWh,192.3848444142319,baseline,hvac_dr_ee
CAMX,2023-10-11 16:00:00,kWh,159.84946125398255,baseline,hvac_dr_ee
CAMX,2023-10-11 17:00:00,kWh,128.31347744549151,baseline,hvac_dr_ee
CAMX,2023-10-11 18:00:00,kWh,121.011660237397,baseline,hvac_dr_ee
CAMX,2023-10-11 19:00:00,kWh,116.7638737491845,baseline,hvac_dr_ee
CAMX,2023-10-11 20:00:00,kWh,115.9057079219029,baseline,hvac_dr_ee
CAMX,2023-10-11 21:00:00,kWh,97.07796308473863,baseline,hvac_dr_ee
CAMX,2023-10-11 22:00:00,kWh,94.0684164690609,baseline,hvac_dr_ee
CAMX,2023-10-11 23:00:00,kWh,85.25324179756389,baseline,hvac_dr_ee
CAMX,2023-10-12 00:00:00,kWh,95.40748613670678,baseline,hvac_dr_ee
CAMX,2023-10-12 01:00:00,kWh,90.09251055978761,baseline,hvac_dr_ee
CAMX,2023-10-12 02:00:00,kWh,87.15647517798675,baseline,hvac_dr_ee
CAMX,2023-10-12 03:00:00,kWh,92.33935569320715,baseline,hvac_dr_ee
CAMX,2023-10-12 04:00:00,kWh,102.70978529704158,baseline,hvac_dr_ee
CAMX,2023-10-12 05:00:00,kWh,127.68064986969793,baseline,hvac_dr_ee
CAMX,2023-10-12 06:00:00,kWh,146.41104442103793,baseline,hvac_dr_ee
CAMX,2023-10-12 07:00:00,kWh,165.90942054142616,baseline,hvac_dr_ee
CAMX,2023-10-12 08:00:00,kWh,160.87227705246517,baseline,hvac_dr_ee
CAMX,2023-10-12 09:00:00,kWh,168.31573357236257,baseline,hvac_dr_ee
CAMX,2023-10-12 10:00:00,kWh,179.11775184954845,baseline,hvac_dr_ee
CAMX,2023-10-12 11:00:00,kWh,179.02357657778208,baseline,hvac_dr_ee
CAMX,2023-10-12 12:00:00,kWh,188.92437644942282,baseline,hvac_dr_ee
CAMX,2023-10-12 13:00:00,kWh,190.51903569416328,baseline,hvac_dr_ee
CAMX,2023-10-12 14:00:00,kWh,195.71374960351076,baseline,hvac_dr_ee
CAMX,2023-10-12 15:00:00,kWh,201.93025170694747,baseline,hvac_dr_ee
CAMX,2023-10-12 16:00:00,kWh,162.6157093029771,baseline,hvac_dr_ee
CAMX,2023-10-12 17:00:00,kWh,129.2316501621088,baseline,hvac_dr_ee
CAMX,2023-10-12 18:00:00,kWh,120.6014069479944,baseline,hvac_dr_ee
CAMX,2023-10-12 19:00:00,kWh,117.11000401220733,baseline,hvac_dr_ee
CAMX,2023-10-12 20:00:00,kWh,115.7723141866538,baseline,hvac_dr_ee
CAMX,2023-10-12 21:00:00,kWh,96.91451662266289,baseline,hvac_dr_ee
CAMX,2023-10-12 22:00:00,kWh,93.61617169311765,baseline,hvac_dr_ee
CAMX,2023-10-12 23:00:00,kWh,87.14116288666085,baseline,hvac_dr_ee
CAMX,2023-10-13 00:00:00,kWh,96.12310163394102,baseline,hvac_dr_ee
CAMX,2023-10-13 01:00:00,kWh,90.50735887855572,baseline,hvac_dr_ee
CAMX,2023-10-13 02:00:00,kWh,85.54515281088057,baseline,hvac_dr_ee
CAMX,2023-10-13 03:00:00,kWh,93.80871907288497,baseline,hvac_dr_ee
CAMX,2023-10-13 04:00:00,kWh,101.58304673207583,baseline,hvac_dr_ee
CAMX,2023-10-13 05:00:00,kWh,126.42440024419324,baseline,hvac_dr_ee
CAMX,2023-10-13 06:00:00,kWh,147.48163904373496,baseline,hvac_dr_ee
CAMX,2023-10-13 07:00:00,kWh,161.67998916096593,baseline,hvac_dr_ee
CAMX,2023-10-13 08:00:00,kWh,154.1946297593461,baseline,hvac_dr_ee
CAMX,2023-10-13 09:00:00,kWh,156.5786716615222,baseline,hvac_dr_ee
CAMX,2023-10-13 10:00:00,kWh,162.96853456151942,baseline,hvac_dr_ee
CAMX,2023-10-13 11:00:00,kWh,166.62386330608103,baseline,hvac_dr_ee
CAMX,2023-10-13 12:00:00,kWh,172.68289850688413,baseline,hvac_dr_ee
CAMX,2023-10-13 13:00:00,kWh,175.05493319450662,baseline,hvac_dr_ee
CAMX,2023-10-13 14:00:00,kWh,173.66015958530804,baseline,hvac_dr_ee
CAMX,2023-10-13 15:00:00,kWh,172.23591814408405,baseline,hvac_dr_ee
CAMX,2023-10-13 16:00:00,kWh,144.17045446942393,baseline,hvac_dr_ee
CAMX,2023-10-13 17:00:00,kWh,120.17811914767996,baseline,hvac_dr_ee
CAMX,2023-10-13 18:00:00,kWh,118.31739587089426,baseline,hvac_dr_ee
CAMX,2023-10-13 19:00:00,kWh,114.53186313065132,baseline,hvac_dr_ee
CAMX,2023-10-13 20:00:00,kWh,112.58782861848212,baseline,hvac_dr_ee
CAMX,2023-10-13 21:00:00,kWh,95.19806126864592,baseline,hvac_dr_ee
CAMX,2023-10-13 22:00:00,kWh,93.10212503406481,baseline,hvac_dr_ee
CAMX,2023-10-13 23:00:00,kWh,86.59350445500326,baseline,hvac_dr_ee
CAMX,2023-10-14 00:00:00,kWh,87.9139613173619,baseline,hvac_dr_ee
CAMX,2023-10-14 01:00:00,kWh,86.35579048460575,baseline,hvac_dr_ee
CAMX,2023-10-14 02:00:00,kWh,78.17375740077549,baseline,hvac_dr_ee
CAMX,2023-10-14 03:00:00,kWh,85.94680387861406,baseline,hvac_dr_ee
CAMX,2023-10-14 04:00:00,kWh,101.96687706261483,baseline,hvac_dr_ee
CAMX,2023-10-14 05:00:00,kWh,122.92095283114264,baseline,hvac_dr_ee
CAMX,2023-10-14 06:00:00,kWh,117.60900459559215,baseline,hvac_dr_ee
CAMX,2023-10-14 07:00:00,kWh,122.54642486757879,baseline,hvac_dr_ee
CAMX,2023-10-14 08:00:00,kWh,123.22943289630318,baseline,hvac_dr_ee
CAMX,2023-10-14 09:00:00,kWh,126.7217270298515,baseline,hvac_dr_ee
CAMX,2023-10-14 10:00:00,kWh,132.52293359005023,baseline,hvac_dr_ee
CAMX,2023-10-14 11:00:00,kWh,124.70070995412902,baseline,hvac_dr_ee
CAMX,2023-10-14 12:00:00,kWh,125.04891837704572,baseline,hvac_dr_ee
CAMX,2023-10-14 13:00:00,kWh,126.07603199863752,baseline,hvac_dr_ee
CAMX,2023-10-14 14:00:00,kWh,125.53632477485041,baseline,hvac_dr_ee
CAMX,2023-10-14 15:00:00,kWh,121.60826921822027,baseline,hvac_dr_ee
CAMX,2023-10-14 16:00:00,kWh,109.72256808417919,baseline,hvac_dr_ee
CAMX,2023-10-14 17:00:00,kWh,96.74685029780481,baseline,hvac_dr_ee
CAMX,2023-10-14 18:00:00,kWh,89.96338412978753,baseline,hvac_dr_ee
CAMX,2023-10-14 19:00:00,kWh,79.70976922256222,baseline,hvac_dr_ee
CAMX,2023-10-14 20:00:00,kWh,86.75115500414016,baseline,hvac_dr_ee
CAMX,2023-10-14 21:00:00,kWh,86.19183495282812,baseline,hvac_dr_ee
CAMX,2023-10-14 22:00:00,kWh,79.49391461074399,baseline,hvac_dr_ee
CAMX,2023-10-14 23:00:00,kWh,85.6712853807431,baseline,hvac_dr_ee
CAMX,2023-10-15 00:00:00,kWh,85.08157563790914,baseline,hvac_dr_ee
CAMX,2023-10-15 01:00:00,kWh,76.70462415669996,baseline,hvac_dr_ee
CAMX,2023-10-15 02:00:00,kWh,84.19664445136819,baseline,hvac_dr_ee
CAMX,2023-10-15 03:00:00,kWh,85.76886818769286,baseline,hvac_dr_ee
CAMX,2023-10-15 04:00:00,kWh,76.58731030366269,baseline,hvac_dr_ee
CAMX,2023-10-15 05:00:00,kWh,84.6895198242154,baseline,hvac_dr_ee
CAMX,2023-10-15 06:00:00,kWh,86.77024194499214,baseline,hvac_dr_ee
CAMX,2023-10-15 07:00:00,kWh,79.7154285086693,baseline,hvac_dr_ee
CAMX,2023-10-15 08:00:00,kWh,97.77845734425969,baseline,hvac_dr_ee
CAMX,2023-10-15 09:00:00,kWh,101.0400739679101,baseline,hvac_dr_ee
CAMX,2023-10-15 10:00:00,kWh,92.62197022253197,baseline,hvac_dr_ee
CAMX,2023-10-15 11:00:00,kWh,103.30443553968936,baseline,hvac_dr_ee
CAMX,2023-10-15 12:00:00,kWh,105.10694165703838,baseline,hvac_dr_ee
CAMX,2023-10-15 13:00:00,kWh,98.34379581486971,baseline,hvac_dr_ee
CAMX,2023-10-15 14:00:00,kWh,108.85777353256717,baseline,hvac_dr_ee
CAMX,2023-10-15 15:00:00,kWh,106.06029649755502,baseline,hvac_dr_ee
CAMX,2023-10-15 16:00:00,kWh,93.81715950861017,baseline,hvac_dr_ee
CAMX,2023-10-15 17:00:00,kWh,98.32252852835927,baseline,hvac_dr_ee
CAMX,2023-10-15 18:00:00,kWh,94.92337331479958,baseline,hvac_dr_ee
CAMX,2023-10-15 19:00:00,kWh,79.36900152180604,baseline,hvac_dr_ee
CAMX,2023-10-15 20:00:00,kWh,86.71363686125571,baseline,hvac_dr_ee
CAMX,2023-10-15 21:00:00,kWh,86.28170821805168,baseline,hvac_dr_ee
CAMX,2023-10-15 22:00:00,kWh,77.4395327283604,baseline,hvac_dr_ee
CAMX,2023-10-15 23:00:00,kWh,82.38558526970223,baseline,hvac_dr_ee
CAMX,2023-10-16 00:00:00,kWh,84.47839391396703,baseline,hvac_dr_ee
CAMX,2023-10-16 01:00:00,kWh,81.27275282204202,baseline,hvac_dr_ee
CAMX,2023-10-16 02:00:00,kWh,84.1084126241276,baseline,hvac_dr_ee
CAMX,2023-10-16 03:00:00,kWh,79.22694125442561,baseline,hvac_dr_ee
CAMX,2023-10-16 04:00:00,kWh,83.81552401507165,baseline,hvac_dr_ee
CAMX,2023-10-16 05:00:00,kWh,128.87255180426487,baseline,hvac_dr_ee
CAMX,2023-10-16 06:00:00,kWh,148.9831712137113,baseline,hvac_dr_ee
CAMX,2023-10-16 07:00:00,kWh,170.6300294519598,baseline,hvac_dr_ee
CAMX,2023-10-16 08:00:00,kWh,166.94240425789485,baseline,hvac_dr_ee
CAMX,2023-10-16 09:00:00,kWh,174.01933673507753,baseline,hvac_dr_ee
CAMX,2023-10-16 10:00:00,kWh,208.87272249043838,baseline,hvac_dr_ee
CAMX,2023-10-16 11:00:00,kWh,211.16436759305736,baseline,hvac_dr_ee
CAMX,2023-10-16 12:00:00,kWh,215.16284888480357,baseline,hvac_dr_ee
CAMX,2023-10-16 13:00:00,kWh,214.93831052681566,baseline,hvac_dr_ee
CAMX,2023-10-16 14:00:00,kWh,215.82323859877857,baseline,hvac_dr_ee
CAMX,2023-10-16 15:00:00,kWh,207.72258412423656,baseline,hvac_dr_ee
CAMX,2023-10-16 16:00:00,kWh,159.38323290522396,baseline,hvac_dr_ee
CAMX,2023-10-16 17:00:00,kWh,124.86282007270027,baseline,hvac_dr_ee
CAMX,2023-10-16 18:00:00,kWh,120.30391060688204,baseline,hvac_dr_ee
CAMX,2023-10-16 19:00:00,kWh,114.26449533530896,baseline,hvac_dr_ee
CAMX,2023-10-16 20:00:00,kWh,112.13182884917235,baseline,hvac_dr_ee
CAMX,2023-10-16 21:00:00,kWh,92.05883712221917,baseline,hvac_dr_ee
CAMX,2023-10-16 22:00:00,kWh,92.6303811769767,baseline,hvac_dr_ee
CAMX,2023-10-16 23:00:00,kWh,82.32478780283765,baseline,hvac_dr_ee
CAMX,2023-10-17 00:00:00,kWh,90.72525546129096,baseline,hvac_dr_ee
CAMX,2023-10-17 01:00:00,kWh,89.73289846956524,baseline,hvac_dr_ee
CAMX,2023-10-17 02:00:00,kWh,82.05883485105585,baseline,hvac_dr_ee
CAMX,2023-10-17 03:00:00,kWh,89.10900480930194,baseline,hvac_dr_ee
CAMX,2023-10-17 04:00:00,kWh,92.86975671067438,baseline,hvac_dr_ee
CAMX,2023-10-17 05:00:00,kWh,128.61955708859588,baseline,hvac_dr_ee
CAMX,2023-10-17 06:00:00,kWh,147.89719236710368,baseline,hvac_dr_ee
CAMX,2023-10-17 07:00:00,kWh,169.98183647860887,baseline,hvac_dr_ee
CAMX,2023-10-17 08:00:00,kWh,167.21208019733274,baseline,hvac_dr_ee
CAMX,2023-10-17 09:00:00,kWh,173.76240385423037,baseline,hvac_dr_ee
CAMX,2023-10-17 10:00:00,kWh,182.02995313795603,baseline,hvac_dr_ee
CAMX,2023-10-17 11:00:00,kWh,179.1609570464797,baseline,hvac_dr_ee
CAMX,2023-10-17 12:00:00,kWh,187.98641349195546,baseline,hvac_dr_ee
CAMX,2023-10-17 13:00:00,kWh,188.76932146680605,baseline,hvac_dr_ee
CAMX,2023-10-17 14:00:00,kWh,194.15611441465103,baseline,hvac_dr_ee
CAMX,2023-10-17 15:00:00,kWh,199.32318922942432,baseline,hvac_dr_ee
CAMX,2023-10-17 16:00:00,kWh,158.60881038531846,baseline,hvac_dr_ee
CAMX,2023-10-17 17:00:00,kWh,124.24029715140146,baseline,hvac_dr_ee
CAMX,2023-10-17 18:00:00,kWh,119.8028150073562,baseline,hvac_dr_ee
CAMX,2023-10-17 19:00:00,kWh,112.78664070751017,baseline,hvac_dr_ee
CAMX,2023-10-17 20:00:00,kWh,110.90196545999156,baseline,hvac_dr_ee
CAMX,2023-10-17 21:00:00,kWh,93.4318772239739,baseline,hvac_dr_ee
CAMX,2023-10-17 22:00:00,kWh,93.51780976125733,baseline,hvac_dr_ee
CAMX,2023-10-17 23:00:00,kWh,84.8615241848877,baseline,hvac_dr_ee
CAMX,2023-10-18 00:00:00,kWh,92.84976290508615,baseline,hvac_dr_ee
CAMX,2023-10-18 01:00:00,kWh,89.52400285537836,baseline,hvac_dr_ee
CAMX,2023-10-18 02:00:00,kWh,82.75457777427877,baseline,hvac_dr_ee
CAMX,2023-10-18 03:00:00,kWh,89.4888659963458,baseline,hvac_dr_ee
CAMX,2023-10-18 04:00:00,kWh,95.43196819395553,baseline,hvac_dr_ee
CAMX,2023-10-18 05:00:00,kWh,128.23667963499048,baseline,hvac_dr_ee
CAMX,2023-10-18 06:00:00,kWh,147.51476657167507,baseline,hvac_dr_ee
CAMX,2023-10-18 07:00:00,kWh,162.8985039751678,baseline,hvac_dr_ee
CAMX,2023-10-18 08:00:00,kWh,160.6986523075388,baseline,hvac_dr_ee
CAMX,2023-10-18 09:00:00,kWh,170.72417149470436,baseline,hvac_dr_ee
CAMX,2023-10-18 10:00:00,kWh,178.37681121556847,baseline,hvac_dr_ee
CAMX,2023-10-18 11:00:00,kWh,177.3161000797932,baseline,hvac_dr_ee
CAMX,2023-10-18 12:00:00,kWh,186.68903803656212,baseline,hvac_dr_ee
CAMX,2023-10-18 13:00:00,kWh,186.761091276677,baseline,hvac_dr_ee
CAMX,2023-10-18 14:00:00,kWh,190.30336846889767,baseline,hvac_dr_ee
CAMX,2023-10-18 15:00:00,kWh,192.8250931105256,baseline,hvac_dr_ee
CAMX,2023-10-18 16:00:00,kWh,157.02615497459607,baseline,hvac_dr_ee
CAMX,2023-10-18 17:00:00,kWh,124.20790097312906,baseline,hvac_dr_ee
CAMX,2023-10-18 18:00:00,kWh,120.32104632762407,baseline,hvac_dr_ee
CAMX,2023-10-18 19:00:00,kWh,114.82648600031649,baseline,hvac_dr_ee
CAMX,2023-10-18 20:00:00,kWh,112.74816400496309,baseline,hvac_dr_ee
CAMX,2023-10-18 21:00:00,kWh,95.59468545489369,baseline,hvac_dr_ee
CAMX,2023-10-18 22:00:00,kWh,93.75735625989839,baseline,hvac_dr_ee
CAMX,2023-10-18 23:00:00,kWh,87.04803431171155,baseline,hvac_dr_ee
CAMX,2023-10-19 00:00:00,kWh,90.82926786186658,baseline,hvac_dr_ee
CAMX,2023-10-19 01:00:00,kWh,91.79924430973102,baseline,hvac_dr_ee
CAMX,2023-10-19 02:00:00,kWh,82.57672186153155,baseline,hvac_dr_ee
CAMX,2023-10-19 03:00:00,kWh,92.59348754174206,baseline,hvac_dr_ee
CAMX,2023-10-19 04:00:00,kWh,95.91282528915099,baseline,hvac_dr_ee
CAMX,2023-10-19 05:00:00,kWh,128.45894973273553,baseline,hvac_dr_ee
CAMX,2023-10-19 06:00:00,kWh,146.7968950942356,baseline,hvac_dr_ee
CAMX,2023-10-19 07:00:00,kWh,162.40711513597935,baseline,hvac_dr_ee
CAMX,2023-10-19 08:00:00,kWh,156.77920243850278,baseline,hvac_dr_ee
CAMX,2023-10-19 09:00:00,kWh,164.16170448711134,baseline,hvac_dr_ee
CAMX,2023-10-19 10:00:00,kWh,173.86271009722125,baseline,hvac_dr_ee
CAMX,2023-10-19 11:00:00,kWh,173.10776357729495,baseline,hvac_dr_ee
CAMX,2023-10-19 12:00:00,kWh,179.5484559314221,baseline,hvac_dr_ee
CAMX,2023-10-19 13:00:00,kWh,179.49442394809304,baseline,hvac_dr_ee
CAMX,2023-10-19 14:00:00,kWh,183.0659583450638,baseline,hvac_dr_ee
CAMX,2023-10-19 15:00:00,kWh,186.3920323816325,baseline,hvac_dr_ee
CAMX,2023-10-19 16:00:00,kWh,152.61260902189866,baseline,hvac_dr_ee
CAMX,2023-10-19 17:00:00,kWh,122.86236726536127,baseline,hvac_dr_ee
CAMX,2023-10-19 18:00:00,kWh,119.17217574044874,baseline,hvac_dr_ee
CAMX,2023-10-19 19:00:00,kWh,113.87001188709166,baseline,hvac_dr_ee
CAMX,2023-10-19 20:00:00,kWh,112.45258226059823,baseline,hvac_dr_ee
CAMX,2023-10-19 21:00:00,kWh,94.29902818061483,baseline,hvac_dr_ee
CAMX,2023-10-19 22:00:00,kWh,95.94592982572506,baseline,hvac_dr_ee
CAMX,2023-10-19 23:00:00,kWh,84.92184356700234,baseline,hvac_dr_ee
CAMX,2023-10-20 00:00:00,kWh,96.07798251120211,baseline,hvac_dr_ee
CAMX,2023-10-20 01:00:00,kWh,88.70498145508017,baseline,hvac_dr_ee
CAMX,2023-10-20 02:00:00,kWh,85.42594857675705,baseline,hvac_dr_ee
CAMX,2023-10-20 03:00:00,kWh,88.8948863319791,baseline,hvac_dr_ee
CAMX,2023-10-20 04:00:00,kWh,97.98144448210681,baseline,hvac_dr_ee
CAMX,2023-10-20 05:00:00,kWh,128.25190155399883,baseline,hvac_dr_ee
CAMX,2023-10-20 06:00:00,kWh,148.75614465823014,baseline,hvac_dr_ee
CAMX,2023-10-20 07:00:00,kWh,167.04271337667683,baseline,hvac_dr_ee
CAMX,2023-10-20 08:00:00,kWh,156.67456611927005,baseline,hvac_dr_ee
CAMX,2023-10-20 09:00:00,kWh,160.61530251927834,baseline,hvac_dr_ee
CAMX,2023-10-20 10:00:00,kWh,169.56557428035842,baseline,hvac_dr_ee
CAMX,2023-10-20 11:00:00,kWh,169.6379688872959,baseline,hvac_dr_ee
CAMX,2023-10-20 12:00:00,kWh,177.4666538304808,baseline,hvac_dr_ee
CAMX,2023-10-20 13:00:00,kWh,176.73480490307853,baseline,hvac_dr_ee
CAMX,2023-10-20 14:00:00,kWh,174.23658167066014,baseline,hvac_dr_ee
CAMX,2023-10-20 15:00:00,kWh,184.57517674427476,baseline,hvac_dr_ee
CAMX,2023-10-20 16:00:00,kWh,153.7688500146724,baseline,hvac_dr_ee
CAMX,2023-10-20 17:00:00,kWh,122.94448576942858,baseline,hvac_dr_ee
CAMX,2023-10-20 18:00:00,kWh,119.21073537974316,baseline,hvac_dr_ee
CAMX,2023-10-20 19:00:00,kWh,113.3777306198436,baseline,hvac_dr_ee
CAMX,2023-10-20 20:00:00,kWh,111.90758253323708,baseline,hvac_dr_ee
CAMX,2023-10-20 21:00:00,kWh,93.56304780364098,baseline,hvac_dr_ee
CAMX,2023-10-20 22:00:00,kWh,95.53554291240346,baseline,hvac_dr_ee
CAMX,2023-10-20 23:00:00,kWh,84.73687611020324,baseline,hvac_dr_ee
CAMX,2023-10-21 00:00:00,kWh,92.24936310469998,baseline,hvac_dr_ee
CAMX,2023-10-21 01:00:00,kWh,85.8531959502291,baseline,hvac_dr_ee
CAMX,2023-10-21 02:00:00,kWh,78.57508905278677,baseline,hvac_dr_ee
CAMX,2023-10-21 03:00:00,kWh,85.52870865193292,baseline,hvac_dr_ee
CAMX,2023-10-21 04:00:00,kWh,85.19320133926529,baseline,hvac_dr_ee
CAMX,2023-10-21 05:00:00,kWh,118.9317406873146,baseline,hvac_dr_ee
CAMX,2023-10-21 06:00:00,kWh,116.51934283559137,baseline,hvac_dr_ee
CAMX,2023-10-21 07:00:00,kWh,121.6340574503206,baseline,hvac_dr_ee
CAMX,2023-10-21 08:00:00,kWh,123.45122243051735,baseline,hvac_dr_ee
CAMX,2023-10-21 09:00:00,kWh,123.707154504243,baseline,hvac_dr_ee
CAMX,2023-10-21 10:00:00,kWh,125.9884089699775,baseline,hvac_dr_ee
CAMX,2023-10-21 11:00:00,kWh,116.90455617859544,baseline,hvac_dr_ee
CAMX,2023-10-21 12:00:00,kWh,114.5801151674117,baseline,hvac_dr_ee
CAMX,2023-10-21 13:00:00,kWh,115.10785875348752,baseline,hvac_dr_ee
CAMX,2023-10-21 14:00:00,kWh,114.51875427554562,baseline,hvac_dr_ee
CAMX,2023-10-21 15:00:00,kWh,114.48366361626992,baseline,hvac_dr_ee
CAMX,2023-10-21 16:00:00,kWh,106.49780235436643,baseline,hvac_dr_ee
CAMX,2023-10-21 17:00:00,kWh,84.7459078059859,baseline,hvac_dr_ee
CAMX,2023-10-21 18:00:00,kWh,86.82663768192178,baseline,hvac_dr_ee
CAMX,2023-10-21 19:00:00,kWh,77.29408422338204,baseline,hvac_dr_ee
CAMX,2023-10-21 20:00:00,kWh,85.0987075302135,baseline,hvac_dr_ee
CAMX,2023-10-21 21:00:00,kWh,84.84550101791757,baseline,hvac_dr_ee
CAMX,2023-10-21 22:00:00,kWh,78.03924154152303,baseline,hvac_dr_ee
CAMX,2023-10-21 23:00:00,kWh,85.18431266067469,baseline,hvac_dr_ee
CAMX,2023-10-22 00:00:00,kWh,84.87686904583583,baseline,hvac_dr_ee
CAMX,2023-10-22 01:00:00,kWh,76.65120111415172,baseline,hvac_dr_ee
CAMX,2023-10-22 02:00:00,kWh,84.25807181027736,baseline,hvac_dr_ee
CAMX,2023-10-22 03:00:00,kWh,85.29312448553691,baseline,hvac_dr_ee
CAMX,2023-10-22 04:00:00,kWh,76.37353816523972,baseline,hvac_dr_ee
CAMX,2023-10-22 05:00:00,kWh,84.56442799409476,baseline,hvac_dr_ee
CAMX,2023-10-22 06:00:00,kWh,84.65094202168741,baseline,hvac_dr_ee
CAMX,2023-10-22 07:00:00,kWh,76.70985600531837,baseline,hvac_dr_ee
CAMX,2023-10-22 08:00:00,kWh,86.10571178468888,baseline,hvac_dr_ee
CAMX,2023-10-22 09:00:00,kWh,86.4934836779594,baseline,hvac_dr_ee
CAMX,2023-10-22 10:00:00,kWh,79.95233812094976,baseline,hvac_dr_ee
CAMX,2023-10-22 11:00:00,kWh,91.4241341506436,baseline,hvac_dr_ee
CAMX,2023-10-22 12:00:00,kWh,96.49787098702151,baseline,hvac_dr_ee
CAMX,2023-10-22 13:00:00,kWh,88.74988760960946,baseline,hvac_dr_ee
CAMX,2023-10-22 14:00:00,kWh,95.37972878332037,baseline,hvac_dr_ee
CAMX,2023-10-22 15:00:00,kWh,88.45959805253027,baseline,hvac_dr_ee
CAMX,2023-10-22 16:00:00,kWh,79.48047193262667,baseline,hvac_dr_ee
CAMX,2023-10-22 17:00:00,kWh,86.92267376981059,baseline,hvac_dr_ee
CAMX,2023-10-22 18:00:00,kWh,84.77103544886953,baseline,hvac_dr_ee
CAMX,2023-10-22 19:00:00,kWh,78.39830000219199,baseline,hvac_dr_ee
CAMX,2023-10-22 20:00:00,kWh,84.18371189759688,baseline,hvac_dr_ee
CAMX,2023-10-22 21:00:00,kWh,83.36137596774357,baseline,hvac_dr_ee
CAMX,2023-10-22 22:00:00,kWh,73.64590602241437,baseline,hvac_dr_ee
CAMX,2023-10-22 23:00:00,kWh,77.80296528188211,baseline,hvac_dr_ee
CAMX,2023-10-23 00:00:00,kWh,77.63109286107137,baseline,hvac_dr_ee
CAMX,2023-10-23 01:00:00,kWh,77.09331540440238,baseline,hvac_dr_ee
CAMX,2023-10-23 02:00:00,kWh,80.30004338223665,baseline,hvac_dr_ee
CAMX,2023-10-23 03:00:00,kWh,81.3626528423731,baseline,hvac_dr_ee
CAMX,2023-10-23 04:00:00,kWh,113.91252029163294,baseline,hvac_dr_ee
CAMX,2023-10-23 05:00:00,kWh,132.5684277697348,baseline,hvac_dr_ee
CAMX,2023-10-23 06:00:00,kWh,152.0151120245502,baseline,hvac_dr_ee
CAMX,2023-10-23 07:00:00,kWh,168.00245309185664,baseline,hvac_dr_ee
CAMX,2023-10-23 08:00:00,kWh,153.57079932717625,baseline,hvac_dr_ee
CAMX,2023-10-23 09:00:00,kWh,150.72490677963071,baseline,hvac_dr_ee
CAMX,2023-10-23 10:00:00,kWh,152.67975698594302,baseline,hvac_dr_ee
CAMX,2023-10-23 11:00:00,kWh,155.92423861036616,baseline,hvac_dr_ee
CAMX,2023-10-23 12:00:00,kWh,153.2944191904013,baseline,hvac_dr_ee
CAMX,2023-10-23 13:00:00,kWh,150.12200514145837,baseline,hvac_dr_ee
CAMX,2023-10-23 14:00:00,kWh,150.19914935170746,baseline,hvac_dr_ee
CAMX,2023-10-23 15:00:00,kWh,153.76696120475063,baseline,hvac_dr_ee
CAMX,2023-10-23 16:00:00,kWh,145.00971809371993,baseline,hvac_dr_ee
CAMX,2023-10-23 17:00:00,kWh,124.67510267088625,baseline,hvac_dr_ee
CAMX,2023-10-23 18:00:00,kWh,122.58810934678029,baseline,hvac_dr_ee
CAMX,2023-10-23 19:00:00,kWh,119.85049677266981,baseline,hvac_dr_ee
CAMX,2023-10-23 20:00:00,kWh,119.50200358047698,baseline,hvac_dr_ee
CAMX,2023-10-23 21:00:00,kWh,88.21808262745304,baseline,hvac_dr_ee
CAMX,2023-10-23 22:00:00,kWh,89.53734089306836,baseline,hvac_dr_ee
CAMX,2023-10-23 23:00:00,kWh,79.83883251942811,baseline,hvac_dr_ee
CAMX,2023-10-24 00:00:00,kWh,84.06719144708165,baseline,hvac_dr_ee
CAMX,2023-10-24 01:00:00,kWh,86.54213881704109,baseline,hvac_dr_ee
CAMX,2023-10-24 02:00:00,kWh,76.13433332771234,baseline,hvac_dr_ee
CAMX,2023-10-24 03:00:00,kWh,80.31031742545242,baseline,hvac_dr_ee
CAMX,2023-10-24 04:00:00,kWh,115.60233605962449,baseline,hvac_dr_ee
CAMX,2023-10-24 05:00:00,kWh,135.51387231909533,baseline,hvac_dr_ee
CAMX,2023-10-24 06:00:00,kWh,154.0007222909983,baseline,hvac_dr_ee
CAMX,2023-10-24 07:00:00,kWh,166.8475395518978,baseline,hvac_dr_ee
CAMX,2023-10-24 08:00:00,kWh,155.42151839199553,baseline,hvac_dr_ee
CAMX,2023-10-24 09:00:00,kWh,152.68872441046923,baseline,hvac_dr_ee
CAMX,2023-10-24 10:00:00,kWh,155.01268699247098,baseline,hvac_dr_ee
CAMX,2023-10-24 11:00:00,kWh,156.61044187102368,baseline,hvac_dr_ee
CAMX,2023-10-24 12:00:00,kWh,154.30253184567331,baseline,hvac_dr_ee
CAMX,2023-10-24 13:00:00,kWh,151.09088741287286,baseline,hvac_dr_ee
CAMX,2023-10-24 14:00:00,kWh,150.94486946201744,baseline,hvac_dr_ee
CAMX,2023-10-24 15:00:00,kWh,154.52080750822824,baseline,hvac_dr_ee
CAMX,2023-10-24 16:00:00,kWh,144.67322687272903,baseline,hvac_dr_ee
CAMX,2023-10-24 17:00:00,kWh,125.35411379581375,baseline,hvac_dr_ee
CAMX,2023-10-24 18:00:00,kWh,123.35357337071076,baseline,hvac_dr_ee
CAMX,2023-10-24 19:00:00,kWh,120.83465041654166,baseline,hvac_dr_ee
CAMX,2023-10-24 20:00:00,kWh,120.20438118835901,baseline,hvac_dr_ee
CAMX,2023-10-24 21:00:00,kWh,87.88787023591571,baseline,hvac_dr_ee
CAMX,2023-10-24 22:00:00,kWh,89.54686943930848,baseline,hvac_dr_ee
CAMX,2023-10-24 23:00:00,kWh,80.29719987088495,baseline,hvac_dr_ee
CAMX,2023-10-25 00:00:00,kWh,84.74751574585572,baseline,hvac_dr_ee
CAMX,2023-10-25 01:00:00,kWh,86.46119612570678,baseline,hvac_dr_ee
CAMX,2023-10-25 02:00:00,kWh,75.94331140303693,baseline,hvac_dr_ee
CAMX,2023-10-25 03:00:00,kWh,79.88235195155211,baseline,hvac_dr_ee
CAMX,2023-10-25 04:00:00,kWh,123.77987790682789,baseline,hvac_dr_ee
CAMX,2023-10-25 05:00:00,kWh,138.43782439310846,baseline,hvac_dr_ee
CAMX,2023-10-25 06:00:00,kWh,154.75441320881845,baseline,hvac_dr_ee
CAMX,2023-10-25 07:00:00,kWh,171.2517620607478,baseline,hvac_dr_ee
CAMX,2023-10-25 08:00:00,kWh,157.72232928856914,baseline,hvac_dr_ee
CAMX,2023-10-25 09:00:00,kWh,154.97235033142323,baseline,hvac_dr_ee
CAMX,2023-10-25 10:00:00,kWh,159.5076226165767,baseline,hvac_dr_ee
CAMX,2023-10-25 11:00:00,kWh,162.7926431411928,baseline,hvac_dr_ee
CAMX,2023-10-25 12:00:00,kWh,164.19729932479902,baseline,hvac_dr_ee
CAMX,2023-10-25 13:00:00,kWh,161.55145280667247,baseline,hvac_dr_ee
CAMX,2023-10-25 14:00:00,kWh,163.10235478028704,baseline,hvac_dr_ee
CAMX,2023-10-25 15:00:00,kWh,166.72026879689503,baseline,hvac_dr_ee
CAMX,2023-10-25 16:00:00,kWh,145.08940042661203,baseline,hvac_dr_ee
CAMX,2023-10-25 17:00:00,kWh,122.19935917405546,baseline,hvac_dr_ee
CAMX,2023-10-25 18:00:00,kWh,119.66933635309852,baseline,hvac_dr_ee
CAMX,2023-10-25 19:00:00,kWh,115.92808125255947,baseline,hvac_dr_ee
CAMX,2023-10-25 20:00:00,kWh,115.00625190884014,baseline,hvac_dr_ee
CAMX,2023-10-25 21:00:00,kWh,89.48336685890521,baseline,hvac_dr_ee
CAMX,2023-10-25 22:00:00,kWh,91.05497563685095,baseline,hvac_dr_ee
CAMX,2023-10-25 23:00:00,kWh,80.30971635346907,baseline,hvac_dr_ee
CAMX,2023-10-26 00:00:00,kWh,89.1820372088744,baseline,hvac_dr_ee
CAMX,2023-10-26 01:00:00,kWh,86.73259171607583,baseline,hvac_dr_ee
CAMX,2023-10-26 02:00:00,kWh,77.94027077478052,baseline,hvac_dr_ee
CAMX,2023-10-26 03:00:00,kWh,84.76551295848816,baseline,hvac_dr_ee
CAMX,2023-10-26 04:00:00,kWh,114.81065579053171,baseline,hvac_dr_ee
CAMX,2023-10-26 05:00:00,kWh,134.6034877592434,baseline,hvac_dr_ee
CAMX,2023-10-26 06:00:00,kWh,151.92618051943677,baseline,hvac_dr_ee
CAMX,2023-10-26 07:00:00,kWh,168.6103921367786,baseline,hvac_dr_ee
CAMX,2023-10-26 08:00:00,kWh,156.84212024007633,baseline,hvac_dr_ee
CAMX,2023-10-26 09:00:00,kWh,156.88949329349205,baseline,hvac_dr_ee
CAMX,2023-10-26 10:00:00,kWh,159.3964212881228,baseline,hvac_dr_ee
CAMX,2023-10-26 11:00:00,kWh,160.7812494685524,baseline,hvac_dr_ee
CAMX,2023-10-26 12:00:00,kWh,160.6876381251921,baseline,hvac_dr_ee
CAMX,2023-10-26 13:00:00,kWh,158.44504838490974,baseline,hvac_dr_ee
CAMX,2023-10-26 14:00:00,kWh,158.35201652280182,baseline,hvac_dr_ee
CAMX,2023-10-26 15:00:00,kWh,159.26351483747501,baseline,hvac_dr_ee
CAMX,2023-10-26 16:00:00,kWh,139.88473745994744,baseline,hvac_dr_ee
CAMX,2023-10-26 17:00:00,kWh,118.27482224758003,baseline,hvac_dr_ee
CAMX,2023-10-26 18:00:00,kWh,117.12529298885761,baseline,hvac_dr_ee
CAMX,2023-10-26 19:00:00,kWh,114.59171490202785,baseline,hvac_dr_ee
CAMX,2023-10-26 20:00:00,kWh,114.57136539117374,baseline,hvac_dr_ee
CAMX,2023-10-26 21:00:00,kWh,89.47537603157528,baseline,hvac_dr_ee
CAMX,2023-10-26 22:00:00,kWh,90.717405412385,baseline,hvac_dr_ee
CAMX,2023-10-26 23:00:00,kWh,81.51479556916918,baseline,hvac_dr_ee
CAMX,2023-10-27 00:00:00,kWh,88.35379642109066,baseline,hvac_dr_ee
CAMX,2023-10-27 01:00:00,kWh,87.35986710533734,baseline,hvac_dr_ee
CAMX,2023-10-27 02:00:00,kWh,80.33706691987874,baseline,hvac_dr_ee
CAMX,2023-10-27 03:00:00,kWh,87.23042340137572,baseline,hvac_dr_ee
CAMX,2023-10-27 04:00:00,kWh,120.10641272374664,baseline,hvac_dr_ee
CAMX,2023-10-27 05:00:00,kWh,136.32635548532565,baseline,hvac_dr_ee
CAMX,2023-10-27 06:00:00,kWh,152.04913625159662,baseline,hvac_dr_ee
CAMX,2023-10-27 07:00:00,kWh,165.57514458443683,baseline,hvac_dr_ee
CAMX,2023-10-27 08:00:00,kWh,154.51743676088992,baseline,hvac_dr_ee
CAMX,2023-10-27 09:00:00,kWh,154.38944093415282,baseline,hvac_dr_ee
CAMX,2023-10-27 10:00:00,kWh,158.39281923718926,baseline,hvac_dr_ee
CAMX,2023-10-27 11:00:00,kWh,161.49224154013703,baseline,hvac_dr_ee
CAMX,2023-10-27 12:00:00,kWh,164.23665912830813,baseline,hvac_dr_ee
CAMX,2023-10-27 13:00:00,kWh,163.94896660504506,baseline,hvac_dr_ee
CAMX,2023-10-27 14:00:00,kWh,165.85578355143122,baseline,hvac_dr_ee
CAMX,2023-10-27 15:00:00,kWh,164.70678643455815,baseline,hvac_dr_ee
CAMX,2023-10-27 16:00:00,kWh,143.101967180427,baseline,hvac_dr_ee
CAMX,2023-10-27 17:00:00,kWh,119.22356898468794,baseline,hvac_dr_ee
CAMX,2023-10-27 18:00:00,kWh,116.67308081562467,baseline,hvac_dr_ee
CAMX,2023-10-27 19:00:00,kWh,112.92542749940782,baseline,hvac_dr_ee
CAMX,2023-10-27 20:00:00,kWh,112.3061950070566,baseline,hvac_dr_ee
CAMX,2023-10-27 21:00:00,kWh,91.19730789957974,baseline,hvac_dr_ee
CAMX,2023-10-27 22:00:00,kWh,89.43968498034727,baseline,hvac_dr_ee
CAMX,2023-10-27 23:00:00,kWh,82.22988857190134,baseline,hvac_dr_ee
CAMX,2023-10-28 00:00:00,kWh,85.37592150424868,baseline,hvac_dr_ee
CAMX,2023-10-28 01:00:00,kWh,83.79754854939178,baseline,hvac_dr_ee
CAMX,2023-10-28 02:00:00,kWh,77.96265224701435,baseline,hvac_dr_ee
CAMX,2023-10-28 03:00:00,kWh,83.79022664256533,baseline,hvac_dr_ee
CAMX,2023-10-28 04:00:00,kWh,109.77059409079729,baseline,hvac_dr_ee
CAMX,2023-10-28 05:00:00,kWh,125.94772207509197,baseline,hvac_dr_ee
CAMX,2023-10-28 06:00:00,kWh,117.36390255073049,baseline,hvac_dr_ee
CAMX,2023-10-28 07:00:00,kWh,120.06604383747596,baseline,hvac_dr_ee
CAMX,2023-10-28 08:00:00,kWh,120.22798678624217,baseline,hvac_dr_ee
CAMX,2023-10-28 09:00:00,kWh,122.78144895788989,baseline,hvac_dr_ee
CAMX,2023-10-28 10:00:00,kWh,128.29793187814667,baseline,hvac_dr_ee
CAMX,2023-10-28 11:00:00,kWh,122.65420781342803,baseline,hvac_dr_ee
CAMX,2023-10-28 12:00:00,kWh,122.60867270744313,baseline,hvac_dr_ee
CAMX,2023-10-28 13:00:00,kWh,121.73820985059808,baseline,hvac_dr_ee
CAMX,2023-10-28 14:00:00,kWh,119.4551641994241,baseline,hvac_dr_ee
CAMX,2023-10-28 15:00:00,kWh,115.9335605272286,baseline,hvac_dr_ee
CAMX,2023-10-28 16:00:00,kWh,106.6819874321816,baseline,hvac_dr_ee
CAMX,2023-10-28 17:00:00,kWh,94.02321308643482,baseline,hvac_dr_ee
CAMX,2023-10-28 18:00:00,kWh,85.46097450934585,baseline,hvac_dr_ee
CAMX,2023-10-28 19:00:00,kWh,76.85186845716947,baseline,hvac_dr_ee
CAMX,2023-10-28 20:00:00,kWh,84.26808134076774,baseline,hvac_dr_ee
CAMX,2023-10-28 21:00:00,kWh,83.34914431716592,baseline,hvac_dr_ee
CAMX,2023-10-28 22:00:00,kWh,77.27570118871375,baseline,hvac_dr_ee
CAMX,2023-10-28 23:00:00,kWh,79.13182162585908,baseline,hvac_dr_ee
CAMX,2023-10-29 00:00:00,kWh,79.10293240877132,baseline,hvac_dr_ee
CAMX,2023-10-29 01:00:00,kWh,72.36439727649899,baseline,hvac_dr_ee
CAMX,2023-10-29 02:00:00,kWh,77.68321378406289,baseline,hvac_dr_ee
CAMX,2023-10-29 03:00:00,kWh,75.30226879685506,baseline,hvac_dr_ee
CAMX,2023-10-29 04:00:00,kWh,72.57869281380762,baseline,hvac_dr_ee
CAMX,2023-10-29 05:00:00,kWh,78.17773720708689,baseline,hvac_dr_ee
CAMX,2023-10-29 06:00:00,kWh,79.59707052673863,baseline,hvac_dr_ee
CAMX,2023-10-29 07:00:00,kWh,79.16729537451118,baseline,hvac_dr_ee
CAMX,2023-10-29 08:00:00,kWh,81.53883764626224,baseline,hvac_dr_ee
CAMX,2023-10-29 09:00:00,kWh,96.58340428876161,baseline,hvac_dr_ee
CAMX,2023-10-29 10:00:00,kWh,95.0573980294379,baseline,hvac_dr_ee
CAMX,2023-10-29 11:00:00,kWh,96.90870075993946,baseline,hvac_dr_ee
CAMX,2023-10-29 12:00:00,kWh,102.32625669953784,baseline,hvac_dr_ee
CAMX,2023-10-29 13:00:00,kWh,100.1869294040448,baseline,hvac_dr_ee
CAMX,2023-10-29 14:00:00,kWh,97.69941810772576,baseline,hvac_dr_ee
CAMX,2023-10-29 15:00:00,kWh,100.64255741074729,baseline,hvac_dr_ee
CAMX,2023-10-29 16:00:00,kWh,93.94678922601403,baseline,hvac_dr_ee
CAMX,2023-10-29 17:00:00,kWh,90.94685099958683,baseline,hvac_dr_ee
CAMX,2023-10-29 18:00:00,kWh,85.40048426200667,baseline,hvac_dr_ee
CAMX,2023-10-29 19:00:00,kWh,77.45656388885827,baseline,hvac_dr_ee
CAMX,2023-10-29 20:00:00,kWh,78.33764312669817,baseline,hvac_dr_ee
CAMX,2023-10-29 21:00:00,kWh,74.86070389204914,baseline,hvac_dr_ee
CAMX,2023-10-29 22:00:00,kWh,68.86194406487319,baseline,hvac_dr_ee
CAMX,2023-10-29 23:00:00,kWh,73.06863770155883,baseline,hvac_dr_ee
CAMX,2023-10-30 00:00:00,kWh,77.16578993570222,baseline,hvac_dr_ee
CAMX,2023-10-30 01:00:00,kWh,74.89654689513034,baseline,hvac_dr_ee
CAMX,2023-10-30 02:00:00,kWh,75.72073196106791,baseline,hvac_dr_ee
CAMX,2023-10-30 03:00:00,kWh,74.11684673249036,baseline,hvac_dr_ee
CAMX,2023-10-30 04:00:00,kWh,103.69438659899835,baseline,hvac_dr_ee
CAMX,2023-10-30 05:00:00,kWh,133.97977227044242,baseline,hvac_dr_ee
CAMX,2023-10-30 06:00:00,kWh,150.26109141557737,baseline,hvac_dr_ee
CAMX,2023-10-30 07:00:00,kWh,167.58334122975182,baseline,hvac_dr_ee
CAMX,2023-10-30 08:00:00,kWh,157.75369138395837,baseline,hvac_dr_ee
CAMX,2023-10-30 09:00:00,kWh,160.7970082190837,baseline,hvac_dr_ee
CAMX,2023-10-30 10:00:00,kWh,169.29481974377967,baseline,hvac_dr_ee
CAMX,2023-10-30 11:00:00,kWh,172.74346677707956,baseline,hvac_dr_ee
CAMX,2023-10-30 12:00:00,kWh,177.94079760283478,baseline,hvac_dr_ee
CAMX,2023-10-30 13:00:00,kWh,178.18514372416936,baseline,hvac_dr_ee
CAMX,2023-10-30 14:00:00,kWh,180.17803298596152,baseline,hvac_dr_ee
CAMX,2023-10-30 15:00:00,kWh,177.58555277420825,baseline,hvac_dr_ee
CAMX,2023-10-30 16:00:00,kWh,146.71633132439555,baseline,hvac_dr_ee
CAMX,2023-10-30 17:00:00,kWh,121.77287539457629,baseline,hvac_dr_ee
CAMX,2023-10-30 18:00:00,kWh,120.46117753777004,baseline,hvac_dr_ee
CAMX,2023-10-30 19:00:00,kWh,116.16068211048652,baseline,hvac_dr_ee
CAMX,2023-10-30 20:00:00,kWh,114.41074705584755,baseline,hvac_dr_ee
CAMX,2023-10-30 21:00:00,kWh,89.1450648644024,baseline,hvac_dr_ee
CAMX,2023-10-30 22:00:00,kWh,90.94253770354084,baseline,hvac_dr_ee
CAMX,2023-10-30 23:00:00,kWh,81.1147538307984,baseline,hvac_dr_ee
CAMX,2023-10-31 00:00:00,kWh,87.6388974679162,baseline,hvac_dr_ee
CAMX,2023-10-31 01:00:00,kWh,88.41330984913328,baseline,hvac_dr_ee
CAMX,2023-10-31 02:00:00,kWh,81.53191356021239,baseline,hvac_dr_ee
CAMX,2023-10-31 03:00:00,kWh,87.24339910807458,baseline,hvac_dr_ee
CAMX,2023-10-31 04:00:00,kWh,89.94420162742207,baseline,hvac_dr_ee
CAMX,2023-10-31 05:00:00,kWh,129.36337762035467,baseline,hvac_dr_ee
CAMX,2023-10-31 06:00:00,kWh,148.47112696111625,baseline,hvac_dr_ee
CAMX,2023-10-31 07:00:00,kWh,164.77508499605014,baseline,hvac_dr_ee
CAMX,2023-10-31 08:00:00,kWh,156.89398911186876,baseline,hvac_dr_ee
CAMX,2023-10-31 09:00:00,kWh,165.06779997733483,baseline,hvac_dr_ee
CAMX,2023-10-31 10:00:00,kWh,172.2272803484234,baseline,hvac_dr_ee
CAMX,2023-10-31 11:00:00,kWh,174.77673743025878,baseline,hvac_dr_ee
CAMX,2023-10-31 12:00:00,kWh,180.20802769394913,baseline,hvac_dr_ee
CAMX,2023-10-31 13:00:00,kWh,179.0144278689091,baseline,hvac_dr_ee
CAMX,2023-10-31 14:00:00,kWh,181.10917291462863,baseline,hvac_dr_ee
CAMX,2023-10-31 15:00:00,kWh,180.32294673567753,baseline,hvac_dr_ee
CAMX,2023-10-31 16:00:00,kWh,150.38408602560995,baseline,hvac_dr_ee
CAMX,2023-10-31 17:00:00,kWh,122.42013259298888,baseline,hvac_dr_ee
CAMX,2023-10-31 18:00:00,kWh,119.76307563974119,baseline,hvac_dr_ee
CAMX,2023-10-31 19:00:00,kWh,116.3135820297322,baseline,hvac_dr_ee
CAMX,2023-10-31 20:00:00,kWh,115.46977207991618,baseline,hvac_dr_ee
CAMX,2023-10-31 21:00:00,kWh,92.83864084845939,baseline,hvac_dr_ee
CAMX,2023-10-31 22:00:00,kWh,89.69058364503668,baseline,hvac_dr_ee
CAMX,2023-10-31 23:00:00,kWh,84.08377783453656,baseline,hvac_dr_ee
CAMX,2023-11-01 00:00:00,kWh,91.17557198376605,baseline,hvac_dr_ee
CAMX,2023-11-01 01:00:00,kWh,88.60655826958987,baseline,hvac_dr_ee
CAMX,2023-11-01 02:00:00,kWh,82.55940162561774,baseline,hvac_dr_ee
CAMX,2023-11-01 03:00:00,kWh,88.09701355063365,baseline,hvac_dr_ee
CAMX,2023-11-01 04:00:00,kWh,91.67221522428258,baseline,hvac_dr_ee
CAMX,2023-11-01 05:00:00,kWh,127.2010917808791,baseline,hvac_dr_ee
CAMX,2023-11-01 06:00:00,kWh,148.91235254368942,baseline,hvac_dr_ee
CAMX,2023-11-01 07:00:00,kWh,168.02914219011979,baseline,hvac_dr_ee
CAMX,2023-11-01 08:00:00,kWh,160.41495763091098,baseline,hvac_dr_ee
CAMX,2023-11-01 09:00:00,kWh,163.31769933055858,baseline,hvac_dr_ee
CAMX,2023-11-01 10:00:00,kWh,166.97286247537255,baseline,hvac_dr_ee
CAMX,2023-11-01 11:00:00,kWh,168.7884588326601,baseline,hvac_dr_ee
CAMX,2023-11-01 12:00:00,kWh,173.27920979434725,baseline,hvac_dr_ee
CAMX,2023-11-01 13:00:00,kWh,176.2929516649561,baseline,hvac_dr_ee
CAMX,2023-11-01 14:00:00,kWh,180.34858107769765,baseline,hvac_dr_ee
CAMX,2023-11-01 15:00:00,kWh,177.83772381817784,baseline,hvac_dr_ee
CAMX,2023-11-01 16:00:00,kWh,151.1817316264842,baseline,hvac_dr_ee
CAMX,2023-11-01 17:00:00,kWh,122.2797415240709,baseline,hvac_dr_ee
CAMX,2023-11-01 18:00:00,kWh,120.41135233677444,baseline,hvac_dr_ee
CAMX,2023-11-01 19:00:00,kWh,117.5657240420685,baseline,hvac_dr_ee
CAMX,2023-11-01 20:00:00,kWh,116.9031548104308,baseline,hvac_dr_ee
CAMX,2023-11-01 21:00:00,kWh,93.91234214850616,baseline,hvac_dr_ee
CAMX,2023-11-01 22:00:00,kWh,93.09275161638078,baseline,hvac_dr_ee
CAMX,2023-11-01 23:00:00,kWh,86.44219653271425,baseline,hvac_dr_ee
CAMX,2023-11-02 00:00:00,kWh,90.71093987701873,baseline,hvac_dr_ee
CAMX,2023-11-02 01:00:00,kWh,90.28383533213665,baseline,hvac_dr_ee
CAMX,2023-11-02 02:00:00,kWh,83.55004348807488,baseline,hvac_dr_ee
CAMX,2023-11-02 03:00:00,kWh,88.01916543929823,baseline,hvac_dr_ee
CAMX,2023-11-02 04:00:00,kWh,89.99785580566234,baseline,hvac_dr_ee
CAMX,2023-11-02 05:00:00,kWh,85.72806374763269,baseline,hvac_dr_ee
CAMX,2023-11-02 06:00:00,kWh,125.96365888884247,baseline,hvac_dr_ee
CAMX,2023-11-02 07:00:00,kWh,142.95252139445589,baseline,hvac_dr_ee
CAMX,2023-11-02 08:00:00,kWh,161.7358333262821,baseline,hvac_dr_ee
CAMX,2023-11-02 09:00:00,kWh,155.21052146782492,baseline,hvac_dr_ee
CAMX,2023-11-02 10:00:00,kWh,155.92445415381684,baseline,hvac_dr_ee
CAMX,2023-11-02 11:00:00,kWh,167.03876831662222,baseline,hvac_dr_ee
CAMX,2023-11-02 12:00:00,kWh,167.9829280767317,baseline,hvac_dr_ee
CAMX,2023-11-02 13:00:00,kWh,168.2380290054447,baseline,hvac_dr_ee
CAMX,2023-11-02 14:00:00,kWh,161.22168975969134,baseline,hvac_dr_ee
CAMX,2023-11-02 15:00:00,kWh,160.5939873487385,baseline,hvac_dr_ee
CAMX,2023-11-02 16:00:00,kWh,163.28320198548556,baseline,hvac_dr_ee
CAMX,2023-11-02 17:00:00,kWh,147.66090772611375,baseline,hvac_dr_ee
CAMX,2023-11-02 18:00:00,kWh,123.63637975425867,baseline,hvac_dr_ee
CAMX,2023-11-02 19:00:00,kWh,121.5497908146327,baseline,hvac_dr_ee
CAMX,2023-11-02 20:00:00,kWh,118.89490798161265,baseline,hvac_dr_ee
CAMX,2023-11-02 21:00:00,kWh,118.47918420618487,baseline,hvac_dr_ee
CAMX,2023-11-02 22:00:00,kWh,92.71210651069595,baseline,hvac_dr_ee
CAMX,2023-11-02 23:00:00,kWh,93.76699520790373,baseline,hvac_dr_ee
CAMX,2023-11-03 00:00:00,kWh,83.07834375875379,baseline,hvac_dr_ee
CAMX,2023-11-03 01:00:00,kWh,91.9099096258533,baseline,hvac_dr_ee
CAMX,2023-11-03 02:00:00,kWh,87.86958184542254,baseline,hvac_dr_ee
CAMX,2023-11-03 03:00:00,kWh,82.83826806167735,baseline,hvac_dr_ee
CAMX,2023-11-03 04:00:00,kWh,88.88363571215945,baseline,hvac_dr_ee
CAMX,2023-11-03 05:00:00,kWh,98.31577501559514,baseline,hvac_dr_ee
CAMX,2023-11-03 06:00:00,kWh,127.51264749363983,baseline,hvac_dr_ee
CAMX,2023-11-03 07:00:00,kWh,147.32400939504868,baseline,hvac_dr_ee
CAMX,2023-11-03 08:00:00,kWh,164.52945196702794,baseline,hvac_dr_ee
CAMX,2023-11-03 09:00:00,kWh,156.25212653185434,baseline,hvac_dr_ee
CAMX,2023-11-03 10:00:00,kWh,155.8021009224181,baseline,hvac_dr_ee
CAMX,2023-11-03 11:00:00,kWh,158.89055703690454,baseline,hvac_dr_ee
CAMX,2023-11-03 12:00:00,kWh,160.4633934114284,baseline,hvac_dr_ee
CAMX,2023-11-03 13:00:00,kWh,162.68091530311125,baseline,hvac_dr_ee
CAMX,2023-11-03 14:00:00,kWh,161.1449096614259,baseline,hvac_dr_ee
CAMX,2023-11-03 15:00:00,kWh,156.09743039063505,baseline,hvac_dr_ee
CAMX,2023-11-03 16:00:00,kWh,154.73479885222267,baseline,hvac_dr_ee
CAMX,2023-11-03 17:00:00,kWh,142.02930989033268,baseline,hvac_dr_ee
CAMX,2023-11-03 18:00:00,kWh,119.33658671389685,baseline,hvac_dr_ee
CAMX,2023-11-03 19:00:00,kWh,117.04580264774305,baseline,hvac_dr_ee
CAMX,2023-11-03 20:00:00,kWh,114.69567350920978,baseline,hvac_dr_ee
CAMX,2023-11-03 21:00:00,kWh,114.79446171252901,baseline,hvac_dr_ee
CAMX,2023-11-03 22:00:00,kWh,90.73378249369176,baseline,hvac_dr_ee
CAMX,2023-11-03 23:00:00,kWh,91.591842506901,baseline,hvac_dr_ee
CAMX,2023-11-04 00:00:00,kWh,77.87826167348737,baseline,hvac_dr_ee
CAMX,2023-11-04 01:00:00,kWh,84.85699253465341,baseline,hvac_dr_ee
CAMX,2023-11-04 02:00:00,kWh,84.46087103225621,baseline,hvac_dr_ee
CAMX,2023-11-04 03:00:00,kWh,77.67095269564082,baseline,hvac_dr_ee
CAMX,2023-11-04 04:00:00,kWh,84.39237536523068,baseline,hvac_dr_ee
CAMX,2023-11-04 05:00:00,kWh,119.6294222947264,baseline,hvac_dr_ee
CAMX,2023-11-04 06:00:00,kWh,129.17423368567265,baseline,hvac_dr_ee
CAMX,2023-11-04 07:00:00,kWh,120.125667514547,baseline,hvac_dr_ee
CAMX,2023-11-04 08:00:00,kWh,122.81591403770938,baseline,hvac_dr_ee
CAMX,2023-11-04 09:00:00,kWh,123.02483493094988,baseline,hvac_dr_ee
CAMX,2023-11-04 10:00:00,kWh,123.51714404352708,baseline,hvac_dr_ee
CAMX,2023-11-04 11:00:00,kWh,125.65560783148189,baseline,hvac_dr_ee
CAMX,2023-11-04 12:00:00,kWh,117.63432979894539,baseline,hvac_dr_ee
CAMX,2023-11-04 13:00:00,kWh,114.20764173046632,baseline,hvac_dr_ee
CAMX,2023-11-04 14:00:00,kWh,111.11648961189496,baseline,hvac_dr_ee
CAMX,2023-11-04 15:00:00,kWh,108.79577755922898,baseline,hvac_dr_ee
CAMX,2023-11-04 16:00:00,kWh,108.43920769166692,baseline,hvac_dr_ee
CAMX,2023-11-04 17:00:00,kWh,96.22690387676278,baseline,hvac_dr_ee
CAMX,2023-11-04 18:00:00,kWh,81.12704225751601,baseline,hvac_dr_ee
CAMX,2023-11-04 19:00:00,kWh,83.6606865671987,baseline,hvac_dr_ee
CAMX,2023-11-04 20:00:00,kWh,77.08604100776033,baseline,hvac_dr_ee
CAMX,2023-11-04 21:00:00,kWh,83.84471062796396,baseline,hvac_dr_ee
CAMX,2023-11-04 22:00:00,kWh,84.404820687529,baseline,hvac_dr_ee
CAMX,2023-11-04 23:00:00,kWh,77.02686474527496,baseline,hvac_dr_ee
CAMX,2023-11-05 00:00:00,kWh,78.84740358814152,baseline,hvac_dr_ee
CAMX,2023-11-05 01:00:00,kWh,79.2775172062644,baseline,hvac_dr_ee
CAMX,2023-11-05 02:00:00,kWh,70.88681262819685,baseline,hvac_dr_ee
CAMX,2023-11-05 03:00:00,kWh,72.93176740957183,baseline,hvac_dr_ee
CAMX,2023-11-05 04:00:00,kWh,78.65184595903,baseline,hvac_dr_ee
CAMX,2023-11-05 05:00:00,kWh,74.30710412836785,baseline,hvac_dr_ee
CAMX,2023-11-05 06:00:00,kWh,76.03958310754813,baseline,hvac_dr_ee
CAMX,2023-11-05 07:00:00,kWh,79.06453125201351,baseline,hvac_dr_ee
CAMX,2023-11-05 08:00:00,kWh,78.29331870900255,baseline,hvac_dr_ee
CAMX,2023-11-05 09:00:00,kWh,84.43592231064827,baseline,hvac_dr_ee
CAMX,2023-11-05 10:00:00,kWh,89.6158286985474,baseline,hvac_dr_ee
CAMX,2023-11-05 11:00:00,kWh,94.19706111431464,baseline,hvac_dr_ee
CAMX,2023-11-05 12:00:00,kWh,97.59704753435562,baseline,hvac_dr_ee
CAMX,2023-11-05 13:00:00,kWh,91.15445552463456,baseline,hvac_dr_ee
CAMX,2023-11-05 14:00:00,kWh,93.93031207707551,baseline,hvac_dr_ee
CAMX,2023-11-05 15:00:00,kWh,96.2053777362654,baseline,hvac_dr_ee
CAMX,2023-11-05 16:00:00,kWh,90.67309116778232,baseline,hvac_dr_ee
CAMX,2023-11-05 17:00:00,kWh,86.61554175623631,baseline,hvac_dr_ee
CAMX,2023-11-05 18:00:00,kWh,71.79530783774818,baseline,hvac_dr_ee
CAMX,2023-11-05 19:00:00,kWh,69.2126566909918,baseline,hvac_dr_ee
CAMX,2023-11-05 20:00:00,kWh,66.88378861740958,baseline,hvac_dr_ee
CAMX,2023-11-05 21:00:00,kWh,74.8621962199838,baseline,hvac_dr_ee
CAMX,2023-11-05 22:00:00,kWh,70.80338274640064,baseline,hvac_dr_ee
CAMX,2023-11-05 23:00:00,kWh,71.10144054593705,baseline,hvac_dr_ee
CAMX,2023-11-06 00:00:00,kWh,76.02737506762544,baseline,hvac_dr_ee
CAMX,2023-11-06 01:00:00,kWh,67.89651537640106,baseline,hvac_dr_ee
CAMX,2023-11-06 02:00:00,kWh,69.02217272199854,baseline,hvac_dr_ee
CAMX,2023-11-06 03:00:00,kWh,78.10368893066351,baseline,hvac_dr_ee
CAMX,2023-11-06 04:00:00,kWh,69.6090534665544,baseline,hvac_dr_ee
CAMX,2023-11-06 05:00:00,kWh,130.86391759570844,baseline,hvac_dr_ee
CAMX,2023-11-06 06:00:00,kWh,141.83588750938992,baseline,hvac_dr_ee
CAMX,2023-11-06 07:00:00,kWh,149.03132679635664,baseline,hvac_dr_ee
CAMX,2023-11-06 08:00:00,kWh,164.81058300117007,baseline,hvac_dr_ee
CAMX,2023-11-06 09:00:00,kWh,157.9007192240602,baseline,hvac_dr_ee
CAMX,2023-11-06 10:00:00,kWh,158.63497671096385,baseline,hvac_dr_ee
CAMX,2023-11-06 11:00:00,kWh,163.17047403914987,baseline,hvac_dr_ee
CAMX,2023-11-06 12:00:00,kWh,167.78073262295885,baseline,hvac_dr_ee
CAMX,2023-11-06 13:00:00,kWh,166.91109413430894,baseline,hvac_dr_ee
CAMX,2023-11-06 14:00:00,kWh,163.37085711453838,baseline,hvac_dr_ee
CAMX,2023-11-06 15:00:00,kWh,161.35789819580944,baseline,hvac_dr_ee
CAMX,2023-11-06 16:00:00,kWh,161.4434587493793,baseline,hvac_dr_ee
CAMX,2023-11-06 17:00:00,kWh,148.25080933173984,baseline,hvac_dr_ee
CAMX,2023-11-06 18:00:00,kWh,124.41970815635155,baseline,hvac_dr_ee
CAMX,2023-11-06 19:00:00,kWh,121.2734071797455,baseline,hvac_dr_ee
CAMX,2023-11-06 20:00:00,kWh,118.01829697199209,baseline,hvac_dr_ee
CAMX,2023-11-06 21:00:00,kWh,118.68536874691404,baseline,hvac_dr_ee
CAMX,2023-11-06 22:00:00,kWh,85.48418669177275,baseline,hvac_dr_ee
CAMX,2023-11-06 23:00:00,kWh,87.51542037353535,baseline,hvac_dr_ee
CAMX,2023-11-07 00:00:00,kWh,79.72258244499402,baseline,hvac_dr_ee
CAMX,2023-11-07 01:00:00,kWh,80.0822074347071,baseline,hvac_dr_ee
CAMX,2023-11-07 02:00:00,kWh,83.13860803463115,baseline,hvac_dr_ee
CAMX,2023-11-07 03:00:00,kWh,75.47951649923876,baseline,hvac_dr_ee
CAMX,2023-11-07 04:00:00,kWh,86.41750991302092,baseline,hvac_dr_ee
CAMX,2023-11-07 05:00:00,kWh,131.63661660250622,baseline,hvac_dr_ee
CAMX,2023-11-07 06:00:00,kWh,141.08287244560677,baseline,hvac_dr_ee
CAMX,2023-11-07 07:00:00,kWh,151.1142549067092,baseline,hvac_dr_ee
CAMX,2023-11-07 08:00:00,kWh,166.46461284085797,baseline,hvac_dr_ee
CAMX,2023-11-07 09:00:00,kWh,158.831140935473,baseline,hvac_dr_ee
CAMX,2023-11-07 10:00:00,kWh,157.12626815346718,baseline,hvac_dr_ee
CAMX,2023-11-07 11:00:00,kWh,159.48828515252066,baseline,hvac_dr_ee
CAMX,2023-11-07 12:00:00,kWh,165.60258133684877,baseline,hvac_dr_ee
CAMX,2023-11-07 13:00:00,kWh,165.12788027970592,baseline,hvac_dr_ee
CAMX,2023-11-07 14:00:00,kWh,161.07481645643418,baseline,hvac_dr_ee
CAMX,2023-11-07 15:00:00,kWh,160.466114837173,baseline,hvac_dr_ee
CAMX,2023-11-07 16:00:00,kWh,162.4789290223255,baseline,hvac_dr_ee
CAMX,2023-11-07 17:00:00,kWh,152.6659370295025,baseline,hvac_dr_ee
CAMX,2023-11-07 18:00:00,kWh,130.93205827090526,baseline,hvac_dr_ee
CAMX,2023-11-07 19:00:00,kWh,128.85677165646842,baseline,hvac_dr_ee
CAMX,2023-11-07 20:00:00,kWh,125.63385188595498,baseline,hvac_dr_ee
CAMX,2023-11-07 21:00:00,kWh,125.22242078882896,baseline,hvac_dr_ee
CAMX,2023-11-07 22:00:00,kWh,87.0100323974788,baseline,hvac_dr_ee
CAMX,2023-11-07 23:00:00,kWh,89.6752076557439,baseline,hvac_dr_ee
CAMX,2023-11-08 00:00:00,kWh,79.93932687962621,baseline,hvac_dr_ee
CAMX,2023-11-08 01:00:00,kWh,79.98096309950898,baseline,hvac_dr_ee
CAMX,2023-11-08 02:00:00,kWh,82.58074871326893,baseline,hvac_dr_ee
CAMX,2023-11-08 03:00:00,kWh,80.21805342142821,baseline,hvac_dr_ee
CAMX,2023-11-08 04:00:00,kWh,83.22715332209931,baseline,hvac_dr_ee
CAMX,2023-11-08 05:00:00,kWh,138.89483976670311,baseline,hvac_dr_ee
CAMX,2023-11-08 06:00:00,kWh,146.50243345499422,baseline,hvac_dr_ee
CAMX,2023-11-08 07:00:00,kWh,158.9419504754599,baseline,hvac_dr_ee
CAMX,2023-11-08 08:00:00,kWh,172.91186267480768,baseline,hvac_dr_ee
CAMX,2023-11-08 09:00:00,kWh,166.2489420156065,baseline,hvac_dr_ee
CAMX,2023-11-08 10:00:00,kWh,163.82246233678467,baseline,hvac_dr_ee
CAMX,2023-11-08 11:00:00,kWh,161.03360560068606,baseline,hvac_dr_ee
CAMX,2023-11-08 12:00:00,kWh,167.983108157589,baseline,hvac_dr_ee
CAMX,2023-11-08 13:00:00,kWh,167.37153344965083,baseline,hvac_dr_ee
CAMX,2023-11-08 14:00:00,kWh,162.15165730932256,baseline,hvac_dr_ee
CAMX,2023-11-08 15:00:00,kWh,163.65778030939015,baseline,hvac_dr_ee
CAMX,2023-11-08 16:00:00,kWh,167.01492322081285,baseline,hvac_dr_ee
CAMX,2023-11-08 17:00:00,kWh,152.13379172653407,baseline,hvac_dr_ee
CAMX,2023-11-08 18:00:00,kWh,129.28324541186174,baseline,hvac_dr_ee
CAMX,2023-11-08 19:00:00,kWh,127.14501158992138,baseline,hvac_dr_ee
CAMX,2023-11-08 20:00:00,kWh,124.89611939036688,baseline,hvac_dr_ee
CAMX,2023-11-08 21:00:00,kWh,124.83361872149308,baseline,hvac_dr_ee
CAMX,2023-11-08 22:00:00,kWh,85.8034260525603,baseline,hvac_dr_ee
CAMX,2023-11-08 23:00:00,kWh,87.54839491386221,baseline,hvac_dr_ee
CAMX,2023-11-09 00:00:00,kWh,80.00044546588968,baseline,hvac_dr_ee
CAMX,2023-11-09 01:00:00,kWh,80.7525840222996,baseline,hvac_dr_ee
CAMX,2023-11-09 02:00:00,kWh,78.72025279576478,baseline,hvac_dr_ee
CAMX,2023-11-09 03:00:00,kWh,72.54448534274144,baseline,hvac_dr_ee
CAMX,2023-11-09 04:00:00,kWh,87.31500659680799,baseline,hvac_dr_ee
CAMX,2023-11-09 05:00:00,kWh,128.4571593601489,baseline,hvac_dr_ee
CAMX,2023-11-09 06:00:00,kWh,146.3587745996795,baseline,hvac_dr_ee
CAMX,2023-11-09 07:00:00,kWh,155.1492699655174,baseline,hvac_dr_ee
CAMX,2023-11-09 08:00:00,kWh,165.82919612985927,baseline,hvac_dr_ee
CAMX,2023-11-09 09:00:00,kWh,154.38386153346664,baseline,hvac_dr_ee
CAMX,2023-11-09 10:00:00,kWh,151.75403588730143,baseline,hvac_dr_ee
CAMX,2023-11-09 11:00:00,kWh,156.02575044750532,baseline,hvac_dr_ee
CAMX,2023-11-09 12:00:00,kWh,161.0699715707347,baseline,hvac_dr_ee
CAMX,2023-11-09 13:00:00,kWh,162.04753335748407,baseline,hvac_dr_ee
CAMX,2023-11-09 14:00:00,kWh,159.9172362641188,baseline,hvac_dr_ee
CAMX,2023-11-09 15:00:00,kWh,158.82807341172716,baseline,hvac_dr_ee
CAMX,2023-11-09 16:00:00,kWh,161.00361379130857,baseline,hvac_dr_ee
CAMX,2023-11-09 17:00:00,kWh,146.54100239632083,baseline,hvac_dr_ee
CAMX,2023-11-09 18:00:00,kWh,122.5562917520039,baseline,hvac_dr_ee
CAMX,2023-11-09 19:00:00,kWh,120.97700755033314,baseline,hvac_dr_ee
CAMX,2023-11-09 20:00:00,kWh,119.16361327389077,baseline,hvac_dr_ee
CAMX,2023-11-09 21:00:00,kWh,119.55367516337877,baseline,hvac_dr_ee
CAMX,2023-11-09 22:00:00,kWh,86.72355456883727,baseline,hvac_dr_ee
CAMX,2023-11-09 23:00:00,kWh,89.80931499989595,baseline,hvac_dr_ee
CAMX,2023-11-10 00:00:00,kWh,80.35609501631598,baseline,hvac_dr_ee
CAMX,2023-11-10 01:00:00,kWh,80.11598615389282,baseline,hvac_dr_ee
CAMX,2023-11-10 02:00:00,kWh,83.00203193956321,baseline,hvac_dr_ee
CAMX,2023-11-10 03:00:00,kWh,80.12487822323601,baseline,hvac_dr_ee
CAMX,2023-11-10 04:00:00,kWh,79.9902485979592,baseline,hvac_dr_ee
CAMX,2023-11-10 05:00:00,kWh,115.99055987265757,baseline,hvac_dr_ee
CAMX,2023-11-10 06:00:00,kWh,139.1919150676768,baseline,hvac_dr_ee
CAMX,2023-11-10 07:00:00,kWh,149.7803808984398,baseline,hvac_dr_ee
CAMX,2023-11-10 08:00:00,kWh,162.48307023913463,baseline,hvac_dr_ee
CAMX,2023-11-10 09:00:00,kWh,153.4121225460687,baseline,hvac_dr_ee
CAMX,2023-11-10 10:00:00,kWh,158.10929776196195,baseline,hvac_dr_ee
CAMX,2023-11-10 11:00:00,kWh,165.08792772612577,baseline,hvac_dr_ee
CAMX,2023-11-10 12:00:00,kWh,171.40687381292216,baseline,hvac_dr_ee
CAMX,2023-11-10 13:00:00,kWh,174.46709575106038,baseline,hvac_dr_ee
CAMX,2023-11-10 14:00:00,kWh,170.72154654793297,baseline,hvac_dr_ee
CAMX,2023-11-10 15:00:00,kWh,167.55338899997142,baseline,hvac_dr_ee
CAMX,2023-11-10 16:00:00,kWh,167.24054712028703,baseline,hvac_dr_ee
CAMX,2023-11-10 17:00:00,kWh,147.14931865203937,baseline,hvac_dr_ee
CAMX,2023-11-10 18:00:00,kWh,121.15837782736531,baseline,hvac_dr_ee
CAMX,2023-11-10 19:00:00,kWh,118.50121501737925,baseline,hvac_dr_ee
CAMX,2023-11-10 20:00:00,kWh,116.04500119080467,baseline,hvac_dr_ee
CAMX,2023-11-10 21:00:00,kWh,115.59945634108342,baseline,hvac_dr_ee
CAMX,2023-11-10 22:00:00,kWh,88.74533765440755,baseline,hvac_dr_ee
CAMX,2023-11-10 23:00:00,kWh,90.49855567801544,baseline,hvac_dr_ee
CAMX,2023-11-11 00:00:00,kWh,76.8529727469586,baseline,hvac_dr_ee
CAMX,2023-11-11 01:00:00,kWh,84.49317780841723,baseline,hvac_dr_ee
CAMX,2023-11-11 02:00:00,kWh,84.17775708115605,baseline,hvac_dr_ee
CAMX,2023-11-11 03:00:00,kWh,77.16027521373874,baseline,hvac_dr_ee
CAMX,2023-11-11 04:00:00,kWh,80.59298340373357,baseline,hvac_dr_ee
CAMX,2023-11-11 05:00:00,kWh,109.16445919571441,baseline,hvac_dr_ee
CAMX,2023-11-11 06:00:00,kWh,128.51637301410017,baseline,hvac_dr_ee
CAMX,2023-11-11 07:00:00,kWh,119.77881621475223,baseline,hvac_dr_ee
CAMX,2023-11-11 08:00:00,kWh,121.4358486564179,baseline,hvac_dr_ee
CAMX,2023-11-11 09:00:00,kWh,122.1944372302105,baseline,hvac_dr_ee
CAMX,2023-11-11 10:00:00,kWh,123.66294390307252,baseline,hvac_dr_ee
CAMX,2023-11-11 11:00:00,kWh,129.35906315971417,baseline,hvac_dr_ee
CAMX,2023-11-11 12:00:00,kWh,121.79828998014169,baseline,hvac_dr_ee
CAMX,2023-11-11 13:00:00,kWh,120.14167082010296,baseline,hvac_dr_ee
CAMX,2023-11-11 14:00:00,kWh,119.20013299287388,baseline,hvac_dr_ee
CAMX,2023-11-11 15:00:00,kWh,117.86053477092122,baseline,hvac_dr_ee
CAMX,2023-11-11 16:00:00,kWh,117.05487005163641,baseline,hvac_dr_ee
CAMX,2023-11-11 17:00:00,kWh,105.295017130981,baseline,hvac_dr_ee
CAMX,2023-11-11 18:00:00,kWh,79.11593599036271,baseline,hvac_dr_ee
CAMX,2023-11-11 19:00:00,kWh,83.85113606900106,baseline,hvac_dr_ee
CAMX,2023-11-11 20:00:00,kWh,76.55015548856613,baseline,hvac_dr_ee
CAMX,2023-11-11 21:00:00,kWh,84.03302485364938,baseline,hvac_dr_ee
CAMX,2023-11-11 22:00:00,kWh,83.36909729614763,baseline,hvac_dr_ee
CAMX,2023-11-11 23:00:00,kWh,73.80824967112545,baseline,hvac_dr_ee
CAMX,2023-11-12 00:00:00,kWh,77.58935511252731,baseline,hvac_dr_ee
CAMX,2023-11-12 01:00:00,kWh,74.70911217641574,baseline,hvac_dr_ee
CAMX,2023-11-12 02:00:00,kWh,71.3038080453053,baseline,hvac_dr_ee
CAMX,2023-11-12 03:00:00,kWh,75.06786286314228,baseline,hvac_dr_ee
CAMX,2023-11-12 04:00:00,kWh,72.90467199638901,baseline,hvac_dr_ee
CAMX,2023-11-12 05:00:00,kWh,67.73312704887601,baseline,hvac_dr_ee
CAMX,2023-11-12 06:00:00,kWh,84.0176112210754,baseline,hvac_dr_ee
CAMX,2023-11-12 07:00:00,kWh,77.37307219059973,baseline,hvac_dr_ee
CAMX,2023-11-12 08:00:00,kWh,75.79132940982154,baseline,hvac_dr_ee
CAMX,2023-11-12 09:00:00,kWh,88.84809512804387,baseline,hvac_dr_ee
CAMX,2023-11-12 10:00:00,kWh,90.15747221254644,baseline,hvac_dr_ee
CAMX,2023-11-12 11:00:00,kWh,92.5293447183567,baseline,hvac_dr_ee
CAMX,2023-11-12 12:00:00,kWh,96.97193131439508,baseline,hvac_dr_ee
CAMX,2023-11-12 13:00:00,kWh,93.26085751074284,baseline,hvac_dr_ee
CAMX,2023-11-12 14:00:00,kWh,96.92714382938915,baseline,hvac_dr_ee
CAMX,2023-11-12 15:00:00,kWh,98.2685315122813,baseline,hvac_dr_ee
CAMX,2023-11-12 16:00:00,kWh,90.71227730815723,baseline,hvac_dr_ee
CAMX,2023-11-12 17:00:00,kWh,86.96788996015347,baseline,hvac_dr_ee
CAMX,2023-11-12 18:00:00,kWh,71.918999670314,baseline,hvac_dr_ee
CAMX,2023-11-12 19:00:00,kWh,74.37038539301334,baseline,hvac_dr_ee
CAMX,2023-11-12 20:00:00,kWh,68.17843880606773,baseline,hvac_dr_ee
CAMX,2023-11-12 21:00:00,kWh,77.08760932352385,baseline,hvac_dr_ee
CAMX,2023-11-12 22:00:00,kWh,72.09713286014426,baseline,hvac_dr_ee
CAMX,2023-11-12 23:00:00,kWh,67.65046841750959,baseline,hvac_dr_ee
CAMX,2023-11-13 00:00:00,kWh,75.47272791505529,baseline,hvac_dr_ee
CAMX,2023-11-13 01:00:00,kWh,75.72004290150781,baseline,hvac_dr_ee
CAMX,2023-11-13 02:00:00,kWh,71.80227955068057,baseline,hvac_dr_ee
CAMX,2023-11-13 03:00:00,kWh,73.62582743285171,baseline,hvac_dr_ee
CAMX,2023-11-13 04:00:00,kWh,79.54898506925089,baseline,hvac_dr_ee
CAMX,2023-11-13 05:00:00,kWh,124.8478962827872,baseline,hvac_dr_ee
CAMX,2023-11-13 06:00:00,kWh,138.21811001977278,baseline,hvac_dr_ee
CAMX,2023-11-13 07:00:00,kWh,145.35890242588334,baseline,hvac_dr_ee
CAMX,2023-11-13 08:00:00,kWh,160.5610937484313,baseline,hvac_dr_ee
CAMX,2023-11-13 09:00:00,kWh,154.42875706856842,baseline,hvac_dr_ee
CAMX,2023-11-13 10:00:00,kWh,157.44401267732408,baseline,hvac_dr_ee
CAMX,2023-11-13 11:00:00,kWh,165.62923503487468,baseline,hvac_dr_ee
CAMX,2023-11-13 12:00:00,kWh,169.8607432576001,baseline,hvac_dr_ee
CAMX,2023-11-13 13:00:00,kWh,174.4824777282749,baseline,hvac_dr_ee
CAMX,2023-11-13 14:00:00,kWh,169.52660956605862,baseline,hvac_dr_ee
CAMX,2023-11-13 15:00:00,kWh,167.0742053694923,baseline,hvac_dr_ee
CAMX,2023-11-13 16:00:00,kWh,167.564195476155,baseline,hvac_dr_ee
CAMX,2023-11-13 17:00:00,kWh,146.04542749598176,baseline,hvac_dr_ee
CAMX,2023-11-13 18:00:00,kWh,118.96637504965297,baseline,hvac_dr_ee
CAMX,2023-11-13 19:00:00,kWh,116.5848677067649,baseline,hvac_dr_ee
CAMX,2023-11-13 20:00:00,kWh,114.57795612416277,baseline,hvac_dr_ee
CAMX,2023-11-13 21:00:00,kWh,114.88522960954874,baseline,hvac_dr_ee
CAMX,2023-11-13 22:00:00,kWh,87.02821243275143,baseline,hvac_dr_ee
CAMX,2023-11-13 23:00:00,kWh,91.28495674978552,baseline,hvac_dr_ee
CAMX,2023-11-14 00:00:00,kWh,80.13991940959343,baseline,hvac_dr_ee
CAMX,2023-11-14 01:00:00,kWh,86.038865689796,baseline,hvac_dr_ee
CAMX,2023-11-14 02:00:00,kWh,86.49880989563262,baseline,hvac_dr_ee
CAMX,2023-11-14 03:00:00,kWh,79.20510137311729,baseline,hvac_dr_ee
CAMX,2023-11-14 04:00:00,kWh,85.0570266973402,baseline,hvac_dr_ee
CAMX,2023-11-14 05:00:00,kWh,122.27954442020055,baseline,hvac_dr_ee
CAMX,2023-11-14 06:00:00,kWh,135.26255679421064,baseline,hvac_dr_ee
CAMX,2023-11-14 07:00:00,kWh,144.47006673165964,baseline,hvac_dr_ee
CAMX,2023-11-14 08:00:00,kWh,160.69933662530494,baseline,hvac_dr_ee
CAMX,2023-11-14 09:00:00,kWh,155.75753713242554,baseline,hvac_dr_ee
CAMX,2023-11-14 10:00:00,kWh,161.1656819593114,baseline,hvac_dr_ee
CAMX,2023-11-14 11:00:00,kWh,169.88850921931453,baseline,hvac_dr_ee
CAMX,2023-11-14 12:00:00,kWh,172.04260217818083,baseline,hvac_dr_ee
CAMX,2023-11-14 13:00:00,kWh,175.91637180550003,baseline,hvac_dr_ee
CAMX,2023-11-14 14:00:00,kWh,171.86891531057512,baseline,hvac_dr_ee
CAMX,2023-11-14 15:00:00,kWh,170.69527109418897,baseline,hvac_dr_ee
CAMX,2023-11-14 16:00:00,kWh,168.39517105529535,baseline,hvac_dr_ee
CAMX,2023-11-14 17:00:00,kWh,145.64511376846576,baseline,hvac_dr_ee
CAMX,2023-11-14 18:00:00,kWh,117.90151464066697,baseline,hvac_dr_ee
CAMX,2023-11-14 19:00:00,kWh,115.33998980018066,baseline,hvac_dr_ee
CAMX,2023-11-14 20:00:00,kWh,113.2154561878701,baseline,hvac_dr_ee
CAMX,2023-11-14 21:00:00,kWh,113.02616244767717,baseline,hvac_dr_ee
CAMX,2023-11-14 22:00:00,kWh,88.97126914622999,baseline,hvac_dr_ee
CAMX,2023-11-14 23:00:00,kWh,90.09567983010422,baseline,hvac_dr_ee
CAMX,2023-11-15 00:00:00,kWh,80.31749736661104,baseline,hvac_dr_ee
CAMX,2023-11-15 01:00:00,kWh,87.00405304227037,baseline,hvac_dr_ee
CAMX,2023-11-15 02:00:00,kWh,86.9786757436211,baseline,hvac_dr_ee
CAMX,2023-11-15 03:00:00,kWh,80.57873472660513,baseline,hvac_dr_ee
CAMX,2023-11-15 04:00:00,kWh,86.61328792059189,baseline,hvac_dr_ee
CAMX,2023-11-15 05:00:00,kWh,102.28855928019414,baseline,hvac_dr_ee
CAMX,2023-11-15 06:00:00,kWh,131.13777452311913,baseline,hvac_dr_ee
CAMX,2023-11-15 07:00:00,kWh,143.11841307523932,baseline,hvac_dr_ee
CAMX,2023-11-15 08:00:00,kWh,159.86097726336476,baseline,hvac_dr_ee
CAMX,2023-11-15 09:00:00,kWh,154.2693277964626,baseline,hvac_dr_ee
CAMX,2023-11-15 10:00:00,kWh,160.53916250505227,baseline,hvac_dr_ee
CAMX,2023-11-15 11:00:00,kWh,169.5727855135513,baseline,hvac_dr_ee
CAMX,2023-11-15 12:00:00,kWh,170.6698140839961,baseline,hvac_dr_ee
CAMX,2023-11-15 13:00:00,kWh,173.34185885170055,baseline,hvac_dr_ee
CAMX,2023-11-15 14:00:00,kWh,169.8522790668569,baseline,hvac_dr_ee
CAMX,2023-11-15 15:00:00,kWh,169.9812502158246,baseline,hvac_dr_ee
CAMX,2023-11-15 16:00:00,kWh,169.52605839404848,baseline,hvac_dr_ee
CAMX,2023-11-15 17:00:00,kWh,146.49456708209803,baseline,hvac_dr_ee
CAMX,2023-11-15 18:00:00,kWh,119.68333958445592,baseline,hvac_dr_ee
CAMX,2023-11-15 19:00:00,kWh,116.62151114831607,baseline,hvac_dr_ee
CAMX,2023-11-15 20:00:00,kWh,113.55414093098685,baseline,hvac_dr_ee
CAMX,2023-11-15 21:00:00,kWh,113.98604844041657,baseline,hvac_dr_ee
CAMX,2023-11-15 22:00:00,kWh,88.69228365934342,baseline,hvac_dr_ee
CAMX,2023-11-15 23:00:00,kWh,90.63348731081788,baseline,hvac_dr_ee
CAMX,2023-11-16 00:00:00,kWh,80.39442697196213,baseline,hvac_dr_ee
CAMX,2023-11-16 01:00:00,kWh,87.49624676478955,baseline,hvac_dr_ee
CAMX,2023-11-16 02:00:00,kWh,87.15981328280176,baseline,hvac_dr_ee
CAMX,2023-11-16 03:00:00,kWh,80.33197817817972,baseline,hvac_dr_ee
CAMX,2023-11-16 04:00:00,kWh,86.85904240008934,baseline,hvac_dr_ee
CAMX,2023-11-16 05:00:00,kWh,89.51527773119062,baseline,hvac_dr_ee
CAMX,2023-11-16 06:00:00,kWh,130.49242976033977,baseline,hvac_dr_ee
CAMX,2023-11-16 07:00:00,kWh,143.72516170935543,baseline,hvac_dr_ee
CAMX,2023-11-16 08:00:00,kWh,160.46727636792014,baseline,hvac_dr_ee
CAMX,2023-11-16 09:00:00,kWh,151.48601865810565,baseline,hvac_dr_ee
CAMX,2023-11-16 10:00:00,kWh,152.48193306812436,baseline,hvac_dr_ee
CAMX,2023-11-16 11:00:00,kWh,155.56911306110237,baseline,hvac_dr_ee
CAMX,2023-11-16 12:00:00,kWh,161.13391185527033,baseline,hvac_dr_ee
CAMX,2023-11-16 13:00:00,kWh,159.59983643300203,baseline,hvac_dr_ee
CAMX,2023-11-16 14:00:00,kWh,155.08169676079888,baseline,hvac_dr_ee
CAMX,2023-11-16 15:00:00,kWh,155.603910537424,baseline,hvac_dr_ee
CAMX,2023-11-16 16:00:00,kWh,156.18269405357705,baseline,hvac_dr_ee
CAMX,2023-11-16 17:00:00,kWh,144.47538754049847,baseline,hvac_dr_ee
CAMX,2023-11-16 18:00:00,kWh,120.38376118891168,baseline,hvac_dr_ee
CAMX,2023-11-16 19:00:00,kWh,118.16944527391564,baseline,hvac_dr_ee
CAMX,2023-11-16 20:00:00,kWh,115.5754261929043,baseline,hvac_dr_ee
CAMX,2023-11-16 21:00:00,kWh,115.34834604454866,baseline,hvac_dr_ee
CAMX,2023-11-16 22:00:00,kWh,88.99686268336752,baseline,hvac_dr_ee
CAMX,2023-11-16 23:00:00,kWh,91.0848056445095,baseline,hvac_dr_ee
CAMX,2023-11-17 00:00:00,kWh,80.76440951102762,baseline,hvac_dr_ee
CAMX,2023-11-17 01:00:00,kWh,87.38598099702642,baseline,hvac_dr_ee
CAMX,2023-11-17 02:00:00,kWh,87.0852086901201,baseline,hvac_dr_ee
CAMX,2023-11-17 03:00:00,kWh,80.35970630497755,baseline,hvac_dr_ee
CAMX,2023-11-17 04:00:00,kWh,86.9328298054563,baseline,hvac_dr_ee
CAMX,2023-11-17 05:00:00,kWh,106.42411067969032,baseline,hvac_dr_ee
CAMX,2023-11-17 06:00:00,kWh,132.6906988889048,baseline,hvac_dr_ee
CAMX,2023-11-17 07:00:00,kWh,144.58076401273686,baseline,hvac_dr_ee
CAMX,2023-11-17 08:00:00,kWh,158.80267014236605,baseline,hvac_dr_ee
CAMX,2023-11-17 09:00:00,kWh,151.97232754496207,baseline,hvac_dr_ee
CAMX,2023-11-17 10:00:00,kWh,154.1800087269519,baseline,hvac_dr_ee
CAMX,2023-11-17 11:00:00,kWh,156.50898007389992,baseline,hvac_dr_ee
CAMX,2023-11-17 12:00:00,kWh,163.66590487688714,baseline,hvac_dr_ee
CAMX,2023-11-17 13:00:00,kWh,169.93665695097687,baseline,hvac_dr_ee
CAMX,2023-11-17 14:00:00,kWh,166.47034038537774,baseline,hvac_dr_ee
CAMX,2023-11-17 15:00:00,kWh,164.3243596969658,baseline,hvac_dr_ee
CAMX,2023-11-17 16:00:00,kWh,164.23024160966446,baseline,hvac_dr_ee
CAMX,2023-11-17 17:00:00,kWh,145.19230717449884,baseline,hvac_dr_ee
CAMX,2023-11-17 18:00:00,kWh,118.45319539527043,baseline,hvac_dr_ee
CAMX,2023-11-17 19:00:00,kWh,115.7806641784006,baseline,hvac_dr_ee
CAMX,2023-11-17 20:00:00,kWh,113.52982560022363,baseline,hvac_dr_ee
CAMX,2023-11-17 21:00:00,kWh,113.5983431472644,baseline,hvac_dr_ee
CAMX,2023-11-17 22:00:00,kWh,88.68969954212486,baseline,hvac_dr_ee
CAMX,2023-11-17 23:00:00,kWh,91.1044020952948,baseline,hvac_dr_ee
CAMX,2023-11-18 00:00:00,kWh,77.57876349196076,baseline,hvac_dr_ee
CAMX,2023-11-18 01:00:00,kWh,84.04889575929448,baseline,hvac_dr_ee
CAMX,2023-11-18 02:00:00,kWh,83.86552612723156,baseline,hvac_dr_ee
CAMX,2023-11-18 03:00:00,kWh,77.5054684459516,baseline,hvac_dr_ee
CAMX,2023-11-18 04:00:00,kWh,83.70786479365546,baseline,hvac_dr_ee
CAMX,2023-11-18 05:00:00,kWh,94.16412923159754,baseline,hvac_dr_ee
CAMX,2023-11-18 06:00:00,kWh,123.40842975612588,baseline,hvac_dr_ee
CAMX,2023-11-18 07:00:00,kWh,115.45969260068398,baseline,hvac_dr_ee
CAMX,2023-11-18 08:00:00,kWh,121.02534737489347,baseline,hvac_dr_ee
CAMX,2023-11-18 09:00:00,kWh,124.08427422549322,baseline,hvac_dr_ee
CAMX,2023-11-18 10:00:00,kWh,125.42307031785684,baseline,hvac_dr_ee
CAMX,2023-11-18 11:00:00,kWh,133.1606397293674,baseline,hvac_dr_ee
CAMX,2023-11-18 12:00:00,kWh,125.65132220696384,baseline,hvac_dr_ee
CAMX,2023-11-18 13:00:00,kWh,124.42437483960208,baseline,hvac_dr_ee
CAMX,2023-11-18 14:00:00,kWh,124.4303207470465,baseline,hvac_dr_ee
CAMX,2023-11-18 15:00:00,kWh,120.50212460496307,baseline,hvac_dr_ee
CAMX,2023-11-18 16:00:00,kWh,116.2516680855534,baseline,hvac_dr_ee
CAMX,2023-11-18 17:00:00,kWh,106.11078214326687,baseline,hvac_dr_ee
CAMX,2023-11-18 18:00:00,kWh,83.43525686886521,baseline,hvac_dr_ee
CAMX,2023-11-18 19:00:00,kWh,85.92146298293582,baseline,hvac_dr_ee
CAMX,2023-11-18 20:00:00,kWh,76.93141840187053,baseline,hvac_dr_ee
CAMX,2023-11-18 21:00:00,kWh,84.55717879642995,baseline,hvac_dr_ee
CAMX,2023-11-18 22:00:00,kWh,83.93279327003614,baseline,hvac_dr_ee
CAMX,2023-11-18 23:00:00,kWh,77.28552732823957,baseline,hvac_dr_ee
CAMX,2023-11-19 00:00:00,kWh,82.52204668305654,baseline,hvac_dr_ee
CAMX,2023-11-19 01:00:00,kWh,79.47254281755566,baseline,hvac_dr_ee
CAMX,2023-11-19 02:00:00,kWh,71.9397593854965,baseline,hvac_dr_ee
CAMX,2023-11-19 03:00:00,kWh,75.14219274460379,baseline,hvac_dr_ee
CAMX,2023-11-19 04:00:00,kWh,80.32106987982905,baseline,hvac_dr_ee
CAMX,2023-11-19 05:00:00,kWh,70.94317217427677,baseline,hvac_dr_ee
CAMX,2023-11-19 06:00:00,kWh,79.67457117222335,baseline,hvac_dr_ee
CAMX,2023-11-19 07:00:00,kWh,85.63709536685445,baseline,hvac_dr_ee
CAMX,2023-11-19 08:00:00,kWh,78.87576855509059,baseline,hvac_dr_ee
CAMX,2023-11-19 09:00:00,kWh,96.06448285141607,baseline,hvac_dr_ee
CAMX,2023-11-19 10:00:00,kWh,99.74260127514927,baseline,hvac_dr_ee
CAMX,2023-11-19 11:00:00,kWh,92.89414579869569,baseline,hvac_dr_ee
CAMX,2023-11-19 12:00:00,kWh,103.85397898297263,baseline,hvac_dr_ee
CAMX,2023-11-19 13:00:00,kWh,105.06999132930098,baseline,hvac_dr_ee
CAMX,2023-11-19 14:00:00,kWh,95.57701293959289,baseline,hvac_dr_ee
CAMX,2023-11-19 15:00:00,kWh,101.865368818215,baseline,hvac_dr_ee
CAMX,2023-11-19 16:00:00,kWh,97.42799301024591,baseline,hvac_dr_ee
CAMX,2023-11-19 17:00:00,kWh,86.61602512880529,baseline,hvac_dr_ee
CAMX,2023-11-19 18:00:00,kWh,84.95831644689007,baseline,hvac_dr_ee
CAMX,2023-11-19 19:00:00,kWh,81.57328115177592,baseline,hvac_dr_ee
CAMX,2023-11-19 20:00:00,kWh,76.79207725318079,baseline,hvac_dr_ee
CAMX,2023-11-19 21:00:00,kWh,80.44622584517055,baseline,hvac_dr_ee
CAMX,2023-11-19 22:00:00,kWh,78.56234751295166,baseline,hvac_dr_ee
CAMX,2023-11-19 23:00:00,kWh,71.36844166323935,baseline,hvac_dr_ee
CAMX,2023-11-20 00:00:00,kWh,77.40587732554967,baseline,hvac_dr_ee
CAMX,2023-11-20 01:00:00,kWh,75.19163586569768,baseline,hvac_dr_ee
CAMX,2023-11-20 02:00:00,kWh,76.95702586972726,baseline,hvac_dr_ee
CAMX,2023-11-20 03:00:00,kWh,77.78697141800575,baseline,hvac_dr_ee
CAMX,2023-11-20 04:00:00,kWh,78.07825061849462,baseline,hvac_dr_ee
CAMX,2023-11-20 05:00:00,kWh,88.59322329134628,baseline,hvac_dr_ee
CAMX,2023-11-20 06:00:00,kWh,128.82368748383476,baseline,hvac_dr_ee
CAMX,2023-11-20 07:00:00,kWh,152.07208164469907,baseline,hvac_dr_ee
CAMX,2023-11-20 08:00:00,kWh,169.50195847112929,baseline,hvac_dr_ee
CAMX,2023-11-20 09:00:00,kWh,163.9084421173416,baseline,hvac_dr_ee
CAMX,2023-11-20 10:00:00,kWh,163.83921793947468,baseline,hvac_dr_ee
CAMX,2023-11-20 11:00:00,kWh,170.11370753242923,baseline,hvac_dr_ee
CAMX,2023-11-20 12:00:00,kWh,166.58154326367486,baseline,hvac_dr_ee
CAMX,2023-11-20 13:00:00,kWh,169.24561125562954,baseline,hvac_dr_ee
CAMX,2023-11-20 14:00:00,kWh,167.02456504047763,baseline,hvac_dr_ee
CAMX,2023-11-20 15:00:00,kWh,167.54679327397025,baseline,hvac_dr_ee
CAMX,2023-11-20 16:00:00,kWh,169.33744114290414,baseline,hvac_dr_ee
CAMX,2023-11-20 17:00:00,kWh,147.59791724337924,baseline,hvac_dr_ee
CAMX,2023-11-20 18:00:00,kWh,123.55788761492063,baseline,hvac_dr_ee
CAMX,2023-11-20 19:00:00,kWh,122.33110675612409,baseline,hvac_dr_ee
CAMX,2023-11-20 20:00:00,kWh,119.8676996944245,baseline,hvac_dr_ee
CAMX,2023-11-20 21:00:00,kWh,119.26477256573168,baseline,hvac_dr_ee
CAMX,2023-11-20 22:00:00,kWh,88.79000848325711,baseline,hvac_dr_ee
CAMX,2023-11-20 23:00:00,kWh,90.71248718233994,baseline,hvac_dr_ee
CAMX,2023-11-21 00:00:00,kWh,80.62781261112245,baseline,hvac_dr_ee
CAMX,2023-11-21 01:00:00,kWh,87.97844595835804,baseline,hvac_dr_ee
CAMX,2023-11-21 02:00:00,kWh,87.63202951686941,baseline,hvac_dr_ee
CAMX,2023-11-21 03:00:00,kWh,80.57433197457404,baseline,hvac_dr_ee
CAMX,2023-11-21 04:00:00,kWh,87.26950894402626,baseline,hvac_dr_ee
CAMX,2023-11-21 05:00:00,kWh,89.79233851242084,baseline,hvac_dr_ee
CAMX,2023-11-21 06:00:00,kWh,127.69341228370413,baseline,hvac_dr_ee
CAMX,2023-11-21 07:00:00,kWh,150.17109237195865,baseline,hvac_dr_ee
CAMX,2023-11-21 08:00:00,kWh,163.93618293098308,baseline,hvac_dr_ee
CAMX,2023-11-21 09:00:00,kWh,156.00657861235888,baseline,hvac_dr_ee
CAMX,2023-11-21 10:00:00,kWh,154.6299623880706,baseline,hvac_dr_ee
CAMX,2023-11-21 11:00:00,kWh,160.05883455998276,baseline,hvac_dr_ee
CAMX,2023-11-21 12:00:00,kWh,164.12819450487103,baseline,hvac_dr_ee
CAMX,2023-11-21 13:00:00,kWh,164.81234173966084,baseline,hvac_dr_ee
CAMX,2023-11-21 14:00:00,kWh,167.9971263381071,baseline,hvac_dr_ee
CAMX,2023-11-21 15:00:00,kWh,168.31942741827694,baseline,hvac_dr_ee
CAMX,2023-11-21 16:00:00,kWh,168.72632601591454,baseline,hvac_dr_ee
CAMX,2023-11-21 17:00:00,kWh,146.67828245050416,baseline,hvac_dr_ee
CAMX,2023-11-21 18:00:00,kWh,120.76637897111235,baseline,hvac_dr_ee
CAMX,2023-11-21 19:00:00,kWh,117.9465556595131,baseline,hvac_dr_ee
CAMX,2023-11-21 20:00:00,kWh,114.9766647301107,baseline,hvac_dr_ee
CAMX,2023-11-21 21:00:00,kWh,114.12312849887508,baseline,hvac_dr_ee
CAMX,2023-11-21 22:00:00,kWh,88.84850588590407,baseline,hvac_dr_ee
CAMX,2023-11-21 23:00:00,kWh,91.4094786831457,baseline,hvac_dr_ee
CAMX,2023-11-22 00:00:00,kWh,80.34580262880475,baseline,hvac_dr_ee
CAMX,2023-11-22 01:00:00,kWh,87.9245082546814,baseline,hvac_dr_ee
CAMX,2023-11-22 02:00:00,kWh,88.29704251263205,baseline,hvac_dr_ee
CAMX,2023-11-22 03:00:00,kWh,80.53831123600696,baseline,hvac_dr_ee
CAMX,2023-11-22 04:00:00,kWh,87.01016303197491,baseline,hvac_dr_ee
CAMX,2023-11-22 05:00:00,kWh,93.98397433099575,baseline,hvac_dr_ee
CAMX,2023-11-22 06:00:00,kWh,129.24116723586985,baseline,hvac_dr_ee
CAMX,2023-11-22 07:00:00,kWh,142.74557299137842,baseline,hvac_dr_ee
CAMX,2023-11-22 08:00:00,kWh,160.16029679296253,baseline,hvac_dr_ee
CAMX,2023-11-22 09:00:00,kWh,153.76046207315537,baseline,hvac_dr_ee
CAMX,2023-11-22 10:00:00,kWh,154.836977515593,baseline,hvac_dr_ee
CAMX,2023-11-22 11:00:00,kWh,159.81873612367605,baseline,hvac_dr_ee
CAMX,2023-11-22 12:00:00,kWh,164.82381086028533,baseline,hvac_dr_ee
CAMX,2023-11-22 13:00:00,kWh,162.60815779522068,baseline,hvac_dr_ee
CAMX,2023-11-22 14:00:00,kWh,159.8601357389121,baseline,hvac_dr_ee
CAMX,2023-11-22 15:00:00,kWh,157.80673146761092,baseline,hvac_dr_ee
CAMX,2023-11-22 16:00:00,kWh,158.98149402198607,baseline,hvac_dr_ee
CAMX,2023-11-22 17:00:00,kWh,144.41823349823358,baseline,hvac_dr_ee
CAMX,2023-11-22 18:00:00,kWh,118.95669276574185,baseline,hvac_dr_ee
CAMX,2023-11-22 19:00:00,kWh,116.78893136875074,baseline,hvac_dr_ee
CAMX,2023-11-22 20:00:00,kWh,114.56213672223367,baseline,hvac_dr_ee
CAMX,2023-11-22 21:00:00,kWh,114.5495553303554,baseline,hvac_dr_ee
CAMX,2023-11-22 22:00:00,kWh,89.19699963802965,baseline,hvac_dr_ee
CAMX,2023-11-22 23:00:00,kWh,91.31601528681598,baseline,hvac_dr_ee
CAMX,2023-11-23 00:00:00,kWh,80.38677052435528,baseline,hvac_dr_ee
CAMX,2023-11-23 01:00:00,kWh,88.70701070711044,baseline,hvac_dr_ee
CAMX,2023-11-23 02:00:00,kWh,87.19446371039295,baseline,hvac_dr_ee
CAMX,2023-11-23 03:00:00,kWh,80.32276910306297,baseline,hvac_dr_ee
CAMX,2023-11-23 04:00:00,kWh,86.74016724265496,baseline,hvac_dr_ee
CAMX,2023-11-23 05:00:00,kWh,123.5709245433521,baseline,hvac_dr_ee
CAMX,2023-11-23 06:00:00,kWh,135.7535793488974,baseline,hvac_dr_ee
CAMX,2023-11-23 07:00:00,kWh,146.222096327795,baseline,hvac_dr_ee
CAMX,2023-11-23 08:00:00,kWh,159.72066785352646,baseline,hvac_dr_ee
CAMX,2023-11-23 09:00:00,kWh,154.07267369800715,baseline,hvac_dr_ee
CAMX,2023-11-23 10:00:00,kWh,159.58740578101273,baseline,hvac_dr_ee
CAMX,2023-11-23 11:00:00,kWh,168.97243667450107,baseline,hvac_dr_ee
CAMX,2023-11-23 12:00:00,kWh,172.97164516829298,baseline,hvac_dr_ee
CAMX,2023-11-23 13:00:00,kWh,177.5600484920195,baseline,hvac_dr_ee
CAMX,2023-11-23 14:00:00,kWh,174.2160235151773,baseline,hvac_dr_ee
CAMX,2023-11-23 15:00:00,kWh,170.95561954077908,baseline,hvac_dr_ee
CAMX,2023-11-23 16:00:00,kWh,168.56317981623224,baseline,hvac_dr_ee
CAMX,2023-11-23 17:00:00,kWh,144.28367445524344,baseline,hvac_dr_ee
CAMX,2023-11-23 18:00:00,kWh,116.80671127962647,baseline,hvac_dr_ee
CAMX,2023-11-23 19:00:00,kWh,114.76828223223414,baseline,hvac_dr_ee
CAMX,2023-11-23 20:00:00,kWh,112.80781115306563,baseline,hvac_dr_ee
CAMX,2023-11-23 21:00:00,kWh,113.0040989582715,baseline,hvac_dr_ee
CAMX,2023-11-23 22:00:00,kWh,89.20251043530841,baseline,hvac_dr_ee
CAMX,2023-11-23 23:00:00,kWh,91.17163049569035,baseline,hvac_dr_ee
CAMX,2023-11-24 00:00:00,kWh,80.56460000159345,baseline,hvac_dr_ee
CAMX,2023-11-24 01:00:00,kWh,87.57759041322112,baseline,hvac_dr_ee
CAMX,2023-11-24 02:00:00,kWh,87.29881473568346,baseline,hvac_dr_ee
CAMX,2023-11-24 03:00:00,kWh,80.30411171057158,baseline,hvac_dr_ee
CAMX,2023-11-24 04:00:00,kWh,87.37307987261823,baseline,hvac_dr_ee
CAMX,2023-11-24 05:00:00,kWh,117.72834690309014,baseline,hvac_dr_ee
CAMX,2023-11-24 06:00:00,kWh,134.959286260257,baseline,hvac_dr_ee
CAMX,2023-11-24 07:00:00,kWh,146.5354226053413,baseline,hvac_dr_ee
CAMX,2023-11-24 08:00:00,kWh,158.89817805072366,baseline,hvac_dr_ee
CAMX,2023-11-24 09:00:00,kWh,153.58525643612566,baseline,hvac_dr_ee
CAMX,2023-11-24 10:00:00,kWh,161.47227185103864,baseline,hvac_dr_ee
CAMX,2023-11-24 11:00:00,kWh,166.3903060517282,baseline,hvac_dr_ee
CAMX,2023-11-24 12:00:00,kWh,168.14569753233707,baseline,hvac_dr_ee
CAMX,2023-11-24 13:00:00,kWh,172.21744490563694,baseline,hvac_dr_ee
CAMX,2023-11-24 14:00:00,kWh,171.09701681900862,baseline,hvac_dr_ee
CAMX,2023-11-24 15:00:00,kWh,169.66060007999096,baseline,hvac_dr_ee
CAMX,2023-11-24 16:00:00,kWh,171.23918735762635,baseline,hvac_dr_ee
CAMX,2023-11-24 17:00:00,kWh,148.59564203011325,baseline,hvac_dr_ee
CAMX,2023-11-24 18:00:00,kWh,122.4336621912936,baseline,hvac_dr_ee
CAMX,2023-11-24 19:00:00,kWh,120.60956970189076,baseline,hvac_dr_ee
CAMX,2023-11-24 20:00:00,kWh,117.44730657114066,baseline,hvac_dr_ee
CAMX,2023-11-24 21:00:00,kWh,117.13589472783057,baseline,hvac_dr_ee
CAMX,2023-11-24 22:00:00,kWh,90.70219088177683,baseline,hvac_dr_ee
CAMX,2023-11-24 23:00:00,kWh,89.51032743666715,baseline,hvac_dr_ee
CAMX,2023-11-25 00:00:00,kWh,77.28507499987106,baseline,hvac_dr_ee
CAMX,2023-11-25 01:00:00,kWh,84.36333024655633,baseline,hvac_dr_ee
CAMX,2023-11-25 02:00:00,kWh,84.00082841624106,baseline,hvac_dr_ee
CAMX,2023-11-25 03:00:00,kWh,77.16746212040167,baseline,hvac_dr_ee
CAMX,2023-11-25 04:00:00,kWh,83.6060979553882,baseline,hvac_dr_ee
CAMX,2023-11-25 05:00:00,kWh,91.21249132296022,baseline,hvac_dr_ee
CAMX,2023-11-25 06:00:00,kWh,122.5945255485745,baseline,hvac_dr_ee
CAMX,2023-11-25 07:00:00,kWh,113.49146518142608,baseline,hvac_dr_ee
CAMX,2023-11-25 08:00:00,kWh,120.02815246881221,baseline,hvac_dr_ee
CAMX,2023-11-25 09:00:00,kWh,124.04367593749834,baseline,hvac_dr_ee
CAMX,2023-11-25 10:00:00,kWh,124.5777282201934,baseline,hvac_dr_ee
CAMX,2023-11-25 11:00:00,kWh,128.6190758430024,baseline,hvac_dr_ee
CAMX,2023-11-25 12:00:00,kWh,120.5434873881581,baseline,hvac_dr_ee
CAMX,2023-11-25 13:00:00,kWh,120.89455364012115,baseline,hvac_dr_ee
CAMX,2023-11-25 14:00:00,kWh,120.87691543894994,baseline,hvac_dr_ee
CAMX,2023-11-25 15:00:00,kWh,115.27022093160026,baseline,hvac_dr_ee
CAMX,2023-11-25 16:00:00,kWh,113.21915381286232,baseline,hvac_dr_ee
CAMX,2023-11-25 17:00:00,kWh,104.68393300479882,baseline,hvac_dr_ee
CAMX,2023-11-25 18:00:00,kWh,85.88291109615642,baseline,hvac_dr_ee
CAMX,2023-11-25 19:00:00,kWh,86.03407567092898,baseline,hvac_dr_ee
CAMX,2023-11-25 20:00:00,kWh,78.44745974513114,baseline,hvac_dr_ee
CAMX,2023-11-25 21:00:00,kWh,84.6611264153705,baseline,hvac_dr_ee
CAMX,2023-11-25 22:00:00,kWh,83.351026316191,baseline,hvac_dr_ee
CAMX,2023-11-25 23:00:00,kWh,77.21847560573937,baseline,hvac_dr_ee
CAMX,2023-11-26 00:00:00,kWh,82.30030140525764,baseline,hvac_dr_ee
CAMX,2023-11-26 01:00:00,kWh,81.53967255859646,baseline,hvac_dr_ee
CAMX,2023-11-26 02:00:00,kWh,75.83574644684148,baseline,hvac_dr_ee
CAMX,2023-11-26 03:00:00,kWh,81.20553646585877,baseline,hvac_dr_ee
CAMX,2023-11-26 04:00:00,kWh,81.0878165280735,baseline,hvac_dr_ee
CAMX,2023-11-26 05:00:00,kWh,73.72105235758532,baseline,hvac_dr_ee
CAMX,2023-11-26 06:00:00,kWh,81.43254297767733,baseline,hvac_dr_ee
CAMX,2023-11-26 07:00:00,kWh,82.23701699641903,baseline,hvac_dr_ee
CAMX,2023-11-26 08:00:00,kWh,79.70824937186123,baseline,hvac_dr_ee
CAMX,2023-11-26 09:00:00,kWh,89.35209454129294,baseline,hvac_dr_ee
CAMX,2023-11-26 10:00:00,kWh,93.1231252897363,baseline,hvac_dr_ee
CAMX,2023-11-26 11:00:00,kWh,92.49658764643803,baseline,hvac_dr_ee
CAMX,2023-11-26 12:00:00,kWh,101.28927328157312,baseline,hvac_dr_ee
CAMX,2023-11-26 13:00:00,kWh,100.43747272741778,baseline,hvac_dr_ee
CAMX,2023-11-26 14:00:00,kWh,94.96734753763423,baseline,hvac_dr_ee
CAMX,2023-11-26 15:00:00,kWh,99.33597821029758,baseline,hvac_dr_ee
CAMX,2023-11-26 16:00:00,kWh,94.99823416631305,baseline,hvac_dr_ee
CAMX,2023-11-26 17:00:00,kWh,84.12254019340654,baseline,hvac_dr_ee
CAMX,2023-11-26 18:00:00,kWh,87.00532136500244,baseline,hvac_dr_ee
CAMX,2023-11-26 19:00:00,kWh,84.22915278666548,baseline,hvac_dr_ee
CAMX,2023-11-26 20:00:00,kWh,75.31271017224017,baseline,hvac_dr_ee
CAMX,2023-11-26 21:00:00,kWh,78.12139072746339,baseline,hvac_dr_ee
CAMX,2023-11-26 22:00:00,kWh,81.80464358732476,baseline,hvac_dr_ee
CAMX,2023-11-26 23:00:00,kWh,71.70577960038034,baseline,hvac_dr_ee
CAMX,2023-11-27 00:00:00,kWh,81.07460554068687,baseline,hvac_dr_ee
CAMX,2023-11-27 01:00:00,kWh,75.54073877637114,baseline,hvac_dr_ee
CAMX,2023-11-27 02:00:00,kWh,78.59346741638268,baseline,hvac_dr_ee
CAMX,2023-11-27 03:00:00,kWh,79.48277762323752,baseline,hvac_dr_ee
CAMX,2023-11-27 04:00:00,kWh,77.83981718365956,baseline,hvac_dr_ee
CAMX,2023-11-27 05:00:00,kWh,94.97636848349424,baseline,hvac_dr_ee
CAMX,2023-11-27 06:00:00,kWh,130.25474023394472,baseline,hvac_dr_ee
CAMX,2023-11-27 07:00:00,kWh,144.65106565240745,baseline,hvac_dr_ee
CAMX,2023-11-27 08:00:00,kWh,160.40904685106503,baseline,hvac_dr_ee
CAMX,2023-11-27 09:00:00,kWh,156.2627964333335,baseline,hvac_dr_ee
CAMX,2023-11-27 10:00:00,kWh,160.93041588101786,baseline,hvac_dr_ee
CAMX,2023-11-27 11:00:00,kWh,169.9869817266362,baseline,hvac_dr_ee
CAMX,2023-11-27 12:00:00,kWh,172.06032970782263,baseline,hvac_dr_ee
CAMX,2023-11-27 13:00:00,kWh,176.96490895007398,baseline,hvac_dr_ee
CAMX,2023-11-27 14:00:00,kWh,176.36133199106808,baseline,hvac_dr_ee
CAMX,2023-11-27 15:00:00,kWh,171.37732838574107,baseline,hvac_dr_ee
CAMX,2023-11-27 16:00:00,kWh,165.985462165348,baseline,hvac_dr_ee
CAMX,2023-11-27 17:00:00,kWh,144.66261606168888,baseline,hvac_dr_ee
CAMX,2023-11-27 18:00:00,kWh,118.65086113402482,baseline,hvac_dr_ee
CAMX,2023-11-27 19:00:00,kWh,116.33378462424982,baseline,hvac_dr_ee
CAMX,2023-11-27 20:00:00,kWh,114.1493581632871,baseline,hvac_dr_ee
CAMX,2023-11-27 21:00:00,kWh,114.08760803564489,baseline,hvac_dr_ee
CAMX,2023-11-27 22:00:00,kWh,88.91931776460119,baseline,hvac_dr_ee
CAMX,2023-11-27 23:00:00,kWh,90.72052692842009,baseline,hvac_dr_ee
CAMX,2023-11-28 00:00:00,kWh,80.82074607397124,baseline,hvac_dr_ee
CAMX,2023-11-28 01:00:00,kWh,87.79565064360668,baseline,hvac_dr_ee
CAMX,2023-11-28 02:00:00,kWh,87.35856562971463,baseline,hvac_dr_ee
CAMX,2023-11-28 03:00:00,kWh,80.73677797272431,baseline,hvac_dr_ee
CAMX,2023-11-28 04:00:00,kWh,86.48164328601375,baseline,hvac_dr_ee
CAMX,2023-11-28 05:00:00,kWh,116.6336216679639,baseline,hvac_dr_ee
CAMX,2023-11-28 06:00:00,kWh,136.6331627146129,baseline,hvac_dr_ee
CAMX,2023-11-28 07:00:00,kWh,152.7056607977362,baseline,hvac_dr_ee
CAMX,2023-11-28 08:00:00,kWh,164.2719977119994,baseline,hvac_dr_ee
CAMX,2023-11-28 09:00:00,kWh,155.18336349273744,baseline,hvac_dr_ee
CAMX,2023-11-28 10:00:00,kWh,157.5813269685156,baseline,hvac_dr_ee
CAMX,2023-11-28 11:00:00,kWh,164.52843515808874,baseline,hvac_dr_ee
CAMX,2023-11-28 12:00:00,kWh,170.27687998414842,baseline,hvac_dr_ee
CAMX,2023-11-28 13:00:00,kWh,176.00716850964008,baseline,hvac_dr_ee
CAMX,2023-11-28 14:00:00,kWh,167.3991222516398,baseline,hvac_dr_ee
CAMX,2023-11-28 15:00:00,kWh,163.37772157485193,baseline,hvac_dr_ee
CAMX,2023-11-28 16:00:00,kWh,167.82055477167071,baseline,hvac_dr_ee
CAMX,2023-11-28 17:00:00,kWh,142.94661825090378,baseline,hvac_dr_ee
CAMX,2023-11-28 18:00:00,kWh,118.17689529618868,baseline,hvac_dr_ee
CAMX,2023-11-28 19:00:00,kWh,116.7494390989072,baseline,hvac_dr_ee
CAMX,2023-11-28 20:00:00,kWh,115.26986715879195,baseline,hvac_dr_ee
CAMX,2023-11-28 21:00:00,kWh,115.67651891781865,baseline,hvac_dr_ee
CAMX,2023-11-28 22:00:00,kWh,88.84899345834177,baseline,hvac_dr_ee
CAMX,2023-11-28 23:00:00,kWh,90.93350496011213,baseline,hvac_dr_ee
CAMX,2023-11-29 00:00:00,kWh,80.89230403079553,baseline,hvac_dr_ee
CAMX,2023-11-29 01:00:00,kWh,87.80641477425618,baseline,hvac_dr_ee
CAMX,2023-11-29 02:00:00,kWh,87.18304805754919,baseline,hvac_dr_ee
CAMX,2023-11-29 03:00:00,kWh,81.09645211195874,baseline,hvac_dr_ee
CAMX,2023-11-29 04:00:00,kWh,88.10305740926671,baseline,hvac_dr_ee
CAMX,2023-11-29 05:00:00,kWh,120.5862719471487,baseline,hvac_dr_ee
CAMX,2023-11-29 06:00:00,kWh,139.84286942586033,baseline,hvac_dr_ee
CAMX,2023-11-29 07:00:00,kWh,155.53109707830873,baseline,hvac_dr_ee
CAMX,2023-11-29 08:00:00,kWh,168.2499924800921,baseline,hvac_dr_ee
CAMX,2023-11-29 09:00:00,kWh,155.0392175576575,baseline,hvac_dr_ee
CAMX,2023-11-29 10:00:00,kWh,158.36100219243525,baseline,hvac_dr_ee
CAMX,2023-11-29 11:00:00,kWh,166.43826098875212,baseline,hvac_dr_ee
CAMX,2023-11-29 12:00:00,kWh,170.8294218817375,baseline,hvac_dr_ee
CAMX,2023-11-29 13:00:00,kWh,170.44507809022235,baseline,hvac_dr_ee
CAMX,2023-11-29 14:00:00,kWh,163.8210392434667,baseline,hvac_dr_ee
CAMX,2023-11-29 15:00:00,kWh,162.04125484431117,baseline,hvac_dr_ee
CAMX,2023-11-29 16:00:00,kWh,160.42858130282144,baseline,hvac_dr_ee
CAMX,2023-11-29 17:00:00,kWh,142.16348354968497,baseline,hvac_dr_ee
CAMX,2023-11-29 18:00:00,kWh,120.02293942745348,baseline,hvac_dr_ee
CAMX,2023-11-29 19:00:00,kWh,118.55176767159622,baseline,hvac_dr_ee
CAMX,2023-11-29 20:00:00,kWh,116.34994620632712,baseline,hvac_dr_ee
CAMX,2023-11-29 21:00:00,kWh,116.85269446321024,baseline,hvac_dr_ee
CAMX,2023-11-29 22:00:00,kWh,89.80180984214786,baseline,hvac_dr_ee
CAMX,2023-11-29 23:00:00,kWh,90.21309676495918,baseline,hvac_dr_ee
CAMX,2023-11-30 00:00:00,kWh,80.35086423976054,baseline,hvac_dr_ee
CAMX,2023-11-30 01:00:00,kWh,88.62916105195234,baseline,hvac_dr_ee
CAMX,2023-11-30 02:00:00,kWh,87.08288351250425,baseline,hvac_dr_ee
CAMX,2023-11-30 03:00:00,kWh,80.49882221383999,baseline,hvac_dr_ee
CAMX,2023-11-30 04:00:00,kWh,87.91392617109386,baseline,hvac_dr_ee
CAMX,2023-11-30 05:00:00,kWh,130.74143783044428,baseline,hvac_dr_ee
CAMX,2023-11-30 06:00:00,kWh,141.0569709522258,baseline,hvac_dr_ee
CAMX,2023-11-30 07:00:00,kWh,154.0569996828133,baseline,hvac_dr_ee
CAMX,2023-11-30 08:00:00,kWh,166.2963522682391,baseline,hvac_dr_ee
CAMX,2023-11-30 09:00:00,kWh,156.782932011953,baseline,hvac_dr_ee
CAMX,2023-11-30 10:00:00,kWh,156.41077414395238,baseline,hvac_dr_ee
CAMX,2023-11-30 11:00:00,kWh,163.02043836604145,baseline,hvac_dr_ee
CAMX,2023-11-30 12:00:00,kWh,168.75448866748894,baseline,hvac_dr_ee
CAMX,2023-11-30 13:00:00,kWh,172.1935117767551,baseline,hvac_dr_ee
CAMX,2023-11-30 14:00:00,kWh,169.029395178662,baseline,hvac_dr_ee
CAMX,2023-11-30 15:00:00,kWh,166.10881348818145,baseline,hvac_dr_ee
CAMX,2023-11-30 16:00:00,kWh,163.7638807112266,baseline,hvac_dr_ee
CAMX,2023-11-30 17:00:00,kWh,144.0268311682207,baseline,hvac_dr_ee
CAMX,2023-11-30 18:00:00,kWh,119.438451533212,baseline,hvac_dr_ee
CAMX,2023-11-30 19:00:00,kWh,117.73494534069967,baseline,hvac_dr_ee
CAMX,2023-11-30 20:00:00,kWh,115.76235234641015,baseline,hvac_dr_ee
CAMX,2023-11-30 21:00:00,kWh,115.89342328001369,baseline,hvac_dr_ee
CAMX,2023-11-30 22:00:00,kWh,88.57074578301355,baseline,hvac_dr_ee
CAMX,2023-11-30 23:00:00,kWh,90.01365480987874,baseline,hvac_dr_ee
CAMX,2023-12-01 00:00:00,kWh,80.46339409614997,baseline,hvac_dr_ee
CAMX,2023-12-01 01:00:00,kWh,87.74016256018372,baseline,hvac_dr_ee
CAMX,2023-12-01 02:00:00,kWh,87.0567469543862,baseline,hvac_dr_ee
CAMX,2023-12-01 03:00:00,kWh,80.32875525982145,baseline,hvac_dr_ee
CAMX,2023-12-01 04:00:00,kWh,87.99334066485072,baseline,hvac_dr_ee
CAMX,2023-12-01 05:00:00,kWh,125.9120170095814,baseline,hvac_dr_ee
CAMX,2023-12-01 06:00:00,kWh,143.02391566567064,baseline,hvac_dr_ee
CAMX,2023-12-01 07:00:00,kWh,155.26929605926742,baseline,hvac_dr_ee
CAMX,2023-12-01 08:00:00,kWh,162.26743811262654,baseline,hvac_dr_ee
CAMX,2023-12-01 09:00:00,kWh,153.68295332727115,baseline,hvac_dr_ee
CAMX,2023-12-01 10:00:00,kWh,154.72813523004987,baseline,hvac_dr_ee
CAMX,2023-12-01 11:00:00,kWh,160.1366705708021,baseline,hvac_dr_ee
CAMX,2023-12-01 12:00:00,kWh,164.86841833135838,baseline,hvac_dr_ee
CAMX,2023-12-01 13:00:00,kWh,163.6349703250487,baseline,hvac_dr_ee
CAMX,2023-12-01 14:00:00,kWh,157.4246297748299,baseline,hvac_dr_ee
CAMX,2023-12-01 15:00:00,kWh,156.90600992551686,baseline,hvac_dr_ee
CAMX,2023-12-01 16:00:00,kWh,157.49534978322106,baseline,hvac_dr_ee
CAMX,2023-12-01 17:00:00,kWh,143.0337758970785,baseline,hvac_dr_ee
CAMX,2023-12-01 18:00:00,kWh,121.60777738586594,baseline,hvac_dr_ee
CAMX,2023-12-01 19:00:00,kWh,119.8199928797273,baseline,hvac_dr_ee
CAMX,2023-12-01 20:00:00,kWh,117.92759295646903,baseline,hvac_dr_ee
CAMX,2023-12-01 21:00:00,kWh,118.32130579162558,baseline,hvac_dr_ee
CAMX,2023-12-01 22:00:00,kWh,88.01428118110663,baseline,hvac_dr_ee
CAMX,2023-12-01 23:00:00,kWh,89.61662850471411,baseline,hvac_dr_ee
CAMX,2023-12-02 00:00:00,kWh,77.46399351775776,baseline,hvac_dr_ee
CAMX,2023-12-02 01:00:00,kWh,83.93336382856907,baseline,hvac_dr_ee
CAMX,2023-12-02 02:00:00,kWh,83.55595957197201,baseline,hvac_dr_ee
CAMX,2023-12-02 03:00:00,kWh,77.12854254710369,baseline,hvac_dr_ee
CAMX,2023-12-02 04:00:00,kWh,84.78298969587524,baseline,hvac_dr_ee
CAMX,2023-12-02 05:00:00,kWh,123.82500713044672,baseline,hvac_dr_ee
CAMX,2023-12-02 06:00:00,kWh,136.84794644386082,baseline,hvac_dr_ee
CAMX,2023-12-02 07:00:00,kWh,126.56584232153699,baseline,hvac_dr_ee
CAMX,2023-12-02 08:00:00,kWh,124.79982983297424,baseline,hvac_dr_ee
CAMX,2023-12-02 09:00:00,kWh,122.48517266806118,baseline,hvac_dr_ee
CAMX,2023-12-02 10:00:00,kWh,122.53636652724228,baseline,hvac_dr_ee
CAMX,2023-12-02 11:00:00,kWh,127.28178729438541,baseline,hvac_dr_ee
CAMX,2023-12-02 12:00:00,kWh,120.3512447988642,baseline,hvac_dr_ee
CAMX,2023-12-02 13:00:00,kWh,118.89576617038313,baseline,hvac_dr_ee
CAMX,2023-12-02 14:00:00,kWh,116.76882380540044,baseline,hvac_dr_ee
CAMX,2023-12-02 15:00:00,kWh,113.0720600434983,baseline,hvac_dr_ee
CAMX,2023-12-02 16:00:00,kWh,110.80788691142902,baseline,hvac_dr_ee
CAMX,2023-12-02 17:00:00,kWh,96.30792865814337,baseline,hvac_dr_ee
CAMX,2023-12-02 18:00:00,kWh,78.90815771776349,baseline,hvac_dr_ee
CAMX,2023-12-02 19:00:00,kWh,83.5933892160164,baseline,hvac_dr_ee
CAMX,2023-12-02 20:00:00,kWh,76.2461569053018,baseline,hvac_dr_ee
CAMX,2023-12-02 21:00:00,kWh,83.70732019214877,baseline,hvac_dr_ee
CAMX,2023-12-02 22:00:00,kWh,83.23100710646222,baseline,hvac_dr_ee
CAMX,2023-12-02 23:00:00,kWh,76.86931531173902,baseline,hvac_dr_ee
CAMX,2023-12-03 00:00:00,kWh,68.69032732566434,baseline,hvac_dr_ee
CAMX,2023-12-03 01:00:00,kWh,77.59242149440456,baseline,hvac_dr_ee
CAMX,2023-12-03 02:00:00,kWh,67.44624377692205,baseline,hvac_dr_ee
CAMX,2023-12-03 03:00:00,kWh,71.09020567271583,baseline,hvac_dr_ee
CAMX,2023-12-03 04:00:00,kWh,77.9656410476843,baseline,hvac_dr_ee
CAMX,2023-12-03 05:00:00,kWh,65.86827540407145,baseline,hvac_dr_ee
CAMX,2023-12-03 06:00:00,kWh,78.82070761919377,baseline,hvac_dr_ee
CAMX,2023-12-03 07:00:00,kWh,77.74369029312462,baseline,hvac_dr_ee
CAMX,2023-12-03 08:00:00,kWh,79.61428971146874,baseline,hvac_dr_ee
CAMX,2023-12-03 09:00:00,kWh,73.82038253778242,baseline,hvac_dr_ee
CAMX,2023-12-03 10:00:00,kWh,90.8663864260172,baseline,hvac_dr_ee
CAMX,2023-12-03 11:00:00,kWh,87.93510999452586,baseline,hvac_dr_ee
CAMX,2023-12-03 12:00:00,kWh,96.23378188630696,baseline,hvac_dr_ee
CAMX,2023-12-03 13:00:00,kWh,98.96151956216552,baseline,hvac_dr_ee
CAMX,2023-12-03 14:00:00,kWh,93.30429459259582,baseline,hvac_dr_ee
CAMX,2023-12-03 15:00:00,kWh,96.04798761896812,baseline,hvac_dr_ee
CAMX,2023-12-03 16:00:00,kWh,95.55305003236836,baseline,hvac_dr_ee
CAMX,2023-12-03 17:00:00,kWh,85.55124307133019,baseline,hvac_dr_ee
CAMX,2023-12-03 18:00:00,kWh,67.89862929110838,baseline,hvac_dr_ee
CAMX,2023-12-03 19:00:00,kWh,68.02387873284829,baseline,hvac_dr_ee
CAMX,2023-12-03 20:00:00,kWh,64.54963331857712,baseline,hvac_dr_ee
CAMX,2023-12-03 21:00:00,kWh,76.18909527197019,baseline,hvac_dr_ee
CAMX,2023-12-03 22:00:00,kWh,66.88721702311227,baseline,hvac_dr_ee
CAMX,2023-12-03 23:00:00,kWh,69.06460371641998,baseline,hvac_dr_ee
CAMX,2023-12-04 00:00:00,kWh,75.54596217733616,baseline,hvac_dr_ee
CAMX,2023-12-04 01:00:00,kWh,69.87553477381095,baseline,hvac_dr_ee
CAMX,2023-12-04 02:00:00,kWh,68.36373704572817,baseline,hvac_dr_ee
CAMX,2023-12-04 03:00:00,kWh,69.86880766841212,baseline,hvac_dr_ee
CAMX,2023-12-04 04:00:00,kWh,83.55437647654523,baseline,hvac_dr_ee
CAMX,2023-12-04 05:00:00,kWh,138.42544969896932,baseline,hvac_dr_ee
CAMX,2023-12-04 06:00:00,kWh,147.98649737367333,baseline,hvac_dr_ee
CAMX,2023-12-04 07:00:00,kWh,160.66214188835198,baseline,hvac_dr_ee
CAMX,2023-12-04 08:00:00,kWh,167.81079291938633,baseline,hvac_dr_ee
CAMX,2023-12-04 09:00:00,kWh,159.4276744954401,baseline,hvac_dr_ee
CAMX,2023-12-04 10:00:00,kWh,160.85835169884177,baseline,hvac_dr_ee
CAMX,2023-12-04 11:00:00,kWh,168.33839371989123,baseline,hvac_dr_ee
CAMX,2023-12-04 12:00:00,kWh,171.71350359008542,baseline,hvac_dr_ee
CAMX,2023-12-04 13:00:00,kWh,171.01464033920973,baseline,hvac_dr_ee
CAMX,2023-12-04 14:00:00,kWh,165.22240607060738,baseline,hvac_dr_ee
CAMX,2023-12-04 15:00:00,kWh,164.3953126237983,baseline,hvac_dr_ee
CAMX,2023-12-04 16:00:00,kWh,165.03508247737454,baseline,hvac_dr_ee
CAMX,2023-12-04 17:00:00,kWh,147.57304585923896,baseline,hvac_dr_ee
CAMX,2023-12-04 18:00:00,kWh,123.05868265582257,baseline,hvac_dr_ee
CAMX,2023-12-04 19:00:00,kWh,121.00907131541422,baseline,hvac_dr_ee
CAMX,2023-12-04 20:00:00,kWh,118.7725706213078,baseline,hvac_dr_ee
CAMX,2023-12-04 21:00:00,kWh,118.65372282652771,baseline,hvac_dr_ee
CAMX,2023-12-04 22:00:00,kWh,85.49359835154641,baseline,hvac_dr_ee
CAMX,2023-12-04 23:00:00,kWh,87.26236492576186,baseline,hvac_dr_ee
CAMX,2023-12-05 00:00:00,kWh,79.83888375844177,baseline,hvac_dr_ee
CAMX,2023-12-05 01:00:00,kWh,80.73534483906685,baseline,hvac_dr_ee
CAMX,2023-12-05 02:00:00,kWh,82.95757521658983,baseline,hvac_dr_ee
CAMX,2023-12-05 03:00:00,kWh,75.41304766140873,baseline,hvac_dr_ee
CAMX,2023-12-05 04:00:00,kWh,79.43508752544008,baseline,hvac_dr_ee
CAMX,2023-12-05 05:00:00,kWh,122.91376931565273,baseline,hvac_dr_ee
CAMX,2023-12-05 06:00:00,kWh,138.7172917148639,baseline,hvac_dr_ee
CAMX,2023-12-05 07:00:00,kWh,155.64904486958767,baseline,hvac_dr_ee
CAMX,2023-12-05 08:00:00,kWh,170.86676635358333,baseline,hvac_dr_ee
CAMX,2023-12-05 09:00:00,kWh,162.2531644114559,baseline,hvac_dr_ee
CAMX,2023-12-05 10:00:00,kWh,163.45444718288184,baseline,hvac_dr_ee
CAMX,2023-12-05 11:00:00,kWh,168.22294410413184,baseline,hvac_dr_ee
CAMX,2023-12-05 12:00:00,kWh,167.9336148118546,baseline,hvac_dr_ee
CAMX,2023-12-05 13:00:00,kWh,170.19750373731725,baseline,hvac_dr_ee
CAMX,2023-12-05 14:00:00,kWh,165.18382182859466,baseline,hvac_dr_ee
CAMX,2023-12-05 15:00:00,kWh,162.9066669430533,baseline,hvac_dr_ee
CAMX,2023-12-05 16:00:00,kWh,162.27045984138365,baseline,hvac_dr_ee
CAMX,2023-12-05 17:00:00,kWh,147.9386645971304,baseline,hvac_dr_ee
CAMX,2023-12-05 18:00:00,kWh,123.22810688123242,baseline,hvac_dr_ee
CAMX,2023-12-05 19:00:00,kWh,120.58356154368991,baseline,hvac_dr_ee
CAMX,2023-12-05 20:00:00,kWh,117.05937958127959,baseline,hvac_dr_ee
CAMX,2023-12-05 21:00:00,kWh,116.59122344535794,baseline,hvac_dr_ee
CAMX,2023-12-05 22:00:00,kWh,87.41893151258813,baseline,hvac_dr_ee
CAMX,2023-12-05 23:00:00,kWh,88.94591181645079,baseline,hvac_dr_ee
CAMX,2023-12-06 00:00:00,kWh,80.85306856414428,baseline,hvac_dr_ee
CAMX,2023-12-06 01:00:00,kWh,86.92282030702887,baseline,hvac_dr_ee
CAMX,2023-12-06 02:00:00,kWh,86.48856702538674,baseline,hvac_dr_ee
CAMX,2023-12-06 03:00:00,kWh,79.99456865807731,baseline,hvac_dr_ee
CAMX,2023-12-06 04:00:00,kWh,87.4733788797206,baseline,hvac_dr_ee
CAMX,2023-12-06 05:00:00,kWh,120.62814923028529,baseline,hvac_dr_ee
CAMX,2023-12-06 06:00:00,kWh,139.2254851455761,baseline,hvac_dr_ee
CAMX,2023-12-06 07:00:00,kWh,154.3465892951268,baseline,hvac_dr_ee
CAMX,2023-12-06 08:00:00,kWh,162.31748910597284,baseline,hvac_dr_ee
CAMX,2023-12-06 09:00:00,kWh,152.2135757273045,baseline,hvac_dr_ee
CAMX,2023-12-06 10:00:00,kWh,150.80519867514826,baseline,hvac_dr_ee
CAMX,2023-12-06 11:00:00,kWh,154.6754763480667,baseline,hvac_dr_ee
CAMX,2023-12-06 12:00:00,kWh,160.48902596413308,baseline,hvac_dr_ee
CAMX,2023-12-06 13:00:00,kWh,161.36834058571407,baseline,hvac_dr_ee
CAMX,2023-12-06 14:00:00,kWh,158.3553713082975,baseline,hvac_dr_ee
CAMX,2023-12-06 15:00:00,kWh,157.8193929883697,baseline,hvac_dr_ee
CAMX,2023-12-06 16:00:00,kWh,163.0278929188614,baseline,hvac_dr_ee
CAMX,2023-12-06 17:00:00,kWh,144.36502494347116,baseline,hvac_dr_ee
CAMX,2023-12-06 18:00:00,kWh,121.86205627532237,baseline,hvac_dr_ee
CAMX,2023-12-06 19:00:00,kWh,120.36193305633847,baseline,hvac_dr_ee
CAMX,2023-12-06 20:00:00,kWh,118.00379196237998,baseline,hvac_dr_ee
CAMX,2023-12-06 21:00:00,kWh,117.39236656001917,baseline,hvac_dr_ee
CAMX,2023-12-06 22:00:00,kWh,88.4137131047122,baseline,hvac_dr_ee
CAMX,2023-12-06 23:00:00,kWh,89.35236569585827,baseline,hvac_dr_ee
CAMX,2023-12-07 00:00:00,kWh,81.29409006628826,baseline,hvac_dr_ee
CAMX,2023-12-07 01:00:00,kWh,87.1431402759896,baseline,hvac_dr_ee
CAMX,2023-12-07 02:00:00,kWh,86.51836820841274,baseline,hvac_dr_ee
CAMX,2023-12-07 03:00:00,kWh,79.90372978465555,baseline,hvac_dr_ee
CAMX,2023-12-07 04:00:00,kWh,86.5371587294685,baseline,hvac_dr_ee
CAMX,2023-12-07 05:00:00,kWh,117.4595805796091,baseline,hvac_dr_ee
CAMX,2023-12-07 06:00:00,kWh,138.24883233455455,baseline,hvac_dr_ee
CAMX,2023-12-07 07:00:00,kWh,151.94171649660845,baseline,hvac_dr_ee
CAMX,2023-12-07 08:00:00,kWh,162.01611456282265,baseline,hvac_dr_ee
CAMX,2023-12-07 09:00:00,kWh,156.17570114676207,baseline,hvac_dr_ee
CAMX,2023-12-07 10:00:00,kWh,159.4908183198219,baseline,hvac_dr_ee
CAMX,2023-12-07 11:00:00,kWh,167.803256530034,baseline,hvac_dr_ee
CAMX,2023-12-07 12:00:00,kWh,172.60525525285567,baseline,hvac_dr_ee
CAMX,2023-12-07 13:00:00,kWh,175.31791143973058,baseline,hvac_dr_ee
CAMX,2023-12-07 14:00:00,kWh,172.26761049878894,baseline,hvac_dr_ee
CAMX,2023-12-07 15:00:00,kWh,169.74913935165685,baseline,hvac_dr_ee
CAMX,2023-12-07 16:00:00,kWh,166.93448293731075,baseline,hvac_dr_ee
CAMX,2023-12-07 17:00:00,kWh,143.61590532954528,baseline,hvac_dr_ee
CAMX,2023-12-07 18:00:00,kWh,119.54521621300044,baseline,hvac_dr_ee
CAMX,2023-12-07 19:00:00,kWh,118.47844742773745,baseline,hvac_dr_ee
CAMX,2023-12-07 20:00:00,kWh,115.98907356782786,baseline,hvac_dr_ee
CAMX,2023-12-07 21:00:00,kWh,115.92043102083801,baseline,hvac_dr_ee
CAMX,2023-12-07 22:00:00,kWh,89.5781339876129,baseline,hvac_dr_ee
CAMX,2023-12-07 23:00:00,kWh,90.66361281253211,baseline,hvac_dr_ee
CAMX,2023-12-08 00:00:00,kWh,79.9570400921522,baseline,hvac_dr_ee
CAMX,2023-12-08 01:00:00,kWh,88.28047844408447,baseline,hvac_dr_ee
CAMX,2023-12-08 02:00:00,kWh,87.3373699437901,baseline,hvac_dr_ee
CAMX,2023-12-08 03:00:00,kWh,80.14730973201368,baseline,hvac_dr_ee
CAMX,2023-12-08 04:00:00,kWh,87.10424048266863,baseline,hvac_dr_ee
CAMX,2023-12-08 05:00:00,kWh,119.69960602370688,baseline,hvac_dr_ee
CAMX,2023-12-08 06:00:00,kWh,139.08213856814322,baseline,hvac_dr_ee
CAMX,2023-12-08 07:00:00,kWh,153.78284275776596,baseline,hvac_dr_ee
CAMX,2023-12-08 08:00:00,kWh,162.05200796282446,baseline,hvac_dr_ee
CAMX,2023-12-08 09:00:00,kWh,152.3453823449865,baseline,hvac_dr_ee
CAMX,2023-12-08 10:00:00,kWh,150.8493698210409,baseline,hvac_dr_ee
CAMX,2023-12-08 11:00:00,kWh,153.8418633864001,baseline,hvac_dr_ee
CAMX,2023-12-08 12:00:00,kWh,158.0324586863631,baseline,hvac_dr_ee
CAMX,2023-12-08 13:00:00,kWh,157.2635005136198,baseline,hvac_dr_ee
CAMX,2023-12-08 14:00:00,kWh,157.33574529427796,baseline,hvac_dr_ee
CAMX,2023-12-08 15:00:00,kWh,157.25372746885697,baseline,hvac_dr_ee
CAMX,2023-12-08 16:00:00,kWh,158.90892655222186,baseline,hvac_dr_ee
CAMX,2023-12-08 17:00:00,kWh,145.59944625679913,baseline,hvac_dr_ee
CAMX,2023-12-08 18:00:00,kWh,121.48332194271063,baseline,hvac_dr_ee
CAMX,2023-12-08 19:00:00,kWh,119.77933918407759,baseline,hvac_dr_ee
CAMX,2023-12-08 20:00:00,kWh,117.44432240993672,baseline,hvac_dr_ee
CAMX,2023-12-08 21:00:00,kWh,117.4007234142035,baseline,hvac_dr_ee
CAMX,2023-12-08 22:00:00,kWh,88.73507417339657,baseline,hvac_dr_ee
CAMX,2023-12-08 23:00:00,kWh,89.74738744126508,baseline,hvac_dr_ee
CAMX,2023-12-09 00:00:00,kWh,76.80891456757557,baseline,hvac_dr_ee
CAMX,2023-12-09 01:00:00,kWh,83.82860324298458,baseline,hvac_dr_ee
CAMX,2023-12-09 02:00:00,kWh,83.45909606052427,baseline,hvac_dr_ee
CAMX,2023-12-09 03:00:00,kWh,77.09249438043871,baseline,hvac_dr_ee
CAMX,2023-12-09 04:00:00,kWh,83.50805043427107,baseline,hvac_dr_ee
CAMX,2023-12-09 05:00:00,kWh,113.97691255690333,baseline,hvac_dr_ee
CAMX,2023-12-09 06:00:00,kWh,130.55727980494714,baseline,hvac_dr_ee
CAMX,2023-12-09 07:00:00,kWh,122.32151640094736,baseline,hvac_dr_ee
CAMX,2023-12-09 08:00:00,kWh,125.71474757074168,baseline,hvac_dr_ee
CAMX,2023-12-09 09:00:00,kWh,125.71476272672706,baseline,hvac_dr_ee
CAMX,2023-12-09 10:00:00,kWh,125.37507724914617,baseline,hvac_dr_ee
CAMX,2023-12-09 11:00:00,kWh,127.46589807082879,baseline,hvac_dr_ee
CAMX,2023-12-09 12:00:00,kWh,117.9633255581839,baseline,hvac_dr_ee
CAMX,2023-12-09 13:00:00,kWh,115.45005465973318,baseline,hvac_dr_ee
CAMX,2023-12-09 14:00:00,kWh,115.40385379236292,baseline,hvac_dr_ee
CAMX,2023-12-09 15:00:00,kWh,114.9387332477653,baseline,hvac_dr_ee
CAMX,2023-12-09 16:00:00,kWh,116.1907759938868,baseline,hvac_dr_ee
CAMX,2023-12-09 17:00:00,kWh,101.17001726558755,baseline,hvac_dr_ee
CAMX,2023-12-09 18:00:00,kWh,78.83980256305406,baseline,hvac_dr_ee
CAMX,2023-12-09 19:00:00,kWh,83.20912653576345,baseline,hvac_dr_ee
CAMX,2023-12-09 20:00:00,kWh,75.98425269302274,baseline,hvac_dr_ee
CAMX,2023-12-09 21:00:00,kWh,83.23293307284797,baseline,hvac_dr_ee
CAMX,2023-12-09 22:00:00,kWh,82.87698521744281,baseline,hvac_dr_ee
CAMX,2023-12-09 23:00:00,kWh,73.18565205018429,baseline,hvac_dr_ee
CAMX,2023-12-10 00:00:00,kWh,77.34822345182846,baseline,hvac_dr_ee
CAMX,2023-12-10 01:00:00,kWh,72.76900337234801,baseline,hvac_dr_ee
CAMX,2023-12-10 02:00:00,kWh,71.67730644776911,baseline,hvac_dr_ee
CAMX,2023-12-10 03:00:00,kWh,68.5948210645679,baseline,hvac_dr_ee
CAMX,2023-12-10 04:00:00,kWh,72.33693483205538,baseline,hvac_dr_ee
CAMX,2023-12-10 05:00:00,kWh,71.9903794312381,baseline,hvac_dr_ee
CAMX,2023-12-10 06:00:00,kWh,75.98508428712006,baseline,hvac_dr_ee
CAMX,2023-12-10 07:00:00,kWh,77.39961160502818,baseline,hvac_dr_ee
CAMX,2023-12-10 08:00:00,kWh,74.00204614803707,baseline,hvac_dr_ee
CAMX,2023-12-10 09:00:00,kWh,74.86787585156551,baseline,hvac_dr_ee
CAMX,2023-12-10 10:00:00,kWh,83.98410009201086,baseline,hvac_dr_ee
CAMX,2023-12-10 11:00:00,kWh,90.74236980918046,baseline,hvac_dr_ee
CAMX,2023-12-10 12:00:00,kWh,88.54814317495489,baseline,hvac_dr_ee
CAMX,2023-12-10 13:00:00,kWh,96.9543826865152,baseline,hvac_dr_ee
CAMX,2023-12-10 14:00:00,kWh,97.36302980708277,baseline,hvac_dr_ee
CAMX,2023-12-10 15:00:00,kWh,90.15145945911226,baseline,hvac_dr_ee
CAMX,2023-12-10 16:00:00,kWh,92.80901829407973,baseline,hvac_dr_ee
CAMX,2023-12-10 17:00:00,kWh,87.12623284834807,baseline,hvac_dr_ee
CAMX,2023-12-10 18:00:00,kWh,68.21020720092565,baseline,hvac_dr_ee
CAMX,2023-12-10 19:00:00,kWh,68.19942644521969,baseline,hvac_dr_ee
CAMX,2023-12-10 20:00:00,kWh,72.02595387371832,baseline,hvac_dr_ee
CAMX,2023-12-10 21:00:00,kWh,75.66512155760671,baseline,hvac_dr_ee
CAMX,2023-12-10 22:00:00,kWh,71.05910090481854,baseline,hvac_dr_ee
CAMX,2023-12-10 23:00:00,kWh,70.56507889927356,baseline,hvac_dr_ee
CAMX,2023-12-11 00:00:00,kWh,80.24561447832237,baseline,hvac_dr_ee
CAMX,2023-12-11 01:00:00,kWh,70.56784243627729,baseline,hvac_dr_ee
CAMX,2023-12-11 02:00:00,kWh,68.15887810476866,baseline,hvac_dr_ee
CAMX,2023-12-11 03:00:00,kWh,75.0814176680918,baseline,hvac_dr_ee
CAMX,2023-12-11 04:00:00,kWh,71.4069392847132,baseline,hvac_dr_ee
CAMX,2023-12-11 05:00:00,kWh,126.15293147969096,baseline,hvac_dr_ee
CAMX,2023-12-11 06:00:00,kWh,138.45907011093936,baseline,hvac_dr_ee
CAMX,2023-12-11 07:00:00,kWh,153.425960160411,baseline,hvac_dr_ee
CAMX,2023-12-11 08:00:00,kWh,167.35640567436744,baseline,hvac_dr_ee
CAMX,2023-12-11 09:00:00,kWh,157.16832369111702,baseline,hvac_dr_ee
CAMX,2023-12-11 10:00:00,kWh,161.60019851788456,baseline,hvac_dr_ee
CAMX,2023-12-11 11:00:00,kWh,160.83812307420442,baseline,hvac_dr_ee
CAMX,2023-12-11 12:00:00,kWh,160.59332458488356,baseline,hvac_dr_ee
CAMX,2023-12-11 13:00:00,kWh,161.58752968153937,baseline,hvac_dr_ee
CAMX,2023-12-11 14:00:00,kWh,158.28728601676002,baseline,hvac_dr_ee
CAMX,2023-12-11 15:00:00,kWh,155.57031005911603,baseline,hvac_dr_ee
CAMX,2023-12-11 16:00:00,kWh,163.2644934380523,baseline,hvac_dr_ee
CAMX,2023-12-11 17:00:00,kWh,146.43286286992864,baseline,hvac_dr_ee
CAMX,2023-12-11 18:00:00,kWh,121.82810166067227,baseline,hvac_dr_ee
CAMX,2023-12-11 19:00:00,kWh,120.6474553664433,baseline,hvac_dr_ee
CAMX,2023-12-11 20:00:00,kWh,118.70962191777116,baseline,hvac_dr_ee
CAMX,2023-12-11 21:00:00,kWh,119.44984821220778,baseline,hvac_dr_ee
CAMX,2023-12-11 22:00:00,kWh,86.61725564107333,baseline,hvac_dr_ee
CAMX,2023-12-11 23:00:00,kWh,87.70388390212217,baseline,hvac_dr_ee
CAMX,2023-12-12 00:00:00,kWh,79.92349391717588,baseline,hvac_dr_ee
CAMX,2023-12-12 01:00:00,kWh,85.5977948060392,baseline,hvac_dr_ee
CAMX,2023-12-12 02:00:00,kWh,82.41325250080773,baseline,hvac_dr_ee
CAMX,2023-12-12 03:00:00,kWh,78.95881176189322,baseline,hvac_dr_ee
CAMX,2023-12-12 04:00:00,kWh,81.55385153131152,baseline,hvac_dr_ee
CAMX,2023-12-12 05:00:00,kWh,133.62002129663944,baseline,hvac_dr_ee
CAMX,2023-12-12 06:00:00,kWh,143.2571268014641,baseline,hvac_dr_ee
CAMX,2023-12-12 07:00:00,kWh,159.42625431880288,baseline,hvac_dr_ee
CAMX,2023-12-12 08:00:00,kWh,175.79208475240236,baseline,hvac_dr_ee
CAMX,2023-12-12 09:00:00,kWh,164.75039719167754,baseline,hvac_dr_ee
CAMX,2023-12-12 10:00:00,kWh,161.7669805261641,baseline,hvac_dr_ee
CAMX,2023-12-12 11:00:00,kWh,157.01509871520653,baseline,hvac_dr_ee
CAMX,2023-12-12 12:00:00,kWh,161.60341733088754,baseline,hvac_dr_ee
CAMX,2023-12-12 13:00:00,kWh,158.07436543600014,baseline,hvac_dr_ee
CAMX,2023-12-12 14:00:00,kWh,154.2391670002349,baseline,hvac_dr_ee
CAMX,2023-12-12 15:00:00,kWh,155.4057085922835,baseline,hvac_dr_ee
CAMX,2023-12-12 16:00:00,kWh,159.77398098634077,baseline,hvac_dr_ee
CAMX,2023-12-12 17:00:00,kWh,152.44855043328698,baseline,hvac_dr_ee
CAMX,2023-12-12 18:00:00,kWh,131.0328084354876,baseline,hvac_dr_ee
CAMX,2023-12-12 19:00:00,kWh,129.31637233772545,baseline,hvac_dr_ee
CAMX,2023-12-12 20:00:00,kWh,126.980839925467,baseline,hvac_dr_ee
CAMX,2023-12-12 21:00:00,kWh,126.61270238619196,baseline,hvac_dr_ee
CAMX,2023-12-12 22:00:00,kWh,86.48728587931518,baseline,hvac_dr_ee
CAMX,2023-12-12 23:00:00,kWh,87.22644132147059,baseline,hvac_dr_ee
CAMX,2023-12-13 00:00:00,kWh,79.60909715695257,baseline,hvac_dr_ee
CAMX,2023-12-13 01:00:00,kWh,85.63563107415274,baseline,hvac_dr_ee
CAMX,2023-12-13 02:00:00,kWh,83.15195926399255,baseline,hvac_dr_ee
CAMX,2023-12-13 03:00:00,kWh,75.23643940829845,baseline,hvac_dr_ee
CAMX,2023-12-13 04:00:00,kWh,80.07563708296024,baseline,hvac_dr_ee
CAMX,2023-12-13 05:00:00,kWh,137.7628490551263,baseline,hvac_dr_ee
CAMX,2023-12-13 06:00:00,kWh,147.25688422755775,baseline,hvac_dr_ee
CAMX,2023-12-13 07:00:00,kWh,160.23215933983496,baseline,hvac_dr_ee
CAMX,2023-12-13 08:00:00,kWh,168.58186761194358,baseline,hvac_dr_ee
CAMX,2023-12-13 09:00:00,kWh,162.73757910262498,baseline,hvac_dr_ee
CAMX,2023-12-13 10:00:00,kWh,158.90989286137332,baseline,hvac_dr_ee
CAMX,2023-12-13 11:00:00,kWh,161.94340913128104,baseline,hvac_dr_ee
CAMX,2023-12-13 12:00:00,kWh,164.14924390343893,baseline,hvac_dr_ee
CAMX,2023-12-13 13:00:00,kWh,162.64854035244156,baseline,hvac_dr_ee
CAMX,2023-12-13 14:00:00,kWh,159.26057078684238,baseline,hvac_dr_ee
CAMX,2023-12-13 15:00:00,kWh,158.68031924668264,baseline,hvac_dr_ee
CAMX,2023-12-13 16:00:00,kWh,160.89050770308944,baseline,hvac_dr_ee
CAMX,2023-12-13 17:00:00,kWh,154.1894129042167,baseline,hvac_dr_ee
CAMX,2023-12-13 18:00:00,kWh,132.72226101609,baseline,hvac_dr_ee
CAMX,2023-12-13 19:00:00,kWh,131.7772778918061,baseline,hvac_dr_ee
CAMX,2023-12-13 20:00:00,kWh,129.3052451561902,baseline,hvac_dr_ee
CAMX,2023-12-13 21:00:00,kWh,130.35079952539272,baseline,hvac_dr_ee
CAMX,2023-12-13 22:00:00,kWh,85.91844298599128,baseline,hvac_dr_ee
CAMX,2023-12-13 23:00:00,kWh,87.24692285158986,baseline,hvac_dr_ee
CAMX,2023-12-14 00:00:00,kWh,79.88198760887727,baseline,hvac_dr_ee
CAMX,2023-12-14 01:00:00,kWh,77.79441107931001,baseline,hvac_dr_ee
CAMX,2023-12-14 02:00:00,kWh,81.75323989164016,baseline,hvac_dr_ee
CAMX,2023-12-14 03:00:00,kWh,75.14912834433059,baseline,hvac_dr_ee
CAMX,2023-12-14 04:00:00,kWh,85.46156189133818,baseline,hvac_dr_ee
CAMX,2023-12-14 05:00:00,kWh,139.69577166813968,baseline,hvac_dr_ee
CAMX,2023-12-14 06:00:00,kWh,151.2546705032025,baseline,hvac_dr_ee
CAMX,2023-12-14 07:00:00,kWh,163.661492541577,baseline,hvac_dr_ee
CAMX,2023-12-14 08:00:00,kWh,171.24125052305556,baseline,hvac_dr_ee
CAMX,2023-12-14 09:00:00,kWh,164.0369911507459,baseline,hvac_dr_ee
CAMX,2023-12-14 10:00:00,kWh,160.79769317030025,baseline,hvac_dr_ee
CAMX,2023-12-14 11:00:00,kWh,160.6072866592283,baseline,hvac_dr_ee
CAMX,2023-12-14 12:00:00,kWh,165.9786057959227,baseline,hvac_dr_ee
CAMX,2023-12-14 13:00:00,kWh,164.94350403940422,baseline,hvac_dr_ee
CAMX,2023-12-14 14:00:00,kWh,159.55502055691034,baseline,hvac_dr_ee
CAMX,2023-12-14 15:00:00,kWh,157.94595946094913,baseline,hvac_dr_ee
CAMX,2023-12-14 16:00:00,kWh,159.8255954340216,baseline,hvac_dr_ee
CAMX,2023-12-14 17:00:00,kWh,152.7721160875416,baseline,hvac_dr_ee
CAMX,2023-12-14 18:00:00,kWh,131.01974157450994,baseline,hvac_dr_ee
CAMX,2023-12-14 19:00:00,kWh,129.28536929467768,baseline,hvac_dr_ee
CAMX,2023-12-14 20:00:00,kWh,126.82051116432736,baseline,hvac_dr_ee
CAMX,2023-12-14 21:00:00,kWh,126.5241692591689,baseline,hvac_dr_ee
CAMX,2023-12-14 22:00:00,kWh,85.68000148517993,baseline,hvac_dr_ee
CAMX,2023-12-14 23:00:00,kWh,87.43731293350805,baseline,hvac_dr_ee
CAMX,2023-12-15 00:00:00,kWh,79.79815110548964,baseline,hvac_dr_ee
CAMX,2023-12-15 01:00:00,kWh,79.43271599932208,baseline,hvac_dr_ee
CAMX,2023-12-15 02:00:00,kWh,77.97774837517217,baseline,hvac_dr_ee
CAMX,2023-12-15 03:00:00,kWh,71.06655033933623,baseline,hvac_dr_ee
CAMX,2023-12-15 04:00:00,kWh,77.8833108202072,baseline,hvac_dr_ee
CAMX,2023-12-15 05:00:00,kWh,138.40141951243766,baseline,hvac_dr_ee
CAMX,2023-12-15 06:00:00,kWh,150.06069526329958,baseline,hvac_dr_ee
CAMX,2023-12-15 07:00:00,kWh,162.9031074227341,baseline,hvac_dr_ee
CAMX,2023-12-15 08:00:00,kWh,171.54015068371052,baseline,hvac_dr_ee
CAMX,2023-12-15 09:00:00,kWh,159.58105416270132,baseline,hvac_dr_ee
CAMX,2023-12-15 10:00:00,kWh,156.85408204367363,baseline,hvac_dr_ee
CAMX,2023-12-15 11:00:00,kWh,158.53731938551957,baseline,hvac_dr_ee
CAMX,2023-12-15 12:00:00,kWh,164.16229506689427,baseline,hvac_dr_ee
CAMX,2023-12-15 13:00:00,kWh,163.36500983338001,baseline,hvac_dr_ee
CAMX,2023-12-15 14:00:00,kWh,159.02097354970718,baseline,hvac_dr_ee
CAMX,2023-12-15 15:00:00,kWh,156.19222363812355,baseline,hvac_dr_ee
CAMX,2023-12-15 16:00:00,kWh,156.2276691448128,baseline,hvac_dr_ee
CAMX,2023-12-15 17:00:00,kWh,144.3477484526928,baseline,hvac_dr_ee
CAMX,2023-12-15 18:00:00,kWh,123.59287763220908,baseline,hvac_dr_ee
CAMX,2023-12-15 19:00:00,kWh,122.13696114208086,baseline,hvac_dr_ee
CAMX,2023-12-15 20:00:00,kWh,120.23800394202715,baseline,hvac_dr_ee
CAMX,2023-12-15 21:00:00,kWh,120.69907729299447,baseline,hvac_dr_ee
CAMX,2023-12-15 22:00:00,kWh,86.33997388408024,baseline,hvac_dr_ee
CAMX,2023-12-15 23:00:00,kWh,89.46343440280556,baseline,hvac_dr_ee
CAMX,2023-12-16 00:00:00,kWh,76.46810116808112,baseline,hvac_dr_ee
CAMX,2023-12-16 01:00:00,kWh,77.15591276899326,baseline,hvac_dr_ee
CAMX,2023-12-16 02:00:00,kWh,75.59291546487819,baseline,hvac_dr_ee
CAMX,2023-12-16 03:00:00,kWh,69.53491330920365,baseline,hvac_dr_ee
CAMX,2023-12-16 04:00:00,kWh,75.15003252599438,baseline,hvac_dr_ee
CAMX,2023-12-16 05:00:00,kWh,129.57538093077417,baseline,hvac_dr_ee
CAMX,2023-12-16 06:00:00,kWh,137.06144923686924,baseline,hvac_dr_ee
CAMX,2023-12-16 07:00:00,kWh,127.75956102732938,baseline,hvac_dr_ee
CAMX,2023-12-16 08:00:00,kWh,128.2243497262255,baseline,hvac_dr_ee
CAMX,2023-12-16 09:00:00,kWh,132.7246325831327,baseline,hvac_dr_ee
CAMX,2023-12-16 10:00:00,kWh,136.30353053624697,baseline,hvac_dr_ee
CAMX,2023-12-16 11:00:00,kWh,140.5850720064915,baseline,hvac_dr_ee
CAMX,2023-12-16 12:00:00,kWh,134.25675988642104,baseline,hvac_dr_ee
CAMX,2023-12-16 13:00:00,kWh,131.66391632186523,baseline,hvac_dr_ee
CAMX,2023-12-16 14:00:00,kWh,129.34279633946414,baseline,hvac_dr_ee
CAMX,2023-12-16 15:00:00,kWh,126.5336259619421,baseline,hvac_dr_ee
CAMX,2023-12-16 16:00:00,kWh,125.51656621929875,baseline,hvac_dr_ee
CAMX,2023-12-16 17:00:00,kWh,96.69603296126607,baseline,hvac_dr_ee
CAMX,2023-12-16 18:00:00,kWh,69.84122580514939,baseline,hvac_dr_ee
CAMX,2023-12-16 19:00:00,kWh,71.4218628554467,baseline,hvac_dr_ee
CAMX,2023-12-16 20:00:00,kWh,68.75652414869661,baseline,hvac_dr_ee
CAMX,2023-12-16 21:00:00,kWh,78.46188844951826,baseline,hvac_dr_ee
CAMX,2023-12-16 22:00:00,kWh,70.42484775684193,baseline,hvac_dr_ee
CAMX,2023-12-16 23:00:00,kWh,70.69776233921627,baseline,hvac_dr_ee
CAMX,2023-12-17 00:00:00,kWh,72.32262443058568,baseline,hvac_dr_ee
CAMX,2023-12-17 01:00:00,kWh,71.24214880880984,baseline,hvac_dr_ee
CAMX,2023-12-17 02:00:00,kWh,70.14479807232308,baseline,hvac_dr_ee
CAMX,2023-12-17 03:00:00,kWh,83.40316668827067,baseline,hvac_dr_ee
CAMX,2023-12-17 04:00:00,kWh,85.80850758747934,baseline,hvac_dr_ee
CAMX,2023-12-17 05:00:00,kWh,78.50602521744209,baseline,hvac_dr_ee
CAMX,2023-12-17 06:00:00,kWh,88.01582644045446,baseline,hvac_dr_ee
CAMX,2023-12-17 07:00:00,kWh,85.38352949298445,baseline,hvac_dr_ee
CAMX,2023-12-17 08:00:00,kWh,70.42131674890108,baseline,hvac_dr_ee
CAMX,2023-12-17 09:00:00,kWh,77.09856299662326,baseline,hvac_dr_ee
CAMX,2023-12-17 10:00:00,kWh,72.36757580954936,baseline,hvac_dr_ee
CAMX,2023-12-17 11:00:00,kWh,76.35996401274613,baseline,hvac_dr_ee
CAMX,2023-12-17 12:00:00,kWh,85.24261245638208,baseline,hvac_dr_ee
CAMX,2023-12-17 13:00:00,kWh,81.02782323447074,baseline,hvac_dr_ee
CAMX,2023-12-17 14:00:00,kWh,83.97806697195222,baseline,hvac_dr_ee
CAMX,2023-12-17 15:00:00,kWh,79.1428912468989,baseline,hvac_dr_ee
CAMX,2023-12-17 16:00:00,kWh,80.40148987388014,baseline,hvac_dr_ee
CAMX,2023-12-17 17:00:00,kWh,66.98846743146221,baseline,hvac_dr_ee
CAMX,2023-12-17 18:00:00,kWh,69.13524029160035,baseline,hvac_dr_ee
CAMX,2023-12-17 19:00:00,kWh,68.40716431702405,baseline,hvac_dr_ee
CAMX,2023-12-17 20:00:00,kWh,67.03235040412565,baseline,hvac_dr_ee
CAMX,2023-12-17 21:00:00,kWh,81.38704110482169,baseline,hvac_dr_ee
CAMX,2023-12-17 22:00:00,kWh,83.91874957552261,baseline,hvac_dr_ee
CAMX,2023-12-17 23:00:00,kWh,73.65447404085901,baseline,hvac_dr_ee
CAMX,2023-12-18 00:00:00,kWh,89.85714611020683,baseline,hvac_dr_ee
CAMX,2023-12-18 01:00:00,kWh,84.86259072158772,baseline,hvac_dr_ee
CAMX,2023-12-18 02:00:00,kWh,83.0776768809044,baseline,hvac_dr_ee
CAMX,2023-12-18 03:00:00,kWh,88.25735475900927,baseline,hvac_dr_ee
CAMX,2023-12-18 04:00:00,kWh,85.44915366699729,baseline,hvac_dr_ee
CAMX,2023-12-18 05:00:00,kWh,140.9149896741725,baseline,hvac_dr_ee
CAMX,2023-12-18 06:00:00,kWh,164.47207681945295,baseline,hvac_dr_ee
CAMX,2023-12-18 07:00:00,kWh,176.08795086422026,baseline,hvac_dr_ee
CAMX,2023-12-18 08:00:00,kWh,182.79889701292643,baseline,hvac_dr_ee
CAMX,2023-12-18 09:00:00,kWh,171.46434582748287,baseline,hvac_dr_ee
CAMX,2023-12-18 10:00:00,kWh,169.11376953802997,baseline,hvac_dr_ee
CAMX,2023-12-18 11:00:00,kWh,170.25861456794232,baseline,hvac_dr_ee
CAMX,2023-12-18 12:00:00,kWh,173.74634798803444,baseline,hvac_dr_ee
CAMX,2023-12-18 13:00:00,kWh,171.7394559741497,baseline,hvac_dr_ee
CAMX,2023-12-18 14:00:00,kWh,166.43625911177082,baseline,hvac_dr_ee
CAMX,2023-12-18 15:00:00,kWh,163.49270177502734,baseline,hvac_dr_ee
CAMX,2023-12-18 16:00:00,kWh,161.50619820305906,baseline,hvac_dr_ee
CAMX,2023-12-18 17:00:00,kWh,151.93792965732342,baseline,hvac_dr_ee
CAMX,2023-12-18 18:00:00,kWh,130.58943798438762,baseline,hvac_dr_ee
CAMX,2023-12-18 19:00:00,kWh,129.06763166741413,baseline,hvac_dr_ee
CAMX,2023-12-18 20:00:00,kWh,126.59248935484152,baseline,hvac_dr_ee
CAMX,2023-12-18 21:00:00,kWh,126.26943823133188,baseline,hvac_dr_ee
CAMX,2023-12-18 22:00:00,kWh,74.21420024817083,baseline,hvac_dr_ee
CAMX,2023-12-18 23:00:00,kWh,73.5172410880943,baseline,hvac_dr_ee
CAMX,2023-12-19 00:00:00,kWh,70.40913365141401,baseline,hvac_dr_ee
CAMX,2023-12-19 01:00:00,kWh,72.72058489709242,baseline,hvac_dr_ee
CAMX,2023-12-19 02:00:00,kWh,72.416558108131,baseline,hvac_dr_ee
CAMX,2023-12-19 03:00:00,kWh,70.61219559534123,baseline,hvac_dr_ee
CAMX,2023-12-19 04:00:00,kWh,73.94039628397705,baseline,hvac_dr_ee
CAMX,2023-12-19 05:00:00,kWh,127.86298483144587,baseline,hvac_dr_ee
CAMX,2023-12-19 06:00:00,kWh,145.40125219061375,baseline,hvac_dr_ee
CAMX,2023-12-19 07:00:00,kWh,159.22352880779823,baseline,hvac_dr_ee
CAMX,2023-12-19 08:00:00,kWh,169.3772682119635,baseline,hvac_dr_ee
CAMX,2023-12-19 09:00:00,kWh,164.1110226420865,baseline,hvac_dr_ee
CAMX,2023-12-19 10:00:00,kWh,172.92727134431593,baseline,hvac_dr_ee
CAMX,2023-12-19 11:00:00,kWh,175.5584290468941,baseline,hvac_dr_ee
CAMX,2023-12-19 12:00:00,kWh,181.61915675510903,baseline,hvac_dr_ee
CAMX,2023-12-19 13:00:00,kWh,178.57091362271956,baseline,hvac_dr_ee
CAMX,2023-12-19 14:00:00,kWh,173.1360117627793,baseline,hvac_dr_ee
CAMX,2023-12-19 15:00:00,kWh,165.4306795943703,baseline,hvac_dr_ee
CAMX,2023-12-19 16:00:00,kWh,162.66529412021137,baseline,hvac_dr_ee
CAMX,2023-12-19 17:00:00,kWh,149.35439356429742,baseline,hvac_dr_ee
CAMX,2023-12-19 18:00:00,kWh,125.73404053099105,baseline,hvac_dr_ee
CAMX,2023-12-19 19:00:00,kWh,122.33776441160418,baseline,hvac_dr_ee
CAMX,2023-12-19 20:00:00,kWh,119.37653514717468,baseline,hvac_dr_ee
CAMX,2023-12-19 21:00:00,kWh,119.96794516209872,baseline,hvac_dr_ee
CAMX,2023-12-19 22:00:00,kWh,82.08364803695797,baseline,hvac_dr_ee
CAMX,2023-12-19 23:00:00,kWh,87.68192312230673,baseline,hvac_dr_ee
CAMX,2023-12-20 00:00:00,kWh,70.88602200335063,baseline,hvac_dr_ee
CAMX,2023-12-20 01:00:00,kWh,77.71334790245234,baseline,hvac_dr_ee
CAMX,2023-12-20 02:00:00,kWh,82.252667080608,baseline,hvac_dr_ee
CAMX,2023-12-20 03:00:00,kWh,73.42328792241705,baseline,hvac_dr_ee
CAMX,2023-12-20 04:00:00,kWh,77.30638536668383,baseline,hvac_dr_ee
CAMX,2023-12-20 05:00:00,kWh,129.34161931342,baseline,hvac_dr_ee
CAMX,2023-12-20 06:00:00,kWh,143.28224448874684,baseline,hvac_dr_ee
CAMX,2023-12-20 07:00:00,kWh,157.37556451680348,baseline,hvac_dr_ee
CAMX,2023-12-20 08:00:00,kWh,166.9574285404331,baseline,hvac_dr_ee
CAMX,2023-12-20 09:00:00,kWh,155.83747515436414,baseline,hvac_dr_ee
CAMX,2023-12-20 10:00:00,kWh,158.95474050089757,baseline,hvac_dr_ee
CAMX,2023-12-20 11:00:00,kWh,168.61399433307625,baseline,hvac_dr_ee
CAMX,2023-12-20 12:00:00,kWh,172.09735166275607,baseline,hvac_dr_ee
CAMX,2023-12-20 13:00:00,kWh,174.43179280658893,baseline,hvac_dr_ee
CAMX,2023-12-20 14:00:00,kWh,170.85257408703973,baseline,hvac_dr_ee
CAMX,2023-12-20 15:00:00,kWh,168.2037139151925,baseline,hvac_dr_ee
CAMX,2023-12-20 16:00:00,kWh,164.06523831884658,baseline,hvac_dr_ee
CAMX,2023-12-20 17:00:00,kWh,144.90905147565172,baseline,hvac_dr_ee
CAMX,2023-12-20 18:00:00,kWh,120.23487280020157,baseline,hvac_dr_ee
CAMX,2023-12-20 19:00:00,kWh,118.16334248689236,baseline,hvac_dr_ee
CAMX,2023-12-20 20:00:00,kWh,115.07853270524473,baseline,hvac_dr_ee
CAMX,2023-12-20 21:00:00,kWh,115.11456636485796,baseline,hvac_dr_ee
CAMX,2023-12-20 22:00:00,kWh,87.04835617067926,baseline,hvac_dr_ee
CAMX,2023-12-20 23:00:00,kWh,89.73628645490568,baseline,hvac_dr_ee
CAMX,2023-12-21 00:00:00,kWh,79.74419203370735,baseline,hvac_dr_ee
CAMX,2023-12-21 01:00:00,kWh,86.63397594626156,baseline,hvac_dr_ee
CAMX,2023-12-21 02:00:00,kWh,83.22827580873542,baseline,hvac_dr_ee
CAMX,2023-12-21 03:00:00,kWh,77.19575124407746,baseline,hvac_dr_ee
CAMX,2023-12-21 04:00:00,kWh,80.9091755284413,baseline,hvac_dr_ee
CAMX,2023-12-21 05:00:00,kWh,102.76901417317667,baseline,hvac_dr_ee
CAMX,2023-12-21 06:00:00,kWh,133.89750364165153,baseline,hvac_dr_ee
CAMX,2023-12-21 07:00:00,kWh,150.06003057910996,baseline,hvac_dr_ee
CAMX,2023-12-21 08:00:00,kWh,165.80555002145485,baseline,hvac_dr_ee
CAMX,2023-12-21 09:00:00,kWh,154.85940629895046,baseline,hvac_dr_ee
CAMX,2023-12-21 10:00:00,kWh,157.0687389719482,baseline,hvac_dr_ee
CAMX,2023-12-21 11:00:00,kWh,161.92464417069135,baseline,hvac_dr_ee
CAMX,2023-12-21 12:00:00,kWh,167.54650596202418,baseline,hvac_dr_ee
CAMX,2023-12-21 13:00:00,kWh,164.62814087695352,baseline,hvac_dr_ee
CAMX,2023-12-21 14:00:00,kWh,160.13851215646434,baseline,hvac_dr_ee
CAMX,2023-12-21 15:00:00,kWh,158.24808214129393,baseline,hvac_dr_ee
CAMX,2023-12-21 16:00:00,kWh,159.19253119863853,baseline,hvac_dr_ee
CAMX,2023-12-21 17:00:00,kWh,145.41312172583827,baseline,hvac_dr_ee
CAMX,2023-12-21 18:00:00,kWh,120.79280637605564,baseline,hvac_dr_ee
CAMX,2023-12-21 19:00:00,kWh,118.78729266218023,baseline,hvac_dr_ee
CAMX,2023-12-21 20:00:00,kWh,116.75614237388675,baseline,hvac_dr_ee
CAMX,2023-12-21 21:00:00,kWh,116.68487176505708,baseline,hvac_dr_ee
CAMX,2023-12-21 22:00:00,kWh,87.99874839341234,baseline,hvac_dr_ee
CAMX,2023-12-21 23:00:00,kWh,89.91135289108071,baseline,hvac_dr_ee
CAMX,2023-12-22 00:00:00,kWh,80.80092451034102,baseline,hvac_dr_ee
CAMX,2023-12-22 01:00:00,kWh,86.42906971595164,baseline,hvac_dr_ee
CAMX,2023-12-22 02:00:00,kWh,86.51307773968182,baseline,hvac_dr_ee
CAMX,2023-12-22 03:00:00,kWh,79.71926597406875,baseline,hvac_dr_ee
CAMX,2023-12-22 04:00:00,kWh,86.2502498183579,baseline,hvac_dr_ee
CAMX,2023-12-22 05:00:00,kWh,123.39387360641521,baseline,hvac_dr_ee
CAMX,2023-12-22 06:00:00,kWh,136.93076732976962,baseline,hvac_dr_ee
CAMX,2023-12-22 07:00:00,kWh,151.25631919157294,baseline,hvac_dr_ee
CAMX,2023-12-22 08:00:00,kWh,160.24857332510595,baseline,hvac_dr_ee
CAMX,2023-12-22 09:00:00,kWh,152.53695311621001,baseline,hvac_dr_ee
CAMX,2023-12-22 10:00:00,kWh,156.28854399402675,baseline,hvac_dr_ee
CAMX,2023-12-22 11:00:00,kWh,164.48140513434478,baseline,hvac_dr_ee
CAMX,2023-12-22 12:00:00,kWh,167.99734979767777,baseline,hvac_dr_ee
CAMX,2023-12-22 13:00:00,kWh,173.38886237221513,baseline,hvac_dr_ee
CAMX,2023-12-22 14:00:00,kWh,168.92854564251016,baseline,hvac_dr_ee
CAMX,2023-12-22 15:00:00,kWh,164.75515133009455,baseline,hvac_dr_ee
CAMX,2023-12-22 16:00:00,kWh,165.82187578482484,baseline,hvac_dr_ee
CAMX,2023-12-22 17:00:00,kWh,144.36144053617193,baseline,hvac_dr_ee
CAMX,2023-12-22 18:00:00,kWh,118.54149297138221,baseline,hvac_dr_ee
CAMX,2023-12-22 19:00:00,kWh,116.14570807910975,baseline,hvac_dr_ee
CAMX,2023-12-22 20:00:00,kWh,113.91352090862084,baseline,hvac_dr_ee
CAMX,2023-12-22 21:00:00,kWh,113.90531099288242,baseline,hvac_dr_ee
CAMX,2023-12-22 22:00:00,kWh,88.81597791621661,baseline,hvac_dr_ee
CAMX,2023-12-22 23:00:00,kWh,90.19604491777388,baseline,hvac_dr_ee
CAMX,2023-12-23 00:00:00,kWh,77.55595024695575,baseline,hvac_dr_ee
CAMX,2023-12-23 01:00:00,kWh,83.70575017671628,baseline,hvac_dr_ee
CAMX,2023-12-23 02:00:00,kWh,83.30899839025916,baseline,hvac_dr_ee
CAMX,2023-12-23 03:00:00,kWh,77.22012027588873,baseline,hvac_dr_ee
CAMX,2023-12-23 04:00:00,kWh,83.54660619980837,baseline,hvac_dr_ee
CAMX,2023-12-23 05:00:00,kWh,116.41146848407084,baseline,hvac_dr_ee
CAMX,2023-12-23 06:00:00,kWh,127.2132025824601,baseline,hvac_dr_ee
CAMX,2023-12-23 07:00:00,kWh,117.60493762569499,baseline,hvac_dr_ee
CAMX,2023-12-23 08:00:00,kWh,120.9719658041517,baseline,hvac_dr_ee
CAMX,2023-12-23 09:00:00,kWh,120.44167899162971,baseline,hvac_dr_ee
CAMX,2023-12-23 10:00:00,kWh,120.2863763740833,baseline,hvac_dr_ee
CAMX,2023-12-23 11:00:00,kWh,123.37831899992904,baseline,hvac_dr_ee
CAMX,2023-12-23 12:00:00,kWh,115.77183689942285,baseline,hvac_dr_ee
CAMX,2023-12-23 13:00:00,kWh,115.30700913528374,baseline,hvac_dr_ee
CAMX,2023-12-23 14:00:00,kWh,113.08691793659727,baseline,hvac_dr_ee
CAMX,2023-12-23 15:00:00,kWh,109.07618984299837,baseline,hvac_dr_ee
CAMX,2023-12-23 16:00:00,kWh,107.93925259844022,baseline,hvac_dr_ee
CAMX,2023-12-23 17:00:00,kWh,96.19433644771898,baseline,hvac_dr_ee
CAMX,2023-12-23 18:00:00,kWh,79.04511437073538,baseline,hvac_dr_ee
CAMX,2023-12-23 19:00:00,kWh,83.17161558560295,baseline,hvac_dr_ee
CAMX,2023-12-23 20:00:00,kWh,75.90633972903498,baseline,hvac_dr_ee
CAMX,2023-12-23 21:00:00,kWh,83.8201990100469,baseline,hvac_dr_ee
CAMX,2023-12-23 22:00:00,kWh,83.04189441434087,baseline,hvac_dr_ee
CAMX,2023-12-23 23:00:00,kWh,76.45175361852392,baseline,hvac_dr_ee
CAMX,2023-12-24 00:00:00,kWh,74.4132107635818,baseline,hvac_dr_ee
CAMX,2023-12-24 01:00:00,kWh,75.42263460547278,baseline,hvac_dr_ee
CAMX,2023-12-24 02:00:00,kWh,71.17274927232586,baseline,hvac_dr_ee
CAMX,2023-12-24 03:00:00,kWh,75.14289685128763,baseline,hvac_dr_ee
CAMX,2023-12-24 04:00:00,kWh,73.92682489051217,baseline,hvac_dr_ee
CAMX,2023-12-24 05:00:00,kWh,66.69514347642036,baseline,hvac_dr_ee
CAMX,2023-12-24 06:00:00,kWh,83.73587020365568,baseline,hvac_dr_ee
CAMX,2023-12-24 07:00:00,kWh,77.35992498805206,baseline,hvac_dr_ee
CAMX,2023-12-24 08:00:00,kWh,74.55428996783712,baseline,hvac_dr_ee
CAMX,2023-12-24 09:00:00,kWh,79.14551058164389,baseline,hvac_dr_ee
CAMX,2023-12-24 10:00:00,kWh,82.99538155964291,baseline,hvac_dr_ee
CAMX,2023-12-24 11:00:00,kWh,92.9109383982945,baseline,hvac_dr_ee
CAMX,2023-12-24 12:00:00,kWh,98.01984571747282,baseline,hvac_dr_ee
CAMX,2023-12-24 13:00:00,kWh,92.08609799873545,baseline,hvac_dr_ee
CAMX,2023-12-24 14:00:00,kWh,97.84231618914674,baseline,hvac_dr_ee
CAMX,2023-12-24 15:00:00,kWh,98.01149056254353,baseline,hvac_dr_ee
CAMX,2023-12-24 16:00:00,kWh,88.92614180477969,baseline,hvac_dr_ee
CAMX,2023-12-24 17:00:00,kWh,83.09444302265118,baseline,hvac_dr_ee
CAMX,2023-12-24 18:00:00,kWh,67.4587557170766,baseline,hvac_dr_ee
CAMX,2023-12-24 19:00:00,kWh,67.89517904249368,baseline,hvac_dr_ee
CAMX,2023-12-24 20:00:00,kWh,74.28958597093518,baseline,hvac_dr_ee
CAMX,2023-12-24 21:00:00,kWh,76.16706777420174,baseline,hvac_dr_ee
CAMX,2023-12-24 22:00:00,kWh,67.83235648378964,baseline,hvac_dr_ee
CAMX,2023-12-24 23:00:00,kWh,71.13704612393693,baseline,hvac_dr_ee
CAMX,2023-12-25 00:00:00,kWh,70.90914921007132,baseline,hvac_dr_ee
CAMX,2023-12-25 01:00:00,kWh,70.09796837196441,baseline,hvac_dr_ee
CAMX,2023-12-25 02:00:00,kWh,66.45910118753166,baseline,hvac_dr_ee
CAMX,2023-12-25 03:00:00,kWh,76.25074328052857,baseline,hvac_dr_ee
CAMX,2023-12-25 04:00:00,kWh,85.87350174877054,baseline,hvac_dr_ee
CAMX,2023-12-25 05:00:00,kWh,136.71520877081895,baseline,hvac_dr_ee
CAMX,2023-12-25 06:00:00,kWh,148.38853780049368,baseline,hvac_dr_ee
CAMX,2023-12-25 07:00:00,kWh,159.33259926939343,baseline,hvac_dr_ee
CAMX,2023-12-25 08:00:00,kWh,164.96261984785474,baseline,hvac_dr_ee
CAMX,2023-12-25 09:00:00,kWh,157.04322594846667,baseline,hvac_dr_ee
CAMX,2023-12-25 10:00:00,kWh,157.96862125988002,baseline,hvac_dr_ee
CAMX,2023-12-25 11:00:00,kWh,166.3670281038862,baseline,hvac_dr_ee
CAMX,2023-12-25 12:00:00,kWh,171.75405558382812,baseline,hvac_dr_ee
CAMX,2023-12-25 13:00:00,kWh,175.819653537688,baseline,hvac_dr_ee
CAMX,2023-12-25 14:00:00,kWh,171.60020567998697,baseline,hvac_dr_ee
CAMX,2023-12-25 15:00:00,kWh,169.4560233306254,baseline,hvac_dr_ee
CAMX,2023-12-25 16:00:00,kWh,165.53953612219192,baseline,hvac_dr_ee
CAMX,2023-12-25 17:00:00,kWh,145.30585708802698,baseline,hvac_dr_ee
CAMX,2023-12-25 18:00:00,kWh,121.06849969879718,baseline,hvac_dr_ee
CAMX,2023-12-25 19:00:00,kWh,119.67033626337388,baseline,hvac_dr_ee
CAMX,2023-12-25 20:00:00,kWh,117.7106977355651,baseline,hvac_dr_ee
CAMX,2023-12-25 21:00:00,kWh,117.89487151636064,baseline,hvac_dr_ee
CAMX,2023-12-25 22:00:00,kWh,85.09569550114156,baseline,hvac_dr_ee
CAMX,2023-12-25 23:00:00,kWh,87.03122282558941,baseline,hvac_dr_ee
CAMX,2023-12-26 00:00:00,kWh,79.4770117415178,baseline,hvac_dr_ee
CAMX,2023-12-26 01:00:00,kWh,80.1151110056216,baseline,hvac_dr_ee
CAMX,2023-12-26 02:00:00,kWh,81.90530685855455,baseline,hvac_dr_ee
CAMX,2023-12-26 03:00:00,kWh,75.69184230056213,baseline,hvac_dr_ee
CAMX,2023-12-26 04:00:00,kWh,77.37257563535049,baseline,hvac_dr_ee
CAMX,2023-12-26 05:00:00,kWh,125.83147918791084,baseline,hvac_dr_ee
CAMX,2023-12-26 06:00:00,kWh,140.08645344297955,baseline,hvac_dr_ee
CAMX,2023-12-26 07:00:00,kWh,152.66582730546307,baseline,hvac_dr_ee
CAMX,2023-12-26 08:00:00,kWh,162.12001549432844,baseline,hvac_dr_ee
CAMX,2023-12-26 09:00:00,kWh,155.90505994839114,baseline,hvac_dr_ee
CAMX,2023-12-26 10:00:00,kWh,158.529512142517,baseline,hvac_dr_ee
CAMX,2023-12-26 11:00:00,kWh,165.62560439379348,baseline,hvac_dr_ee
CAMX,2023-12-26 12:00:00,kWh,171.80744898536707,baseline,hvac_dr_ee
CAMX,2023-12-26 13:00:00,kWh,170.98608352812738,baseline,hvac_dr_ee
CAMX,2023-12-26 14:00:00,kWh,164.98873739928274,baseline,hvac_dr_ee
CAMX,2023-12-26 15:00:00,kWh,161.89456287740686,baseline,hvac_dr_ee
CAMX,2023-12-26 16:00:00,kWh,159.70483192239507,baseline,hvac_dr_ee
CAMX,2023-12-26 17:00:00,kWh,146.18577504031077,baseline,hvac_dr_ee
CAMX,2023-12-26 18:00:00,kWh,121.31861629935366,baseline,hvac_dr_ee
CAMX,2023-12-26 19:00:00,kWh,118.68380420107195,baseline,hvac_dr_ee
CAMX,2023-12-26 20:00:00,kWh,115.9518836361421,baseline,hvac_dr_ee
CAMX,2023-12-26 21:00:00,kWh,116.03468465175393,baseline,hvac_dr_ee
CAMX,2023-12-26 22:00:00,kWh,87.68322120688215,baseline,hvac_dr_ee
CAMX,2023-12-26 23:00:00,kWh,89.19503724821311,baseline,hvac_dr_ee
CAMX,2023-12-27 00:00:00,kWh,79.51790580430175,baseline,hvac_dr_ee
CAMX,2023-12-27 01:00:00,kWh,86.55765127879145,baseline,hvac_dr_ee
CAMX,2023-12-27 02:00:00,kWh,86.01745205321042,baseline,hvac_dr_ee
CAMX,2023-12-27 03:00:00,kWh,79.62719511552403,baseline,hvac_dr_ee
CAMX,2023-12-27 04:00:00,kWh,86.30243039427856,baseline,hvac_dr_ee
CAMX,2023-12-27 05:00:00,kWh,121.8062838448894,baseline,hvac_dr_ee
CAMX,2023-12-27 06:00:00,kWh,136.2745192291268,baseline,hvac_dr_ee
CAMX,2023-12-27 07:00:00,kWh,149.87346945356884,baseline,hvac_dr_ee
CAMX,2023-12-27 08:00:00,kWh,162.39532414059138,baseline,hvac_dr_ee
CAMX,2023-12-27 09:00:00,kWh,157.35102315754426,baseline,hvac_dr_ee
CAMX,2023-12-27 10:00:00,kWh,158.80878514271348,baseline,hvac_dr_ee
CAMX,2023-12-27 11:00:00,kWh,163.69095069446755,baseline,hvac_dr_ee
CAMX,2023-12-27 12:00:00,kWh,167.72317294316824,baseline,hvac_dr_ee
CAMX,2023-12-27 13:00:00,kWh,165.7281774120892,baseline,hvac_dr_ee
CAMX,2023-12-27 14:00:00,kWh,160.8995964077771,baseline,hvac_dr_ee
CAMX,2023-12-27 15:00:00,kWh,159.4842766959165,baseline,hvac_dr_ee
CAMX,2023-12-27 16:00:00,kWh,158.26376530259233,baseline,hvac_dr_ee
CAMX,2023-12-27 17:00:00,kWh,147.5508883121823,baseline,hvac_dr_ee
CAMX,2023-12-27 18:00:00,kWh,124.59566491051937,baseline,hvac_dr_ee
CAMX,2023-12-27 19:00:00,kWh,122.69914870591532,baseline,hvac_dr_ee
CAMX,2023-12-27 20:00:00,kWh,119.77510174656456,baseline,hvac_dr_ee
CAMX,2023-12-27 21:00:00,kWh,119.51193735391749,baseline,hvac_dr_ee
CAMX,2023-12-27 22:00:00,kWh,87.75818631159017,baseline,hvac_dr_ee
CAMX,2023-12-27 23:00:00,kWh,89.78425424232849,baseline,hvac_dr_ee
CAMX,2023-12-28 00:00:00,kWh,79.5040761692243,baseline,hvac_dr_ee
CAMX,2023-12-28 01:00:00,kWh,86.5571796563365,baseline,hvac_dr_ee
CAMX,2023-12-28 02:00:00,kWh,86.26441216765234,baseline,hvac_dr_ee
CAMX,2023-12-28 03:00:00,kWh,79.74679005377084,baseline,hvac_dr_ee
CAMX,2023-12-28 04:00:00,kWh,86.42181211861121,baseline,hvac_dr_ee
CAMX,2023-12-28 05:00:00,kWh,126.9373741820818,baseline,hvac_dr_ee
CAMX,2023-12-28 06:00:00,kWh,140.85486266955598,baseline,hvac_dr_ee
CAMX,2023-12-28 07:00:00,kWh,155.7990439370513,baseline,hvac_dr_ee
CAMX,2023-12-28 08:00:00,kWh,174.64017251168204,baseline,hvac_dr_ee
CAMX,2023-12-28 09:00:00,kWh,169.14522244485914,baseline,hvac_dr_ee
CAMX,2023-12-28 10:00:00,kWh,166.41664465138584,baseline,hvac_dr_ee
CAMX,2023-12-28 11:00:00,kWh,169.8088523372113,baseline,hvac_dr_ee
CAMX,2023-12-28 12:00:00,kWh,171.71435714316618,baseline,hvac_dr_ee
CAMX,2023-12-28 13:00:00,kWh,170.36518273829748,baseline,hvac_dr_ee
CAMX,2023-12-28 14:00:00,kWh,166.0817817215795,baseline,hvac_dr_ee
CAMX,2023-12-28 15:00:00,kWh,163.0360548357067,baseline,hvac_dr_ee
CAMX,2023-12-28 16:00:00,kWh,159.65688813039083,baseline,hvac_dr_ee
CAMX,2023-12-28 17:00:00,kWh,144.46550561028596,baseline,hvac_dr_ee
CAMX,2023-12-28 18:00:00,kWh,122.64453370991589,baseline,hvac_dr_ee
CAMX,2023-12-28 19:00:00,kWh,121.53596137986233,baseline,hvac_dr_ee
CAMX,2023-12-28 20:00:00,kWh,120.12516027115097,baseline,hvac_dr_ee
CAMX,2023-12-28 21:00:00,kWh,120.31370901623796,baseline,hvac_dr_ee
CAMX,2023-12-28 22:00:00,kWh,87.47185881056198,baseline,hvac_dr_ee
CAMX,2023-12-28 23:00:00,kWh,90.65062473465125,baseline,hvac_dr_ee
CAMX,2023-12-29 00:00:00,kWh,79.75215576986974,baseline,hvac_dr_ee
CAMX,2023-12-29 01:00:00,kWh,87.5603629085643,baseline,hvac_dr_ee
CAMX,2023-12-29 02:00:00,kWh,86.59232021736588,baseline,hvac_dr_ee
CAMX,2023-12-29 03:00:00,kWh,77.0227570345388,baseline,hvac_dr_ee
CAMX,2023-12-29 04:00:00,kWh,87.63011106895543,baseline,hvac_dr_ee
CAMX,2023-12-29 05:00:00,kWh,133.62055208128297,baseline,hvac_dr_ee
CAMX,2023-12-29 06:00:00,kWh,143.61597585395538,baseline,hvac_dr_ee
CAMX,2023-12-29 07:00:00,kWh,158.35635662652183,baseline,hvac_dr_ee
CAMX,2023-12-29 08:00:00,kWh,170.15308699277955,baseline,hvac_dr_ee
CAMX,2023-12-29 09:00:00,kWh,157.0244503873581,baseline,hvac_dr_ee
CAMX,2023-12-29 10:00:00,kWh,157.65004114219937,baseline,hvac_dr_ee
CAMX,2023-12-29 11:00:00,kWh,167.03143619578282,baseline,hvac_dr_ee
CAMX,2023-12-29 12:00:00,kWh,173.72673781250774,baseline,hvac_dr_ee
CAMX,2023-12-29 13:00:00,kWh,173.9660831711968,baseline,hvac_dr_ee
CAMX,2023-12-29 14:00:00,kWh,166.94899396232373,baseline,hvac_dr_ee
CAMX,2023-12-29 15:00:00,kWh,161.29750259459925,baseline,hvac_dr_ee
CAMX,2023-12-29 16:00:00,kWh,159.58680777642883,baseline,hvac_dr_ee
CAMX,2023-12-29 17:00:00,kWh,143.35458715517538,baseline,hvac_dr_ee
CAMX,2023-12-29 18:00:00,kWh,121.15445018841388,baseline,hvac_dr_ee
CAMX,2023-12-29 19:00:00,kWh,119.43126537377616,baseline,hvac_dr_ee
CAMX,2023-12-29 20:00:00,kWh,117.55018443483387,baseline,hvac_dr_ee
CAMX,2023-12-29 21:00:00,kWh,117.88425893859662,baseline,hvac_dr_ee
CAMX,2023-12-29 22:00:00,kWh,87.46049972700006,baseline,hvac_dr_ee
CAMX,2023-12-29 23:00:00,kWh,90.30164376004733,baseline,hvac_dr_ee
CAMX,2023-12-30 00:00:00,kWh,76.60728348423471,baseline,hvac_dr_ee
CAMX,2023-12-30 01:00:00,kWh,83.64181973549054,baseline,hvac_dr_ee
CAMX,2023-12-30 02:00:00,kWh,83.26706858187882,baseline,hvac_dr_ee
CAMX,2023-12-30 03:00:00,kWh,73.82869076874715,baseline,hvac_dr_ee
CAMX,2023-12-30 04:00:00,kWh,79.873533916647,baseline,hvac_dr_ee
CAMX,2023-12-30 05:00:00,kWh,124.7383368886153,baseline,hvac_dr_ee
CAMX,2023-12-30 06:00:00,kWh,133.63930615565081,baseline,hvac_dr_ee
CAMX,2023-12-30 07:00:00,kWh,124.05583723436513,baseline,hvac_dr_ee
CAMX,2023-12-30 08:00:00,kWh,128.2764214960805,baseline,hvac_dr_ee
CAMX,2023-12-30 09:00:00,kWh,128.10395363140196,baseline,hvac_dr_ee
CAMX,2023-12-30 10:00:00,kWh,127.3855537032062,baseline,hvac_dr_ee
CAMX,2023-12-30 11:00:00,kWh,128.86119644269016,baseline,hvac_dr_ee
CAMX,2023-12-30 12:00:00,kWh,120.5455981316503,baseline,hvac_dr_ee
CAMX,2023-12-30 13:00:00,kWh,117.98810919041091,baseline,hvac_dr_ee
CAMX,2023-12-30 14:00:00,kWh,116.00243470319899,baseline,hvac_dr_ee
CAMX,2023-12-30 15:00:00,kWh,113.08613447065638,baseline,hvac_dr_ee
CAMX,2023-12-30 16:00:00,kWh,110.3775634408468,baseline,hvac_dr_ee
CAMX,2023-12-30 17:00:00,kWh,96.29052525495837,baseline,hvac_dr_ee
CAMX,2023-12-30 18:00:00,kWh,78.18771897209344,baseline,hvac_dr_ee
CAMX,2023-12-30 19:00:00,kWh,78.73134752518035,baseline,hvac_dr_ee
CAMX,2023-12-30 20:00:00,kWh,77.24487376069104,baseline,hvac_dr_ee
CAMX,2023-12-30 21:00:00,kWh,83.54416721927767,baseline,hvac_dr_ee
CAMX,2023-12-30 22:00:00,kWh,78.6755484499226,baseline,hvac_dr_ee
CAMX,2023-12-30 23:00:00,kWh,73.63049246557586,baseline,hvac_dr_ee
CAMX,2023-12-31 00:00:00,kWh,68.9111311199051,baseline,hvac_dr_ee
CAMX,2023-12-31 01:00:00,kWh,76.13820683420195,baseline,hvac_dr_ee
CAMX,2023-12-31 02:00:00,kWh,65.26725674815742,baseline,hvac_dr_ee
CAMX,2023-12-31 03:00:00,kWh,73.66055849505635,baseline,hvac_dr_ee
CAMX,2023-12-31 04:00:00,kWh,68.98742662045285,baseline,hvac_dr_ee
CAMX,2023-12-31 05:00:00,kWh,74.41941548770498,baseline,hvac_dr_ee
CAMX,2023-12-31 06:00:00,kWh,75.91917676746992,baseline,hvac_dr_ee
CAMX,2023-12-31 07:00:00,kWh,79.13918820110527,baseline,hvac_dr_ee
CAMX,2023-12-31 08:00:00,kWh,73.6849861310252,baseline,hvac_dr_ee
CAMX,2023-12-31 09:00:00,kWh,82.54388570016617,baseline,hvac_dr_ee
CAMX,2023-12-31 10:00:00,kWh,84.7434144691261,baseline,hvac_dr_ee
CAMX,2023-12-31 11:00:00,kWh,86.1157542427425,baseline,hvac_dr_ee
CAMX,2023-12-31 12:00:00,kWh,97.70320106626036,baseline,hvac_dr_ee
CAMX,2023-12-31 13:00:00,kWh,98.19532493314247,baseline,hvac_dr_ee
CAMX,2023-12-31 14:00:00,kWh,90.72200713268015,baseline,hvac_dr_ee
CAMX,2023-12-31 15:00:00,kWh,97.10244082831838,baseline,hvac_dr_ee
CAMX,2023-12-31 16:00:00,kWh,94.61802212824351,baseline,hvac_dr_ee
CAMX,2023-12-31 17:00:00,kWh,82.38272693080255,baseline,hvac_dr_ee
CAMX,2023-12-31 18:00:00,kWh,68.67313260118094,baseline,hvac_dr_ee
CAMX,2023-12-31 19:00:00,kWh,68.00699503685743,baseline,hvac_dr_ee
CAMX,2023-12-31 20:00:00,kWh,66.96764914334082,baseline,hvac_dr_ee
CAMX,2023-12-31 21:00:00,kWh,73.87733873941457,baseline,hvac_dr_ee
CAMX,2023-12-31 22:00:00,kWh,67.81225222604976,baseline,hvac_dr_ee
CAMX,2023-12-31 23:00:00,kWh,65.45104020079688,baseline,hvac_dr_ee
