state,year,timestamp,variable,value
CA,2022,2022-01-01 00:00:00,cambium_co2_rate_lrmer,104.5
CA,2022,2022-01-01 01:00:00,cambium_co2_rate_lrmer,107.06
CA,2022,2022-01-01 02:00:00,cambium_co2_rate_lrmer,109.5
CA,2022,2022-01-01 03:00:00,cambium_co2_rate_lrmer,100.56
CA,2022,2022-01-01 04:00:00,cambium_co2_rate_lrmer,105.3
CA,2022,2022-01-01 05:00:00,cambium_co2_rate_lrmer,110.94
CA,2022,2022-01-01 06:00:00,cambium_co2_rate_lrmer,110.0
CA,2022,2022-01-01 07:00:00,cambium_co2_rate_lrmer,123.6
CA,2022,2022-01-01 08:00:00,cambium_co2_rate_lrmer,118.06
CA,2022,2022-01-01 09:00:00,cambium_co2_rate_lrmer,111.25
CA,2022,2022-01-01 10:00:00,cambium_co2_rate_lrmer,104.8
CA,2022,2022-01-01 11:00:00,cambium_co2_rate_lrmer,96.6
CA,2022,2022-01-01 12:00:00,cambium_co2_rate_lrmer,91.9
CA,2022,2022-01-01 13:00:00,cambium_co2_rate_lrmer,93.0
CA,2022,2022-01-01 14:00:00,cambium_co2_rate_lrmer,98.0
CA,2022,2022-01-01 15:00:00,cambium_co2_rate_lrmer,107.7
CA,2022,2022-01-01 16:00:00,cambium_co2_rate_lrmer,115.9
CA,2022,2022-01-01 17:00:00,cambium_co2_rate_lrmer,100.5
CA,2022,2022-01-01 18:00:00,cambium_co2_rate_lrmer,83.3
CA,2022,2022-01-01 19:00:00,cambium_co2_rate_lrmer,98.6
CA,2022,2022-01-01 20:00:00,cambium_co2_rate_lrmer,99.4
CA,2022,2022-01-01 21:00:00,cambium_co2_rate_lrmer,102.3
CA,2022,2022-01-01 22:00:00,cambium_co2_rate_lrmer,96.4
CA,2022,2022-01-01 23:00:00,cambium_co2_rate_lrmer,95.6
CA,2022,2022-01-02 00:00:00,cambium_co2_rate_lrmer,105.3
CA,2022,2022-01-02 01:00:00,cambium_co2_rate_lrmer,111.56
CA,2022,2022-01-02 02:00:00,cambium_co2_rate_lrmer,112.75
CA,2022,2022-01-02 03:00:00,cambium_co2_rate_lrmer,104.7
CA,2022,2022-01-02 04:00:00,cambium_co2_rate_lrmer,108.8
CA,2022,2022-01-02 05:00:00,cambium_co2_rate_lrmer,118.25
CA,2022,2022-01-02 06:00:00,cambium_co2_rate_lrmer,117.4
CA,2022,2022-01-02 07:00:00,cambium_co2_rate_lrmer,128.5
CA,2022,2022-01-02 08:00:00,cambium_co2_rate_lrmer,121.44
CA,2022,2022-01-02 09:00:00,cambium_co2_rate_lrmer,111.8
CA,2022,2022-01-02 10:00:00,cambium_co2_rate_lrmer,106.8
CA,2022,2022-01-02 11:00:00,cambium_co2_rate_lrmer,102.0
CA,2022,2022-01-02 12:00:00,cambium_co2_rate_lrmer,98.8
CA,2022,2022-01-02 13:00:00,cambium_co2_rate_lrmer,100.9
CA,2022,2022-01-02 14:00:00,cambium_co2_rate_lrmer,105.4
CA,2022,2022-01-02 15:00:00,cambium_co2_rate_lrmer,114.75
CA,2022,2022-01-02 16:00:00,cambium_co2_rate_lrmer,123.44
CA,2022,2022-01-02 17:00:00,cambium_co2_rate_lrmer,108.4
CA,2022,2022-01-02 18:00:00,cambium_co2_rate_lrmer,86.56
CA,2022,2022-01-02 19:00:00,cambium_co2_rate_lrmer,97.75
CA,2022,2022-01-02 20:00:00,cambium_co2_rate_lrmer,100.25
CA,2022,2022-01-02 21:00:00,cambium_co2_rate_lrmer,102.8
CA,2022,2022-01-02 22:00:00,cambium_co2_rate_lrmer,96.56
CA,2022,2022-01-02 23:00:00,cambium_co2_rate_lrmer,96.7
CA,2022,2022-01-03 00:00:00,cambium_co2_rate_lrmer,109.7
CA,2022,2022-01-03 01:00:00,cambium_co2_rate_lrmer,115.1
CA,2022,2022-01-03 02:00:00,cambium_co2_rate_lrmer,116.5
CA,2022,2022-01-03 03:00:00,cambium_co2_rate_lrmer,112.2
CA,2022,2022-01-03 04:00:00,cambium_co2_rate_lrmer,116.4
CA,2022,2022-01-03 05:00:00,cambium_co2_rate_lrmer,125.56
CA,2022,2022-01-03 06:00:00,cambium_co2_rate_lrmer,124.7
CA,2022,2022-01-03 07:00:00,cambium_co2_rate_lrmer,136.6
CA,2022,2022-01-03 08:00:00,cambium_co2_rate_lrmer,129.8
CA,2022,2022-01-03 09:00:00,cambium_co2_rate_lrmer,119.4
CA,2022,2022-01-03 10:00:00,cambium_co2_rate_lrmer,114.1
CA,2022,2022-01-03 11:00:00,cambium_co2_rate_lrmer,113.9
CA,2022,2022-01-03 12:00:00,cambium_co2_rate_lrmer,112.0
CA,2022,2022-01-03 13:00:00,cambium_co2_rate_lrmer,111.75
CA,2022,2022-01-03 14:00:00,cambium_co2_rate_lrmer,117.06
CA,2022,2022-01-03 15:00:00,cambium_co2_rate_lrmer,126.8
CA,2022,2022-01-03 16:00:00,cambium_co2_rate_lrmer,133.0
CA,2022,2022-01-03 17:00:00,cambium_co2_rate_lrmer,119.6
CA,2022,2022-01-03 18:00:00,cambium_co2_rate_lrmer,95.94
CA,2022,2022-01-03 19:00:00,cambium_co2_rate_lrmer,103.9
CA,2022,2022-01-03 20:00:00,cambium_co2_rate_lrmer,106.4
CA,2022,2022-01-03 21:00:00,cambium_co2_rate_lrmer,109.1
CA,2022,2022-01-03 22:00:00,cambium_co2_rate_lrmer,103.0
CA,2022,2022-01-03 23:00:00,cambium_co2_rate_lrmer,103.0
CA,2022,2022-01-04 00:00:00,cambium_co2_rate_lrmer,112.6
CA,2022,2022-01-04 01:00:00,cambium_co2_rate_lrmer,118.25
CA,2022,2022-01-04 02:00:00,cambium_co2_rate_lrmer,120.94
CA,2022,2022-01-04 03:00:00,cambium_co2_rate_lrmer,114.4
CA,2022,2022-01-04 04:00:00,cambium_co2_rate_lrmer,117.8
CA,2022,2022-01-04 05:00:00,cambium_co2_rate_lrmer,127.06
CA,2022,2022-01-04 06:00:00,cambium_co2_rate_lrmer,124.3
CA,2022,2022-01-04 07:00:00,cambium_co2_rate_lrmer,137.5
CA,2022,2022-01-04 08:00:00,cambium_co2_rate_lrmer,127.75
CA,2022,2022-01-04 09:00:00,cambium_co2_rate_lrmer,118.44
CA,2022,2022-01-04 10:00:00,cambium_co2_rate_lrmer,112.9
CA,2022,2022-01-04 11:00:00,cambium_co2_rate_lrmer,108.75
CA,2022,2022-01-04 12:00:00,cambium_co2_rate_lrmer,109.6
CA,2022,2022-01-04 13:00:00,cambium_co2_rate_lrmer,110.6
CA,2022,2022-01-04 14:00:00,cambium_co2_rate_lrmer,115.94
CA,2022,2022-01-04 15:00:00,cambium_co2_rate_lrmer,126.25
CA,2022,2022-01-04 16:00:00,cambium_co2_rate_lrmer,132.8
CA,2022,2022-01-04 17:00:00,cambium_co2_rate_lrmer,118.7
CA,2022,2022-01-04 18:00:00,cambium_co2_rate_lrmer,98.56
CA,2022,2022-01-04 19:00:00,cambium_co2_rate_lrmer,104.7
CA,2022,2022-01-04 20:00:00,cambium_co2_rate_lrmer,109.3
CA,2022,2022-01-04 21:00:00,cambium_co2_rate_lrmer,112.5
CA,2022,2022-01-04 22:00:00,cambium_co2_rate_lrmer,106.4
CA,2022,2022-01-04 23:00:00,cambium_co2_rate_lrmer,105.75
CA,2022,2022-01-05 00:00:00,cambium_co2_rate_lrmer,115.25
CA,2022,2022-01-05 01:00:00,cambium_co2_rate_lrmer,121.44
CA,2022,2022-01-05 02:00:00,cambium_co2_rate_lrmer,125.25
CA,2022,2022-01-05 03:00:00,cambium_co2_rate_lrmer,115.6
CA,2022,2022-01-05 04:00:00,cambium_co2_rate_lrmer,118.56
CA,2022,2022-01-05 05:00:00,cambium_co2_rate_lrmer,127.56
CA,2022,2022-01-05 06:00:00,cambium_co2_rate_lrmer,126.75
CA,2022,2022-01-05 07:00:00,cambium_co2_rate_lrmer,140.1
CA,2022,2022-01-05 08:00:00,cambium_co2_rate_lrmer,130.5
CA,2022,2022-01-05 09:00:00,cambium_co2_rate_lrmer,120.7
CA,2022,2022-01-05 10:00:00,cambium_co2_rate_lrmer,115.3
CA,2022,2022-01-05 11:00:00,cambium_co2_rate_lrmer,105.5
CA,2022,2022-01-05 12:00:00,cambium_co2_rate_lrmer,106.44
CA,2022,2022-01-05 13:00:00,cambium_co2_rate_lrmer,110.75
CA,2022,2022-01-05 14:00:00,cambium_co2_rate_lrmer,115.75
CA,2022,2022-01-05 15:00:00,cambium_co2_rate_lrmer,123.5
CA,2022,2022-01-05 16:00:00,cambium_co2_rate_lrmer,132.4
CA,2022,2022-01-05 17:00:00,cambium_co2_rate_lrmer,117.75
CA,2022,2022-01-05 18:00:00,cambium_co2_rate_lrmer,95.2
CA,2022,2022-01-05 19:00:00,cambium_co2_rate_lrmer,106.25
CA,2022,2022-01-05 20:00:00,cambium_co2_rate_lrmer,111.5
CA,2022,2022-01-05 21:00:00,cambium_co2_rate_lrmer,115.0
CA,2022,2022-01-05 22:00:00,cambium_co2_rate_lrmer,108.6
CA,2022,2022-01-05 23:00:00,cambium_co2_rate_lrmer,107.4
CA,2022,2022-01-06 00:00:00,cambium_co2_rate_lrmer,117.75
CA,2022,2022-01-06 01:00:00,cambium_co2_rate_lrmer,124.5
CA,2022,2022-01-06 02:00:00,cambium_co2_rate_lrmer,126.1
CA,2022,2022-01-06 03:00:00,cambium_co2_rate_lrmer,115.3
CA,2022,2022-01-06 04:00:00,cambium_co2_rate_lrmer,117.56
CA,2022,2022-01-06 05:00:00,cambium_co2_rate_lrmer,126.4
CA,2022,2022-01-06 06:00:00,cambium_co2_rate_lrmer,126.56
CA,2022,2022-01-06 07:00:00,cambium_co2_rate_lrmer,140.5
CA,2022,2022-01-06 08:00:00,cambium_co2_rate_lrmer,131.2
CA,2022,2022-01-06 09:00:00,cambium_co2_rate_lrmer,120.7
CA,2022,2022-01-06 10:00:00,cambium_co2_rate_lrmer,116.0
CA,2022,2022-01-06 11:00:00,cambium_co2_rate_lrmer,105.25
CA,2022,2022-01-06 12:00:00,cambium_co2_rate_lrmer,103.4
CA,2022,2022-01-06 13:00:00,cambium_co2_rate_lrmer,107.25
CA,2022,2022-01-06 14:00:00,cambium_co2_rate_lrmer,111.56
CA,2022,2022-01-06 15:00:00,cambium_co2_rate_lrmer,118.6
CA,2022,2022-01-06 16:00:00,cambium_co2_rate_lrmer,127.56
CA,2022,2022-01-06 17:00:00,cambium_co2_rate_lrmer,111.8
CA,2022,2022-01-06 18:00:00,cambium_co2_rate_lrmer,91.44
CA,2022,2022-01-06 19:00:00,cambium_co2_rate_lrmer,102.9
CA,2022,2022-01-06 20:00:00,cambium_co2_rate_lrmer,107.06
CA,2022,2022-01-06 21:00:00,cambium_co2_rate_lrmer,111.0
CA,2022,2022-01-06 22:00:00,cambium_co2_rate_lrmer,104.5
CA,2022,2022-01-06 23:00:00,cambium_co2_rate_lrmer,103.44
CA,2022,2022-01-07 00:00:00,cambium_co2_rate_lrmer,113.2
CA,2022,2022-01-07 01:00:00,cambium_co2_rate_lrmer,120.6
CA,2022,2022-01-07 02:00:00,cambium_co2_rate_lrmer,121.0
CA,2022,2022-01-07 03:00:00,cambium_co2_rate_lrmer,109.9
CA,2022,2022-01-07 04:00:00,cambium_co2_rate_lrmer,111.5
CA,2022,2022-01-07 05:00:00,cambium_co2_rate_lrmer,120.44
CA,2022,2022-01-07 06:00:00,cambium_co2_rate_lrmer,121.0
CA,2022,2022-01-07 07:00:00,cambium_co2_rate_lrmer,134.6
CA,2022,2022-01-07 08:00:00,cambium_co2_rate_lrmer,127.2
CA,2022,2022-01-07 09:00:00,cambium_co2_rate_lrmer,115.7
CA,2022,2022-01-07 10:00:00,cambium_co2_rate_lrmer,112.3
CA,2022,2022-01-07 11:00:00,cambium_co2_rate_lrmer,101.3
CA,2022,2022-01-07 12:00:00,cambium_co2_rate_lrmer,94.56
CA,2022,2022-01-07 13:00:00,cambium_co2_rate_lrmer,98.75
CA,2022,2022-01-07 14:00:00,cambium_co2_rate_lrmer,104.3
CA,2022,2022-01-07 15:00:00,cambium_co2_rate_lrmer,109.3
CA,2022,2022-01-07 16:00:00,cambium_co2_rate_lrmer,119.06
CA,2022,2022-01-07 17:00:00,cambium_co2_rate_lrmer,102.6
CA,2022,2022-01-07 18:00:00,cambium_co2_rate_lrmer,88.25
CA,2022,2022-01-07 19:00:00,cambium_co2_rate_lrmer,97.9
CA,2022,2022-01-07 20:00:00,cambium_co2_rate_lrmer,102.9
CA,2022,2022-01-07 21:00:00,cambium_co2_rate_lrmer,107.1
CA,2022,2022-01-07 22:00:00,cambium_co2_rate_lrmer,100.44
CA,2022,2022-01-07 23:00:00,cambium_co2_rate_lrmer,100.0
CA,2022,2022-01-08 00:00:00,cambium_co2_rate_lrmer,109.7
CA,2022,2022-01-08 01:00:00,cambium_co2_rate_lrmer,117.06
CA,2022,2022-01-08 02:00:00,cambium_co2_rate_lrmer,117.94
CA,2022,2022-01-08 03:00:00,cambium_co2_rate_lrmer,107.0
CA,2022,2022-01-08 04:00:00,cambium_co2_rate_lrmer,109.0
CA,2022,2022-01-08 05:00:00,cambium_co2_rate_lrmer,118.1
CA,2022,2022-01-08 06:00:00,cambium_co2_rate_lrmer,118.1
CA,2022,2022-01-08 07:00:00,cambium_co2_rate_lrmer,133.1
CA,2022,2022-01-08 08:00:00,cambium_co2_rate_lrmer,124.7
CA,2022,2022-01-08 09:00:00,cambium_co2_rate_lrmer,112.94
CA,2022,2022-01-08 10:00:00,cambium_co2_rate_lrmer,109.1
CA,2022,2022-01-08 11:00:00,cambium_co2_rate_lrmer,99.9
CA,2022,2022-01-08 12:00:00,cambium_co2_rate_lrmer,95.5
CA,2022,2022-01-08 13:00:00,cambium_co2_rate_lrmer,98.9
CA,2022,2022-01-08 14:00:00,cambium_co2_rate_lrmer,104.7
CA,2022,2022-01-08 15:00:00,cambium_co2_rate_lrmer,109.4
CA,2022,2022-01-08 16:00:00,cambium_co2_rate_lrmer,121.4
CA,2022,2022-01-08 17:00:00,cambium_co2_rate_lrmer,104.4
CA,2022,2022-01-08 18:00:00,cambium_co2_rate_lrmer,88.7
CA,2022,2022-01-08 19:00:00,cambium_co2_rate_lrmer,97.7
CA,2022,2022-01-08 20:00:00,cambium_co2_rate_lrmer,101.7
CA,2022,2022-01-08 21:00:00,cambium_co2_rate_lrmer,106.2
CA,2022,2022-01-08 22:00:00,cambium_co2_rate_lrmer,100.6
CA,2022,2022-01-08 23:00:00,cambium_co2_rate_lrmer,101.0
CA,2022,2022-01-09 00:00:00,cambium_co2_rate_lrmer,111.7
CA,2022,2022-01-09 01:00:00,cambium_co2_rate_lrmer,119.06
CA,2022,2022-01-09 02:00:00,cambium_co2_rate_lrmer,118.0
CA,2022,2022-01-09 03:00:00,cambium_co2_rate_lrmer,106.5
CA,2022,2022-01-09 04:00:00,cambium_co2_rate_lrmer,109.44
CA,2022,2022-01-09 05:00:00,cambium_co2_rate_lrmer,119.06
CA,2022,2022-01-09 06:00:00,cambium_co2_rate_lrmer,118.25
CA,2022,2022-01-09 07:00:00,cambium_co2_rate_lrmer,134.2
CA,2022,2022-01-09 08:00:00,cambium_co2_rate_lrmer,128.0
CA,2022,2022-01-09 09:00:00,cambium_co2_rate_lrmer,115.44
CA,2022,2022-01-09 10:00:00,cambium_co2_rate_lrmer,113.0
CA,2022,2022-01-09 11:00:00,cambium_co2_rate_lrmer,100.2
CA,2022,2022-01-09 12:00:00,cambium_co2_rate_lrmer,96.0
CA,2022,2022-01-09 13:00:00,cambium_co2_rate_lrmer,98.06
CA,2022,2022-01-09 14:00:00,cambium_co2_rate_lrmer,103.94
CA,2022,2022-01-09 15:00:00,cambium_co2_rate_lrmer,102.75
CA,2022,2022-01-09 16:00:00,cambium_co2_rate_lrmer,114.8
CA,2022,2022-01-09 17:00:00,cambium_co2_rate_lrmer,98.4
CA,2022,2022-01-09 18:00:00,cambium_co2_rate_lrmer,90.06
CA,2022,2022-01-09 19:00:00,cambium_co2_rate_lrmer,98.4
CA,2022,2022-01-09 20:00:00,cambium_co2_rate_lrmer,105.0
CA,2022,2022-01-09 21:00:00,cambium_co2_rate_lrmer,108.3
CA,2022,2022-01-09 22:00:00,cambium_co2_rate_lrmer,102.5
CA,2022,2022-01-09 23:00:00,cambium_co2_rate_lrmer,103.2
CA,2022,2022-01-10 00:00:00,cambium_co2_rate_lrmer,116.06
CA,2022,2022-01-10 01:00:00,cambium_co2_rate_lrmer,123.5
CA,2022,2022-01-10 02:00:00,cambium_co2_rate_lrmer,122.5
CA,2022,2022-01-10 03:00:00,cambium_co2_rate_lrmer,110.1
CA,2022,2022-01-10 04:00:00,cambium_co2_rate_lrmer,111.8
CA,2022,2022-01-10 05:00:00,cambium_co2_rate_lrmer,118.2
CA,2022,2022-01-10 06:00:00,cambium_co2_rate_lrmer,119.06
CA,2022,2022-01-10 07:00:00,cambium_co2_rate_lrmer,135.0
CA,2022,2022-01-10 08:00:00,cambium_co2_rate_lrmer,130.1
CA,2022,2022-01-10 09:00:00,cambium_co2_rate_lrmer,116.56
CA,2022,2022-01-10 10:00:00,cambium_co2_rate_lrmer,115.25
CA,2022,2022-01-10 11:00:00,cambium_co2_rate_lrmer,89.9
CA,2022,2022-01-10 12:00:00,cambium_co2_rate_lrmer,94.1
CA,2022,2022-01-10 13:00:00,cambium_co2_rate_lrmer,94.56
CA,2022,2022-01-10 14:00:00,cambium_co2_rate_lrmer,94.3
CA,2022,2022-01-10 15:00:00,cambium_co2_rate_lrmer,93.0
CA,2022,2022-01-10 16:00:00,cambium_co2_rate_lrmer,103.7
CA,2022,2022-01-10 17:00:00,cambium_co2_rate_lrmer,89.94
CA,2022,2022-01-10 18:00:00,cambium_co2_rate_lrmer,92.25
CA,2022,2022-01-10 19:00:00,cambium_co2_rate_lrmer,97.7
CA,2022,2022-01-10 20:00:00,cambium_co2_rate_lrmer,104.2
CA,2022,2022-01-10 21:00:00,cambium_co2_rate_lrmer,107.75
CA,2022,2022-01-10 22:00:00,cambium_co2_rate_lrmer,101.75
CA,2022,2022-01-10 23:00:00,cambium_co2_rate_lrmer,102.2
CA,2022,2022-01-11 00:00:00,cambium_co2_rate_lrmer,114.1
CA,2022,2022-01-11 01:00:00,cambium_co2_rate_lrmer,121.5
CA,2022,2022-01-11 02:00:00,cambium_co2_rate_lrmer,120.94
CA,2022,2022-01-11 03:00:00,cambium_co2_rate_lrmer,108.9
CA,2022,2022-01-11 04:00:00,cambium_co2_rate_lrmer,109.8
CA,2022,2022-01-11 05:00:00,cambium_co2_rate_lrmer,115.7
CA,2022,2022-01-11 06:00:00,cambium_co2_rate_lrmer,116.8
CA,2022,2022-01-11 07:00:00,cambium_co2_rate_lrmer,133.1
CA,2022,2022-01-11 08:00:00,cambium_co2_rate_lrmer,128.4
CA,2022,2022-01-11 09:00:00,cambium_co2_rate_lrmer,111.94
CA,2022,2022-01-11 10:00:00,cambium_co2_rate_lrmer,113.06
CA,2022,2022-01-11 11:00:00,cambium_co2_rate_lrmer,85.1
CA,2022,2022-01-11 12:00:00,cambium_co2_rate_lrmer,90.56
CA,2022,2022-01-11 13:00:00,cambium_co2_rate_lrmer,91.44
CA,2022,2022-01-11 14:00:00,cambium_co2_rate_lrmer,89.6
CA,2022,2022-01-11 15:00:00,cambium_co2_rate_lrmer,87.5
CA,2022,2022-01-11 16:00:00,cambium_co2_rate_lrmer,90.1
CA,2022,2022-01-11 17:00:00,cambium_co2_rate_lrmer,84.56
CA,2022,2022-01-11 18:00:00,cambium_co2_rate_lrmer,90.6
CA,2022,2022-01-11 19:00:00,cambium_co2_rate_lrmer,95.4
CA,2022,2022-01-11 20:00:00,cambium_co2_rate_lrmer,101.6
CA,2022,2022-01-11 21:00:00,cambium_co2_rate_lrmer,105.6
CA,2022,2022-01-11 22:00:00,cambium_co2_rate_lrmer,99.6
CA,2022,2022-01-11 23:00:00,cambium_co2_rate_lrmer,99.7
CA,2022,2022-01-12 00:00:00,cambium_co2_rate_lrmer,106.44
CA,2022,2022-01-12 01:00:00,cambium_co2_rate_lrmer,114.3
CA,2022,2022-01-12 02:00:00,cambium_co2_rate_lrmer,116.44
CA,2022,2022-01-12 03:00:00,cambium_co2_rate_lrmer,103.2
CA,2022,2022-01-12 04:00:00,cambium_co2_rate_lrmer,104.1
CA,2022,2022-01-12 05:00:00,cambium_co2_rate_lrmer,110.3
CA,2022,2022-01-12 06:00:00,cambium_co2_rate_lrmer,113.56
CA,2022,2022-01-12 07:00:00,cambium_co2_rate_lrmer,129.8
CA,2022,2022-01-12 08:00:00,cambium_co2_rate_lrmer,127.2
CA,2022,2022-01-12 09:00:00,cambium_co2_rate_lrmer,109.1
CA,2022,2022-01-12 10:00:00,cambium_co2_rate_lrmer,108.44
CA,2022,2022-01-12 11:00:00,cambium_co2_rate_lrmer,80.6
CA,2022,2022-01-12 12:00:00,cambium_co2_rate_lrmer,90.1
CA,2022,2022-01-12 13:00:00,cambium_co2_rate_lrmer,89.9
CA,2022,2022-01-12 14:00:00,cambium_co2_rate_lrmer,89.9
CA,2022,2022-01-12 15:00:00,cambium_co2_rate_lrmer,87.2
CA,2022,2022-01-12 16:00:00,cambium_co2_rate_lrmer,89.6
CA,2022,2022-01-12 17:00:00,cambium_co2_rate_lrmer,84.75
CA,2022,2022-01-12 18:00:00,cambium_co2_rate_lrmer,89.44
CA,2022,2022-01-12 19:00:00,cambium_co2_rate_lrmer,96.06
CA,2022,2022-01-12 20:00:00,cambium_co2_rate_lrmer,100.44
CA,2022,2022-01-12 21:00:00,cambium_co2_rate_lrmer,104.2
CA,2022,2022-01-12 22:00:00,cambium_co2_rate_lrmer,98.8
CA,2022,2022-01-12 23:00:00,cambium_co2_rate_lrmer,99.4
CA,2022,2022-01-13 00:00:00,cambium_co2_rate_lrmer,107.1
CA,2022,2022-01-13 01:00:00,cambium_co2_rate_lrmer,112.44
CA,2022,2022-01-13 02:00:00,cambium_co2_rate_lrmer,111.4
CA,2022,2022-01-13 03:00:00,cambium_co2_rate_lrmer,100.7
CA,2022,2022-01-13 04:00:00,cambium_co2_rate_lrmer,100.5
CA,2022,2022-01-13 05:00:00,cambium_co2_rate_lrmer,107.0
CA,2022,2022-01-13 06:00:00,cambium_co2_rate_lrmer,111.5
CA,2022,2022-01-13 07:00:00,cambium_co2_rate_lrmer,127.0
CA,2022,2022-01-13 08:00:00,cambium_co2_rate_lrmer,126.0
CA,2022,2022-01-13 09:00:00,cambium_co2_rate_lrmer,109.4
CA,2022,2022-01-13 10:00:00,cambium_co2_rate_lrmer,110.25
CA,2022,2022-01-13 11:00:00,cambium_co2_rate_lrmer,81.5
CA,2022,2022-01-13 12:00:00,cambium_co2_rate_lrmer,87.75
CA,2022,2022-01-13 13:00:00,cambium_co2_rate_lrmer,87.94
CA,2022,2022-01-13 14:00:00,cambium_co2_rate_lrmer,89.0
CA,2022,2022-01-13 15:00:00,cambium_co2_rate_lrmer,85.56
CA,2022,2022-01-13 16:00:00,cambium_co2_rate_lrmer,88.06
CA,2022,2022-01-13 17:00:00,cambium_co2_rate_lrmer,82.7
CA,2022,2022-01-13 18:00:00,cambium_co2_rate_lrmer,86.56
CA,2022,2022-01-13 19:00:00,cambium_co2_rate_lrmer,93.6
CA,2022,2022-01-13 20:00:00,cambium_co2_rate_lrmer,100.7
CA,2022,2022-01-13 21:00:00,cambium_co2_rate_lrmer,104.0
CA,2022,2022-01-13 22:00:00,cambium_co2_rate_lrmer,98.7
CA,2022,2022-01-13 23:00:00,cambium_co2_rate_lrmer,98.8
CA,2022,2022-01-14 00:00:00,cambium_co2_rate_lrmer,106.1
CA,2022,2022-01-14 01:00:00,cambium_co2_rate_lrmer,112.5
CA,2022,2022-01-14 02:00:00,cambium_co2_rate_lrmer,112.7
CA,2022,2022-01-14 03:00:00,cambium_co2_rate_lrmer,102.8
CA,2022,2022-01-14 04:00:00,cambium_co2_rate_lrmer,101.7
CA,2022,2022-01-14 05:00:00,cambium_co2_rate_lrmer,110.06
CA,2022,2022-01-14 06:00:00,cambium_co2_rate_lrmer,114.06
CA,2022,2022-01-14 07:00:00,cambium_co2_rate_lrmer,128.6
CA,2022,2022-01-14 08:00:00,cambium_co2_rate_lrmer,124.5
CA,2022,2022-01-14 09:00:00,cambium_co2_rate_lrmer,110.06
CA,2022,2022-01-14 10:00:00,cambium_co2_rate_lrmer,110.1
CA,2022,2022-01-14 11:00:00,cambium_co2_rate_lrmer,80.3
CA,2022,2022-01-14 12:00:00,cambium_co2_rate_lrmer,89.94
CA,2022,2022-01-14 13:00:00,cambium_co2_rate_lrmer,90.25
CA,2022,2022-01-14 14:00:00,cambium_co2_rate_lrmer,91.9
CA,2022,2022-01-14 15:00:00,cambium_co2_rate_lrmer,89.0
CA,2022,2022-01-14 16:00:00,cambium_co2_rate_lrmer,90.9
CA,2022,2022-01-14 17:00:00,cambium_co2_rate_lrmer,85.5
CA,2022,2022-01-14 18:00:00,cambium_co2_rate_lrmer,88.8
CA,2022,2022-01-14 19:00:00,cambium_co2_rate_lrmer,94.56
CA,2022,2022-01-14 20:00:00,cambium_co2_rate_lrmer,100.75
CA,2022,2022-01-14 21:00:00,cambium_co2_rate_lrmer,105.25
CA,2022,2022-01-14 22:00:00,cambium_co2_rate_lrmer,100.8
CA,2022,2022-01-14 23:00:00,cambium_co2_rate_lrmer,102.0
CA,2022,2022-01-15 00:00:00,cambium_co2_rate_lrmer,106.94
CA,2022,2022-01-15 01:00:00,cambium_co2_rate_lrmer,113.56
CA,2022,2022-01-15 02:00:00,cambium_co2_rate_lrmer,113.06
CA,2022,2022-01-15 03:00:00,cambium_co2_rate_lrmer,103.44
CA,2022,2022-01-15 04:00:00,cambium_co2_rate_lrmer,102.4
CA,2022,2022-01-15 05:00:00,cambium_co2_rate_lrmer,111.6
CA,2022,2022-01-15 06:00:00,cambium_co2_rate_lrmer,115.1
CA,2022,2022-01-15 07:00:00,cambium_co2_rate_lrmer,128.0
CA,2022,2022-01-15 08:00:00,cambium_co2_rate_lrmer,122.1
CA,2022,2022-01-15 09:00:00,cambium_co2_rate_lrmer,110.3
CA,2022,2022-01-15 10:00:00,cambium_co2_rate_lrmer,109.0
CA,2022,2022-01-15 11:00:00,cambium_co2_rate_lrmer,79.4
CA,2022,2022-01-15 12:00:00,cambium_co2_rate_lrmer,92.5
CA,2022,2022-01-15 13:00:00,cambium_co2_rate_lrmer,92.75
CA,2022,2022-01-15 14:00:00,cambium_co2_rate_lrmer,94.7
CA,2022,2022-01-15 15:00:00,cambium_co2_rate_lrmer,92.3
CA,2022,2022-01-15 16:00:00,cambium_co2_rate_lrmer,93.56
CA,2022,2022-01-15 17:00:00,cambium_co2_rate_lrmer,88.25
CA,2022,2022-01-15 18:00:00,cambium_co2_rate_lrmer,92.2
CA,2022,2022-01-15 19:00:00,cambium_co2_rate_lrmer,92.56
CA,2022,2022-01-15 20:00:00,cambium_co2_rate_lrmer,99.8
CA,2022,2022-01-15 21:00:00,cambium_co2_rate_lrmer,103.7
CA,2022,2022-01-15 22:00:00,cambium_co2_rate_lrmer,100.94
CA,2022,2022-01-15 23:00:00,cambium_co2_rate_lrmer,102.56
CA,2022,2022-01-16 00:00:00,cambium_co2_rate_lrmer,106.25
CA,2022,2022-01-16 01:00:00,cambium_co2_rate_lrmer,113.56
CA,2022,2022-01-16 02:00:00,cambium_co2_rate_lrmer,108.1
CA,2022,2022-01-16 03:00:00,cambium_co2_rate_lrmer,101.94
CA,2022,2022-01-16 04:00:00,cambium_co2_rate_lrmer,98.94
CA,2022,2022-01-16 05:00:00,cambium_co2_rate_lrmer,106.6
CA,2022,2022-01-16 06:00:00,cambium_co2_rate_lrmer,109.44
CA,2022,2022-01-16 07:00:00,cambium_co2_rate_lrmer,122.44
CA,2022,2022-01-16 08:00:00,cambium_co2_rate_lrmer,118.0
CA,2022,2022-01-16 09:00:00,cambium_co2_rate_lrmer,104.94
CA,2022,2022-01-16 10:00:00,cambium_co2_rate_lrmer,103.75
CA,2022,2022-01-16 11:00:00,cambium_co2_rate_lrmer,75.8
CA,2022,2022-01-16 12:00:00,cambium_co2_rate_lrmer,89.7
CA,2022,2022-01-16 13:00:00,cambium_co2_rate_lrmer,90.0
CA,2022,2022-01-16 14:00:00,cambium_co2_rate_lrmer,91.9
CA,2022,2022-01-16 15:00:00,cambium_co2_rate_lrmer,89.44
CA,2022,2022-01-16 16:00:00,cambium_co2_rate_lrmer,90.6
CA,2022,2022-01-16 17:00:00,cambium_co2_rate_lrmer,84.8
CA,2022,2022-01-16 18:00:00,cambium_co2_rate_lrmer,88.4
CA,2022,2022-01-16 19:00:00,cambium_co2_rate_lrmer,92.06
CA,2022,2022-01-16 20:00:00,cambium_co2_rate_lrmer,100.0
CA,2022,2022-01-16 21:00:00,cambium_co2_rate_lrmer,103.6
CA,2022,2022-01-16 22:00:00,cambium_co2_rate_lrmer,101.4
CA,2022,2022-01-16 23:00:00,cambium_co2_rate_lrmer,102.5
CA,2022,2022-01-17 00:00:00,cambium_co2_rate_lrmer,105.44
CA,2022,2022-01-17 01:00:00,cambium_co2_rate_lrmer,113.6
CA,2022,2022-01-17 02:00:00,cambium_co2_rate_lrmer,107.8
CA,2022,2022-01-17 03:00:00,cambium_co2_rate_lrmer,99.06
CA,2022,2022-01-17 04:00:00,cambium_co2_rate_lrmer,100.5
CA,2022,2022-01-17 05:00:00,cambium_co2_rate_lrmer,106.9
CA,2022,2022-01-17 06:00:00,cambium_co2_rate_lrmer,109.06
CA,2022,2022-01-17 07:00:00,cambium_co2_rate_lrmer,125.56
CA,2022,2022-01-17 08:00:00,cambium_co2_rate_lrmer,119.9
CA,2022,2022-01-17 09:00:00,cambium_co2_rate_lrmer,107.75
CA,2022,2022-01-17 10:00:00,cambium_co2_rate_lrmer,108.2
CA,2022,2022-01-17 11:00:00,cambium_co2_rate_lrmer,79.0
CA,2022,2022-01-17 12:00:00,cambium_co2_rate_lrmer,90.1
CA,2022,2022-01-17 13:00:00,cambium_co2_rate_lrmer,92.4
CA,2022,2022-01-17 14:00:00,cambium_co2_rate_lrmer,93.0
CA,2022,2022-01-17 15:00:00,cambium_co2_rate_lrmer,90.6
CA,2022,2022-01-17 16:00:00,cambium_co2_rate_lrmer,90.5
CA,2022,2022-01-17 17:00:00,cambium_co2_rate_lrmer,85.4
CA,2022,2022-01-17 18:00:00,cambium_co2_rate_lrmer,89.94
CA,2022,2022-01-17 19:00:00,cambium_co2_rate_lrmer,94.94
CA,2022,2022-01-17 20:00:00,cambium_co2_rate_lrmer,104.9
CA,2022,2022-01-17 21:00:00,cambium_co2_rate_lrmer,106.94
CA,2022,2022-01-17 22:00:00,cambium_co2_rate_lrmer,105.5
CA,2022,2022-01-17 23:00:00,cambium_co2_rate_lrmer,105.75
CA,2022,2022-01-18 00:00:00,cambium_co2_rate_lrmer,108.3
CA,2022,2022-01-18 01:00:00,cambium_co2_rate_lrmer,115.25
CA,2022,2022-01-18 02:00:00,cambium_co2_rate_lrmer,107.7
CA,2022,2022-01-18 03:00:00,cambium_co2_rate_lrmer,100.4
CA,2022,2022-01-18 04:00:00,cambium_co2_rate_lrmer,104.0
CA,2022,2022-01-18 05:00:00,cambium_co2_rate_lrmer,108.8
CA,2022,2022-01-18 06:00:00,cambium_co2_rate_lrmer,110.8
CA,2022,2022-01-18 07:00:00,cambium_co2_rate_lrmer,118.9
CA,2022,2022-01-18 08:00:00,cambium_co2_rate_lrmer,115.06
CA,2022,2022-01-18 09:00:00,cambium_co2_rate_lrmer,108.25
CA,2022,2022-01-18 10:00:00,cambium_co2_rate_lrmer,108.7
CA,2022,2022-01-18 11:00:00,cambium_co2_rate_lrmer,80.94
CA,2022,2022-01-18 12:00:00,cambium_co2_rate_lrmer,88.6
CA,2022,2022-01-18 13:00:00,cambium_co2_rate_lrmer,90.75
CA,2022,2022-01-18 14:00:00,cambium_co2_rate_lrmer,93.2
CA,2022,2022-01-18 15:00:00,cambium_co2_rate_lrmer,89.56
CA,2022,2022-01-18 16:00:00,cambium_co2_rate_lrmer,89.9
CA,2022,2022-01-18 17:00:00,cambium_co2_rate_lrmer,84.94
CA,2022,2022-01-18 18:00:00,cambium_co2_rate_lrmer,89.06
CA,2022,2022-01-18 19:00:00,cambium_co2_rate_lrmer,98.25
CA,2022,2022-01-18 20:00:00,cambium_co2_rate_lrmer,102.44
CA,2022,2022-01-18 21:00:00,cambium_co2_rate_lrmer,104.5
CA,2022,2022-01-18 22:00:00,cambium_co2_rate_lrmer,108.4
CA,2022,2022-01-18 23:00:00,cambium_co2_rate_lrmer,109.25
CA,2022,2022-01-19 00:00:00,cambium_co2_rate_lrmer,111.75
CA,2022,2022-01-19 01:00:00,cambium_co2_rate_lrmer,116.44
CA,2022,2022-01-19 02:00:00,cambium_co2_rate_lrmer,108.06
CA,2022,2022-01-19 03:00:00,cambium_co2_rate_lrmer,104.0
CA,2022,2022-01-19 04:00:00,cambium_co2_rate_lrmer,107.25
CA,2022,2022-01-19 05:00:00,cambium_co2_rate_lrmer,113.6
CA,2022,2022-01-19 06:00:00,cambium_co2_rate_lrmer,114.6
CA,2022,2022-01-19 07:00:00,cambium_co2_rate_lrmer,121.94
CA,2022,2022-01-19 08:00:00,cambium_co2_rate_lrmer,119.9
CA,2022,2022-01-19 09:00:00,cambium_co2_rate_lrmer,112.2
CA,2022,2022-01-19 10:00:00,cambium_co2_rate_lrmer,112.9
CA,2022,2022-01-19 11:00:00,cambium_co2_rate_lrmer,86.2
CA,2022,2022-01-19 12:00:00,cambium_co2_rate_lrmer,98.1
CA,2022,2022-01-19 13:00:00,cambium_co2_rate_lrmer,99.6
CA,2022,2022-01-19 14:00:00,cambium_co2_rate_lrmer,102.25
CA,2022,2022-01-19 15:00:00,cambium_co2_rate_lrmer,97.2
CA,2022,2022-01-19 16:00:00,cambium_co2_rate_lrmer,97.8
CA,2022,2022-01-19 17:00:00,cambium_co2_rate_lrmer,93.94
CA,2022,2022-01-19 18:00:00,cambium_co2_rate_lrmer,96.8
CA,2022,2022-01-19 19:00:00,cambium_co2_rate_lrmer,101.06
CA,2022,2022-01-19 20:00:00,cambium_co2_rate_lrmer,103.4
CA,2022,2022-01-19 21:00:00,cambium_co2_rate_lrmer,104.94
CA,2022,2022-01-19 22:00:00,cambium_co2_rate_lrmer,108.75
CA,2022,2022-01-19 23:00:00,cambium_co2_rate_lrmer,110.0
CA,2022,2022-01-20 00:00:00,cambium_co2_rate_lrmer,113.56
CA,2022,2022-01-20 01:00:00,cambium_co2_rate_lrmer,119.25
CA,2022,2022-01-20 02:00:00,cambium_co2_rate_lrmer,108.94
CA,2022,2022-01-20 03:00:00,cambium_co2_rate_lrmer,104.7
CA,2022,2022-01-20 04:00:00,cambium_co2_rate_lrmer,107.9
CA,2022,2022-01-20 05:00:00,cambium_co2_rate_lrmer,114.4
CA,2022,2022-01-20 06:00:00,cambium_co2_rate_lrmer,115.9
CA,2022,2022-01-20 07:00:00,cambium_co2_rate_lrmer,122.6
CA,2022,2022-01-20 08:00:00,cambium_co2_rate_lrmer,122.2
CA,2022,2022-01-20 09:00:00,cambium_co2_rate_lrmer,113.8
CA,2022,2022-01-20 10:00:00,cambium_co2_rate_lrmer,114.56
CA,2022,2022-01-20 11:00:00,cambium_co2_rate_lrmer,89.0
CA,2022,2022-01-20 12:00:00,cambium_co2_rate_lrmer,106.0
CA,2022,2022-01-20 13:00:00,cambium_co2_rate_lrmer,109.1
CA,2022,2022-01-20 14:00:00,cambium_co2_rate_lrmer,111.25
CA,2022,2022-01-20 15:00:00,cambium_co2_rate_lrmer,103.4
CA,2022,2022-01-20 16:00:00,cambium_co2_rate_lrmer,104.9
CA,2022,2022-01-20 17:00:00,cambium_co2_rate_lrmer,101.25
CA,2022,2022-01-20 18:00:00,cambium_co2_rate_lrmer,102.9
CA,2022,2022-01-20 19:00:00,cambium_co2_rate_lrmer,101.0
CA,2022,2022-01-20 20:00:00,cambium_co2_rate_lrmer,104.5
CA,2022,2022-01-20 21:00:00,cambium_co2_rate_lrmer,106.1
CA,2022,2022-01-20 22:00:00,cambium_co2_rate_lrmer,110.06
CA,2022,2022-01-20 23:00:00,cambium_co2_rate_lrmer,112.0
CA,2022,2022-01-21 00:00:00,cambium_co2_rate_lrmer,115.75
CA,2022,2022-01-21 01:00:00,cambium_co2_rate_lrmer,122.25
CA,2022,2022-01-21 02:00:00,cambium_co2_rate_lrmer,110.0
CA,2022,2022-01-21 03:00:00,cambium_co2_rate_lrmer,106.44
CA,2022,2022-01-21 04:00:00,cambium_co2_rate_lrmer,108.4
CA,2022,2022-01-21 05:00:00,cambium_co2_rate_lrmer,115.4
CA,2022,2022-01-21 06:00:00,cambium_co2_rate_lrmer,117.4
CA,2022,2022-01-21 07:00:00,cambium_co2_rate_lrmer,123.44
CA,2022,2022-01-21 08:00:00,cambium_co2_rate_lrmer,124.1
CA,2022,2022-01-21 09:00:00,cambium_co2_rate_lrmer,115.25
CA,2022,2022-01-21 10:00:00,cambium_co2_rate_lrmer,114.56
CA,2022,2022-01-21 11:00:00,cambium_co2_rate_lrmer,88.94
CA,2022,2022-01-21 12:00:00,cambium_co2_rate_lrmer,105.0
CA,2022,2022-01-21 13:00:00,cambium_co2_rate_lrmer,108.44
CA,2022,2022-01-21 14:00:00,cambium_co2_rate_lrmer,110.1
CA,2022,2022-01-21 15:00:00,cambium_co2_rate_lrmer,102.1
CA,2022,2022-01-21 16:00:00,cambium_co2_rate_lrmer,104.06
CA,2022,2022-01-21 17:00:00,cambium_co2_rate_lrmer,100.1
CA,2022,2022-01-21 18:00:00,cambium_co2_rate_lrmer,101.4
CA,2022,2022-01-21 19:00:00,cambium_co2_rate_lrmer,100.75
CA,2022,2022-01-21 20:00:00,cambium_co2_rate_lrmer,105.9
CA,2022,2022-01-21 21:00:00,cambium_co2_rate_lrmer,108.0
CA,2022,2022-01-21 22:00:00,cambium_co2_rate_lrmer,111.3
CA,2022,2022-01-21 23:00:00,cambium_co2_rate_lrmer,113.94
CA,2022,2022-01-22 00:00:00,cambium_co2_rate_lrmer,119.0
CA,2022,2022-01-22 01:00:00,cambium_co2_rate_lrmer,126.7
CA,2022,2022-01-22 02:00:00,cambium_co2_rate_lrmer,112.7
CA,2022,2022-01-22 03:00:00,cambium_co2_rate_lrmer,109.5
CA,2022,2022-01-22 04:00:00,cambium_co2_rate_lrmer,110.06
CA,2022,2022-01-22 05:00:00,cambium_co2_rate_lrmer,116.9
CA,2022,2022-01-22 06:00:00,cambium_co2_rate_lrmer,118.8
CA,2022,2022-01-22 07:00:00,cambium_co2_rate_lrmer,124.0
CA,2022,2022-01-22 08:00:00,cambium_co2_rate_lrmer,124.4
CA,2022,2022-01-22 09:00:00,cambium_co2_rate_lrmer,116.4
CA,2022,2022-01-22 10:00:00,cambium_co2_rate_lrmer,114.6
CA,2022,2022-01-22 11:00:00,cambium_co2_rate_lrmer,89.0
CA,2022,2022-01-22 12:00:00,cambium_co2_rate_lrmer,106.2
CA,2022,2022-01-22 13:00:00,cambium_co2_rate_lrmer,107.75
CA,2022,2022-01-22 14:00:00,cambium_co2_rate_lrmer,109.4
CA,2022,2022-01-22 15:00:00,cambium_co2_rate_lrmer,101.56
CA,2022,2022-01-22 16:00:00,cambium_co2_rate_lrmer,103.5
CA,2022,2022-01-22 17:00:00,cambium_co2_rate_lrmer,99.25
CA,2022,2022-01-22 18:00:00,cambium_co2_rate_lrmer,101.1
CA,2022,2022-01-22 19:00:00,cambium_co2_rate_lrmer,98.44
CA,2022,2022-01-22 20:00:00,cambium_co2_rate_lrmer,107.2
CA,2022,2022-01-22 21:00:00,cambium_co2_rate_lrmer,108.5
CA,2022,2022-01-22 22:00:00,cambium_co2_rate_lrmer,111.6
CA,2022,2022-01-22 23:00:00,cambium_co2_rate_lrmer,115.9
CA,2022,2022-01-23 00:00:00,cambium_co2_rate_lrmer,118.8
CA,2022,2022-01-23 01:00:00,cambium_co2_rate_lrmer,126.1
CA,2022,2022-01-23 02:00:00,cambium_co2_rate_lrmer,112.56
CA,2022,2022-01-23 03:00:00,cambium_co2_rate_lrmer,108.5
CA,2022,2022-01-23 04:00:00,cambium_co2_rate_lrmer,109.8
CA,2022,2022-01-23 05:00:00,cambium_co2_rate_lrmer,113.0
CA,2022,2022-01-23 06:00:00,cambium_co2_rate_lrmer,116.0
CA,2022,2022-01-23 07:00:00,cambium_co2_rate_lrmer,121.06
CA,2022,2022-01-23 08:00:00,cambium_co2_rate_lrmer,127.1
CA,2022,2022-01-23 09:00:00,cambium_co2_rate_lrmer,118.2
CA,2022,2022-01-23 10:00:00,cambium_co2_rate_lrmer,117.7
CA,2022,2022-01-23 11:00:00,cambium_co2_rate_lrmer,94.4
CA,2022,2022-01-23 12:00:00,cambium_co2_rate_lrmer,109.5
CA,2022,2022-01-23 13:00:00,cambium_co2_rate_lrmer,110.44
CA,2022,2022-01-23 14:00:00,cambium_co2_rate_lrmer,113.2
CA,2022,2022-01-23 15:00:00,cambium_co2_rate_lrmer,105.4
CA,2022,2022-01-23 16:00:00,cambium_co2_rate_lrmer,106.75
CA,2022,2022-01-23 17:00:00,cambium_co2_rate_lrmer,103.06
CA,2022,2022-01-23 18:00:00,cambium_co2_rate_lrmer,105.9
CA,2022,2022-01-23 19:00:00,cambium_co2_rate_lrmer,102.4
CA,2022,2022-01-23 20:00:00,cambium_co2_rate_lrmer,110.1
CA,2022,2022-01-23 21:00:00,cambium_co2_rate_lrmer,111.7
CA,2022,2022-01-23 22:00:00,cambium_co2_rate_lrmer,113.75
CA,2022,2022-01-23 23:00:00,cambium_co2_rate_lrmer,117.5
CA,2022,2022-01-24 00:00:00,cambium_co2_rate_lrmer,119.7
CA,2022,2022-01-24 01:00:00,cambium_co2_rate_lrmer,127.1
CA,2022,2022-01-24 02:00:00,cambium_co2_rate_lrmer,114.3
CA,2022,2022-01-24 03:00:00,cambium_co2_rate_lrmer,110.8
CA,2022,2022-01-24 04:00:00,cambium_co2_rate_lrmer,111.25
CA,2022,2022-01-24 05:00:00,cambium_co2_rate_lrmer,114.25
CA,2022,2022-01-24 06:00:00,cambium_co2_rate_lrmer,117.5
CA,2022,2022-01-24 07:00:00,cambium_co2_rate_lrmer,122.75
CA,2022,2022-01-24 08:00:00,cambium_co2_rate_lrmer,121.2
CA,2022,2022-01-24 09:00:00,cambium_co2_rate_lrmer,115.06
CA,2022,2022-01-24 10:00:00,cambium_co2_rate_lrmer,114.75
CA,2022,2022-01-24 11:00:00,cambium_co2_rate_lrmer,97.06
CA,2022,2022-01-24 12:00:00,cambium_co2_rate_lrmer,113.0
CA,2022,2022-01-24 13:00:00,cambium_co2_rate_lrmer,112.2
CA,2022,2022-01-24 14:00:00,cambium_co2_rate_lrmer,114.5
CA,2022,2022-01-24 15:00:00,cambium_co2_rate_lrmer,105.6
CA,2022,2022-01-24 16:00:00,cambium_co2_rate_lrmer,108.25
CA,2022,2022-01-24 17:00:00,cambium_co2_rate_lrmer,103.1
CA,2022,2022-01-24 18:00:00,cambium_co2_rate_lrmer,106.7
CA,2022,2022-01-24 19:00:00,cambium_co2_rate_lrmer,101.75
CA,2022,2022-01-24 20:00:00,cambium_co2_rate_lrmer,108.4
CA,2022,2022-01-24 21:00:00,cambium_co2_rate_lrmer,110.5
CA,2022,2022-01-24 22:00:00,cambium_co2_rate_lrmer,113.75
CA,2022,2022-01-24 23:00:00,cambium_co2_rate_lrmer,116.94
CA,2022,2022-01-25 00:00:00,cambium_co2_rate_lrmer,116.8
CA,2022,2022-01-25 01:00:00,cambium_co2_rate_lrmer,126.6
CA,2022,2022-01-25 02:00:00,cambium_co2_rate_lrmer,115.4
CA,2022,2022-01-25 03:00:00,cambium_co2_rate_lrmer,112.4
CA,2022,2022-01-25 04:00:00,cambium_co2_rate_lrmer,112.94
CA,2022,2022-01-25 05:00:00,cambium_co2_rate_lrmer,116.75
CA,2022,2022-01-25 06:00:00,cambium_co2_rate_lrmer,117.8
CA,2022,2022-01-25 07:00:00,cambium_co2_rate_lrmer,124.06
CA,2022,2022-01-25 08:00:00,cambium_co2_rate_lrmer,122.6
CA,2022,2022-01-25 09:00:00,cambium_co2_rate_lrmer,113.9
CA,2022,2022-01-25 10:00:00,cambium_co2_rate_lrmer,112.4
CA,2022,2022-01-25 11:00:00,cambium_co2_rate_lrmer,94.3
CA,2022,2022-01-25 12:00:00,cambium_co2_rate_lrmer,109.0
CA,2022,2022-01-25 13:00:00,cambium_co2_rate_lrmer,108.25
CA,2022,2022-01-25 14:00:00,cambium_co2_rate_lrmer,110.7
CA,2022,2022-01-25 15:00:00,cambium_co2_rate_lrmer,101.5
CA,2022,2022-01-25 16:00:00,cambium_co2_rate_lrmer,106.94
CA,2022,2022-01-25 17:00:00,cambium_co2_rate_lrmer,102.1
CA,2022,2022-01-25 18:00:00,cambium_co2_rate_lrmer,103.8
CA,2022,2022-01-25 19:00:00,cambium_co2_rate_lrmer,103.8
CA,2022,2022-01-25 20:00:00,cambium_co2_rate_lrmer,109.6
CA,2022,2022-01-25 21:00:00,cambium_co2_rate_lrmer,111.5
CA,2022,2022-01-25 22:00:00,cambium_co2_rate_lrmer,114.0
CA,2022,2022-01-25 23:00:00,cambium_co2_rate_lrmer,117.06
CA,2022,2022-01-26 00:00:00,cambium_co2_rate_lrmer,116.75
CA,2022,2022-01-26 01:00:00,cambium_co2_rate_lrmer,127.1
CA,2022,2022-01-26 02:00:00,cambium_co2_rate_lrmer,115.75
CA,2022,2022-01-26 03:00:00,cambium_co2_rate_lrmer,112.5
CA,2022,2022-01-26 04:00:00,cambium_co2_rate_lrmer,113.5
CA,2022,2022-01-26 05:00:00,cambium_co2_rate_lrmer,117.94
CA,2022,2022-01-26 06:00:00,cambium_co2_rate_lrmer,120.0
CA,2022,2022-01-26 07:00:00,cambium_co2_rate_lrmer,124.5
CA,2022,2022-01-26 08:00:00,cambium_co2_rate_lrmer,124.1
CA,2022,2022-01-26 09:00:00,cambium_co2_rate_lrmer,113.4
CA,2022,2022-01-26 10:00:00,cambium_co2_rate_lrmer,112.75
CA,2022,2022-01-26 11:00:00,cambium_co2_rate_lrmer,97.5
CA,2022,2022-01-26 12:00:00,cambium_co2_rate_lrmer,110.9
CA,2022,2022-01-26 13:00:00,cambium_co2_rate_lrmer,109.9
CA,2022,2022-01-26 14:00:00,cambium_co2_rate_lrmer,112.2
CA,2022,2022-01-26 15:00:00,cambium_co2_rate_lrmer,102.9
CA,2022,2022-01-26 16:00:00,cambium_co2_rate_lrmer,108.6
CA,2022,2022-01-26 17:00:00,cambium_co2_rate_lrmer,105.1
CA,2022,2022-01-26 18:00:00,cambium_co2_rate_lrmer,106.25
CA,2022,2022-01-26 19:00:00,cambium_co2_rate_lrmer,105.94
CA,2022,2022-01-26 20:00:00,cambium_co2_rate_lrmer,113.3
CA,2022,2022-01-26 21:00:00,cambium_co2_rate_lrmer,114.56
CA,2022,2022-01-26 22:00:00,cambium_co2_rate_lrmer,117.4
CA,2022,2022-01-26 23:00:00,cambium_co2_rate_lrmer,120.56
CA,2022,2022-01-27 00:00:00,cambium_co2_rate_lrmer,118.2
CA,2022,2022-01-27 01:00:00,cambium_co2_rate_lrmer,125.8
CA,2022,2022-01-27 02:00:00,cambium_co2_rate_lrmer,115.2
CA,2022,2022-01-27 03:00:00,cambium_co2_rate_lrmer,112.94
CA,2022,2022-01-27 04:00:00,cambium_co2_rate_lrmer,113.5
CA,2022,2022-01-27 05:00:00,cambium_co2_rate_lrmer,118.44
CA,2022,2022-01-27 06:00:00,cambium_co2_rate_lrmer,120.5
CA,2022,2022-01-27 07:00:00,cambium_co2_rate_lrmer,124.3
CA,2022,2022-01-27 08:00:00,cambium_co2_rate_lrmer,126.4
CA,2022,2022-01-27 09:00:00,cambium_co2_rate_lrmer,115.5
CA,2022,2022-01-27 10:00:00,cambium_co2_rate_lrmer,115.5
CA,2022,2022-01-27 11:00:00,cambium_co2_rate_lrmer,95.06
CA,2022,2022-01-27 12:00:00,cambium_co2_rate_lrmer,108.0
CA,2022,2022-01-27 13:00:00,cambium_co2_rate_lrmer,107.4
CA,2022,2022-01-27 14:00:00,cambium_co2_rate_lrmer,109.4
CA,2022,2022-01-27 15:00:00,cambium_co2_rate_lrmer,100.1
CA,2022,2022-01-27 16:00:00,cambium_co2_rate_lrmer,106.06
CA,2022,2022-01-27 17:00:00,cambium_co2_rate_lrmer,102.56
CA,2022,2022-01-27 18:00:00,cambium_co2_rate_lrmer,103.25
CA,2022,2022-01-27 19:00:00,cambium_co2_rate_lrmer,105.1
CA,2022,2022-01-27 20:00:00,cambium_co2_rate_lrmer,115.75
CA,2022,2022-01-27 21:00:00,cambium_co2_rate_lrmer,117.75
CA,2022,2022-01-27 22:00:00,cambium_co2_rate_lrmer,119.8
CA,2022,2022-01-27 23:00:00,cambium_co2_rate_lrmer,122.5
CA,2022,2022-01-28 00:00:00,cambium_co2_rate_lrmer,120.5
CA,2022,2022-01-28 01:00:00,cambium_co2_rate_lrmer,127.06
CA,2022,2022-01-28 02:00:00,cambium_co2_rate_lrmer,117.3
CA,2022,2022-01-28 03:00:00,cambium_co2_rate_lrmer,114.4
CA,2022,2022-01-28 04:00:00,cambium_co2_rate_lrmer,115.56
CA,2022,2022-01-28 05:00:00,cambium_co2_rate_lrmer,120.25
CA,2022,2022-01-28 06:00:00,cambium_co2_rate_lrmer,122.06
CA,2022,2022-01-28 07:00:00,cambium_co2_rate_lrmer,126.5
CA,2022,2022-01-28 08:00:00,cambium_co2_rate_lrmer,126.2
CA,2022,2022-01-28 09:00:00,cambium_co2_rate_lrmer,116.3
CA,2022,2022-01-28 10:00:00,cambium_co2_rate_lrmer,115.5
CA,2022,2022-01-28 11:00:00,cambium_co2_rate_lrmer,93.5
CA,2022,2022-01-28 12:00:00,cambium_co2_rate_lrmer,105.94
CA,2022,2022-01-28 13:00:00,cambium_co2_rate_lrmer,105.4
CA,2022,2022-01-28 14:00:00,cambium_co2_rate_lrmer,107.6
CA,2022,2022-01-28 15:00:00,cambium_co2_rate_lrmer,97.94
CA,2022,2022-01-28 16:00:00,cambium_co2_rate_lrmer,105.6
CA,2022,2022-01-28 17:00:00,cambium_co2_rate_lrmer,102.3
CA,2022,2022-01-28 18:00:00,cambium_co2_rate_lrmer,100.94
CA,2022,2022-01-28 19:00:00,cambium_co2_rate_lrmer,103.25
CA,2022,2022-01-28 20:00:00,cambium_co2_rate_lrmer,116.4
CA,2022,2022-01-28 21:00:00,cambium_co2_rate_lrmer,118.4
CA,2022,2022-01-28 22:00:00,cambium_co2_rate_lrmer,121.1
CA,2022,2022-01-28 23:00:00,cambium_co2_rate_lrmer,123.7
CA,2022,2022-01-29 00:00:00,cambium_co2_rate_lrmer,118.1
CA,2022,2022-01-29 01:00:00,cambium_co2_rate_lrmer,128.5
CA,2022,2022-01-29 02:00:00,cambium_co2_rate_lrmer,117.56
CA,2022,2022-01-29 03:00:00,cambium_co2_rate_lrmer,116.0
CA,2022,2022-01-29 04:00:00,cambium_co2_rate_lrmer,115.4
CA,2022,2022-01-29 05:00:00,cambium_co2_rate_lrmer,119.0
CA,2022,2022-01-29 06:00:00,cambium_co2_rate_lrmer,121.7
CA,2022,2022-01-29 07:00:00,cambium_co2_rate_lrmer,126.6
CA,2022,2022-01-29 08:00:00,cambium_co2_rate_lrmer,126.7
CA,2022,2022-01-29 09:00:00,cambium_co2_rate_lrmer,116.9
CA,2022,2022-01-29 10:00:00,cambium_co2_rate_lrmer,113.3
CA,2022,2022-01-29 11:00:00,cambium_co2_rate_lrmer,93.44
CA,2022,2022-01-29 12:00:00,cambium_co2_rate_lrmer,104.6
CA,2022,2022-01-29 13:00:00,cambium_co2_rate_lrmer,104.75
CA,2022,2022-01-29 14:00:00,cambium_co2_rate_lrmer,106.4
CA,2022,2022-01-29 15:00:00,cambium_co2_rate_lrmer,97.25
CA,2022,2022-01-29 16:00:00,cambium_co2_rate_lrmer,105.0
CA,2022,2022-01-29 17:00:00,cambium_co2_rate_lrmer,101.94
CA,2022,2022-01-29 18:00:00,cambium_co2_rate_lrmer,101.3
CA,2022,2022-01-29 19:00:00,cambium_co2_rate_lrmer,103.3
CA,2022,2022-01-29 20:00:00,cambium_co2_rate_lrmer,114.94
CA,2022,2022-01-29 21:00:00,cambium_co2_rate_lrmer,117.2
CA,2022,2022-01-29 22:00:00,cambium_co2_rate_lrmer,119.44
CA,2022,2022-01-29 23:00:00,cambium_co2_rate_lrmer,122.06
CA,2022,2022-01-30 00:00:00,cambium_co2_rate_lrmer,117.94
CA,2022,2022-01-30 01:00:00,cambium_co2_rate_lrmer,129.0
CA,2022,2022-01-30 02:00:00,cambium_co2_rate_lrmer,121.4
CA,2022,2022-01-30 03:00:00,cambium_co2_rate_lrmer,119.4
CA,2022,2022-01-30 04:00:00,cambium_co2_rate_lrmer,119.75
CA,2022,2022-01-30 05:00:00,cambium_co2_rate_lrmer,123.4
CA,2022,2022-01-30 06:00:00,cambium_co2_rate_lrmer,125.3
CA,2022,2022-01-30 07:00:00,cambium_co2_rate_lrmer,128.6
CA,2022,2022-01-30 08:00:00,cambium_co2_rate_lrmer,126.9
CA,2022,2022-01-30 09:00:00,cambium_co2_rate_lrmer,116.3
CA,2022,2022-01-30 10:00:00,cambium_co2_rate_lrmer,114.6
CA,2022,2022-01-30 11:00:00,cambium_co2_rate_lrmer,93.94
CA,2022,2022-01-30 12:00:00,cambium_co2_rate_lrmer,105.3
CA,2022,2022-01-30 13:00:00,cambium_co2_rate_lrmer,105.1
CA,2022,2022-01-30 14:00:00,cambium_co2_rate_lrmer,105.94
CA,2022,2022-01-30 15:00:00,cambium_co2_rate_lrmer,97.25
CA,2022,2022-01-30 16:00:00,cambium_co2_rate_lrmer,108.6
CA,2022,2022-01-30 17:00:00,cambium_co2_rate_lrmer,104.4
CA,2022,2022-01-30 18:00:00,cambium_co2_rate_lrmer,102.9
CA,2022,2022-01-30 19:00:00,cambium_co2_rate_lrmer,101.25
CA,2022,2022-01-30 20:00:00,cambium_co2_rate_lrmer,113.06
CA,2022,2022-01-30 21:00:00,cambium_co2_rate_lrmer,114.44
CA,2022,2022-01-30 22:00:00,cambium_co2_rate_lrmer,115.4
CA,2022,2022-01-30 23:00:00,cambium_co2_rate_lrmer,117.7
CA,2022,2022-01-31 00:00:00,cambium_co2_rate_lrmer,116.2
CA,2022,2022-01-31 01:00:00,cambium_co2_rate_lrmer,125.4
CA,2022,2022-01-31 02:00:00,cambium_co2_rate_lrmer,118.8
CA,2022,2022-01-31 03:00:00,cambium_co2_rate_lrmer,116.9
CA,2022,2022-01-31 04:00:00,cambium_co2_rate_lrmer,117.6
CA,2022,2022-01-31 05:00:00,cambium_co2_rate_lrmer,116.9
CA,2022,2022-01-31 06:00:00,cambium_co2_rate_lrmer,119.1
CA,2022,2022-01-31 07:00:00,cambium_co2_rate_lrmer,123.4
CA,2022,2022-01-31 08:00:00,cambium_co2_rate_lrmer,125.5
CA,2022,2022-01-31 09:00:00,cambium_co2_rate_lrmer,116.9
CA,2022,2022-01-31 10:00:00,cambium_co2_rate_lrmer,114.9
CA,2022,2022-01-31 11:00:00,cambium_co2_rate_lrmer,91.7
CA,2022,2022-01-31 12:00:00,cambium_co2_rate_lrmer,95.75
CA,2022,2022-01-31 13:00:00,cambium_co2_rate_lrmer,94.75
CA,2022,2022-01-31 14:00:00,cambium_co2_rate_lrmer,96.2
CA,2022,2022-01-31 15:00:00,cambium_co2_rate_lrmer,87.4
CA,2022,2022-01-31 16:00:00,cambium_co2_rate_lrmer,98.4
CA,2022,2022-01-31 17:00:00,cambium_co2_rate_lrmer,97.25
CA,2022,2022-01-31 18:00:00,cambium_co2_rate_lrmer,99.0
CA,2022,2022-01-31 19:00:00,cambium_co2_rate_lrmer,98.25
CA,2022,2022-01-31 20:00:00,cambium_co2_rate_lrmer,111.6
CA,2022,2022-01-31 21:00:00,cambium_co2_rate_lrmer,113.56
CA,2022,2022-01-31 22:00:00,cambium_co2_rate_lrmer,114.1
CA,2022,2022-01-31 23:00:00,cambium_co2_rate_lrmer,115.44
CA,2022,2022-02-01 00:00:00,cambium_co2_rate_lrmer,111.6
CA,2022,2022-02-01 01:00:00,cambium_co2_rate_lrmer,120.1
CA,2022,2022-02-01 02:00:00,cambium_co2_rate_lrmer,113.9
CA,2022,2022-02-01 03:00:00,cambium_co2_rate_lrmer,109.0
CA,2022,2022-02-01 04:00:00,cambium_co2_rate_lrmer,110.4
CA,2022,2022-02-01 05:00:00,cambium_co2_rate_lrmer,110.56
CA,2022,2022-02-01 06:00:00,cambium_co2_rate_lrmer,112.56
CA,2022,2022-02-01 07:00:00,cambium_co2_rate_lrmer,117.06
CA,2022,2022-02-01 08:00:00,cambium_co2_rate_lrmer,119.5
CA,2022,2022-02-01 09:00:00,cambium_co2_rate_lrmer,111.7
CA,2022,2022-02-01 10:00:00,cambium_co2_rate_lrmer,110.94
CA,2022,2022-02-01 11:00:00,cambium_co2_rate_lrmer,84.94
CA,2022,2022-02-01 12:00:00,cambium_co2_rate_lrmer,86.8
CA,2022,2022-02-01 13:00:00,cambium_co2_rate_lrmer,86.75
CA,2022,2022-02-01 14:00:00,cambium_co2_rate_lrmer,87.44
CA,2022,2022-02-01 15:00:00,cambium_co2_rate_lrmer,78.6
CA,2022,2022-02-01 16:00:00,cambium_co2_rate_lrmer,89.9
CA,2022,2022-02-01 17:00:00,cambium_co2_rate_lrmer,85.9
CA,2022,2022-02-01 18:00:00,cambium_co2_rate_lrmer,86.94
CA,2022,2022-02-01 19:00:00,cambium_co2_rate_lrmer,93.5
CA,2022,2022-02-01 20:00:00,cambium_co2_rate_lrmer,106.7
CA,2022,2022-02-01 21:00:00,cambium_co2_rate_lrmer,108.6
CA,2022,2022-02-01 22:00:00,cambium_co2_rate_lrmer,109.3
CA,2022,2022-02-01 23:00:00,cambium_co2_rate_lrmer,110.75
CA,2022,2022-02-02 00:00:00,cambium_co2_rate_lrmer,106.9
CA,2022,2022-02-02 01:00:00,cambium_co2_rate_lrmer,114.6
CA,2022,2022-02-02 02:00:00,cambium_co2_rate_lrmer,107.8
CA,2022,2022-02-02 03:00:00,cambium_co2_rate_lrmer,105.56
CA,2022,2022-02-02 04:00:00,cambium_co2_rate_lrmer,106.5
CA,2022,2022-02-02 05:00:00,cambium_co2_rate_lrmer,106.8
CA,2022,2022-02-02 06:00:00,cambium_co2_rate_lrmer,110.25
CA,2022,2022-02-02 07:00:00,cambium_co2_rate_lrmer,113.3
CA,2022,2022-02-02 08:00:00,cambium_co2_rate_lrmer,118.6
CA,2022,2022-02-02 09:00:00,cambium_co2_rate_lrmer,109.2
CA,2022,2022-02-02 10:00:00,cambium_co2_rate_lrmer,110.1
CA,2022,2022-02-02 11:00:00,cambium_co2_rate_lrmer,82.7
CA,2022,2022-02-02 12:00:00,cambium_co2_rate_lrmer,80.94
CA,2022,2022-02-02 13:00:00,cambium_co2_rate_lrmer,79.8
CA,2022,2022-02-02 14:00:00,cambium_co2_rate_lrmer,83.7
CA,2022,2022-02-02 15:00:00,cambium_co2_rate_lrmer,71.6
CA,2022,2022-02-02 16:00:00,cambium_co2_rate_lrmer,86.2
CA,2022,2022-02-02 17:00:00,cambium_co2_rate_lrmer,81.7
CA,2022,2022-02-02 18:00:00,cambium_co2_rate_lrmer,82.4
CA,2022,2022-02-02 19:00:00,cambium_co2_rate_lrmer,90.25
CA,2022,2022-02-02 20:00:00,cambium_co2_rate_lrmer,104.6
CA,2022,2022-02-02 21:00:00,cambium_co2_rate_lrmer,105.25
CA,2022,2022-02-02 22:00:00,cambium_co2_rate_lrmer,105.9
CA,2022,2022-02-02 23:00:00,cambium_co2_rate_lrmer,108.06
CA,2022,2022-02-03 00:00:00,cambium_co2_rate_lrmer,103.44
CA,2022,2022-02-03 01:00:00,cambium_co2_rate_lrmer,111.4
CA,2022,2022-02-03 02:00:00,cambium_co2_rate_lrmer,104.44
CA,2022,2022-02-03 03:00:00,cambium_co2_rate_lrmer,103.56
CA,2022,2022-02-03 04:00:00,cambium_co2_rate_lrmer,104.25
CA,2022,2022-02-03 05:00:00,cambium_co2_rate_lrmer,105.5
CA,2022,2022-02-03 06:00:00,cambium_co2_rate_lrmer,107.1
CA,2022,2022-02-03 07:00:00,cambium_co2_rate_lrmer,112.44
CA,2022,2022-02-03 08:00:00,cambium_co2_rate_lrmer,117.56
CA,2022,2022-02-03 09:00:00,cambium_co2_rate_lrmer,108.25
CA,2022,2022-02-03 10:00:00,cambium_co2_rate_lrmer,108.1
CA,2022,2022-02-03 11:00:00,cambium_co2_rate_lrmer,82.44
CA,2022,2022-02-03 12:00:00,cambium_co2_rate_lrmer,77.44
CA,2022,2022-02-03 13:00:00,cambium_co2_rate_lrmer,74.44
CA,2022,2022-02-03 14:00:00,cambium_co2_rate_lrmer,78.5
CA,2022,2022-02-03 15:00:00,cambium_co2_rate_lrmer,68.75
CA,2022,2022-02-03 16:00:00,cambium_co2_rate_lrmer,81.2
CA,2022,2022-02-03 17:00:00,cambium_co2_rate_lrmer,76.9
CA,2022,2022-02-03 18:00:00,cambium_co2_rate_lrmer,81.44
CA,2022,2022-02-03 19:00:00,cambium_co2_rate_lrmer,88.5
CA,2022,2022-02-03 20:00:00,cambium_co2_rate_lrmer,105.9
CA,2022,2022-02-03 21:00:00,cambium_co2_rate_lrmer,107.6
CA,2022,2022-02-03 22:00:00,cambium_co2_rate_lrmer,108.2
CA,2022,2022-02-03 23:00:00,cambium_co2_rate_lrmer,110.25
CA,2022,2022-02-04 00:00:00,cambium_co2_rate_lrmer,108.06
CA,2022,2022-02-04 01:00:00,cambium_co2_rate_lrmer,115.9
CA,2022,2022-02-04 02:00:00,cambium_co2_rate_lrmer,109.6
CA,2022,2022-02-04 03:00:00,cambium_co2_rate_lrmer,111.8
CA,2022,2022-02-04 04:00:00,cambium_co2_rate_lrmer,110.06
CA,2022,2022-02-04 05:00:00,cambium_co2_rate_lrmer,110.6
CA,2022,2022-02-04 06:00:00,cambium_co2_rate_lrmer,111.2
CA,2022,2022-02-04 07:00:00,cambium_co2_rate_lrmer,116.9
CA,2022,2022-02-04 08:00:00,cambium_co2_rate_lrmer,122.0
CA,2022,2022-02-04 09:00:00,cambium_co2_rate_lrmer,111.0
CA,2022,2022-02-04 10:00:00,cambium_co2_rate_lrmer,108.44
CA,2022,2022-02-04 11:00:00,cambium_co2_rate_lrmer,80.94
CA,2022,2022-02-04 12:00:00,cambium_co2_rate_lrmer,77.25
CA,2022,2022-02-04 13:00:00,cambium_co2_rate_lrmer,74.5
CA,2022,2022-02-04 14:00:00,cambium_co2_rate_lrmer,78.94
CA,2022,2022-02-04 15:00:00,cambium_co2_rate_lrmer,69.2
CA,2022,2022-02-04 16:00:00,cambium_co2_rate_lrmer,82.2
CA,2022,2022-02-04 17:00:00,cambium_co2_rate_lrmer,79.7
CA,2022,2022-02-04 18:00:00,cambium_co2_rate_lrmer,83.06
CA,2022,2022-02-04 19:00:00,cambium_co2_rate_lrmer,90.8
CA,2022,2022-02-04 20:00:00,cambium_co2_rate_lrmer,107.1
CA,2022,2022-02-04 21:00:00,cambium_co2_rate_lrmer,108.6
CA,2022,2022-02-04 22:00:00,cambium_co2_rate_lrmer,108.9
CA,2022,2022-02-04 23:00:00,cambium_co2_rate_lrmer,110.6
CA,2022,2022-02-05 00:00:00,cambium_co2_rate_lrmer,109.94
CA,2022,2022-02-05 01:00:00,cambium_co2_rate_lrmer,117.4
CA,2022,2022-02-05 02:00:00,cambium_co2_rate_lrmer,111.6
CA,2022,2022-02-05 03:00:00,cambium_co2_rate_lrmer,115.75
CA,2022,2022-02-05 04:00:00,cambium_co2_rate_lrmer,113.6
CA,2022,2022-02-05 05:00:00,cambium_co2_rate_lrmer,113.9
CA,2022,2022-02-05 06:00:00,cambium_co2_rate_lrmer,114.25
CA,2022,2022-02-05 07:00:00,cambium_co2_rate_lrmer,120.3
CA,2022,2022-02-05 08:00:00,cambium_co2_rate_lrmer,125.9
CA,2022,2022-02-05 09:00:00,cambium_co2_rate_lrmer,114.4
CA,2022,2022-02-05 10:00:00,cambium_co2_rate_lrmer,110.44
CA,2022,2022-02-05 11:00:00,cambium_co2_rate_lrmer,81.6
CA,2022,2022-02-05 12:00:00,cambium_co2_rate_lrmer,77.6
CA,2022,2022-02-05 13:00:00,cambium_co2_rate_lrmer,74.6
CA,2022,2022-02-05 14:00:00,cambium_co2_rate_lrmer,79.9
CA,2022,2022-02-05 15:00:00,cambium_co2_rate_lrmer,70.1
CA,2022,2022-02-05 16:00:00,cambium_co2_rate_lrmer,83.1
CA,2022,2022-02-05 17:00:00,cambium_co2_rate_lrmer,80.6
CA,2022,2022-02-05 18:00:00,cambium_co2_rate_lrmer,83.5
CA,2022,2022-02-05 19:00:00,cambium_co2_rate_lrmer,91.25
CA,2022,2022-02-05 20:00:00,cambium_co2_rate_lrmer,111.0
CA,2022,2022-02-05 21:00:00,cambium_co2_rate_lrmer,110.1
CA,2022,2022-02-05 22:00:00,cambium_co2_rate_lrmer,111.1
CA,2022,2022-02-05 23:00:00,cambium_co2_rate_lrmer,112.5
CA,2022,2022-02-06 00:00:00,cambium_co2_rate_lrmer,112.6
CA,2022,2022-02-06 01:00:00,cambium_co2_rate_lrmer,118.9
CA,2022,2022-02-06 02:00:00,cambium_co2_rate_lrmer,114.3
CA,2022,2022-02-06 03:00:00,cambium_co2_rate_lrmer,117.5
CA,2022,2022-02-06 04:00:00,cambium_co2_rate_lrmer,113.94
CA,2022,2022-02-06 05:00:00,cambium_co2_rate_lrmer,113.4
CA,2022,2022-02-06 06:00:00,cambium_co2_rate_lrmer,114.25
CA,2022,2022-02-06 07:00:00,cambium_co2_rate_lrmer,120.56
CA,2022,2022-02-06 08:00:00,cambium_co2_rate_lrmer,127.6
CA,2022,2022-02-06 09:00:00,cambium_co2_rate_lrmer,117.0
CA,2022,2022-02-06 10:00:00,cambium_co2_rate_lrmer,112.0
CA,2022,2022-02-06 11:00:00,cambium_co2_rate_lrmer,83.44
CA,2022,2022-02-06 12:00:00,cambium_co2_rate_lrmer,77.75
CA,2022,2022-02-06 13:00:00,cambium_co2_rate_lrmer,72.5
CA,2022,2022-02-06 14:00:00,cambium_co2_rate_lrmer,78.25
CA,2022,2022-02-06 15:00:00,cambium_co2_rate_lrmer,68.2
CA,2022,2022-02-06 16:00:00,cambium_co2_rate_lrmer,79.5
CA,2022,2022-02-06 17:00:00,cambium_co2_rate_lrmer,77.3
CA,2022,2022-02-06 18:00:00,cambium_co2_rate_lrmer,81.25
CA,2022,2022-02-06 19:00:00,cambium_co2_rate_lrmer,90.5
CA,2022,2022-02-06 20:00:00,cambium_co2_rate_lrmer,111.25
CA,2022,2022-02-06 21:00:00,cambium_co2_rate_lrmer,109.6
CA,2022,2022-02-06 22:00:00,cambium_co2_rate_lrmer,110.0
CA,2022,2022-02-06 23:00:00,cambium_co2_rate_lrmer,111.3
CA,2022,2022-02-07 00:00:00,cambium_co2_rate_lrmer,110.6
CA,2022,2022-02-07 01:00:00,cambium_co2_rate_lrmer,117.1
CA,2022,2022-02-07 02:00:00,cambium_co2_rate_lrmer,111.56
CA,2022,2022-02-07 03:00:00,cambium_co2_rate_lrmer,115.5
CA,2022,2022-02-07 04:00:00,cambium_co2_rate_lrmer,110.6
CA,2022,2022-02-07 05:00:00,cambium_co2_rate_lrmer,110.1
CA,2022,2022-02-07 06:00:00,cambium_co2_rate_lrmer,111.25
CA,2022,2022-02-07 07:00:00,cambium_co2_rate_lrmer,117.9
CA,2022,2022-02-07 08:00:00,cambium_co2_rate_lrmer,124.25
CA,2022,2022-02-07 09:00:00,cambium_co2_rate_lrmer,113.75
CA,2022,2022-02-07 10:00:00,cambium_co2_rate_lrmer,108.0
CA,2022,2022-02-07 11:00:00,cambium_co2_rate_lrmer,77.56
CA,2022,2022-02-07 12:00:00,cambium_co2_rate_lrmer,73.44
CA,2022,2022-02-07 13:00:00,cambium_co2_rate_lrmer,68.9
CA,2022,2022-02-07 14:00:00,cambium_co2_rate_lrmer,73.9
CA,2022,2022-02-07 15:00:00,cambium_co2_rate_lrmer,63.0
CA,2022,2022-02-07 16:00:00,cambium_co2_rate_lrmer,73.94
CA,2022,2022-02-07 17:00:00,cambium_co2_rate_lrmer,72.06
CA,2022,2022-02-07 18:00:00,cambium_co2_rate_lrmer,74.56
CA,2022,2022-02-07 19:00:00,cambium_co2_rate_lrmer,85.94
CA,2022,2022-02-07 20:00:00,cambium_co2_rate_lrmer,108.8
CA,2022,2022-02-07 21:00:00,cambium_co2_rate_lrmer,107.75
CA,2022,2022-02-07 22:00:00,cambium_co2_rate_lrmer,108.8
CA,2022,2022-02-07 23:00:00,cambium_co2_rate_lrmer,109.8
CA,2022,2022-02-08 00:00:00,cambium_co2_rate_lrmer,108.56
CA,2022,2022-02-08 01:00:00,cambium_co2_rate_lrmer,115.2
CA,2022,2022-02-08 02:00:00,cambium_co2_rate_lrmer,111.3
CA,2022,2022-02-08 03:00:00,cambium_co2_rate_lrmer,116.56
CA,2022,2022-02-08 04:00:00,cambium_co2_rate_lrmer,112.25
CA,2022,2022-02-08 05:00:00,cambium_co2_rate_lrmer,112.1
CA,2022,2022-02-08 06:00:00,cambium_co2_rate_lrmer,111.9
CA,2022,2022-02-08 07:00:00,cambium_co2_rate_lrmer,117.7
CA,2022,2022-02-08 08:00:00,cambium_co2_rate_lrmer,121.8
CA,2022,2022-02-08 09:00:00,cambium_co2_rate_lrmer,111.9
CA,2022,2022-02-08 10:00:00,cambium_co2_rate_lrmer,106.06
CA,2022,2022-02-08 11:00:00,cambium_co2_rate_lrmer,74.4
CA,2022,2022-02-08 12:00:00,cambium_co2_rate_lrmer,67.0
CA,2022,2022-02-08 13:00:00,cambium_co2_rate_lrmer,64.2
CA,2022,2022-02-08 14:00:00,cambium_co2_rate_lrmer,70.0
CA,2022,2022-02-08 15:00:00,cambium_co2_rate_lrmer,59.12
CA,2022,2022-02-08 16:00:00,cambium_co2_rate_lrmer,71.75
CA,2022,2022-02-08 17:00:00,cambium_co2_rate_lrmer,68.94
CA,2022,2022-02-08 18:00:00,cambium_co2_rate_lrmer,70.8
CA,2022,2022-02-08 19:00:00,cambium_co2_rate_lrmer,88.1
CA,2022,2022-02-08 20:00:00,cambium_co2_rate_lrmer,110.1
CA,2022,2022-02-08 21:00:00,cambium_co2_rate_lrmer,109.5
CA,2022,2022-02-08 22:00:00,cambium_co2_rate_lrmer,110.2
CA,2022,2022-02-08 23:00:00,cambium_co2_rate_lrmer,112.1
CA,2022,2022-02-09 00:00:00,cambium_co2_rate_lrmer,110.1
CA,2022,2022-02-09 01:00:00,cambium_co2_rate_lrmer,116.75
CA,2022,2022-02-09 02:00:00,cambium_co2_rate_lrmer,113.0
CA,2022,2022-02-09 03:00:00,cambium_co2_rate_lrmer,117.7
CA,2022,2022-02-09 04:00:00,cambium_co2_rate_lrmer,114.5
CA,2022,2022-02-09 05:00:00,cambium_co2_rate_lrmer,114.75
CA,2022,2022-02-09 06:00:00,cambium_co2_rate_lrmer,113.5
CA,2022,2022-02-09 07:00:00,cambium_co2_rate_lrmer,118.0
CA,2022,2022-02-09 08:00:00,cambium_co2_rate_lrmer,123.75
CA,2022,2022-02-09 09:00:00,cambium_co2_rate_lrmer,114.7
CA,2022,2022-02-09 10:00:00,cambium_co2_rate_lrmer,106.4
CA,2022,2022-02-09 11:00:00,cambium_co2_rate_lrmer,76.25
CA,2022,2022-02-09 12:00:00,cambium_co2_rate_lrmer,68.9
CA,2022,2022-02-09 13:00:00,cambium_co2_rate_lrmer,66.2
CA,2022,2022-02-09 14:00:00,cambium_co2_rate_lrmer,72.06
CA,2022,2022-02-09 15:00:00,cambium_co2_rate_lrmer,61.2
CA,2022,2022-02-09 16:00:00,cambium_co2_rate_lrmer,73.44
CA,2022,2022-02-09 17:00:00,cambium_co2_rate_lrmer,70.56
CA,2022,2022-02-09 18:00:00,cambium_co2_rate_lrmer,70.1
CA,2022,2022-02-09 19:00:00,cambium_co2_rate_lrmer,87.9
CA,2022,2022-02-09 20:00:00,cambium_co2_rate_lrmer,113.0
CA,2022,2022-02-09 21:00:00,cambium_co2_rate_lrmer,111.8
CA,2022,2022-02-09 22:00:00,cambium_co2_rate_lrmer,113.06
CA,2022,2022-02-09 23:00:00,cambium_co2_rate_lrmer,115.44
CA,2022,2022-02-10 00:00:00,cambium_co2_rate_lrmer,111.75
CA,2022,2022-02-10 01:00:00,cambium_co2_rate_lrmer,118.0
CA,2022,2022-02-10 02:00:00,cambium_co2_rate_lrmer,112.1
CA,2022,2022-02-10 03:00:00,cambium_co2_rate_lrmer,117.5
CA,2022,2022-02-10 04:00:00,cambium_co2_rate_lrmer,114.6
CA,2022,2022-02-10 05:00:00,cambium_co2_rate_lrmer,114.25
CA,2022,2022-02-10 06:00:00,cambium_co2_rate_lrmer,113.5
CA,2022,2022-02-10 07:00:00,cambium_co2_rate_lrmer,118.25
CA,2022,2022-02-10 08:00:00,cambium_co2_rate_lrmer,122.44
CA,2022,2022-02-10 09:00:00,cambium_co2_rate_lrmer,114.9
CA,2022,2022-02-10 10:00:00,cambium_co2_rate_lrmer,106.75
CA,2022,2022-02-10 11:00:00,cambium_co2_rate_lrmer,75.0
CA,2022,2022-02-10 12:00:00,cambium_co2_rate_lrmer,67.06
CA,2022,2022-02-10 13:00:00,cambium_co2_rate_lrmer,65.56
CA,2022,2022-02-10 14:00:00,cambium_co2_rate_lrmer,69.44
CA,2022,2022-02-10 15:00:00,cambium_co2_rate_lrmer,59.22
CA,2022,2022-02-10 16:00:00,cambium_co2_rate_lrmer,71.4
CA,2022,2022-02-10 17:00:00,cambium_co2_rate_lrmer,68.0
CA,2022,2022-02-10 18:00:00,cambium_co2_rate_lrmer,68.3
CA,2022,2022-02-10 19:00:00,cambium_co2_rate_lrmer,84.0
CA,2022,2022-02-10 20:00:00,cambium_co2_rate_lrmer,111.3
CA,2022,2022-02-10 21:00:00,cambium_co2_rate_lrmer,112.0
CA,2022,2022-02-10 22:00:00,cambium_co2_rate_lrmer,111.25
CA,2022,2022-02-10 23:00:00,cambium_co2_rate_lrmer,114.5
CA,2022,2022-02-11 00:00:00,cambium_co2_rate_lrmer,110.5
CA,2022,2022-02-11 01:00:00,cambium_co2_rate_lrmer,115.9
CA,2022,2022-02-11 02:00:00,cambium_co2_rate_lrmer,114.44
CA,2022,2022-02-11 03:00:00,cambium_co2_rate_lrmer,119.9
CA,2022,2022-02-11 04:00:00,cambium_co2_rate_lrmer,117.9
CA,2022,2022-02-11 05:00:00,cambium_co2_rate_lrmer,117.1
CA,2022,2022-02-11 06:00:00,cambium_co2_rate_lrmer,116.75
CA,2022,2022-02-11 07:00:00,cambium_co2_rate_lrmer,121.1
CA,2022,2022-02-11 08:00:00,cambium_co2_rate_lrmer,123.1
CA,2022,2022-02-11 09:00:00,cambium_co2_rate_lrmer,114.06
CA,2022,2022-02-11 10:00:00,cambium_co2_rate_lrmer,101.25
CA,2022,2022-02-11 11:00:00,cambium_co2_rate_lrmer,70.6
CA,2022,2022-02-11 12:00:00,cambium_co2_rate_lrmer,66.3
CA,2022,2022-02-11 13:00:00,cambium_co2_rate_lrmer,63.9
CA,2022,2022-02-11 14:00:00,cambium_co2_rate_lrmer,67.1
CA,2022,2022-02-11 15:00:00,cambium_co2_rate_lrmer,57.34
CA,2022,2022-02-11 16:00:00,cambium_co2_rate_lrmer,68.8
CA,2022,2022-02-11 17:00:00,cambium_co2_rate_lrmer,65.8
CA,2022,2022-02-11 18:00:00,cambium_co2_rate_lrmer,66.06
CA,2022,2022-02-11 19:00:00,cambium_co2_rate_lrmer,82.5
CA,2022,2022-02-11 20:00:00,cambium_co2_rate_lrmer,111.5
CA,2022,2022-02-11 21:00:00,cambium_co2_rate_lrmer,112.4
CA,2022,2022-02-11 22:00:00,cambium_co2_rate_lrmer,110.44
CA,2022,2022-02-11 23:00:00,cambium_co2_rate_lrmer,114.1
CA,2022,2022-02-12 00:00:00,cambium_co2_rate_lrmer,110.2
CA,2022,2022-02-12 01:00:00,cambium_co2_rate_lrmer,115.3
CA,2022,2022-02-12 02:00:00,cambium_co2_rate_lrmer,113.4
CA,2022,2022-02-12 03:00:00,cambium_co2_rate_lrmer,114.4
CA,2022,2022-02-12 04:00:00,cambium_co2_rate_lrmer,115.6
CA,2022,2022-02-12 05:00:00,cambium_co2_rate_lrmer,115.0
CA,2022,2022-02-12 06:00:00,cambium_co2_rate_lrmer,115.5
CA,2022,2022-02-12 07:00:00,cambium_co2_rate_lrmer,120.3
CA,2022,2022-02-12 08:00:00,cambium_co2_rate_lrmer,122.25
CA,2022,2022-02-12 09:00:00,cambium_co2_rate_lrmer,111.3
CA,2022,2022-02-12 10:00:00,cambium_co2_rate_lrmer,96.1
CA,2022,2022-02-12 11:00:00,cambium_co2_rate_lrmer,69.44
CA,2022,2022-02-12 12:00:00,cambium_co2_rate_lrmer,68.5
CA,2022,2022-02-12 13:00:00,cambium_co2_rate_lrmer,66.75
CA,2022,2022-02-12 14:00:00,cambium_co2_rate_lrmer,69.7
CA,2022,2022-02-12 15:00:00,cambium_co2_rate_lrmer,60.06
CA,2022,2022-02-12 16:00:00,cambium_co2_rate_lrmer,71.7
CA,2022,2022-02-12 17:00:00,cambium_co2_rate_lrmer,69.0
CA,2022,2022-02-12 18:00:00,cambium_co2_rate_lrmer,69.4
CA,2022,2022-02-12 19:00:00,cambium_co2_rate_lrmer,76.4
CA,2022,2022-02-12 20:00:00,cambium_co2_rate_lrmer,108.25
CA,2022,2022-02-12 21:00:00,cambium_co2_rate_lrmer,107.5
CA,2022,2022-02-12 22:00:00,cambium_co2_rate_lrmer,106.44
CA,2022,2022-02-12 23:00:00,cambium_co2_rate_lrmer,109.4
CA,2022,2022-02-13 00:00:00,cambium_co2_rate_lrmer,108.44
CA,2022,2022-02-13 01:00:00,cambium_co2_rate_lrmer,114.25
CA,2022,2022-02-13 02:00:00,cambium_co2_rate_lrmer,114.56
CA,2022,2022-02-13 03:00:00,cambium_co2_rate_lrmer,114.9
CA,2022,2022-02-13 04:00:00,cambium_co2_rate_lrmer,116.7
CA,2022,2022-02-13 05:00:00,cambium_co2_rate_lrmer,116.2
CA,2022,2022-02-13 06:00:00,cambium_co2_rate_lrmer,116.3
CA,2022,2022-02-13 07:00:00,cambium_co2_rate_lrmer,120.75
CA,2022,2022-02-13 08:00:00,cambium_co2_rate_lrmer,124.06
CA,2022,2022-02-13 09:00:00,cambium_co2_rate_lrmer,114.44
CA,2022,2022-02-13 10:00:00,cambium_co2_rate_lrmer,99.4
CA,2022,2022-02-13 11:00:00,cambium_co2_rate_lrmer,74.0
CA,2022,2022-02-13 12:00:00,cambium_co2_rate_lrmer,71.75
CA,2022,2022-02-13 13:00:00,cambium_co2_rate_lrmer,69.94
CA,2022,2022-02-13 14:00:00,cambium_co2_rate_lrmer,70.56
CA,2022,2022-02-13 15:00:00,cambium_co2_rate_lrmer,63.94
CA,2022,2022-02-13 16:00:00,cambium_co2_rate_lrmer,75.5
CA,2022,2022-02-13 17:00:00,cambium_co2_rate_lrmer,72.7
CA,2022,2022-02-13 18:00:00,cambium_co2_rate_lrmer,71.44
CA,2022,2022-02-13 19:00:00,cambium_co2_rate_lrmer,79.2
CA,2022,2022-02-13 20:00:00,cambium_co2_rate_lrmer,113.0
CA,2022,2022-02-13 21:00:00,cambium_co2_rate_lrmer,112.06
CA,2022,2022-02-13 22:00:00,cambium_co2_rate_lrmer,109.9
CA,2022,2022-02-13 23:00:00,cambium_co2_rate_lrmer,113.4
CA,2022,2022-02-14 00:00:00,cambium_co2_rate_lrmer,112.25
CA,2022,2022-02-14 01:00:00,cambium_co2_rate_lrmer,119.75
CA,2022,2022-02-14 02:00:00,cambium_co2_rate_lrmer,121.1
CA,2022,2022-02-14 03:00:00,cambium_co2_rate_lrmer,123.44
CA,2022,2022-02-14 04:00:00,cambium_co2_rate_lrmer,124.3
CA,2022,2022-02-14 05:00:00,cambium_co2_rate_lrmer,124.0
CA,2022,2022-02-14 06:00:00,cambium_co2_rate_lrmer,123.4
CA,2022,2022-02-14 07:00:00,cambium_co2_rate_lrmer,124.06
CA,2022,2022-02-14 08:00:00,cambium_co2_rate_lrmer,129.1
CA,2022,2022-02-14 09:00:00,cambium_co2_rate_lrmer,118.4
CA,2022,2022-02-14 10:00:00,cambium_co2_rate_lrmer,104.0
CA,2022,2022-02-14 11:00:00,cambium_co2_rate_lrmer,78.25
CA,2022,2022-02-14 12:00:00,cambium_co2_rate_lrmer,72.8
CA,2022,2022-02-14 13:00:00,cambium_co2_rate_lrmer,70.7
CA,2022,2022-02-14 14:00:00,cambium_co2_rate_lrmer,72.44
CA,2022,2022-02-14 15:00:00,cambium_co2_rate_lrmer,65.8
CA,2022,2022-02-14 16:00:00,cambium_co2_rate_lrmer,76.8
CA,2022,2022-02-14 17:00:00,cambium_co2_rate_lrmer,74.25
CA,2022,2022-02-14 18:00:00,cambium_co2_rate_lrmer,74.2
CA,2022,2022-02-14 19:00:00,cambium_co2_rate_lrmer,82.9
CA,2022,2022-02-14 20:00:00,cambium_co2_rate_lrmer,116.1
CA,2022,2022-02-14 21:00:00,cambium_co2_rate_lrmer,116.7
CA,2022,2022-02-14 22:00:00,cambium_co2_rate_lrmer,114.7
CA,2022,2022-02-14 23:00:00,cambium_co2_rate_lrmer,118.44
CA,2022,2022-02-15 00:00:00,cambium_co2_rate_lrmer,113.3
CA,2022,2022-02-15 01:00:00,cambium_co2_rate_lrmer,119.56
CA,2022,2022-02-15 02:00:00,cambium_co2_rate_lrmer,122.9
CA,2022,2022-02-15 03:00:00,cambium_co2_rate_lrmer,123.5
CA,2022,2022-02-15 04:00:00,cambium_co2_rate_lrmer,122.4
CA,2022,2022-02-15 05:00:00,cambium_co2_rate_lrmer,121.56
CA,2022,2022-02-15 06:00:00,cambium_co2_rate_lrmer,120.4
CA,2022,2022-02-15 07:00:00,cambium_co2_rate_lrmer,118.8
CA,2022,2022-02-15 08:00:00,cambium_co2_rate_lrmer,126.56
CA,2022,2022-02-15 09:00:00,cambium_co2_rate_lrmer,116.5
CA,2022,2022-02-15 10:00:00,cambium_co2_rate_lrmer,99.06
CA,2022,2022-02-15 11:00:00,cambium_co2_rate_lrmer,72.9
CA,2022,2022-02-15 12:00:00,cambium_co2_rate_lrmer,69.5
CA,2022,2022-02-15 13:00:00,cambium_co2_rate_lrmer,67.1
CA,2022,2022-02-15 14:00:00,cambium_co2_rate_lrmer,70.1
CA,2022,2022-02-15 15:00:00,cambium_co2_rate_lrmer,63.06
CA,2022,2022-02-15 16:00:00,cambium_co2_rate_lrmer,75.1
CA,2022,2022-02-15 17:00:00,cambium_co2_rate_lrmer,72.8
CA,2022,2022-02-15 18:00:00,cambium_co2_rate_lrmer,71.94
CA,2022,2022-02-15 19:00:00,cambium_co2_rate_lrmer,79.94
CA,2022,2022-02-15 20:00:00,cambium_co2_rate_lrmer,113.25
CA,2022,2022-02-15 21:00:00,cambium_co2_rate_lrmer,115.06
CA,2022,2022-02-15 22:00:00,cambium_co2_rate_lrmer,111.75
CA,2022,2022-02-15 23:00:00,cambium_co2_rate_lrmer,116.06
CA,2022,2022-02-16 00:00:00,cambium_co2_rate_lrmer,116.25
CA,2022,2022-02-16 01:00:00,cambium_co2_rate_lrmer,124.4
CA,2022,2022-02-16 02:00:00,cambium_co2_rate_lrmer,127.8
CA,2022,2022-02-16 03:00:00,cambium_co2_rate_lrmer,127.1
CA,2022,2022-02-16 04:00:00,cambium_co2_rate_lrmer,125.4
CA,2022,2022-02-16 05:00:00,cambium_co2_rate_lrmer,126.0
CA,2022,2022-02-16 06:00:00,cambium_co2_rate_lrmer,125.6
CA,2022,2022-02-16 07:00:00,cambium_co2_rate_lrmer,120.4
CA,2022,2022-02-16 08:00:00,cambium_co2_rate_lrmer,125.4
CA,2022,2022-02-16 09:00:00,cambium_co2_rate_lrmer,114.5
CA,2022,2022-02-16 10:00:00,cambium_co2_rate_lrmer,96.2
CA,2022,2022-02-16 11:00:00,cambium_co2_rate_lrmer,69.44
CA,2022,2022-02-16 12:00:00,cambium_co2_rate_lrmer,69.25
CA,2022,2022-02-16 13:00:00,cambium_co2_rate_lrmer,66.56
CA,2022,2022-02-16 14:00:00,cambium_co2_rate_lrmer,69.44
CA,2022,2022-02-16 15:00:00,cambium_co2_rate_lrmer,62.38
CA,2022,2022-02-16 16:00:00,cambium_co2_rate_lrmer,74.75
CA,2022,2022-02-16 17:00:00,cambium_co2_rate_lrmer,72.25
CA,2022,2022-02-16 18:00:00,cambium_co2_rate_lrmer,71.4
CA,2022,2022-02-16 19:00:00,cambium_co2_rate_lrmer,74.56
CA,2022,2022-02-16 20:00:00,cambium_co2_rate_lrmer,108.5
CA,2022,2022-02-16 21:00:00,cambium_co2_rate_lrmer,116.1
CA,2022,2022-02-16 22:00:00,cambium_co2_rate_lrmer,112.5
CA,2022,2022-02-16 23:00:00,cambium_co2_rate_lrmer,111.1
CA,2022,2022-02-17 00:00:00,cambium_co2_rate_lrmer,111.94
CA,2022,2022-02-17 01:00:00,cambium_co2_rate_lrmer,122.06
CA,2022,2022-02-17 02:00:00,cambium_co2_rate_lrmer,126.5
CA,2022,2022-02-17 03:00:00,cambium_co2_rate_lrmer,122.7
CA,2022,2022-02-17 04:00:00,cambium_co2_rate_lrmer,121.3
CA,2022,2022-02-17 05:00:00,cambium_co2_rate_lrmer,121.0
CA,2022,2022-02-17 06:00:00,cambium_co2_rate_lrmer,122.1
CA,2022,2022-02-17 07:00:00,cambium_co2_rate_lrmer,116.6
CA,2022,2022-02-17 08:00:00,cambium_co2_rate_lrmer,121.06
CA,2022,2022-02-17 09:00:00,cambium_co2_rate_lrmer,110.2
CA,2022,2022-02-17 10:00:00,cambium_co2_rate_lrmer,91.25
CA,2022,2022-02-17 11:00:00,cambium_co2_rate_lrmer,62.75
CA,2022,2022-02-17 12:00:00,cambium_co2_rate_lrmer,59.56
CA,2022,2022-02-17 13:00:00,cambium_co2_rate_lrmer,56.84
CA,2022,2022-02-17 14:00:00,cambium_co2_rate_lrmer,59.7
CA,2022,2022-02-17 15:00:00,cambium_co2_rate_lrmer,54.2
CA,2022,2022-02-17 16:00:00,cambium_co2_rate_lrmer,65.9
CA,2022,2022-02-17 17:00:00,cambium_co2_rate_lrmer,63.25
CA,2022,2022-02-17 18:00:00,cambium_co2_rate_lrmer,64.94
CA,2022,2022-02-17 19:00:00,cambium_co2_rate_lrmer,71.1
CA,2022,2022-02-17 20:00:00,cambium_co2_rate_lrmer,109.25
CA,2022,2022-02-17 21:00:00,cambium_co2_rate_lrmer,118.9
CA,2022,2022-02-17 22:00:00,cambium_co2_rate_lrmer,114.3
CA,2022,2022-02-17 23:00:00,cambium_co2_rate_lrmer,111.25
CA,2022,2022-02-18 00:00:00,cambium_co2_rate_lrmer,112.75
CA,2022,2022-02-18 01:00:00,cambium_co2_rate_lrmer,120.44
CA,2022,2022-02-18 02:00:00,cambium_co2_rate_lrmer,128.5
CA,2022,2022-02-18 03:00:00,cambium_co2_rate_lrmer,125.8
CA,2022,2022-02-18 04:00:00,cambium_co2_rate_lrmer,124.6
CA,2022,2022-02-18 05:00:00,cambium_co2_rate_lrmer,122.25
CA,2022,2022-02-18 06:00:00,cambium_co2_rate_lrmer,123.4
CA,2022,2022-02-18 07:00:00,cambium_co2_rate_lrmer,119.6
CA,2022,2022-02-18 08:00:00,cambium_co2_rate_lrmer,119.3
CA,2022,2022-02-18 09:00:00,cambium_co2_rate_lrmer,108.3
CA,2022,2022-02-18 10:00:00,cambium_co2_rate_lrmer,89.56
CA,2022,2022-02-18 11:00:00,cambium_co2_rate_lrmer,57.53
CA,2022,2022-02-18 12:00:00,cambium_co2_rate_lrmer,50.9
CA,2022,2022-02-18 13:00:00,cambium_co2_rate_lrmer,46.78
CA,2022,2022-02-18 14:00:00,cambium_co2_rate_lrmer,49.88
CA,2022,2022-02-18 15:00:00,cambium_co2_rate_lrmer,49.56
CA,2022,2022-02-18 16:00:00,cambium_co2_rate_lrmer,58.06
CA,2022,2022-02-18 17:00:00,cambium_co2_rate_lrmer,58.6
CA,2022,2022-02-18 18:00:00,cambium_co2_rate_lrmer,58.0
CA,2022,2022-02-18 19:00:00,cambium_co2_rate_lrmer,70.4
CA,2022,2022-02-18 20:00:00,cambium_co2_rate_lrmer,108.2
CA,2022,2022-02-18 21:00:00,cambium_co2_rate_lrmer,118.3
CA,2022,2022-02-18 22:00:00,cambium_co2_rate_lrmer,113.5
CA,2022,2022-02-18 23:00:00,cambium_co2_rate_lrmer,108.9
CA,2022,2022-02-19 00:00:00,cambium_co2_rate_lrmer,110.5
CA,2022,2022-02-19 01:00:00,cambium_co2_rate_lrmer,116.6
CA,2022,2022-02-19 02:00:00,cambium_co2_rate_lrmer,125.5
CA,2022,2022-02-19 03:00:00,cambium_co2_rate_lrmer,122.6
CA,2022,2022-02-19 04:00:00,cambium_co2_rate_lrmer,123.4
CA,2022,2022-02-19 05:00:00,cambium_co2_rate_lrmer,119.1
CA,2022,2022-02-19 06:00:00,cambium_co2_rate_lrmer,120.25
CA,2022,2022-02-19 07:00:00,cambium_co2_rate_lrmer,118.0
CA,2022,2022-02-19 08:00:00,cambium_co2_rate_lrmer,115.56
CA,2022,2022-02-19 09:00:00,cambium_co2_rate_lrmer,104.75
CA,2022,2022-02-19 10:00:00,cambium_co2_rate_lrmer,85.6
CA,2022,2022-02-19 11:00:00,cambium_co2_rate_lrmer,56.22
CA,2022,2022-02-19 12:00:00,cambium_co2_rate_lrmer,50.84
CA,2022,2022-02-19 13:00:00,cambium_co2_rate_lrmer,46.78
CA,2022,2022-02-19 14:00:00,cambium_co2_rate_lrmer,49.8
CA,2022,2022-02-19 15:00:00,cambium_co2_rate_lrmer,49.56
CA,2022,2022-02-19 16:00:00,cambium_co2_rate_lrmer,57.25
CA,2022,2022-02-19 17:00:00,cambium_co2_rate_lrmer,57.88
CA,2022,2022-02-19 18:00:00,cambium_co2_rate_lrmer,57.38
CA,2022,2022-02-19 19:00:00,cambium_co2_rate_lrmer,68.06
CA,2022,2022-02-19 20:00:00,cambium_co2_rate_lrmer,105.06
CA,2022,2022-02-19 21:00:00,cambium_co2_rate_lrmer,115.75
CA,2022,2022-02-19 22:00:00,cambium_co2_rate_lrmer,111.56
CA,2022,2022-02-19 23:00:00,cambium_co2_rate_lrmer,107.0
CA,2022,2022-02-20 00:00:00,cambium_co2_rate_lrmer,106.94
CA,2022,2022-02-20 01:00:00,cambium_co2_rate_lrmer,112.0
CA,2022,2022-02-20 02:00:00,cambium_co2_rate_lrmer,122.3
CA,2022,2022-02-20 03:00:00,cambium_co2_rate_lrmer,119.6
CA,2022,2022-02-20 04:00:00,cambium_co2_rate_lrmer,120.75
CA,2022,2022-02-20 05:00:00,cambium_co2_rate_lrmer,117.44
CA,2022,2022-02-20 06:00:00,cambium_co2_rate_lrmer,118.5
CA,2022,2022-02-20 07:00:00,cambium_co2_rate_lrmer,117.1
CA,2022,2022-02-20 08:00:00,cambium_co2_rate_lrmer,113.75
CA,2022,2022-02-20 09:00:00,cambium_co2_rate_lrmer,102.56
CA,2022,2022-02-20 10:00:00,cambium_co2_rate_lrmer,84.0
CA,2022,2022-02-20 11:00:00,cambium_co2_rate_lrmer,56.34
CA,2022,2022-02-20 12:00:00,cambium_co2_rate_lrmer,51.4
CA,2022,2022-02-20 13:00:00,cambium_co2_rate_lrmer,46.88
CA,2022,2022-02-20 14:00:00,cambium_co2_rate_lrmer,50.28
CA,2022,2022-02-20 15:00:00,cambium_co2_rate_lrmer,49.9
CA,2022,2022-02-20 16:00:00,cambium_co2_rate_lrmer,59.56
CA,2022,2022-02-20 17:00:00,cambium_co2_rate_lrmer,61.22
CA,2022,2022-02-20 18:00:00,cambium_co2_rate_lrmer,59.72
CA,2022,2022-02-20 19:00:00,cambium_co2_rate_lrmer,69.0
CA,2022,2022-02-20 20:00:00,cambium_co2_rate_lrmer,104.44
CA,2022,2022-02-20 21:00:00,cambium_co2_rate_lrmer,119.9
CA,2022,2022-02-20 22:00:00,cambium_co2_rate_lrmer,110.1
CA,2022,2022-02-20 23:00:00,cambium_co2_rate_lrmer,104.4
CA,2022,2022-02-21 00:00:00,cambium_co2_rate_lrmer,104.56
CA,2022,2022-02-21 01:00:00,cambium_co2_rate_lrmer,109.94
CA,2022,2022-02-21 02:00:00,cambium_co2_rate_lrmer,120.0
CA,2022,2022-02-21 03:00:00,cambium_co2_rate_lrmer,119.6
CA,2022,2022-02-21 04:00:00,cambium_co2_rate_lrmer,120.4
CA,2022,2022-02-21 05:00:00,cambium_co2_rate_lrmer,118.5
CA,2022,2022-02-21 06:00:00,cambium_co2_rate_lrmer,118.6
CA,2022,2022-02-21 07:00:00,cambium_co2_rate_lrmer,118.25
CA,2022,2022-02-21 08:00:00,cambium_co2_rate_lrmer,111.7
CA,2022,2022-02-21 09:00:00,cambium_co2_rate_lrmer,101.8
CA,2022,2022-02-21 10:00:00,cambium_co2_rate_lrmer,82.3
CA,2022,2022-02-21 11:00:00,cambium_co2_rate_lrmer,54.03
CA,2022,2022-02-21 12:00:00,cambium_co2_rate_lrmer,50.84
CA,2022,2022-02-21 13:00:00,cambium_co2_rate_lrmer,46.84
CA,2022,2022-02-21 14:00:00,cambium_co2_rate_lrmer,49.16
CA,2022,2022-02-21 15:00:00,cambium_co2_rate_lrmer,48.6
CA,2022,2022-02-21 16:00:00,cambium_co2_rate_lrmer,58.94
CA,2022,2022-02-21 17:00:00,cambium_co2_rate_lrmer,59.88
CA,2022,2022-02-21 18:00:00,cambium_co2_rate_lrmer,57.5
CA,2022,2022-02-21 19:00:00,cambium_co2_rate_lrmer,66.94
CA,2022,2022-02-21 20:00:00,cambium_co2_rate_lrmer,103.44
CA,2022,2022-02-21 21:00:00,cambium_co2_rate_lrmer,118.56
CA,2022,2022-02-21 22:00:00,cambium_co2_rate_lrmer,109.6
CA,2022,2022-02-21 23:00:00,cambium_co2_rate_lrmer,104.5
CA,2022,2022-02-22 00:00:00,cambium_co2_rate_lrmer,105.06
CA,2022,2022-02-22 01:00:00,cambium_co2_rate_lrmer,110.9
CA,2022,2022-02-22 02:00:00,cambium_co2_rate_lrmer,120.56
CA,2022,2022-02-22 03:00:00,cambium_co2_rate_lrmer,120.2
CA,2022,2022-02-22 04:00:00,cambium_co2_rate_lrmer,121.9
CA,2022,2022-02-22 05:00:00,cambium_co2_rate_lrmer,119.25
CA,2022,2022-02-22 06:00:00,cambium_co2_rate_lrmer,120.44
CA,2022,2022-02-22 07:00:00,cambium_co2_rate_lrmer,118.8
CA,2022,2022-02-22 08:00:00,cambium_co2_rate_lrmer,111.8
CA,2022,2022-02-22 09:00:00,cambium_co2_rate_lrmer,101.8
CA,2022,2022-02-22 10:00:00,cambium_co2_rate_lrmer,83.1
CA,2022,2022-02-22 11:00:00,cambium_co2_rate_lrmer,53.2
CA,2022,2022-02-22 12:00:00,cambium_co2_rate_lrmer,48.53
CA,2022,2022-02-22 13:00:00,cambium_co2_rate_lrmer,45.97
CA,2022,2022-02-22 14:00:00,cambium_co2_rate_lrmer,48.44
CA,2022,2022-02-22 15:00:00,cambium_co2_rate_lrmer,49.7
CA,2022,2022-02-22 16:00:00,cambium_co2_rate_lrmer,58.6
CA,2022,2022-02-22 17:00:00,cambium_co2_rate_lrmer,60.66
CA,2022,2022-02-22 18:00:00,cambium_co2_rate_lrmer,57.6
CA,2022,2022-02-22 19:00:00,cambium_co2_rate_lrmer,65.9
CA,2022,2022-02-22 20:00:00,cambium_co2_rate_lrmer,106.4
CA,2022,2022-02-22 21:00:00,cambium_co2_rate_lrmer,117.56
CA,2022,2022-02-22 22:00:00,cambium_co2_rate_lrmer,108.3
CA,2022,2022-02-22 23:00:00,cambium_co2_rate_lrmer,103.9
CA,2022,2022-02-23 00:00:00,cambium_co2_rate_lrmer,106.44
CA,2022,2022-02-23 01:00:00,cambium_co2_rate_lrmer,109.8
CA,2022,2022-02-23 02:00:00,cambium_co2_rate_lrmer,116.2
CA,2022,2022-02-23 03:00:00,cambium_co2_rate_lrmer,118.4
CA,2022,2022-02-23 04:00:00,cambium_co2_rate_lrmer,120.3
CA,2022,2022-02-23 05:00:00,cambium_co2_rate_lrmer,117.2
CA,2022,2022-02-23 06:00:00,cambium_co2_rate_lrmer,118.94
CA,2022,2022-02-23 07:00:00,cambium_co2_rate_lrmer,116.44
CA,2022,2022-02-23 08:00:00,cambium_co2_rate_lrmer,112.3
CA,2022,2022-02-23 09:00:00,cambium_co2_rate_lrmer,102.75
CA,2022,2022-02-23 10:00:00,cambium_co2_rate_lrmer,82.25
CA,2022,2022-02-23 11:00:00,cambium_co2_rate_lrmer,52.78
CA,2022,2022-02-23 12:00:00,cambium_co2_rate_lrmer,50.7
CA,2022,2022-02-23 13:00:00,cambium_co2_rate_lrmer,48.0
CA,2022,2022-02-23 14:00:00,cambium_co2_rate_lrmer,50.6
CA,2022,2022-02-23 15:00:00,cambium_co2_rate_lrmer,51.66
CA,2022,2022-02-23 16:00:00,cambium_co2_rate_lrmer,60.56
CA,2022,2022-02-23 17:00:00,cambium_co2_rate_lrmer,62.53
CA,2022,2022-02-23 18:00:00,cambium_co2_rate_lrmer,59.56
CA,2022,2022-02-23 19:00:00,cambium_co2_rate_lrmer,63.06
CA,2022,2022-02-23 20:00:00,cambium_co2_rate_lrmer,110.2
CA,2022,2022-02-23 21:00:00,cambium_co2_rate_lrmer,124.8
CA,2022,2022-02-23 22:00:00,cambium_co2_rate_lrmer,116.6
CA,2022,2022-02-23 23:00:00,cambium_co2_rate_lrmer,112.5
CA,2022,2022-02-24 00:00:00,cambium_co2_rate_lrmer,114.6
CA,2022,2022-02-24 01:00:00,cambium_co2_rate_lrmer,115.44
CA,2022,2022-02-24 02:00:00,cambium_co2_rate_lrmer,121.75
CA,2022,2022-02-24 03:00:00,cambium_co2_rate_lrmer,122.1
CA,2022,2022-02-24 04:00:00,cambium_co2_rate_lrmer,122.6
CA,2022,2022-02-24 05:00:00,cambium_co2_rate_lrmer,119.25
CA,2022,2022-02-24 06:00:00,cambium_co2_rate_lrmer,120.4
CA,2022,2022-02-24 07:00:00,cambium_co2_rate_lrmer,120.0
CA,2022,2022-02-24 08:00:00,cambium_co2_rate_lrmer,116.5
CA,2022,2022-02-24 09:00:00,cambium_co2_rate_lrmer,107.4
CA,2022,2022-02-24 10:00:00,cambium_co2_rate_lrmer,83.44
CA,2022,2022-02-24 11:00:00,cambium_co2_rate_lrmer,48.5
CA,2022,2022-02-24 12:00:00,cambium_co2_rate_lrmer,47.34
CA,2022,2022-02-24 13:00:00,cambium_co2_rate_lrmer,44.62
CA,2022,2022-02-24 14:00:00,cambium_co2_rate_lrmer,47.28
CA,2022,2022-02-24 15:00:00,cambium_co2_rate_lrmer,48.53
CA,2022,2022-02-24 16:00:00,cambium_co2_rate_lrmer,57.03
CA,2022,2022-02-24 17:00:00,cambium_co2_rate_lrmer,57.84
CA,2022,2022-02-24 18:00:00,cambium_co2_rate_lrmer,56.06
CA,2022,2022-02-24 19:00:00,cambium_co2_rate_lrmer,62.12
CA,2022,2022-02-24 20:00:00,cambium_co2_rate_lrmer,109.1
CA,2022,2022-02-24 21:00:00,cambium_co2_rate_lrmer,125.4
CA,2022,2022-02-24 22:00:00,cambium_co2_rate_lrmer,117.1
CA,2022,2022-02-24 23:00:00,cambium_co2_rate_lrmer,112.8
CA,2022,2022-02-25 00:00:00,cambium_co2_rate_lrmer,113.8
CA,2022,2022-02-25 01:00:00,cambium_co2_rate_lrmer,115.44
CA,2022,2022-02-25 02:00:00,cambium_co2_rate_lrmer,122.75
CA,2022,2022-02-25 03:00:00,cambium_co2_rate_lrmer,122.8
CA,2022,2022-02-25 04:00:00,cambium_co2_rate_lrmer,125.0
CA,2022,2022-02-25 05:00:00,cambium_co2_rate_lrmer,122.4
CA,2022,2022-02-25 06:00:00,cambium_co2_rate_lrmer,124.5
CA,2022,2022-02-25 07:00:00,cambium_co2_rate_lrmer,121.9
CA,2022,2022-02-25 08:00:00,cambium_co2_rate_lrmer,115.8
CA,2022,2022-02-25 09:00:00,cambium_co2_rate_lrmer,107.2
CA,2022,2022-02-25 10:00:00,cambium_co2_rate_lrmer,80.44
CA,2022,2022-02-25 11:00:00,cambium_co2_rate_lrmer,48.12
CA,2022,2022-02-25 12:00:00,cambium_co2_rate_lrmer,47.12
CA,2022,2022-02-25 13:00:00,cambium_co2_rate_lrmer,44.44
CA,2022,2022-02-25 14:00:00,cambium_co2_rate_lrmer,47.03
CA,2022,2022-02-25 15:00:00,cambium_co2_rate_lrmer,48.22
CA,2022,2022-02-25 16:00:00,cambium_co2_rate_lrmer,56.47
CA,2022,2022-02-25 17:00:00,cambium_co2_rate_lrmer,57.25
CA,2022,2022-02-25 18:00:00,cambium_co2_rate_lrmer,55.8
CA,2022,2022-02-25 19:00:00,cambium_co2_rate_lrmer,63.66
CA,2022,2022-02-25 20:00:00,cambium_co2_rate_lrmer,106.8
CA,2022,2022-02-25 21:00:00,cambium_co2_rate_lrmer,122.0
CA,2022,2022-02-25 22:00:00,cambium_co2_rate_lrmer,114.9
CA,2022,2022-02-25 23:00:00,cambium_co2_rate_lrmer,111.94
CA,2022,2022-02-26 00:00:00,cambium_co2_rate_lrmer,112.44
CA,2022,2022-02-26 01:00:00,cambium_co2_rate_lrmer,113.4
CA,2022,2022-02-26 02:00:00,cambium_co2_rate_lrmer,120.9
CA,2022,2022-02-26 03:00:00,cambium_co2_rate_lrmer,120.8
CA,2022,2022-02-26 04:00:00,cambium_co2_rate_lrmer,121.7
CA,2022,2022-02-26 05:00:00,cambium_co2_rate_lrmer,120.1
CA,2022,2022-02-26 06:00:00,cambium_co2_rate_lrmer,121.6
CA,2022,2022-02-26 07:00:00,cambium_co2_rate_lrmer,117.6
CA,2022,2022-02-26 08:00:00,cambium_co2_rate_lrmer,112.6
CA,2022,2022-02-26 09:00:00,cambium_co2_rate_lrmer,103.5
CA,2022,2022-02-26 10:00:00,cambium_co2_rate_lrmer,78.44
CA,2022,2022-02-26 11:00:00,cambium_co2_rate_lrmer,48.4
CA,2022,2022-02-26 12:00:00,cambium_co2_rate_lrmer,47.38
CA,2022,2022-02-26 13:00:00,cambium_co2_rate_lrmer,44.7
CA,2022,2022-02-26 14:00:00,cambium_co2_rate_lrmer,46.88
CA,2022,2022-02-26 15:00:00,cambium_co2_rate_lrmer,48.47
CA,2022,2022-02-26 16:00:00,cambium_co2_rate_lrmer,55.03
CA,2022,2022-02-26 17:00:00,cambium_co2_rate_lrmer,55.62
CA,2022,2022-02-26 18:00:00,cambium_co2_rate_lrmer,56.16
CA,2022,2022-02-26 19:00:00,cambium_co2_rate_lrmer,62.12
CA,2022,2022-02-26 20:00:00,cambium_co2_rate_lrmer,104.25
CA,2022,2022-02-26 21:00:00,cambium_co2_rate_lrmer,120.4
CA,2022,2022-02-26 22:00:00,cambium_co2_rate_lrmer,111.8
CA,2022,2022-02-26 23:00:00,cambium_co2_rate_lrmer,108.25
CA,2022,2022-02-27 00:00:00,cambium_co2_rate_lrmer,114.1
CA,2022,2022-02-27 01:00:00,cambium_co2_rate_lrmer,110.9
CA,2022,2022-02-27 02:00:00,cambium_co2_rate_lrmer,119.25
CA,2022,2022-02-27 03:00:00,cambium_co2_rate_lrmer,118.25
CA,2022,2022-02-27 04:00:00,cambium_co2_rate_lrmer,122.56
CA,2022,2022-02-27 05:00:00,cambium_co2_rate_lrmer,123.25
CA,2022,2022-02-27 06:00:00,cambium_co2_rate_lrmer,124.1
CA,2022,2022-02-27 07:00:00,cambium_co2_rate_lrmer,119.25
CA,2022,2022-02-27 08:00:00,cambium_co2_rate_lrmer,112.6
CA,2022,2022-02-27 09:00:00,cambium_co2_rate_lrmer,103.3
CA,2022,2022-02-27 10:00:00,cambium_co2_rate_lrmer,81.0
CA,2022,2022-02-27 11:00:00,cambium_co2_rate_lrmer,50.4
CA,2022,2022-02-27 12:00:00,cambium_co2_rate_lrmer,48.6
CA,2022,2022-02-27 13:00:00,cambium_co2_rate_lrmer,46.03
CA,2022,2022-02-27 14:00:00,cambium_co2_rate_lrmer,48.2
CA,2022,2022-02-27 15:00:00,cambium_co2_rate_lrmer,49.88
CA,2022,2022-02-27 16:00:00,cambium_co2_rate_lrmer,56.34
CA,2022,2022-02-27 17:00:00,cambium_co2_rate_lrmer,56.94
CA,2022,2022-02-27 18:00:00,cambium_co2_rate_lrmer,57.6
CA,2022,2022-02-27 19:00:00,cambium_co2_rate_lrmer,62.78
CA,2022,2022-02-27 20:00:00,cambium_co2_rate_lrmer,107.56
CA,2022,2022-02-27 21:00:00,cambium_co2_rate_lrmer,124.44
CA,2022,2022-02-27 22:00:00,cambium_co2_rate_lrmer,116.2
CA,2022,2022-02-27 23:00:00,cambium_co2_rate_lrmer,112.4
CA,2022,2022-02-28 00:00:00,cambium_co2_rate_lrmer,116.7
CA,2022,2022-02-28 01:00:00,cambium_co2_rate_lrmer,111.7
CA,2022,2022-02-28 02:00:00,cambium_co2_rate_lrmer,116.1
CA,2022,2022-02-28 03:00:00,cambium_co2_rate_lrmer,115.44
CA,2022,2022-02-28 04:00:00,cambium_co2_rate_lrmer,118.44
CA,2022,2022-02-28 05:00:00,cambium_co2_rate_lrmer,119.3
CA,2022,2022-02-28 06:00:00,cambium_co2_rate_lrmer,121.0
CA,2022,2022-02-28 07:00:00,cambium_co2_rate_lrmer,116.6
CA,2022,2022-02-28 08:00:00,cambium_co2_rate_lrmer,112.2
CA,2022,2022-02-28 09:00:00,cambium_co2_rate_lrmer,104.9
CA,2022,2022-02-28 10:00:00,cambium_co2_rate_lrmer,79.6
CA,2022,2022-02-28 11:00:00,cambium_co2_rate_lrmer,50.78
CA,2022,2022-02-28 12:00:00,cambium_co2_rate_lrmer,49.97
CA,2022,2022-02-28 13:00:00,cambium_co2_rate_lrmer,47.38
CA,2022,2022-02-28 14:00:00,cambium_co2_rate_lrmer,49.56
CA,2022,2022-02-28 15:00:00,cambium_co2_rate_lrmer,50.38
CA,2022,2022-02-28 16:00:00,cambium_co2_rate_lrmer,54.47
CA,2022,2022-02-28 17:00:00,cambium_co2_rate_lrmer,55.84
CA,2022,2022-02-28 18:00:00,cambium_co2_rate_lrmer,55.1
CA,2022,2022-02-28 19:00:00,cambium_co2_rate_lrmer,62.47
CA,2022,2022-02-28 20:00:00,cambium_co2_rate_lrmer,108.44
CA,2022,2022-02-28 21:00:00,cambium_co2_rate_lrmer,125.2
CA,2022,2022-02-28 22:00:00,cambium_co2_rate_lrmer,117.56
CA,2022,2022-02-28 23:00:00,cambium_co2_rate_lrmer,114.0
CA,2022,2022-03-01 00:00:00,cambium_co2_rate_lrmer,117.75
CA,2022,2022-03-01 01:00:00,cambium_co2_rate_lrmer,111.75
CA,2022,2022-03-01 02:00:00,cambium_co2_rate_lrmer,116.8
CA,2022,2022-03-01 03:00:00,cambium_co2_rate_lrmer,115.6
CA,2022,2022-03-01 04:00:00,cambium_co2_rate_lrmer,119.1
CA,2022,2022-03-01 05:00:00,cambium_co2_rate_lrmer,119.94
CA,2022,2022-03-01 06:00:00,cambium_co2_rate_lrmer,121.0
CA,2022,2022-03-01 07:00:00,cambium_co2_rate_lrmer,115.3
CA,2022,2022-03-01 08:00:00,cambium_co2_rate_lrmer,107.6
CA,2022,2022-03-01 09:00:00,cambium_co2_rate_lrmer,103.0
CA,2022,2022-03-01 10:00:00,cambium_co2_rate_lrmer,74.8
CA,2022,2022-03-01 11:00:00,cambium_co2_rate_lrmer,45.12
CA,2022,2022-03-01 12:00:00,cambium_co2_rate_lrmer,48.78
CA,2022,2022-03-01 13:00:00,cambium_co2_rate_lrmer,46.25
CA,2022,2022-03-01 14:00:00,cambium_co2_rate_lrmer,48.44
CA,2022,2022-03-01 15:00:00,cambium_co2_rate_lrmer,49.28
CA,2022,2022-03-01 16:00:00,cambium_co2_rate_lrmer,53.4
CA,2022,2022-03-01 17:00:00,cambium_co2_rate_lrmer,51.5
CA,2022,2022-03-01 18:00:00,cambium_co2_rate_lrmer,52.94
CA,2022,2022-03-01 19:00:00,cambium_co2_rate_lrmer,60.56
CA,2022,2022-03-01 20:00:00,cambium_co2_rate_lrmer,107.0
CA,2022,2022-03-01 21:00:00,cambium_co2_rate_lrmer,124.3
CA,2022,2022-03-01 22:00:00,cambium_co2_rate_lrmer,117.2
CA,2022,2022-03-01 23:00:00,cambium_co2_rate_lrmer,114.1
CA,2022,2022-03-02 00:00:00,cambium_co2_rate_lrmer,116.9
CA,2022,2022-03-02 01:00:00,cambium_co2_rate_lrmer,112.5
CA,2022,2022-03-02 02:00:00,cambium_co2_rate_lrmer,115.4
CA,2022,2022-03-02 03:00:00,cambium_co2_rate_lrmer,115.7
CA,2022,2022-03-02 04:00:00,cambium_co2_rate_lrmer,118.6
CA,2022,2022-03-02 05:00:00,cambium_co2_rate_lrmer,118.94
CA,2022,2022-03-02 06:00:00,cambium_co2_rate_lrmer,120.3
CA,2022,2022-03-02 07:00:00,cambium_co2_rate_lrmer,113.8
CA,2022,2022-03-02 08:00:00,cambium_co2_rate_lrmer,105.56
CA,2022,2022-03-02 09:00:00,cambium_co2_rate_lrmer,100.5
CA,2022,2022-03-02 10:00:00,cambium_co2_rate_lrmer,71.6
CA,2022,2022-03-02 11:00:00,cambium_co2_rate_lrmer,39.2
CA,2022,2022-03-02 12:00:00,cambium_co2_rate_lrmer,43.88
CA,2022,2022-03-02 13:00:00,cambium_co2_rate_lrmer,41.44
CA,2022,2022-03-02 14:00:00,cambium_co2_rate_lrmer,44.44
CA,2022,2022-03-02 15:00:00,cambium_co2_rate_lrmer,45.78
CA,2022,2022-03-02 16:00:00,cambium_co2_rate_lrmer,50.22
CA,2022,2022-03-02 17:00:00,cambium_co2_rate_lrmer,50.9
CA,2022,2022-03-02 18:00:00,cambium_co2_rate_lrmer,52.4
CA,2022,2022-03-02 19:00:00,cambium_co2_rate_lrmer,59.66
CA,2022,2022-03-02 20:00:00,cambium_co2_rate_lrmer,104.9
CA,2022,2022-03-02 21:00:00,cambium_co2_rate_lrmer,124.3
CA,2022,2022-03-02 22:00:00,cambium_co2_rate_lrmer,116.6
CA,2022,2022-03-02 23:00:00,cambium_co2_rate_lrmer,114.2
CA,2022,2022-03-03 00:00:00,cambium_co2_rate_lrmer,117.25
CA,2022,2022-03-03 01:00:00,cambium_co2_rate_lrmer,112.5
CA,2022,2022-03-03 02:00:00,cambium_co2_rate_lrmer,116.1
CA,2022,2022-03-03 03:00:00,cambium_co2_rate_lrmer,113.9
CA,2022,2022-03-03 04:00:00,cambium_co2_rate_lrmer,117.6
CA,2022,2022-03-03 05:00:00,cambium_co2_rate_lrmer,116.3
CA,2022,2022-03-03 06:00:00,cambium_co2_rate_lrmer,118.94
CA,2022,2022-03-03 07:00:00,cambium_co2_rate_lrmer,113.1
CA,2022,2022-03-03 08:00:00,cambium_co2_rate_lrmer,105.1
CA,2022,2022-03-03 09:00:00,cambium_co2_rate_lrmer,101.44
CA,2022,2022-03-03 10:00:00,cambium_co2_rate_lrmer,71.06
CA,2022,2022-03-03 11:00:00,cambium_co2_rate_lrmer,40.4
CA,2022,2022-03-03 12:00:00,cambium_co2_rate_lrmer,42.62
CA,2022,2022-03-03 13:00:00,cambium_co2_rate_lrmer,41.3
CA,2022,2022-03-03 14:00:00,cambium_co2_rate_lrmer,39.94
CA,2022,2022-03-03 15:00:00,cambium_co2_rate_lrmer,44.47
CA,2022,2022-03-03 16:00:00,cambium_co2_rate_lrmer,45.72
CA,2022,2022-03-03 17:00:00,cambium_co2_rate_lrmer,49.72
CA,2022,2022-03-03 18:00:00,cambium_co2_rate_lrmer,49.38
CA,2022,2022-03-03 19:00:00,cambium_co2_rate_lrmer,59.47
CA,2022,2022-03-03 20:00:00,cambium_co2_rate_lrmer,104.44
CA,2022,2022-03-03 21:00:00,cambium_co2_rate_lrmer,124.7
CA,2022,2022-03-03 22:00:00,cambium_co2_rate_lrmer,117.2
CA,2022,2022-03-03 23:00:00,cambium_co2_rate_lrmer,114.1
CA,2022,2022-03-04 00:00:00,cambium_co2_rate_lrmer,120.5
CA,2022,2022-03-04 01:00:00,cambium_co2_rate_lrmer,114.25
CA,2022,2022-03-04 02:00:00,cambium_co2_rate_lrmer,120.0
CA,2022,2022-03-04 03:00:00,cambium_co2_rate_lrmer,118.06
CA,2022,2022-03-04 04:00:00,cambium_co2_rate_lrmer,121.4
CA,2022,2022-03-04 05:00:00,cambium_co2_rate_lrmer,119.0
CA,2022,2022-03-04 06:00:00,cambium_co2_rate_lrmer,123.7
CA,2022,2022-03-04 07:00:00,cambium_co2_rate_lrmer,116.4
CA,2022,2022-03-04 08:00:00,cambium_co2_rate_lrmer,105.44
CA,2022,2022-03-04 09:00:00,cambium_co2_rate_lrmer,104.06
CA,2022,2022-03-04 10:00:00,cambium_co2_rate_lrmer,74.56
CA,2022,2022-03-04 11:00:00,cambium_co2_rate_lrmer,45.6
CA,2022,2022-03-04 12:00:00,cambium_co2_rate_lrmer,48.62
CA,2022,2022-03-04 13:00:00,cambium_co2_rate_lrmer,46.94
CA,2022,2022-03-04 14:00:00,cambium_co2_rate_lrmer,44.78
CA,2022,2022-03-04 15:00:00,cambium_co2_rate_lrmer,49.9
CA,2022,2022-03-04 16:00:00,cambium_co2_rate_lrmer,53.78
CA,2022,2022-03-04 17:00:00,cambium_co2_rate_lrmer,57.38
CA,2022,2022-03-04 18:00:00,cambium_co2_rate_lrmer,51.56
CA,2022,2022-03-04 19:00:00,cambium_co2_rate_lrmer,61.22
CA,2022,2022-03-04 20:00:00,cambium_co2_rate_lrmer,107.0
CA,2022,2022-03-04 21:00:00,cambium_co2_rate_lrmer,121.7
CA,2022,2022-03-04 22:00:00,cambium_co2_rate_lrmer,116.4
CA,2022,2022-03-04 23:00:00,cambium_co2_rate_lrmer,113.44
CA,2022,2022-03-05 00:00:00,cambium_co2_rate_lrmer,115.2
CA,2022,2022-03-05 01:00:00,cambium_co2_rate_lrmer,111.2
CA,2022,2022-03-05 02:00:00,cambium_co2_rate_lrmer,122.75
CA,2022,2022-03-05 03:00:00,cambium_co2_rate_lrmer,119.5
CA,2022,2022-03-05 04:00:00,cambium_co2_rate_lrmer,127.25
CA,2022,2022-03-05 05:00:00,cambium_co2_rate_lrmer,124.94
CA,2022,2022-03-05 06:00:00,cambium_co2_rate_lrmer,127.5
CA,2022,2022-03-05 07:00:00,cambium_co2_rate_lrmer,119.44
CA,2022,2022-03-05 08:00:00,cambium_co2_rate_lrmer,106.94
CA,2022,2022-03-05 09:00:00,cambium_co2_rate_lrmer,107.6
CA,2022,2022-03-05 10:00:00,cambium_co2_rate_lrmer,77.6
CA,2022,2022-03-05 11:00:00,cambium_co2_rate_lrmer,44.44
CA,2022,2022-03-05 12:00:00,cambium_co2_rate_lrmer,47.8
CA,2022,2022-03-05 13:00:00,cambium_co2_rate_lrmer,45.9
CA,2022,2022-03-05 14:00:00,cambium_co2_rate_lrmer,43.8
CA,2022,2022-03-05 15:00:00,cambium_co2_rate_lrmer,49.0
CA,2022,2022-03-05 16:00:00,cambium_co2_rate_lrmer,51.84
CA,2022,2022-03-05 17:00:00,cambium_co2_rate_lrmer,54.16
CA,2022,2022-03-05 18:00:00,cambium_co2_rate_lrmer,48.3
CA,2022,2022-03-05 19:00:00,cambium_co2_rate_lrmer,57.34
CA,2022,2022-03-05 20:00:00,cambium_co2_rate_lrmer,113.5
CA,2022,2022-03-05 21:00:00,cambium_co2_rate_lrmer,121.0
CA,2022,2022-03-05 22:00:00,cambium_co2_rate_lrmer,116.06
CA,2022,2022-03-05 23:00:00,cambium_co2_rate_lrmer,113.0
CA,2022,2022-03-06 00:00:00,cambium_co2_rate_lrmer,114.0
CA,2022,2022-03-06 01:00:00,cambium_co2_rate_lrmer,109.0
CA,2022,2022-03-06 02:00:00,cambium_co2_rate_lrmer,121.4
CA,2022,2022-03-06 03:00:00,cambium_co2_rate_lrmer,116.6
CA,2022,2022-03-06 04:00:00,cambium_co2_rate_lrmer,124.0
CA,2022,2022-03-06 05:00:00,cambium_co2_rate_lrmer,122.25
CA,2022,2022-03-06 06:00:00,cambium_co2_rate_lrmer,124.9
CA,2022,2022-03-06 07:00:00,cambium_co2_rate_lrmer,116.75
CA,2022,2022-03-06 08:00:00,cambium_co2_rate_lrmer,103.75
CA,2022,2022-03-06 09:00:00,cambium_co2_rate_lrmer,105.56
CA,2022,2022-03-06 10:00:00,cambium_co2_rate_lrmer,76.2
CA,2022,2022-03-06 11:00:00,cambium_co2_rate_lrmer,44.06
CA,2022,2022-03-06 12:00:00,cambium_co2_rate_lrmer,47.28
CA,2022,2022-03-06 13:00:00,cambium_co2_rate_lrmer,45.53
CA,2022,2022-03-06 14:00:00,cambium_co2_rate_lrmer,43.06
CA,2022,2022-03-06 15:00:00,cambium_co2_rate_lrmer,48.5
CA,2022,2022-03-06 16:00:00,cambium_co2_rate_lrmer,51.44
CA,2022,2022-03-06 17:00:00,cambium_co2_rate_lrmer,53.72
CA,2022,2022-03-06 18:00:00,cambium_co2_rate_lrmer,48.28
CA,2022,2022-03-06 19:00:00,cambium_co2_rate_lrmer,57.7
CA,2022,2022-03-06 20:00:00,cambium_co2_rate_lrmer,110.4
CA,2022,2022-03-06 21:00:00,cambium_co2_rate_lrmer,120.06
CA,2022,2022-03-06 22:00:00,cambium_co2_rate_lrmer,114.5
CA,2022,2022-03-06 23:00:00,cambium_co2_rate_lrmer,112.06
CA,2022,2022-03-07 00:00:00,cambium_co2_rate_lrmer,111.8
CA,2022,2022-03-07 01:00:00,cambium_co2_rate_lrmer,106.9
CA,2022,2022-03-07 02:00:00,cambium_co2_rate_lrmer,118.2
CA,2022,2022-03-07 03:00:00,cambium_co2_rate_lrmer,114.3
CA,2022,2022-03-07 04:00:00,cambium_co2_rate_lrmer,124.06
CA,2022,2022-03-07 05:00:00,cambium_co2_rate_lrmer,122.9
CA,2022,2022-03-07 06:00:00,cambium_co2_rate_lrmer,124.75
CA,2022,2022-03-07 07:00:00,cambium_co2_rate_lrmer,116.5
CA,2022,2022-03-07 08:00:00,cambium_co2_rate_lrmer,104.1
CA,2022,2022-03-07 09:00:00,cambium_co2_rate_lrmer,104.94
CA,2022,2022-03-07 10:00:00,cambium_co2_rate_lrmer,76.25
CA,2022,2022-03-07 11:00:00,cambium_co2_rate_lrmer,43.16
CA,2022,2022-03-07 12:00:00,cambium_co2_rate_lrmer,44.84
CA,2022,2022-03-07 13:00:00,cambium_co2_rate_lrmer,46.1
CA,2022,2022-03-07 14:00:00,cambium_co2_rate_lrmer,43.06
CA,2022,2022-03-07 15:00:00,cambium_co2_rate_lrmer,48.47
CA,2022,2022-03-07 16:00:00,cambium_co2_rate_lrmer,51.38
CA,2022,2022-03-07 17:00:00,cambium_co2_rate_lrmer,53.44
CA,2022,2022-03-07 18:00:00,cambium_co2_rate_lrmer,47.9
CA,2022,2022-03-07 19:00:00,cambium_co2_rate_lrmer,56.3
CA,2022,2022-03-07 20:00:00,cambium_co2_rate_lrmer,109.75
CA,2022,2022-03-07 21:00:00,cambium_co2_rate_lrmer,119.75
CA,2022,2022-03-07 22:00:00,cambium_co2_rate_lrmer,114.44
CA,2022,2022-03-07 23:00:00,cambium_co2_rate_lrmer,111.9
CA,2022,2022-03-08 00:00:00,cambium_co2_rate_lrmer,111.8
CA,2022,2022-03-08 01:00:00,cambium_co2_rate_lrmer,106.9
CA,2022,2022-03-08 02:00:00,cambium_co2_rate_lrmer,119.3
CA,2022,2022-03-08 03:00:00,cambium_co2_rate_lrmer,115.4
CA,2022,2022-03-08 04:00:00,cambium_co2_rate_lrmer,125.56
CA,2022,2022-03-08 05:00:00,cambium_co2_rate_lrmer,123.44
CA,2022,2022-03-08 06:00:00,cambium_co2_rate_lrmer,125.4
CA,2022,2022-03-08 07:00:00,cambium_co2_rate_lrmer,117.9
CA,2022,2022-03-08 08:00:00,cambium_co2_rate_lrmer,106.25
CA,2022,2022-03-08 09:00:00,cambium_co2_rate_lrmer,107.9
CA,2022,2022-03-08 10:00:00,cambium_co2_rate_lrmer,80.2
CA,2022,2022-03-08 11:00:00,cambium_co2_rate_lrmer,45.9
CA,2022,2022-03-08 12:00:00,cambium_co2_rate_lrmer,49.03
CA,2022,2022-03-08 13:00:00,cambium_co2_rate_lrmer,50.1
CA,2022,2022-03-08 14:00:00,cambium_co2_rate_lrmer,45.94
CA,2022,2022-03-08 15:00:00,cambium_co2_rate_lrmer,51.97
CA,2022,2022-03-08 16:00:00,cambium_co2_rate_lrmer,55.12
CA,2022,2022-03-08 17:00:00,cambium_co2_rate_lrmer,57.4
CA,2022,2022-03-08 18:00:00,cambium_co2_rate_lrmer,52.44
CA,2022,2022-03-08 19:00:00,cambium_co2_rate_lrmer,59.7
CA,2022,2022-03-08 20:00:00,cambium_co2_rate_lrmer,114.1
CA,2022,2022-03-08 21:00:00,cambium_co2_rate_lrmer,125.8
CA,2022,2022-03-08 22:00:00,cambium_co2_rate_lrmer,120.2
CA,2022,2022-03-08 23:00:00,cambium_co2_rate_lrmer,117.25
CA,2022,2022-03-09 00:00:00,cambium_co2_rate_lrmer,118.75
CA,2022,2022-03-09 01:00:00,cambium_co2_rate_lrmer,113.1
CA,2022,2022-03-09 02:00:00,cambium_co2_rate_lrmer,123.4
CA,2022,2022-03-09 03:00:00,cambium_co2_rate_lrmer,116.0
CA,2022,2022-03-09 04:00:00,cambium_co2_rate_lrmer,124.9
CA,2022,2022-03-09 05:00:00,cambium_co2_rate_lrmer,122.06
CA,2022,2022-03-09 06:00:00,cambium_co2_rate_lrmer,123.75
CA,2022,2022-03-09 07:00:00,cambium_co2_rate_lrmer,118.3
CA,2022,2022-03-09 08:00:00,cambium_co2_rate_lrmer,107.75
CA,2022,2022-03-09 09:00:00,cambium_co2_rate_lrmer,109.75
CA,2022,2022-03-09 10:00:00,cambium_co2_rate_lrmer,78.94
CA,2022,2022-03-09 11:00:00,cambium_co2_rate_lrmer,46.7
CA,2022,2022-03-09 12:00:00,cambium_co2_rate_lrmer,48.94
CA,2022,2022-03-09 13:00:00,cambium_co2_rate_lrmer,49.56
CA,2022,2022-03-09 14:00:00,cambium_co2_rate_lrmer,45.8
CA,2022,2022-03-09 15:00:00,cambium_co2_rate_lrmer,52.12
CA,2022,2022-03-09 16:00:00,cambium_co2_rate_lrmer,55.56
CA,2022,2022-03-09 17:00:00,cambium_co2_rate_lrmer,58.03
CA,2022,2022-03-09 18:00:00,cambium_co2_rate_lrmer,54.22
CA,2022,2022-03-09 19:00:00,cambium_co2_rate_lrmer,59.38
CA,2022,2022-03-09 20:00:00,cambium_co2_rate_lrmer,117.9
CA,2022,2022-03-09 21:00:00,cambium_co2_rate_lrmer,126.44
CA,2022,2022-03-09 22:00:00,cambium_co2_rate_lrmer,123.75
CA,2022,2022-03-09 23:00:00,cambium_co2_rate_lrmer,119.6
CA,2022,2022-03-10 00:00:00,cambium_co2_rate_lrmer,120.25
CA,2022,2022-03-10 01:00:00,cambium_co2_rate_lrmer,117.56
CA,2022,2022-03-10 02:00:00,cambium_co2_rate_lrmer,124.2
CA,2022,2022-03-10 03:00:00,cambium_co2_rate_lrmer,118.0
CA,2022,2022-03-10 04:00:00,cambium_co2_rate_lrmer,126.3
CA,2022,2022-03-10 05:00:00,cambium_co2_rate_lrmer,124.75
CA,2022,2022-03-10 06:00:00,cambium_co2_rate_lrmer,126.7
CA,2022,2022-03-10 07:00:00,cambium_co2_rate_lrmer,123.6
CA,2022,2022-03-10 08:00:00,cambium_co2_rate_lrmer,114.3
CA,2022,2022-03-10 09:00:00,cambium_co2_rate_lrmer,115.6
CA,2022,2022-03-10 10:00:00,cambium_co2_rate_lrmer,82.3
CA,2022,2022-03-10 11:00:00,cambium_co2_rate_lrmer,45.88
CA,2022,2022-03-10 12:00:00,cambium_co2_rate_lrmer,48.3
CA,2022,2022-03-10 13:00:00,cambium_co2_rate_lrmer,48.88
CA,2022,2022-03-10 14:00:00,cambium_co2_rate_lrmer,45.12
CA,2022,2022-03-10 15:00:00,cambium_co2_rate_lrmer,51.44
CA,2022,2022-03-10 16:00:00,cambium_co2_rate_lrmer,54.94
CA,2022,2022-03-10 17:00:00,cambium_co2_rate_lrmer,57.3
CA,2022,2022-03-10 18:00:00,cambium_co2_rate_lrmer,54.84
CA,2022,2022-03-10 19:00:00,cambium_co2_rate_lrmer,62.38
CA,2022,2022-03-10 20:00:00,cambium_co2_rate_lrmer,119.5
CA,2022,2022-03-10 21:00:00,cambium_co2_rate_lrmer,129.0
CA,2022,2022-03-10 22:00:00,cambium_co2_rate_lrmer,125.94
CA,2022,2022-03-10 23:00:00,cambium_co2_rate_lrmer,122.0
CA,2022,2022-03-11 00:00:00,cambium_co2_rate_lrmer,121.06
CA,2022,2022-03-11 01:00:00,cambium_co2_rate_lrmer,117.0
CA,2022,2022-03-11 02:00:00,cambium_co2_rate_lrmer,121.94
CA,2022,2022-03-11 03:00:00,cambium_co2_rate_lrmer,116.4
CA,2022,2022-03-11 04:00:00,cambium_co2_rate_lrmer,124.8
CA,2022,2022-03-11 05:00:00,cambium_co2_rate_lrmer,123.8
CA,2022,2022-03-11 06:00:00,cambium_co2_rate_lrmer,125.0
CA,2022,2022-03-11 07:00:00,cambium_co2_rate_lrmer,121.1
CA,2022,2022-03-11 08:00:00,cambium_co2_rate_lrmer,109.94
CA,2022,2022-03-11 09:00:00,cambium_co2_rate_lrmer,112.3
CA,2022,2022-03-11 10:00:00,cambium_co2_rate_lrmer,78.4
CA,2022,2022-03-11 11:00:00,cambium_co2_rate_lrmer,45.2
CA,2022,2022-03-11 12:00:00,cambium_co2_rate_lrmer,47.47
CA,2022,2022-03-11 13:00:00,cambium_co2_rate_lrmer,48.25
CA,2022,2022-03-11 14:00:00,cambium_co2_rate_lrmer,44.47
CA,2022,2022-03-11 15:00:00,cambium_co2_rate_lrmer,50.88
CA,2022,2022-03-11 16:00:00,cambium_co2_rate_lrmer,54.3
CA,2022,2022-03-11 17:00:00,cambium_co2_rate_lrmer,56.66
CA,2022,2022-03-11 18:00:00,cambium_co2_rate_lrmer,54.53
CA,2022,2022-03-11 19:00:00,cambium_co2_rate_lrmer,61.75
CA,2022,2022-03-11 20:00:00,cambium_co2_rate_lrmer,116.8
CA,2022,2022-03-11 21:00:00,cambium_co2_rate_lrmer,127.06
CA,2022,2022-03-11 22:00:00,cambium_co2_rate_lrmer,126.1
CA,2022,2022-03-11 23:00:00,cambium_co2_rate_lrmer,121.3
CA,2022,2022-03-12 00:00:00,cambium_co2_rate_lrmer,117.9
CA,2022,2022-03-12 01:00:00,cambium_co2_rate_lrmer,115.4
CA,2022,2022-03-12 02:00:00,cambium_co2_rate_lrmer,118.3
CA,2022,2022-03-12 03:00:00,cambium_co2_rate_lrmer,113.44
CA,2022,2022-03-12 04:00:00,cambium_co2_rate_lrmer,120.8
CA,2022,2022-03-12 05:00:00,cambium_co2_rate_lrmer,120.5
CA,2022,2022-03-12 06:00:00,cambium_co2_rate_lrmer,120.3
CA,2022,2022-03-12 07:00:00,cambium_co2_rate_lrmer,117.2
CA,2022,2022-03-12 08:00:00,cambium_co2_rate_lrmer,104.8
CA,2022,2022-03-12 09:00:00,cambium_co2_rate_lrmer,108.75
CA,2022,2022-03-12 10:00:00,cambium_co2_rate_lrmer,77.5
CA,2022,2022-03-12 11:00:00,cambium_co2_rate_lrmer,45.12
CA,2022,2022-03-12 12:00:00,cambium_co2_rate_lrmer,47.5
CA,2022,2022-03-12 13:00:00,cambium_co2_rate_lrmer,48.16
CA,2022,2022-03-12 14:00:00,cambium_co2_rate_lrmer,44.56
CA,2022,2022-03-12 15:00:00,cambium_co2_rate_lrmer,50.97
CA,2022,2022-03-12 16:00:00,cambium_co2_rate_lrmer,54.25
CA,2022,2022-03-12 17:00:00,cambium_co2_rate_lrmer,56.7
CA,2022,2022-03-12 18:00:00,cambium_co2_rate_lrmer,54.12
CA,2022,2022-03-12 19:00:00,cambium_co2_rate_lrmer,62.78
CA,2022,2022-03-12 20:00:00,cambium_co2_rate_lrmer,112.44
CA,2022,2022-03-12 21:00:00,cambium_co2_rate_lrmer,123.4
CA,2022,2022-03-12 22:00:00,cambium_co2_rate_lrmer,124.25
CA,2022,2022-03-12 23:00:00,cambium_co2_rate_lrmer,119.7
CA,2022,2022-03-13 00:00:00,cambium_co2_rate_lrmer,114.7
CA,2022,2022-03-13 01:00:00,cambium_co2_rate_lrmer,111.94
CA,2022,2022-03-13 02:00:00,cambium_co2_rate_lrmer,115.6
CA,2022,2022-03-13 03:00:00,cambium_co2_rate_lrmer,114.0
CA,2022,2022-03-13 04:00:00,cambium_co2_rate_lrmer,120.06
CA,2022,2022-03-13 05:00:00,cambium_co2_rate_lrmer,117.1
CA,2022,2022-03-13 06:00:00,cambium_co2_rate_lrmer,115.4
CA,2022,2022-03-13 07:00:00,cambium_co2_rate_lrmer,112.75
CA,2022,2022-03-13 08:00:00,cambium_co2_rate_lrmer,101.25
CA,2022,2022-03-13 09:00:00,cambium_co2_rate_lrmer,107.6
CA,2022,2022-03-13 10:00:00,cambium_co2_rate_lrmer,78.75
CA,2022,2022-03-13 11:00:00,cambium_co2_rate_lrmer,45.53
CA,2022,2022-03-13 12:00:00,cambium_co2_rate_lrmer,41.62
CA,2022,2022-03-13 13:00:00,cambium_co2_rate_lrmer,41.56
CA,2022,2022-03-13 14:00:00,cambium_co2_rate_lrmer,38.2
CA,2022,2022-03-13 15:00:00,cambium_co2_rate_lrmer,44.2
CA,2022,2022-03-13 16:00:00,cambium_co2_rate_lrmer,47.47
CA,2022,2022-03-13 17:00:00,cambium_co2_rate_lrmer,49.78
CA,2022,2022-03-13 18:00:00,cambium_co2_rate_lrmer,46.94
CA,2022,2022-03-13 19:00:00,cambium_co2_rate_lrmer,63.25
CA,2022,2022-03-13 20:00:00,cambium_co2_rate_lrmer,111.5
CA,2022,2022-03-13 21:00:00,cambium_co2_rate_lrmer,123.4
CA,2022,2022-03-13 22:00:00,cambium_co2_rate_lrmer,124.2
CA,2022,2022-03-13 23:00:00,cambium_co2_rate_lrmer,119.0
CA,2022,2022-03-14 00:00:00,cambium_co2_rate_lrmer,112.7
CA,2022,2022-03-14 01:00:00,cambium_co2_rate_lrmer,110.1
CA,2022,2022-03-14 02:00:00,cambium_co2_rate_lrmer,111.9
CA,2022,2022-03-14 03:00:00,cambium_co2_rate_lrmer,112.4
CA,2022,2022-03-14 04:00:00,cambium_co2_rate_lrmer,118.06
CA,2022,2022-03-14 05:00:00,cambium_co2_rate_lrmer,115.6
CA,2022,2022-03-14 06:00:00,cambium_co2_rate_lrmer,113.06
CA,2022,2022-03-14 07:00:00,cambium_co2_rate_lrmer,111.0
CA,2022,2022-03-14 08:00:00,cambium_co2_rate_lrmer,97.5
CA,2022,2022-03-14 09:00:00,cambium_co2_rate_lrmer,103.06
CA,2022,2022-03-14 10:00:00,cambium_co2_rate_lrmer,77.25
CA,2022,2022-03-14 11:00:00,cambium_co2_rate_lrmer,44.94
CA,2022,2022-03-14 12:00:00,cambium_co2_rate_lrmer,37.6
CA,2022,2022-03-14 13:00:00,cambium_co2_rate_lrmer,37.84
CA,2022,2022-03-14 14:00:00,cambium_co2_rate_lrmer,37.16
CA,2022,2022-03-14 15:00:00,cambium_co2_rate_lrmer,39.94
CA,2022,2022-03-14 16:00:00,cambium_co2_rate_lrmer,43.12
CA,2022,2022-03-14 17:00:00,cambium_co2_rate_lrmer,45.4
CA,2022,2022-03-14 18:00:00,cambium_co2_rate_lrmer,43.1
CA,2022,2022-03-14 19:00:00,cambium_co2_rate_lrmer,63.2
CA,2022,2022-03-14 20:00:00,cambium_co2_rate_lrmer,107.5
CA,2022,2022-03-14 21:00:00,cambium_co2_rate_lrmer,121.1
CA,2022,2022-03-14 22:00:00,cambium_co2_rate_lrmer,123.75
CA,2022,2022-03-14 23:00:00,cambium_co2_rate_lrmer,118.0
CA,2022,2022-03-15 00:00:00,cambium_co2_rate_lrmer,108.7
CA,2022,2022-03-15 01:00:00,cambium_co2_rate_lrmer,104.25
CA,2022,2022-03-15 02:00:00,cambium_co2_rate_lrmer,104.7
CA,2022,2022-03-15 03:00:00,cambium_co2_rate_lrmer,103.1
CA,2022,2022-03-15 04:00:00,cambium_co2_rate_lrmer,109.5
CA,2022,2022-03-15 05:00:00,cambium_co2_rate_lrmer,107.2
CA,2022,2022-03-15 06:00:00,cambium_co2_rate_lrmer,104.56
CA,2022,2022-03-15 07:00:00,cambium_co2_rate_lrmer,106.6
CA,2022,2022-03-15 08:00:00,cambium_co2_rate_lrmer,92.8
CA,2022,2022-03-15 09:00:00,cambium_co2_rate_lrmer,100.7
CA,2022,2022-03-15 10:00:00,cambium_co2_rate_lrmer,74.2
CA,2022,2022-03-15 11:00:00,cambium_co2_rate_lrmer,42.78
CA,2022,2022-03-15 12:00:00,cambium_co2_rate_lrmer,37.56
CA,2022,2022-03-15 13:00:00,cambium_co2_rate_lrmer,37.9
CA,2022,2022-03-15 14:00:00,cambium_co2_rate_lrmer,36.25
CA,2022,2022-03-15 15:00:00,cambium_co2_rate_lrmer,38.78
CA,2022,2022-03-15 16:00:00,cambium_co2_rate_lrmer,42.78
CA,2022,2022-03-15 17:00:00,cambium_co2_rate_lrmer,45.12
CA,2022,2022-03-15 18:00:00,cambium_co2_rate_lrmer,41.7
CA,2022,2022-03-15 19:00:00,cambium_co2_rate_lrmer,59.94
CA,2022,2022-03-15 20:00:00,cambium_co2_rate_lrmer,104.2
CA,2022,2022-03-15 21:00:00,cambium_co2_rate_lrmer,116.9
CA,2022,2022-03-15 22:00:00,cambium_co2_rate_lrmer,119.5
CA,2022,2022-03-15 23:00:00,cambium_co2_rate_lrmer,113.56
CA,2022,2022-03-16 00:00:00,cambium_co2_rate_lrmer,108.0
CA,2022,2022-03-16 01:00:00,cambium_co2_rate_lrmer,104.44
CA,2022,2022-03-16 02:00:00,cambium_co2_rate_lrmer,104.06
CA,2022,2022-03-16 03:00:00,cambium_co2_rate_lrmer,104.9
CA,2022,2022-03-16 04:00:00,cambium_co2_rate_lrmer,110.5
CA,2022,2022-03-16 05:00:00,cambium_co2_rate_lrmer,107.4
CA,2022,2022-03-16 06:00:00,cambium_co2_rate_lrmer,106.06
CA,2022,2022-03-16 07:00:00,cambium_co2_rate_lrmer,108.6
CA,2022,2022-03-16 08:00:00,cambium_co2_rate_lrmer,93.6
CA,2022,2022-03-16 09:00:00,cambium_co2_rate_lrmer,100.6
CA,2022,2022-03-16 10:00:00,cambium_co2_rate_lrmer,73.4
CA,2022,2022-03-16 11:00:00,cambium_co2_rate_lrmer,45.03
CA,2022,2022-03-16 12:00:00,cambium_co2_rate_lrmer,39.94
CA,2022,2022-03-16 13:00:00,cambium_co2_rate_lrmer,40.0
CA,2022,2022-03-16 14:00:00,cambium_co2_rate_lrmer,35.1
CA,2022,2022-03-16 15:00:00,cambium_co2_rate_lrmer,37.97
CA,2022,2022-03-16 16:00:00,cambium_co2_rate_lrmer,42.97
CA,2022,2022-03-16 17:00:00,cambium_co2_rate_lrmer,44.94
CA,2022,2022-03-16 18:00:00,cambium_co2_rate_lrmer,41.6
CA,2022,2022-03-16 19:00:00,cambium_co2_rate_lrmer,59.47
CA,2022,2022-03-16 20:00:00,cambium_co2_rate_lrmer,100.6
CA,2022,2022-03-16 21:00:00,cambium_co2_rate_lrmer,113.4
CA,2022,2022-03-16 22:00:00,cambium_co2_rate_lrmer,117.5
CA,2022,2022-03-16 23:00:00,cambium_co2_rate_lrmer,111.2
CA,2022,2022-03-17 00:00:00,cambium_co2_rate_lrmer,101.8
CA,2022,2022-03-17 01:00:00,cambium_co2_rate_lrmer,96.3
CA,2022,2022-03-17 02:00:00,cambium_co2_rate_lrmer,95.9
CA,2022,2022-03-17 03:00:00,cambium_co2_rate_lrmer,97.7
CA,2022,2022-03-17 04:00:00,cambium_co2_rate_lrmer,102.9
CA,2022,2022-03-17 05:00:00,cambium_co2_rate_lrmer,98.8
CA,2022,2022-03-17 06:00:00,cambium_co2_rate_lrmer,98.3
CA,2022,2022-03-17 07:00:00,cambium_co2_rate_lrmer,103.5
CA,2022,2022-03-17 08:00:00,cambium_co2_rate_lrmer,92.75
CA,2022,2022-03-17 09:00:00,cambium_co2_rate_lrmer,101.1
CA,2022,2022-03-17 10:00:00,cambium_co2_rate_lrmer,73.94
CA,2022,2022-03-17 11:00:00,cambium_co2_rate_lrmer,45.94
CA,2022,2022-03-17 12:00:00,cambium_co2_rate_lrmer,41.12
CA,2022,2022-03-17 13:00:00,cambium_co2_rate_lrmer,41.78
CA,2022,2022-03-17 14:00:00,cambium_co2_rate_lrmer,36.75
CA,2022,2022-03-17 15:00:00,cambium_co2_rate_lrmer,37.94
CA,2022,2022-03-17 16:00:00,cambium_co2_rate_lrmer,43.6
CA,2022,2022-03-17 17:00:00,cambium_co2_rate_lrmer,45.66
CA,2022,2022-03-17 18:00:00,cambium_co2_rate_lrmer,42.3
CA,2022,2022-03-17 19:00:00,cambium_co2_rate_lrmer,61.2
CA,2022,2022-03-17 20:00:00,cambium_co2_rate_lrmer,101.56
CA,2022,2022-03-17 21:00:00,cambium_co2_rate_lrmer,108.94
CA,2022,2022-03-17 22:00:00,cambium_co2_rate_lrmer,112.75
CA,2022,2022-03-17 23:00:00,cambium_co2_rate_lrmer,111.9
CA,2022,2022-03-18 00:00:00,cambium_co2_rate_lrmer,102.1
CA,2022,2022-03-18 01:00:00,cambium_co2_rate_lrmer,96.94
CA,2022,2022-03-18 02:00:00,cambium_co2_rate_lrmer,96.7
CA,2022,2022-03-18 03:00:00,cambium_co2_rate_lrmer,98.9
CA,2022,2022-03-18 04:00:00,cambium_co2_rate_lrmer,104.2
CA,2022,2022-03-18 05:00:00,cambium_co2_rate_lrmer,99.6
CA,2022,2022-03-18 06:00:00,cambium_co2_rate_lrmer,98.5
CA,2022,2022-03-18 07:00:00,cambium_co2_rate_lrmer,103.1
CA,2022,2022-03-18 08:00:00,cambium_co2_rate_lrmer,92.1
CA,2022,2022-03-18 09:00:00,cambium_co2_rate_lrmer,100.1
CA,2022,2022-03-18 10:00:00,cambium_co2_rate_lrmer,74.7
CA,2022,2022-03-18 11:00:00,cambium_co2_rate_lrmer,47.56
CA,2022,2022-03-18 12:00:00,cambium_co2_rate_lrmer,41.34
CA,2022,2022-03-18 13:00:00,cambium_co2_rate_lrmer,43.56
CA,2022,2022-03-18 14:00:00,cambium_co2_rate_lrmer,38.44
CA,2022,2022-03-18 15:00:00,cambium_co2_rate_lrmer,39.0
CA,2022,2022-03-18 16:00:00,cambium_co2_rate_lrmer,44.84
CA,2022,2022-03-18 17:00:00,cambium_co2_rate_lrmer,47.4
CA,2022,2022-03-18 18:00:00,cambium_co2_rate_lrmer,41.8
CA,2022,2022-03-18 19:00:00,cambium_co2_rate_lrmer,63.06
CA,2022,2022-03-18 20:00:00,cambium_co2_rate_lrmer,99.7
CA,2022,2022-03-18 21:00:00,cambium_co2_rate_lrmer,106.8
CA,2022,2022-03-18 22:00:00,cambium_co2_rate_lrmer,111.25
CA,2022,2022-03-18 23:00:00,cambium_co2_rate_lrmer,111.4
CA,2022,2022-03-19 00:00:00,cambium_co2_rate_lrmer,99.9
CA,2022,2022-03-19 01:00:00,cambium_co2_rate_lrmer,96.6
CA,2022,2022-03-19 02:00:00,cambium_co2_rate_lrmer,93.5
CA,2022,2022-03-19 03:00:00,cambium_co2_rate_lrmer,96.9
CA,2022,2022-03-19 04:00:00,cambium_co2_rate_lrmer,101.5
CA,2022,2022-03-19 05:00:00,cambium_co2_rate_lrmer,99.56
CA,2022,2022-03-19 06:00:00,cambium_co2_rate_lrmer,98.06
CA,2022,2022-03-19 07:00:00,cambium_co2_rate_lrmer,100.3
CA,2022,2022-03-19 08:00:00,cambium_co2_rate_lrmer,91.3
CA,2022,2022-03-19 09:00:00,cambium_co2_rate_lrmer,98.4
CA,2022,2022-03-19 10:00:00,cambium_co2_rate_lrmer,73.0
CA,2022,2022-03-19 11:00:00,cambium_co2_rate_lrmer,47.6
CA,2022,2022-03-19 12:00:00,cambium_co2_rate_lrmer,41.3
CA,2022,2022-03-19 13:00:00,cambium_co2_rate_lrmer,43.3
CA,2022,2022-03-19 14:00:00,cambium_co2_rate_lrmer,38.2
CA,2022,2022-03-19 15:00:00,cambium_co2_rate_lrmer,36.6
CA,2022,2022-03-19 16:00:00,cambium_co2_rate_lrmer,44.62
CA,2022,2022-03-19 17:00:00,cambium_co2_rate_lrmer,43.78
CA,2022,2022-03-19 18:00:00,cambium_co2_rate_lrmer,41.66
CA,2022,2022-03-19 19:00:00,cambium_co2_rate_lrmer,61.94
CA,2022,2022-03-19 20:00:00,cambium_co2_rate_lrmer,98.1
CA,2022,2022-03-19 21:00:00,cambium_co2_rate_lrmer,105.1
CA,2022,2022-03-19 22:00:00,cambium_co2_rate_lrmer,111.8
CA,2022,2022-03-19 23:00:00,cambium_co2_rate_lrmer,112.2
CA,2022,2022-03-20 00:00:00,cambium_co2_rate_lrmer,101.06
CA,2022,2022-03-20 01:00:00,cambium_co2_rate_lrmer,98.0
CA,2022,2022-03-20 02:00:00,cambium_co2_rate_lrmer,95.4
CA,2022,2022-03-20 03:00:00,cambium_co2_rate_lrmer,97.9
CA,2022,2022-03-20 04:00:00,cambium_co2_rate_lrmer,102.1
CA,2022,2022-03-20 05:00:00,cambium_co2_rate_lrmer,99.94
CA,2022,2022-03-20 06:00:00,cambium_co2_rate_lrmer,100.1
CA,2022,2022-03-20 07:00:00,cambium_co2_rate_lrmer,101.56
CA,2022,2022-03-20 08:00:00,cambium_co2_rate_lrmer,92.9
CA,2022,2022-03-20 09:00:00,cambium_co2_rate_lrmer,99.9
CA,2022,2022-03-20 10:00:00,cambium_co2_rate_lrmer,73.56
CA,2022,2022-03-20 11:00:00,cambium_co2_rate_lrmer,47.78
CA,2022,2022-03-20 12:00:00,cambium_co2_rate_lrmer,40.53
CA,2022,2022-03-20 13:00:00,cambium_co2_rate_lrmer,42.8
CA,2022,2022-03-20 14:00:00,cambium_co2_rate_lrmer,38.94
CA,2022,2022-03-20 15:00:00,cambium_co2_rate_lrmer,37.28
CA,2022,2022-03-20 16:00:00,cambium_co2_rate_lrmer,45.62
CA,2022,2022-03-20 17:00:00,cambium_co2_rate_lrmer,44.75
CA,2022,2022-03-20 18:00:00,cambium_co2_rate_lrmer,43.03
CA,2022,2022-03-20 19:00:00,cambium_co2_rate_lrmer,62.38
CA,2022,2022-03-20 20:00:00,cambium_co2_rate_lrmer,99.0
CA,2022,2022-03-20 21:00:00,cambium_co2_rate_lrmer,105.9
CA,2022,2022-03-20 22:00:00,cambium_co2_rate_lrmer,111.9
CA,2022,2022-03-20 23:00:00,cambium_co2_rate_lrmer,112.5
CA,2022,2022-03-21 00:00:00,cambium_co2_rate_lrmer,102.25
CA,2022,2022-03-21 01:00:00,cambium_co2_rate_lrmer,97.6
CA,2022,2022-03-21 02:00:00,cambium_co2_rate_lrmer,94.7
CA,2022,2022-03-21 03:00:00,cambium_co2_rate_lrmer,97.06
CA,2022,2022-03-21 04:00:00,cambium_co2_rate_lrmer,101.8
CA,2022,2022-03-21 05:00:00,cambium_co2_rate_lrmer,99.4
CA,2022,2022-03-21 06:00:00,cambium_co2_rate_lrmer,100.0
CA,2022,2022-03-21 07:00:00,cambium_co2_rate_lrmer,100.9
CA,2022,2022-03-21 08:00:00,cambium_co2_rate_lrmer,93.94
CA,2022,2022-03-21 09:00:00,cambium_co2_rate_lrmer,103.56
CA,2022,2022-03-21 10:00:00,cambium_co2_rate_lrmer,75.25
CA,2022,2022-03-21 11:00:00,cambium_co2_rate_lrmer,48.94
CA,2022,2022-03-21 12:00:00,cambium_co2_rate_lrmer,42.44
CA,2022,2022-03-21 13:00:00,cambium_co2_rate_lrmer,44.8
CA,2022,2022-03-21 14:00:00,cambium_co2_rate_lrmer,39.3
CA,2022,2022-03-21 15:00:00,cambium_co2_rate_lrmer,37.7
CA,2022,2022-03-21 16:00:00,cambium_co2_rate_lrmer,44.1
CA,2022,2022-03-21 17:00:00,cambium_co2_rate_lrmer,43.3
CA,2022,2022-03-21 18:00:00,cambium_co2_rate_lrmer,42.8
CA,2022,2022-03-21 19:00:00,cambium_co2_rate_lrmer,63.38
CA,2022,2022-03-21 20:00:00,cambium_co2_rate_lrmer,100.06
CA,2022,2022-03-21 21:00:00,cambium_co2_rate_lrmer,102.0
CA,2022,2022-03-21 22:00:00,cambium_co2_rate_lrmer,117.0
CA,2022,2022-03-21 23:00:00,cambium_co2_rate_lrmer,117.8
CA,2022,2022-03-22 00:00:00,cambium_co2_rate_lrmer,105.0
CA,2022,2022-03-22 01:00:00,cambium_co2_rate_lrmer,99.56
CA,2022,2022-03-22 02:00:00,cambium_co2_rate_lrmer,95.94
CA,2022,2022-03-22 03:00:00,cambium_co2_rate_lrmer,98.0
CA,2022,2022-03-22 04:00:00,cambium_co2_rate_lrmer,103.44
CA,2022,2022-03-22 05:00:00,cambium_co2_rate_lrmer,101.3
CA,2022,2022-03-22 06:00:00,cambium_co2_rate_lrmer,100.9
CA,2022,2022-03-22 07:00:00,cambium_co2_rate_lrmer,102.1
CA,2022,2022-03-22 08:00:00,cambium_co2_rate_lrmer,95.9
CA,2022,2022-03-22 09:00:00,cambium_co2_rate_lrmer,105.4
CA,2022,2022-03-22 10:00:00,cambium_co2_rate_lrmer,77.1
CA,2022,2022-03-22 11:00:00,cambium_co2_rate_lrmer,50.4
CA,2022,2022-03-22 12:00:00,cambium_co2_rate_lrmer,43.22
CA,2022,2022-03-22 13:00:00,cambium_co2_rate_lrmer,46.72
CA,2022,2022-03-22 14:00:00,cambium_co2_rate_lrmer,41.22
CA,2022,2022-03-22 15:00:00,cambium_co2_rate_lrmer,39.6
CA,2022,2022-03-22 16:00:00,cambium_co2_rate_lrmer,46.03
CA,2022,2022-03-22 17:00:00,cambium_co2_rate_lrmer,45.3
CA,2022,2022-03-22 18:00:00,cambium_co2_rate_lrmer,44.9
CA,2022,2022-03-22 19:00:00,cambium_co2_rate_lrmer,65.75
CA,2022,2022-03-22 20:00:00,cambium_co2_rate_lrmer,101.8
CA,2022,2022-03-22 21:00:00,cambium_co2_rate_lrmer,104.6
CA,2022,2022-03-22 22:00:00,cambium_co2_rate_lrmer,120.0
CA,2022,2022-03-22 23:00:00,cambium_co2_rate_lrmer,120.75
CA,2022,2022-03-23 00:00:00,cambium_co2_rate_lrmer,107.8
CA,2022,2022-03-23 01:00:00,cambium_co2_rate_lrmer,99.94
CA,2022,2022-03-23 02:00:00,cambium_co2_rate_lrmer,96.8
CA,2022,2022-03-23 03:00:00,cambium_co2_rate_lrmer,98.7
CA,2022,2022-03-23 04:00:00,cambium_co2_rate_lrmer,105.06
CA,2022,2022-03-23 05:00:00,cambium_co2_rate_lrmer,104.75
CA,2022,2022-03-23 06:00:00,cambium_co2_rate_lrmer,101.44
CA,2022,2022-03-23 07:00:00,cambium_co2_rate_lrmer,103.7
CA,2022,2022-03-23 08:00:00,cambium_co2_rate_lrmer,97.2
CA,2022,2022-03-23 09:00:00,cambium_co2_rate_lrmer,105.75
CA,2022,2022-03-23 10:00:00,cambium_co2_rate_lrmer,78.6
CA,2022,2022-03-23 11:00:00,cambium_co2_rate_lrmer,52.34
CA,2022,2022-03-23 12:00:00,cambium_co2_rate_lrmer,45.44
CA,2022,2022-03-23 13:00:00,cambium_co2_rate_lrmer,49.25
CA,2022,2022-03-23 14:00:00,cambium_co2_rate_lrmer,43.5
CA,2022,2022-03-23 15:00:00,cambium_co2_rate_lrmer,41.4
CA,2022,2022-03-23 16:00:00,cambium_co2_rate_lrmer,43.94
CA,2022,2022-03-23 17:00:00,cambium_co2_rate_lrmer,43.28
CA,2022,2022-03-23 18:00:00,cambium_co2_rate_lrmer,42.34
CA,2022,2022-03-23 19:00:00,cambium_co2_rate_lrmer,64.06
CA,2022,2022-03-23 20:00:00,cambium_co2_rate_lrmer,96.94
CA,2022,2022-03-23 21:00:00,cambium_co2_rate_lrmer,103.7
CA,2022,2022-03-23 22:00:00,cambium_co2_rate_lrmer,119.4
CA,2022,2022-03-23 23:00:00,cambium_co2_rate_lrmer,119.94
CA,2022,2022-03-24 00:00:00,cambium_co2_rate_lrmer,104.9
CA,2022,2022-03-24 01:00:00,cambium_co2_rate_lrmer,97.2
CA,2022,2022-03-24 02:00:00,cambium_co2_rate_lrmer,96.3
CA,2022,2022-03-24 03:00:00,cambium_co2_rate_lrmer,95.6
CA,2022,2022-03-24 04:00:00,cambium_co2_rate_lrmer,101.9
CA,2022,2022-03-24 05:00:00,cambium_co2_rate_lrmer,101.2
CA,2022,2022-03-24 06:00:00,cambium_co2_rate_lrmer,97.7
CA,2022,2022-03-24 07:00:00,cambium_co2_rate_lrmer,99.6
CA,2022,2022-03-24 08:00:00,cambium_co2_rate_lrmer,92.6
CA,2022,2022-03-24 09:00:00,cambium_co2_rate_lrmer,102.1
CA,2022,2022-03-24 10:00:00,cambium_co2_rate_lrmer,79.8
CA,2022,2022-03-24 11:00:00,cambium_co2_rate_lrmer,51.94
CA,2022,2022-03-24 12:00:00,cambium_co2_rate_lrmer,44.3
CA,2022,2022-03-24 13:00:00,cambium_co2_rate_lrmer,48.0
CA,2022,2022-03-24 14:00:00,cambium_co2_rate_lrmer,41.94
CA,2022,2022-03-24 15:00:00,cambium_co2_rate_lrmer,39.97
CA,2022,2022-03-24 16:00:00,cambium_co2_rate_lrmer,42.44
CA,2022,2022-03-24 17:00:00,cambium_co2_rate_lrmer,42.03
CA,2022,2022-03-24 18:00:00,cambium_co2_rate_lrmer,40.0
CA,2022,2022-03-24 19:00:00,cambium_co2_rate_lrmer,65.56
CA,2022,2022-03-24 20:00:00,cambium_co2_rate_lrmer,89.6
CA,2022,2022-03-24 21:00:00,cambium_co2_rate_lrmer,95.1
CA,2022,2022-03-24 22:00:00,cambium_co2_rate_lrmer,110.06
CA,2022,2022-03-24 23:00:00,cambium_co2_rate_lrmer,111.0
CA,2022,2022-03-25 00:00:00,cambium_co2_rate_lrmer,96.4
CA,2022,2022-03-25 01:00:00,cambium_co2_rate_lrmer,90.25
CA,2022,2022-03-25 02:00:00,cambium_co2_rate_lrmer,89.6
CA,2022,2022-03-25 03:00:00,cambium_co2_rate_lrmer,90.7
CA,2022,2022-03-25 04:00:00,cambium_co2_rate_lrmer,97.4
CA,2022,2022-03-25 05:00:00,cambium_co2_rate_lrmer,96.9
CA,2022,2022-03-25 06:00:00,cambium_co2_rate_lrmer,93.6
CA,2022,2022-03-25 07:00:00,cambium_co2_rate_lrmer,95.1
CA,2022,2022-03-25 08:00:00,cambium_co2_rate_lrmer,84.75
CA,2022,2022-03-25 09:00:00,cambium_co2_rate_lrmer,95.5
CA,2022,2022-03-25 10:00:00,cambium_co2_rate_lrmer,75.75
CA,2022,2022-03-25 11:00:00,cambium_co2_rate_lrmer,51.1
CA,2022,2022-03-25 12:00:00,cambium_co2_rate_lrmer,43.88
CA,2022,2022-03-25 13:00:00,cambium_co2_rate_lrmer,47.38
CA,2022,2022-03-25 14:00:00,cambium_co2_rate_lrmer,41.47
CA,2022,2022-03-25 15:00:00,cambium_co2_rate_lrmer,39.44
CA,2022,2022-03-25 16:00:00,cambium_co2_rate_lrmer,41.9
CA,2022,2022-03-25 17:00:00,cambium_co2_rate_lrmer,41.34
CA,2022,2022-03-25 18:00:00,cambium_co2_rate_lrmer,39.2
CA,2022,2022-03-25 19:00:00,cambium_co2_rate_lrmer,62.5
CA,2022,2022-03-25 20:00:00,cambium_co2_rate_lrmer,85.8
CA,2022,2022-03-25 21:00:00,cambium_co2_rate_lrmer,90.06
CA,2022,2022-03-25 22:00:00,cambium_co2_rate_lrmer,105.0
CA,2022,2022-03-25 23:00:00,cambium_co2_rate_lrmer,106.1
CA,2022,2022-03-26 00:00:00,cambium_co2_rate_lrmer,93.4
CA,2022,2022-03-26 01:00:00,cambium_co2_rate_lrmer,88.5
CA,2022,2022-03-26 02:00:00,cambium_co2_rate_lrmer,87.6
CA,2022,2022-03-26 03:00:00,cambium_co2_rate_lrmer,87.75
CA,2022,2022-03-26 04:00:00,cambium_co2_rate_lrmer,93.3
CA,2022,2022-03-26 05:00:00,cambium_co2_rate_lrmer,92.7
CA,2022,2022-03-26 06:00:00,cambium_co2_rate_lrmer,88.2
CA,2022,2022-03-26 07:00:00,cambium_co2_rate_lrmer,91.4
CA,2022,2022-03-26 08:00:00,cambium_co2_rate_lrmer,80.56
CA,2022,2022-03-26 09:00:00,cambium_co2_rate_lrmer,89.4
CA,2022,2022-03-26 10:00:00,cambium_co2_rate_lrmer,72.7
CA,2022,2022-03-26 11:00:00,cambium_co2_rate_lrmer,50.8
CA,2022,2022-03-26 12:00:00,cambium_co2_rate_lrmer,43.56
CA,2022,2022-03-26 13:00:00,cambium_co2_rate_lrmer,47.1
CA,2022,2022-03-26 14:00:00,cambium_co2_rate_lrmer,41.28
CA,2022,2022-03-26 15:00:00,cambium_co2_rate_lrmer,39.3
CA,2022,2022-03-26 16:00:00,cambium_co2_rate_lrmer,41.75
CA,2022,2022-03-26 17:00:00,cambium_co2_rate_lrmer,41.25
CA,2022,2022-03-26 18:00:00,cambium_co2_rate_lrmer,38.94
CA,2022,2022-03-26 19:00:00,cambium_co2_rate_lrmer,58.62
CA,2022,2022-03-26 20:00:00,cambium_co2_rate_lrmer,83.3
CA,2022,2022-03-26 21:00:00,cambium_co2_rate_lrmer,89.25
CA,2022,2022-03-26 22:00:00,cambium_co2_rate_lrmer,105.56
CA,2022,2022-03-26 23:00:00,cambium_co2_rate_lrmer,105.06
CA,2022,2022-03-27 00:00:00,cambium_co2_rate_lrmer,91.3
CA,2022,2022-03-27 01:00:00,cambium_co2_rate_lrmer,88.0
CA,2022,2022-03-27 02:00:00,cambium_co2_rate_lrmer,87.0
CA,2022,2022-03-27 03:00:00,cambium_co2_rate_lrmer,88.5
CA,2022,2022-03-27 04:00:00,cambium_co2_rate_lrmer,93.2
CA,2022,2022-03-27 05:00:00,cambium_co2_rate_lrmer,92.6
CA,2022,2022-03-27 06:00:00,cambium_co2_rate_lrmer,88.44
CA,2022,2022-03-27 07:00:00,cambium_co2_rate_lrmer,92.8
CA,2022,2022-03-27 08:00:00,cambium_co2_rate_lrmer,81.25
CA,2022,2022-03-27 09:00:00,cambium_co2_rate_lrmer,90.56
CA,2022,2022-03-27 10:00:00,cambium_co2_rate_lrmer,74.56
CA,2022,2022-03-27 11:00:00,cambium_co2_rate_lrmer,51.28
CA,2022,2022-03-27 12:00:00,cambium_co2_rate_lrmer,45.06
CA,2022,2022-03-27 13:00:00,cambium_co2_rate_lrmer,47.47
CA,2022,2022-03-27 14:00:00,cambium_co2_rate_lrmer,41.7
CA,2022,2022-03-27 15:00:00,cambium_co2_rate_lrmer,39.7
CA,2022,2022-03-27 16:00:00,cambium_co2_rate_lrmer,42.88
CA,2022,2022-03-27 17:00:00,cambium_co2_rate_lrmer,41.28
CA,2022,2022-03-27 18:00:00,cambium_co2_rate_lrmer,38.94
CA,2022,2022-03-27 19:00:00,cambium_co2_rate_lrmer,59.5
CA,2022,2022-03-27 20:00:00,cambium_co2_rate_lrmer,83.4
CA,2022,2022-03-27 21:00:00,cambium_co2_rate_lrmer,88.75
CA,2022,2022-03-27 22:00:00,cambium_co2_rate_lrmer,105.94
CA,2022,2022-03-27 23:00:00,cambium_co2_rate_lrmer,106.0
CA,2022,2022-03-28 00:00:00,cambium_co2_rate_lrmer,90.75
CA,2022,2022-03-28 01:00:00,cambium_co2_rate_lrmer,87.25
CA,2022,2022-03-28 02:00:00,cambium_co2_rate_lrmer,85.25
CA,2022,2022-03-28 03:00:00,cambium_co2_rate_lrmer,87.56
CA,2022,2022-03-28 04:00:00,cambium_co2_rate_lrmer,89.0
CA,2022,2022-03-28 05:00:00,cambium_co2_rate_lrmer,87.75
CA,2022,2022-03-28 06:00:00,cambium_co2_rate_lrmer,83.4
CA,2022,2022-03-28 07:00:00,cambium_co2_rate_lrmer,89.25
CA,2022,2022-03-28 08:00:00,cambium_co2_rate_lrmer,79.4
CA,2022,2022-03-28 09:00:00,cambium_co2_rate_lrmer,88.44
CA,2022,2022-03-28 10:00:00,cambium_co2_rate_lrmer,72.25
CA,2022,2022-03-28 11:00:00,cambium_co2_rate_lrmer,49.3
CA,2022,2022-03-28 12:00:00,cambium_co2_rate_lrmer,43.9
CA,2022,2022-03-28 13:00:00,cambium_co2_rate_lrmer,46.25
CA,2022,2022-03-28 14:00:00,cambium_co2_rate_lrmer,40.53
CA,2022,2022-03-28 15:00:00,cambium_co2_rate_lrmer,38.47
CA,2022,2022-03-28 16:00:00,cambium_co2_rate_lrmer,41.78
CA,2022,2022-03-28 17:00:00,cambium_co2_rate_lrmer,40.06
CA,2022,2022-03-28 18:00:00,cambium_co2_rate_lrmer,37.8
CA,2022,2022-03-28 19:00:00,cambium_co2_rate_lrmer,57.6
CA,2022,2022-03-28 20:00:00,cambium_co2_rate_lrmer,82.25
CA,2022,2022-03-28 21:00:00,cambium_co2_rate_lrmer,87.0
CA,2022,2022-03-28 22:00:00,cambium_co2_rate_lrmer,103.7
CA,2022,2022-03-28 23:00:00,cambium_co2_rate_lrmer,104.06
CA,2022,2022-03-29 00:00:00,cambium_co2_rate_lrmer,88.1
CA,2022,2022-03-29 01:00:00,cambium_co2_rate_lrmer,85.56
CA,2022,2022-03-29 02:00:00,cambium_co2_rate_lrmer,83.2
CA,2022,2022-03-29 03:00:00,cambium_co2_rate_lrmer,84.56
CA,2022,2022-03-29 04:00:00,cambium_co2_rate_lrmer,86.06
CA,2022,2022-03-29 05:00:00,cambium_co2_rate_lrmer,85.4
CA,2022,2022-03-29 06:00:00,cambium_co2_rate_lrmer,81.25
CA,2022,2022-03-29 07:00:00,cambium_co2_rate_lrmer,86.9
CA,2022,2022-03-29 08:00:00,cambium_co2_rate_lrmer,77.56
CA,2022,2022-03-29 09:00:00,cambium_co2_rate_lrmer,86.4
CA,2022,2022-03-29 10:00:00,cambium_co2_rate_lrmer,70.06
CA,2022,2022-03-29 11:00:00,cambium_co2_rate_lrmer,47.84
CA,2022,2022-03-29 12:00:00,cambium_co2_rate_lrmer,42.5
CA,2022,2022-03-29 13:00:00,cambium_co2_rate_lrmer,44.7
CA,2022,2022-03-29 14:00:00,cambium_co2_rate_lrmer,38.94
CA,2022,2022-03-29 15:00:00,cambium_co2_rate_lrmer,36.88
CA,2022,2022-03-29 16:00:00,cambium_co2_rate_lrmer,40.2
CA,2022,2022-03-29 17:00:00,cambium_co2_rate_lrmer,38.4
CA,2022,2022-03-29 18:00:00,cambium_co2_rate_lrmer,36.2
CA,2022,2022-03-29 19:00:00,cambium_co2_rate_lrmer,55.75
CA,2022,2022-03-29 20:00:00,cambium_co2_rate_lrmer,80.3
CA,2022,2022-03-29 21:00:00,cambium_co2_rate_lrmer,86.44
CA,2022,2022-03-29 22:00:00,cambium_co2_rate_lrmer,105.06
CA,2022,2022-03-29 23:00:00,cambium_co2_rate_lrmer,104.75
CA,2022,2022-03-30 00:00:00,cambium_co2_rate_lrmer,90.4
CA,2022,2022-03-30 01:00:00,cambium_co2_rate_lrmer,86.6
CA,2022,2022-03-30 02:00:00,cambium_co2_rate_lrmer,84.44
CA,2022,2022-03-30 03:00:00,cambium_co2_rate_lrmer,88.0
CA,2022,2022-03-30 04:00:00,cambium_co2_rate_lrmer,89.75
CA,2022,2022-03-30 05:00:00,cambium_co2_rate_lrmer,94.25
CA,2022,2022-03-30 06:00:00,cambium_co2_rate_lrmer,87.2
CA,2022,2022-03-30 07:00:00,cambium_co2_rate_lrmer,86.7
CA,2022,2022-03-30 08:00:00,cambium_co2_rate_lrmer,77.5
CA,2022,2022-03-30 09:00:00,cambium_co2_rate_lrmer,83.06
CA,2022,2022-03-30 10:00:00,cambium_co2_rate_lrmer,69.9
CA,2022,2022-03-30 11:00:00,cambium_co2_rate_lrmer,48.06
CA,2022,2022-03-30 12:00:00,cambium_co2_rate_lrmer,42.62
CA,2022,2022-03-30 13:00:00,cambium_co2_rate_lrmer,45.1
CA,2022,2022-03-30 14:00:00,cambium_co2_rate_lrmer,39.56
CA,2022,2022-03-30 15:00:00,cambium_co2_rate_lrmer,37.6
CA,2022,2022-03-30 16:00:00,cambium_co2_rate_lrmer,40.34
CA,2022,2022-03-30 17:00:00,cambium_co2_rate_lrmer,38.47
CA,2022,2022-03-30 18:00:00,cambium_co2_rate_lrmer,36.25
CA,2022,2022-03-30 19:00:00,cambium_co2_rate_lrmer,56.06
CA,2022,2022-03-30 20:00:00,cambium_co2_rate_lrmer,79.4
CA,2022,2022-03-30 21:00:00,cambium_co2_rate_lrmer,87.5
CA,2022,2022-03-30 22:00:00,cambium_co2_rate_lrmer,101.25
CA,2022,2022-03-30 23:00:00,cambium_co2_rate_lrmer,101.25
CA,2022,2022-03-31 00:00:00,cambium_co2_rate_lrmer,88.75
CA,2022,2022-03-31 01:00:00,cambium_co2_rate_lrmer,83.75
CA,2022,2022-03-31 02:00:00,cambium_co2_rate_lrmer,85.6
CA,2022,2022-03-31 03:00:00,cambium_co2_rate_lrmer,90.8
CA,2022,2022-03-31 04:00:00,cambium_co2_rate_lrmer,92.9
CA,2022,2022-03-31 05:00:00,cambium_co2_rate_lrmer,97.3
CA,2022,2022-03-31 06:00:00,cambium_co2_rate_lrmer,88.2
CA,2022,2022-03-31 07:00:00,cambium_co2_rate_lrmer,85.3
CA,2022,2022-03-31 08:00:00,cambium_co2_rate_lrmer,77.25
CA,2022,2022-03-31 09:00:00,cambium_co2_rate_lrmer,82.0
CA,2022,2022-03-31 10:00:00,cambium_co2_rate_lrmer,68.44
CA,2022,2022-03-31 11:00:00,cambium_co2_rate_lrmer,49.53
CA,2022,2022-03-31 12:00:00,cambium_co2_rate_lrmer,42.94
CA,2022,2022-03-31 13:00:00,cambium_co2_rate_lrmer,45.03
CA,2022,2022-03-31 14:00:00,cambium_co2_rate_lrmer,39.7
CA,2022,2022-03-31 15:00:00,cambium_co2_rate_lrmer,38.2
CA,2022,2022-03-31 16:00:00,cambium_co2_rate_lrmer,39.56
CA,2022,2022-03-31 17:00:00,cambium_co2_rate_lrmer,39.03
CA,2022,2022-03-31 18:00:00,cambium_co2_rate_lrmer,36.62
CA,2022,2022-03-31 19:00:00,cambium_co2_rate_lrmer,55.34
CA,2022,2022-03-31 20:00:00,cambium_co2_rate_lrmer,79.9
CA,2022,2022-03-31 21:00:00,cambium_co2_rate_lrmer,85.6
CA,2022,2022-03-31 22:00:00,cambium_co2_rate_lrmer,100.0
CA,2022,2022-03-31 23:00:00,cambium_co2_rate_lrmer,99.4
CA,2022,2022-04-01 00:00:00,cambium_co2_rate_lrmer,86.9
CA,2022,2022-04-01 01:00:00,cambium_co2_rate_lrmer,81.5
CA,2022,2022-04-01 02:00:00,cambium_co2_rate_lrmer,83.6
CA,2022,2022-04-01 03:00:00,cambium_co2_rate_lrmer,87.75
CA,2022,2022-04-01 04:00:00,cambium_co2_rate_lrmer,90.25
CA,2022,2022-04-01 05:00:00,cambium_co2_rate_lrmer,96.4
CA,2022,2022-04-01 06:00:00,cambium_co2_rate_lrmer,87.4
CA,2022,2022-04-01 07:00:00,cambium_co2_rate_lrmer,84.3
CA,2022,2022-04-01 08:00:00,cambium_co2_rate_lrmer,76.06
CA,2022,2022-04-01 09:00:00,cambium_co2_rate_lrmer,78.94
CA,2022,2022-04-01 10:00:00,cambium_co2_rate_lrmer,67.56
CA,2022,2022-04-01 11:00:00,cambium_co2_rate_lrmer,48.88
CA,2022,2022-04-01 12:00:00,cambium_co2_rate_lrmer,44.7
CA,2022,2022-04-01 13:00:00,cambium_co2_rate_lrmer,47.53
CA,2022,2022-04-01 14:00:00,cambium_co2_rate_lrmer,41.94
CA,2022,2022-04-01 15:00:00,cambium_co2_rate_lrmer,41.44
CA,2022,2022-04-01 16:00:00,cambium_co2_rate_lrmer,42.72
CA,2022,2022-04-01 17:00:00,cambium_co2_rate_lrmer,42.88
CA,2022,2022-04-01 18:00:00,cambium_co2_rate_lrmer,39.78
CA,2022,2022-04-01 19:00:00,cambium_co2_rate_lrmer,57.97
CA,2022,2022-04-01 20:00:00,cambium_co2_rate_lrmer,80.0
CA,2022,2022-04-01 21:00:00,cambium_co2_rate_lrmer,86.7
CA,2022,2022-04-01 22:00:00,cambium_co2_rate_lrmer,102.1
CA,2022,2022-04-01 23:00:00,cambium_co2_rate_lrmer,104.0
CA,2022,2022-04-02 00:00:00,cambium_co2_rate_lrmer,87.0
CA,2022,2022-04-02 01:00:00,cambium_co2_rate_lrmer,82.56
CA,2022,2022-04-02 02:00:00,cambium_co2_rate_lrmer,79.8
CA,2022,2022-04-02 03:00:00,cambium_co2_rate_lrmer,85.44
CA,2022,2022-04-02 04:00:00,cambium_co2_rate_lrmer,87.0
CA,2022,2022-04-02 05:00:00,cambium_co2_rate_lrmer,93.3
CA,2022,2022-04-02 06:00:00,cambium_co2_rate_lrmer,83.1
CA,2022,2022-04-02 07:00:00,cambium_co2_rate_lrmer,78.7
CA,2022,2022-04-02 08:00:00,cambium_co2_rate_lrmer,73.75
CA,2022,2022-04-02 09:00:00,cambium_co2_rate_lrmer,76.06
CA,2022,2022-04-02 10:00:00,cambium_co2_rate_lrmer,60.94
CA,2022,2022-04-02 11:00:00,cambium_co2_rate_lrmer,41.47
CA,2022,2022-04-02 12:00:00,cambium_co2_rate_lrmer,38.3
CA,2022,2022-04-02 13:00:00,cambium_co2_rate_lrmer,41.47
CA,2022,2022-04-02 14:00:00,cambium_co2_rate_lrmer,36.7
CA,2022,2022-04-02 15:00:00,cambium_co2_rate_lrmer,35.66
CA,2022,2022-04-02 16:00:00,cambium_co2_rate_lrmer,34.28
CA,2022,2022-04-02 17:00:00,cambium_co2_rate_lrmer,34.78
CA,2022,2022-04-02 18:00:00,cambium_co2_rate_lrmer,35.97
CA,2022,2022-04-02 19:00:00,cambium_co2_rate_lrmer,54.03
CA,2022,2022-04-02 20:00:00,cambium_co2_rate_lrmer,72.56
CA,2022,2022-04-02 21:00:00,cambium_co2_rate_lrmer,83.0
CA,2022,2022-04-02 22:00:00,cambium_co2_rate_lrmer,98.06
CA,2022,2022-04-02 23:00:00,cambium_co2_rate_lrmer,101.4
CA,2022,2022-04-03 00:00:00,cambium_co2_rate_lrmer,84.1
CA,2022,2022-04-03 01:00:00,cambium_co2_rate_lrmer,76.5
CA,2022,2022-04-03 02:00:00,cambium_co2_rate_lrmer,71.06
CA,2022,2022-04-03 03:00:00,cambium_co2_rate_lrmer,76.5
CA,2022,2022-04-03 04:00:00,cambium_co2_rate_lrmer,75.4
CA,2022,2022-04-03 05:00:00,cambium_co2_rate_lrmer,85.06
CA,2022,2022-04-03 06:00:00,cambium_co2_rate_lrmer,75.3
CA,2022,2022-04-03 07:00:00,cambium_co2_rate_lrmer,70.75
CA,2022,2022-04-03 08:00:00,cambium_co2_rate_lrmer,67.0
CA,2022,2022-04-03 09:00:00,cambium_co2_rate_lrmer,72.5
CA,2022,2022-04-03 10:00:00,cambium_co2_rate_lrmer,55.84
CA,2022,2022-04-03 11:00:00,cambium_co2_rate_lrmer,42.0
CA,2022,2022-04-03 12:00:00,cambium_co2_rate_lrmer,38.62
CA,2022,2022-04-03 13:00:00,cambium_co2_rate_lrmer,42.06
CA,2022,2022-04-03 14:00:00,cambium_co2_rate_lrmer,39.06
CA,2022,2022-04-03 15:00:00,cambium_co2_rate_lrmer,37.8
CA,2022,2022-04-03 16:00:00,cambium_co2_rate_lrmer,33.2
CA,2022,2022-04-03 17:00:00,cambium_co2_rate_lrmer,35.1
CA,2022,2022-04-03 18:00:00,cambium_co2_rate_lrmer,36.06
CA,2022,2022-04-03 19:00:00,cambium_co2_rate_lrmer,56.7
CA,2022,2022-04-03 20:00:00,cambium_co2_rate_lrmer,64.25
CA,2022,2022-04-03 21:00:00,cambium_co2_rate_lrmer,83.5
CA,2022,2022-04-03 22:00:00,cambium_co2_rate_lrmer,98.1
CA,2022,2022-04-03 23:00:00,cambium_co2_rate_lrmer,100.56
CA,2022,2022-04-04 00:00:00,cambium_co2_rate_lrmer,83.94
CA,2022,2022-04-04 01:00:00,cambium_co2_rate_lrmer,75.9
CA,2022,2022-04-04 02:00:00,cambium_co2_rate_lrmer,70.0
CA,2022,2022-04-04 03:00:00,cambium_co2_rate_lrmer,75.8
CA,2022,2022-04-04 04:00:00,cambium_co2_rate_lrmer,75.6
CA,2022,2022-04-04 05:00:00,cambium_co2_rate_lrmer,85.0
CA,2022,2022-04-04 06:00:00,cambium_co2_rate_lrmer,74.8
CA,2022,2022-04-04 07:00:00,cambium_co2_rate_lrmer,70.5
CA,2022,2022-04-04 08:00:00,cambium_co2_rate_lrmer,67.44
CA,2022,2022-04-04 09:00:00,cambium_co2_rate_lrmer,72.5
CA,2022,2022-04-04 10:00:00,cambium_co2_rate_lrmer,54.9
CA,2022,2022-04-04 11:00:00,cambium_co2_rate_lrmer,42.22
CA,2022,2022-04-04 12:00:00,cambium_co2_rate_lrmer,38.7
CA,2022,2022-04-04 13:00:00,cambium_co2_rate_lrmer,42.0
CA,2022,2022-04-04 14:00:00,cambium_co2_rate_lrmer,39.34
CA,2022,2022-04-04 15:00:00,cambium_co2_rate_lrmer,37.9
CA,2022,2022-04-04 16:00:00,cambium_co2_rate_lrmer,33.6
CA,2022,2022-04-04 17:00:00,cambium_co2_rate_lrmer,35.22
CA,2022,2022-04-04 18:00:00,cambium_co2_rate_lrmer,36.25
CA,2022,2022-04-04 19:00:00,cambium_co2_rate_lrmer,55.94
CA,2022,2022-04-04 20:00:00,cambium_co2_rate_lrmer,64.2
CA,2022,2022-04-04 21:00:00,cambium_co2_rate_lrmer,88.9
CA,2022,2022-04-04 22:00:00,cambium_co2_rate_lrmer,103.1
CA,2022,2022-04-04 23:00:00,cambium_co2_rate_lrmer,106.4
CA,2022,2022-04-05 00:00:00,cambium_co2_rate_lrmer,88.9
CA,2022,2022-04-05 01:00:00,cambium_co2_rate_lrmer,81.8
CA,2022,2022-04-05 02:00:00,cambium_co2_rate_lrmer,76.2
CA,2022,2022-04-05 03:00:00,cambium_co2_rate_lrmer,84.7
CA,2022,2022-04-05 04:00:00,cambium_co2_rate_lrmer,82.56
CA,2022,2022-04-05 05:00:00,cambium_co2_rate_lrmer,90.4
CA,2022,2022-04-05 06:00:00,cambium_co2_rate_lrmer,79.94
CA,2022,2022-04-05 07:00:00,cambium_co2_rate_lrmer,74.9
CA,2022,2022-04-05 08:00:00,cambium_co2_rate_lrmer,71.2
CA,2022,2022-04-05 09:00:00,cambium_co2_rate_lrmer,76.75
CA,2022,2022-04-05 10:00:00,cambium_co2_rate_lrmer,54.9
CA,2022,2022-04-05 11:00:00,cambium_co2_rate_lrmer,40.94
CA,2022,2022-04-05 12:00:00,cambium_co2_rate_lrmer,37.66
CA,2022,2022-04-05 13:00:00,cambium_co2_rate_lrmer,42.03
CA,2022,2022-04-05 14:00:00,cambium_co2_rate_lrmer,38.84
CA,2022,2022-04-05 15:00:00,cambium_co2_rate_lrmer,37.56
CA,2022,2022-04-05 16:00:00,cambium_co2_rate_lrmer,33.2
CA,2022,2022-04-05 17:00:00,cambium_co2_rate_lrmer,35.03
CA,2022,2022-04-05 18:00:00,cambium_co2_rate_lrmer,36.1
CA,2022,2022-04-05 19:00:00,cambium_co2_rate_lrmer,55.38
CA,2022,2022-04-05 20:00:00,cambium_co2_rate_lrmer,63.56
CA,2022,2022-04-05 21:00:00,cambium_co2_rate_lrmer,88.25
CA,2022,2022-04-05 22:00:00,cambium_co2_rate_lrmer,102.75
CA,2022,2022-04-05 23:00:00,cambium_co2_rate_lrmer,107.94
CA,2022,2022-04-06 00:00:00,cambium_co2_rate_lrmer,90.25
CA,2022,2022-04-06 01:00:00,cambium_co2_rate_lrmer,83.06
CA,2022,2022-04-06 02:00:00,cambium_co2_rate_lrmer,79.2
CA,2022,2022-04-06 03:00:00,cambium_co2_rate_lrmer,85.8
CA,2022,2022-04-06 04:00:00,cambium_co2_rate_lrmer,84.6
CA,2022,2022-04-06 05:00:00,cambium_co2_rate_lrmer,93.0
CA,2022,2022-04-06 06:00:00,cambium_co2_rate_lrmer,81.1
CA,2022,2022-04-06 07:00:00,cambium_co2_rate_lrmer,74.9
CA,2022,2022-04-06 08:00:00,cambium_co2_rate_lrmer,70.75
CA,2022,2022-04-06 09:00:00,cambium_co2_rate_lrmer,76.4
CA,2022,2022-04-06 10:00:00,cambium_co2_rate_lrmer,52.16
CA,2022,2022-04-06 11:00:00,cambium_co2_rate_lrmer,39.44
CA,2022,2022-04-06 12:00:00,cambium_co2_rate_lrmer,34.4
CA,2022,2022-04-06 13:00:00,cambium_co2_rate_lrmer,38.75
CA,2022,2022-04-06 14:00:00,cambium_co2_rate_lrmer,36.5
CA,2022,2022-04-06 15:00:00,cambium_co2_rate_lrmer,35.06
CA,2022,2022-04-06 16:00:00,cambium_co2_rate_lrmer,31.31
CA,2022,2022-04-06 17:00:00,cambium_co2_rate_lrmer,32.56
CA,2022,2022-04-06 18:00:00,cambium_co2_rate_lrmer,33.62
CA,2022,2022-04-06 19:00:00,cambium_co2_rate_lrmer,54.84
CA,2022,2022-04-06 20:00:00,cambium_co2_rate_lrmer,56.56
CA,2022,2022-04-06 21:00:00,cambium_co2_rate_lrmer,79.75
CA,2022,2022-04-06 22:00:00,cambium_co2_rate_lrmer,98.44
CA,2022,2022-04-06 23:00:00,cambium_co2_rate_lrmer,106.0
CA,2022,2022-04-07 00:00:00,cambium_co2_rate_lrmer,84.6
CA,2022,2022-04-07 01:00:00,cambium_co2_rate_lrmer,74.9
CA,2022,2022-04-07 02:00:00,cambium_co2_rate_lrmer,71.25
CA,2022,2022-04-07 03:00:00,cambium_co2_rate_lrmer,81.4
CA,2022,2022-04-07 04:00:00,cambium_co2_rate_lrmer,81.1
CA,2022,2022-04-07 05:00:00,cambium_co2_rate_lrmer,90.1
CA,2022,2022-04-07 06:00:00,cambium_co2_rate_lrmer,77.8
CA,2022,2022-04-07 07:00:00,cambium_co2_rate_lrmer,68.5
CA,2022,2022-04-07 08:00:00,cambium_co2_rate_lrmer,65.56
CA,2022,2022-04-07 09:00:00,cambium_co2_rate_lrmer,71.3
CA,2022,2022-04-07 10:00:00,cambium_co2_rate_lrmer,51.66
CA,2022,2022-04-07 11:00:00,cambium_co2_rate_lrmer,39.0
CA,2022,2022-04-07 12:00:00,cambium_co2_rate_lrmer,34.8
CA,2022,2022-04-07 13:00:00,cambium_co2_rate_lrmer,39.0
CA,2022,2022-04-07 14:00:00,cambium_co2_rate_lrmer,34.56
CA,2022,2022-04-07 15:00:00,cambium_co2_rate_lrmer,32.62
CA,2022,2022-04-07 16:00:00,cambium_co2_rate_lrmer,29.38
CA,2022,2022-04-07 17:00:00,cambium_co2_rate_lrmer,30.73
CA,2022,2022-04-07 18:00:00,cambium_co2_rate_lrmer,30.5
CA,2022,2022-04-07 19:00:00,cambium_co2_rate_lrmer,50.75
CA,2022,2022-04-07 20:00:00,cambium_co2_rate_lrmer,52.47
CA,2022,2022-04-07 21:00:00,cambium_co2_rate_lrmer,81.9
CA,2022,2022-04-07 22:00:00,cambium_co2_rate_lrmer,97.94
CA,2022,2022-04-07 23:00:00,cambium_co2_rate_lrmer,106.5
CA,2022,2022-04-08 00:00:00,cambium_co2_rate_lrmer,82.44
CA,2022,2022-04-08 01:00:00,cambium_co2_rate_lrmer,69.8
CA,2022,2022-04-08 02:00:00,cambium_co2_rate_lrmer,65.75
CA,2022,2022-04-08 03:00:00,cambium_co2_rate_lrmer,78.56
CA,2022,2022-04-08 04:00:00,cambium_co2_rate_lrmer,79.9
CA,2022,2022-04-08 05:00:00,cambium_co2_rate_lrmer,86.7
CA,2022,2022-04-08 06:00:00,cambium_co2_rate_lrmer,74.0
CA,2022,2022-04-08 07:00:00,cambium_co2_rate_lrmer,64.44
CA,2022,2022-04-08 08:00:00,cambium_co2_rate_lrmer,58.12
CA,2022,2022-04-08 09:00:00,cambium_co2_rate_lrmer,60.44
CA,2022,2022-04-08 10:00:00,cambium_co2_rate_lrmer,44.5
CA,2022,2022-04-08 11:00:00,cambium_co2_rate_lrmer,37.5
CA,2022,2022-04-08 12:00:00,cambium_co2_rate_lrmer,33.3
CA,2022,2022-04-08 13:00:00,cambium_co2_rate_lrmer,37.66
CA,2022,2022-04-08 14:00:00,cambium_co2_rate_lrmer,33.38
CA,2022,2022-04-08 15:00:00,cambium_co2_rate_lrmer,31.2
CA,2022,2022-04-08 16:00:00,cambium_co2_rate_lrmer,30.38
CA,2022,2022-04-08 17:00:00,cambium_co2_rate_lrmer,30.81
CA,2022,2022-04-08 18:00:00,cambium_co2_rate_lrmer,27.78
CA,2022,2022-04-08 19:00:00,cambium_co2_rate_lrmer,45.28
CA,2022,2022-04-08 20:00:00,cambium_co2_rate_lrmer,48.3
CA,2022,2022-04-08 21:00:00,cambium_co2_rate_lrmer,82.0
CA,2022,2022-04-08 22:00:00,cambium_co2_rate_lrmer,98.3
CA,2022,2022-04-08 23:00:00,cambium_co2_rate_lrmer,104.2
CA,2022,2022-04-09 00:00:00,cambium_co2_rate_lrmer,79.94
CA,2022,2022-04-09 01:00:00,cambium_co2_rate_lrmer,68.5
CA,2022,2022-04-09 02:00:00,cambium_co2_rate_lrmer,65.25
CA,2022,2022-04-09 03:00:00,cambium_co2_rate_lrmer,77.94
CA,2022,2022-04-09 04:00:00,cambium_co2_rate_lrmer,79.25
CA,2022,2022-04-09 05:00:00,cambium_co2_rate_lrmer,89.9
CA,2022,2022-04-09 06:00:00,cambium_co2_rate_lrmer,73.56
CA,2022,2022-04-09 07:00:00,cambium_co2_rate_lrmer,64.1
CA,2022,2022-04-09 08:00:00,cambium_co2_rate_lrmer,57.94
CA,2022,2022-04-09 09:00:00,cambium_co2_rate_lrmer,59.94
CA,2022,2022-04-09 10:00:00,cambium_co2_rate_lrmer,44.1
CA,2022,2022-04-09 11:00:00,cambium_co2_rate_lrmer,37.38
CA,2022,2022-04-09 12:00:00,cambium_co2_rate_lrmer,33.22
CA,2022,2022-04-09 13:00:00,cambium_co2_rate_lrmer,38.12
CA,2022,2022-04-09 14:00:00,cambium_co2_rate_lrmer,34.4
CA,2022,2022-04-09 15:00:00,cambium_co2_rate_lrmer,31.05
CA,2022,2022-04-09 16:00:00,cambium_co2_rate_lrmer,30.4
CA,2022,2022-04-09 17:00:00,cambium_co2_rate_lrmer,31.7
CA,2022,2022-04-09 18:00:00,cambium_co2_rate_lrmer,29.2
CA,2022,2022-04-09 19:00:00,cambium_co2_rate_lrmer,44.3
CA,2022,2022-04-09 20:00:00,cambium_co2_rate_lrmer,48.66
CA,2022,2022-04-09 21:00:00,cambium_co2_rate_lrmer,86.9
CA,2022,2022-04-09 22:00:00,cambium_co2_rate_lrmer,102.5
CA,2022,2022-04-09 23:00:00,cambium_co2_rate_lrmer,107.5
CA,2022,2022-04-10 00:00:00,cambium_co2_rate_lrmer,80.5
CA,2022,2022-04-10 01:00:00,cambium_co2_rate_lrmer,67.56
CA,2022,2022-04-10 02:00:00,cambium_co2_rate_lrmer,65.56
CA,2022,2022-04-10 03:00:00,cambium_co2_rate_lrmer,77.4
CA,2022,2022-04-10 04:00:00,cambium_co2_rate_lrmer,79.75
CA,2022,2022-04-10 05:00:00,cambium_co2_rate_lrmer,89.25
CA,2022,2022-04-10 06:00:00,cambium_co2_rate_lrmer,73.75
CA,2022,2022-04-10 07:00:00,cambium_co2_rate_lrmer,66.75
CA,2022,2022-04-10 08:00:00,cambium_co2_rate_lrmer,61.38
CA,2022,2022-04-10 09:00:00,cambium_co2_rate_lrmer,61.94
CA,2022,2022-04-10 10:00:00,cambium_co2_rate_lrmer,44.6
CA,2022,2022-04-10 11:00:00,cambium_co2_rate_lrmer,37.7
CA,2022,2022-04-10 12:00:00,cambium_co2_rate_lrmer,33.3
CA,2022,2022-04-10 13:00:00,cambium_co2_rate_lrmer,38.75
CA,2022,2022-04-10 14:00:00,cambium_co2_rate_lrmer,37.47
CA,2022,2022-04-10 15:00:00,cambium_co2_rate_lrmer,34.0
CA,2022,2022-04-10 16:00:00,cambium_co2_rate_lrmer,36.22
CA,2022,2022-04-10 17:00:00,cambium_co2_rate_lrmer,35.03
CA,2022,2022-04-10 18:00:00,cambium_co2_rate_lrmer,32.44
CA,2022,2022-04-10 19:00:00,cambium_co2_rate_lrmer,46.16
CA,2022,2022-04-10 20:00:00,cambium_co2_rate_lrmer,51.6
CA,2022,2022-04-10 21:00:00,cambium_co2_rate_lrmer,92.06
CA,2022,2022-04-10 22:00:00,cambium_co2_rate_lrmer,106.8
CA,2022,2022-04-10 23:00:00,cambium_co2_rate_lrmer,109.44
CA,2022,2022-04-11 00:00:00,cambium_co2_rate_lrmer,80.9
CA,2022,2022-04-11 01:00:00,cambium_co2_rate_lrmer,67.1
CA,2022,2022-04-11 02:00:00,cambium_co2_rate_lrmer,65.8
CA,2022,2022-04-11 03:00:00,cambium_co2_rate_lrmer,78.44
CA,2022,2022-04-11 04:00:00,cambium_co2_rate_lrmer,79.4
CA,2022,2022-04-11 05:00:00,cambium_co2_rate_lrmer,91.75
CA,2022,2022-04-11 06:00:00,cambium_co2_rate_lrmer,76.1
CA,2022,2022-04-11 07:00:00,cambium_co2_rate_lrmer,67.94
CA,2022,2022-04-11 08:00:00,cambium_co2_rate_lrmer,63.56
CA,2022,2022-04-11 09:00:00,cambium_co2_rate_lrmer,64.0
CA,2022,2022-04-11 10:00:00,cambium_co2_rate_lrmer,44.5
CA,2022,2022-04-11 11:00:00,cambium_co2_rate_lrmer,38.06
CA,2022,2022-04-11 12:00:00,cambium_co2_rate_lrmer,35.06
CA,2022,2022-04-11 13:00:00,cambium_co2_rate_lrmer,40.7
CA,2022,2022-04-11 14:00:00,cambium_co2_rate_lrmer,39.12
CA,2022,2022-04-11 15:00:00,cambium_co2_rate_lrmer,36.5
CA,2022,2022-04-11 16:00:00,cambium_co2_rate_lrmer,38.4
CA,2022,2022-04-11 17:00:00,cambium_co2_rate_lrmer,37.56
CA,2022,2022-04-11 18:00:00,cambium_co2_rate_lrmer,35.44
CA,2022,2022-04-11 19:00:00,cambium_co2_rate_lrmer,48.9
CA,2022,2022-04-11 20:00:00,cambium_co2_rate_lrmer,54.25
CA,2022,2022-04-11 21:00:00,cambium_co2_rate_lrmer,94.1
CA,2022,2022-04-11 22:00:00,cambium_co2_rate_lrmer,109.75
CA,2022,2022-04-11 23:00:00,cambium_co2_rate_lrmer,112.75
CA,2022,2022-04-12 00:00:00,cambium_co2_rate_lrmer,84.7
CA,2022,2022-04-12 01:00:00,cambium_co2_rate_lrmer,69.06
CA,2022,2022-04-12 02:00:00,cambium_co2_rate_lrmer,69.75
CA,2022,2022-04-12 03:00:00,cambium_co2_rate_lrmer,81.56
CA,2022,2022-04-12 04:00:00,cambium_co2_rate_lrmer,81.1
CA,2022,2022-04-12 05:00:00,cambium_co2_rate_lrmer,90.4
CA,2022,2022-04-12 06:00:00,cambium_co2_rate_lrmer,74.9
CA,2022,2022-04-12 07:00:00,cambium_co2_rate_lrmer,69.9
CA,2022,2022-04-12 08:00:00,cambium_co2_rate_lrmer,66.75
CA,2022,2022-04-12 09:00:00,cambium_co2_rate_lrmer,66.75
CA,2022,2022-04-12 10:00:00,cambium_co2_rate_lrmer,45.22
CA,2022,2022-04-12 11:00:00,cambium_co2_rate_lrmer,37.5
CA,2022,2022-04-12 12:00:00,cambium_co2_rate_lrmer,36.2
CA,2022,2022-04-12 13:00:00,cambium_co2_rate_lrmer,41.3
CA,2022,2022-04-12 14:00:00,cambium_co2_rate_lrmer,40.84
CA,2022,2022-04-12 15:00:00,cambium_co2_rate_lrmer,37.1
CA,2022,2022-04-12 16:00:00,cambium_co2_rate_lrmer,40.06
CA,2022,2022-04-12 17:00:00,cambium_co2_rate_lrmer,37.84
CA,2022,2022-04-12 18:00:00,cambium_co2_rate_lrmer,35.53
CA,2022,2022-04-12 19:00:00,cambium_co2_rate_lrmer,48.75
CA,2022,2022-04-12 20:00:00,cambium_co2_rate_lrmer,55.25
CA,2022,2022-04-12 21:00:00,cambium_co2_rate_lrmer,93.56
CA,2022,2022-04-12 22:00:00,cambium_co2_rate_lrmer,108.75
CA,2022,2022-04-12 23:00:00,cambium_co2_rate_lrmer,113.1
CA,2022,2022-04-13 00:00:00,cambium_co2_rate_lrmer,82.6
CA,2022,2022-04-13 01:00:00,cambium_co2_rate_lrmer,68.4
CA,2022,2022-04-13 02:00:00,cambium_co2_rate_lrmer,67.6
CA,2022,2022-04-13 03:00:00,cambium_co2_rate_lrmer,82.75
CA,2022,2022-04-13 04:00:00,cambium_co2_rate_lrmer,82.9
CA,2022,2022-04-13 05:00:00,cambium_co2_rate_lrmer,92.1
CA,2022,2022-04-13 06:00:00,cambium_co2_rate_lrmer,77.75
CA,2022,2022-04-13 07:00:00,cambium_co2_rate_lrmer,71.94
CA,2022,2022-04-13 08:00:00,cambium_co2_rate_lrmer,69.0
CA,2022,2022-04-13 09:00:00,cambium_co2_rate_lrmer,68.56
CA,2022,2022-04-13 10:00:00,cambium_co2_rate_lrmer,47.56
CA,2022,2022-04-13 11:00:00,cambium_co2_rate_lrmer,39.44
CA,2022,2022-04-13 12:00:00,cambium_co2_rate_lrmer,38.12
CA,2022,2022-04-13 13:00:00,cambium_co2_rate_lrmer,43.97
CA,2022,2022-04-13 14:00:00,cambium_co2_rate_lrmer,43.47
CA,2022,2022-04-13 15:00:00,cambium_co2_rate_lrmer,41.78
CA,2022,2022-04-13 16:00:00,cambium_co2_rate_lrmer,43.3
CA,2022,2022-04-13 17:00:00,cambium_co2_rate_lrmer,42.0
CA,2022,2022-04-13 18:00:00,cambium_co2_rate_lrmer,40.97
CA,2022,2022-04-13 19:00:00,cambium_co2_rate_lrmer,51.84
CA,2022,2022-04-13 20:00:00,cambium_co2_rate_lrmer,57.88
CA,2022,2022-04-13 21:00:00,cambium_co2_rate_lrmer,96.25
CA,2022,2022-04-13 22:00:00,cambium_co2_rate_lrmer,111.5
CA,2022,2022-04-13 23:00:00,cambium_co2_rate_lrmer,116.25
CA,2022,2022-04-14 00:00:00,cambium_co2_rate_lrmer,85.2
CA,2022,2022-04-14 01:00:00,cambium_co2_rate_lrmer,69.56
CA,2022,2022-04-14 02:00:00,cambium_co2_rate_lrmer,70.7
CA,2022,2022-04-14 03:00:00,cambium_co2_rate_lrmer,88.06
CA,2022,2022-04-14 04:00:00,cambium_co2_rate_lrmer,87.75
CA,2022,2022-04-14 05:00:00,cambium_co2_rate_lrmer,97.44
CA,2022,2022-04-14 06:00:00,cambium_co2_rate_lrmer,79.56
CA,2022,2022-04-14 07:00:00,cambium_co2_rate_lrmer,71.06
CA,2022,2022-04-14 08:00:00,cambium_co2_rate_lrmer,67.9
CA,2022,2022-04-14 09:00:00,cambium_co2_rate_lrmer,70.1
CA,2022,2022-04-14 10:00:00,cambium_co2_rate_lrmer,49.97
CA,2022,2022-04-14 11:00:00,cambium_co2_rate_lrmer,40.8
CA,2022,2022-04-14 12:00:00,cambium_co2_rate_lrmer,39.53
CA,2022,2022-04-14 13:00:00,cambium_co2_rate_lrmer,47.5
CA,2022,2022-04-14 14:00:00,cambium_co2_rate_lrmer,49.6
CA,2022,2022-04-14 15:00:00,cambium_co2_rate_lrmer,48.34
CA,2022,2022-04-14 16:00:00,cambium_co2_rate_lrmer,49.56
CA,2022,2022-04-14 17:00:00,cambium_co2_rate_lrmer,48.8
CA,2022,2022-04-14 18:00:00,cambium_co2_rate_lrmer,47.44
CA,2022,2022-04-14 19:00:00,cambium_co2_rate_lrmer,57.56
CA,2022,2022-04-14 20:00:00,cambium_co2_rate_lrmer,60.8
CA,2022,2022-04-14 21:00:00,cambium_co2_rate_lrmer,101.25
CA,2022,2022-04-14 22:00:00,cambium_co2_rate_lrmer,116.1
CA,2022,2022-04-14 23:00:00,cambium_co2_rate_lrmer,121.3
CA,2022,2022-04-15 00:00:00,cambium_co2_rate_lrmer,90.75
CA,2022,2022-04-15 01:00:00,cambium_co2_rate_lrmer,74.8
CA,2022,2022-04-15 02:00:00,cambium_co2_rate_lrmer,73.75
CA,2022,2022-04-15 03:00:00,cambium_co2_rate_lrmer,90.44
CA,2022,2022-04-15 04:00:00,cambium_co2_rate_lrmer,89.94
CA,2022,2022-04-15 05:00:00,cambium_co2_rate_lrmer,100.4
CA,2022,2022-04-15 06:00:00,cambium_co2_rate_lrmer,80.5
CA,2022,2022-04-15 07:00:00,cambium_co2_rate_lrmer,68.6
CA,2022,2022-04-15 08:00:00,cambium_co2_rate_lrmer,65.5
CA,2022,2022-04-15 09:00:00,cambium_co2_rate_lrmer,66.94
CA,2022,2022-04-15 10:00:00,cambium_co2_rate_lrmer,48.16
CA,2022,2022-04-15 11:00:00,cambium_co2_rate_lrmer,40.44
CA,2022,2022-04-15 12:00:00,cambium_co2_rate_lrmer,39.16
CA,2022,2022-04-15 13:00:00,cambium_co2_rate_lrmer,46.78
CA,2022,2022-04-15 14:00:00,cambium_co2_rate_lrmer,48.9
CA,2022,2022-04-15 15:00:00,cambium_co2_rate_lrmer,49.3
CA,2022,2022-04-15 16:00:00,cambium_co2_rate_lrmer,49.44
CA,2022,2022-04-15 17:00:00,cambium_co2_rate_lrmer,48.03
CA,2022,2022-04-15 18:00:00,cambium_co2_rate_lrmer,46.47
CA,2022,2022-04-15 19:00:00,cambium_co2_rate_lrmer,55.0
CA,2022,2022-04-15 20:00:00,cambium_co2_rate_lrmer,60.66
CA,2022,2022-04-15 21:00:00,cambium_co2_rate_lrmer,100.75
CA,2022,2022-04-15 22:00:00,cambium_co2_rate_lrmer,115.9
CA,2022,2022-04-15 23:00:00,cambium_co2_rate_lrmer,119.94
CA,2022,2022-04-16 00:00:00,cambium_co2_rate_lrmer,89.5
CA,2022,2022-04-16 01:00:00,cambium_co2_rate_lrmer,73.56
CA,2022,2022-04-16 02:00:00,cambium_co2_rate_lrmer,72.3
CA,2022,2022-04-16 03:00:00,cambium_co2_rate_lrmer,88.8
CA,2022,2022-04-16 04:00:00,cambium_co2_rate_lrmer,88.1
CA,2022,2022-04-16 05:00:00,cambium_co2_rate_lrmer,98.75
CA,2022,2022-04-16 06:00:00,cambium_co2_rate_lrmer,79.0
CA,2022,2022-04-16 07:00:00,cambium_co2_rate_lrmer,67.4
CA,2022,2022-04-16 08:00:00,cambium_co2_rate_lrmer,64.2
CA,2022,2022-04-16 09:00:00,cambium_co2_rate_lrmer,66.7
CA,2022,2022-04-16 10:00:00,cambium_co2_rate_lrmer,45.84
CA,2022,2022-04-16 11:00:00,cambium_co2_rate_lrmer,38.22
CA,2022,2022-04-16 12:00:00,cambium_co2_rate_lrmer,38.47
CA,2022,2022-04-16 13:00:00,cambium_co2_rate_lrmer,44.5
CA,2022,2022-04-16 14:00:00,cambium_co2_rate_lrmer,46.8
CA,2022,2022-04-16 15:00:00,cambium_co2_rate_lrmer,47.75
CA,2022,2022-04-16 16:00:00,cambium_co2_rate_lrmer,47.9
CA,2022,2022-04-16 17:00:00,cambium_co2_rate_lrmer,45.94
CA,2022,2022-04-16 18:00:00,cambium_co2_rate_lrmer,44.44
CA,2022,2022-04-16 19:00:00,cambium_co2_rate_lrmer,52.5
CA,2022,2022-04-16 20:00:00,cambium_co2_rate_lrmer,59.3
CA,2022,2022-04-16 21:00:00,cambium_co2_rate_lrmer,101.3
CA,2022,2022-04-16 22:00:00,cambium_co2_rate_lrmer,117.25
CA,2022,2022-04-16 23:00:00,cambium_co2_rate_lrmer,123.0
CA,2022,2022-04-17 00:00:00,cambium_co2_rate_lrmer,91.4
CA,2022,2022-04-17 01:00:00,cambium_co2_rate_lrmer,78.06
CA,2022,2022-04-17 02:00:00,cambium_co2_rate_lrmer,78.6
CA,2022,2022-04-17 03:00:00,cambium_co2_rate_lrmer,94.6
CA,2022,2022-04-17 04:00:00,cambium_co2_rate_lrmer,92.75
CA,2022,2022-04-17 05:00:00,cambium_co2_rate_lrmer,102.4
CA,2022,2022-04-17 06:00:00,cambium_co2_rate_lrmer,82.9
CA,2022,2022-04-17 07:00:00,cambium_co2_rate_lrmer,72.06
CA,2022,2022-04-17 08:00:00,cambium_co2_rate_lrmer,69.7
CA,2022,2022-04-17 09:00:00,cambium_co2_rate_lrmer,69.94
CA,2022,2022-04-17 10:00:00,cambium_co2_rate_lrmer,48.7
CA,2022,2022-04-17 11:00:00,cambium_co2_rate_lrmer,40.8
CA,2022,2022-04-17 12:00:00,cambium_co2_rate_lrmer,41.06
CA,2022,2022-04-17 13:00:00,cambium_co2_rate_lrmer,47.06
CA,2022,2022-04-17 14:00:00,cambium_co2_rate_lrmer,48.12
CA,2022,2022-04-17 15:00:00,cambium_co2_rate_lrmer,48.8
CA,2022,2022-04-17 16:00:00,cambium_co2_rate_lrmer,51.2
CA,2022,2022-04-17 17:00:00,cambium_co2_rate_lrmer,48.12
CA,2022,2022-04-17 18:00:00,cambium_co2_rate_lrmer,46.6
CA,2022,2022-04-17 19:00:00,cambium_co2_rate_lrmer,55.5
CA,2022,2022-04-17 20:00:00,cambium_co2_rate_lrmer,65.8
CA,2022,2022-04-17 21:00:00,cambium_co2_rate_lrmer,106.5
CA,2022,2022-04-17 22:00:00,cambium_co2_rate_lrmer,119.4
CA,2022,2022-04-17 23:00:00,cambium_co2_rate_lrmer,125.1
CA,2022,2022-04-18 00:00:00,cambium_co2_rate_lrmer,89.25
CA,2022,2022-04-18 01:00:00,cambium_co2_rate_lrmer,75.1
CA,2022,2022-04-18 02:00:00,cambium_co2_rate_lrmer,77.2
CA,2022,2022-04-18 03:00:00,cambium_co2_rate_lrmer,93.44
CA,2022,2022-04-18 04:00:00,cambium_co2_rate_lrmer,90.75
CA,2022,2022-04-18 05:00:00,cambium_co2_rate_lrmer,100.94
CA,2022,2022-04-18 06:00:00,cambium_co2_rate_lrmer,80.3
CA,2022,2022-04-18 07:00:00,cambium_co2_rate_lrmer,70.44
CA,2022,2022-04-18 08:00:00,cambium_co2_rate_lrmer,68.6
CA,2022,2022-04-18 09:00:00,cambium_co2_rate_lrmer,69.1
CA,2022,2022-04-18 10:00:00,cambium_co2_rate_lrmer,49.03
CA,2022,2022-04-18 11:00:00,cambium_co2_rate_lrmer,40.4
CA,2022,2022-04-18 12:00:00,cambium_co2_rate_lrmer,41.3
CA,2022,2022-04-18 13:00:00,cambium_co2_rate_lrmer,47.34
CA,2022,2022-04-18 14:00:00,cambium_co2_rate_lrmer,46.44
CA,2022,2022-04-18 15:00:00,cambium_co2_rate_lrmer,47.12
CA,2022,2022-04-18 16:00:00,cambium_co2_rate_lrmer,50.5
CA,2022,2022-04-18 17:00:00,cambium_co2_rate_lrmer,47.2
CA,2022,2022-04-18 18:00:00,cambium_co2_rate_lrmer,45.06
CA,2022,2022-04-18 19:00:00,cambium_co2_rate_lrmer,54.5
CA,2022,2022-04-18 20:00:00,cambium_co2_rate_lrmer,64.9
CA,2022,2022-04-18 21:00:00,cambium_co2_rate_lrmer,105.25
CA,2022,2022-04-18 22:00:00,cambium_co2_rate_lrmer,118.6
CA,2022,2022-04-18 23:00:00,cambium_co2_rate_lrmer,124.0
CA,2022,2022-04-19 00:00:00,cambium_co2_rate_lrmer,88.06
CA,2022,2022-04-19 01:00:00,cambium_co2_rate_lrmer,76.5
CA,2022,2022-04-19 02:00:00,cambium_co2_rate_lrmer,79.7
CA,2022,2022-04-19 03:00:00,cambium_co2_rate_lrmer,96.2
CA,2022,2022-04-19 04:00:00,cambium_co2_rate_lrmer,92.25
CA,2022,2022-04-19 05:00:00,cambium_co2_rate_lrmer,102.3
CA,2022,2022-04-19 06:00:00,cambium_co2_rate_lrmer,81.25
CA,2022,2022-04-19 07:00:00,cambium_co2_rate_lrmer,70.94
CA,2022,2022-04-19 08:00:00,cambium_co2_rate_lrmer,67.75
CA,2022,2022-04-19 09:00:00,cambium_co2_rate_lrmer,66.2
CA,2022,2022-04-19 10:00:00,cambium_co2_rate_lrmer,48.03
CA,2022,2022-04-19 11:00:00,cambium_co2_rate_lrmer,39.12
CA,2022,2022-04-19 12:00:00,cambium_co2_rate_lrmer,39.34
CA,2022,2022-04-19 13:00:00,cambium_co2_rate_lrmer,47.2
CA,2022,2022-04-19 14:00:00,cambium_co2_rate_lrmer,47.5
CA,2022,2022-04-19 15:00:00,cambium_co2_rate_lrmer,49.97
CA,2022,2022-04-19 16:00:00,cambium_co2_rate_lrmer,53.25
CA,2022,2022-04-19 17:00:00,cambium_co2_rate_lrmer,46.97
CA,2022,2022-04-19 18:00:00,cambium_co2_rate_lrmer,43.38
CA,2022,2022-04-19 19:00:00,cambium_co2_rate_lrmer,55.06
CA,2022,2022-04-19 20:00:00,cambium_co2_rate_lrmer,62.8
CA,2022,2022-04-19 21:00:00,cambium_co2_rate_lrmer,103.2
CA,2022,2022-04-19 22:00:00,cambium_co2_rate_lrmer,112.9
CA,2022,2022-04-19 23:00:00,cambium_co2_rate_lrmer,117.94
CA,2022,2022-04-20 00:00:00,cambium_co2_rate_lrmer,85.6
CA,2022,2022-04-20 01:00:00,cambium_co2_rate_lrmer,74.5
CA,2022,2022-04-20 02:00:00,cambium_co2_rate_lrmer,77.06
CA,2022,2022-04-20 03:00:00,cambium_co2_rate_lrmer,95.9
CA,2022,2022-04-20 04:00:00,cambium_co2_rate_lrmer,90.25
CA,2022,2022-04-20 05:00:00,cambium_co2_rate_lrmer,98.3
CA,2022,2022-04-20 06:00:00,cambium_co2_rate_lrmer,78.94
CA,2022,2022-04-20 07:00:00,cambium_co2_rate_lrmer,68.2
CA,2022,2022-04-20 08:00:00,cambium_co2_rate_lrmer,65.0
CA,2022,2022-04-20 09:00:00,cambium_co2_rate_lrmer,62.3
CA,2022,2022-04-20 10:00:00,cambium_co2_rate_lrmer,44.56
CA,2022,2022-04-20 11:00:00,cambium_co2_rate_lrmer,36.16
CA,2022,2022-04-20 12:00:00,cambium_co2_rate_lrmer,37.38
CA,2022,2022-04-20 13:00:00,cambium_co2_rate_lrmer,44.16
CA,2022,2022-04-20 14:00:00,cambium_co2_rate_lrmer,44.56
CA,2022,2022-04-20 15:00:00,cambium_co2_rate_lrmer,46.94
CA,2022,2022-04-20 16:00:00,cambium_co2_rate_lrmer,50.12
CA,2022,2022-04-20 17:00:00,cambium_co2_rate_lrmer,45.66
CA,2022,2022-04-20 18:00:00,cambium_co2_rate_lrmer,42.0
CA,2022,2022-04-20 19:00:00,cambium_co2_rate_lrmer,53.53
CA,2022,2022-04-20 20:00:00,cambium_co2_rate_lrmer,61.34
CA,2022,2022-04-20 21:00:00,cambium_co2_rate_lrmer,100.25
CA,2022,2022-04-20 22:00:00,cambium_co2_rate_lrmer,108.06
CA,2022,2022-04-20 23:00:00,cambium_co2_rate_lrmer,114.94
CA,2022,2022-04-21 00:00:00,cambium_co2_rate_lrmer,81.3
CA,2022,2022-04-21 01:00:00,cambium_co2_rate_lrmer,75.94
CA,2022,2022-04-21 02:00:00,cambium_co2_rate_lrmer,80.3
CA,2022,2022-04-21 03:00:00,cambium_co2_rate_lrmer,97.7
CA,2022,2022-04-21 04:00:00,cambium_co2_rate_lrmer,89.06
CA,2022,2022-04-21 05:00:00,cambium_co2_rate_lrmer,92.3
CA,2022,2022-04-21 06:00:00,cambium_co2_rate_lrmer,74.06
CA,2022,2022-04-21 07:00:00,cambium_co2_rate_lrmer,65.0
CA,2022,2022-04-21 08:00:00,cambium_co2_rate_lrmer,60.56
CA,2022,2022-04-21 09:00:00,cambium_co2_rate_lrmer,57.94
CA,2022,2022-04-21 10:00:00,cambium_co2_rate_lrmer,41.22
CA,2022,2022-04-21 11:00:00,cambium_co2_rate_lrmer,34.03
CA,2022,2022-04-21 12:00:00,cambium_co2_rate_lrmer,34.22
CA,2022,2022-04-21 13:00:00,cambium_co2_rate_lrmer,39.9
CA,2022,2022-04-21 14:00:00,cambium_co2_rate_lrmer,42.3
CA,2022,2022-04-21 15:00:00,cambium_co2_rate_lrmer,44.72
CA,2022,2022-04-21 16:00:00,cambium_co2_rate_lrmer,51.78
CA,2022,2022-04-21 17:00:00,cambium_co2_rate_lrmer,45.47
CA,2022,2022-04-21 18:00:00,cambium_co2_rate_lrmer,42.4
CA,2022,2022-04-21 19:00:00,cambium_co2_rate_lrmer,54.4
CA,2022,2022-04-21 20:00:00,cambium_co2_rate_lrmer,61.97
CA,2022,2022-04-21 21:00:00,cambium_co2_rate_lrmer,101.7
CA,2022,2022-04-21 22:00:00,cambium_co2_rate_lrmer,109.8
CA,2022,2022-04-21 23:00:00,cambium_co2_rate_lrmer,121.25
CA,2022,2022-04-22 00:00:00,cambium_co2_rate_lrmer,84.94
CA,2022,2022-04-22 01:00:00,cambium_co2_rate_lrmer,78.06
CA,2022,2022-04-22 02:00:00,cambium_co2_rate_lrmer,82.5
CA,2022,2022-04-22 03:00:00,cambium_co2_rate_lrmer,101.75
CA,2022,2022-04-22 04:00:00,cambium_co2_rate_lrmer,93.3
CA,2022,2022-04-22 05:00:00,cambium_co2_rate_lrmer,95.94
CA,2022,2022-04-22 06:00:00,cambium_co2_rate_lrmer,76.7
CA,2022,2022-04-22 07:00:00,cambium_co2_rate_lrmer,65.75
CA,2022,2022-04-22 08:00:00,cambium_co2_rate_lrmer,62.7
CA,2022,2022-04-22 09:00:00,cambium_co2_rate_lrmer,58.3
CA,2022,2022-04-22 10:00:00,cambium_co2_rate_lrmer,39.9
CA,2022,2022-04-22 11:00:00,cambium_co2_rate_lrmer,33.12
CA,2022,2022-04-22 12:00:00,cambium_co2_rate_lrmer,34.2
CA,2022,2022-04-22 13:00:00,cambium_co2_rate_lrmer,39.97
CA,2022,2022-04-22 14:00:00,cambium_co2_rate_lrmer,42.72
CA,2022,2022-04-22 15:00:00,cambium_co2_rate_lrmer,44.97
CA,2022,2022-04-22 16:00:00,cambium_co2_rate_lrmer,52.2
CA,2022,2022-04-22 17:00:00,cambium_co2_rate_lrmer,45.7
CA,2022,2022-04-22 18:00:00,cambium_co2_rate_lrmer,44.0
CA,2022,2022-04-22 19:00:00,cambium_co2_rate_lrmer,52.7
CA,2022,2022-04-22 20:00:00,cambium_co2_rate_lrmer,65.25
CA,2022,2022-04-22 21:00:00,cambium_co2_rate_lrmer,104.8
CA,2022,2022-04-22 22:00:00,cambium_co2_rate_lrmer,112.4
CA,2022,2022-04-22 23:00:00,cambium_co2_rate_lrmer,123.6
CA,2022,2022-04-23 00:00:00,cambium_co2_rate_lrmer,85.56
CA,2022,2022-04-23 01:00:00,cambium_co2_rate_lrmer,79.0
CA,2022,2022-04-23 02:00:00,cambium_co2_rate_lrmer,83.7
CA,2022,2022-04-23 03:00:00,cambium_co2_rate_lrmer,102.75
CA,2022,2022-04-23 04:00:00,cambium_co2_rate_lrmer,95.7
CA,2022,2022-04-23 05:00:00,cambium_co2_rate_lrmer,97.94
CA,2022,2022-04-23 06:00:00,cambium_co2_rate_lrmer,78.4
CA,2022,2022-04-23 07:00:00,cambium_co2_rate_lrmer,66.94
CA,2022,2022-04-23 08:00:00,cambium_co2_rate_lrmer,64.6
CA,2022,2022-04-23 09:00:00,cambium_co2_rate_lrmer,58.03
CA,2022,2022-04-23 10:00:00,cambium_co2_rate_lrmer,39.84
CA,2022,2022-04-23 11:00:00,cambium_co2_rate_lrmer,33.12
CA,2022,2022-04-23 12:00:00,cambium_co2_rate_lrmer,34.12
CA,2022,2022-04-23 13:00:00,cambium_co2_rate_lrmer,39.88
CA,2022,2022-04-23 14:00:00,cambium_co2_rate_lrmer,42.62
CA,2022,2022-04-23 15:00:00,cambium_co2_rate_lrmer,44.9
CA,2022,2022-04-23 16:00:00,cambium_co2_rate_lrmer,52.06
CA,2022,2022-04-23 17:00:00,cambium_co2_rate_lrmer,45.66
CA,2022,2022-04-23 18:00:00,cambium_co2_rate_lrmer,44.0
CA,2022,2022-04-23 19:00:00,cambium_co2_rate_lrmer,53.1
CA,2022,2022-04-23 20:00:00,cambium_co2_rate_lrmer,67.0
CA,2022,2022-04-23 21:00:00,cambium_co2_rate_lrmer,105.25
CA,2022,2022-04-23 22:00:00,cambium_co2_rate_lrmer,112.6
CA,2022,2022-04-23 23:00:00,cambium_co2_rate_lrmer,123.5
CA,2022,2022-04-24 00:00:00,cambium_co2_rate_lrmer,89.1
CA,2022,2022-04-24 01:00:00,cambium_co2_rate_lrmer,82.25
CA,2022,2022-04-24 02:00:00,cambium_co2_rate_lrmer,87.0
CA,2022,2022-04-24 03:00:00,cambium_co2_rate_lrmer,107.2
CA,2022,2022-04-24 04:00:00,cambium_co2_rate_lrmer,99.06
CA,2022,2022-04-24 05:00:00,cambium_co2_rate_lrmer,100.9
CA,2022,2022-04-24 06:00:00,cambium_co2_rate_lrmer,81.56
CA,2022,2022-04-24 07:00:00,cambium_co2_rate_lrmer,71.75
CA,2022,2022-04-24 08:00:00,cambium_co2_rate_lrmer,68.1
CA,2022,2022-04-24 09:00:00,cambium_co2_rate_lrmer,61.75
CA,2022,2022-04-24 10:00:00,cambium_co2_rate_lrmer,42.9
CA,2022,2022-04-24 11:00:00,cambium_co2_rate_lrmer,38.2
CA,2022,2022-04-24 12:00:00,cambium_co2_rate_lrmer,37.9
CA,2022,2022-04-24 13:00:00,cambium_co2_rate_lrmer,43.78
CA,2022,2022-04-24 14:00:00,cambium_co2_rate_lrmer,45.62
CA,2022,2022-04-24 15:00:00,cambium_co2_rate_lrmer,48.6
CA,2022,2022-04-24 16:00:00,cambium_co2_rate_lrmer,59.38
CA,2022,2022-04-24 17:00:00,cambium_co2_rate_lrmer,53.34
CA,2022,2022-04-24 18:00:00,cambium_co2_rate_lrmer,51.06
CA,2022,2022-04-24 19:00:00,cambium_co2_rate_lrmer,57.47
CA,2022,2022-04-24 20:00:00,cambium_co2_rate_lrmer,74.0
CA,2022,2022-04-24 21:00:00,cambium_co2_rate_lrmer,115.75
CA,2022,2022-04-24 22:00:00,cambium_co2_rate_lrmer,122.5
CA,2022,2022-04-24 23:00:00,cambium_co2_rate_lrmer,134.8
CA,2022,2022-04-25 00:00:00,cambium_co2_rate_lrmer,94.5
CA,2022,2022-04-25 01:00:00,cambium_co2_rate_lrmer,87.44
CA,2022,2022-04-25 02:00:00,cambium_co2_rate_lrmer,94.94
CA,2022,2022-04-25 03:00:00,cambium_co2_rate_lrmer,113.1
CA,2022,2022-04-25 04:00:00,cambium_co2_rate_lrmer,103.56
CA,2022,2022-04-25 05:00:00,cambium_co2_rate_lrmer,104.75
CA,2022,2022-04-25 06:00:00,cambium_co2_rate_lrmer,89.0
CA,2022,2022-04-25 07:00:00,cambium_co2_rate_lrmer,81.25
CA,2022,2022-04-25 08:00:00,cambium_co2_rate_lrmer,74.94
CA,2022,2022-04-25 09:00:00,cambium_co2_rate_lrmer,65.4
CA,2022,2022-04-25 10:00:00,cambium_co2_rate_lrmer,43.16
CA,2022,2022-04-25 11:00:00,cambium_co2_rate_lrmer,43.44
CA,2022,2022-04-25 12:00:00,cambium_co2_rate_lrmer,40.38
CA,2022,2022-04-25 13:00:00,cambium_co2_rate_lrmer,46.38
CA,2022,2022-04-25 14:00:00,cambium_co2_rate_lrmer,50.22
CA,2022,2022-04-25 15:00:00,cambium_co2_rate_lrmer,53.28
CA,2022,2022-04-25 16:00:00,cambium_co2_rate_lrmer,64.0
CA,2022,2022-04-25 17:00:00,cambium_co2_rate_lrmer,59.2
CA,2022,2022-04-25 18:00:00,cambium_co2_rate_lrmer,56.34
CA,2022,2022-04-25 19:00:00,cambium_co2_rate_lrmer,60.94
CA,2022,2022-04-25 20:00:00,cambium_co2_rate_lrmer,79.4
CA,2022,2022-04-25 21:00:00,cambium_co2_rate_lrmer,121.2
CA,2022,2022-04-25 22:00:00,cambium_co2_rate_lrmer,128.5
CA,2022,2022-04-25 23:00:00,cambium_co2_rate_lrmer,140.5
CA,2022,2022-04-26 00:00:00,cambium_co2_rate_lrmer,100.5
CA,2022,2022-04-26 01:00:00,cambium_co2_rate_lrmer,96.25
CA,2022,2022-04-26 02:00:00,cambium_co2_rate_lrmer,100.9
CA,2022,2022-04-26 03:00:00,cambium_co2_rate_lrmer,122.25
CA,2022,2022-04-26 04:00:00,cambium_co2_rate_lrmer,114.25
CA,2022,2022-04-26 05:00:00,cambium_co2_rate_lrmer,115.25
CA,2022,2022-04-26 06:00:00,cambium_co2_rate_lrmer,100.25
CA,2022,2022-04-26 07:00:00,cambium_co2_rate_lrmer,92.7
CA,2022,2022-04-26 08:00:00,cambium_co2_rate_lrmer,85.9
CA,2022,2022-04-26 09:00:00,cambium_co2_rate_lrmer,72.5
CA,2022,2022-04-26 10:00:00,cambium_co2_rate_lrmer,49.9
CA,2022,2022-04-26 11:00:00,cambium_co2_rate_lrmer,50.44
CA,2022,2022-04-26 12:00:00,cambium_co2_rate_lrmer,47.7
CA,2022,2022-04-26 13:00:00,cambium_co2_rate_lrmer,53.53
CA,2022,2022-04-26 14:00:00,cambium_co2_rate_lrmer,57.75
CA,2022,2022-04-26 15:00:00,cambium_co2_rate_lrmer,60.47
CA,2022,2022-04-26 16:00:00,cambium_co2_rate_lrmer,70.7
CA,2022,2022-04-26 17:00:00,cambium_co2_rate_lrmer,66.5
CA,2022,2022-04-26 18:00:00,cambium_co2_rate_lrmer,63.7
CA,2022,2022-04-26 19:00:00,cambium_co2_rate_lrmer,67.75
CA,2022,2022-04-26 20:00:00,cambium_co2_rate_lrmer,87.25
CA,2022,2022-04-26 21:00:00,cambium_co2_rate_lrmer,130.2
CA,2022,2022-04-26 22:00:00,cambium_co2_rate_lrmer,138.0
CA,2022,2022-04-26 23:00:00,cambium_co2_rate_lrmer,150.5
CA,2022,2022-04-27 00:00:00,cambium_co2_rate_lrmer,111.25
CA,2022,2022-04-27 01:00:00,cambium_co2_rate_lrmer,106.4
CA,2022,2022-04-27 02:00:00,cambium_co2_rate_lrmer,110.5
CA,2022,2022-04-27 03:00:00,cambium_co2_rate_lrmer,130.2
CA,2022,2022-04-27 04:00:00,cambium_co2_rate_lrmer,122.4
CA,2022,2022-04-27 05:00:00,cambium_co2_rate_lrmer,123.7
CA,2022,2022-04-27 06:00:00,cambium_co2_rate_lrmer,107.8
CA,2022,2022-04-27 07:00:00,cambium_co2_rate_lrmer,100.3
CA,2022,2022-04-27 08:00:00,cambium_co2_rate_lrmer,93.1
CA,2022,2022-04-27 09:00:00,cambium_co2_rate_lrmer,75.6
CA,2022,2022-04-27 10:00:00,cambium_co2_rate_lrmer,51.8
CA,2022,2022-04-27 11:00:00,cambium_co2_rate_lrmer,52.8
CA,2022,2022-04-27 12:00:00,cambium_co2_rate_lrmer,50.66
CA,2022,2022-04-27 13:00:00,cambium_co2_rate_lrmer,56.34
CA,2022,2022-04-27 14:00:00,cambium_co2_rate_lrmer,60.5
CA,2022,2022-04-27 15:00:00,cambium_co2_rate_lrmer,65.75
CA,2022,2022-04-27 16:00:00,cambium_co2_rate_lrmer,77.5
CA,2022,2022-04-27 17:00:00,cambium_co2_rate_lrmer,73.9
CA,2022,2022-04-27 18:00:00,cambium_co2_rate_lrmer,70.3
CA,2022,2022-04-27 19:00:00,cambium_co2_rate_lrmer,75.5
CA,2022,2022-04-27 20:00:00,cambium_co2_rate_lrmer,94.6
CA,2022,2022-04-27 21:00:00,cambium_co2_rate_lrmer,136.1
CA,2022,2022-04-27 22:00:00,cambium_co2_rate_lrmer,141.5
CA,2022,2022-04-27 23:00:00,cambium_co2_rate_lrmer,156.1
CA,2022,2022-04-28 00:00:00,cambium_co2_rate_lrmer,115.7
CA,2022,2022-04-28 01:00:00,cambium_co2_rate_lrmer,112.1
CA,2022,2022-04-28 02:00:00,cambium_co2_rate_lrmer,115.25
CA,2022,2022-04-28 03:00:00,cambium_co2_rate_lrmer,133.0
CA,2022,2022-04-28 04:00:00,cambium_co2_rate_lrmer,124.25
CA,2022,2022-04-28 05:00:00,cambium_co2_rate_lrmer,120.94
CA,2022,2022-04-28 06:00:00,cambium_co2_rate_lrmer,107.06
CA,2022,2022-04-28 07:00:00,cambium_co2_rate_lrmer,105.5
CA,2022,2022-04-28 08:00:00,cambium_co2_rate_lrmer,102.3
CA,2022,2022-04-28 09:00:00,cambium_co2_rate_lrmer,81.25
CA,2022,2022-04-28 10:00:00,cambium_co2_rate_lrmer,56.56
CA,2022,2022-04-28 11:00:00,cambium_co2_rate_lrmer,57.47
CA,2022,2022-04-28 12:00:00,cambium_co2_rate_lrmer,54.88
CA,2022,2022-04-28 13:00:00,cambium_co2_rate_lrmer,60.22
CA,2022,2022-04-28 14:00:00,cambium_co2_rate_lrmer,64.5
CA,2022,2022-04-28 15:00:00,cambium_co2_rate_lrmer,69.25
CA,2022,2022-04-28 16:00:00,cambium_co2_rate_lrmer,83.8
CA,2022,2022-04-28 17:00:00,cambium_co2_rate_lrmer,81.56
CA,2022,2022-04-28 18:00:00,cambium_co2_rate_lrmer,76.44
CA,2022,2022-04-28 19:00:00,cambium_co2_rate_lrmer,83.0
CA,2022,2022-04-28 20:00:00,cambium_co2_rate_lrmer,99.8
CA,2022,2022-04-28 21:00:00,cambium_co2_rate_lrmer,139.2
CA,2022,2022-04-28 22:00:00,cambium_co2_rate_lrmer,149.1
CA,2022,2022-04-28 23:00:00,cambium_co2_rate_lrmer,162.9
CA,2022,2022-04-29 00:00:00,cambium_co2_rate_lrmer,122.3
CA,2022,2022-04-29 01:00:00,cambium_co2_rate_lrmer,118.75
CA,2022,2022-04-29 02:00:00,cambium_co2_rate_lrmer,119.1
CA,2022,2022-04-29 03:00:00,cambium_co2_rate_lrmer,136.9
CA,2022,2022-04-29 04:00:00,cambium_co2_rate_lrmer,127.9
CA,2022,2022-04-29 05:00:00,cambium_co2_rate_lrmer,124.56
CA,2022,2022-04-29 06:00:00,cambium_co2_rate_lrmer,109.9
CA,2022,2022-04-29 07:00:00,cambium_co2_rate_lrmer,110.06
CA,2022,2022-04-29 08:00:00,cambium_co2_rate_lrmer,105.4
CA,2022,2022-04-29 09:00:00,cambium_co2_rate_lrmer,82.44
CA,2022,2022-04-29 10:00:00,cambium_co2_rate_lrmer,56.3
CA,2022,2022-04-29 11:00:00,cambium_co2_rate_lrmer,55.97
CA,2022,2022-04-29 12:00:00,cambium_co2_rate_lrmer,55.12
CA,2022,2022-04-29 13:00:00,cambium_co2_rate_lrmer,60.3
CA,2022,2022-04-29 14:00:00,cambium_co2_rate_lrmer,64.75
CA,2022,2022-04-29 15:00:00,cambium_co2_rate_lrmer,69.25
CA,2022,2022-04-29 16:00:00,cambium_co2_rate_lrmer,83.7
CA,2022,2022-04-29 17:00:00,cambium_co2_rate_lrmer,83.6
CA,2022,2022-04-29 18:00:00,cambium_co2_rate_lrmer,77.4
CA,2022,2022-04-29 19:00:00,cambium_co2_rate_lrmer,86.06
CA,2022,2022-04-29 20:00:00,cambium_co2_rate_lrmer,101.56
CA,2022,2022-04-29 21:00:00,cambium_co2_rate_lrmer,145.8
CA,2022,2022-04-29 22:00:00,cambium_co2_rate_lrmer,157.5
CA,2022,2022-04-29 23:00:00,cambium_co2_rate_lrmer,171.6
CA,2022,2022-04-30 00:00:00,cambium_co2_rate_lrmer,128.0
CA,2022,2022-04-30 01:00:00,cambium_co2_rate_lrmer,122.0
CA,2022,2022-04-30 02:00:00,cambium_co2_rate_lrmer,120.5
CA,2022,2022-04-30 03:00:00,cambium_co2_rate_lrmer,143.4
CA,2022,2022-04-30 04:00:00,cambium_co2_rate_lrmer,134.8
CA,2022,2022-04-30 05:00:00,cambium_co2_rate_lrmer,131.8
CA,2022,2022-04-30 06:00:00,cambium_co2_rate_lrmer,116.06
CA,2022,2022-04-30 07:00:00,cambium_co2_rate_lrmer,116.25
CA,2022,2022-04-30 08:00:00,cambium_co2_rate_lrmer,108.1
CA,2022,2022-04-30 09:00:00,cambium_co2_rate_lrmer,85.0
CA,2022,2022-04-30 10:00:00,cambium_co2_rate_lrmer,59.94
CA,2022,2022-04-30 11:00:00,cambium_co2_rate_lrmer,59.44
CA,2022,2022-04-30 12:00:00,cambium_co2_rate_lrmer,57.88
CA,2022,2022-04-30 13:00:00,cambium_co2_rate_lrmer,61.88
CA,2022,2022-04-30 14:00:00,cambium_co2_rate_lrmer,67.25
CA,2022,2022-04-30 15:00:00,cambium_co2_rate_lrmer,71.4
CA,2022,2022-04-30 16:00:00,cambium_co2_rate_lrmer,84.6
CA,2022,2022-04-30 17:00:00,cambium_co2_rate_lrmer,84.1
CA,2022,2022-04-30 18:00:00,cambium_co2_rate_lrmer,79.4
CA,2022,2022-04-30 19:00:00,cambium_co2_rate_lrmer,88.1
CA,2022,2022-04-30 20:00:00,cambium_co2_rate_lrmer,106.4
CA,2022,2022-04-30 21:00:00,cambium_co2_rate_lrmer,148.8
CA,2022,2022-04-30 22:00:00,cambium_co2_rate_lrmer,158.5
CA,2022,2022-04-30 23:00:00,cambium_co2_rate_lrmer,169.9
CA,2022,2022-05-01 00:00:00,cambium_co2_rate_lrmer,126.8
CA,2022,2022-05-01 01:00:00,cambium_co2_rate_lrmer,123.56
CA,2022,2022-05-01 02:00:00,cambium_co2_rate_lrmer,122.75
CA,2022,2022-05-01 03:00:00,cambium_co2_rate_lrmer,145.6
CA,2022,2022-05-01 04:00:00,cambium_co2_rate_lrmer,137.2
CA,2022,2022-05-01 05:00:00,cambium_co2_rate_lrmer,137.9
CA,2022,2022-05-01 06:00:00,cambium_co2_rate_lrmer,121.3
CA,2022,2022-05-01 07:00:00,cambium_co2_rate_lrmer,122.9
CA,2022,2022-05-01 08:00:00,cambium_co2_rate_lrmer,111.8
CA,2022,2022-05-01 09:00:00,cambium_co2_rate_lrmer,87.7
CA,2022,2022-05-01 10:00:00,cambium_co2_rate_lrmer,68.75
CA,2022,2022-05-01 11:00:00,cambium_co2_rate_lrmer,68.1
CA,2022,2022-05-01 12:00:00,cambium_co2_rate_lrmer,66.6
CA,2022,2022-05-01 13:00:00,cambium_co2_rate_lrmer,69.0
CA,2022,2022-05-01 14:00:00,cambium_co2_rate_lrmer,73.8
CA,2022,2022-05-01 15:00:00,cambium_co2_rate_lrmer,78.94
CA,2022,2022-05-01 16:00:00,cambium_co2_rate_lrmer,93.1
CA,2022,2022-05-01 17:00:00,cambium_co2_rate_lrmer,92.7
CA,2022,2022-05-01 18:00:00,cambium_co2_rate_lrmer,88.4
CA,2022,2022-05-01 19:00:00,cambium_co2_rate_lrmer,96.5
CA,2022,2022-05-01 20:00:00,cambium_co2_rate_lrmer,114.0
CA,2022,2022-05-01 21:00:00,cambium_co2_rate_lrmer,156.5
CA,2022,2022-05-01 22:00:00,cambium_co2_rate_lrmer,165.0
CA,2022,2022-05-01 23:00:00,cambium_co2_rate_lrmer,174.2
CA,2022,2022-05-02 00:00:00,cambium_co2_rate_lrmer,132.2
CA,2022,2022-05-02 01:00:00,cambium_co2_rate_lrmer,128.5
CA,2022,2022-05-02 02:00:00,cambium_co2_rate_lrmer,124.9
CA,2022,2022-05-02 03:00:00,cambium_co2_rate_lrmer,147.1
CA,2022,2022-05-02 04:00:00,cambium_co2_rate_lrmer,139.8
CA,2022,2022-05-02 05:00:00,cambium_co2_rate_lrmer,137.0
CA,2022,2022-05-02 06:00:00,cambium_co2_rate_lrmer,123.3
CA,2022,2022-05-02 07:00:00,cambium_co2_rate_lrmer,126.2
CA,2022,2022-05-02 08:00:00,cambium_co2_rate_lrmer,111.6
CA,2022,2022-05-02 09:00:00,cambium_co2_rate_lrmer,86.9
CA,2022,2022-05-02 10:00:00,cambium_co2_rate_lrmer,70.56
CA,2022,2022-05-02 11:00:00,cambium_co2_rate_lrmer,68.6
CA,2022,2022-05-02 12:00:00,cambium_co2_rate_lrmer,67.44
CA,2022,2022-05-02 13:00:00,cambium_co2_rate_lrmer,69.8
CA,2022,2022-05-02 14:00:00,cambium_co2_rate_lrmer,73.5
CA,2022,2022-05-02 15:00:00,cambium_co2_rate_lrmer,81.06
CA,2022,2022-05-02 16:00:00,cambium_co2_rate_lrmer,98.1
CA,2022,2022-05-02 17:00:00,cambium_co2_rate_lrmer,95.56
CA,2022,2022-05-02 18:00:00,cambium_co2_rate_lrmer,91.56
CA,2022,2022-05-02 19:00:00,cambium_co2_rate_lrmer,95.9
CA,2022,2022-05-02 20:00:00,cambium_co2_rate_lrmer,116.0
CA,2022,2022-05-02 21:00:00,cambium_co2_rate_lrmer,157.8
CA,2022,2022-05-02 22:00:00,cambium_co2_rate_lrmer,171.2
CA,2022,2022-05-02 23:00:00,cambium_co2_rate_lrmer,181.9
CA,2022,2022-05-03 00:00:00,cambium_co2_rate_lrmer,134.8
CA,2022,2022-05-03 01:00:00,cambium_co2_rate_lrmer,131.2
CA,2022,2022-05-03 02:00:00,cambium_co2_rate_lrmer,128.4
CA,2022,2022-05-03 03:00:00,cambium_co2_rate_lrmer,150.5
CA,2022,2022-05-03 04:00:00,cambium_co2_rate_lrmer,143.8
CA,2022,2022-05-03 05:00:00,cambium_co2_rate_lrmer,141.0
CA,2022,2022-05-03 06:00:00,cambium_co2_rate_lrmer,126.2
CA,2022,2022-05-03 07:00:00,cambium_co2_rate_lrmer,129.8
CA,2022,2022-05-03 08:00:00,cambium_co2_rate_lrmer,113.56
CA,2022,2022-05-03 09:00:00,cambium_co2_rate_lrmer,87.1
CA,2022,2022-05-03 10:00:00,cambium_co2_rate_lrmer,75.75
CA,2022,2022-05-03 11:00:00,cambium_co2_rate_lrmer,73.1
CA,2022,2022-05-03 12:00:00,cambium_co2_rate_lrmer,72.1
CA,2022,2022-05-03 13:00:00,cambium_co2_rate_lrmer,71.94
CA,2022,2022-05-03 14:00:00,cambium_co2_rate_lrmer,75.3
CA,2022,2022-05-03 15:00:00,cambium_co2_rate_lrmer,82.94
CA,2022,2022-05-03 16:00:00,cambium_co2_rate_lrmer,100.3
CA,2022,2022-05-03 17:00:00,cambium_co2_rate_lrmer,98.2
CA,2022,2022-05-03 18:00:00,cambium_co2_rate_lrmer,93.25
CA,2022,2022-05-03 19:00:00,cambium_co2_rate_lrmer,99.2
CA,2022,2022-05-03 20:00:00,cambium_co2_rate_lrmer,119.25
CA,2022,2022-05-03 21:00:00,cambium_co2_rate_lrmer,158.1
CA,2022,2022-05-03 22:00:00,cambium_co2_rate_lrmer,174.8
CA,2022,2022-05-03 23:00:00,cambium_co2_rate_lrmer,183.5
CA,2022,2022-05-04 00:00:00,cambium_co2_rate_lrmer,136.5
CA,2022,2022-05-04 01:00:00,cambium_co2_rate_lrmer,128.6
CA,2022,2022-05-04 02:00:00,cambium_co2_rate_lrmer,124.44
CA,2022,2022-05-04 03:00:00,cambium_co2_rate_lrmer,142.8
CA,2022,2022-05-04 04:00:00,cambium_co2_rate_lrmer,137.9
CA,2022,2022-05-04 05:00:00,cambium_co2_rate_lrmer,135.8
CA,2022,2022-05-04 06:00:00,cambium_co2_rate_lrmer,121.6
CA,2022,2022-05-04 07:00:00,cambium_co2_rate_lrmer,125.6
CA,2022,2022-05-04 08:00:00,cambium_co2_rate_lrmer,110.0
CA,2022,2022-05-04 09:00:00,cambium_co2_rate_lrmer,82.75
CA,2022,2022-05-04 10:00:00,cambium_co2_rate_lrmer,75.25
CA,2022,2022-05-04 11:00:00,cambium_co2_rate_lrmer,74.56
CA,2022,2022-05-04 12:00:00,cambium_co2_rate_lrmer,73.75
CA,2022,2022-05-04 13:00:00,cambium_co2_rate_lrmer,72.5
CA,2022,2022-05-04 14:00:00,cambium_co2_rate_lrmer,76.94
CA,2022,2022-05-04 15:00:00,cambium_co2_rate_lrmer,83.75
CA,2022,2022-05-04 16:00:00,cambium_co2_rate_lrmer,101.6
CA,2022,2022-05-04 17:00:00,cambium_co2_rate_lrmer,98.5
CA,2022,2022-05-04 18:00:00,cambium_co2_rate_lrmer,95.8
CA,2022,2022-05-04 19:00:00,cambium_co2_rate_lrmer,101.4
CA,2022,2022-05-04 20:00:00,cambium_co2_rate_lrmer,121.56
CA,2022,2022-05-04 21:00:00,cambium_co2_rate_lrmer,160.6
CA,2022,2022-05-04 22:00:00,cambium_co2_rate_lrmer,179.8
CA,2022,2022-05-04 23:00:00,cambium_co2_rate_lrmer,186.9
CA,2022,2022-05-05 00:00:00,cambium_co2_rate_lrmer,137.6
CA,2022,2022-05-05 01:00:00,cambium_co2_rate_lrmer,129.2
CA,2022,2022-05-05 02:00:00,cambium_co2_rate_lrmer,123.25
CA,2022,2022-05-05 03:00:00,cambium_co2_rate_lrmer,141.2
CA,2022,2022-05-05 04:00:00,cambium_co2_rate_lrmer,135.5
CA,2022,2022-05-05 05:00:00,cambium_co2_rate_lrmer,134.1
CA,2022,2022-05-05 06:00:00,cambium_co2_rate_lrmer,120.0
CA,2022,2022-05-05 07:00:00,cambium_co2_rate_lrmer,125.0
CA,2022,2022-05-05 08:00:00,cambium_co2_rate_lrmer,109.5
CA,2022,2022-05-05 09:00:00,cambium_co2_rate_lrmer,82.3
CA,2022,2022-05-05 10:00:00,cambium_co2_rate_lrmer,75.75
CA,2022,2022-05-05 11:00:00,cambium_co2_rate_lrmer,74.8
CA,2022,2022-05-05 12:00:00,cambium_co2_rate_lrmer,74.0
CA,2022,2022-05-05 13:00:00,cambium_co2_rate_lrmer,73.06
CA,2022,2022-05-05 14:00:00,cambium_co2_rate_lrmer,78.25
CA,2022,2022-05-05 15:00:00,cambium_co2_rate_lrmer,84.4
CA,2022,2022-05-05 16:00:00,cambium_co2_rate_lrmer,101.4
CA,2022,2022-05-05 17:00:00,cambium_co2_rate_lrmer,98.56
CA,2022,2022-05-05 18:00:00,cambium_co2_rate_lrmer,96.3
CA,2022,2022-05-05 19:00:00,cambium_co2_rate_lrmer,97.94
CA,2022,2022-05-05 20:00:00,cambium_co2_rate_lrmer,122.06
CA,2022,2022-05-05 21:00:00,cambium_co2_rate_lrmer,161.8
CA,2022,2022-05-05 22:00:00,cambium_co2_rate_lrmer,176.0
CA,2022,2022-05-05 23:00:00,cambium_co2_rate_lrmer,180.8
CA,2022,2022-05-06 00:00:00,cambium_co2_rate_lrmer,134.8
CA,2022,2022-05-06 01:00:00,cambium_co2_rate_lrmer,128.8
CA,2022,2022-05-06 02:00:00,cambium_co2_rate_lrmer,123.0
CA,2022,2022-05-06 03:00:00,cambium_co2_rate_lrmer,142.8
CA,2022,2022-05-06 04:00:00,cambium_co2_rate_lrmer,139.5
CA,2022,2022-05-06 05:00:00,cambium_co2_rate_lrmer,136.8
CA,2022,2022-05-06 06:00:00,cambium_co2_rate_lrmer,123.06
CA,2022,2022-05-06 07:00:00,cambium_co2_rate_lrmer,128.5
CA,2022,2022-05-06 08:00:00,cambium_co2_rate_lrmer,111.44
CA,2022,2022-05-06 09:00:00,cambium_co2_rate_lrmer,81.06
CA,2022,2022-05-06 10:00:00,cambium_co2_rate_lrmer,72.5
CA,2022,2022-05-06 11:00:00,cambium_co2_rate_lrmer,71.6
CA,2022,2022-05-06 12:00:00,cambium_co2_rate_lrmer,70.6
CA,2022,2022-05-06 13:00:00,cambium_co2_rate_lrmer,70.25
CA,2022,2022-05-06 14:00:00,cambium_co2_rate_lrmer,78.0
CA,2022,2022-05-06 15:00:00,cambium_co2_rate_lrmer,84.25
CA,2022,2022-05-06 16:00:00,cambium_co2_rate_lrmer,100.1
CA,2022,2022-05-06 17:00:00,cambium_co2_rate_lrmer,97.44
CA,2022,2022-05-06 18:00:00,cambium_co2_rate_lrmer,96.2
CA,2022,2022-05-06 19:00:00,cambium_co2_rate_lrmer,100.94
CA,2022,2022-05-06 20:00:00,cambium_co2_rate_lrmer,122.0
CA,2022,2022-05-06 21:00:00,cambium_co2_rate_lrmer,157.4
CA,2022,2022-05-06 22:00:00,cambium_co2_rate_lrmer,171.2
CA,2022,2022-05-06 23:00:00,cambium_co2_rate_lrmer,176.5
CA,2022,2022-05-07 00:00:00,cambium_co2_rate_lrmer,134.0
CA,2022,2022-05-07 01:00:00,cambium_co2_rate_lrmer,128.6
CA,2022,2022-05-07 02:00:00,cambium_co2_rate_lrmer,125.9
CA,2022,2022-05-07 03:00:00,cambium_co2_rate_lrmer,142.5
CA,2022,2022-05-07 04:00:00,cambium_co2_rate_lrmer,137.2
CA,2022,2022-05-07 05:00:00,cambium_co2_rate_lrmer,136.8
CA,2022,2022-05-07 06:00:00,cambium_co2_rate_lrmer,125.5
CA,2022,2022-05-07 07:00:00,cambium_co2_rate_lrmer,131.0
CA,2022,2022-05-07 08:00:00,cambium_co2_rate_lrmer,115.06
CA,2022,2022-05-07 09:00:00,cambium_co2_rate_lrmer,82.94
CA,2022,2022-05-07 10:00:00,cambium_co2_rate_lrmer,73.1
CA,2022,2022-05-07 11:00:00,cambium_co2_rate_lrmer,73.0
CA,2022,2022-05-07 12:00:00,cambium_co2_rate_lrmer,72.1
CA,2022,2022-05-07 13:00:00,cambium_co2_rate_lrmer,72.5
CA,2022,2022-05-07 14:00:00,cambium_co2_rate_lrmer,80.2
CA,2022,2022-05-07 15:00:00,cambium_co2_rate_lrmer,86.1
CA,2022,2022-05-07 16:00:00,cambium_co2_rate_lrmer,100.8
CA,2022,2022-05-07 17:00:00,cambium_co2_rate_lrmer,99.6
CA,2022,2022-05-07 18:00:00,cambium_co2_rate_lrmer,99.5
CA,2022,2022-05-07 19:00:00,cambium_co2_rate_lrmer,104.0
CA,2022,2022-05-07 20:00:00,cambium_co2_rate_lrmer,123.25
CA,2022,2022-05-07 21:00:00,cambium_co2_rate_lrmer,152.8
CA,2022,2022-05-07 22:00:00,cambium_co2_rate_lrmer,167.2
CA,2022,2022-05-07 23:00:00,cambium_co2_rate_lrmer,176.0
CA,2022,2022-05-08 00:00:00,cambium_co2_rate_lrmer,136.0
CA,2022,2022-05-08 01:00:00,cambium_co2_rate_lrmer,131.0
CA,2022,2022-05-08 02:00:00,cambium_co2_rate_lrmer,128.8
CA,2022,2022-05-08 03:00:00,cambium_co2_rate_lrmer,148.6
CA,2022,2022-05-08 04:00:00,cambium_co2_rate_lrmer,141.2
CA,2022,2022-05-08 05:00:00,cambium_co2_rate_lrmer,134.8
CA,2022,2022-05-08 06:00:00,cambium_co2_rate_lrmer,129.5
CA,2022,2022-05-08 07:00:00,cambium_co2_rate_lrmer,137.0
CA,2022,2022-05-08 08:00:00,cambium_co2_rate_lrmer,121.1
CA,2022,2022-05-08 09:00:00,cambium_co2_rate_lrmer,86.4
CA,2022,2022-05-08 10:00:00,cambium_co2_rate_lrmer,73.94
CA,2022,2022-05-08 11:00:00,cambium_co2_rate_lrmer,75.5
CA,2022,2022-05-08 12:00:00,cambium_co2_rate_lrmer,74.94
CA,2022,2022-05-08 13:00:00,cambium_co2_rate_lrmer,75.1
CA,2022,2022-05-08 14:00:00,cambium_co2_rate_lrmer,80.4
CA,2022,2022-05-08 15:00:00,cambium_co2_rate_lrmer,87.44
CA,2022,2022-05-08 16:00:00,cambium_co2_rate_lrmer,105.56
CA,2022,2022-05-08 17:00:00,cambium_co2_rate_lrmer,104.4
CA,2022,2022-05-08 18:00:00,cambium_co2_rate_lrmer,103.3
CA,2022,2022-05-08 19:00:00,cambium_co2_rate_lrmer,108.7
CA,2022,2022-05-08 20:00:00,cambium_co2_rate_lrmer,127.75
CA,2022,2022-05-08 21:00:00,cambium_co2_rate_lrmer,151.0
CA,2022,2022-05-08 22:00:00,cambium_co2_rate_lrmer,170.5
CA,2022,2022-05-08 23:00:00,cambium_co2_rate_lrmer,179.2
CA,2022,2022-05-09 00:00:00,cambium_co2_rate_lrmer,139.1
CA,2022,2022-05-09 01:00:00,cambium_co2_rate_lrmer,136.1
CA,2022,2022-05-09 02:00:00,cambium_co2_rate_lrmer,133.2
CA,2022,2022-05-09 03:00:00,cambium_co2_rate_lrmer,152.9
CA,2022,2022-05-09 04:00:00,cambium_co2_rate_lrmer,147.1
CA,2022,2022-05-09 05:00:00,cambium_co2_rate_lrmer,137.5
CA,2022,2022-05-09 06:00:00,cambium_co2_rate_lrmer,135.5
CA,2022,2022-05-09 07:00:00,cambium_co2_rate_lrmer,140.8
CA,2022,2022-05-09 08:00:00,cambium_co2_rate_lrmer,121.2
CA,2022,2022-05-09 09:00:00,cambium_co2_rate_lrmer,86.75
CA,2022,2022-05-09 10:00:00,cambium_co2_rate_lrmer,77.7
CA,2022,2022-05-09 11:00:00,cambium_co2_rate_lrmer,79.25
CA,2022,2022-05-09 12:00:00,cambium_co2_rate_lrmer,78.56
CA,2022,2022-05-09 13:00:00,cambium_co2_rate_lrmer,78.44
CA,2022,2022-05-09 14:00:00,cambium_co2_rate_lrmer,81.4
CA,2022,2022-05-09 15:00:00,cambium_co2_rate_lrmer,87.44
CA,2022,2022-05-09 16:00:00,cambium_co2_rate_lrmer,102.1
CA,2022,2022-05-09 17:00:00,cambium_co2_rate_lrmer,103.94
CA,2022,2022-05-09 18:00:00,cambium_co2_rate_lrmer,102.4
CA,2022,2022-05-09 19:00:00,cambium_co2_rate_lrmer,109.06
CA,2022,2022-05-09 20:00:00,cambium_co2_rate_lrmer,127.44
CA,2022,2022-05-09 21:00:00,cambium_co2_rate_lrmer,151.9
CA,2022,2022-05-09 22:00:00,cambium_co2_rate_lrmer,171.1
CA,2022,2022-05-09 23:00:00,cambium_co2_rate_lrmer,180.9
CA,2022,2022-05-10 00:00:00,cambium_co2_rate_lrmer,140.0
CA,2022,2022-05-10 01:00:00,cambium_co2_rate_lrmer,137.8
CA,2022,2022-05-10 02:00:00,cambium_co2_rate_lrmer,132.4
CA,2022,2022-05-10 03:00:00,cambium_co2_rate_lrmer,152.9
CA,2022,2022-05-10 04:00:00,cambium_co2_rate_lrmer,146.5
CA,2022,2022-05-10 05:00:00,cambium_co2_rate_lrmer,136.2
CA,2022,2022-05-10 06:00:00,cambium_co2_rate_lrmer,134.5
CA,2022,2022-05-10 07:00:00,cambium_co2_rate_lrmer,140.2
CA,2022,2022-05-10 08:00:00,cambium_co2_rate_lrmer,120.6
CA,2022,2022-05-10 09:00:00,cambium_co2_rate_lrmer,85.75
CA,2022,2022-05-10 10:00:00,cambium_co2_rate_lrmer,78.1
CA,2022,2022-05-10 11:00:00,cambium_co2_rate_lrmer,79.2
CA,2022,2022-05-10 12:00:00,cambium_co2_rate_lrmer,77.3
CA,2022,2022-05-10 13:00:00,cambium_co2_rate_lrmer,76.94
CA,2022,2022-05-10 14:00:00,cambium_co2_rate_lrmer,79.75
CA,2022,2022-05-10 15:00:00,cambium_co2_rate_lrmer,85.25
CA,2022,2022-05-10 16:00:00,cambium_co2_rate_lrmer,102.9
CA,2022,2022-05-10 17:00:00,cambium_co2_rate_lrmer,103.9
CA,2022,2022-05-10 18:00:00,cambium_co2_rate_lrmer,101.8
CA,2022,2022-05-10 19:00:00,cambium_co2_rate_lrmer,109.4
CA,2022,2022-05-10 20:00:00,cambium_co2_rate_lrmer,127.1
CA,2022,2022-05-10 21:00:00,cambium_co2_rate_lrmer,152.6
CA,2022,2022-05-10 22:00:00,cambium_co2_rate_lrmer,171.1
CA,2022,2022-05-10 23:00:00,cambium_co2_rate_lrmer,181.1
CA,2022,2022-05-11 00:00:00,cambium_co2_rate_lrmer,138.0
CA,2022,2022-05-11 01:00:00,cambium_co2_rate_lrmer,137.5
CA,2022,2022-05-11 02:00:00,cambium_co2_rate_lrmer,130.9
CA,2022,2022-05-11 03:00:00,cambium_co2_rate_lrmer,149.6
CA,2022,2022-05-11 04:00:00,cambium_co2_rate_lrmer,145.5
CA,2022,2022-05-11 05:00:00,cambium_co2_rate_lrmer,138.0
CA,2022,2022-05-11 06:00:00,cambium_co2_rate_lrmer,137.5
CA,2022,2022-05-11 07:00:00,cambium_co2_rate_lrmer,140.1
CA,2022,2022-05-11 08:00:00,cambium_co2_rate_lrmer,121.06
CA,2022,2022-05-11 09:00:00,cambium_co2_rate_lrmer,84.9
CA,2022,2022-05-11 10:00:00,cambium_co2_rate_lrmer,76.3
CA,2022,2022-05-11 11:00:00,cambium_co2_rate_lrmer,80.7
CA,2022,2022-05-11 12:00:00,cambium_co2_rate_lrmer,78.2
CA,2022,2022-05-11 13:00:00,cambium_co2_rate_lrmer,79.6
CA,2022,2022-05-11 14:00:00,cambium_co2_rate_lrmer,81.06
CA,2022,2022-05-11 15:00:00,cambium_co2_rate_lrmer,87.9
CA,2022,2022-05-11 16:00:00,cambium_co2_rate_lrmer,103.9
CA,2022,2022-05-11 17:00:00,cambium_co2_rate_lrmer,105.25
CA,2022,2022-05-11 18:00:00,cambium_co2_rate_lrmer,103.3
CA,2022,2022-05-11 19:00:00,cambium_co2_rate_lrmer,108.6
CA,2022,2022-05-11 20:00:00,cambium_co2_rate_lrmer,125.3
CA,2022,2022-05-11 21:00:00,cambium_co2_rate_lrmer,151.8
CA,2022,2022-05-11 22:00:00,cambium_co2_rate_lrmer,170.2
CA,2022,2022-05-11 23:00:00,cambium_co2_rate_lrmer,179.1
CA,2022,2022-05-12 00:00:00,cambium_co2_rate_lrmer,140.2
CA,2022,2022-05-12 01:00:00,cambium_co2_rate_lrmer,137.8
CA,2022,2022-05-12 02:00:00,cambium_co2_rate_lrmer,132.5
CA,2022,2022-05-12 03:00:00,cambium_co2_rate_lrmer,148.0
CA,2022,2022-05-12 04:00:00,cambium_co2_rate_lrmer,143.9
CA,2022,2022-05-12 05:00:00,cambium_co2_rate_lrmer,136.8
CA,2022,2022-05-12 06:00:00,cambium_co2_rate_lrmer,135.1
CA,2022,2022-05-12 07:00:00,cambium_co2_rate_lrmer,138.5
CA,2022,2022-05-12 08:00:00,cambium_co2_rate_lrmer,120.0
CA,2022,2022-05-12 09:00:00,cambium_co2_rate_lrmer,84.1
CA,2022,2022-05-12 10:00:00,cambium_co2_rate_lrmer,74.6
CA,2022,2022-05-12 11:00:00,cambium_co2_rate_lrmer,79.6
CA,2022,2022-05-12 12:00:00,cambium_co2_rate_lrmer,77.2
CA,2022,2022-05-12 13:00:00,cambium_co2_rate_lrmer,77.9
CA,2022,2022-05-12 14:00:00,cambium_co2_rate_lrmer,79.1
CA,2022,2022-05-12 15:00:00,cambium_co2_rate_lrmer,84.1
CA,2022,2022-05-12 16:00:00,cambium_co2_rate_lrmer,101.5
CA,2022,2022-05-12 17:00:00,cambium_co2_rate_lrmer,101.56
CA,2022,2022-05-12 18:00:00,cambium_co2_rate_lrmer,98.8
CA,2022,2022-05-12 19:00:00,cambium_co2_rate_lrmer,105.44
CA,2022,2022-05-12 20:00:00,cambium_co2_rate_lrmer,120.5
CA,2022,2022-05-12 21:00:00,cambium_co2_rate_lrmer,147.9
CA,2022,2022-05-12 22:00:00,cambium_co2_rate_lrmer,165.6
CA,2022,2022-05-12 23:00:00,cambium_co2_rate_lrmer,173.8
CA,2022,2022-05-13 00:00:00,cambium_co2_rate_lrmer,136.4
CA,2022,2022-05-13 01:00:00,cambium_co2_rate_lrmer,135.0
CA,2022,2022-05-13 02:00:00,cambium_co2_rate_lrmer,126.8
CA,2022,2022-05-13 03:00:00,cambium_co2_rate_lrmer,140.2
CA,2022,2022-05-13 04:00:00,cambium_co2_rate_lrmer,135.5
CA,2022,2022-05-13 05:00:00,cambium_co2_rate_lrmer,128.9
CA,2022,2022-05-13 06:00:00,cambium_co2_rate_lrmer,130.1
CA,2022,2022-05-13 07:00:00,cambium_co2_rate_lrmer,135.1
CA,2022,2022-05-13 08:00:00,cambium_co2_rate_lrmer,116.5
CA,2022,2022-05-13 09:00:00,cambium_co2_rate_lrmer,79.0
CA,2022,2022-05-13 10:00:00,cambium_co2_rate_lrmer,69.1
CA,2022,2022-05-13 11:00:00,cambium_co2_rate_lrmer,74.7
CA,2022,2022-05-13 12:00:00,cambium_co2_rate_lrmer,72.44
CA,2022,2022-05-13 13:00:00,cambium_co2_rate_lrmer,71.2
CA,2022,2022-05-13 14:00:00,cambium_co2_rate_lrmer,72.2
CA,2022,2022-05-13 15:00:00,cambium_co2_rate_lrmer,77.06
CA,2022,2022-05-13 16:00:00,cambium_co2_rate_lrmer,94.0
CA,2022,2022-05-13 17:00:00,cambium_co2_rate_lrmer,93.75
CA,2022,2022-05-13 18:00:00,cambium_co2_rate_lrmer,91.3
CA,2022,2022-05-13 19:00:00,cambium_co2_rate_lrmer,98.7
CA,2022,2022-05-13 20:00:00,cambium_co2_rate_lrmer,116.6
CA,2022,2022-05-13 21:00:00,cambium_co2_rate_lrmer,141.9
CA,2022,2022-05-13 22:00:00,cambium_co2_rate_lrmer,159.5
CA,2022,2022-05-13 23:00:00,cambium_co2_rate_lrmer,167.4
CA,2022,2022-05-14 00:00:00,cambium_co2_rate_lrmer,129.9
CA,2022,2022-05-14 01:00:00,cambium_co2_rate_lrmer,129.2
CA,2022,2022-05-14 02:00:00,cambium_co2_rate_lrmer,123.9
CA,2022,2022-05-14 03:00:00,cambium_co2_rate_lrmer,137.8
CA,2022,2022-05-14 04:00:00,cambium_co2_rate_lrmer,133.0
CA,2022,2022-05-14 05:00:00,cambium_co2_rate_lrmer,125.4
CA,2022,2022-05-14 06:00:00,cambium_co2_rate_lrmer,128.1
CA,2022,2022-05-14 07:00:00,cambium_co2_rate_lrmer,135.4
CA,2022,2022-05-14 08:00:00,cambium_co2_rate_lrmer,117.7
CA,2022,2022-05-14 09:00:00,cambium_co2_rate_lrmer,77.4
CA,2022,2022-05-14 10:00:00,cambium_co2_rate_lrmer,67.5
CA,2022,2022-05-14 11:00:00,cambium_co2_rate_lrmer,73.0
CA,2022,2022-05-14 12:00:00,cambium_co2_rate_lrmer,70.7
CA,2022,2022-05-14 13:00:00,cambium_co2_rate_lrmer,69.2
CA,2022,2022-05-14 14:00:00,cambium_co2_rate_lrmer,70.3
CA,2022,2022-05-14 15:00:00,cambium_co2_rate_lrmer,75.0
CA,2022,2022-05-14 16:00:00,cambium_co2_rate_lrmer,92.2
CA,2022,2022-05-14 17:00:00,cambium_co2_rate_lrmer,92.6
CA,2022,2022-05-14 18:00:00,cambium_co2_rate_lrmer,90.06
CA,2022,2022-05-14 19:00:00,cambium_co2_rate_lrmer,98.3
CA,2022,2022-05-14 20:00:00,cambium_co2_rate_lrmer,115.0
CA,2022,2022-05-14 21:00:00,cambium_co2_rate_lrmer,140.8
CA,2022,2022-05-14 22:00:00,cambium_co2_rate_lrmer,158.4
CA,2022,2022-05-14 23:00:00,cambium_co2_rate_lrmer,166.0
CA,2022,2022-05-15 00:00:00,cambium_co2_rate_lrmer,130.2
CA,2022,2022-05-15 01:00:00,cambium_co2_rate_lrmer,129.8
CA,2022,2022-05-15 02:00:00,cambium_co2_rate_lrmer,124.6
CA,2022,2022-05-15 03:00:00,cambium_co2_rate_lrmer,138.1
CA,2022,2022-05-15 04:00:00,cambium_co2_rate_lrmer,134.4
CA,2022,2022-05-15 05:00:00,cambium_co2_rate_lrmer,127.0
CA,2022,2022-05-15 06:00:00,cambium_co2_rate_lrmer,129.9
CA,2022,2022-05-15 07:00:00,cambium_co2_rate_lrmer,137.4
CA,2022,2022-05-15 08:00:00,cambium_co2_rate_lrmer,119.94
CA,2022,2022-05-15 09:00:00,cambium_co2_rate_lrmer,77.7
CA,2022,2022-05-15 10:00:00,cambium_co2_rate_lrmer,68.9
CA,2022,2022-05-15 11:00:00,cambium_co2_rate_lrmer,74.4
CA,2022,2022-05-15 12:00:00,cambium_co2_rate_lrmer,72.06
CA,2022,2022-05-15 13:00:00,cambium_co2_rate_lrmer,70.6
CA,2022,2022-05-15 14:00:00,cambium_co2_rate_lrmer,71.8
CA,2022,2022-05-15 15:00:00,cambium_co2_rate_lrmer,76.5
CA,2022,2022-05-15 16:00:00,cambium_co2_rate_lrmer,93.9
CA,2022,2022-05-15 17:00:00,cambium_co2_rate_lrmer,94.6
CA,2022,2022-05-15 18:00:00,cambium_co2_rate_lrmer,91.75
CA,2022,2022-05-15 19:00:00,cambium_co2_rate_lrmer,100.5
CA,2022,2022-05-15 20:00:00,cambium_co2_rate_lrmer,117.5
CA,2022,2022-05-15 21:00:00,cambium_co2_rate_lrmer,139.5
CA,2022,2022-05-15 22:00:00,cambium_co2_rate_lrmer,156.9
CA,2022,2022-05-15 23:00:00,cambium_co2_rate_lrmer,163.0
CA,2022,2022-05-16 00:00:00,cambium_co2_rate_lrmer,127.9
CA,2022,2022-05-16 01:00:00,cambium_co2_rate_lrmer,125.7
CA,2022,2022-05-16 02:00:00,cambium_co2_rate_lrmer,119.1
CA,2022,2022-05-16 03:00:00,cambium_co2_rate_lrmer,131.9
CA,2022,2022-05-16 04:00:00,cambium_co2_rate_lrmer,129.2
CA,2022,2022-05-16 05:00:00,cambium_co2_rate_lrmer,122.06
CA,2022,2022-05-16 06:00:00,cambium_co2_rate_lrmer,125.06
CA,2022,2022-05-16 07:00:00,cambium_co2_rate_lrmer,132.8
CA,2022,2022-05-16 08:00:00,cambium_co2_rate_lrmer,114.7
CA,2022,2022-05-16 09:00:00,cambium_co2_rate_lrmer,77.1
CA,2022,2022-05-16 10:00:00,cambium_co2_rate_lrmer,67.0
CA,2022,2022-05-16 11:00:00,cambium_co2_rate_lrmer,72.8
CA,2022,2022-05-16 12:00:00,cambium_co2_rate_lrmer,70.2
CA,2022,2022-05-16 13:00:00,cambium_co2_rate_lrmer,70.94
CA,2022,2022-05-16 14:00:00,cambium_co2_rate_lrmer,71.94
CA,2022,2022-05-16 15:00:00,cambium_co2_rate_lrmer,76.44
CA,2022,2022-05-16 16:00:00,cambium_co2_rate_lrmer,92.94
CA,2022,2022-05-16 17:00:00,cambium_co2_rate_lrmer,93.4
CA,2022,2022-05-16 18:00:00,cambium_co2_rate_lrmer,91.75
CA,2022,2022-05-16 19:00:00,cambium_co2_rate_lrmer,98.9
CA,2022,2022-05-16 20:00:00,cambium_co2_rate_lrmer,112.25
CA,2022,2022-05-16 21:00:00,cambium_co2_rate_lrmer,140.8
CA,2022,2022-05-16 22:00:00,cambium_co2_rate_lrmer,159.6
CA,2022,2022-05-16 23:00:00,cambium_co2_rate_lrmer,166.5
CA,2022,2022-05-17 00:00:00,cambium_co2_rate_lrmer,127.8
CA,2022,2022-05-17 01:00:00,cambium_co2_rate_lrmer,127.5
CA,2022,2022-05-17 02:00:00,cambium_co2_rate_lrmer,119.25
CA,2022,2022-05-17 03:00:00,cambium_co2_rate_lrmer,132.1
CA,2022,2022-05-17 04:00:00,cambium_co2_rate_lrmer,130.1
CA,2022,2022-05-17 05:00:00,cambium_co2_rate_lrmer,123.4
CA,2022,2022-05-17 06:00:00,cambium_co2_rate_lrmer,125.0
CA,2022,2022-05-17 07:00:00,cambium_co2_rate_lrmer,132.0
CA,2022,2022-05-17 08:00:00,cambium_co2_rate_lrmer,113.6
CA,2022,2022-05-17 09:00:00,cambium_co2_rate_lrmer,76.6
CA,2022,2022-05-17 10:00:00,cambium_co2_rate_lrmer,69.06
CA,2022,2022-05-17 11:00:00,cambium_co2_rate_lrmer,74.8
CA,2022,2022-05-17 12:00:00,cambium_co2_rate_lrmer,72.25
CA,2022,2022-05-17 13:00:00,cambium_co2_rate_lrmer,70.44
CA,2022,2022-05-17 14:00:00,cambium_co2_rate_lrmer,72.0
CA,2022,2022-05-17 15:00:00,cambium_co2_rate_lrmer,77.4
CA,2022,2022-05-17 16:00:00,cambium_co2_rate_lrmer,93.2
CA,2022,2022-05-17 17:00:00,cambium_co2_rate_lrmer,93.5
CA,2022,2022-05-17 18:00:00,cambium_co2_rate_lrmer,92.25
CA,2022,2022-05-17 19:00:00,cambium_co2_rate_lrmer,99.8
CA,2022,2022-05-17 20:00:00,cambium_co2_rate_lrmer,113.1
CA,2022,2022-05-17 21:00:00,cambium_co2_rate_lrmer,140.5
CA,2022,2022-05-17 22:00:00,cambium_co2_rate_lrmer,159.8
CA,2022,2022-05-17 23:00:00,cambium_co2_rate_lrmer,166.4
CA,2022,2022-05-18 00:00:00,cambium_co2_rate_lrmer,126.9
CA,2022,2022-05-18 01:00:00,cambium_co2_rate_lrmer,125.5
CA,2022,2022-05-18 02:00:00,cambium_co2_rate_lrmer,116.3
CA,2022,2022-05-18 03:00:00,cambium_co2_rate_lrmer,128.2
CA,2022,2022-05-18 04:00:00,cambium_co2_rate_lrmer,128.5
CA,2022,2022-05-18 05:00:00,cambium_co2_rate_lrmer,122.4
CA,2022,2022-05-18 06:00:00,cambium_co2_rate_lrmer,123.9
CA,2022,2022-05-18 07:00:00,cambium_co2_rate_lrmer,132.6
CA,2022,2022-05-18 08:00:00,cambium_co2_rate_lrmer,113.4
CA,2022,2022-05-18 09:00:00,cambium_co2_rate_lrmer,75.5
CA,2022,2022-05-18 10:00:00,cambium_co2_rate_lrmer,68.4
CA,2022,2022-05-18 11:00:00,cambium_co2_rate_lrmer,74.3
CA,2022,2022-05-18 12:00:00,cambium_co2_rate_lrmer,71.75
CA,2022,2022-05-18 13:00:00,cambium_co2_rate_lrmer,67.7
CA,2022,2022-05-18 14:00:00,cambium_co2_rate_lrmer,70.6
CA,2022,2022-05-18 15:00:00,cambium_co2_rate_lrmer,73.4
CA,2022,2022-05-18 16:00:00,cambium_co2_rate_lrmer,89.06
CA,2022,2022-05-18 17:00:00,cambium_co2_rate_lrmer,91.1
CA,2022,2022-05-18 18:00:00,cambium_co2_rate_lrmer,93.44
CA,2022,2022-05-18 19:00:00,cambium_co2_rate_lrmer,96.44
CA,2022,2022-05-18 20:00:00,cambium_co2_rate_lrmer,112.25
CA,2022,2022-05-18 21:00:00,cambium_co2_rate_lrmer,143.0
CA,2022,2022-05-18 22:00:00,cambium_co2_rate_lrmer,163.0
CA,2022,2022-05-18 23:00:00,cambium_co2_rate_lrmer,172.0
CA,2022,2022-05-19 00:00:00,cambium_co2_rate_lrmer,131.1
CA,2022,2022-05-19 01:00:00,cambium_co2_rate_lrmer,126.1
CA,2022,2022-05-19 02:00:00,cambium_co2_rate_lrmer,117.4
CA,2022,2022-05-19 03:00:00,cambium_co2_rate_lrmer,129.2
CA,2022,2022-05-19 04:00:00,cambium_co2_rate_lrmer,128.6
CA,2022,2022-05-19 05:00:00,cambium_co2_rate_lrmer,123.75
CA,2022,2022-05-19 06:00:00,cambium_co2_rate_lrmer,125.1
CA,2022,2022-05-19 07:00:00,cambium_co2_rate_lrmer,134.6
CA,2022,2022-05-19 08:00:00,cambium_co2_rate_lrmer,115.1
CA,2022,2022-05-19 09:00:00,cambium_co2_rate_lrmer,75.94
CA,2022,2022-05-19 10:00:00,cambium_co2_rate_lrmer,70.06
CA,2022,2022-05-19 11:00:00,cambium_co2_rate_lrmer,75.1
CA,2022,2022-05-19 12:00:00,cambium_co2_rate_lrmer,72.4
CA,2022,2022-05-19 13:00:00,cambium_co2_rate_lrmer,68.56
CA,2022,2022-05-19 14:00:00,cambium_co2_rate_lrmer,70.75
CA,2022,2022-05-19 15:00:00,cambium_co2_rate_lrmer,75.1
CA,2022,2022-05-19 16:00:00,cambium_co2_rate_lrmer,90.2
CA,2022,2022-05-19 17:00:00,cambium_co2_rate_lrmer,90.6
CA,2022,2022-05-19 18:00:00,cambium_co2_rate_lrmer,93.56
CA,2022,2022-05-19 19:00:00,cambium_co2_rate_lrmer,95.8
CA,2022,2022-05-19 20:00:00,cambium_co2_rate_lrmer,111.75
CA,2022,2022-05-19 21:00:00,cambium_co2_rate_lrmer,142.6
CA,2022,2022-05-19 22:00:00,cambium_co2_rate_lrmer,167.0
CA,2022,2022-05-19 23:00:00,cambium_co2_rate_lrmer,170.6
CA,2022,2022-05-20 00:00:00,cambium_co2_rate_lrmer,130.8
CA,2022,2022-05-20 01:00:00,cambium_co2_rate_lrmer,122.75
CA,2022,2022-05-20 02:00:00,cambium_co2_rate_lrmer,112.2
CA,2022,2022-05-20 03:00:00,cambium_co2_rate_lrmer,124.4
CA,2022,2022-05-20 04:00:00,cambium_co2_rate_lrmer,126.1
CA,2022,2022-05-20 05:00:00,cambium_co2_rate_lrmer,124.75
CA,2022,2022-05-20 06:00:00,cambium_co2_rate_lrmer,126.56
CA,2022,2022-05-20 07:00:00,cambium_co2_rate_lrmer,133.2
CA,2022,2022-05-20 08:00:00,cambium_co2_rate_lrmer,115.4
CA,2022,2022-05-20 09:00:00,cambium_co2_rate_lrmer,76.25
CA,2022,2022-05-20 10:00:00,cambium_co2_rate_lrmer,67.6
CA,2022,2022-05-20 11:00:00,cambium_co2_rate_lrmer,73.0
CA,2022,2022-05-20 12:00:00,cambium_co2_rate_lrmer,72.06
CA,2022,2022-05-20 13:00:00,cambium_co2_rate_lrmer,69.2
CA,2022,2022-05-20 14:00:00,cambium_co2_rate_lrmer,69.44
CA,2022,2022-05-20 15:00:00,cambium_co2_rate_lrmer,73.4
CA,2022,2022-05-20 16:00:00,cambium_co2_rate_lrmer,88.25
CA,2022,2022-05-20 17:00:00,cambium_co2_rate_lrmer,93.7
CA,2022,2022-05-20 18:00:00,cambium_co2_rate_lrmer,96.1
CA,2022,2022-05-20 19:00:00,cambium_co2_rate_lrmer,98.7
CA,2022,2022-05-20 20:00:00,cambium_co2_rate_lrmer,114.3
CA,2022,2022-05-20 21:00:00,cambium_co2_rate_lrmer,144.2
CA,2022,2022-05-20 22:00:00,cambium_co2_rate_lrmer,167.9
CA,2022,2022-05-20 23:00:00,cambium_co2_rate_lrmer,167.8
CA,2022,2022-05-21 00:00:00,cambium_co2_rate_lrmer,132.1
CA,2022,2022-05-21 01:00:00,cambium_co2_rate_lrmer,124.5
CA,2022,2022-05-21 02:00:00,cambium_co2_rate_lrmer,112.7
CA,2022,2022-05-21 03:00:00,cambium_co2_rate_lrmer,123.6
CA,2022,2022-05-21 04:00:00,cambium_co2_rate_lrmer,125.4
CA,2022,2022-05-21 05:00:00,cambium_co2_rate_lrmer,125.5
CA,2022,2022-05-21 06:00:00,cambium_co2_rate_lrmer,127.7
CA,2022,2022-05-21 07:00:00,cambium_co2_rate_lrmer,137.4
CA,2022,2022-05-21 08:00:00,cambium_co2_rate_lrmer,116.0
CA,2022,2022-05-21 09:00:00,cambium_co2_rate_lrmer,74.5
CA,2022,2022-05-21 10:00:00,cambium_co2_rate_lrmer,65.25
CA,2022,2022-05-21 11:00:00,cambium_co2_rate_lrmer,71.7
CA,2022,2022-05-21 12:00:00,cambium_co2_rate_lrmer,71.0
CA,2022,2022-05-21 13:00:00,cambium_co2_rate_lrmer,69.5
CA,2022,2022-05-21 14:00:00,cambium_co2_rate_lrmer,69.75
CA,2022,2022-05-21 15:00:00,cambium_co2_rate_lrmer,74.2
CA,2022,2022-05-21 16:00:00,cambium_co2_rate_lrmer,89.56
CA,2022,2022-05-21 17:00:00,cambium_co2_rate_lrmer,95.2
CA,2022,2022-05-21 18:00:00,cambium_co2_rate_lrmer,97.25
CA,2022,2022-05-21 19:00:00,cambium_co2_rate_lrmer,101.8
CA,2022,2022-05-21 20:00:00,cambium_co2_rate_lrmer,116.44
CA,2022,2022-05-21 21:00:00,cambium_co2_rate_lrmer,146.0
CA,2022,2022-05-21 22:00:00,cambium_co2_rate_lrmer,170.5
CA,2022,2022-05-21 23:00:00,cambium_co2_rate_lrmer,170.5
CA,2022,2022-05-22 00:00:00,cambium_co2_rate_lrmer,136.8
CA,2022,2022-05-22 01:00:00,cambium_co2_rate_lrmer,129.4
CA,2022,2022-05-22 02:00:00,cambium_co2_rate_lrmer,118.25
CA,2022,2022-05-22 03:00:00,cambium_co2_rate_lrmer,127.5
CA,2022,2022-05-22 04:00:00,cambium_co2_rate_lrmer,130.4
CA,2022,2022-05-22 05:00:00,cambium_co2_rate_lrmer,131.1
CA,2022,2022-05-22 06:00:00,cambium_co2_rate_lrmer,132.2
CA,2022,2022-05-22 07:00:00,cambium_co2_rate_lrmer,142.1
CA,2022,2022-05-22 08:00:00,cambium_co2_rate_lrmer,119.9
CA,2022,2022-05-22 09:00:00,cambium_co2_rate_lrmer,75.8
CA,2022,2022-05-22 10:00:00,cambium_co2_rate_lrmer,66.06
CA,2022,2022-05-22 11:00:00,cambium_co2_rate_lrmer,73.75
CA,2022,2022-05-22 12:00:00,cambium_co2_rate_lrmer,72.25
CA,2022,2022-05-22 13:00:00,cambium_co2_rate_lrmer,71.2
CA,2022,2022-05-22 14:00:00,cambium_co2_rate_lrmer,72.4
CA,2022,2022-05-22 15:00:00,cambium_co2_rate_lrmer,76.8
CA,2022,2022-05-22 16:00:00,cambium_co2_rate_lrmer,95.06
CA,2022,2022-05-22 17:00:00,cambium_co2_rate_lrmer,99.0
CA,2022,2022-05-22 18:00:00,cambium_co2_rate_lrmer,99.44
CA,2022,2022-05-22 19:00:00,cambium_co2_rate_lrmer,103.7
CA,2022,2022-05-22 20:00:00,cambium_co2_rate_lrmer,115.75
CA,2022,2022-05-22 21:00:00,cambium_co2_rate_lrmer,147.8
CA,2022,2022-05-22 22:00:00,cambium_co2_rate_lrmer,177.6
CA,2022,2022-05-22 23:00:00,cambium_co2_rate_lrmer,172.4
CA,2022,2022-05-23 00:00:00,cambium_co2_rate_lrmer,133.6
CA,2022,2022-05-23 01:00:00,cambium_co2_rate_lrmer,125.94
CA,2022,2022-05-23 02:00:00,cambium_co2_rate_lrmer,114.25
CA,2022,2022-05-23 03:00:00,cambium_co2_rate_lrmer,124.06
CA,2022,2022-05-23 04:00:00,cambium_co2_rate_lrmer,126.56
CA,2022,2022-05-23 05:00:00,cambium_co2_rate_lrmer,127.25
CA,2022,2022-05-23 06:00:00,cambium_co2_rate_lrmer,128.2
CA,2022,2022-05-23 07:00:00,cambium_co2_rate_lrmer,137.9
CA,2022,2022-05-23 08:00:00,cambium_co2_rate_lrmer,117.0
CA,2022,2022-05-23 09:00:00,cambium_co2_rate_lrmer,72.75
CA,2022,2022-05-23 10:00:00,cambium_co2_rate_lrmer,63.9
CA,2022,2022-05-23 11:00:00,cambium_co2_rate_lrmer,69.44
CA,2022,2022-05-23 12:00:00,cambium_co2_rate_lrmer,69.2
CA,2022,2022-05-23 13:00:00,cambium_co2_rate_lrmer,67.94
CA,2022,2022-05-23 14:00:00,cambium_co2_rate_lrmer,69.9
CA,2022,2022-05-23 15:00:00,cambium_co2_rate_lrmer,73.6
CA,2022,2022-05-23 16:00:00,cambium_co2_rate_lrmer,88.4
CA,2022,2022-05-23 17:00:00,cambium_co2_rate_lrmer,92.56
CA,2022,2022-05-23 18:00:00,cambium_co2_rate_lrmer,93.4
CA,2022,2022-05-23 19:00:00,cambium_co2_rate_lrmer,99.3
CA,2022,2022-05-23 20:00:00,cambium_co2_rate_lrmer,108.75
CA,2022,2022-05-23 21:00:00,cambium_co2_rate_lrmer,136.5
CA,2022,2022-05-23 22:00:00,cambium_co2_rate_lrmer,165.9
CA,2022,2022-05-23 23:00:00,cambium_co2_rate_lrmer,160.8
CA,2022,2022-05-24 00:00:00,cambium_co2_rate_lrmer,127.94
CA,2022,2022-05-24 01:00:00,cambium_co2_rate_lrmer,120.2
CA,2022,2022-05-24 02:00:00,cambium_co2_rate_lrmer,104.4
CA,2022,2022-05-24 03:00:00,cambium_co2_rate_lrmer,115.8
CA,2022,2022-05-24 04:00:00,cambium_co2_rate_lrmer,122.7
CA,2022,2022-05-24 05:00:00,cambium_co2_rate_lrmer,123.4
CA,2022,2022-05-24 06:00:00,cambium_co2_rate_lrmer,121.25
CA,2022,2022-05-24 07:00:00,cambium_co2_rate_lrmer,128.2
CA,2022,2022-05-24 08:00:00,cambium_co2_rate_lrmer,109.94
CA,2022,2022-05-24 09:00:00,cambium_co2_rate_lrmer,70.2
CA,2022,2022-05-24 10:00:00,cambium_co2_rate_lrmer,62.03
CA,2022,2022-05-24 11:00:00,cambium_co2_rate_lrmer,64.75
CA,2022,2022-05-24 12:00:00,cambium_co2_rate_lrmer,66.9
CA,2022,2022-05-24 13:00:00,cambium_co2_rate_lrmer,66.6
CA,2022,2022-05-24 14:00:00,cambium_co2_rate_lrmer,66.44
CA,2022,2022-05-24 15:00:00,cambium_co2_rate_lrmer,68.9
CA,2022,2022-05-24 16:00:00,cambium_co2_rate_lrmer,82.56
CA,2022,2022-05-24 17:00:00,cambium_co2_rate_lrmer,87.7
CA,2022,2022-05-24 18:00:00,cambium_co2_rate_lrmer,88.6
CA,2022,2022-05-24 19:00:00,cambium_co2_rate_lrmer,93.5
CA,2022,2022-05-24 20:00:00,cambium_co2_rate_lrmer,102.8
CA,2022,2022-05-24 21:00:00,cambium_co2_rate_lrmer,133.0
CA,2022,2022-05-24 22:00:00,cambium_co2_rate_lrmer,168.5
CA,2022,2022-05-24 23:00:00,cambium_co2_rate_lrmer,164.6
CA,2022,2022-05-25 00:00:00,cambium_co2_rate_lrmer,129.2
CA,2022,2022-05-25 01:00:00,cambium_co2_rate_lrmer,115.4
CA,2022,2022-05-25 02:00:00,cambium_co2_rate_lrmer,104.2
CA,2022,2022-05-25 03:00:00,cambium_co2_rate_lrmer,113.8
CA,2022,2022-05-25 04:00:00,cambium_co2_rate_lrmer,119.0
CA,2022,2022-05-25 05:00:00,cambium_co2_rate_lrmer,119.25
CA,2022,2022-05-25 06:00:00,cambium_co2_rate_lrmer,116.2
CA,2022,2022-05-25 07:00:00,cambium_co2_rate_lrmer,122.44
CA,2022,2022-05-25 08:00:00,cambium_co2_rate_lrmer,104.8
CA,2022,2022-05-25 09:00:00,cambium_co2_rate_lrmer,69.2
CA,2022,2022-05-25 10:00:00,cambium_co2_rate_lrmer,59.53
CA,2022,2022-05-25 11:00:00,cambium_co2_rate_lrmer,60.88
CA,2022,2022-05-25 12:00:00,cambium_co2_rate_lrmer,62.0
CA,2022,2022-05-25 13:00:00,cambium_co2_rate_lrmer,61.8
CA,2022,2022-05-25 14:00:00,cambium_co2_rate_lrmer,62.38
CA,2022,2022-05-25 15:00:00,cambium_co2_rate_lrmer,61.38
CA,2022,2022-05-25 16:00:00,cambium_co2_rate_lrmer,75.6
CA,2022,2022-05-25 17:00:00,cambium_co2_rate_lrmer,81.7
CA,2022,2022-05-25 18:00:00,cambium_co2_rate_lrmer,83.5
CA,2022,2022-05-25 19:00:00,cambium_co2_rate_lrmer,88.8
CA,2022,2022-05-25 20:00:00,cambium_co2_rate_lrmer,96.6
CA,2022,2022-05-25 21:00:00,cambium_co2_rate_lrmer,126.06
CA,2022,2022-05-25 22:00:00,cambium_co2_rate_lrmer,168.1
CA,2022,2022-05-25 23:00:00,cambium_co2_rate_lrmer,162.8
CA,2022,2022-05-26 00:00:00,cambium_co2_rate_lrmer,124.6
CA,2022,2022-05-26 01:00:00,cambium_co2_rate_lrmer,107.56
CA,2022,2022-05-26 02:00:00,cambium_co2_rate_lrmer,98.1
CA,2022,2022-05-26 03:00:00,cambium_co2_rate_lrmer,110.9
CA,2022,2022-05-26 04:00:00,cambium_co2_rate_lrmer,114.4
CA,2022,2022-05-26 05:00:00,cambium_co2_rate_lrmer,112.94
CA,2022,2022-05-26 06:00:00,cambium_co2_rate_lrmer,110.2
CA,2022,2022-05-26 07:00:00,cambium_co2_rate_lrmer,118.4
CA,2022,2022-05-26 08:00:00,cambium_co2_rate_lrmer,100.2
CA,2022,2022-05-26 09:00:00,cambium_co2_rate_lrmer,65.5
CA,2022,2022-05-26 10:00:00,cambium_co2_rate_lrmer,57.22
CA,2022,2022-05-26 11:00:00,cambium_co2_rate_lrmer,58.0
CA,2022,2022-05-26 12:00:00,cambium_co2_rate_lrmer,58.53
CA,2022,2022-05-26 13:00:00,cambium_co2_rate_lrmer,58.56
CA,2022,2022-05-26 14:00:00,cambium_co2_rate_lrmer,59.06
CA,2022,2022-05-26 15:00:00,cambium_co2_rate_lrmer,56.25
CA,2022,2022-05-26 16:00:00,cambium_co2_rate_lrmer,68.4
CA,2022,2022-05-26 17:00:00,cambium_co2_rate_lrmer,75.0
CA,2022,2022-05-26 18:00:00,cambium_co2_rate_lrmer,76.5
CA,2022,2022-05-26 19:00:00,cambium_co2_rate_lrmer,83.0
CA,2022,2022-05-26 20:00:00,cambium_co2_rate_lrmer,88.1
CA,2022,2022-05-26 21:00:00,cambium_co2_rate_lrmer,120.4
CA,2022,2022-05-26 22:00:00,cambium_co2_rate_lrmer,164.6
CA,2022,2022-05-26 23:00:00,cambium_co2_rate_lrmer,158.5
CA,2022,2022-05-27 00:00:00,cambium_co2_rate_lrmer,118.1
CA,2022,2022-05-27 01:00:00,cambium_co2_rate_lrmer,101.1
CA,2022,2022-05-27 02:00:00,cambium_co2_rate_lrmer,91.9
CA,2022,2022-05-27 03:00:00,cambium_co2_rate_lrmer,105.5
CA,2022,2022-05-27 04:00:00,cambium_co2_rate_lrmer,109.6
CA,2022,2022-05-27 05:00:00,cambium_co2_rate_lrmer,106.06
CA,2022,2022-05-27 06:00:00,cambium_co2_rate_lrmer,104.3
CA,2022,2022-05-27 07:00:00,cambium_co2_rate_lrmer,112.1
CA,2022,2022-05-27 08:00:00,cambium_co2_rate_lrmer,92.9
CA,2022,2022-05-27 09:00:00,cambium_co2_rate_lrmer,59.25
CA,2022,2022-05-27 10:00:00,cambium_co2_rate_lrmer,52.0
CA,2022,2022-05-27 11:00:00,cambium_co2_rate_lrmer,52.84
CA,2022,2022-05-27 12:00:00,cambium_co2_rate_lrmer,53.75
CA,2022,2022-05-27 13:00:00,cambium_co2_rate_lrmer,53.7
CA,2022,2022-05-27 14:00:00,cambium_co2_rate_lrmer,54.16
CA,2022,2022-05-27 15:00:00,cambium_co2_rate_lrmer,51.5
CA,2022,2022-05-27 16:00:00,cambium_co2_rate_lrmer,61.8
CA,2022,2022-05-27 17:00:00,cambium_co2_rate_lrmer,66.8
CA,2022,2022-05-27 18:00:00,cambium_co2_rate_lrmer,69.75
CA,2022,2022-05-27 19:00:00,cambium_co2_rate_lrmer,74.7
CA,2022,2022-05-27 20:00:00,cambium_co2_rate_lrmer,79.94
CA,2022,2022-05-27 21:00:00,cambium_co2_rate_lrmer,112.0
CA,2022,2022-05-27 22:00:00,cambium_co2_rate_lrmer,156.1
CA,2022,2022-05-27 23:00:00,cambium_co2_rate_lrmer,151.2
CA,2022,2022-05-28 00:00:00,cambium_co2_rate_lrmer,111.1
CA,2022,2022-05-28 01:00:00,cambium_co2_rate_lrmer,94.1
CA,2022,2022-05-28 02:00:00,cambium_co2_rate_lrmer,84.9
CA,2022,2022-05-28 03:00:00,cambium_co2_rate_lrmer,97.4
CA,2022,2022-05-28 04:00:00,cambium_co2_rate_lrmer,102.25
CA,2022,2022-05-28 05:00:00,cambium_co2_rate_lrmer,99.25
CA,2022,2022-05-28 06:00:00,cambium_co2_rate_lrmer,99.44
CA,2022,2022-05-28 07:00:00,cambium_co2_rate_lrmer,107.0
CA,2022,2022-05-28 08:00:00,cambium_co2_rate_lrmer,90.1
CA,2022,2022-05-28 09:00:00,cambium_co2_rate_lrmer,57.2
CA,2022,2022-05-28 10:00:00,cambium_co2_rate_lrmer,51.25
CA,2022,2022-05-28 11:00:00,cambium_co2_rate_lrmer,52.62
CA,2022,2022-05-28 12:00:00,cambium_co2_rate_lrmer,53.03
CA,2022,2022-05-28 13:00:00,cambium_co2_rate_lrmer,52.94
CA,2022,2022-05-28 14:00:00,cambium_co2_rate_lrmer,53.2
CA,2022,2022-05-28 15:00:00,cambium_co2_rate_lrmer,50.0
CA,2022,2022-05-28 16:00:00,cambium_co2_rate_lrmer,62.47
CA,2022,2022-05-28 17:00:00,cambium_co2_rate_lrmer,63.8
CA,2022,2022-05-28 18:00:00,cambium_co2_rate_lrmer,68.7
CA,2022,2022-05-28 19:00:00,cambium_co2_rate_lrmer,71.8
CA,2022,2022-05-28 20:00:00,cambium_co2_rate_lrmer,79.44
CA,2022,2022-05-28 21:00:00,cambium_co2_rate_lrmer,105.7
CA,2022,2022-05-28 22:00:00,cambium_co2_rate_lrmer,152.2
CA,2022,2022-05-28 23:00:00,cambium_co2_rate_lrmer,152.0
CA,2022,2022-05-29 00:00:00,cambium_co2_rate_lrmer,112.0
CA,2022,2022-05-29 01:00:00,cambium_co2_rate_lrmer,95.8
CA,2022,2022-05-29 02:00:00,cambium_co2_rate_lrmer,88.0
CA,2022,2022-05-29 03:00:00,cambium_co2_rate_lrmer,96.75
CA,2022,2022-05-29 04:00:00,cambium_co2_rate_lrmer,102.4
CA,2022,2022-05-29 05:00:00,cambium_co2_rate_lrmer,100.06
CA,2022,2022-05-29 06:00:00,cambium_co2_rate_lrmer,100.06
CA,2022,2022-05-29 07:00:00,cambium_co2_rate_lrmer,106.9
CA,2022,2022-05-29 08:00:00,cambium_co2_rate_lrmer,92.25
CA,2022,2022-05-29 09:00:00,cambium_co2_rate_lrmer,57.72
CA,2022,2022-05-29 10:00:00,cambium_co2_rate_lrmer,50.97
CA,2022,2022-05-29 11:00:00,cambium_co2_rate_lrmer,48.44
CA,2022,2022-05-29 12:00:00,cambium_co2_rate_lrmer,49.44
CA,2022,2022-05-29 13:00:00,cambium_co2_rate_lrmer,49.3
CA,2022,2022-05-29 14:00:00,cambium_co2_rate_lrmer,50.3
CA,2022,2022-05-29 15:00:00,cambium_co2_rate_lrmer,49.06
CA,2022,2022-05-29 16:00:00,cambium_co2_rate_lrmer,62.44
CA,2022,2022-05-29 17:00:00,cambium_co2_rate_lrmer,62.16
CA,2022,2022-05-29 18:00:00,cambium_co2_rate_lrmer,67.7
CA,2022,2022-05-29 19:00:00,cambium_co2_rate_lrmer,70.6
CA,2022,2022-05-29 20:00:00,cambium_co2_rate_lrmer,74.7
CA,2022,2022-05-29 21:00:00,cambium_co2_rate_lrmer,107.25
CA,2022,2022-05-29 22:00:00,cambium_co2_rate_lrmer,155.4
CA,2022,2022-05-29 23:00:00,cambium_co2_rate_lrmer,155.2
CA,2022,2022-05-30 00:00:00,cambium_co2_rate_lrmer,115.4
CA,2022,2022-05-30 01:00:00,cambium_co2_rate_lrmer,93.0
CA,2022,2022-05-30 02:00:00,cambium_co2_rate_lrmer,86.25
CA,2022,2022-05-30 03:00:00,cambium_co2_rate_lrmer,95.06
CA,2022,2022-05-30 04:00:00,cambium_co2_rate_lrmer,100.44
CA,2022,2022-05-30 05:00:00,cambium_co2_rate_lrmer,97.0
CA,2022,2022-05-30 06:00:00,cambium_co2_rate_lrmer,96.25
CA,2022,2022-05-30 07:00:00,cambium_co2_rate_lrmer,102.06
CA,2022,2022-05-30 08:00:00,cambium_co2_rate_lrmer,91.7
CA,2022,2022-05-30 09:00:00,cambium_co2_rate_lrmer,52.66
CA,2022,2022-05-30 10:00:00,cambium_co2_rate_lrmer,43.66
CA,2022,2022-05-30 11:00:00,cambium_co2_rate_lrmer,41.2
CA,2022,2022-05-30 12:00:00,cambium_co2_rate_lrmer,42.88
CA,2022,2022-05-30 13:00:00,cambium_co2_rate_lrmer,43.94
CA,2022,2022-05-30 14:00:00,cambium_co2_rate_lrmer,45.56
CA,2022,2022-05-30 15:00:00,cambium_co2_rate_lrmer,44.6
CA,2022,2022-05-30 16:00:00,cambium_co2_rate_lrmer,56.78
CA,2022,2022-05-30 17:00:00,cambium_co2_rate_lrmer,57.47
CA,2022,2022-05-30 18:00:00,cambium_co2_rate_lrmer,62.56
CA,2022,2022-05-30 19:00:00,cambium_co2_rate_lrmer,65.56
CA,2022,2022-05-30 20:00:00,cambium_co2_rate_lrmer,71.2
CA,2022,2022-05-30 21:00:00,cambium_co2_rate_lrmer,101.9
CA,2022,2022-05-30 22:00:00,cambium_co2_rate_lrmer,151.4
CA,2022,2022-05-30 23:00:00,cambium_co2_rate_lrmer,155.2
CA,2022,2022-05-31 00:00:00,cambium_co2_rate_lrmer,112.3
CA,2022,2022-05-31 01:00:00,cambium_co2_rate_lrmer,90.1
CA,2022,2022-05-31 02:00:00,cambium_co2_rate_lrmer,86.44
CA,2022,2022-05-31 03:00:00,cambium_co2_rate_lrmer,96.9
CA,2022,2022-05-31 04:00:00,cambium_co2_rate_lrmer,101.25
CA,2022,2022-05-31 05:00:00,cambium_co2_rate_lrmer,97.9
CA,2022,2022-05-31 06:00:00,cambium_co2_rate_lrmer,97.56
CA,2022,2022-05-31 07:00:00,cambium_co2_rate_lrmer,102.06
CA,2022,2022-05-31 08:00:00,cambium_co2_rate_lrmer,94.2
CA,2022,2022-05-31 09:00:00,cambium_co2_rate_lrmer,50.72
CA,2022,2022-05-31 10:00:00,cambium_co2_rate_lrmer,43.1
CA,2022,2022-05-31 11:00:00,cambium_co2_rate_lrmer,42.12
CA,2022,2022-05-31 12:00:00,cambium_co2_rate_lrmer,43.28
CA,2022,2022-05-31 13:00:00,cambium_co2_rate_lrmer,43.47
CA,2022,2022-05-31 14:00:00,cambium_co2_rate_lrmer,44.7
CA,2022,2022-05-31 15:00:00,cambium_co2_rate_lrmer,41.6
CA,2022,2022-05-31 16:00:00,cambium_co2_rate_lrmer,53.25
CA,2022,2022-05-31 17:00:00,cambium_co2_rate_lrmer,55.47
CA,2022,2022-05-31 18:00:00,cambium_co2_rate_lrmer,59.9
CA,2022,2022-05-31 19:00:00,cambium_co2_rate_lrmer,63.38
CA,2022,2022-05-31 20:00:00,cambium_co2_rate_lrmer,70.5
CA,2022,2022-05-31 21:00:00,cambium_co2_rate_lrmer,100.4
CA,2022,2022-05-31 22:00:00,cambium_co2_rate_lrmer,151.2
CA,2022,2022-05-31 23:00:00,cambium_co2_rate_lrmer,148.8
CA,2022,2022-06-01 00:00:00,cambium_co2_rate_lrmer,110.3
CA,2022,2022-06-01 01:00:00,cambium_co2_rate_lrmer,89.44
CA,2022,2022-06-01 02:00:00,cambium_co2_rate_lrmer,85.0
CA,2022,2022-06-01 03:00:00,cambium_co2_rate_lrmer,96.5
CA,2022,2022-06-01 04:00:00,cambium_co2_rate_lrmer,101.1
CA,2022,2022-06-01 05:00:00,cambium_co2_rate_lrmer,98.25
CA,2022,2022-06-01 06:00:00,cambium_co2_rate_lrmer,99.2
CA,2022,2022-06-01 07:00:00,cambium_co2_rate_lrmer,102.9
CA,2022,2022-06-01 08:00:00,cambium_co2_rate_lrmer,96.0
CA,2022,2022-06-01 09:00:00,cambium_co2_rate_lrmer,51.7
CA,2022,2022-06-01 10:00:00,cambium_co2_rate_lrmer,39.97
CA,2022,2022-06-01 11:00:00,cambium_co2_rate_lrmer,39.56
CA,2022,2022-06-01 12:00:00,cambium_co2_rate_lrmer,40.78
CA,2022,2022-06-01 13:00:00,cambium_co2_rate_lrmer,46.16
CA,2022,2022-06-01 14:00:00,cambium_co2_rate_lrmer,45.7
CA,2022,2022-06-01 15:00:00,cambium_co2_rate_lrmer,42.1
CA,2022,2022-06-01 16:00:00,cambium_co2_rate_lrmer,53.8
CA,2022,2022-06-01 17:00:00,cambium_co2_rate_lrmer,55.8
CA,2022,2022-06-01 18:00:00,cambium_co2_rate_lrmer,61.44
CA,2022,2022-06-01 19:00:00,cambium_co2_rate_lrmer,63.9
CA,2022,2022-06-01 20:00:00,cambium_co2_rate_lrmer,69.06
CA,2022,2022-06-01 21:00:00,cambium_co2_rate_lrmer,97.5
CA,2022,2022-06-01 22:00:00,cambium_co2_rate_lrmer,148.5
CA,2022,2022-06-01 23:00:00,cambium_co2_rate_lrmer,145.2
CA,2022,2022-06-02 00:00:00,cambium_co2_rate_lrmer,107.2
CA,2022,2022-06-02 01:00:00,cambium_co2_rate_lrmer,89.25
CA,2022,2022-06-02 02:00:00,cambium_co2_rate_lrmer,82.8
CA,2022,2022-06-02 03:00:00,cambium_co2_rate_lrmer,96.06
CA,2022,2022-06-02 04:00:00,cambium_co2_rate_lrmer,99.1
CA,2022,2022-06-02 05:00:00,cambium_co2_rate_lrmer,97.5
CA,2022,2022-06-02 06:00:00,cambium_co2_rate_lrmer,98.06
CA,2022,2022-06-02 07:00:00,cambium_co2_rate_lrmer,102.06
CA,2022,2022-06-02 08:00:00,cambium_co2_rate_lrmer,94.25
CA,2022,2022-06-02 09:00:00,cambium_co2_rate_lrmer,49.94
CA,2022,2022-06-02 10:00:00,cambium_co2_rate_lrmer,38.97
CA,2022,2022-06-02 11:00:00,cambium_co2_rate_lrmer,38.16
CA,2022,2022-06-02 12:00:00,cambium_co2_rate_lrmer,39.38
CA,2022,2022-06-02 13:00:00,cambium_co2_rate_lrmer,45.47
CA,2022,2022-06-02 14:00:00,cambium_co2_rate_lrmer,44.6
CA,2022,2022-06-02 15:00:00,cambium_co2_rate_lrmer,41.72
CA,2022,2022-06-02 16:00:00,cambium_co2_rate_lrmer,52.75
CA,2022,2022-06-02 17:00:00,cambium_co2_rate_lrmer,55.7
CA,2022,2022-06-02 18:00:00,cambium_co2_rate_lrmer,59.06
CA,2022,2022-06-02 19:00:00,cambium_co2_rate_lrmer,61.53
CA,2022,2022-06-02 20:00:00,cambium_co2_rate_lrmer,66.4
CA,2022,2022-06-02 21:00:00,cambium_co2_rate_lrmer,94.4
CA,2022,2022-06-02 22:00:00,cambium_co2_rate_lrmer,143.6
CA,2022,2022-06-02 23:00:00,cambium_co2_rate_lrmer,140.2
CA,2022,2022-06-03 00:00:00,cambium_co2_rate_lrmer,104.75
CA,2022,2022-06-03 01:00:00,cambium_co2_rate_lrmer,87.4
CA,2022,2022-06-03 02:00:00,cambium_co2_rate_lrmer,82.1
CA,2022,2022-06-03 03:00:00,cambium_co2_rate_lrmer,96.3
CA,2022,2022-06-03 04:00:00,cambium_co2_rate_lrmer,102.56
CA,2022,2022-06-03 05:00:00,cambium_co2_rate_lrmer,101.25
CA,2022,2022-06-03 06:00:00,cambium_co2_rate_lrmer,101.4
CA,2022,2022-06-03 07:00:00,cambium_co2_rate_lrmer,103.5
CA,2022,2022-06-03 08:00:00,cambium_co2_rate_lrmer,95.1
CA,2022,2022-06-03 09:00:00,cambium_co2_rate_lrmer,47.3
CA,2022,2022-06-03 10:00:00,cambium_co2_rate_lrmer,36.56
CA,2022,2022-06-03 11:00:00,cambium_co2_rate_lrmer,35.94
CA,2022,2022-06-03 12:00:00,cambium_co2_rate_lrmer,37.06
CA,2022,2022-06-03 13:00:00,cambium_co2_rate_lrmer,42.7
CA,2022,2022-06-03 14:00:00,cambium_co2_rate_lrmer,41.22
CA,2022,2022-06-03 15:00:00,cambium_co2_rate_lrmer,39.78
CA,2022,2022-06-03 16:00:00,cambium_co2_rate_lrmer,51.06
CA,2022,2022-06-03 17:00:00,cambium_co2_rate_lrmer,53.7
CA,2022,2022-06-03 18:00:00,cambium_co2_rate_lrmer,58.8
CA,2022,2022-06-03 19:00:00,cambium_co2_rate_lrmer,61.44
CA,2022,2022-06-03 20:00:00,cambium_co2_rate_lrmer,64.5
CA,2022,2022-06-03 21:00:00,cambium_co2_rate_lrmer,100.2
CA,2022,2022-06-03 22:00:00,cambium_co2_rate_lrmer,152.8
CA,2022,2022-06-03 23:00:00,cambium_co2_rate_lrmer,147.9
CA,2022,2022-06-04 00:00:00,cambium_co2_rate_lrmer,112.25
CA,2022,2022-06-04 01:00:00,cambium_co2_rate_lrmer,88.0
CA,2022,2022-06-04 02:00:00,cambium_co2_rate_lrmer,83.6
CA,2022,2022-06-04 03:00:00,cambium_co2_rate_lrmer,94.56
CA,2022,2022-06-04 04:00:00,cambium_co2_rate_lrmer,98.2
CA,2022,2022-06-04 05:00:00,cambium_co2_rate_lrmer,97.5
CA,2022,2022-06-04 06:00:00,cambium_co2_rate_lrmer,98.2
CA,2022,2022-06-04 07:00:00,cambium_co2_rate_lrmer,100.7
CA,2022,2022-06-04 08:00:00,cambium_co2_rate_lrmer,92.4
CA,2022,2022-06-04 09:00:00,cambium_co2_rate_lrmer,47.94
CA,2022,2022-06-04 10:00:00,cambium_co2_rate_lrmer,36.22
CA,2022,2022-06-04 11:00:00,cambium_co2_rate_lrmer,35.5
CA,2022,2022-06-04 12:00:00,cambium_co2_rate_lrmer,37.03
CA,2022,2022-06-04 13:00:00,cambium_co2_rate_lrmer,42.2
CA,2022,2022-06-04 14:00:00,cambium_co2_rate_lrmer,40.62
CA,2022,2022-06-04 15:00:00,cambium_co2_rate_lrmer,39.28
CA,2022,2022-06-04 16:00:00,cambium_co2_rate_lrmer,51.2
CA,2022,2022-06-04 17:00:00,cambium_co2_rate_lrmer,53.47
CA,2022,2022-06-04 18:00:00,cambium_co2_rate_lrmer,57.88
CA,2022,2022-06-04 19:00:00,cambium_co2_rate_lrmer,57.8
CA,2022,2022-06-04 20:00:00,cambium_co2_rate_lrmer,61.62
CA,2022,2022-06-04 21:00:00,cambium_co2_rate_lrmer,100.3
CA,2022,2022-06-04 22:00:00,cambium_co2_rate_lrmer,150.4
CA,2022,2022-06-04 23:00:00,cambium_co2_rate_lrmer,145.5
CA,2022,2022-06-05 00:00:00,cambium_co2_rate_lrmer,112.94
CA,2022,2022-06-05 01:00:00,cambium_co2_rate_lrmer,88.1
CA,2022,2022-06-05 02:00:00,cambium_co2_rate_lrmer,84.7
CA,2022,2022-06-05 03:00:00,cambium_co2_rate_lrmer,94.0
CA,2022,2022-06-05 04:00:00,cambium_co2_rate_lrmer,98.4
CA,2022,2022-06-05 05:00:00,cambium_co2_rate_lrmer,95.8
CA,2022,2022-06-05 06:00:00,cambium_co2_rate_lrmer,94.8
CA,2022,2022-06-05 07:00:00,cambium_co2_rate_lrmer,96.8
CA,2022,2022-06-05 08:00:00,cambium_co2_rate_lrmer,88.3
CA,2022,2022-06-05 09:00:00,cambium_co2_rate_lrmer,48.75
CA,2022,2022-06-05 10:00:00,cambium_co2_rate_lrmer,37.78
CA,2022,2022-06-05 11:00:00,cambium_co2_rate_lrmer,36.47
CA,2022,2022-06-05 12:00:00,cambium_co2_rate_lrmer,38.66
CA,2022,2022-06-05 13:00:00,cambium_co2_rate_lrmer,43.03
CA,2022,2022-06-05 14:00:00,cambium_co2_rate_lrmer,41.4
CA,2022,2022-06-05 15:00:00,cambium_co2_rate_lrmer,40.88
CA,2022,2022-06-05 16:00:00,cambium_co2_rate_lrmer,52.0
CA,2022,2022-06-05 17:00:00,cambium_co2_rate_lrmer,53.75
CA,2022,2022-06-05 18:00:00,cambium_co2_rate_lrmer,58.25
CA,2022,2022-06-05 19:00:00,cambium_co2_rate_lrmer,58.97
CA,2022,2022-06-05 20:00:00,cambium_co2_rate_lrmer,64.75
CA,2022,2022-06-05 21:00:00,cambium_co2_rate_lrmer,105.06
CA,2022,2022-06-05 22:00:00,cambium_co2_rate_lrmer,157.6
CA,2022,2022-06-05 23:00:00,cambium_co2_rate_lrmer,148.2
CA,2022,2022-06-06 00:00:00,cambium_co2_rate_lrmer,117.6
CA,2022,2022-06-06 01:00:00,cambium_co2_rate_lrmer,94.1
CA,2022,2022-06-06 02:00:00,cambium_co2_rate_lrmer,90.75
CA,2022,2022-06-06 03:00:00,cambium_co2_rate_lrmer,97.44
CA,2022,2022-06-06 04:00:00,cambium_co2_rate_lrmer,104.3
CA,2022,2022-06-06 05:00:00,cambium_co2_rate_lrmer,102.44
CA,2022,2022-06-06 06:00:00,cambium_co2_rate_lrmer,100.3
CA,2022,2022-06-06 07:00:00,cambium_co2_rate_lrmer,100.0
CA,2022,2022-06-06 08:00:00,cambium_co2_rate_lrmer,92.1
CA,2022,2022-06-06 09:00:00,cambium_co2_rate_lrmer,52.03
CA,2022,2022-06-06 10:00:00,cambium_co2_rate_lrmer,43.97
CA,2022,2022-06-06 11:00:00,cambium_co2_rate_lrmer,41.34
CA,2022,2022-06-06 12:00:00,cambium_co2_rate_lrmer,42.7
CA,2022,2022-06-06 13:00:00,cambium_co2_rate_lrmer,46.94
CA,2022,2022-06-06 14:00:00,cambium_co2_rate_lrmer,47.78
CA,2022,2022-06-06 15:00:00,cambium_co2_rate_lrmer,48.56
CA,2022,2022-06-06 16:00:00,cambium_co2_rate_lrmer,57.5
CA,2022,2022-06-06 17:00:00,cambium_co2_rate_lrmer,57.44
CA,2022,2022-06-06 18:00:00,cambium_co2_rate_lrmer,61.8
CA,2022,2022-06-06 19:00:00,cambium_co2_rate_lrmer,63.03
CA,2022,2022-06-06 20:00:00,cambium_co2_rate_lrmer,67.75
CA,2022,2022-06-06 21:00:00,cambium_co2_rate_lrmer,108.6
CA,2022,2022-06-06 22:00:00,cambium_co2_rate_lrmer,158.0
CA,2022,2022-06-06 23:00:00,cambium_co2_rate_lrmer,149.5
CA,2022,2022-06-07 00:00:00,cambium_co2_rate_lrmer,122.25
CA,2022,2022-06-07 01:00:00,cambium_co2_rate_lrmer,96.9
CA,2022,2022-06-07 02:00:00,cambium_co2_rate_lrmer,93.7
CA,2022,2022-06-07 03:00:00,cambium_co2_rate_lrmer,101.2
CA,2022,2022-06-07 04:00:00,cambium_co2_rate_lrmer,105.3
CA,2022,2022-06-07 05:00:00,cambium_co2_rate_lrmer,107.4
CA,2022,2022-06-07 06:00:00,cambium_co2_rate_lrmer,98.9
CA,2022,2022-06-07 07:00:00,cambium_co2_rate_lrmer,97.4
CA,2022,2022-06-07 08:00:00,cambium_co2_rate_lrmer,93.94
CA,2022,2022-06-07 09:00:00,cambium_co2_rate_lrmer,51.25
CA,2022,2022-06-07 10:00:00,cambium_co2_rate_lrmer,46.97
CA,2022,2022-06-07 11:00:00,cambium_co2_rate_lrmer,40.3
CA,2022,2022-06-07 12:00:00,cambium_co2_rate_lrmer,41.56
CA,2022,2022-06-07 13:00:00,cambium_co2_rate_lrmer,46.7
CA,2022,2022-06-07 14:00:00,cambium_co2_rate_lrmer,46.62
CA,2022,2022-06-07 15:00:00,cambium_co2_rate_lrmer,48.4
CA,2022,2022-06-07 16:00:00,cambium_co2_rate_lrmer,58.0
CA,2022,2022-06-07 17:00:00,cambium_co2_rate_lrmer,58.6
CA,2022,2022-06-07 18:00:00,cambium_co2_rate_lrmer,64.7
CA,2022,2022-06-07 19:00:00,cambium_co2_rate_lrmer,64.0
CA,2022,2022-06-07 20:00:00,cambium_co2_rate_lrmer,68.9
CA,2022,2022-06-07 21:00:00,cambium_co2_rate_lrmer,107.4
CA,2022,2022-06-07 22:00:00,cambium_co2_rate_lrmer,157.9
CA,2022,2022-06-07 23:00:00,cambium_co2_rate_lrmer,149.5
CA,2022,2022-06-08 00:00:00,cambium_co2_rate_lrmer,125.3
CA,2022,2022-06-08 01:00:00,cambium_co2_rate_lrmer,99.94
CA,2022,2022-06-08 02:00:00,cambium_co2_rate_lrmer,96.5
CA,2022,2022-06-08 03:00:00,cambium_co2_rate_lrmer,102.94
CA,2022,2022-06-08 04:00:00,cambium_co2_rate_lrmer,109.1
CA,2022,2022-06-08 05:00:00,cambium_co2_rate_lrmer,110.2
CA,2022,2022-06-08 06:00:00,cambium_co2_rate_lrmer,102.2
CA,2022,2022-06-08 07:00:00,cambium_co2_rate_lrmer,100.5
CA,2022,2022-06-08 08:00:00,cambium_co2_rate_lrmer,96.25
CA,2022,2022-06-08 09:00:00,cambium_co2_rate_lrmer,54.03
CA,2022,2022-06-08 10:00:00,cambium_co2_rate_lrmer,50.44
CA,2022,2022-06-08 11:00:00,cambium_co2_rate_lrmer,42.28
CA,2022,2022-06-08 12:00:00,cambium_co2_rate_lrmer,43.1
CA,2022,2022-06-08 13:00:00,cambium_co2_rate_lrmer,48.38
CA,2022,2022-06-08 14:00:00,cambium_co2_rate_lrmer,48.97
CA,2022,2022-06-08 15:00:00,cambium_co2_rate_lrmer,50.62
CA,2022,2022-06-08 16:00:00,cambium_co2_rate_lrmer,57.47
CA,2022,2022-06-08 17:00:00,cambium_co2_rate_lrmer,58.7
CA,2022,2022-06-08 18:00:00,cambium_co2_rate_lrmer,66.1
CA,2022,2022-06-08 19:00:00,cambium_co2_rate_lrmer,64.1
CA,2022,2022-06-08 20:00:00,cambium_co2_rate_lrmer,69.3
CA,2022,2022-06-08 21:00:00,cambium_co2_rate_lrmer,107.0
CA,2022,2022-06-08 22:00:00,cambium_co2_rate_lrmer,158.0
CA,2022,2022-06-08 23:00:00,cambium_co2_rate_lrmer,149.2
CA,2022,2022-06-09 00:00:00,cambium_co2_rate_lrmer,124.6
CA,2022,2022-06-09 01:00:00,cambium_co2_rate_lrmer,99.0
CA,2022,2022-06-09 02:00:00,cambium_co2_rate_lrmer,96.25
CA,2022,2022-06-09 03:00:00,cambium_co2_rate_lrmer,103.06
CA,2022,2022-06-09 04:00:00,cambium_co2_rate_lrmer,107.94
CA,2022,2022-06-09 05:00:00,cambium_co2_rate_lrmer,108.94
CA,2022,2022-06-09 06:00:00,cambium_co2_rate_lrmer,101.1
CA,2022,2022-06-09 07:00:00,cambium_co2_rate_lrmer,100.06
CA,2022,2022-06-09 08:00:00,cambium_co2_rate_lrmer,95.0
CA,2022,2022-06-09 09:00:00,cambium_co2_rate_lrmer,52.8
CA,2022,2022-06-09 10:00:00,cambium_co2_rate_lrmer,49.47
CA,2022,2022-06-09 11:00:00,cambium_co2_rate_lrmer,38.9
CA,2022,2022-06-09 12:00:00,cambium_co2_rate_lrmer,40.1
CA,2022,2022-06-09 13:00:00,cambium_co2_rate_lrmer,43.84
CA,2022,2022-06-09 14:00:00,cambium_co2_rate_lrmer,44.2
CA,2022,2022-06-09 15:00:00,cambium_co2_rate_lrmer,46.03
CA,2022,2022-06-09 16:00:00,cambium_co2_rate_lrmer,53.38
CA,2022,2022-06-09 17:00:00,cambium_co2_rate_lrmer,55.84
CA,2022,2022-06-09 18:00:00,cambium_co2_rate_lrmer,63.66
CA,2022,2022-06-09 19:00:00,cambium_co2_rate_lrmer,62.62
CA,2022,2022-06-09 20:00:00,cambium_co2_rate_lrmer,68.7
CA,2022,2022-06-09 21:00:00,cambium_co2_rate_lrmer,105.94
CA,2022,2022-06-09 22:00:00,cambium_co2_rate_lrmer,157.1
CA,2022,2022-06-09 23:00:00,cambium_co2_rate_lrmer,148.2
CA,2022,2022-06-10 00:00:00,cambium_co2_rate_lrmer,123.94
CA,2022,2022-06-10 01:00:00,cambium_co2_rate_lrmer,99.4
CA,2022,2022-06-10 02:00:00,cambium_co2_rate_lrmer,96.0
CA,2022,2022-06-10 03:00:00,cambium_co2_rate_lrmer,101.6
CA,2022,2022-06-10 04:00:00,cambium_co2_rate_lrmer,107.4
CA,2022,2022-06-10 05:00:00,cambium_co2_rate_lrmer,107.5
CA,2022,2022-06-10 06:00:00,cambium_co2_rate_lrmer,99.8
CA,2022,2022-06-10 07:00:00,cambium_co2_rate_lrmer,98.4
CA,2022,2022-06-10 08:00:00,cambium_co2_rate_lrmer,91.0
CA,2022,2022-06-10 09:00:00,cambium_co2_rate_lrmer,49.0
CA,2022,2022-06-10 10:00:00,cambium_co2_rate_lrmer,46.1
CA,2022,2022-06-10 11:00:00,cambium_co2_rate_lrmer,35.72
CA,2022,2022-06-10 12:00:00,cambium_co2_rate_lrmer,36.9
CA,2022,2022-06-10 13:00:00,cambium_co2_rate_lrmer,40.7
CA,2022,2022-06-10 14:00:00,cambium_co2_rate_lrmer,40.9
CA,2022,2022-06-10 15:00:00,cambium_co2_rate_lrmer,44.22
CA,2022,2022-06-10 16:00:00,cambium_co2_rate_lrmer,51.22
CA,2022,2022-06-10 17:00:00,cambium_co2_rate_lrmer,54.06
CA,2022,2022-06-10 18:00:00,cambium_co2_rate_lrmer,60.9
CA,2022,2022-06-10 19:00:00,cambium_co2_rate_lrmer,59.72
CA,2022,2022-06-10 20:00:00,cambium_co2_rate_lrmer,69.0
CA,2022,2022-06-10 21:00:00,cambium_co2_rate_lrmer,105.5
CA,2022,2022-06-10 22:00:00,cambium_co2_rate_lrmer,156.9
CA,2022,2022-06-10 23:00:00,cambium_co2_rate_lrmer,148.6
CA,2022,2022-06-11 00:00:00,cambium_co2_rate_lrmer,124.7
CA,2022,2022-06-11 01:00:00,cambium_co2_rate_lrmer,100.1
CA,2022,2022-06-11 02:00:00,cambium_co2_rate_lrmer,96.06
CA,2022,2022-06-11 03:00:00,cambium_co2_rate_lrmer,101.4
CA,2022,2022-06-11 04:00:00,cambium_co2_rate_lrmer,107.75
CA,2022,2022-06-11 05:00:00,cambium_co2_rate_lrmer,107.25
CA,2022,2022-06-11 06:00:00,cambium_co2_rate_lrmer,100.5
CA,2022,2022-06-11 07:00:00,cambium_co2_rate_lrmer,98.2
CA,2022,2022-06-11 08:00:00,cambium_co2_rate_lrmer,90.4
CA,2022,2022-06-11 09:00:00,cambium_co2_rate_lrmer,49.28
CA,2022,2022-06-11 10:00:00,cambium_co2_rate_lrmer,45.53
CA,2022,2022-06-11 11:00:00,cambium_co2_rate_lrmer,35.2
CA,2022,2022-06-11 12:00:00,cambium_co2_rate_lrmer,36.25
CA,2022,2022-06-11 13:00:00,cambium_co2_rate_lrmer,40.72
CA,2022,2022-06-11 14:00:00,cambium_co2_rate_lrmer,41.06
CA,2022,2022-06-11 15:00:00,cambium_co2_rate_lrmer,44.66
CA,2022,2022-06-11 16:00:00,cambium_co2_rate_lrmer,51.9
CA,2022,2022-06-11 17:00:00,cambium_co2_rate_lrmer,54.78
CA,2022,2022-06-11 18:00:00,cambium_co2_rate_lrmer,61.66
CA,2022,2022-06-11 19:00:00,cambium_co2_rate_lrmer,59.22
CA,2022,2022-06-11 20:00:00,cambium_co2_rate_lrmer,68.9
CA,2022,2022-06-11 21:00:00,cambium_co2_rate_lrmer,106.75
CA,2022,2022-06-11 22:00:00,cambium_co2_rate_lrmer,157.9
CA,2022,2022-06-11 23:00:00,cambium_co2_rate_lrmer,149.8
CA,2022,2022-06-12 00:00:00,cambium_co2_rate_lrmer,125.94
CA,2022,2022-06-12 01:00:00,cambium_co2_rate_lrmer,101.2
CA,2022,2022-06-12 02:00:00,cambium_co2_rate_lrmer,99.9
CA,2022,2022-06-12 03:00:00,cambium_co2_rate_lrmer,106.44
CA,2022,2022-06-12 04:00:00,cambium_co2_rate_lrmer,109.75
CA,2022,2022-06-12 05:00:00,cambium_co2_rate_lrmer,108.75
CA,2022,2022-06-12 06:00:00,cambium_co2_rate_lrmer,103.8
CA,2022,2022-06-12 07:00:00,cambium_co2_rate_lrmer,100.25
CA,2022,2022-06-12 08:00:00,cambium_co2_rate_lrmer,90.9
CA,2022,2022-06-12 09:00:00,cambium_co2_rate_lrmer,49.88
CA,2022,2022-06-12 10:00:00,cambium_co2_rate_lrmer,45.8
CA,2022,2022-06-12 11:00:00,cambium_co2_rate_lrmer,35.3
CA,2022,2022-06-12 12:00:00,cambium_co2_rate_lrmer,36.56
CA,2022,2022-06-12 13:00:00,cambium_co2_rate_lrmer,41.25
CA,2022,2022-06-12 14:00:00,cambium_co2_rate_lrmer,43.25
CA,2022,2022-06-12 15:00:00,cambium_co2_rate_lrmer,45.38
CA,2022,2022-06-12 16:00:00,cambium_co2_rate_lrmer,52.8
CA,2022,2022-06-12 17:00:00,cambium_co2_rate_lrmer,57.38
CA,2022,2022-06-12 18:00:00,cambium_co2_rate_lrmer,65.6
CA,2022,2022-06-12 19:00:00,cambium_co2_rate_lrmer,60.56
CA,2022,2022-06-12 20:00:00,cambium_co2_rate_lrmer,74.06
CA,2022,2022-06-12 21:00:00,cambium_co2_rate_lrmer,107.94
CA,2022,2022-06-12 22:00:00,cambium_co2_rate_lrmer,159.1
CA,2022,2022-06-12 23:00:00,cambium_co2_rate_lrmer,152.1
CA,2022,2022-06-13 00:00:00,cambium_co2_rate_lrmer,127.0
CA,2022,2022-06-13 01:00:00,cambium_co2_rate_lrmer,102.7
CA,2022,2022-06-13 02:00:00,cambium_co2_rate_lrmer,105.3
CA,2022,2022-06-13 03:00:00,cambium_co2_rate_lrmer,112.5
CA,2022,2022-06-13 04:00:00,cambium_co2_rate_lrmer,114.4
CA,2022,2022-06-13 05:00:00,cambium_co2_rate_lrmer,112.94
CA,2022,2022-06-13 06:00:00,cambium_co2_rate_lrmer,107.56
CA,2022,2022-06-13 07:00:00,cambium_co2_rate_lrmer,103.06
CA,2022,2022-06-13 08:00:00,cambium_co2_rate_lrmer,92.6
CA,2022,2022-06-13 09:00:00,cambium_co2_rate_lrmer,52.22
CA,2022,2022-06-13 10:00:00,cambium_co2_rate_lrmer,47.78
CA,2022,2022-06-13 11:00:00,cambium_co2_rate_lrmer,37.47
CA,2022,2022-06-13 12:00:00,cambium_co2_rate_lrmer,39.0
CA,2022,2022-06-13 13:00:00,cambium_co2_rate_lrmer,43.75
CA,2022,2022-06-13 14:00:00,cambium_co2_rate_lrmer,44.6
CA,2022,2022-06-13 15:00:00,cambium_co2_rate_lrmer,45.2
CA,2022,2022-06-13 16:00:00,cambium_co2_rate_lrmer,52.34
CA,2022,2022-06-13 17:00:00,cambium_co2_rate_lrmer,57.88
CA,2022,2022-06-13 18:00:00,cambium_co2_rate_lrmer,65.9
CA,2022,2022-06-13 19:00:00,cambium_co2_rate_lrmer,62.25
CA,2022,2022-06-13 20:00:00,cambium_co2_rate_lrmer,74.75
CA,2022,2022-06-13 21:00:00,cambium_co2_rate_lrmer,107.7
CA,2022,2022-06-13 22:00:00,cambium_co2_rate_lrmer,159.4
CA,2022,2022-06-13 23:00:00,cambium_co2_rate_lrmer,152.5
CA,2022,2022-06-14 00:00:00,cambium_co2_rate_lrmer,128.6
CA,2022,2022-06-14 01:00:00,cambium_co2_rate_lrmer,102.8
CA,2022,2022-06-14 02:00:00,cambium_co2_rate_lrmer,107.7
CA,2022,2022-06-14 03:00:00,cambium_co2_rate_lrmer,116.06
CA,2022,2022-06-14 04:00:00,cambium_co2_rate_lrmer,118.0
CA,2022,2022-06-14 05:00:00,cambium_co2_rate_lrmer,116.75
CA,2022,2022-06-14 06:00:00,cambium_co2_rate_lrmer,111.06
CA,2022,2022-06-14 07:00:00,cambium_co2_rate_lrmer,107.9
CA,2022,2022-06-14 08:00:00,cambium_co2_rate_lrmer,96.3
CA,2022,2022-06-14 09:00:00,cambium_co2_rate_lrmer,53.1
CA,2022,2022-06-14 10:00:00,cambium_co2_rate_lrmer,50.0
CA,2022,2022-06-14 11:00:00,cambium_co2_rate_lrmer,39.47
CA,2022,2022-06-14 12:00:00,cambium_co2_rate_lrmer,41.34
CA,2022,2022-06-14 13:00:00,cambium_co2_rate_lrmer,44.22
CA,2022,2022-06-14 14:00:00,cambium_co2_rate_lrmer,45.16
CA,2022,2022-06-14 15:00:00,cambium_co2_rate_lrmer,46.94
CA,2022,2022-06-14 16:00:00,cambium_co2_rate_lrmer,53.84
CA,2022,2022-06-14 17:00:00,cambium_co2_rate_lrmer,60.53
CA,2022,2022-06-14 18:00:00,cambium_co2_rate_lrmer,66.44
CA,2022,2022-06-14 19:00:00,cambium_co2_rate_lrmer,63.75
CA,2022,2022-06-14 20:00:00,cambium_co2_rate_lrmer,74.6
CA,2022,2022-06-14 21:00:00,cambium_co2_rate_lrmer,108.56
CA,2022,2022-06-14 22:00:00,cambium_co2_rate_lrmer,154.8
CA,2022,2022-06-14 23:00:00,cambium_co2_rate_lrmer,152.6
CA,2022,2022-06-15 00:00:00,cambium_co2_rate_lrmer,134.9
CA,2022,2022-06-15 01:00:00,cambium_co2_rate_lrmer,102.8
CA,2022,2022-06-15 02:00:00,cambium_co2_rate_lrmer,110.44
CA,2022,2022-06-15 03:00:00,cambium_co2_rate_lrmer,119.3
CA,2022,2022-06-15 04:00:00,cambium_co2_rate_lrmer,120.5
CA,2022,2022-06-15 05:00:00,cambium_co2_rate_lrmer,119.25
CA,2022,2022-06-15 06:00:00,cambium_co2_rate_lrmer,114.5
CA,2022,2022-06-15 07:00:00,cambium_co2_rate_lrmer,111.9
CA,2022,2022-06-15 08:00:00,cambium_co2_rate_lrmer,97.75
CA,2022,2022-06-15 09:00:00,cambium_co2_rate_lrmer,52.78
CA,2022,2022-06-15 10:00:00,cambium_co2_rate_lrmer,47.8
CA,2022,2022-06-15 11:00:00,cambium_co2_rate_lrmer,36.9
CA,2022,2022-06-15 12:00:00,cambium_co2_rate_lrmer,39.0
CA,2022,2022-06-15 13:00:00,cambium_co2_rate_lrmer,44.06
CA,2022,2022-06-15 14:00:00,cambium_co2_rate_lrmer,45.38
CA,2022,2022-06-15 15:00:00,cambium_co2_rate_lrmer,47.47
CA,2022,2022-06-15 16:00:00,cambium_co2_rate_lrmer,53.75
CA,2022,2022-06-15 17:00:00,cambium_co2_rate_lrmer,61.8
CA,2022,2022-06-15 18:00:00,cambium_co2_rate_lrmer,67.44
CA,2022,2022-06-15 19:00:00,cambium_co2_rate_lrmer,64.44
CA,2022,2022-06-15 20:00:00,cambium_co2_rate_lrmer,74.6
CA,2022,2022-06-15 21:00:00,cambium_co2_rate_lrmer,109.94
CA,2022,2022-06-15 22:00:00,cambium_co2_rate_lrmer,160.5
CA,2022,2022-06-15 23:00:00,cambium_co2_rate_lrmer,160.6
CA,2022,2022-06-16 00:00:00,cambium_co2_rate_lrmer,137.5
CA,2022,2022-06-16 01:00:00,cambium_co2_rate_lrmer,104.9
CA,2022,2022-06-16 02:00:00,cambium_co2_rate_lrmer,112.06
CA,2022,2022-06-16 03:00:00,cambium_co2_rate_lrmer,121.0
CA,2022,2022-06-16 04:00:00,cambium_co2_rate_lrmer,121.56
CA,2022,2022-06-16 05:00:00,cambium_co2_rate_lrmer,119.0
CA,2022,2022-06-16 06:00:00,cambium_co2_rate_lrmer,114.2
CA,2022,2022-06-16 07:00:00,cambium_co2_rate_lrmer,110.75
CA,2022,2022-06-16 08:00:00,cambium_co2_rate_lrmer,99.06
CA,2022,2022-06-16 09:00:00,cambium_co2_rate_lrmer,53.25
CA,2022,2022-06-16 10:00:00,cambium_co2_rate_lrmer,46.66
CA,2022,2022-06-16 11:00:00,cambium_co2_rate_lrmer,35.56
CA,2022,2022-06-16 12:00:00,cambium_co2_rate_lrmer,39.0
CA,2022,2022-06-16 13:00:00,cambium_co2_rate_lrmer,44.12
CA,2022,2022-06-16 14:00:00,cambium_co2_rate_lrmer,44.5
CA,2022,2022-06-16 15:00:00,cambium_co2_rate_lrmer,48.5
CA,2022,2022-06-16 16:00:00,cambium_co2_rate_lrmer,53.06
CA,2022,2022-06-16 17:00:00,cambium_co2_rate_lrmer,61.97
CA,2022,2022-06-16 18:00:00,cambium_co2_rate_lrmer,65.94
CA,2022,2022-06-16 19:00:00,cambium_co2_rate_lrmer,63.62
CA,2022,2022-06-16 20:00:00,cambium_co2_rate_lrmer,74.1
CA,2022,2022-06-16 21:00:00,cambium_co2_rate_lrmer,107.06
CA,2022,2022-06-16 22:00:00,cambium_co2_rate_lrmer,157.0
CA,2022,2022-06-16 23:00:00,cambium_co2_rate_lrmer,154.5
CA,2022,2022-06-17 00:00:00,cambium_co2_rate_lrmer,134.0
CA,2022,2022-06-17 01:00:00,cambium_co2_rate_lrmer,105.4
CA,2022,2022-06-17 02:00:00,cambium_co2_rate_lrmer,113.0
CA,2022,2022-06-17 03:00:00,cambium_co2_rate_lrmer,119.6
CA,2022,2022-06-17 04:00:00,cambium_co2_rate_lrmer,124.44
CA,2022,2022-06-17 05:00:00,cambium_co2_rate_lrmer,121.7
CA,2022,2022-06-17 06:00:00,cambium_co2_rate_lrmer,117.1
CA,2022,2022-06-17 07:00:00,cambium_co2_rate_lrmer,111.44
CA,2022,2022-06-17 08:00:00,cambium_co2_rate_lrmer,101.0
CA,2022,2022-06-17 09:00:00,cambium_co2_rate_lrmer,52.53
CA,2022,2022-06-17 10:00:00,cambium_co2_rate_lrmer,44.94
CA,2022,2022-06-17 11:00:00,cambium_co2_rate_lrmer,34.9
CA,2022,2022-06-17 12:00:00,cambium_co2_rate_lrmer,38.34
CA,2022,2022-06-17 13:00:00,cambium_co2_rate_lrmer,43.06
CA,2022,2022-06-17 14:00:00,cambium_co2_rate_lrmer,44.16
CA,2022,2022-06-17 15:00:00,cambium_co2_rate_lrmer,48.56
CA,2022,2022-06-17 16:00:00,cambium_co2_rate_lrmer,53.25
CA,2022,2022-06-17 17:00:00,cambium_co2_rate_lrmer,62.44
CA,2022,2022-06-17 18:00:00,cambium_co2_rate_lrmer,65.7
CA,2022,2022-06-17 19:00:00,cambium_co2_rate_lrmer,64.75
CA,2022,2022-06-17 20:00:00,cambium_co2_rate_lrmer,73.4
CA,2022,2022-06-17 21:00:00,cambium_co2_rate_lrmer,107.75
CA,2022,2022-06-17 22:00:00,cambium_co2_rate_lrmer,154.8
CA,2022,2022-06-17 23:00:00,cambium_co2_rate_lrmer,155.5
CA,2022,2022-06-18 00:00:00,cambium_co2_rate_lrmer,133.2
CA,2022,2022-06-18 01:00:00,cambium_co2_rate_lrmer,104.7
CA,2022,2022-06-18 02:00:00,cambium_co2_rate_lrmer,112.25
CA,2022,2022-06-18 03:00:00,cambium_co2_rate_lrmer,118.9
CA,2022,2022-06-18 04:00:00,cambium_co2_rate_lrmer,123.6
CA,2022,2022-06-18 05:00:00,cambium_co2_rate_lrmer,120.9
CA,2022,2022-06-18 06:00:00,cambium_co2_rate_lrmer,115.6
CA,2022,2022-06-18 07:00:00,cambium_co2_rate_lrmer,111.0
CA,2022,2022-06-18 08:00:00,cambium_co2_rate_lrmer,99.4
CA,2022,2022-06-18 09:00:00,cambium_co2_rate_lrmer,51.6
CA,2022,2022-06-18 10:00:00,cambium_co2_rate_lrmer,44.62
CA,2022,2022-06-18 11:00:00,cambium_co2_rate_lrmer,34.5
CA,2022,2022-06-18 12:00:00,cambium_co2_rate_lrmer,36.9
CA,2022,2022-06-18 13:00:00,cambium_co2_rate_lrmer,41.78
CA,2022,2022-06-18 14:00:00,cambium_co2_rate_lrmer,43.06
CA,2022,2022-06-18 15:00:00,cambium_co2_rate_lrmer,47.9
CA,2022,2022-06-18 16:00:00,cambium_co2_rate_lrmer,53.25
CA,2022,2022-06-18 17:00:00,cambium_co2_rate_lrmer,59.4
CA,2022,2022-06-18 18:00:00,cambium_co2_rate_lrmer,63.75
CA,2022,2022-06-18 19:00:00,cambium_co2_rate_lrmer,62.28
CA,2022,2022-06-18 20:00:00,cambium_co2_rate_lrmer,72.3
CA,2022,2022-06-18 21:00:00,cambium_co2_rate_lrmer,106.6
CA,2022,2022-06-18 22:00:00,cambium_co2_rate_lrmer,154.2
CA,2022,2022-06-18 23:00:00,cambium_co2_rate_lrmer,153.1
CA,2022,2022-06-19 00:00:00,cambium_co2_rate_lrmer,131.0
CA,2022,2022-06-19 01:00:00,cambium_co2_rate_lrmer,103.75
CA,2022,2022-06-19 02:00:00,cambium_co2_rate_lrmer,111.3
CA,2022,2022-06-19 03:00:00,cambium_co2_rate_lrmer,119.8
CA,2022,2022-06-19 04:00:00,cambium_co2_rate_lrmer,123.75
CA,2022,2022-06-19 05:00:00,cambium_co2_rate_lrmer,119.06
CA,2022,2022-06-19 06:00:00,cambium_co2_rate_lrmer,115.25
CA,2022,2022-06-19 07:00:00,cambium_co2_rate_lrmer,109.2
CA,2022,2022-06-19 08:00:00,cambium_co2_rate_lrmer,102.0
CA,2022,2022-06-19 09:00:00,cambium_co2_rate_lrmer,52.06
CA,2022,2022-06-19 10:00:00,cambium_co2_rate_lrmer,45.47
CA,2022,2022-06-19 11:00:00,cambium_co2_rate_lrmer,36.0
CA,2022,2022-06-19 12:00:00,cambium_co2_rate_lrmer,37.25
CA,2022,2022-06-19 13:00:00,cambium_co2_rate_lrmer,41.12
CA,2022,2022-06-19 14:00:00,cambium_co2_rate_lrmer,45.2
CA,2022,2022-06-19 15:00:00,cambium_co2_rate_lrmer,51.72
CA,2022,2022-06-19 16:00:00,cambium_co2_rate_lrmer,56.16
CA,2022,2022-06-19 17:00:00,cambium_co2_rate_lrmer,63.28
CA,2022,2022-06-19 18:00:00,cambium_co2_rate_lrmer,67.1
CA,2022,2022-06-19 19:00:00,cambium_co2_rate_lrmer,64.3
CA,2022,2022-06-19 20:00:00,cambium_co2_rate_lrmer,74.4
CA,2022,2022-06-19 21:00:00,cambium_co2_rate_lrmer,112.75
CA,2022,2022-06-19 22:00:00,cambium_co2_rate_lrmer,156.4
CA,2022,2022-06-19 23:00:00,cambium_co2_rate_lrmer,159.0
CA,2022,2022-06-20 00:00:00,cambium_co2_rate_lrmer,136.4
CA,2022,2022-06-20 01:00:00,cambium_co2_rate_lrmer,101.7
CA,2022,2022-06-20 02:00:00,cambium_co2_rate_lrmer,109.1
CA,2022,2022-06-20 03:00:00,cambium_co2_rate_lrmer,120.9
CA,2022,2022-06-20 04:00:00,cambium_co2_rate_lrmer,121.25
CA,2022,2022-06-20 05:00:00,cambium_co2_rate_lrmer,116.4
CA,2022,2022-06-20 06:00:00,cambium_co2_rate_lrmer,113.4
CA,2022,2022-06-20 07:00:00,cambium_co2_rate_lrmer,109.1
CA,2022,2022-06-20 08:00:00,cambium_co2_rate_lrmer,104.6
CA,2022,2022-06-20 09:00:00,cambium_co2_rate_lrmer,58.16
CA,2022,2022-06-20 10:00:00,cambium_co2_rate_lrmer,51.94
CA,2022,2022-06-20 11:00:00,cambium_co2_rate_lrmer,40.5
CA,2022,2022-06-20 12:00:00,cambium_co2_rate_lrmer,41.34
CA,2022,2022-06-20 13:00:00,cambium_co2_rate_lrmer,44.7
CA,2022,2022-06-20 14:00:00,cambium_co2_rate_lrmer,46.8
CA,2022,2022-06-20 15:00:00,cambium_co2_rate_lrmer,54.06
CA,2022,2022-06-20 16:00:00,cambium_co2_rate_lrmer,57.72
CA,2022,2022-06-20 17:00:00,cambium_co2_rate_lrmer,67.0
CA,2022,2022-06-20 18:00:00,cambium_co2_rate_lrmer,71.94
CA,2022,2022-06-20 19:00:00,cambium_co2_rate_lrmer,69.94
CA,2022,2022-06-20 20:00:00,cambium_co2_rate_lrmer,79.9
CA,2022,2022-06-20 21:00:00,cambium_co2_rate_lrmer,117.1
CA,2022,2022-06-20 22:00:00,cambium_co2_rate_lrmer,161.0
CA,2022,2022-06-20 23:00:00,cambium_co2_rate_lrmer,165.0
CA,2022,2022-06-21 00:00:00,cambium_co2_rate_lrmer,143.2
CA,2022,2022-06-21 01:00:00,cambium_co2_rate_lrmer,109.5
CA,2022,2022-06-21 02:00:00,cambium_co2_rate_lrmer,117.5
CA,2022,2022-06-21 03:00:00,cambium_co2_rate_lrmer,128.2
CA,2022,2022-06-21 04:00:00,cambium_co2_rate_lrmer,129.5
CA,2022,2022-06-21 05:00:00,cambium_co2_rate_lrmer,124.8
CA,2022,2022-06-21 06:00:00,cambium_co2_rate_lrmer,121.94
CA,2022,2022-06-21 07:00:00,cambium_co2_rate_lrmer,115.5
CA,2022,2022-06-21 08:00:00,cambium_co2_rate_lrmer,110.94
CA,2022,2022-06-21 09:00:00,cambium_co2_rate_lrmer,64.56
CA,2022,2022-06-21 10:00:00,cambium_co2_rate_lrmer,57.2
CA,2022,2022-06-21 11:00:00,cambium_co2_rate_lrmer,45.1
CA,2022,2022-06-21 12:00:00,cambium_co2_rate_lrmer,43.62
CA,2022,2022-06-21 13:00:00,cambium_co2_rate_lrmer,48.78
CA,2022,2022-06-21 14:00:00,cambium_co2_rate_lrmer,50.16
CA,2022,2022-06-21 15:00:00,cambium_co2_rate_lrmer,56.3
CA,2022,2022-06-21 16:00:00,cambium_co2_rate_lrmer,59.88
CA,2022,2022-06-21 17:00:00,cambium_co2_rate_lrmer,68.7
CA,2022,2022-06-21 18:00:00,cambium_co2_rate_lrmer,75.1
CA,2022,2022-06-21 19:00:00,cambium_co2_rate_lrmer,73.9
CA,2022,2022-06-21 20:00:00,cambium_co2_rate_lrmer,82.3
CA,2022,2022-06-21 21:00:00,cambium_co2_rate_lrmer,119.0
CA,2022,2022-06-21 22:00:00,cambium_co2_rate_lrmer,165.0
CA,2022,2022-06-21 23:00:00,cambium_co2_rate_lrmer,167.1
CA,2022,2022-06-22 00:00:00,cambium_co2_rate_lrmer,145.9
CA,2022,2022-06-22 01:00:00,cambium_co2_rate_lrmer,113.0
CA,2022,2022-06-22 02:00:00,cambium_co2_rate_lrmer,123.3
CA,2022,2022-06-22 03:00:00,cambium_co2_rate_lrmer,133.2
CA,2022,2022-06-22 04:00:00,cambium_co2_rate_lrmer,132.8
CA,2022,2022-06-22 05:00:00,cambium_co2_rate_lrmer,126.7
CA,2022,2022-06-22 06:00:00,cambium_co2_rate_lrmer,127.0
CA,2022,2022-06-22 07:00:00,cambium_co2_rate_lrmer,118.8
CA,2022,2022-06-22 08:00:00,cambium_co2_rate_lrmer,114.8
CA,2022,2022-06-22 09:00:00,cambium_co2_rate_lrmer,69.7
CA,2022,2022-06-22 10:00:00,cambium_co2_rate_lrmer,63.34
CA,2022,2022-06-22 11:00:00,cambium_co2_rate_lrmer,49.56
CA,2022,2022-06-22 12:00:00,cambium_co2_rate_lrmer,47.03
CA,2022,2022-06-22 13:00:00,cambium_co2_rate_lrmer,52.28
CA,2022,2022-06-22 14:00:00,cambium_co2_rate_lrmer,54.1
CA,2022,2022-06-22 15:00:00,cambium_co2_rate_lrmer,59.34
CA,2022,2022-06-22 16:00:00,cambium_co2_rate_lrmer,61.94
CA,2022,2022-06-22 17:00:00,cambium_co2_rate_lrmer,69.25
CA,2022,2022-06-22 18:00:00,cambium_co2_rate_lrmer,77.6
CA,2022,2022-06-22 19:00:00,cambium_co2_rate_lrmer,77.6
CA,2022,2022-06-22 20:00:00,cambium_co2_rate_lrmer,83.6
CA,2022,2022-06-22 21:00:00,cambium_co2_rate_lrmer,117.4
CA,2022,2022-06-22 22:00:00,cambium_co2_rate_lrmer,156.8
CA,2022,2022-06-22 23:00:00,cambium_co2_rate_lrmer,158.1
CA,2022,2022-06-23 00:00:00,cambium_co2_rate_lrmer,138.1
CA,2022,2022-06-23 01:00:00,cambium_co2_rate_lrmer,109.0
CA,2022,2022-06-23 02:00:00,cambium_co2_rate_lrmer,118.3
CA,2022,2022-06-23 03:00:00,cambium_co2_rate_lrmer,126.2
CA,2022,2022-06-23 04:00:00,cambium_co2_rate_lrmer,126.2
CA,2022,2022-06-23 05:00:00,cambium_co2_rate_lrmer,121.06
CA,2022,2022-06-23 06:00:00,cambium_co2_rate_lrmer,120.5
CA,2022,2022-06-23 07:00:00,cambium_co2_rate_lrmer,112.5
CA,2022,2022-06-23 08:00:00,cambium_co2_rate_lrmer,108.9
CA,2022,2022-06-23 09:00:00,cambium_co2_rate_lrmer,64.44
CA,2022,2022-06-23 10:00:00,cambium_co2_rate_lrmer,62.0
CA,2022,2022-06-23 11:00:00,cambium_co2_rate_lrmer,47.84
CA,2022,2022-06-23 12:00:00,cambium_co2_rate_lrmer,44.3
CA,2022,2022-06-23 13:00:00,cambium_co2_rate_lrmer,49.7
CA,2022,2022-06-23 14:00:00,cambium_co2_rate_lrmer,50.47
CA,2022,2022-06-23 15:00:00,cambium_co2_rate_lrmer,59.56
CA,2022,2022-06-23 16:00:00,cambium_co2_rate_lrmer,62.06
CA,2022,2022-06-23 17:00:00,cambium_co2_rate_lrmer,67.94
CA,2022,2022-06-23 18:00:00,cambium_co2_rate_lrmer,77.25
CA,2022,2022-06-23 19:00:00,cambium_co2_rate_lrmer,75.6
CA,2022,2022-06-23 20:00:00,cambium_co2_rate_lrmer,82.06
CA,2022,2022-06-23 21:00:00,cambium_co2_rate_lrmer,114.8
CA,2022,2022-06-23 22:00:00,cambium_co2_rate_lrmer,147.2
CA,2022,2022-06-23 23:00:00,cambium_co2_rate_lrmer,150.0
CA,2022,2022-06-24 00:00:00,cambium_co2_rate_lrmer,132.8
CA,2022,2022-06-24 01:00:00,cambium_co2_rate_lrmer,106.94
CA,2022,2022-06-24 02:00:00,cambium_co2_rate_lrmer,116.7
CA,2022,2022-06-24 03:00:00,cambium_co2_rate_lrmer,122.94
CA,2022,2022-06-24 04:00:00,cambium_co2_rate_lrmer,124.9
CA,2022,2022-06-24 05:00:00,cambium_co2_rate_lrmer,120.6
CA,2022,2022-06-24 06:00:00,cambium_co2_rate_lrmer,120.25
CA,2022,2022-06-24 07:00:00,cambium_co2_rate_lrmer,110.5
CA,2022,2022-06-24 08:00:00,cambium_co2_rate_lrmer,107.4
CA,2022,2022-06-24 09:00:00,cambium_co2_rate_lrmer,63.8
CA,2022,2022-06-24 10:00:00,cambium_co2_rate_lrmer,61.47
CA,2022,2022-06-24 11:00:00,cambium_co2_rate_lrmer,47.44
CA,2022,2022-06-24 12:00:00,cambium_co2_rate_lrmer,43.94
CA,2022,2022-06-24 13:00:00,cambium_co2_rate_lrmer,49.16
CA,2022,2022-06-24 14:00:00,cambium_co2_rate_lrmer,50.06
CA,2022,2022-06-24 15:00:00,cambium_co2_rate_lrmer,58.6
CA,2022,2022-06-24 16:00:00,cambium_co2_rate_lrmer,62.0
CA,2022,2022-06-24 17:00:00,cambium_co2_rate_lrmer,67.4
CA,2022,2022-06-24 18:00:00,cambium_co2_rate_lrmer,77.44
CA,2022,2022-06-24 19:00:00,cambium_co2_rate_lrmer,74.6
CA,2022,2022-06-24 20:00:00,cambium_co2_rate_lrmer,82.56
CA,2022,2022-06-24 21:00:00,cambium_co2_rate_lrmer,112.44
CA,2022,2022-06-24 22:00:00,cambium_co2_rate_lrmer,142.5
CA,2022,2022-06-24 23:00:00,cambium_co2_rate_lrmer,145.6
CA,2022,2022-06-25 00:00:00,cambium_co2_rate_lrmer,130.2
CA,2022,2022-06-25 01:00:00,cambium_co2_rate_lrmer,104.0
CA,2022,2022-06-25 02:00:00,cambium_co2_rate_lrmer,114.5
CA,2022,2022-06-25 03:00:00,cambium_co2_rate_lrmer,118.9
CA,2022,2022-06-25 04:00:00,cambium_co2_rate_lrmer,121.94
CA,2022,2022-06-25 05:00:00,cambium_co2_rate_lrmer,120.5
CA,2022,2022-06-25 06:00:00,cambium_co2_rate_lrmer,121.06
CA,2022,2022-06-25 07:00:00,cambium_co2_rate_lrmer,112.0
CA,2022,2022-06-25 08:00:00,cambium_co2_rate_lrmer,108.9
CA,2022,2022-06-25 09:00:00,cambium_co2_rate_lrmer,64.3
CA,2022,2022-06-25 10:00:00,cambium_co2_rate_lrmer,61.75
CA,2022,2022-06-25 11:00:00,cambium_co2_rate_lrmer,47.72
CA,2022,2022-06-25 12:00:00,cambium_co2_rate_lrmer,44.5
CA,2022,2022-06-25 13:00:00,cambium_co2_rate_lrmer,49.03
CA,2022,2022-06-25 14:00:00,cambium_co2_rate_lrmer,50.2
CA,2022,2022-06-25 15:00:00,cambium_co2_rate_lrmer,59.25
CA,2022,2022-06-25 16:00:00,cambium_co2_rate_lrmer,62.44
CA,2022,2022-06-25 17:00:00,cambium_co2_rate_lrmer,70.06
CA,2022,2022-06-25 18:00:00,cambium_co2_rate_lrmer,80.8
CA,2022,2022-06-25 19:00:00,cambium_co2_rate_lrmer,77.8
CA,2022,2022-06-25 20:00:00,cambium_co2_rate_lrmer,87.5
CA,2022,2022-06-25 21:00:00,cambium_co2_rate_lrmer,116.75
CA,2022,2022-06-25 22:00:00,cambium_co2_rate_lrmer,146.8
CA,2022,2022-06-25 23:00:00,cambium_co2_rate_lrmer,148.8
CA,2022,2022-06-26 00:00:00,cambium_co2_rate_lrmer,133.5
CA,2022,2022-06-26 01:00:00,cambium_co2_rate_lrmer,105.06
CA,2022,2022-06-26 02:00:00,cambium_co2_rate_lrmer,119.3
CA,2022,2022-06-26 03:00:00,cambium_co2_rate_lrmer,119.7
CA,2022,2022-06-26 04:00:00,cambium_co2_rate_lrmer,123.9
CA,2022,2022-06-26 05:00:00,cambium_co2_rate_lrmer,120.6
CA,2022,2022-06-26 06:00:00,cambium_co2_rate_lrmer,125.7
CA,2022,2022-06-26 07:00:00,cambium_co2_rate_lrmer,117.2
CA,2022,2022-06-26 08:00:00,cambium_co2_rate_lrmer,111.5
CA,2022,2022-06-26 09:00:00,cambium_co2_rate_lrmer,64.56
CA,2022,2022-06-26 10:00:00,cambium_co2_rate_lrmer,62.44
CA,2022,2022-06-26 11:00:00,cambium_co2_rate_lrmer,47.78
CA,2022,2022-06-26 12:00:00,cambium_co2_rate_lrmer,44.44
CA,2022,2022-06-26 13:00:00,cambium_co2_rate_lrmer,51.8
CA,2022,2022-06-26 14:00:00,cambium_co2_rate_lrmer,55.1
CA,2022,2022-06-26 15:00:00,cambium_co2_rate_lrmer,65.94
CA,2022,2022-06-26 16:00:00,cambium_co2_rate_lrmer,66.6
CA,2022,2022-06-26 17:00:00,cambium_co2_rate_lrmer,73.75
CA,2022,2022-06-26 18:00:00,cambium_co2_rate_lrmer,84.2
CA,2022,2022-06-26 19:00:00,cambium_co2_rate_lrmer,80.25
CA,2022,2022-06-26 20:00:00,cambium_co2_rate_lrmer,91.25
CA,2022,2022-06-26 21:00:00,cambium_co2_rate_lrmer,121.75
CA,2022,2022-06-26 22:00:00,cambium_co2_rate_lrmer,147.1
CA,2022,2022-06-26 23:00:00,cambium_co2_rate_lrmer,143.9
CA,2022,2022-06-27 00:00:00,cambium_co2_rate_lrmer,135.5
CA,2022,2022-06-27 01:00:00,cambium_co2_rate_lrmer,106.2
CA,2022,2022-06-27 02:00:00,cambium_co2_rate_lrmer,119.94
CA,2022,2022-06-27 03:00:00,cambium_co2_rate_lrmer,119.06
CA,2022,2022-06-27 04:00:00,cambium_co2_rate_lrmer,122.6
CA,2022,2022-06-27 05:00:00,cambium_co2_rate_lrmer,118.25
CA,2022,2022-06-27 06:00:00,cambium_co2_rate_lrmer,124.06
CA,2022,2022-06-27 07:00:00,cambium_co2_rate_lrmer,115.3
CA,2022,2022-06-27 08:00:00,cambium_co2_rate_lrmer,110.06
CA,2022,2022-06-27 09:00:00,cambium_co2_rate_lrmer,66.4
CA,2022,2022-06-27 10:00:00,cambium_co2_rate_lrmer,62.03
CA,2022,2022-06-27 11:00:00,cambium_co2_rate_lrmer,51.56
CA,2022,2022-06-27 12:00:00,cambium_co2_rate_lrmer,48.03
CA,2022,2022-06-27 13:00:00,cambium_co2_rate_lrmer,55.28
CA,2022,2022-06-27 14:00:00,cambium_co2_rate_lrmer,55.62
CA,2022,2022-06-27 15:00:00,cambium_co2_rate_lrmer,65.56
CA,2022,2022-06-27 16:00:00,cambium_co2_rate_lrmer,67.4
CA,2022,2022-06-27 17:00:00,cambium_co2_rate_lrmer,74.2
CA,2022,2022-06-27 18:00:00,cambium_co2_rate_lrmer,82.8
CA,2022,2022-06-27 19:00:00,cambium_co2_rate_lrmer,79.5
CA,2022,2022-06-27 20:00:00,cambium_co2_rate_lrmer,91.25
CA,2022,2022-06-27 21:00:00,cambium_co2_rate_lrmer,117.7
CA,2022,2022-06-27 22:00:00,cambium_co2_rate_lrmer,142.6
CA,2022,2022-06-27 23:00:00,cambium_co2_rate_lrmer,138.1
CA,2022,2022-06-28 00:00:00,cambium_co2_rate_lrmer,130.9
CA,2022,2022-06-28 01:00:00,cambium_co2_rate_lrmer,109.4
CA,2022,2022-06-28 02:00:00,cambium_co2_rate_lrmer,120.6
CA,2022,2022-06-28 03:00:00,cambium_co2_rate_lrmer,117.9
CA,2022,2022-06-28 04:00:00,cambium_co2_rate_lrmer,123.9
CA,2022,2022-06-28 05:00:00,cambium_co2_rate_lrmer,115.94
CA,2022,2022-06-28 06:00:00,cambium_co2_rate_lrmer,123.0
CA,2022,2022-06-28 07:00:00,cambium_co2_rate_lrmer,113.6
CA,2022,2022-06-28 08:00:00,cambium_co2_rate_lrmer,109.1
CA,2022,2022-06-28 09:00:00,cambium_co2_rate_lrmer,67.6
CA,2022,2022-06-28 10:00:00,cambium_co2_rate_lrmer,63.56
CA,2022,2022-06-28 11:00:00,cambium_co2_rate_lrmer,52.47
CA,2022,2022-06-28 12:00:00,cambium_co2_rate_lrmer,49.12
CA,2022,2022-06-28 13:00:00,cambium_co2_rate_lrmer,56.78
CA,2022,2022-06-28 14:00:00,cambium_co2_rate_lrmer,56.75
CA,2022,2022-06-28 15:00:00,cambium_co2_rate_lrmer,66.1
CA,2022,2022-06-28 16:00:00,cambium_co2_rate_lrmer,69.25
CA,2022,2022-06-28 17:00:00,cambium_co2_rate_lrmer,74.7
CA,2022,2022-06-28 18:00:00,cambium_co2_rate_lrmer,83.4
CA,2022,2022-06-28 19:00:00,cambium_co2_rate_lrmer,81.2
CA,2022,2022-06-28 20:00:00,cambium_co2_rate_lrmer,90.5
CA,2022,2022-06-28 21:00:00,cambium_co2_rate_lrmer,120.9
CA,2022,2022-06-28 22:00:00,cambium_co2_rate_lrmer,144.4
CA,2022,2022-06-28 23:00:00,cambium_co2_rate_lrmer,137.4
CA,2022,2022-06-29 00:00:00,cambium_co2_rate_lrmer,134.8
CA,2022,2022-06-29 01:00:00,cambium_co2_rate_lrmer,118.5
CA,2022,2022-06-29 02:00:00,cambium_co2_rate_lrmer,129.6
CA,2022,2022-06-29 03:00:00,cambium_co2_rate_lrmer,125.9
CA,2022,2022-06-29 04:00:00,cambium_co2_rate_lrmer,132.0
CA,2022,2022-06-29 05:00:00,cambium_co2_rate_lrmer,124.9
CA,2022,2022-06-29 06:00:00,cambium_co2_rate_lrmer,130.5
CA,2022,2022-06-29 07:00:00,cambium_co2_rate_lrmer,121.25
CA,2022,2022-06-29 08:00:00,cambium_co2_rate_lrmer,116.8
CA,2022,2022-06-29 09:00:00,cambium_co2_rate_lrmer,77.6
CA,2022,2022-06-29 10:00:00,cambium_co2_rate_lrmer,73.25
CA,2022,2022-06-29 11:00:00,cambium_co2_rate_lrmer,61.56
CA,2022,2022-06-29 12:00:00,cambium_co2_rate_lrmer,57.94
CA,2022,2022-06-29 13:00:00,cambium_co2_rate_lrmer,67.0
CA,2022,2022-06-29 14:00:00,cambium_co2_rate_lrmer,65.25
CA,2022,2022-06-29 15:00:00,cambium_co2_rate_lrmer,74.3
CA,2022,2022-06-29 16:00:00,cambium_co2_rate_lrmer,77.94
CA,2022,2022-06-29 17:00:00,cambium_co2_rate_lrmer,83.44
CA,2022,2022-06-29 18:00:00,cambium_co2_rate_lrmer,92.06
CA,2022,2022-06-29 19:00:00,cambium_co2_rate_lrmer,90.0
CA,2022,2022-06-29 20:00:00,cambium_co2_rate_lrmer,99.3
CA,2022,2022-06-29 21:00:00,cambium_co2_rate_lrmer,129.5
CA,2022,2022-06-29 22:00:00,cambium_co2_rate_lrmer,147.0
CA,2022,2022-06-29 23:00:00,cambium_co2_rate_lrmer,145.6
CA,2022,2022-06-30 00:00:00,cambium_co2_rate_lrmer,135.8
CA,2022,2022-06-30 01:00:00,cambium_co2_rate_lrmer,118.5
CA,2022,2022-06-30 02:00:00,cambium_co2_rate_lrmer,129.1
CA,2022,2022-06-30 03:00:00,cambium_co2_rate_lrmer,122.0
CA,2022,2022-06-30 04:00:00,cambium_co2_rate_lrmer,127.6
CA,2022,2022-06-30 05:00:00,cambium_co2_rate_lrmer,120.94
CA,2022,2022-06-30 06:00:00,cambium_co2_rate_lrmer,125.8
CA,2022,2022-06-30 07:00:00,cambium_co2_rate_lrmer,116.94
CA,2022,2022-06-30 08:00:00,cambium_co2_rate_lrmer,112.4
CA,2022,2022-06-30 09:00:00,cambium_co2_rate_lrmer,76.0
CA,2022,2022-06-30 10:00:00,cambium_co2_rate_lrmer,72.25
CA,2022,2022-06-30 11:00:00,cambium_co2_rate_lrmer,59.4
CA,2022,2022-06-30 12:00:00,cambium_co2_rate_lrmer,57.06
CA,2022,2022-06-30 13:00:00,cambium_co2_rate_lrmer,62.94
CA,2022,2022-06-30 14:00:00,cambium_co2_rate_lrmer,62.22
CA,2022,2022-06-30 15:00:00,cambium_co2_rate_lrmer,72.75
CA,2022,2022-06-30 16:00:00,cambium_co2_rate_lrmer,75.7
CA,2022,2022-06-30 17:00:00,cambium_co2_rate_lrmer,81.2
CA,2022,2022-06-30 18:00:00,cambium_co2_rate_lrmer,89.0
CA,2022,2022-06-30 19:00:00,cambium_co2_rate_lrmer,86.6
CA,2022,2022-06-30 20:00:00,cambium_co2_rate_lrmer,96.9
CA,2022,2022-06-30 21:00:00,cambium_co2_rate_lrmer,126.25
CA,2022,2022-06-30 22:00:00,cambium_co2_rate_lrmer,140.5
CA,2022,2022-06-30 23:00:00,cambium_co2_rate_lrmer,140.6
CA,2022,2022-07-01 00:00:00,cambium_co2_rate_lrmer,132.5
CA,2022,2022-07-01 01:00:00,cambium_co2_rate_lrmer,116.8
CA,2022,2022-07-01 02:00:00,cambium_co2_rate_lrmer,130.0
CA,2022,2022-07-01 03:00:00,cambium_co2_rate_lrmer,122.3
CA,2022,2022-07-01 04:00:00,cambium_co2_rate_lrmer,127.7
CA,2022,2022-07-01 05:00:00,cambium_co2_rate_lrmer,121.8
CA,2022,2022-07-01 06:00:00,cambium_co2_rate_lrmer,126.25
CA,2022,2022-07-01 07:00:00,cambium_co2_rate_lrmer,118.2
CA,2022,2022-07-01 08:00:00,cambium_co2_rate_lrmer,112.6
CA,2022,2022-07-01 09:00:00,cambium_co2_rate_lrmer,75.5
CA,2022,2022-07-01 10:00:00,cambium_co2_rate_lrmer,71.6
CA,2022,2022-07-01 11:00:00,cambium_co2_rate_lrmer,59.0
CA,2022,2022-07-01 12:00:00,cambium_co2_rate_lrmer,56.7
CA,2022,2022-07-01 13:00:00,cambium_co2_rate_lrmer,61.97
CA,2022,2022-07-01 14:00:00,cambium_co2_rate_lrmer,61.38
CA,2022,2022-07-01 15:00:00,cambium_co2_rate_lrmer,71.7
CA,2022,2022-07-01 16:00:00,cambium_co2_rate_lrmer,75.25
CA,2022,2022-07-01 17:00:00,cambium_co2_rate_lrmer,80.8
CA,2022,2022-07-01 18:00:00,cambium_co2_rate_lrmer,88.3
CA,2022,2022-07-01 19:00:00,cambium_co2_rate_lrmer,85.94
CA,2022,2022-07-01 20:00:00,cambium_co2_rate_lrmer,96.9
CA,2022,2022-07-01 21:00:00,cambium_co2_rate_lrmer,125.94
CA,2022,2022-07-01 22:00:00,cambium_co2_rate_lrmer,139.9
CA,2022,2022-07-01 23:00:00,cambium_co2_rate_lrmer,141.4
CA,2022,2022-07-02 00:00:00,cambium_co2_rate_lrmer,133.2
CA,2022,2022-07-02 01:00:00,cambium_co2_rate_lrmer,117.5
CA,2022,2022-07-02 02:00:00,cambium_co2_rate_lrmer,129.5
CA,2022,2022-07-02 03:00:00,cambium_co2_rate_lrmer,120.56
CA,2022,2022-07-02 04:00:00,cambium_co2_rate_lrmer,122.7
CA,2022,2022-07-02 05:00:00,cambium_co2_rate_lrmer,116.56
CA,2022,2022-07-02 06:00:00,cambium_co2_rate_lrmer,121.8
CA,2022,2022-07-02 07:00:00,cambium_co2_rate_lrmer,115.94
CA,2022,2022-07-02 08:00:00,cambium_co2_rate_lrmer,110.8
CA,2022,2022-07-02 09:00:00,cambium_co2_rate_lrmer,76.7
CA,2022,2022-07-02 10:00:00,cambium_co2_rate_lrmer,71.6
CA,2022,2022-07-02 11:00:00,cambium_co2_rate_lrmer,59.9
CA,2022,2022-07-02 12:00:00,cambium_co2_rate_lrmer,57.5
CA,2022,2022-07-02 13:00:00,cambium_co2_rate_lrmer,62.94
CA,2022,2022-07-02 14:00:00,cambium_co2_rate_lrmer,63.03
CA,2022,2022-07-02 15:00:00,cambium_co2_rate_lrmer,72.6
CA,2022,2022-07-02 16:00:00,cambium_co2_rate_lrmer,75.8
CA,2022,2022-07-02 17:00:00,cambium_co2_rate_lrmer,80.9
CA,2022,2022-07-02 18:00:00,cambium_co2_rate_lrmer,87.6
CA,2022,2022-07-02 19:00:00,cambium_co2_rate_lrmer,87.5
CA,2022,2022-07-02 20:00:00,cambium_co2_rate_lrmer,98.94
CA,2022,2022-07-02 21:00:00,cambium_co2_rate_lrmer,120.3
CA,2022,2022-07-02 22:00:00,cambium_co2_rate_lrmer,133.8
CA,2022,2022-07-02 23:00:00,cambium_co2_rate_lrmer,134.8
CA,2022,2022-07-03 00:00:00,cambium_co2_rate_lrmer,129.0
CA,2022,2022-07-03 01:00:00,cambium_co2_rate_lrmer,119.1
CA,2022,2022-07-03 02:00:00,cambium_co2_rate_lrmer,132.0
CA,2022,2022-07-03 03:00:00,cambium_co2_rate_lrmer,124.56
CA,2022,2022-07-03 04:00:00,cambium_co2_rate_lrmer,124.56
CA,2022,2022-07-03 05:00:00,cambium_co2_rate_lrmer,120.2
CA,2022,2022-07-03 06:00:00,cambium_co2_rate_lrmer,126.1
CA,2022,2022-07-03 07:00:00,cambium_co2_rate_lrmer,121.2
CA,2022,2022-07-03 08:00:00,cambium_co2_rate_lrmer,115.06
CA,2022,2022-07-03 09:00:00,cambium_co2_rate_lrmer,78.75
CA,2022,2022-07-03 10:00:00,cambium_co2_rate_lrmer,75.8
CA,2022,2022-07-03 11:00:00,cambium_co2_rate_lrmer,63.56
CA,2022,2022-07-03 12:00:00,cambium_co2_rate_lrmer,61.22
CA,2022,2022-07-03 13:00:00,cambium_co2_rate_lrmer,65.7
CA,2022,2022-07-03 14:00:00,cambium_co2_rate_lrmer,66.6
CA,2022,2022-07-03 15:00:00,cambium_co2_rate_lrmer,76.6
CA,2022,2022-07-03 16:00:00,cambium_co2_rate_lrmer,79.3
CA,2022,2022-07-03 17:00:00,cambium_co2_rate_lrmer,84.2
CA,2022,2022-07-03 18:00:00,cambium_co2_rate_lrmer,90.56
CA,2022,2022-07-03 19:00:00,cambium_co2_rate_lrmer,91.5
CA,2022,2022-07-03 20:00:00,cambium_co2_rate_lrmer,102.5
CA,2022,2022-07-03 21:00:00,cambium_co2_rate_lrmer,121.94
CA,2022,2022-07-03 22:00:00,cambium_co2_rate_lrmer,137.1
CA,2022,2022-07-03 23:00:00,cambium_co2_rate_lrmer,139.2
CA,2022,2022-07-04 00:00:00,cambium_co2_rate_lrmer,130.0
CA,2022,2022-07-04 01:00:00,cambium_co2_rate_lrmer,120.75
CA,2022,2022-07-04 02:00:00,cambium_co2_rate_lrmer,131.0
CA,2022,2022-07-04 03:00:00,cambium_co2_rate_lrmer,124.25
CA,2022,2022-07-04 04:00:00,cambium_co2_rate_lrmer,124.4
CA,2022,2022-07-04 05:00:00,cambium_co2_rate_lrmer,120.25
CA,2022,2022-07-04 06:00:00,cambium_co2_rate_lrmer,127.06
CA,2022,2022-07-04 07:00:00,cambium_co2_rate_lrmer,121.75
CA,2022,2022-07-04 08:00:00,cambium_co2_rate_lrmer,115.75
CA,2022,2022-07-04 09:00:00,cambium_co2_rate_lrmer,81.44
CA,2022,2022-07-04 10:00:00,cambium_co2_rate_lrmer,75.8
CA,2022,2022-07-04 11:00:00,cambium_co2_rate_lrmer,64.1
CA,2022,2022-07-04 12:00:00,cambium_co2_rate_lrmer,60.84
CA,2022,2022-07-04 13:00:00,cambium_co2_rate_lrmer,66.94
CA,2022,2022-07-04 14:00:00,cambium_co2_rate_lrmer,67.8
CA,2022,2022-07-04 15:00:00,cambium_co2_rate_lrmer,76.25
CA,2022,2022-07-04 16:00:00,cambium_co2_rate_lrmer,77.9
CA,2022,2022-07-04 17:00:00,cambium_co2_rate_lrmer,82.75
CA,2022,2022-07-04 18:00:00,cambium_co2_rate_lrmer,89.0
CA,2022,2022-07-04 19:00:00,cambium_co2_rate_lrmer,92.2
CA,2022,2022-07-04 20:00:00,cambium_co2_rate_lrmer,102.94
CA,2022,2022-07-04 21:00:00,cambium_co2_rate_lrmer,122.1
CA,2022,2022-07-04 22:00:00,cambium_co2_rate_lrmer,136.5
CA,2022,2022-07-04 23:00:00,cambium_co2_rate_lrmer,141.0
CA,2022,2022-07-05 00:00:00,cambium_co2_rate_lrmer,131.4
CA,2022,2022-07-05 01:00:00,cambium_co2_rate_lrmer,122.9
CA,2022,2022-07-05 02:00:00,cambium_co2_rate_lrmer,136.0
CA,2022,2022-07-05 03:00:00,cambium_co2_rate_lrmer,124.3
CA,2022,2022-07-05 04:00:00,cambium_co2_rate_lrmer,125.5
CA,2022,2022-07-05 05:00:00,cambium_co2_rate_lrmer,126.4
CA,2022,2022-07-05 06:00:00,cambium_co2_rate_lrmer,126.4
CA,2022,2022-07-05 07:00:00,cambium_co2_rate_lrmer,120.94
CA,2022,2022-07-05 08:00:00,cambium_co2_rate_lrmer,112.8
CA,2022,2022-07-05 09:00:00,cambium_co2_rate_lrmer,80.5
CA,2022,2022-07-05 10:00:00,cambium_co2_rate_lrmer,72.1
CA,2022,2022-07-05 11:00:00,cambium_co2_rate_lrmer,60.16
CA,2022,2022-07-05 12:00:00,cambium_co2_rate_lrmer,56.44
CA,2022,2022-07-05 13:00:00,cambium_co2_rate_lrmer,62.44
CA,2022,2022-07-05 14:00:00,cambium_co2_rate_lrmer,62.53
CA,2022,2022-07-05 15:00:00,cambium_co2_rate_lrmer,70.5
CA,2022,2022-07-05 16:00:00,cambium_co2_rate_lrmer,70.6
CA,2022,2022-07-05 17:00:00,cambium_co2_rate_lrmer,76.1
CA,2022,2022-07-05 18:00:00,cambium_co2_rate_lrmer,82.9
CA,2022,2022-07-05 19:00:00,cambium_co2_rate_lrmer,85.6
CA,2022,2022-07-05 20:00:00,cambium_co2_rate_lrmer,99.0
CA,2022,2022-07-05 21:00:00,cambium_co2_rate_lrmer,117.75
CA,2022,2022-07-05 22:00:00,cambium_co2_rate_lrmer,130.4
CA,2022,2022-07-05 23:00:00,cambium_co2_rate_lrmer,135.0
CA,2022,2022-07-06 00:00:00,cambium_co2_rate_lrmer,123.5
CA,2022,2022-07-06 01:00:00,cambium_co2_rate_lrmer,115.7
CA,2022,2022-07-06 02:00:00,cambium_co2_rate_lrmer,130.1
CA,2022,2022-07-06 03:00:00,cambium_co2_rate_lrmer,116.75
CA,2022,2022-07-06 04:00:00,cambium_co2_rate_lrmer,120.44
CA,2022,2022-07-06 05:00:00,cambium_co2_rate_lrmer,119.0
CA,2022,2022-07-06 06:00:00,cambium_co2_rate_lrmer,122.94
CA,2022,2022-07-06 07:00:00,cambium_co2_rate_lrmer,119.7
CA,2022,2022-07-06 08:00:00,cambium_co2_rate_lrmer,109.1
CA,2022,2022-07-06 09:00:00,cambium_co2_rate_lrmer,78.4
CA,2022,2022-07-06 10:00:00,cambium_co2_rate_lrmer,66.3
CA,2022,2022-07-06 11:00:00,cambium_co2_rate_lrmer,57.8
CA,2022,2022-07-06 12:00:00,cambium_co2_rate_lrmer,54.56
CA,2022,2022-07-06 13:00:00,cambium_co2_rate_lrmer,60.72
CA,2022,2022-07-06 14:00:00,cambium_co2_rate_lrmer,60.75
CA,2022,2022-07-06 15:00:00,cambium_co2_rate_lrmer,70.6
CA,2022,2022-07-06 16:00:00,cambium_co2_rate_lrmer,71.06
CA,2022,2022-07-06 17:00:00,cambium_co2_rate_lrmer,74.8
CA,2022,2022-07-06 18:00:00,cambium_co2_rate_lrmer,80.0
CA,2022,2022-07-06 19:00:00,cambium_co2_rate_lrmer,83.6
CA,2022,2022-07-06 20:00:00,cambium_co2_rate_lrmer,99.25
CA,2022,2022-07-06 21:00:00,cambium_co2_rate_lrmer,121.3
CA,2022,2022-07-06 22:00:00,cambium_co2_rate_lrmer,134.5
CA,2022,2022-07-06 23:00:00,cambium_co2_rate_lrmer,137.8
CA,2022,2022-07-07 00:00:00,cambium_co2_rate_lrmer,121.4
CA,2022,2022-07-07 01:00:00,cambium_co2_rate_lrmer,113.7
CA,2022,2022-07-07 02:00:00,cambium_co2_rate_lrmer,129.8
CA,2022,2022-07-07 03:00:00,cambium_co2_rate_lrmer,114.5
CA,2022,2022-07-07 04:00:00,cambium_co2_rate_lrmer,117.94
CA,2022,2022-07-07 05:00:00,cambium_co2_rate_lrmer,116.44
CA,2022,2022-07-07 06:00:00,cambium_co2_rate_lrmer,120.3
CA,2022,2022-07-07 07:00:00,cambium_co2_rate_lrmer,118.2
CA,2022,2022-07-07 08:00:00,cambium_co2_rate_lrmer,107.8
CA,2022,2022-07-07 09:00:00,cambium_co2_rate_lrmer,77.0
CA,2022,2022-07-07 10:00:00,cambium_co2_rate_lrmer,65.1
CA,2022,2022-07-07 11:00:00,cambium_co2_rate_lrmer,58.06
CA,2022,2022-07-07 12:00:00,cambium_co2_rate_lrmer,55.34
CA,2022,2022-07-07 13:00:00,cambium_co2_rate_lrmer,61.28
CA,2022,2022-07-07 14:00:00,cambium_co2_rate_lrmer,59.25
CA,2022,2022-07-07 15:00:00,cambium_co2_rate_lrmer,70.25
CA,2022,2022-07-07 16:00:00,cambium_co2_rate_lrmer,72.4
CA,2022,2022-07-07 17:00:00,cambium_co2_rate_lrmer,74.4
CA,2022,2022-07-07 18:00:00,cambium_co2_rate_lrmer,78.1
CA,2022,2022-07-07 19:00:00,cambium_co2_rate_lrmer,83.06
CA,2022,2022-07-07 20:00:00,cambium_co2_rate_lrmer,98.56
CA,2022,2022-07-07 21:00:00,cambium_co2_rate_lrmer,120.9
CA,2022,2022-07-07 22:00:00,cambium_co2_rate_lrmer,136.1
CA,2022,2022-07-07 23:00:00,cambium_co2_rate_lrmer,136.5
CA,2022,2022-07-08 00:00:00,cambium_co2_rate_lrmer,120.9
CA,2022,2022-07-08 01:00:00,cambium_co2_rate_lrmer,113.44
CA,2022,2022-07-08 02:00:00,cambium_co2_rate_lrmer,128.9
CA,2022,2022-07-08 03:00:00,cambium_co2_rate_lrmer,113.75
CA,2022,2022-07-08 04:00:00,cambium_co2_rate_lrmer,117.1
CA,2022,2022-07-08 05:00:00,cambium_co2_rate_lrmer,114.94
CA,2022,2022-07-08 06:00:00,cambium_co2_rate_lrmer,118.5
CA,2022,2022-07-08 07:00:00,cambium_co2_rate_lrmer,116.9
CA,2022,2022-07-08 08:00:00,cambium_co2_rate_lrmer,106.4
CA,2022,2022-07-08 09:00:00,cambium_co2_rate_lrmer,78.1
CA,2022,2022-07-08 10:00:00,cambium_co2_rate_lrmer,62.8
CA,2022,2022-07-08 11:00:00,cambium_co2_rate_lrmer,55.8
CA,2022,2022-07-08 12:00:00,cambium_co2_rate_lrmer,55.84
CA,2022,2022-07-08 13:00:00,cambium_co2_rate_lrmer,61.03
CA,2022,2022-07-08 14:00:00,cambium_co2_rate_lrmer,60.94
CA,2022,2022-07-08 15:00:00,cambium_co2_rate_lrmer,69.0
CA,2022,2022-07-08 16:00:00,cambium_co2_rate_lrmer,70.75
CA,2022,2022-07-08 17:00:00,cambium_co2_rate_lrmer,72.5
CA,2022,2022-07-08 18:00:00,cambium_co2_rate_lrmer,78.4
CA,2022,2022-07-08 19:00:00,cambium_co2_rate_lrmer,82.1
CA,2022,2022-07-08 20:00:00,cambium_co2_rate_lrmer,96.25
CA,2022,2022-07-08 21:00:00,cambium_co2_rate_lrmer,123.94
CA,2022,2022-07-08 22:00:00,cambium_co2_rate_lrmer,136.5
CA,2022,2022-07-08 23:00:00,cambium_co2_rate_lrmer,136.9
CA,2022,2022-07-09 00:00:00,cambium_co2_rate_lrmer,124.0
CA,2022,2022-07-09 01:00:00,cambium_co2_rate_lrmer,111.44
CA,2022,2022-07-09 02:00:00,cambium_co2_rate_lrmer,130.5
CA,2022,2022-07-09 03:00:00,cambium_co2_rate_lrmer,115.56
CA,2022,2022-07-09 04:00:00,cambium_co2_rate_lrmer,117.9
CA,2022,2022-07-09 05:00:00,cambium_co2_rate_lrmer,117.25
CA,2022,2022-07-09 06:00:00,cambium_co2_rate_lrmer,119.8
CA,2022,2022-07-09 07:00:00,cambium_co2_rate_lrmer,118.56
CA,2022,2022-07-09 08:00:00,cambium_co2_rate_lrmer,110.56
CA,2022,2022-07-09 09:00:00,cambium_co2_rate_lrmer,81.1
CA,2022,2022-07-09 10:00:00,cambium_co2_rate_lrmer,64.1
CA,2022,2022-07-09 11:00:00,cambium_co2_rate_lrmer,58.03
CA,2022,2022-07-09 12:00:00,cambium_co2_rate_lrmer,58.44
CA,2022,2022-07-09 13:00:00,cambium_co2_rate_lrmer,62.53
CA,2022,2022-07-09 14:00:00,cambium_co2_rate_lrmer,64.94
CA,2022,2022-07-09 15:00:00,cambium_co2_rate_lrmer,70.06
CA,2022,2022-07-09 16:00:00,cambium_co2_rate_lrmer,72.9
CA,2022,2022-07-09 17:00:00,cambium_co2_rate_lrmer,75.3
CA,2022,2022-07-09 18:00:00,cambium_co2_rate_lrmer,80.6
CA,2022,2022-07-09 19:00:00,cambium_co2_rate_lrmer,85.0
CA,2022,2022-07-09 20:00:00,cambium_co2_rate_lrmer,97.7
CA,2022,2022-07-09 21:00:00,cambium_co2_rate_lrmer,130.5
CA,2022,2022-07-09 22:00:00,cambium_co2_rate_lrmer,142.5
CA,2022,2022-07-09 23:00:00,cambium_co2_rate_lrmer,137.5
CA,2022,2022-07-10 00:00:00,cambium_co2_rate_lrmer,123.8
CA,2022,2022-07-10 01:00:00,cambium_co2_rate_lrmer,111.0
CA,2022,2022-07-10 02:00:00,cambium_co2_rate_lrmer,131.5
CA,2022,2022-07-10 03:00:00,cambium_co2_rate_lrmer,115.9
CA,2022,2022-07-10 04:00:00,cambium_co2_rate_lrmer,118.4
CA,2022,2022-07-10 05:00:00,cambium_co2_rate_lrmer,117.1
CA,2022,2022-07-10 06:00:00,cambium_co2_rate_lrmer,120.1
CA,2022,2022-07-10 07:00:00,cambium_co2_rate_lrmer,120.0
CA,2022,2022-07-10 08:00:00,cambium_co2_rate_lrmer,113.4
CA,2022,2022-07-10 09:00:00,cambium_co2_rate_lrmer,83.56
CA,2022,2022-07-10 10:00:00,cambium_co2_rate_lrmer,67.7
CA,2022,2022-07-10 11:00:00,cambium_co2_rate_lrmer,60.25
CA,2022,2022-07-10 12:00:00,cambium_co2_rate_lrmer,60.34
CA,2022,2022-07-10 13:00:00,cambium_co2_rate_lrmer,63.88
CA,2022,2022-07-10 14:00:00,cambium_co2_rate_lrmer,67.9
CA,2022,2022-07-10 15:00:00,cambium_co2_rate_lrmer,72.75
CA,2022,2022-07-10 16:00:00,cambium_co2_rate_lrmer,75.44
CA,2022,2022-07-10 17:00:00,cambium_co2_rate_lrmer,77.5
CA,2022,2022-07-10 18:00:00,cambium_co2_rate_lrmer,83.1
CA,2022,2022-07-10 19:00:00,cambium_co2_rate_lrmer,87.4
CA,2022,2022-07-10 20:00:00,cambium_co2_rate_lrmer,101.2
CA,2022,2022-07-10 21:00:00,cambium_co2_rate_lrmer,134.5
CA,2022,2022-07-10 22:00:00,cambium_co2_rate_lrmer,146.6
CA,2022,2022-07-10 23:00:00,cambium_co2_rate_lrmer,142.6
CA,2022,2022-07-11 00:00:00,cambium_co2_rate_lrmer,130.8
CA,2022,2022-07-11 01:00:00,cambium_co2_rate_lrmer,113.2
CA,2022,2022-07-11 02:00:00,cambium_co2_rate_lrmer,130.4
CA,2022,2022-07-11 03:00:00,cambium_co2_rate_lrmer,113.56
CA,2022,2022-07-11 04:00:00,cambium_co2_rate_lrmer,121.4
CA,2022,2022-07-11 05:00:00,cambium_co2_rate_lrmer,122.25
CA,2022,2022-07-11 06:00:00,cambium_co2_rate_lrmer,124.1
CA,2022,2022-07-11 07:00:00,cambium_co2_rate_lrmer,125.06
CA,2022,2022-07-11 08:00:00,cambium_co2_rate_lrmer,115.4
CA,2022,2022-07-11 09:00:00,cambium_co2_rate_lrmer,85.7
CA,2022,2022-07-11 10:00:00,cambium_co2_rate_lrmer,69.25
CA,2022,2022-07-11 11:00:00,cambium_co2_rate_lrmer,63.0
CA,2022,2022-07-11 12:00:00,cambium_co2_rate_lrmer,64.1
CA,2022,2022-07-11 13:00:00,cambium_co2_rate_lrmer,67.56
CA,2022,2022-07-11 14:00:00,cambium_co2_rate_lrmer,70.44
CA,2022,2022-07-11 15:00:00,cambium_co2_rate_lrmer,76.5
CA,2022,2022-07-11 16:00:00,cambium_co2_rate_lrmer,78.9
CA,2022,2022-07-11 17:00:00,cambium_co2_rate_lrmer,80.06
CA,2022,2022-07-11 18:00:00,cambium_co2_rate_lrmer,84.25
CA,2022,2022-07-11 19:00:00,cambium_co2_rate_lrmer,92.56
CA,2022,2022-07-11 20:00:00,cambium_co2_rate_lrmer,102.44
CA,2022,2022-07-11 21:00:00,cambium_co2_rate_lrmer,142.8
CA,2022,2022-07-11 22:00:00,cambium_co2_rate_lrmer,149.8
CA,2022,2022-07-11 23:00:00,cambium_co2_rate_lrmer,145.1
CA,2022,2022-07-12 00:00:00,cambium_co2_rate_lrmer,137.0
CA,2022,2022-07-12 01:00:00,cambium_co2_rate_lrmer,118.6
CA,2022,2022-07-12 02:00:00,cambium_co2_rate_lrmer,131.2
CA,2022,2022-07-12 03:00:00,cambium_co2_rate_lrmer,113.5
CA,2022,2022-07-12 04:00:00,cambium_co2_rate_lrmer,122.0
CA,2022,2022-07-12 05:00:00,cambium_co2_rate_lrmer,123.25
CA,2022,2022-07-12 06:00:00,cambium_co2_rate_lrmer,126.06
CA,2022,2022-07-12 07:00:00,cambium_co2_rate_lrmer,127.4
CA,2022,2022-07-12 08:00:00,cambium_co2_rate_lrmer,117.75
CA,2022,2022-07-12 09:00:00,cambium_co2_rate_lrmer,87.0
CA,2022,2022-07-12 10:00:00,cambium_co2_rate_lrmer,70.3
CA,2022,2022-07-12 11:00:00,cambium_co2_rate_lrmer,64.94
CA,2022,2022-07-12 12:00:00,cambium_co2_rate_lrmer,64.56
CA,2022,2022-07-12 13:00:00,cambium_co2_rate_lrmer,68.44
CA,2022,2022-07-12 14:00:00,cambium_co2_rate_lrmer,72.1
CA,2022,2022-07-12 15:00:00,cambium_co2_rate_lrmer,77.44
CA,2022,2022-07-12 16:00:00,cambium_co2_rate_lrmer,80.1
CA,2022,2022-07-12 17:00:00,cambium_co2_rate_lrmer,83.2
CA,2022,2022-07-12 18:00:00,cambium_co2_rate_lrmer,87.3
CA,2022,2022-07-12 19:00:00,cambium_co2_rate_lrmer,94.0
CA,2022,2022-07-12 20:00:00,cambium_co2_rate_lrmer,105.1
CA,2022,2022-07-12 21:00:00,cambium_co2_rate_lrmer,150.6
CA,2022,2022-07-12 22:00:00,cambium_co2_rate_lrmer,156.2
CA,2022,2022-07-12 23:00:00,cambium_co2_rate_lrmer,153.9
CA,2022,2022-07-13 00:00:00,cambium_co2_rate_lrmer,145.0
CA,2022,2022-07-13 01:00:00,cambium_co2_rate_lrmer,124.6
CA,2022,2022-07-13 02:00:00,cambium_co2_rate_lrmer,135.9
CA,2022,2022-07-13 03:00:00,cambium_co2_rate_lrmer,112.94
CA,2022,2022-07-13 04:00:00,cambium_co2_rate_lrmer,120.5
CA,2022,2022-07-13 05:00:00,cambium_co2_rate_lrmer,121.8
CA,2022,2022-07-13 06:00:00,cambium_co2_rate_lrmer,126.0
CA,2022,2022-07-13 07:00:00,cambium_co2_rate_lrmer,125.3
CA,2022,2022-07-13 08:00:00,cambium_co2_rate_lrmer,116.7
CA,2022,2022-07-13 09:00:00,cambium_co2_rate_lrmer,85.75
CA,2022,2022-07-13 10:00:00,cambium_co2_rate_lrmer,69.0
CA,2022,2022-07-13 11:00:00,cambium_co2_rate_lrmer,63.88
CA,2022,2022-07-13 12:00:00,cambium_co2_rate_lrmer,62.62
CA,2022,2022-07-13 13:00:00,cambium_co2_rate_lrmer,67.0
CA,2022,2022-07-13 14:00:00,cambium_co2_rate_lrmer,70.44
CA,2022,2022-07-13 15:00:00,cambium_co2_rate_lrmer,75.3
CA,2022,2022-07-13 16:00:00,cambium_co2_rate_lrmer,76.9
CA,2022,2022-07-13 17:00:00,cambium_co2_rate_lrmer,80.25
CA,2022,2022-07-13 18:00:00,cambium_co2_rate_lrmer,86.1
CA,2022,2022-07-13 19:00:00,cambium_co2_rate_lrmer,91.94
CA,2022,2022-07-13 20:00:00,cambium_co2_rate_lrmer,104.3
CA,2022,2022-07-13 21:00:00,cambium_co2_rate_lrmer,147.4
CA,2022,2022-07-13 22:00:00,cambium_co2_rate_lrmer,155.0
CA,2022,2022-07-13 23:00:00,cambium_co2_rate_lrmer,150.9
CA,2022,2022-07-14 00:00:00,cambium_co2_rate_lrmer,138.6
CA,2022,2022-07-14 01:00:00,cambium_co2_rate_lrmer,124.75
CA,2022,2022-07-14 02:00:00,cambium_co2_rate_lrmer,131.5
CA,2022,2022-07-14 03:00:00,cambium_co2_rate_lrmer,110.25
CA,2022,2022-07-14 04:00:00,cambium_co2_rate_lrmer,118.25
CA,2022,2022-07-14 05:00:00,cambium_co2_rate_lrmer,120.06
CA,2022,2022-07-14 06:00:00,cambium_co2_rate_lrmer,124.6
CA,2022,2022-07-14 07:00:00,cambium_co2_rate_lrmer,123.1
CA,2022,2022-07-14 08:00:00,cambium_co2_rate_lrmer,119.6
CA,2022,2022-07-14 09:00:00,cambium_co2_rate_lrmer,88.1
CA,2022,2022-07-14 10:00:00,cambium_co2_rate_lrmer,71.75
CA,2022,2022-07-14 11:00:00,cambium_co2_rate_lrmer,66.44
CA,2022,2022-07-14 12:00:00,cambium_co2_rate_lrmer,65.8
CA,2022,2022-07-14 13:00:00,cambium_co2_rate_lrmer,69.8
CA,2022,2022-07-14 14:00:00,cambium_co2_rate_lrmer,72.25
CA,2022,2022-07-14 15:00:00,cambium_co2_rate_lrmer,76.1
CA,2022,2022-07-14 16:00:00,cambium_co2_rate_lrmer,77.5
CA,2022,2022-07-14 17:00:00,cambium_co2_rate_lrmer,79.6
CA,2022,2022-07-14 18:00:00,cambium_co2_rate_lrmer,85.3
CA,2022,2022-07-14 19:00:00,cambium_co2_rate_lrmer,92.0
CA,2022,2022-07-14 20:00:00,cambium_co2_rate_lrmer,105.75
CA,2022,2022-07-14 21:00:00,cambium_co2_rate_lrmer,148.9
CA,2022,2022-07-14 22:00:00,cambium_co2_rate_lrmer,155.2
CA,2022,2022-07-14 23:00:00,cambium_co2_rate_lrmer,144.8
CA,2022,2022-07-15 00:00:00,cambium_co2_rate_lrmer,139.0
CA,2022,2022-07-15 01:00:00,cambium_co2_rate_lrmer,125.5
CA,2022,2022-07-15 02:00:00,cambium_co2_rate_lrmer,136.0
CA,2022,2022-07-15 03:00:00,cambium_co2_rate_lrmer,116.94
CA,2022,2022-07-15 04:00:00,cambium_co2_rate_lrmer,125.25
CA,2022,2022-07-15 05:00:00,cambium_co2_rate_lrmer,127.7
CA,2022,2022-07-15 06:00:00,cambium_co2_rate_lrmer,132.2
CA,2022,2022-07-15 07:00:00,cambium_co2_rate_lrmer,130.2
CA,2022,2022-07-15 08:00:00,cambium_co2_rate_lrmer,124.9
CA,2022,2022-07-15 09:00:00,cambium_co2_rate_lrmer,90.44
CA,2022,2022-07-15 10:00:00,cambium_co2_rate_lrmer,76.25
CA,2022,2022-07-15 11:00:00,cambium_co2_rate_lrmer,70.9
CA,2022,2022-07-15 12:00:00,cambium_co2_rate_lrmer,69.1
CA,2022,2022-07-15 13:00:00,cambium_co2_rate_lrmer,74.44
CA,2022,2022-07-15 14:00:00,cambium_co2_rate_lrmer,76.1
CA,2022,2022-07-15 15:00:00,cambium_co2_rate_lrmer,77.6
CA,2022,2022-07-15 16:00:00,cambium_co2_rate_lrmer,80.56
CA,2022,2022-07-15 17:00:00,cambium_co2_rate_lrmer,82.4
CA,2022,2022-07-15 18:00:00,cambium_co2_rate_lrmer,87.3
CA,2022,2022-07-15 19:00:00,cambium_co2_rate_lrmer,96.1
CA,2022,2022-07-15 20:00:00,cambium_co2_rate_lrmer,108.5
CA,2022,2022-07-15 21:00:00,cambium_co2_rate_lrmer,150.1
CA,2022,2022-07-15 22:00:00,cambium_co2_rate_lrmer,157.1
CA,2022,2022-07-15 23:00:00,cambium_co2_rate_lrmer,147.5
CA,2022,2022-07-16 00:00:00,cambium_co2_rate_lrmer,142.6
CA,2022,2022-07-16 01:00:00,cambium_co2_rate_lrmer,131.0
CA,2022,2022-07-16 02:00:00,cambium_co2_rate_lrmer,142.1
CA,2022,2022-07-16 03:00:00,cambium_co2_rate_lrmer,125.1
CA,2022,2022-07-16 04:00:00,cambium_co2_rate_lrmer,129.8
CA,2022,2022-07-16 05:00:00,cambium_co2_rate_lrmer,134.2
CA,2022,2022-07-16 06:00:00,cambium_co2_rate_lrmer,140.8
CA,2022,2022-07-16 07:00:00,cambium_co2_rate_lrmer,137.6
CA,2022,2022-07-16 08:00:00,cambium_co2_rate_lrmer,131.5
CA,2022,2022-07-16 09:00:00,cambium_co2_rate_lrmer,98.5
CA,2022,2022-07-16 10:00:00,cambium_co2_rate_lrmer,81.2
CA,2022,2022-07-16 11:00:00,cambium_co2_rate_lrmer,75.8
CA,2022,2022-07-16 12:00:00,cambium_co2_rate_lrmer,76.0
CA,2022,2022-07-16 13:00:00,cambium_co2_rate_lrmer,78.8
CA,2022,2022-07-16 14:00:00,cambium_co2_rate_lrmer,80.9
CA,2022,2022-07-16 15:00:00,cambium_co2_rate_lrmer,78.7
CA,2022,2022-07-16 16:00:00,cambium_co2_rate_lrmer,82.25
CA,2022,2022-07-16 17:00:00,cambium_co2_rate_lrmer,83.5
CA,2022,2022-07-16 18:00:00,cambium_co2_rate_lrmer,89.75
CA,2022,2022-07-16 19:00:00,cambium_co2_rate_lrmer,98.9
CA,2022,2022-07-16 20:00:00,cambium_co2_rate_lrmer,111.25
CA,2022,2022-07-16 21:00:00,cambium_co2_rate_lrmer,150.1
CA,2022,2022-07-16 22:00:00,cambium_co2_rate_lrmer,156.1
CA,2022,2022-07-16 23:00:00,cambium_co2_rate_lrmer,147.1
CA,2022,2022-07-17 00:00:00,cambium_co2_rate_lrmer,148.0
CA,2022,2022-07-17 01:00:00,cambium_co2_rate_lrmer,133.2
CA,2022,2022-07-17 02:00:00,cambium_co2_rate_lrmer,146.8
CA,2022,2022-07-17 03:00:00,cambium_co2_rate_lrmer,130.5
CA,2022,2022-07-17 04:00:00,cambium_co2_rate_lrmer,133.2
CA,2022,2022-07-17 05:00:00,cambium_co2_rate_lrmer,140.2
CA,2022,2022-07-17 06:00:00,cambium_co2_rate_lrmer,143.8
CA,2022,2022-07-17 07:00:00,cambium_co2_rate_lrmer,140.8
CA,2022,2022-07-17 08:00:00,cambium_co2_rate_lrmer,132.8
CA,2022,2022-07-17 09:00:00,cambium_co2_rate_lrmer,101.4
CA,2022,2022-07-17 10:00:00,cambium_co2_rate_lrmer,84.44
CA,2022,2022-07-17 11:00:00,cambium_co2_rate_lrmer,79.25
CA,2022,2022-07-17 12:00:00,cambium_co2_rate_lrmer,79.5
CA,2022,2022-07-17 13:00:00,cambium_co2_rate_lrmer,81.0
CA,2022,2022-07-17 14:00:00,cambium_co2_rate_lrmer,84.4
CA,2022,2022-07-17 15:00:00,cambium_co2_rate_lrmer,80.2
CA,2022,2022-07-17 16:00:00,cambium_co2_rate_lrmer,84.8
CA,2022,2022-07-17 17:00:00,cambium_co2_rate_lrmer,85.3
CA,2022,2022-07-17 18:00:00,cambium_co2_rate_lrmer,91.94
CA,2022,2022-07-17 19:00:00,cambium_co2_rate_lrmer,105.44
CA,2022,2022-07-17 20:00:00,cambium_co2_rate_lrmer,119.56
CA,2022,2022-07-17 21:00:00,cambium_co2_rate_lrmer,158.4
CA,2022,2022-07-17 22:00:00,cambium_co2_rate_lrmer,163.9
CA,2022,2022-07-17 23:00:00,cambium_co2_rate_lrmer,155.4
CA,2022,2022-07-18 00:00:00,cambium_co2_rate_lrmer,151.4
CA,2022,2022-07-18 01:00:00,cambium_co2_rate_lrmer,135.2
CA,2022,2022-07-18 02:00:00,cambium_co2_rate_lrmer,149.0
CA,2022,2022-07-18 03:00:00,cambium_co2_rate_lrmer,131.0
CA,2022,2022-07-18 04:00:00,cambium_co2_rate_lrmer,133.2
CA,2022,2022-07-18 05:00:00,cambium_co2_rate_lrmer,142.0
CA,2022,2022-07-18 06:00:00,cambium_co2_rate_lrmer,143.0
CA,2022,2022-07-18 07:00:00,cambium_co2_rate_lrmer,143.6
CA,2022,2022-07-18 08:00:00,cambium_co2_rate_lrmer,132.8
CA,2022,2022-07-18 09:00:00,cambium_co2_rate_lrmer,105.7
CA,2022,2022-07-18 10:00:00,cambium_co2_rate_lrmer,88.4
CA,2022,2022-07-18 11:00:00,cambium_co2_rate_lrmer,82.4
CA,2022,2022-07-18 12:00:00,cambium_co2_rate_lrmer,82.75
CA,2022,2022-07-18 13:00:00,cambium_co2_rate_lrmer,84.56
CA,2022,2022-07-18 14:00:00,cambium_co2_rate_lrmer,85.9
CA,2022,2022-07-18 15:00:00,cambium_co2_rate_lrmer,79.7
CA,2022,2022-07-18 16:00:00,cambium_co2_rate_lrmer,84.25
CA,2022,2022-07-18 17:00:00,cambium_co2_rate_lrmer,83.6
CA,2022,2022-07-18 18:00:00,cambium_co2_rate_lrmer,90.75
CA,2022,2022-07-18 19:00:00,cambium_co2_rate_lrmer,104.7
CA,2022,2022-07-18 20:00:00,cambium_co2_rate_lrmer,117.25
CA,2022,2022-07-18 21:00:00,cambium_co2_rate_lrmer,152.6
CA,2022,2022-07-18 22:00:00,cambium_co2_rate_lrmer,161.9
CA,2022,2022-07-18 23:00:00,cambium_co2_rate_lrmer,150.2
CA,2022,2022-07-19 00:00:00,cambium_co2_rate_lrmer,147.2
CA,2022,2022-07-19 01:00:00,cambium_co2_rate_lrmer,136.0
CA,2022,2022-07-19 02:00:00,cambium_co2_rate_lrmer,150.9
CA,2022,2022-07-19 03:00:00,cambium_co2_rate_lrmer,131.5
CA,2022,2022-07-19 04:00:00,cambium_co2_rate_lrmer,134.6
CA,2022,2022-07-19 05:00:00,cambium_co2_rate_lrmer,143.2
CA,2022,2022-07-19 06:00:00,cambium_co2_rate_lrmer,144.5
CA,2022,2022-07-19 07:00:00,cambium_co2_rate_lrmer,145.2
CA,2022,2022-07-19 08:00:00,cambium_co2_rate_lrmer,131.0
CA,2022,2022-07-19 09:00:00,cambium_co2_rate_lrmer,102.9
CA,2022,2022-07-19 10:00:00,cambium_co2_rate_lrmer,86.94
CA,2022,2022-07-19 11:00:00,cambium_co2_rate_lrmer,82.3
CA,2022,2022-07-19 12:00:00,cambium_co2_rate_lrmer,83.44
CA,2022,2022-07-19 13:00:00,cambium_co2_rate_lrmer,84.7
CA,2022,2022-07-19 14:00:00,cambium_co2_rate_lrmer,88.1
CA,2022,2022-07-19 15:00:00,cambium_co2_rate_lrmer,81.75
CA,2022,2022-07-19 16:00:00,cambium_co2_rate_lrmer,84.06
CA,2022,2022-07-19 17:00:00,cambium_co2_rate_lrmer,82.56
CA,2022,2022-07-19 18:00:00,cambium_co2_rate_lrmer,90.7
CA,2022,2022-07-19 19:00:00,cambium_co2_rate_lrmer,102.1
CA,2022,2022-07-19 20:00:00,cambium_co2_rate_lrmer,116.06
CA,2022,2022-07-19 21:00:00,cambium_co2_rate_lrmer,152.5
CA,2022,2022-07-19 22:00:00,cambium_co2_rate_lrmer,156.6
CA,2022,2022-07-19 23:00:00,cambium_co2_rate_lrmer,148.8
CA,2022,2022-07-20 00:00:00,cambium_co2_rate_lrmer,144.9
CA,2022,2022-07-20 01:00:00,cambium_co2_rate_lrmer,133.2
CA,2022,2022-07-20 02:00:00,cambium_co2_rate_lrmer,148.8
CA,2022,2022-07-20 03:00:00,cambium_co2_rate_lrmer,130.1
CA,2022,2022-07-20 04:00:00,cambium_co2_rate_lrmer,131.6
CA,2022,2022-07-20 05:00:00,cambium_co2_rate_lrmer,139.9
CA,2022,2022-07-20 06:00:00,cambium_co2_rate_lrmer,140.2
CA,2022,2022-07-20 07:00:00,cambium_co2_rate_lrmer,143.6
CA,2022,2022-07-20 08:00:00,cambium_co2_rate_lrmer,128.9
CA,2022,2022-07-20 09:00:00,cambium_co2_rate_lrmer,98.75
CA,2022,2022-07-20 10:00:00,cambium_co2_rate_lrmer,83.6
CA,2022,2022-07-20 11:00:00,cambium_co2_rate_lrmer,79.7
CA,2022,2022-07-20 12:00:00,cambium_co2_rate_lrmer,83.9
CA,2022,2022-07-20 13:00:00,cambium_co2_rate_lrmer,82.8
CA,2022,2022-07-20 14:00:00,cambium_co2_rate_lrmer,88.06
CA,2022,2022-07-20 15:00:00,cambium_co2_rate_lrmer,82.2
CA,2022,2022-07-20 16:00:00,cambium_co2_rate_lrmer,85.0
CA,2022,2022-07-20 17:00:00,cambium_co2_rate_lrmer,83.44
CA,2022,2022-07-20 18:00:00,cambium_co2_rate_lrmer,90.8
CA,2022,2022-07-20 19:00:00,cambium_co2_rate_lrmer,101.2
CA,2022,2022-07-20 20:00:00,cambium_co2_rate_lrmer,117.7
CA,2022,2022-07-20 21:00:00,cambium_co2_rate_lrmer,154.8
CA,2022,2022-07-20 22:00:00,cambium_co2_rate_lrmer,157.1
CA,2022,2022-07-20 23:00:00,cambium_co2_rate_lrmer,150.4
CA,2022,2022-07-21 00:00:00,cambium_co2_rate_lrmer,146.5
CA,2022,2022-07-21 01:00:00,cambium_co2_rate_lrmer,135.9
CA,2022,2022-07-21 02:00:00,cambium_co2_rate_lrmer,149.0
CA,2022,2022-07-21 03:00:00,cambium_co2_rate_lrmer,131.2
CA,2022,2022-07-21 04:00:00,cambium_co2_rate_lrmer,134.2
CA,2022,2022-07-21 05:00:00,cambium_co2_rate_lrmer,142.1
CA,2022,2022-07-21 06:00:00,cambium_co2_rate_lrmer,139.1
CA,2022,2022-07-21 07:00:00,cambium_co2_rate_lrmer,144.5
CA,2022,2022-07-21 08:00:00,cambium_co2_rate_lrmer,129.1
CA,2022,2022-07-21 09:00:00,cambium_co2_rate_lrmer,95.6
CA,2022,2022-07-21 10:00:00,cambium_co2_rate_lrmer,79.4
CA,2022,2022-07-21 11:00:00,cambium_co2_rate_lrmer,76.25
CA,2022,2022-07-21 12:00:00,cambium_co2_rate_lrmer,82.06
CA,2022,2022-07-21 13:00:00,cambium_co2_rate_lrmer,80.8
CA,2022,2022-07-21 14:00:00,cambium_co2_rate_lrmer,85.6
CA,2022,2022-07-21 15:00:00,cambium_co2_rate_lrmer,82.06
CA,2022,2022-07-21 16:00:00,cambium_co2_rate_lrmer,86.06
CA,2022,2022-07-21 17:00:00,cambium_co2_rate_lrmer,84.75
CA,2022,2022-07-21 18:00:00,cambium_co2_rate_lrmer,90.0
CA,2022,2022-07-21 19:00:00,cambium_co2_rate_lrmer,100.1
CA,2022,2022-07-21 20:00:00,cambium_co2_rate_lrmer,119.4
CA,2022,2022-07-21 21:00:00,cambium_co2_rate_lrmer,157.2
CA,2022,2022-07-21 22:00:00,cambium_co2_rate_lrmer,159.2
CA,2022,2022-07-21 23:00:00,cambium_co2_rate_lrmer,149.2
CA,2022,2022-07-22 00:00:00,cambium_co2_rate_lrmer,148.1
CA,2022,2022-07-22 01:00:00,cambium_co2_rate_lrmer,138.9
CA,2022,2022-07-22 02:00:00,cambium_co2_rate_lrmer,149.2
CA,2022,2022-07-22 03:00:00,cambium_co2_rate_lrmer,131.8
CA,2022,2022-07-22 04:00:00,cambium_co2_rate_lrmer,134.8
CA,2022,2022-07-22 05:00:00,cambium_co2_rate_lrmer,141.8
CA,2022,2022-07-22 06:00:00,cambium_co2_rate_lrmer,138.8
CA,2022,2022-07-22 07:00:00,cambium_co2_rate_lrmer,144.6
CA,2022,2022-07-22 08:00:00,cambium_co2_rate_lrmer,129.5
CA,2022,2022-07-22 09:00:00,cambium_co2_rate_lrmer,96.25
CA,2022,2022-07-22 10:00:00,cambium_co2_rate_lrmer,77.5
CA,2022,2022-07-22 11:00:00,cambium_co2_rate_lrmer,79.75
CA,2022,2022-07-22 12:00:00,cambium_co2_rate_lrmer,86.7
CA,2022,2022-07-22 13:00:00,cambium_co2_rate_lrmer,80.25
CA,2022,2022-07-22 14:00:00,cambium_co2_rate_lrmer,84.6
CA,2022,2022-07-22 15:00:00,cambium_co2_rate_lrmer,82.3
CA,2022,2022-07-22 16:00:00,cambium_co2_rate_lrmer,86.44
CA,2022,2022-07-22 17:00:00,cambium_co2_rate_lrmer,84.5
CA,2022,2022-07-22 18:00:00,cambium_co2_rate_lrmer,88.0
CA,2022,2022-07-22 19:00:00,cambium_co2_rate_lrmer,99.3
CA,2022,2022-07-22 20:00:00,cambium_co2_rate_lrmer,118.0
CA,2022,2022-07-22 21:00:00,cambium_co2_rate_lrmer,155.2
CA,2022,2022-07-22 22:00:00,cambium_co2_rate_lrmer,157.9
CA,2022,2022-07-22 23:00:00,cambium_co2_rate_lrmer,147.8
CA,2022,2022-07-23 00:00:00,cambium_co2_rate_lrmer,147.1
CA,2022,2022-07-23 01:00:00,cambium_co2_rate_lrmer,138.0
CA,2022,2022-07-23 02:00:00,cambium_co2_rate_lrmer,147.8
CA,2022,2022-07-23 03:00:00,cambium_co2_rate_lrmer,132.0
CA,2022,2022-07-23 04:00:00,cambium_co2_rate_lrmer,138.1
CA,2022,2022-07-23 05:00:00,cambium_co2_rate_lrmer,143.5
CA,2022,2022-07-23 06:00:00,cambium_co2_rate_lrmer,141.9
CA,2022,2022-07-23 07:00:00,cambium_co2_rate_lrmer,150.5
CA,2022,2022-07-23 08:00:00,cambium_co2_rate_lrmer,132.9
CA,2022,2022-07-23 09:00:00,cambium_co2_rate_lrmer,100.8
CA,2022,2022-07-23 10:00:00,cambium_co2_rate_lrmer,77.44
CA,2022,2022-07-23 11:00:00,cambium_co2_rate_lrmer,79.7
CA,2022,2022-07-23 12:00:00,cambium_co2_rate_lrmer,88.1
CA,2022,2022-07-23 13:00:00,cambium_co2_rate_lrmer,83.75
CA,2022,2022-07-23 14:00:00,cambium_co2_rate_lrmer,87.9
CA,2022,2022-07-23 15:00:00,cambium_co2_rate_lrmer,87.75
CA,2022,2022-07-23 16:00:00,cambium_co2_rate_lrmer,89.9
CA,2022,2022-07-23 17:00:00,cambium_co2_rate_lrmer,85.25
CA,2022,2022-07-23 18:00:00,cambium_co2_rate_lrmer,88.56
CA,2022,2022-07-23 19:00:00,cambium_co2_rate_lrmer,97.94
CA,2022,2022-07-23 20:00:00,cambium_co2_rate_lrmer,116.44
CA,2022,2022-07-23 21:00:00,cambium_co2_rate_lrmer,154.2
CA,2022,2022-07-23 22:00:00,cambium_co2_rate_lrmer,157.0
CA,2022,2022-07-23 23:00:00,cambium_co2_rate_lrmer,146.6
CA,2022,2022-07-24 00:00:00,cambium_co2_rate_lrmer,146.4
CA,2022,2022-07-24 01:00:00,cambium_co2_rate_lrmer,138.5
CA,2022,2022-07-24 02:00:00,cambium_co2_rate_lrmer,148.4
CA,2022,2022-07-24 03:00:00,cambium_co2_rate_lrmer,132.9
CA,2022,2022-07-24 04:00:00,cambium_co2_rate_lrmer,137.9
CA,2022,2022-07-24 05:00:00,cambium_co2_rate_lrmer,142.2
CA,2022,2022-07-24 06:00:00,cambium_co2_rate_lrmer,139.8
CA,2022,2022-07-24 07:00:00,cambium_co2_rate_lrmer,148.2
CA,2022,2022-07-24 08:00:00,cambium_co2_rate_lrmer,131.0
CA,2022,2022-07-24 09:00:00,cambium_co2_rate_lrmer,106.5
CA,2022,2022-07-24 10:00:00,cambium_co2_rate_lrmer,83.7
CA,2022,2022-07-24 11:00:00,cambium_co2_rate_lrmer,83.75
CA,2022,2022-07-24 12:00:00,cambium_co2_rate_lrmer,92.5
CA,2022,2022-07-24 13:00:00,cambium_co2_rate_lrmer,89.0
CA,2022,2022-07-24 14:00:00,cambium_co2_rate_lrmer,91.0
CA,2022,2022-07-24 15:00:00,cambium_co2_rate_lrmer,90.0
CA,2022,2022-07-24 16:00:00,cambium_co2_rate_lrmer,91.75
CA,2022,2022-07-24 17:00:00,cambium_co2_rate_lrmer,85.8
CA,2022,2022-07-24 18:00:00,cambium_co2_rate_lrmer,88.9
CA,2022,2022-07-24 19:00:00,cambium_co2_rate_lrmer,98.2
CA,2022,2022-07-24 20:00:00,cambium_co2_rate_lrmer,113.44
CA,2022,2022-07-24 21:00:00,cambium_co2_rate_lrmer,156.8
CA,2022,2022-07-24 22:00:00,cambium_co2_rate_lrmer,157.4
CA,2022,2022-07-24 23:00:00,cambium_co2_rate_lrmer,150.2
CA,2022,2022-07-25 00:00:00,cambium_co2_rate_lrmer,142.5
CA,2022,2022-07-25 01:00:00,cambium_co2_rate_lrmer,138.6
CA,2022,2022-07-25 02:00:00,cambium_co2_rate_lrmer,145.8
CA,2022,2022-07-25 03:00:00,cambium_co2_rate_lrmer,134.2
CA,2022,2022-07-25 04:00:00,cambium_co2_rate_lrmer,137.9
CA,2022,2022-07-25 05:00:00,cambium_co2_rate_lrmer,143.6
CA,2022,2022-07-25 06:00:00,cambium_co2_rate_lrmer,137.4
CA,2022,2022-07-25 07:00:00,cambium_co2_rate_lrmer,145.6
CA,2022,2022-07-25 08:00:00,cambium_co2_rate_lrmer,129.4
CA,2022,2022-07-25 09:00:00,cambium_co2_rate_lrmer,107.94
CA,2022,2022-07-25 10:00:00,cambium_co2_rate_lrmer,84.6
CA,2022,2022-07-25 11:00:00,cambium_co2_rate_lrmer,83.8
CA,2022,2022-07-25 12:00:00,cambium_co2_rate_lrmer,93.9
CA,2022,2022-07-25 13:00:00,cambium_co2_rate_lrmer,87.7
CA,2022,2022-07-25 14:00:00,cambium_co2_rate_lrmer,87.6
CA,2022,2022-07-25 15:00:00,cambium_co2_rate_lrmer,85.06
CA,2022,2022-07-25 16:00:00,cambium_co2_rate_lrmer,87.75
CA,2022,2022-07-25 17:00:00,cambium_co2_rate_lrmer,82.56
CA,2022,2022-07-25 18:00:00,cambium_co2_rate_lrmer,85.4
CA,2022,2022-07-25 19:00:00,cambium_co2_rate_lrmer,95.44
CA,2022,2022-07-25 20:00:00,cambium_co2_rate_lrmer,109.2
CA,2022,2022-07-25 21:00:00,cambium_co2_rate_lrmer,152.5
CA,2022,2022-07-25 22:00:00,cambium_co2_rate_lrmer,152.9
CA,2022,2022-07-25 23:00:00,cambium_co2_rate_lrmer,146.2
CA,2022,2022-07-26 00:00:00,cambium_co2_rate_lrmer,134.2
CA,2022,2022-07-26 01:00:00,cambium_co2_rate_lrmer,133.4
CA,2022,2022-07-26 02:00:00,cambium_co2_rate_lrmer,141.5
CA,2022,2022-07-26 03:00:00,cambium_co2_rate_lrmer,130.5
CA,2022,2022-07-26 04:00:00,cambium_co2_rate_lrmer,133.8
CA,2022,2022-07-26 05:00:00,cambium_co2_rate_lrmer,139.2
CA,2022,2022-07-26 06:00:00,cambium_co2_rate_lrmer,131.9
CA,2022,2022-07-26 07:00:00,cambium_co2_rate_lrmer,141.2
CA,2022,2022-07-26 08:00:00,cambium_co2_rate_lrmer,126.25
CA,2022,2022-07-26 09:00:00,cambium_co2_rate_lrmer,104.4
CA,2022,2022-07-26 10:00:00,cambium_co2_rate_lrmer,79.9
CA,2022,2022-07-26 11:00:00,cambium_co2_rate_lrmer,79.1
CA,2022,2022-07-26 12:00:00,cambium_co2_rate_lrmer,89.7
CA,2022,2022-07-26 13:00:00,cambium_co2_rate_lrmer,82.75
CA,2022,2022-07-26 14:00:00,cambium_co2_rate_lrmer,89.0
CA,2022,2022-07-26 15:00:00,cambium_co2_rate_lrmer,82.75
CA,2022,2022-07-26 16:00:00,cambium_co2_rate_lrmer,84.0
CA,2022,2022-07-26 17:00:00,cambium_co2_rate_lrmer,81.0
CA,2022,2022-07-26 18:00:00,cambium_co2_rate_lrmer,84.25
CA,2022,2022-07-26 19:00:00,cambium_co2_rate_lrmer,97.0
CA,2022,2022-07-26 20:00:00,cambium_co2_rate_lrmer,109.7
CA,2022,2022-07-26 21:00:00,cambium_co2_rate_lrmer,156.2
CA,2022,2022-07-26 22:00:00,cambium_co2_rate_lrmer,156.1
CA,2022,2022-07-26 23:00:00,cambium_co2_rate_lrmer,147.5
CA,2022,2022-07-27 00:00:00,cambium_co2_rate_lrmer,139.4
CA,2022,2022-07-27 01:00:00,cambium_co2_rate_lrmer,131.9
CA,2022,2022-07-27 02:00:00,cambium_co2_rate_lrmer,140.0
CA,2022,2022-07-27 03:00:00,cambium_co2_rate_lrmer,129.2
CA,2022,2022-07-27 04:00:00,cambium_co2_rate_lrmer,131.5
CA,2022,2022-07-27 05:00:00,cambium_co2_rate_lrmer,137.9
CA,2022,2022-07-27 06:00:00,cambium_co2_rate_lrmer,131.0
CA,2022,2022-07-27 07:00:00,cambium_co2_rate_lrmer,141.2
CA,2022,2022-07-27 08:00:00,cambium_co2_rate_lrmer,124.25
CA,2022,2022-07-27 09:00:00,cambium_co2_rate_lrmer,108.75
CA,2022,2022-07-27 10:00:00,cambium_co2_rate_lrmer,79.94
CA,2022,2022-07-27 11:00:00,cambium_co2_rate_lrmer,82.2
CA,2022,2022-07-27 12:00:00,cambium_co2_rate_lrmer,89.56
CA,2022,2022-07-27 13:00:00,cambium_co2_rate_lrmer,82.1
CA,2022,2022-07-27 14:00:00,cambium_co2_rate_lrmer,90.44
CA,2022,2022-07-27 15:00:00,cambium_co2_rate_lrmer,81.9
CA,2022,2022-07-27 16:00:00,cambium_co2_rate_lrmer,83.0
CA,2022,2022-07-27 17:00:00,cambium_co2_rate_lrmer,80.75
CA,2022,2022-07-27 18:00:00,cambium_co2_rate_lrmer,84.1
CA,2022,2022-07-27 19:00:00,cambium_co2_rate_lrmer,96.25
CA,2022,2022-07-27 20:00:00,cambium_co2_rate_lrmer,111.06
CA,2022,2022-07-27 21:00:00,cambium_co2_rate_lrmer,157.0
CA,2022,2022-07-27 22:00:00,cambium_co2_rate_lrmer,156.9
CA,2022,2022-07-27 23:00:00,cambium_co2_rate_lrmer,145.9
CA,2022,2022-07-28 00:00:00,cambium_co2_rate_lrmer,134.5
CA,2022,2022-07-28 01:00:00,cambium_co2_rate_lrmer,128.5
CA,2022,2022-07-28 02:00:00,cambium_co2_rate_lrmer,130.4
CA,2022,2022-07-28 03:00:00,cambium_co2_rate_lrmer,118.8
CA,2022,2022-07-28 04:00:00,cambium_co2_rate_lrmer,122.5
CA,2022,2022-07-28 05:00:00,cambium_co2_rate_lrmer,128.8
CA,2022,2022-07-28 06:00:00,cambium_co2_rate_lrmer,122.56
CA,2022,2022-07-28 07:00:00,cambium_co2_rate_lrmer,132.0
CA,2022,2022-07-28 08:00:00,cambium_co2_rate_lrmer,115.7
CA,2022,2022-07-28 09:00:00,cambium_co2_rate_lrmer,100.25
CA,2022,2022-07-28 10:00:00,cambium_co2_rate_lrmer,71.4
CA,2022,2022-07-28 11:00:00,cambium_co2_rate_lrmer,73.3
CA,2022,2022-07-28 12:00:00,cambium_co2_rate_lrmer,81.4
CA,2022,2022-07-28 13:00:00,cambium_co2_rate_lrmer,73.3
CA,2022,2022-07-28 14:00:00,cambium_co2_rate_lrmer,83.3
CA,2022,2022-07-28 15:00:00,cambium_co2_rate_lrmer,77.06
CA,2022,2022-07-28 16:00:00,cambium_co2_rate_lrmer,74.0
CA,2022,2022-07-28 17:00:00,cambium_co2_rate_lrmer,71.4
CA,2022,2022-07-28 18:00:00,cambium_co2_rate_lrmer,76.25
CA,2022,2022-07-28 19:00:00,cambium_co2_rate_lrmer,88.56
CA,2022,2022-07-28 20:00:00,cambium_co2_rate_lrmer,102.9
CA,2022,2022-07-28 21:00:00,cambium_co2_rate_lrmer,149.4
CA,2022,2022-07-28 22:00:00,cambium_co2_rate_lrmer,148.9
CA,2022,2022-07-28 23:00:00,cambium_co2_rate_lrmer,138.2
CA,2022,2022-07-29 00:00:00,cambium_co2_rate_lrmer,137.0
CA,2022,2022-07-29 01:00:00,cambium_co2_rate_lrmer,128.9
CA,2022,2022-07-29 02:00:00,cambium_co2_rate_lrmer,131.9
CA,2022,2022-07-29 03:00:00,cambium_co2_rate_lrmer,120.4
CA,2022,2022-07-29 04:00:00,cambium_co2_rate_lrmer,124.44
CA,2022,2022-07-29 05:00:00,cambium_co2_rate_lrmer,131.9
CA,2022,2022-07-29 06:00:00,cambium_co2_rate_lrmer,123.7
CA,2022,2022-07-29 07:00:00,cambium_co2_rate_lrmer,133.0
CA,2022,2022-07-29 08:00:00,cambium_co2_rate_lrmer,116.6
CA,2022,2022-07-29 09:00:00,cambium_co2_rate_lrmer,102.25
CA,2022,2022-07-29 10:00:00,cambium_co2_rate_lrmer,69.8
CA,2022,2022-07-29 11:00:00,cambium_co2_rate_lrmer,73.7
CA,2022,2022-07-29 12:00:00,cambium_co2_rate_lrmer,83.8
CA,2022,2022-07-29 13:00:00,cambium_co2_rate_lrmer,76.5
CA,2022,2022-07-29 14:00:00,cambium_co2_rate_lrmer,85.1
CA,2022,2022-07-29 15:00:00,cambium_co2_rate_lrmer,78.0
CA,2022,2022-07-29 16:00:00,cambium_co2_rate_lrmer,75.25
CA,2022,2022-07-29 17:00:00,cambium_co2_rate_lrmer,72.7
CA,2022,2022-07-29 18:00:00,cambium_co2_rate_lrmer,77.94
CA,2022,2022-07-29 19:00:00,cambium_co2_rate_lrmer,90.56
CA,2022,2022-07-29 20:00:00,cambium_co2_rate_lrmer,105.56
CA,2022,2022-07-29 21:00:00,cambium_co2_rate_lrmer,150.5
CA,2022,2022-07-29 22:00:00,cambium_co2_rate_lrmer,150.4
CA,2022,2022-07-29 23:00:00,cambium_co2_rate_lrmer,139.6
CA,2022,2022-07-30 00:00:00,cambium_co2_rate_lrmer,137.5
CA,2022,2022-07-30 01:00:00,cambium_co2_rate_lrmer,133.4
CA,2022,2022-07-30 02:00:00,cambium_co2_rate_lrmer,132.6
CA,2022,2022-07-30 03:00:00,cambium_co2_rate_lrmer,121.56
CA,2022,2022-07-30 04:00:00,cambium_co2_rate_lrmer,127.0
CA,2022,2022-07-30 05:00:00,cambium_co2_rate_lrmer,133.0
CA,2022,2022-07-30 06:00:00,cambium_co2_rate_lrmer,126.44
CA,2022,2022-07-30 07:00:00,cambium_co2_rate_lrmer,135.0
CA,2022,2022-07-30 08:00:00,cambium_co2_rate_lrmer,119.56
CA,2022,2022-07-30 09:00:00,cambium_co2_rate_lrmer,106.7
CA,2022,2022-07-30 10:00:00,cambium_co2_rate_lrmer,71.2
CA,2022,2022-07-30 11:00:00,cambium_co2_rate_lrmer,75.75
CA,2022,2022-07-30 12:00:00,cambium_co2_rate_lrmer,87.94
CA,2022,2022-07-30 13:00:00,cambium_co2_rate_lrmer,79.0
CA,2022,2022-07-30 14:00:00,cambium_co2_rate_lrmer,89.6
CA,2022,2022-07-30 15:00:00,cambium_co2_rate_lrmer,82.5
CA,2022,2022-07-30 16:00:00,cambium_co2_rate_lrmer,78.94
CA,2022,2022-07-30 17:00:00,cambium_co2_rate_lrmer,76.4
CA,2022,2022-07-30 18:00:00,cambium_co2_rate_lrmer,81.9
CA,2022,2022-07-30 19:00:00,cambium_co2_rate_lrmer,93.4
CA,2022,2022-07-30 20:00:00,cambium_co2_rate_lrmer,107.6
CA,2022,2022-07-30 21:00:00,cambium_co2_rate_lrmer,153.1
CA,2022,2022-07-30 22:00:00,cambium_co2_rate_lrmer,152.8
CA,2022,2022-07-30 23:00:00,cambium_co2_rate_lrmer,140.2
CA,2022,2022-07-31 00:00:00,cambium_co2_rate_lrmer,138.2
CA,2022,2022-07-31 01:00:00,cambium_co2_rate_lrmer,134.1
CA,2022,2022-07-31 02:00:00,cambium_co2_rate_lrmer,137.1
CA,2022,2022-07-31 03:00:00,cambium_co2_rate_lrmer,131.2
CA,2022,2022-07-31 04:00:00,cambium_co2_rate_lrmer,136.5
CA,2022,2022-07-31 05:00:00,cambium_co2_rate_lrmer,138.9
CA,2022,2022-07-31 06:00:00,cambium_co2_rate_lrmer,136.8
CA,2022,2022-07-31 07:00:00,cambium_co2_rate_lrmer,140.1
CA,2022,2022-07-31 08:00:00,cambium_co2_rate_lrmer,130.8
CA,2022,2022-07-31 09:00:00,cambium_co2_rate_lrmer,110.75
CA,2022,2022-07-31 10:00:00,cambium_co2_rate_lrmer,79.3
CA,2022,2022-07-31 11:00:00,cambium_co2_rate_lrmer,81.94
CA,2022,2022-07-31 12:00:00,cambium_co2_rate_lrmer,96.8
CA,2022,2022-07-31 13:00:00,cambium_co2_rate_lrmer,85.1
CA,2022,2022-07-31 14:00:00,cambium_co2_rate_lrmer,94.1
CA,2022,2022-07-31 15:00:00,cambium_co2_rate_lrmer,86.8
CA,2022,2022-07-31 16:00:00,cambium_co2_rate_lrmer,83.6
CA,2022,2022-07-31 17:00:00,cambium_co2_rate_lrmer,81.44
CA,2022,2022-07-31 18:00:00,cambium_co2_rate_lrmer,85.25
CA,2022,2022-07-31 19:00:00,cambium_co2_rate_lrmer,99.1
CA,2022,2022-07-31 20:00:00,cambium_co2_rate_lrmer,113.0
CA,2022,2022-07-31 21:00:00,cambium_co2_rate_lrmer,159.0
CA,2022,2022-07-31 22:00:00,cambium_co2_rate_lrmer,154.8
CA,2022,2022-07-31 23:00:00,cambium_co2_rate_lrmer,144.9
CA,2022,2022-08-01 00:00:00,cambium_co2_rate_lrmer,141.1
CA,2022,2022-08-01 01:00:00,cambium_co2_rate_lrmer,141.1
CA,2022,2022-08-01 02:00:00,cambium_co2_rate_lrmer,144.0
CA,2022,2022-08-01 03:00:00,cambium_co2_rate_lrmer,136.4
CA,2022,2022-08-01 04:00:00,cambium_co2_rate_lrmer,143.9
CA,2022,2022-08-01 05:00:00,cambium_co2_rate_lrmer,147.4
CA,2022,2022-08-01 06:00:00,cambium_co2_rate_lrmer,143.1
CA,2022,2022-08-01 07:00:00,cambium_co2_rate_lrmer,145.2
CA,2022,2022-08-01 08:00:00,cambium_co2_rate_lrmer,137.2
CA,2022,2022-08-01 09:00:00,cambium_co2_rate_lrmer,119.56
CA,2022,2022-08-01 10:00:00,cambium_co2_rate_lrmer,87.5
CA,2022,2022-08-01 11:00:00,cambium_co2_rate_lrmer,85.8
CA,2022,2022-08-01 12:00:00,cambium_co2_rate_lrmer,99.94
CA,2022,2022-08-01 13:00:00,cambium_co2_rate_lrmer,90.25
CA,2022,2022-08-01 14:00:00,cambium_co2_rate_lrmer,97.9
CA,2022,2022-08-01 15:00:00,cambium_co2_rate_lrmer,90.3
CA,2022,2022-08-01 16:00:00,cambium_co2_rate_lrmer,87.4
CA,2022,2022-08-01 17:00:00,cambium_co2_rate_lrmer,84.7
CA,2022,2022-08-01 18:00:00,cambium_co2_rate_lrmer,87.6
CA,2022,2022-08-01 19:00:00,cambium_co2_rate_lrmer,100.25
CA,2022,2022-08-01 20:00:00,cambium_co2_rate_lrmer,115.75
CA,2022,2022-08-01 21:00:00,cambium_co2_rate_lrmer,163.9
CA,2022,2022-08-01 22:00:00,cambium_co2_rate_lrmer,159.6
CA,2022,2022-08-01 23:00:00,cambium_co2_rate_lrmer,147.0
CA,2022,2022-08-02 00:00:00,cambium_co2_rate_lrmer,144.1
CA,2022,2022-08-02 01:00:00,cambium_co2_rate_lrmer,140.0
CA,2022,2022-08-02 02:00:00,cambium_co2_rate_lrmer,143.4
CA,2022,2022-08-02 03:00:00,cambium_co2_rate_lrmer,141.5
CA,2022,2022-08-02 04:00:00,cambium_co2_rate_lrmer,143.2
CA,2022,2022-08-02 05:00:00,cambium_co2_rate_lrmer,147.5
CA,2022,2022-08-02 06:00:00,cambium_co2_rate_lrmer,142.6
CA,2022,2022-08-02 07:00:00,cambium_co2_rate_lrmer,144.2
CA,2022,2022-08-02 08:00:00,cambium_co2_rate_lrmer,138.5
CA,2022,2022-08-02 09:00:00,cambium_co2_rate_lrmer,116.9
CA,2022,2022-08-02 10:00:00,cambium_co2_rate_lrmer,87.44
CA,2022,2022-08-02 11:00:00,cambium_co2_rate_lrmer,85.3
CA,2022,2022-08-02 12:00:00,cambium_co2_rate_lrmer,99.6
CA,2022,2022-08-02 13:00:00,cambium_co2_rate_lrmer,88.8
CA,2022,2022-08-02 14:00:00,cambium_co2_rate_lrmer,95.7
CA,2022,2022-08-02 15:00:00,cambium_co2_rate_lrmer,89.8
CA,2022,2022-08-02 16:00:00,cambium_co2_rate_lrmer,87.6
CA,2022,2022-08-02 17:00:00,cambium_co2_rate_lrmer,86.9
CA,2022,2022-08-02 18:00:00,cambium_co2_rate_lrmer,89.1
CA,2022,2022-08-02 19:00:00,cambium_co2_rate_lrmer,96.25
CA,2022,2022-08-02 20:00:00,cambium_co2_rate_lrmer,115.4
CA,2022,2022-08-02 21:00:00,cambium_co2_rate_lrmer,164.6
CA,2022,2022-08-02 22:00:00,cambium_co2_rate_lrmer,157.6
CA,2022,2022-08-02 23:00:00,cambium_co2_rate_lrmer,147.0
CA,2022,2022-08-03 00:00:00,cambium_co2_rate_lrmer,142.1
CA,2022,2022-08-03 01:00:00,cambium_co2_rate_lrmer,130.8
CA,2022,2022-08-03 02:00:00,cambium_co2_rate_lrmer,131.5
CA,2022,2022-08-03 03:00:00,cambium_co2_rate_lrmer,133.4
CA,2022,2022-08-03 04:00:00,cambium_co2_rate_lrmer,133.5
CA,2022,2022-08-03 05:00:00,cambium_co2_rate_lrmer,134.6
CA,2022,2022-08-03 06:00:00,cambium_co2_rate_lrmer,135.6
CA,2022,2022-08-03 07:00:00,cambium_co2_rate_lrmer,138.1
CA,2022,2022-08-03 08:00:00,cambium_co2_rate_lrmer,133.4
CA,2022,2022-08-03 09:00:00,cambium_co2_rate_lrmer,112.94
CA,2022,2022-08-03 10:00:00,cambium_co2_rate_lrmer,89.7
CA,2022,2022-08-03 11:00:00,cambium_co2_rate_lrmer,88.1
CA,2022,2022-08-03 12:00:00,cambium_co2_rate_lrmer,102.25
CA,2022,2022-08-03 13:00:00,cambium_co2_rate_lrmer,94.6
CA,2022,2022-08-03 14:00:00,cambium_co2_rate_lrmer,96.4
CA,2022,2022-08-03 15:00:00,cambium_co2_rate_lrmer,88.56
CA,2022,2022-08-03 16:00:00,cambium_co2_rate_lrmer,87.56
CA,2022,2022-08-03 17:00:00,cambium_co2_rate_lrmer,86.1
CA,2022,2022-08-03 18:00:00,cambium_co2_rate_lrmer,88.5
CA,2022,2022-08-03 19:00:00,cambium_co2_rate_lrmer,96.1
CA,2022,2022-08-03 20:00:00,cambium_co2_rate_lrmer,115.5
CA,2022,2022-08-03 21:00:00,cambium_co2_rate_lrmer,169.1
CA,2022,2022-08-03 22:00:00,cambium_co2_rate_lrmer,155.8
CA,2022,2022-08-03 23:00:00,cambium_co2_rate_lrmer,145.2
CA,2022,2022-08-04 00:00:00,cambium_co2_rate_lrmer,146.6
CA,2022,2022-08-04 01:00:00,cambium_co2_rate_lrmer,133.9
CA,2022,2022-08-04 02:00:00,cambium_co2_rate_lrmer,138.9
CA,2022,2022-08-04 03:00:00,cambium_co2_rate_lrmer,137.5
CA,2022,2022-08-04 04:00:00,cambium_co2_rate_lrmer,138.5
CA,2022,2022-08-04 05:00:00,cambium_co2_rate_lrmer,143.0
CA,2022,2022-08-04 06:00:00,cambium_co2_rate_lrmer,142.2
CA,2022,2022-08-04 07:00:00,cambium_co2_rate_lrmer,141.8
CA,2022,2022-08-04 08:00:00,cambium_co2_rate_lrmer,136.0
CA,2022,2022-08-04 09:00:00,cambium_co2_rate_lrmer,123.3
CA,2022,2022-08-04 10:00:00,cambium_co2_rate_lrmer,98.4
CA,2022,2022-08-04 11:00:00,cambium_co2_rate_lrmer,98.75
CA,2022,2022-08-04 12:00:00,cambium_co2_rate_lrmer,109.2
CA,2022,2022-08-04 13:00:00,cambium_co2_rate_lrmer,95.3
CA,2022,2022-08-04 14:00:00,cambium_co2_rate_lrmer,100.06
CA,2022,2022-08-04 15:00:00,cambium_co2_rate_lrmer,92.44
CA,2022,2022-08-04 16:00:00,cambium_co2_rate_lrmer,91.6
CA,2022,2022-08-04 17:00:00,cambium_co2_rate_lrmer,90.1
CA,2022,2022-08-04 18:00:00,cambium_co2_rate_lrmer,93.75
CA,2022,2022-08-04 19:00:00,cambium_co2_rate_lrmer,99.56
CA,2022,2022-08-04 20:00:00,cambium_co2_rate_lrmer,120.6
CA,2022,2022-08-04 21:00:00,cambium_co2_rate_lrmer,169.9
CA,2022,2022-08-04 22:00:00,cambium_co2_rate_lrmer,153.4
CA,2022,2022-08-04 23:00:00,cambium_co2_rate_lrmer,146.4
CA,2022,2022-08-05 00:00:00,cambium_co2_rate_lrmer,145.1
CA,2022,2022-08-05 01:00:00,cambium_co2_rate_lrmer,132.8
CA,2022,2022-08-05 02:00:00,cambium_co2_rate_lrmer,137.5
CA,2022,2022-08-05 03:00:00,cambium_co2_rate_lrmer,135.5
CA,2022,2022-08-05 04:00:00,cambium_co2_rate_lrmer,140.0
CA,2022,2022-08-05 05:00:00,cambium_co2_rate_lrmer,145.4
CA,2022,2022-08-05 06:00:00,cambium_co2_rate_lrmer,147.8
CA,2022,2022-08-05 07:00:00,cambium_co2_rate_lrmer,145.6
CA,2022,2022-08-05 08:00:00,cambium_co2_rate_lrmer,142.5
CA,2022,2022-08-05 09:00:00,cambium_co2_rate_lrmer,125.25
CA,2022,2022-08-05 10:00:00,cambium_co2_rate_lrmer,95.44
CA,2022,2022-08-05 11:00:00,cambium_co2_rate_lrmer,96.4
CA,2022,2022-08-05 12:00:00,cambium_co2_rate_lrmer,109.94
CA,2022,2022-08-05 13:00:00,cambium_co2_rate_lrmer,94.0
CA,2022,2022-08-05 14:00:00,cambium_co2_rate_lrmer,102.5
CA,2022,2022-08-05 15:00:00,cambium_co2_rate_lrmer,94.8
CA,2022,2022-08-05 16:00:00,cambium_co2_rate_lrmer,93.5
CA,2022,2022-08-05 17:00:00,cambium_co2_rate_lrmer,90.4
CA,2022,2022-08-05 18:00:00,cambium_co2_rate_lrmer,91.9
CA,2022,2022-08-05 19:00:00,cambium_co2_rate_lrmer,97.75
CA,2022,2022-08-05 20:00:00,cambium_co2_rate_lrmer,119.9
CA,2022,2022-08-05 21:00:00,cambium_co2_rate_lrmer,168.4
CA,2022,2022-08-05 22:00:00,cambium_co2_rate_lrmer,149.5
CA,2022,2022-08-05 23:00:00,cambium_co2_rate_lrmer,146.0
CA,2022,2022-08-06 00:00:00,cambium_co2_rate_lrmer,143.6
CA,2022,2022-08-06 01:00:00,cambium_co2_rate_lrmer,130.1
CA,2022,2022-08-06 02:00:00,cambium_co2_rate_lrmer,135.5
CA,2022,2022-08-06 03:00:00,cambium_co2_rate_lrmer,134.5
CA,2022,2022-08-06 04:00:00,cambium_co2_rate_lrmer,140.0
CA,2022,2022-08-06 05:00:00,cambium_co2_rate_lrmer,144.6
CA,2022,2022-08-06 06:00:00,cambium_co2_rate_lrmer,146.8
CA,2022,2022-08-06 07:00:00,cambium_co2_rate_lrmer,143.9
CA,2022,2022-08-06 08:00:00,cambium_co2_rate_lrmer,140.6
CA,2022,2022-08-06 09:00:00,cambium_co2_rate_lrmer,121.56
CA,2022,2022-08-06 10:00:00,cambium_co2_rate_lrmer,95.1
CA,2022,2022-08-06 11:00:00,cambium_co2_rate_lrmer,95.94
CA,2022,2022-08-06 12:00:00,cambium_co2_rate_lrmer,108.25
CA,2022,2022-08-06 13:00:00,cambium_co2_rate_lrmer,94.4
CA,2022,2022-08-06 14:00:00,cambium_co2_rate_lrmer,101.75
CA,2022,2022-08-06 15:00:00,cambium_co2_rate_lrmer,96.8
CA,2022,2022-08-06 16:00:00,cambium_co2_rate_lrmer,96.0
CA,2022,2022-08-06 17:00:00,cambium_co2_rate_lrmer,93.0
CA,2022,2022-08-06 18:00:00,cambium_co2_rate_lrmer,92.06
CA,2022,2022-08-06 19:00:00,cambium_co2_rate_lrmer,98.8
CA,2022,2022-08-06 20:00:00,cambium_co2_rate_lrmer,122.2
CA,2022,2022-08-06 21:00:00,cambium_co2_rate_lrmer,165.6
CA,2022,2022-08-06 22:00:00,cambium_co2_rate_lrmer,152.1
CA,2022,2022-08-06 23:00:00,cambium_co2_rate_lrmer,148.4
CA,2022,2022-08-07 00:00:00,cambium_co2_rate_lrmer,140.0
CA,2022,2022-08-07 01:00:00,cambium_co2_rate_lrmer,137.0
CA,2022,2022-08-07 02:00:00,cambium_co2_rate_lrmer,139.1
CA,2022,2022-08-07 03:00:00,cambium_co2_rate_lrmer,140.5
CA,2022,2022-08-07 04:00:00,cambium_co2_rate_lrmer,146.1
CA,2022,2022-08-07 05:00:00,cambium_co2_rate_lrmer,150.5
CA,2022,2022-08-07 06:00:00,cambium_co2_rate_lrmer,154.6
CA,2022,2022-08-07 07:00:00,cambium_co2_rate_lrmer,151.1
CA,2022,2022-08-07 08:00:00,cambium_co2_rate_lrmer,147.1
CA,2022,2022-08-07 09:00:00,cambium_co2_rate_lrmer,129.0
CA,2022,2022-08-07 10:00:00,cambium_co2_rate_lrmer,104.25
CA,2022,2022-08-07 11:00:00,cambium_co2_rate_lrmer,104.56
CA,2022,2022-08-07 12:00:00,cambium_co2_rate_lrmer,116.0
CA,2022,2022-08-07 13:00:00,cambium_co2_rate_lrmer,103.2
CA,2022,2022-08-07 14:00:00,cambium_co2_rate_lrmer,106.94
CA,2022,2022-08-07 15:00:00,cambium_co2_rate_lrmer,104.25
CA,2022,2022-08-07 16:00:00,cambium_co2_rate_lrmer,102.1
CA,2022,2022-08-07 17:00:00,cambium_co2_rate_lrmer,97.2
CA,2022,2022-08-07 18:00:00,cambium_co2_rate_lrmer,97.4
CA,2022,2022-08-07 19:00:00,cambium_co2_rate_lrmer,103.75
CA,2022,2022-08-07 20:00:00,cambium_co2_rate_lrmer,128.1
CA,2022,2022-08-07 21:00:00,cambium_co2_rate_lrmer,168.9
CA,2022,2022-08-07 22:00:00,cambium_co2_rate_lrmer,156.2
CA,2022,2022-08-07 23:00:00,cambium_co2_rate_lrmer,159.2
CA,2022,2022-08-08 00:00:00,cambium_co2_rate_lrmer,150.2
CA,2022,2022-08-08 01:00:00,cambium_co2_rate_lrmer,140.8
CA,2022,2022-08-08 02:00:00,cambium_co2_rate_lrmer,142.6
CA,2022,2022-08-08 03:00:00,cambium_co2_rate_lrmer,144.0
CA,2022,2022-08-08 04:00:00,cambium_co2_rate_lrmer,149.4
CA,2022,2022-08-08 05:00:00,cambium_co2_rate_lrmer,153.9
CA,2022,2022-08-08 06:00:00,cambium_co2_rate_lrmer,157.8
CA,2022,2022-08-08 07:00:00,cambium_co2_rate_lrmer,152.2
CA,2022,2022-08-08 08:00:00,cambium_co2_rate_lrmer,149.2
CA,2022,2022-08-08 09:00:00,cambium_co2_rate_lrmer,130.0
CA,2022,2022-08-08 10:00:00,cambium_co2_rate_lrmer,104.6
CA,2022,2022-08-08 11:00:00,cambium_co2_rate_lrmer,106.5
CA,2022,2022-08-08 12:00:00,cambium_co2_rate_lrmer,118.8
CA,2022,2022-08-08 13:00:00,cambium_co2_rate_lrmer,106.4
CA,2022,2022-08-08 14:00:00,cambium_co2_rate_lrmer,107.56
CA,2022,2022-08-08 15:00:00,cambium_co2_rate_lrmer,105.1
CA,2022,2022-08-08 16:00:00,cambium_co2_rate_lrmer,103.06
CA,2022,2022-08-08 17:00:00,cambium_co2_rate_lrmer,98.4
CA,2022,2022-08-08 18:00:00,cambium_co2_rate_lrmer,98.4
CA,2022,2022-08-08 19:00:00,cambium_co2_rate_lrmer,103.75
CA,2022,2022-08-08 20:00:00,cambium_co2_rate_lrmer,131.1
CA,2022,2022-08-08 21:00:00,cambium_co2_rate_lrmer,171.6
CA,2022,2022-08-08 22:00:00,cambium_co2_rate_lrmer,159.0
CA,2022,2022-08-08 23:00:00,cambium_co2_rate_lrmer,160.8
CA,2022,2022-08-09 00:00:00,cambium_co2_rate_lrmer,144.5
CA,2022,2022-08-09 01:00:00,cambium_co2_rate_lrmer,140.9
CA,2022,2022-08-09 02:00:00,cambium_co2_rate_lrmer,142.8
CA,2022,2022-08-09 03:00:00,cambium_co2_rate_lrmer,144.1
CA,2022,2022-08-09 04:00:00,cambium_co2_rate_lrmer,147.2
CA,2022,2022-08-09 05:00:00,cambium_co2_rate_lrmer,150.0
CA,2022,2022-08-09 06:00:00,cambium_co2_rate_lrmer,152.9
CA,2022,2022-08-09 07:00:00,cambium_co2_rate_lrmer,148.2
CA,2022,2022-08-09 08:00:00,cambium_co2_rate_lrmer,151.5
CA,2022,2022-08-09 09:00:00,cambium_co2_rate_lrmer,131.4
CA,2022,2022-08-09 10:00:00,cambium_co2_rate_lrmer,106.4
CA,2022,2022-08-09 11:00:00,cambium_co2_rate_lrmer,106.94
CA,2022,2022-08-09 12:00:00,cambium_co2_rate_lrmer,118.5
CA,2022,2022-08-09 13:00:00,cambium_co2_rate_lrmer,106.25
CA,2022,2022-08-09 14:00:00,cambium_co2_rate_lrmer,106.75
CA,2022,2022-08-09 15:00:00,cambium_co2_rate_lrmer,106.25
CA,2022,2022-08-09 16:00:00,cambium_co2_rate_lrmer,102.6
CA,2022,2022-08-09 17:00:00,cambium_co2_rate_lrmer,95.44
CA,2022,2022-08-09 18:00:00,cambium_co2_rate_lrmer,95.6
CA,2022,2022-08-09 19:00:00,cambium_co2_rate_lrmer,99.4
CA,2022,2022-08-09 20:00:00,cambium_co2_rate_lrmer,129.8
CA,2022,2022-08-09 21:00:00,cambium_co2_rate_lrmer,171.2
CA,2022,2022-08-09 22:00:00,cambium_co2_rate_lrmer,163.2
CA,2022,2022-08-09 23:00:00,cambium_co2_rate_lrmer,165.1
CA,2022,2022-08-10 00:00:00,cambium_co2_rate_lrmer,140.8
CA,2022,2022-08-10 01:00:00,cambium_co2_rate_lrmer,135.1
CA,2022,2022-08-10 02:00:00,cambium_co2_rate_lrmer,138.6
CA,2022,2022-08-10 03:00:00,cambium_co2_rate_lrmer,141.0
CA,2022,2022-08-10 04:00:00,cambium_co2_rate_lrmer,145.4
CA,2022,2022-08-10 05:00:00,cambium_co2_rate_lrmer,146.8
CA,2022,2022-08-10 06:00:00,cambium_co2_rate_lrmer,149.0
CA,2022,2022-08-10 07:00:00,cambium_co2_rate_lrmer,144.2
CA,2022,2022-08-10 08:00:00,cambium_co2_rate_lrmer,150.4
CA,2022,2022-08-10 09:00:00,cambium_co2_rate_lrmer,129.0
CA,2022,2022-08-10 10:00:00,cambium_co2_rate_lrmer,103.9
CA,2022,2022-08-10 11:00:00,cambium_co2_rate_lrmer,103.2
CA,2022,2022-08-10 12:00:00,cambium_co2_rate_lrmer,117.4
CA,2022,2022-08-10 13:00:00,cambium_co2_rate_lrmer,104.75
CA,2022,2022-08-10 14:00:00,cambium_co2_rate_lrmer,106.25
CA,2022,2022-08-10 15:00:00,cambium_co2_rate_lrmer,107.5
CA,2022,2022-08-10 16:00:00,cambium_co2_rate_lrmer,103.8
CA,2022,2022-08-10 17:00:00,cambium_co2_rate_lrmer,93.9
CA,2022,2022-08-10 18:00:00,cambium_co2_rate_lrmer,94.75
CA,2022,2022-08-10 19:00:00,cambium_co2_rate_lrmer,98.1
CA,2022,2022-08-10 20:00:00,cambium_co2_rate_lrmer,129.6
CA,2022,2022-08-10 21:00:00,cambium_co2_rate_lrmer,169.0
CA,2022,2022-08-10 22:00:00,cambium_co2_rate_lrmer,162.2
CA,2022,2022-08-10 23:00:00,cambium_co2_rate_lrmer,161.8
CA,2022,2022-08-11 00:00:00,cambium_co2_rate_lrmer,137.9
CA,2022,2022-08-11 01:00:00,cambium_co2_rate_lrmer,134.0
CA,2022,2022-08-11 02:00:00,cambium_co2_rate_lrmer,133.9
CA,2022,2022-08-11 03:00:00,cambium_co2_rate_lrmer,141.2
CA,2022,2022-08-11 04:00:00,cambium_co2_rate_lrmer,145.8
CA,2022,2022-08-11 05:00:00,cambium_co2_rate_lrmer,148.2
CA,2022,2022-08-11 06:00:00,cambium_co2_rate_lrmer,149.8
CA,2022,2022-08-11 07:00:00,cambium_co2_rate_lrmer,145.2
CA,2022,2022-08-11 08:00:00,cambium_co2_rate_lrmer,152.1
CA,2022,2022-08-11 09:00:00,cambium_co2_rate_lrmer,131.9
CA,2022,2022-08-11 10:00:00,cambium_co2_rate_lrmer,106.75
CA,2022,2022-08-11 11:00:00,cambium_co2_rate_lrmer,105.94
CA,2022,2022-08-11 12:00:00,cambium_co2_rate_lrmer,120.75
CA,2022,2022-08-11 13:00:00,cambium_co2_rate_lrmer,106.9
CA,2022,2022-08-11 14:00:00,cambium_co2_rate_lrmer,109.25
CA,2022,2022-08-11 15:00:00,cambium_co2_rate_lrmer,109.9
CA,2022,2022-08-11 16:00:00,cambium_co2_rate_lrmer,106.75
CA,2022,2022-08-11 17:00:00,cambium_co2_rate_lrmer,96.25
CA,2022,2022-08-11 18:00:00,cambium_co2_rate_lrmer,97.44
CA,2022,2022-08-11 19:00:00,cambium_co2_rate_lrmer,100.6
CA,2022,2022-08-11 20:00:00,cambium_co2_rate_lrmer,133.2
CA,2022,2022-08-11 21:00:00,cambium_co2_rate_lrmer,170.0
CA,2022,2022-08-11 22:00:00,cambium_co2_rate_lrmer,166.8
CA,2022,2022-08-11 23:00:00,cambium_co2_rate_lrmer,163.2
CA,2022,2022-08-12 00:00:00,cambium_co2_rate_lrmer,139.5
CA,2022,2022-08-12 01:00:00,cambium_co2_rate_lrmer,134.6
CA,2022,2022-08-12 02:00:00,cambium_co2_rate_lrmer,139.9
CA,2022,2022-08-12 03:00:00,cambium_co2_rate_lrmer,147.0
CA,2022,2022-08-12 04:00:00,cambium_co2_rate_lrmer,152.5
CA,2022,2022-08-12 05:00:00,cambium_co2_rate_lrmer,154.0
CA,2022,2022-08-12 06:00:00,cambium_co2_rate_lrmer,154.1
CA,2022,2022-08-12 07:00:00,cambium_co2_rate_lrmer,151.8
CA,2022,2022-08-12 08:00:00,cambium_co2_rate_lrmer,155.8
CA,2022,2022-08-12 09:00:00,cambium_co2_rate_lrmer,134.6
CA,2022,2022-08-12 10:00:00,cambium_co2_rate_lrmer,109.3
CA,2022,2022-08-12 11:00:00,cambium_co2_rate_lrmer,108.2
CA,2022,2022-08-12 12:00:00,cambium_co2_rate_lrmer,122.0
CA,2022,2022-08-12 13:00:00,cambium_co2_rate_lrmer,108.5
CA,2022,2022-08-12 14:00:00,cambium_co2_rate_lrmer,109.0
CA,2022,2022-08-12 15:00:00,cambium_co2_rate_lrmer,110.2
CA,2022,2022-08-12 16:00:00,cambium_co2_rate_lrmer,108.9
CA,2022,2022-08-12 17:00:00,cambium_co2_rate_lrmer,99.06
CA,2022,2022-08-12 18:00:00,cambium_co2_rate_lrmer,102.0
CA,2022,2022-08-12 19:00:00,cambium_co2_rate_lrmer,107.6
CA,2022,2022-08-12 20:00:00,cambium_co2_rate_lrmer,135.2
CA,2022,2022-08-12 21:00:00,cambium_co2_rate_lrmer,173.1
CA,2022,2022-08-12 22:00:00,cambium_co2_rate_lrmer,165.4
CA,2022,2022-08-12 23:00:00,cambium_co2_rate_lrmer,165.0
CA,2022,2022-08-13 00:00:00,cambium_co2_rate_lrmer,141.1
CA,2022,2022-08-13 01:00:00,cambium_co2_rate_lrmer,137.0
CA,2022,2022-08-13 02:00:00,cambium_co2_rate_lrmer,140.2
CA,2022,2022-08-13 03:00:00,cambium_co2_rate_lrmer,145.0
CA,2022,2022-08-13 04:00:00,cambium_co2_rate_lrmer,151.5
CA,2022,2022-08-13 05:00:00,cambium_co2_rate_lrmer,153.4
CA,2022,2022-08-13 06:00:00,cambium_co2_rate_lrmer,151.1
CA,2022,2022-08-13 07:00:00,cambium_co2_rate_lrmer,150.9
CA,2022,2022-08-13 08:00:00,cambium_co2_rate_lrmer,155.4
CA,2022,2022-08-13 09:00:00,cambium_co2_rate_lrmer,135.9
CA,2022,2022-08-13 10:00:00,cambium_co2_rate_lrmer,107.94
CA,2022,2022-08-13 11:00:00,cambium_co2_rate_lrmer,106.44
CA,2022,2022-08-13 12:00:00,cambium_co2_rate_lrmer,118.9
CA,2022,2022-08-13 13:00:00,cambium_co2_rate_lrmer,104.75
CA,2022,2022-08-13 14:00:00,cambium_co2_rate_lrmer,106.4
CA,2022,2022-08-13 15:00:00,cambium_co2_rate_lrmer,109.7
CA,2022,2022-08-13 16:00:00,cambium_co2_rate_lrmer,108.4
CA,2022,2022-08-13 17:00:00,cambium_co2_rate_lrmer,98.75
CA,2022,2022-08-13 18:00:00,cambium_co2_rate_lrmer,102.44
CA,2022,2022-08-13 19:00:00,cambium_co2_rate_lrmer,106.25
CA,2022,2022-08-13 20:00:00,cambium_co2_rate_lrmer,135.2
CA,2022,2022-08-13 21:00:00,cambium_co2_rate_lrmer,174.4
CA,2022,2022-08-13 22:00:00,cambium_co2_rate_lrmer,166.4
CA,2022,2022-08-13 23:00:00,cambium_co2_rate_lrmer,166.2
CA,2022,2022-08-14 00:00:00,cambium_co2_rate_lrmer,138.4
CA,2022,2022-08-14 01:00:00,cambium_co2_rate_lrmer,132.6
CA,2022,2022-08-14 02:00:00,cambium_co2_rate_lrmer,136.8
CA,2022,2022-08-14 03:00:00,cambium_co2_rate_lrmer,139.9
CA,2022,2022-08-14 04:00:00,cambium_co2_rate_lrmer,147.5
CA,2022,2022-08-14 05:00:00,cambium_co2_rate_lrmer,147.4
CA,2022,2022-08-14 06:00:00,cambium_co2_rate_lrmer,142.5
CA,2022,2022-08-14 07:00:00,cambium_co2_rate_lrmer,145.0
CA,2022,2022-08-14 08:00:00,cambium_co2_rate_lrmer,149.4
CA,2022,2022-08-14 09:00:00,cambium_co2_rate_lrmer,132.8
CA,2022,2022-08-14 10:00:00,cambium_co2_rate_lrmer,106.2
CA,2022,2022-08-14 11:00:00,cambium_co2_rate_lrmer,104.9
CA,2022,2022-08-14 12:00:00,cambium_co2_rate_lrmer,114.2
CA,2022,2022-08-14 13:00:00,cambium_co2_rate_lrmer,104.25
CA,2022,2022-08-14 14:00:00,cambium_co2_rate_lrmer,105.5
CA,2022,2022-08-14 15:00:00,cambium_co2_rate_lrmer,110.4
CA,2022,2022-08-14 16:00:00,cambium_co2_rate_lrmer,108.25
CA,2022,2022-08-14 17:00:00,cambium_co2_rate_lrmer,99.44
CA,2022,2022-08-14 18:00:00,cambium_co2_rate_lrmer,102.06
CA,2022,2022-08-14 19:00:00,cambium_co2_rate_lrmer,105.0
CA,2022,2022-08-14 20:00:00,cambium_co2_rate_lrmer,136.0
CA,2022,2022-08-14 21:00:00,cambium_co2_rate_lrmer,178.1
CA,2022,2022-08-14 22:00:00,cambium_co2_rate_lrmer,169.9
CA,2022,2022-08-14 23:00:00,cambium_co2_rate_lrmer,168.4
CA,2022,2022-08-15 00:00:00,cambium_co2_rate_lrmer,139.9
CA,2022,2022-08-15 01:00:00,cambium_co2_rate_lrmer,135.1
CA,2022,2022-08-15 02:00:00,cambium_co2_rate_lrmer,135.2
CA,2022,2022-08-15 03:00:00,cambium_co2_rate_lrmer,138.8
CA,2022,2022-08-15 04:00:00,cambium_co2_rate_lrmer,149.0
CA,2022,2022-08-15 05:00:00,cambium_co2_rate_lrmer,146.5
CA,2022,2022-08-15 06:00:00,cambium_co2_rate_lrmer,144.4
CA,2022,2022-08-15 07:00:00,cambium_co2_rate_lrmer,146.0
CA,2022,2022-08-15 08:00:00,cambium_co2_rate_lrmer,152.8
CA,2022,2022-08-15 09:00:00,cambium_co2_rate_lrmer,134.6
CA,2022,2022-08-15 10:00:00,cambium_co2_rate_lrmer,107.0
CA,2022,2022-08-15 11:00:00,cambium_co2_rate_lrmer,105.44
CA,2022,2022-08-15 12:00:00,cambium_co2_rate_lrmer,115.56
CA,2022,2022-08-15 13:00:00,cambium_co2_rate_lrmer,106.9
CA,2022,2022-08-15 14:00:00,cambium_co2_rate_lrmer,106.9
CA,2022,2022-08-15 15:00:00,cambium_co2_rate_lrmer,114.25
CA,2022,2022-08-15 16:00:00,cambium_co2_rate_lrmer,110.44
CA,2022,2022-08-15 17:00:00,cambium_co2_rate_lrmer,102.06
CA,2022,2022-08-15 18:00:00,cambium_co2_rate_lrmer,102.9
CA,2022,2022-08-15 19:00:00,cambium_co2_rate_lrmer,100.5
CA,2022,2022-08-15 20:00:00,cambium_co2_rate_lrmer,127.9
CA,2022,2022-08-15 21:00:00,cambium_co2_rate_lrmer,167.1
CA,2022,2022-08-15 22:00:00,cambium_co2_rate_lrmer,158.9
CA,2022,2022-08-15 23:00:00,cambium_co2_rate_lrmer,157.6
CA,2022,2022-08-16 00:00:00,cambium_co2_rate_lrmer,133.2
CA,2022,2022-08-16 01:00:00,cambium_co2_rate_lrmer,129.1
CA,2022,2022-08-16 02:00:00,cambium_co2_rate_lrmer,129.0
CA,2022,2022-08-16 03:00:00,cambium_co2_rate_lrmer,131.6
CA,2022,2022-08-16 04:00:00,cambium_co2_rate_lrmer,143.0
CA,2022,2022-08-16 05:00:00,cambium_co2_rate_lrmer,142.1
CA,2022,2022-08-16 06:00:00,cambium_co2_rate_lrmer,140.2
CA,2022,2022-08-16 07:00:00,cambium_co2_rate_lrmer,139.8
CA,2022,2022-08-16 08:00:00,cambium_co2_rate_lrmer,147.5
CA,2022,2022-08-16 09:00:00,cambium_co2_rate_lrmer,130.2
CA,2022,2022-08-16 10:00:00,cambium_co2_rate_lrmer,104.1
CA,2022,2022-08-16 11:00:00,cambium_co2_rate_lrmer,100.75
CA,2022,2022-08-16 12:00:00,cambium_co2_rate_lrmer,111.3
CA,2022,2022-08-16 13:00:00,cambium_co2_rate_lrmer,101.94
CA,2022,2022-08-16 14:00:00,cambium_co2_rate_lrmer,103.2
CA,2022,2022-08-16 15:00:00,cambium_co2_rate_lrmer,110.4
CA,2022,2022-08-16 16:00:00,cambium_co2_rate_lrmer,105.9
CA,2022,2022-08-16 17:00:00,cambium_co2_rate_lrmer,97.06
CA,2022,2022-08-16 18:00:00,cambium_co2_rate_lrmer,98.4
CA,2022,2022-08-16 19:00:00,cambium_co2_rate_lrmer,95.56
CA,2022,2022-08-16 20:00:00,cambium_co2_rate_lrmer,124.7
CA,2022,2022-08-16 21:00:00,cambium_co2_rate_lrmer,164.5
CA,2022,2022-08-16 22:00:00,cambium_co2_rate_lrmer,155.8
CA,2022,2022-08-16 23:00:00,cambium_co2_rate_lrmer,152.4
CA,2022,2022-08-17 00:00:00,cambium_co2_rate_lrmer,128.0
CA,2022,2022-08-17 01:00:00,cambium_co2_rate_lrmer,125.3
CA,2022,2022-08-17 02:00:00,cambium_co2_rate_lrmer,122.94
CA,2022,2022-08-17 03:00:00,cambium_co2_rate_lrmer,126.56
CA,2022,2022-08-17 04:00:00,cambium_co2_rate_lrmer,137.4
CA,2022,2022-08-17 05:00:00,cambium_co2_rate_lrmer,136.1
CA,2022,2022-08-17 06:00:00,cambium_co2_rate_lrmer,135.2
CA,2022,2022-08-17 07:00:00,cambium_co2_rate_lrmer,132.1
CA,2022,2022-08-17 08:00:00,cambium_co2_rate_lrmer,142.8
CA,2022,2022-08-17 09:00:00,cambium_co2_rate_lrmer,126.6
CA,2022,2022-08-17 10:00:00,cambium_co2_rate_lrmer,99.1
CA,2022,2022-08-17 11:00:00,cambium_co2_rate_lrmer,95.3
CA,2022,2022-08-17 12:00:00,cambium_co2_rate_lrmer,106.5
CA,2022,2022-08-17 13:00:00,cambium_co2_rate_lrmer,97.8
CA,2022,2022-08-17 14:00:00,cambium_co2_rate_lrmer,100.0
CA,2022,2022-08-17 15:00:00,cambium_co2_rate_lrmer,104.9
CA,2022,2022-08-17 16:00:00,cambium_co2_rate_lrmer,101.6
CA,2022,2022-08-17 17:00:00,cambium_co2_rate_lrmer,93.3
CA,2022,2022-08-17 18:00:00,cambium_co2_rate_lrmer,93.94
CA,2022,2022-08-17 19:00:00,cambium_co2_rate_lrmer,93.06
CA,2022,2022-08-17 20:00:00,cambium_co2_rate_lrmer,123.06
CA,2022,2022-08-17 21:00:00,cambium_co2_rate_lrmer,162.2
CA,2022,2022-08-17 22:00:00,cambium_co2_rate_lrmer,153.5
CA,2022,2022-08-17 23:00:00,cambium_co2_rate_lrmer,150.4
CA,2022,2022-08-18 00:00:00,cambium_co2_rate_lrmer,129.9
CA,2022,2022-08-18 01:00:00,cambium_co2_rate_lrmer,123.4
CA,2022,2022-08-18 02:00:00,cambium_co2_rate_lrmer,119.4
CA,2022,2022-08-18 03:00:00,cambium_co2_rate_lrmer,123.4
CA,2022,2022-08-18 04:00:00,cambium_co2_rate_lrmer,134.9
CA,2022,2022-08-18 05:00:00,cambium_co2_rate_lrmer,134.0
CA,2022,2022-08-18 06:00:00,cambium_co2_rate_lrmer,133.0
CA,2022,2022-08-18 07:00:00,cambium_co2_rate_lrmer,128.8
CA,2022,2022-08-18 08:00:00,cambium_co2_rate_lrmer,141.2
CA,2022,2022-08-18 09:00:00,cambium_co2_rate_lrmer,126.9
CA,2022,2022-08-18 10:00:00,cambium_co2_rate_lrmer,101.75
CA,2022,2022-08-18 11:00:00,cambium_co2_rate_lrmer,96.75
CA,2022,2022-08-18 12:00:00,cambium_co2_rate_lrmer,108.5
CA,2022,2022-08-18 13:00:00,cambium_co2_rate_lrmer,99.4
CA,2022,2022-08-18 14:00:00,cambium_co2_rate_lrmer,101.75
CA,2022,2022-08-18 15:00:00,cambium_co2_rate_lrmer,108.6
CA,2022,2022-08-18 16:00:00,cambium_co2_rate_lrmer,103.75
CA,2022,2022-08-18 17:00:00,cambium_co2_rate_lrmer,95.44
CA,2022,2022-08-18 18:00:00,cambium_co2_rate_lrmer,94.0
CA,2022,2022-08-18 19:00:00,cambium_co2_rate_lrmer,95.56
CA,2022,2022-08-18 20:00:00,cambium_co2_rate_lrmer,124.44
CA,2022,2022-08-18 21:00:00,cambium_co2_rate_lrmer,162.6
CA,2022,2022-08-18 22:00:00,cambium_co2_rate_lrmer,154.0
CA,2022,2022-08-18 23:00:00,cambium_co2_rate_lrmer,153.6
CA,2022,2022-08-19 00:00:00,cambium_co2_rate_lrmer,134.4
CA,2022,2022-08-19 01:00:00,cambium_co2_rate_lrmer,123.6
CA,2022,2022-08-19 02:00:00,cambium_co2_rate_lrmer,119.2
CA,2022,2022-08-19 03:00:00,cambium_co2_rate_lrmer,123.44
CA,2022,2022-08-19 04:00:00,cambium_co2_rate_lrmer,134.0
CA,2022,2022-08-19 05:00:00,cambium_co2_rate_lrmer,134.6
CA,2022,2022-08-19 06:00:00,cambium_co2_rate_lrmer,133.5
CA,2022,2022-08-19 07:00:00,cambium_co2_rate_lrmer,128.2
CA,2022,2022-08-19 08:00:00,cambium_co2_rate_lrmer,141.2
CA,2022,2022-08-19 09:00:00,cambium_co2_rate_lrmer,125.5
CA,2022,2022-08-19 10:00:00,cambium_co2_rate_lrmer,101.44
CA,2022,2022-08-19 11:00:00,cambium_co2_rate_lrmer,97.1
CA,2022,2022-08-19 12:00:00,cambium_co2_rate_lrmer,106.94
CA,2022,2022-08-19 13:00:00,cambium_co2_rate_lrmer,97.3
CA,2022,2022-08-19 14:00:00,cambium_co2_rate_lrmer,101.9
CA,2022,2022-08-19 15:00:00,cambium_co2_rate_lrmer,110.56
CA,2022,2022-08-19 16:00:00,cambium_co2_rate_lrmer,103.75
CA,2022,2022-08-19 17:00:00,cambium_co2_rate_lrmer,95.44
CA,2022,2022-08-19 18:00:00,cambium_co2_rate_lrmer,97.06
CA,2022,2022-08-19 19:00:00,cambium_co2_rate_lrmer,98.94
CA,2022,2022-08-19 20:00:00,cambium_co2_rate_lrmer,129.2
CA,2022,2022-08-19 21:00:00,cambium_co2_rate_lrmer,166.8
CA,2022,2022-08-19 22:00:00,cambium_co2_rate_lrmer,158.1
CA,2022,2022-08-19 23:00:00,cambium_co2_rate_lrmer,160.2
CA,2022,2022-08-20 00:00:00,cambium_co2_rate_lrmer,138.1
CA,2022,2022-08-20 01:00:00,cambium_co2_rate_lrmer,123.06
CA,2022,2022-08-20 02:00:00,cambium_co2_rate_lrmer,120.75
CA,2022,2022-08-20 03:00:00,cambium_co2_rate_lrmer,125.25
CA,2022,2022-08-20 04:00:00,cambium_co2_rate_lrmer,136.8
CA,2022,2022-08-20 05:00:00,cambium_co2_rate_lrmer,137.0
CA,2022,2022-08-20 06:00:00,cambium_co2_rate_lrmer,136.9
CA,2022,2022-08-20 07:00:00,cambium_co2_rate_lrmer,130.5
CA,2022,2022-08-20 08:00:00,cambium_co2_rate_lrmer,142.8
CA,2022,2022-08-20 09:00:00,cambium_co2_rate_lrmer,125.25
CA,2022,2022-08-20 10:00:00,cambium_co2_rate_lrmer,110.6
CA,2022,2022-08-20 11:00:00,cambium_co2_rate_lrmer,102.5
CA,2022,2022-08-20 12:00:00,cambium_co2_rate_lrmer,111.2
CA,2022,2022-08-20 13:00:00,cambium_co2_rate_lrmer,109.25
CA,2022,2022-08-20 14:00:00,cambium_co2_rate_lrmer,105.1
CA,2022,2022-08-20 15:00:00,cambium_co2_rate_lrmer,112.5
CA,2022,2022-08-20 16:00:00,cambium_co2_rate_lrmer,106.25
CA,2022,2022-08-20 17:00:00,cambium_co2_rate_lrmer,96.5
CA,2022,2022-08-20 18:00:00,cambium_co2_rate_lrmer,98.75
CA,2022,2022-08-20 19:00:00,cambium_co2_rate_lrmer,103.06
CA,2022,2022-08-20 20:00:00,cambium_co2_rate_lrmer,132.5
CA,2022,2022-08-20 21:00:00,cambium_co2_rate_lrmer,172.2
CA,2022,2022-08-20 22:00:00,cambium_co2_rate_lrmer,163.0
CA,2022,2022-08-20 23:00:00,cambium_co2_rate_lrmer,163.4
CA,2022,2022-08-21 00:00:00,cambium_co2_rate_lrmer,142.5
CA,2022,2022-08-21 01:00:00,cambium_co2_rate_lrmer,128.9
CA,2022,2022-08-21 02:00:00,cambium_co2_rate_lrmer,126.7
CA,2022,2022-08-21 03:00:00,cambium_co2_rate_lrmer,129.8
CA,2022,2022-08-21 04:00:00,cambium_co2_rate_lrmer,137.0
CA,2022,2022-08-21 05:00:00,cambium_co2_rate_lrmer,140.9
CA,2022,2022-08-21 06:00:00,cambium_co2_rate_lrmer,140.6
CA,2022,2022-08-21 07:00:00,cambium_co2_rate_lrmer,133.4
CA,2022,2022-08-21 08:00:00,cambium_co2_rate_lrmer,147.9
CA,2022,2022-08-21 09:00:00,cambium_co2_rate_lrmer,133.6
CA,2022,2022-08-21 10:00:00,cambium_co2_rate_lrmer,124.3
CA,2022,2022-08-21 11:00:00,cambium_co2_rate_lrmer,117.4
CA,2022,2022-08-21 12:00:00,cambium_co2_rate_lrmer,118.25
CA,2022,2022-08-21 13:00:00,cambium_co2_rate_lrmer,111.1
CA,2022,2022-08-21 14:00:00,cambium_co2_rate_lrmer,112.5
CA,2022,2022-08-21 15:00:00,cambium_co2_rate_lrmer,115.5
CA,2022,2022-08-21 16:00:00,cambium_co2_rate_lrmer,112.56
CA,2022,2022-08-21 17:00:00,cambium_co2_rate_lrmer,99.4
CA,2022,2022-08-21 18:00:00,cambium_co2_rate_lrmer,103.4
CA,2022,2022-08-21 19:00:00,cambium_co2_rate_lrmer,111.1
CA,2022,2022-08-21 20:00:00,cambium_co2_rate_lrmer,141.9
CA,2022,2022-08-21 21:00:00,cambium_co2_rate_lrmer,182.2
CA,2022,2022-08-21 22:00:00,cambium_co2_rate_lrmer,172.1
CA,2022,2022-08-21 23:00:00,cambium_co2_rate_lrmer,172.0
CA,2022,2022-08-22 00:00:00,cambium_co2_rate_lrmer,151.6
CA,2022,2022-08-22 01:00:00,cambium_co2_rate_lrmer,136.9
CA,2022,2022-08-22 02:00:00,cambium_co2_rate_lrmer,130.6
CA,2022,2022-08-22 03:00:00,cambium_co2_rate_lrmer,133.8
CA,2022,2022-08-22 04:00:00,cambium_co2_rate_lrmer,141.2
CA,2022,2022-08-22 05:00:00,cambium_co2_rate_lrmer,146.5
CA,2022,2022-08-22 06:00:00,cambium_co2_rate_lrmer,145.8
CA,2022,2022-08-22 07:00:00,cambium_co2_rate_lrmer,137.0
CA,2022,2022-08-22 08:00:00,cambium_co2_rate_lrmer,150.8
CA,2022,2022-08-22 09:00:00,cambium_co2_rate_lrmer,133.2
CA,2022,2022-08-22 10:00:00,cambium_co2_rate_lrmer,124.4
CA,2022,2022-08-22 11:00:00,cambium_co2_rate_lrmer,119.7
CA,2022,2022-08-22 12:00:00,cambium_co2_rate_lrmer,123.56
CA,2022,2022-08-22 13:00:00,cambium_co2_rate_lrmer,113.94
CA,2022,2022-08-22 14:00:00,cambium_co2_rate_lrmer,117.6
CA,2022,2022-08-22 15:00:00,cambium_co2_rate_lrmer,118.56
CA,2022,2022-08-22 16:00:00,cambium_co2_rate_lrmer,114.1
CA,2022,2022-08-22 17:00:00,cambium_co2_rate_lrmer,99.9
CA,2022,2022-08-22 18:00:00,cambium_co2_rate_lrmer,107.4
CA,2022,2022-08-22 19:00:00,cambium_co2_rate_lrmer,113.9
CA,2022,2022-08-22 20:00:00,cambium_co2_rate_lrmer,146.6
CA,2022,2022-08-22 21:00:00,cambium_co2_rate_lrmer,181.5
CA,2022,2022-08-22 22:00:00,cambium_co2_rate_lrmer,171.8
CA,2022,2022-08-22 23:00:00,cambium_co2_rate_lrmer,169.5
CA,2022,2022-08-23 00:00:00,cambium_co2_rate_lrmer,154.8
CA,2022,2022-08-23 01:00:00,cambium_co2_rate_lrmer,140.1
CA,2022,2022-08-23 02:00:00,cambium_co2_rate_lrmer,136.4
CA,2022,2022-08-23 03:00:00,cambium_co2_rate_lrmer,137.6
CA,2022,2022-08-23 04:00:00,cambium_co2_rate_lrmer,140.6
CA,2022,2022-08-23 05:00:00,cambium_co2_rate_lrmer,145.1
CA,2022,2022-08-23 06:00:00,cambium_co2_rate_lrmer,145.2
CA,2022,2022-08-23 07:00:00,cambium_co2_rate_lrmer,136.2
CA,2022,2022-08-23 08:00:00,cambium_co2_rate_lrmer,150.2
CA,2022,2022-08-23 09:00:00,cambium_co2_rate_lrmer,135.9
CA,2022,2022-08-23 10:00:00,cambium_co2_rate_lrmer,126.06
CA,2022,2022-08-23 11:00:00,cambium_co2_rate_lrmer,122.0
CA,2022,2022-08-23 12:00:00,cambium_co2_rate_lrmer,124.44
CA,2022,2022-08-23 13:00:00,cambium_co2_rate_lrmer,114.1
CA,2022,2022-08-23 14:00:00,cambium_co2_rate_lrmer,115.6
CA,2022,2022-08-23 15:00:00,cambium_co2_rate_lrmer,117.94
CA,2022,2022-08-23 16:00:00,cambium_co2_rate_lrmer,112.56
CA,2022,2022-08-23 17:00:00,cambium_co2_rate_lrmer,98.56
CA,2022,2022-08-23 18:00:00,cambium_co2_rate_lrmer,106.25
CA,2022,2022-08-23 19:00:00,cambium_co2_rate_lrmer,114.5
CA,2022,2022-08-23 20:00:00,cambium_co2_rate_lrmer,148.6
CA,2022,2022-08-23 21:00:00,cambium_co2_rate_lrmer,183.8
CA,2022,2022-08-23 22:00:00,cambium_co2_rate_lrmer,174.8
CA,2022,2022-08-23 23:00:00,cambium_co2_rate_lrmer,171.1
CA,2022,2022-08-24 00:00:00,cambium_co2_rate_lrmer,161.6
CA,2022,2022-08-24 01:00:00,cambium_co2_rate_lrmer,144.9
CA,2022,2022-08-24 02:00:00,cambium_co2_rate_lrmer,139.8
CA,2022,2022-08-24 03:00:00,cambium_co2_rate_lrmer,142.0
CA,2022,2022-08-24 04:00:00,cambium_co2_rate_lrmer,145.0
CA,2022,2022-08-24 05:00:00,cambium_co2_rate_lrmer,149.8
CA,2022,2022-08-24 06:00:00,cambium_co2_rate_lrmer,150.5
CA,2022,2022-08-24 07:00:00,cambium_co2_rate_lrmer,140.1
CA,2022,2022-08-24 08:00:00,cambium_co2_rate_lrmer,153.4
CA,2022,2022-08-24 09:00:00,cambium_co2_rate_lrmer,138.4
CA,2022,2022-08-24 10:00:00,cambium_co2_rate_lrmer,131.1
CA,2022,2022-08-24 11:00:00,cambium_co2_rate_lrmer,126.3
CA,2022,2022-08-24 12:00:00,cambium_co2_rate_lrmer,128.1
CA,2022,2022-08-24 13:00:00,cambium_co2_rate_lrmer,118.0
CA,2022,2022-08-24 14:00:00,cambium_co2_rate_lrmer,117.4
CA,2022,2022-08-24 15:00:00,cambium_co2_rate_lrmer,121.94
CA,2022,2022-08-24 16:00:00,cambium_co2_rate_lrmer,118.06
CA,2022,2022-08-24 17:00:00,cambium_co2_rate_lrmer,104.5
CA,2022,2022-08-24 18:00:00,cambium_co2_rate_lrmer,111.1
CA,2022,2022-08-24 19:00:00,cambium_co2_rate_lrmer,116.75
CA,2022,2022-08-24 20:00:00,cambium_co2_rate_lrmer,160.5
CA,2022,2022-08-24 21:00:00,cambium_co2_rate_lrmer,193.0
CA,2022,2022-08-24 22:00:00,cambium_co2_rate_lrmer,182.5
CA,2022,2022-08-24 23:00:00,cambium_co2_rate_lrmer,181.2
CA,2022,2022-08-25 00:00:00,cambium_co2_rate_lrmer,162.0
CA,2022,2022-08-25 01:00:00,cambium_co2_rate_lrmer,142.6
CA,2022,2022-08-25 02:00:00,cambium_co2_rate_lrmer,140.8
CA,2022,2022-08-25 03:00:00,cambium_co2_rate_lrmer,141.6
CA,2022,2022-08-25 04:00:00,cambium_co2_rate_lrmer,147.6
CA,2022,2022-08-25 05:00:00,cambium_co2_rate_lrmer,155.0
CA,2022,2022-08-25 06:00:00,cambium_co2_rate_lrmer,155.5
CA,2022,2022-08-25 07:00:00,cambium_co2_rate_lrmer,146.2
CA,2022,2022-08-25 08:00:00,cambium_co2_rate_lrmer,157.8
CA,2022,2022-08-25 09:00:00,cambium_co2_rate_lrmer,137.2
CA,2022,2022-08-25 10:00:00,cambium_co2_rate_lrmer,135.1
CA,2022,2022-08-25 11:00:00,cambium_co2_rate_lrmer,124.75
CA,2022,2022-08-25 12:00:00,cambium_co2_rate_lrmer,129.5
CA,2022,2022-08-25 13:00:00,cambium_co2_rate_lrmer,119.3
CA,2022,2022-08-25 14:00:00,cambium_co2_rate_lrmer,117.7
CA,2022,2022-08-25 15:00:00,cambium_co2_rate_lrmer,123.5
CA,2022,2022-08-25 16:00:00,cambium_co2_rate_lrmer,119.56
CA,2022,2022-08-25 17:00:00,cambium_co2_rate_lrmer,106.6
CA,2022,2022-08-25 18:00:00,cambium_co2_rate_lrmer,112.9
CA,2022,2022-08-25 19:00:00,cambium_co2_rate_lrmer,117.6
CA,2022,2022-08-25 20:00:00,cambium_co2_rate_lrmer,163.8
CA,2022,2022-08-25 21:00:00,cambium_co2_rate_lrmer,198.0
CA,2022,2022-08-25 22:00:00,cambium_co2_rate_lrmer,184.5
CA,2022,2022-08-25 23:00:00,cambium_co2_rate_lrmer,184.6
CA,2022,2022-08-26 00:00:00,cambium_co2_rate_lrmer,169.5
CA,2022,2022-08-26 01:00:00,cambium_co2_rate_lrmer,145.4
CA,2022,2022-08-26 02:00:00,cambium_co2_rate_lrmer,147.8
CA,2022,2022-08-26 03:00:00,cambium_co2_rate_lrmer,154.4
CA,2022,2022-08-26 04:00:00,cambium_co2_rate_lrmer,155.0
CA,2022,2022-08-26 05:00:00,cambium_co2_rate_lrmer,161.6
CA,2022,2022-08-26 06:00:00,cambium_co2_rate_lrmer,157.1
CA,2022,2022-08-26 07:00:00,cambium_co2_rate_lrmer,148.5
CA,2022,2022-08-26 08:00:00,cambium_co2_rate_lrmer,159.4
CA,2022,2022-08-26 09:00:00,cambium_co2_rate_lrmer,137.5
CA,2022,2022-08-26 10:00:00,cambium_co2_rate_lrmer,134.2
CA,2022,2022-08-26 11:00:00,cambium_co2_rate_lrmer,127.75
CA,2022,2022-08-26 12:00:00,cambium_co2_rate_lrmer,131.5
CA,2022,2022-08-26 13:00:00,cambium_co2_rate_lrmer,122.1
CA,2022,2022-08-26 14:00:00,cambium_co2_rate_lrmer,120.25
CA,2022,2022-08-26 15:00:00,cambium_co2_rate_lrmer,123.9
CA,2022,2022-08-26 16:00:00,cambium_co2_rate_lrmer,123.75
CA,2022,2022-08-26 17:00:00,cambium_co2_rate_lrmer,111.4
CA,2022,2022-08-26 18:00:00,cambium_co2_rate_lrmer,121.6
CA,2022,2022-08-26 19:00:00,cambium_co2_rate_lrmer,121.75
CA,2022,2022-08-26 20:00:00,cambium_co2_rate_lrmer,174.4
CA,2022,2022-08-26 21:00:00,cambium_co2_rate_lrmer,205.8
CA,2022,2022-08-26 22:00:00,cambium_co2_rate_lrmer,189.6
CA,2022,2022-08-26 23:00:00,cambium_co2_rate_lrmer,192.2
CA,2022,2022-08-27 00:00:00,cambium_co2_rate_lrmer,172.0
CA,2022,2022-08-27 01:00:00,cambium_co2_rate_lrmer,147.9
CA,2022,2022-08-27 02:00:00,cambium_co2_rate_lrmer,151.0
CA,2022,2022-08-27 03:00:00,cambium_co2_rate_lrmer,158.4
CA,2022,2022-08-27 04:00:00,cambium_co2_rate_lrmer,157.2
CA,2022,2022-08-27 05:00:00,cambium_co2_rate_lrmer,161.0
CA,2022,2022-08-27 06:00:00,cambium_co2_rate_lrmer,158.4
CA,2022,2022-08-27 07:00:00,cambium_co2_rate_lrmer,149.4
CA,2022,2022-08-27 08:00:00,cambium_co2_rate_lrmer,159.8
CA,2022,2022-08-27 09:00:00,cambium_co2_rate_lrmer,136.2
CA,2022,2022-08-27 10:00:00,cambium_co2_rate_lrmer,138.2
CA,2022,2022-08-27 11:00:00,cambium_co2_rate_lrmer,129.4
CA,2022,2022-08-27 12:00:00,cambium_co2_rate_lrmer,126.5
CA,2022,2022-08-27 13:00:00,cambium_co2_rate_lrmer,118.9
CA,2022,2022-08-27 14:00:00,cambium_co2_rate_lrmer,119.25
CA,2022,2022-08-27 15:00:00,cambium_co2_rate_lrmer,123.1
CA,2022,2022-08-27 16:00:00,cambium_co2_rate_lrmer,122.8
CA,2022,2022-08-27 17:00:00,cambium_co2_rate_lrmer,111.4
CA,2022,2022-08-27 18:00:00,cambium_co2_rate_lrmer,124.6
CA,2022,2022-08-27 19:00:00,cambium_co2_rate_lrmer,124.9
CA,2022,2022-08-27 20:00:00,cambium_co2_rate_lrmer,177.9
CA,2022,2022-08-27 21:00:00,cambium_co2_rate_lrmer,209.6
CA,2022,2022-08-27 22:00:00,cambium_co2_rate_lrmer,194.0
CA,2022,2022-08-27 23:00:00,cambium_co2_rate_lrmer,196.2
CA,2022,2022-08-28 00:00:00,cambium_co2_rate_lrmer,179.4
CA,2022,2022-08-28 01:00:00,cambium_co2_rate_lrmer,149.6
CA,2022,2022-08-28 02:00:00,cambium_co2_rate_lrmer,156.0
CA,2022,2022-08-28 03:00:00,cambium_co2_rate_lrmer,161.5
CA,2022,2022-08-28 04:00:00,cambium_co2_rate_lrmer,159.2
CA,2022,2022-08-28 05:00:00,cambium_co2_rate_lrmer,162.6
CA,2022,2022-08-28 06:00:00,cambium_co2_rate_lrmer,159.1
CA,2022,2022-08-28 07:00:00,cambium_co2_rate_lrmer,153.0
CA,2022,2022-08-28 08:00:00,cambium_co2_rate_lrmer,165.8
CA,2022,2022-08-28 09:00:00,cambium_co2_rate_lrmer,142.8
CA,2022,2022-08-28 10:00:00,cambium_co2_rate_lrmer,140.9
CA,2022,2022-08-28 11:00:00,cambium_co2_rate_lrmer,133.2
CA,2022,2022-08-28 12:00:00,cambium_co2_rate_lrmer,126.2
CA,2022,2022-08-28 13:00:00,cambium_co2_rate_lrmer,123.4
CA,2022,2022-08-28 14:00:00,cambium_co2_rate_lrmer,123.94
CA,2022,2022-08-28 15:00:00,cambium_co2_rate_lrmer,126.8
CA,2022,2022-08-28 16:00:00,cambium_co2_rate_lrmer,127.25
CA,2022,2022-08-28 17:00:00,cambium_co2_rate_lrmer,116.1
CA,2022,2022-08-28 18:00:00,cambium_co2_rate_lrmer,130.0
CA,2022,2022-08-28 19:00:00,cambium_co2_rate_lrmer,137.0
CA,2022,2022-08-28 20:00:00,cambium_co2_rate_lrmer,185.5
CA,2022,2022-08-28 21:00:00,cambium_co2_rate_lrmer,215.5
CA,2022,2022-08-28 22:00:00,cambium_co2_rate_lrmer,199.0
CA,2022,2022-08-28 23:00:00,cambium_co2_rate_lrmer,201.4
CA,2022,2022-08-29 00:00:00,cambium_co2_rate_lrmer,183.2
CA,2022,2022-08-29 01:00:00,cambium_co2_rate_lrmer,152.0
CA,2022,2022-08-29 02:00:00,cambium_co2_rate_lrmer,152.4
CA,2022,2022-08-29 03:00:00,cambium_co2_rate_lrmer,159.0
CA,2022,2022-08-29 04:00:00,cambium_co2_rate_lrmer,152.8
CA,2022,2022-08-29 05:00:00,cambium_co2_rate_lrmer,161.0
CA,2022,2022-08-29 06:00:00,cambium_co2_rate_lrmer,153.9
CA,2022,2022-08-29 07:00:00,cambium_co2_rate_lrmer,152.5
CA,2022,2022-08-29 08:00:00,cambium_co2_rate_lrmer,161.1
CA,2022,2022-08-29 09:00:00,cambium_co2_rate_lrmer,143.2
CA,2022,2022-08-29 10:00:00,cambium_co2_rate_lrmer,134.4
CA,2022,2022-08-29 11:00:00,cambium_co2_rate_lrmer,128.8
CA,2022,2022-08-29 12:00:00,cambium_co2_rate_lrmer,119.3
CA,2022,2022-08-29 13:00:00,cambium_co2_rate_lrmer,119.0
CA,2022,2022-08-29 14:00:00,cambium_co2_rate_lrmer,121.25
CA,2022,2022-08-29 15:00:00,cambium_co2_rate_lrmer,124.25
CA,2022,2022-08-29 16:00:00,cambium_co2_rate_lrmer,127.25
CA,2022,2022-08-29 17:00:00,cambium_co2_rate_lrmer,118.1
CA,2022,2022-08-29 18:00:00,cambium_co2_rate_lrmer,130.1
CA,2022,2022-08-29 19:00:00,cambium_co2_rate_lrmer,134.2
CA,2022,2022-08-29 20:00:00,cambium_co2_rate_lrmer,187.4
CA,2022,2022-08-29 21:00:00,cambium_co2_rate_lrmer,215.8
CA,2022,2022-08-29 22:00:00,cambium_co2_rate_lrmer,200.9
CA,2022,2022-08-29 23:00:00,cambium_co2_rate_lrmer,203.8
CA,2022,2022-08-30 00:00:00,cambium_co2_rate_lrmer,186.0
CA,2022,2022-08-30 01:00:00,cambium_co2_rate_lrmer,148.9
CA,2022,2022-08-30 02:00:00,cambium_co2_rate_lrmer,148.1
CA,2022,2022-08-30 03:00:00,cambium_co2_rate_lrmer,153.9
CA,2022,2022-08-30 04:00:00,cambium_co2_rate_lrmer,148.1
CA,2022,2022-08-30 05:00:00,cambium_co2_rate_lrmer,152.5
CA,2022,2022-08-30 06:00:00,cambium_co2_rate_lrmer,148.6
CA,2022,2022-08-30 07:00:00,cambium_co2_rate_lrmer,147.5
CA,2022,2022-08-30 08:00:00,cambium_co2_rate_lrmer,157.8
CA,2022,2022-08-30 09:00:00,cambium_co2_rate_lrmer,137.5
CA,2022,2022-08-30 10:00:00,cambium_co2_rate_lrmer,125.4
CA,2022,2022-08-30 11:00:00,cambium_co2_rate_lrmer,125.1
CA,2022,2022-08-30 12:00:00,cambium_co2_rate_lrmer,115.75
CA,2022,2022-08-30 13:00:00,cambium_co2_rate_lrmer,114.6
CA,2022,2022-08-30 14:00:00,cambium_co2_rate_lrmer,117.9
CA,2022,2022-08-30 15:00:00,cambium_co2_rate_lrmer,123.06
CA,2022,2022-08-30 16:00:00,cambium_co2_rate_lrmer,126.5
CA,2022,2022-08-30 17:00:00,cambium_co2_rate_lrmer,120.3
CA,2022,2022-08-30 18:00:00,cambium_co2_rate_lrmer,132.4
CA,2022,2022-08-30 19:00:00,cambium_co2_rate_lrmer,135.4
CA,2022,2022-08-30 20:00:00,cambium_co2_rate_lrmer,187.4
CA,2022,2022-08-30 21:00:00,cambium_co2_rate_lrmer,214.4
CA,2022,2022-08-30 22:00:00,cambium_co2_rate_lrmer,200.0
CA,2022,2022-08-30 23:00:00,cambium_co2_rate_lrmer,203.1
CA,2022,2022-08-31 00:00:00,cambium_co2_rate_lrmer,186.5
CA,2022,2022-08-31 01:00:00,cambium_co2_rate_lrmer,152.6
CA,2022,2022-08-31 02:00:00,cambium_co2_rate_lrmer,152.0
CA,2022,2022-08-31 03:00:00,cambium_co2_rate_lrmer,155.9
CA,2022,2022-08-31 04:00:00,cambium_co2_rate_lrmer,152.4
CA,2022,2022-08-31 05:00:00,cambium_co2_rate_lrmer,158.5
CA,2022,2022-08-31 06:00:00,cambium_co2_rate_lrmer,150.6
CA,2022,2022-08-31 07:00:00,cambium_co2_rate_lrmer,148.9
CA,2022,2022-08-31 08:00:00,cambium_co2_rate_lrmer,158.2
CA,2022,2022-08-31 09:00:00,cambium_co2_rate_lrmer,143.2
CA,2022,2022-08-31 10:00:00,cambium_co2_rate_lrmer,125.75
CA,2022,2022-08-31 11:00:00,cambium_co2_rate_lrmer,124.1
CA,2022,2022-08-31 12:00:00,cambium_co2_rate_lrmer,114.25
CA,2022,2022-08-31 13:00:00,cambium_co2_rate_lrmer,114.56
CA,2022,2022-08-31 14:00:00,cambium_co2_rate_lrmer,120.75
CA,2022,2022-08-31 15:00:00,cambium_co2_rate_lrmer,126.0
CA,2022,2022-08-31 16:00:00,cambium_co2_rate_lrmer,130.8
CA,2022,2022-08-31 17:00:00,cambium_co2_rate_lrmer,122.5
CA,2022,2022-08-31 18:00:00,cambium_co2_rate_lrmer,133.4
CA,2022,2022-08-31 19:00:00,cambium_co2_rate_lrmer,138.8
CA,2022,2022-08-31 20:00:00,cambium_co2_rate_lrmer,188.6
CA,2022,2022-08-31 21:00:00,cambium_co2_rate_lrmer,214.8
CA,2022,2022-08-31 22:00:00,cambium_co2_rate_lrmer,201.0
CA,2022,2022-08-31 23:00:00,cambium_co2_rate_lrmer,204.6
CA,2022,2022-09-01 00:00:00,cambium_co2_rate_lrmer,189.5
CA,2022,2022-09-01 01:00:00,cambium_co2_rate_lrmer,160.5
CA,2022,2022-09-01 02:00:00,cambium_co2_rate_lrmer,160.6
CA,2022,2022-09-01 03:00:00,cambium_co2_rate_lrmer,165.1
CA,2022,2022-09-01 04:00:00,cambium_co2_rate_lrmer,162.5
CA,2022,2022-09-01 05:00:00,cambium_co2_rate_lrmer,168.4
CA,2022,2022-09-01 06:00:00,cambium_co2_rate_lrmer,159.2
CA,2022,2022-09-01 07:00:00,cambium_co2_rate_lrmer,158.2
CA,2022,2022-09-01 08:00:00,cambium_co2_rate_lrmer,164.9
CA,2022,2022-09-01 09:00:00,cambium_co2_rate_lrmer,151.5
CA,2022,2022-09-01 10:00:00,cambium_co2_rate_lrmer,129.9
CA,2022,2022-09-01 11:00:00,cambium_co2_rate_lrmer,127.8
CA,2022,2022-09-01 12:00:00,cambium_co2_rate_lrmer,117.5
CA,2022,2022-09-01 13:00:00,cambium_co2_rate_lrmer,111.44
CA,2022,2022-09-01 14:00:00,cambium_co2_rate_lrmer,123.4
CA,2022,2022-09-01 15:00:00,cambium_co2_rate_lrmer,131.9
CA,2022,2022-09-01 16:00:00,cambium_co2_rate_lrmer,134.1
CA,2022,2022-09-01 17:00:00,cambium_co2_rate_lrmer,126.06
CA,2022,2022-09-01 18:00:00,cambium_co2_rate_lrmer,135.5
CA,2022,2022-09-01 19:00:00,cambium_co2_rate_lrmer,142.8
CA,2022,2022-09-01 20:00:00,cambium_co2_rate_lrmer,191.1
CA,2022,2022-09-01 21:00:00,cambium_co2_rate_lrmer,214.0
CA,2022,2022-09-01 22:00:00,cambium_co2_rate_lrmer,207.0
CA,2022,2022-09-01 23:00:00,cambium_co2_rate_lrmer,211.6
CA,2022,2022-09-02 00:00:00,cambium_co2_rate_lrmer,186.8
CA,2022,2022-09-02 01:00:00,cambium_co2_rate_lrmer,159.5
CA,2022,2022-09-02 02:00:00,cambium_co2_rate_lrmer,154.8
CA,2022,2022-09-02 03:00:00,cambium_co2_rate_lrmer,165.0
CA,2022,2022-09-02 04:00:00,cambium_co2_rate_lrmer,161.0
CA,2022,2022-09-02 05:00:00,cambium_co2_rate_lrmer,166.0
CA,2022,2022-09-02 06:00:00,cambium_co2_rate_lrmer,157.2
CA,2022,2022-09-02 07:00:00,cambium_co2_rate_lrmer,157.9
CA,2022,2022-09-02 08:00:00,cambium_co2_rate_lrmer,166.9
CA,2022,2022-09-02 09:00:00,cambium_co2_rate_lrmer,143.2
CA,2022,2022-09-02 10:00:00,cambium_co2_rate_lrmer,123.5
CA,2022,2022-09-02 11:00:00,cambium_co2_rate_lrmer,119.8
CA,2022,2022-09-02 12:00:00,cambium_co2_rate_lrmer,113.9
CA,2022,2022-09-02 13:00:00,cambium_co2_rate_lrmer,113.9
CA,2022,2022-09-02 14:00:00,cambium_co2_rate_lrmer,121.75
CA,2022,2022-09-02 15:00:00,cambium_co2_rate_lrmer,127.75
CA,2022,2022-09-02 16:00:00,cambium_co2_rate_lrmer,129.5
CA,2022,2022-09-02 17:00:00,cambium_co2_rate_lrmer,121.9
CA,2022,2022-09-02 18:00:00,cambium_co2_rate_lrmer,132.0
CA,2022,2022-09-02 19:00:00,cambium_co2_rate_lrmer,140.8
CA,2022,2022-09-02 20:00:00,cambium_co2_rate_lrmer,184.9
CA,2022,2022-09-02 21:00:00,cambium_co2_rate_lrmer,208.8
CA,2022,2022-09-02 22:00:00,cambium_co2_rate_lrmer,206.5
CA,2022,2022-09-02 23:00:00,cambium_co2_rate_lrmer,208.6
CA,2022,2022-09-03 00:00:00,cambium_co2_rate_lrmer,191.8
CA,2022,2022-09-03 01:00:00,cambium_co2_rate_lrmer,164.9
CA,2022,2022-09-03 02:00:00,cambium_co2_rate_lrmer,159.4
CA,2022,2022-09-03 03:00:00,cambium_co2_rate_lrmer,171.5
CA,2022,2022-09-03 04:00:00,cambium_co2_rate_lrmer,164.6
CA,2022,2022-09-03 05:00:00,cambium_co2_rate_lrmer,170.1
CA,2022,2022-09-03 06:00:00,cambium_co2_rate_lrmer,158.0
CA,2022,2022-09-03 07:00:00,cambium_co2_rate_lrmer,158.1
CA,2022,2022-09-03 08:00:00,cambium_co2_rate_lrmer,161.6
CA,2022,2022-09-03 09:00:00,cambium_co2_rate_lrmer,145.2
CA,2022,2022-09-03 10:00:00,cambium_co2_rate_lrmer,128.1
CA,2022,2022-09-03 11:00:00,cambium_co2_rate_lrmer,124.0
CA,2022,2022-09-03 12:00:00,cambium_co2_rate_lrmer,113.94
CA,2022,2022-09-03 13:00:00,cambium_co2_rate_lrmer,119.0
CA,2022,2022-09-03 14:00:00,cambium_co2_rate_lrmer,125.9
CA,2022,2022-09-03 15:00:00,cambium_co2_rate_lrmer,130.5
CA,2022,2022-09-03 16:00:00,cambium_co2_rate_lrmer,130.8
CA,2022,2022-09-03 17:00:00,cambium_co2_rate_lrmer,126.2
CA,2022,2022-09-03 18:00:00,cambium_co2_rate_lrmer,137.4
CA,2022,2022-09-03 19:00:00,cambium_co2_rate_lrmer,145.9
CA,2022,2022-09-03 20:00:00,cambium_co2_rate_lrmer,188.5
CA,2022,2022-09-03 21:00:00,cambium_co2_rate_lrmer,213.1
CA,2022,2022-09-03 22:00:00,cambium_co2_rate_lrmer,210.5
CA,2022,2022-09-03 23:00:00,cambium_co2_rate_lrmer,212.9
CA,2022,2022-09-04 00:00:00,cambium_co2_rate_lrmer,198.1
CA,2022,2022-09-04 01:00:00,cambium_co2_rate_lrmer,172.6
CA,2022,2022-09-04 02:00:00,cambium_co2_rate_lrmer,165.8
CA,2022,2022-09-04 03:00:00,cambium_co2_rate_lrmer,174.1
CA,2022,2022-09-04 04:00:00,cambium_co2_rate_lrmer,170.1
CA,2022,2022-09-04 05:00:00,cambium_co2_rate_lrmer,178.5
CA,2022,2022-09-04 06:00:00,cambium_co2_rate_lrmer,167.4
CA,2022,2022-09-04 07:00:00,cambium_co2_rate_lrmer,164.4
CA,2022,2022-09-04 08:00:00,cambium_co2_rate_lrmer,166.8
CA,2022,2022-09-04 09:00:00,cambium_co2_rate_lrmer,154.2
CA,2022,2022-09-04 10:00:00,cambium_co2_rate_lrmer,137.0
CA,2022,2022-09-04 11:00:00,cambium_co2_rate_lrmer,132.9
CA,2022,2022-09-04 12:00:00,cambium_co2_rate_lrmer,121.0
CA,2022,2022-09-04 13:00:00,cambium_co2_rate_lrmer,123.5
CA,2022,2022-09-04 14:00:00,cambium_co2_rate_lrmer,130.0
CA,2022,2022-09-04 15:00:00,cambium_co2_rate_lrmer,134.8
CA,2022,2022-09-04 16:00:00,cambium_co2_rate_lrmer,135.2
CA,2022,2022-09-04 17:00:00,cambium_co2_rate_lrmer,130.9
CA,2022,2022-09-04 18:00:00,cambium_co2_rate_lrmer,143.0
CA,2022,2022-09-04 19:00:00,cambium_co2_rate_lrmer,147.0
CA,2022,2022-09-04 20:00:00,cambium_co2_rate_lrmer,196.8
CA,2022,2022-09-04 21:00:00,cambium_co2_rate_lrmer,218.8
CA,2022,2022-09-04 22:00:00,cambium_co2_rate_lrmer,214.0
CA,2022,2022-09-04 23:00:00,cambium_co2_rate_lrmer,217.5
CA,2022,2022-09-05 00:00:00,cambium_co2_rate_lrmer,203.2
CA,2022,2022-09-05 01:00:00,cambium_co2_rate_lrmer,170.0
CA,2022,2022-09-05 02:00:00,cambium_co2_rate_lrmer,164.6
CA,2022,2022-09-05 03:00:00,cambium_co2_rate_lrmer,171.1
CA,2022,2022-09-05 04:00:00,cambium_co2_rate_lrmer,170.5
CA,2022,2022-09-05 05:00:00,cambium_co2_rate_lrmer,177.6
CA,2022,2022-09-05 06:00:00,cambium_co2_rate_lrmer,165.4
CA,2022,2022-09-05 07:00:00,cambium_co2_rate_lrmer,161.5
CA,2022,2022-09-05 08:00:00,cambium_co2_rate_lrmer,165.0
CA,2022,2022-09-05 09:00:00,cambium_co2_rate_lrmer,153.5
CA,2022,2022-09-05 10:00:00,cambium_co2_rate_lrmer,136.9
CA,2022,2022-09-05 11:00:00,cambium_co2_rate_lrmer,132.1
CA,2022,2022-09-05 12:00:00,cambium_co2_rate_lrmer,120.7
CA,2022,2022-09-05 13:00:00,cambium_co2_rate_lrmer,122.5
CA,2022,2022-09-05 14:00:00,cambium_co2_rate_lrmer,130.5
CA,2022,2022-09-05 15:00:00,cambium_co2_rate_lrmer,134.6
CA,2022,2022-09-05 16:00:00,cambium_co2_rate_lrmer,135.2
CA,2022,2022-09-05 17:00:00,cambium_co2_rate_lrmer,133.1
CA,2022,2022-09-05 18:00:00,cambium_co2_rate_lrmer,141.8
CA,2022,2022-09-05 19:00:00,cambium_co2_rate_lrmer,146.0
CA,2022,2022-09-05 20:00:00,cambium_co2_rate_lrmer,199.1
CA,2022,2022-09-05 21:00:00,cambium_co2_rate_lrmer,219.8
CA,2022,2022-09-05 22:00:00,cambium_co2_rate_lrmer,212.6
CA,2022,2022-09-05 23:00:00,cambium_co2_rate_lrmer,215.1
CA,2022,2022-09-06 00:00:00,cambium_co2_rate_lrmer,198.2
CA,2022,2022-09-06 01:00:00,cambium_co2_rate_lrmer,171.8
CA,2022,2022-09-06 02:00:00,cambium_co2_rate_lrmer,163.2
CA,2022,2022-09-06 03:00:00,cambium_co2_rate_lrmer,174.5
CA,2022,2022-09-06 04:00:00,cambium_co2_rate_lrmer,173.8
CA,2022,2022-09-06 05:00:00,cambium_co2_rate_lrmer,181.4
CA,2022,2022-09-06 06:00:00,cambium_co2_rate_lrmer,168.5
CA,2022,2022-09-06 07:00:00,cambium_co2_rate_lrmer,166.4
CA,2022,2022-09-06 08:00:00,cambium_co2_rate_lrmer,168.4
CA,2022,2022-09-06 09:00:00,cambium_co2_rate_lrmer,154.0
CA,2022,2022-09-06 10:00:00,cambium_co2_rate_lrmer,141.2
CA,2022,2022-09-06 11:00:00,cambium_co2_rate_lrmer,132.8
CA,2022,2022-09-06 12:00:00,cambium_co2_rate_lrmer,121.5
CA,2022,2022-09-06 13:00:00,cambium_co2_rate_lrmer,122.06
CA,2022,2022-09-06 14:00:00,cambium_co2_rate_lrmer,128.0
CA,2022,2022-09-06 15:00:00,cambium_co2_rate_lrmer,131.8
CA,2022,2022-09-06 16:00:00,cambium_co2_rate_lrmer,132.1
CA,2022,2022-09-06 17:00:00,cambium_co2_rate_lrmer,130.5
CA,2022,2022-09-06 18:00:00,cambium_co2_rate_lrmer,142.8
CA,2022,2022-09-06 19:00:00,cambium_co2_rate_lrmer,148.8
CA,2022,2022-09-06 20:00:00,cambium_co2_rate_lrmer,200.5
CA,2022,2022-09-06 21:00:00,cambium_co2_rate_lrmer,220.4
CA,2022,2022-09-06 22:00:00,cambium_co2_rate_lrmer,211.9
CA,2022,2022-09-06 23:00:00,cambium_co2_rate_lrmer,214.6
CA,2022,2022-09-07 00:00:00,cambium_co2_rate_lrmer,201.2
CA,2022,2022-09-07 01:00:00,cambium_co2_rate_lrmer,171.0
CA,2022,2022-09-07 02:00:00,cambium_co2_rate_lrmer,164.1
CA,2022,2022-09-07 03:00:00,cambium_co2_rate_lrmer,175.5
CA,2022,2022-09-07 04:00:00,cambium_co2_rate_lrmer,171.2
CA,2022,2022-09-07 05:00:00,cambium_co2_rate_lrmer,179.1
CA,2022,2022-09-07 06:00:00,cambium_co2_rate_lrmer,166.4
CA,2022,2022-09-07 07:00:00,cambium_co2_rate_lrmer,164.2
CA,2022,2022-09-07 08:00:00,cambium_co2_rate_lrmer,164.1
CA,2022,2022-09-07 09:00:00,cambium_co2_rate_lrmer,152.1
CA,2022,2022-09-07 10:00:00,cambium_co2_rate_lrmer,140.2
CA,2022,2022-09-07 11:00:00,cambium_co2_rate_lrmer,130.4
CA,2022,2022-09-07 12:00:00,cambium_co2_rate_lrmer,118.8
CA,2022,2022-09-07 13:00:00,cambium_co2_rate_lrmer,120.1
CA,2022,2022-09-07 14:00:00,cambium_co2_rate_lrmer,125.5
CA,2022,2022-09-07 15:00:00,cambium_co2_rate_lrmer,127.7
CA,2022,2022-09-07 16:00:00,cambium_co2_rate_lrmer,130.8
CA,2022,2022-09-07 17:00:00,cambium_co2_rate_lrmer,134.8
CA,2022,2022-09-07 18:00:00,cambium_co2_rate_lrmer,146.2
CA,2022,2022-09-07 19:00:00,cambium_co2_rate_lrmer,154.2
CA,2022,2022-09-07 20:00:00,cambium_co2_rate_lrmer,198.8
CA,2022,2022-09-07 21:00:00,cambium_co2_rate_lrmer,214.5
CA,2022,2022-09-07 22:00:00,cambium_co2_rate_lrmer,206.4
CA,2022,2022-09-07 23:00:00,cambium_co2_rate_lrmer,208.5
CA,2022,2022-09-08 00:00:00,cambium_co2_rate_lrmer,201.6
CA,2022,2022-09-08 01:00:00,cambium_co2_rate_lrmer,175.6
CA,2022,2022-09-08 02:00:00,cambium_co2_rate_lrmer,176.2
CA,2022,2022-09-08 03:00:00,cambium_co2_rate_lrmer,177.0
CA,2022,2022-09-08 04:00:00,cambium_co2_rate_lrmer,177.1
CA,2022,2022-09-08 05:00:00,cambium_co2_rate_lrmer,183.6
CA,2022,2022-09-08 06:00:00,cambium_co2_rate_lrmer,167.9
CA,2022,2022-09-08 07:00:00,cambium_co2_rate_lrmer,168.2
CA,2022,2022-09-08 08:00:00,cambium_co2_rate_lrmer,170.5
CA,2022,2022-09-08 09:00:00,cambium_co2_rate_lrmer,160.1
CA,2022,2022-09-08 10:00:00,cambium_co2_rate_lrmer,148.5
CA,2022,2022-09-08 11:00:00,cambium_co2_rate_lrmer,139.5
CA,2022,2022-09-08 12:00:00,cambium_co2_rate_lrmer,125.94
CA,2022,2022-09-08 13:00:00,cambium_co2_rate_lrmer,128.8
CA,2022,2022-09-08 14:00:00,cambium_co2_rate_lrmer,132.5
CA,2022,2022-09-08 15:00:00,cambium_co2_rate_lrmer,135.2
CA,2022,2022-09-08 16:00:00,cambium_co2_rate_lrmer,130.2
CA,2022,2022-09-08 17:00:00,cambium_co2_rate_lrmer,137.2
CA,2022,2022-09-08 18:00:00,cambium_co2_rate_lrmer,149.4
CA,2022,2022-09-08 19:00:00,cambium_co2_rate_lrmer,154.1
CA,2022,2022-09-08 20:00:00,cambium_co2_rate_lrmer,196.8
CA,2022,2022-09-08 21:00:00,cambium_co2_rate_lrmer,210.5
CA,2022,2022-09-08 22:00:00,cambium_co2_rate_lrmer,201.5
CA,2022,2022-09-08 23:00:00,cambium_co2_rate_lrmer,203.4
CA,2022,2022-09-09 00:00:00,cambium_co2_rate_lrmer,199.6
CA,2022,2022-09-09 01:00:00,cambium_co2_rate_lrmer,173.0
CA,2022,2022-09-09 02:00:00,cambium_co2_rate_lrmer,176.8
CA,2022,2022-09-09 03:00:00,cambium_co2_rate_lrmer,175.1
CA,2022,2022-09-09 04:00:00,cambium_co2_rate_lrmer,178.1
CA,2022,2022-09-09 05:00:00,cambium_co2_rate_lrmer,181.5
CA,2022,2022-09-09 06:00:00,cambium_co2_rate_lrmer,163.9
CA,2022,2022-09-09 07:00:00,cambium_co2_rate_lrmer,164.0
CA,2022,2022-09-09 08:00:00,cambium_co2_rate_lrmer,165.8
CA,2022,2022-09-09 09:00:00,cambium_co2_rate_lrmer,156.6
CA,2022,2022-09-09 10:00:00,cambium_co2_rate_lrmer,143.5
CA,2022,2022-09-09 11:00:00,cambium_co2_rate_lrmer,137.0
CA,2022,2022-09-09 12:00:00,cambium_co2_rate_lrmer,122.6
CA,2022,2022-09-09 13:00:00,cambium_co2_rate_lrmer,126.06
CA,2022,2022-09-09 14:00:00,cambium_co2_rate_lrmer,128.9
CA,2022,2022-09-09 15:00:00,cambium_co2_rate_lrmer,131.8
CA,2022,2022-09-09 16:00:00,cambium_co2_rate_lrmer,127.2
CA,2022,2022-09-09 17:00:00,cambium_co2_rate_lrmer,134.6
CA,2022,2022-09-09 18:00:00,cambium_co2_rate_lrmer,147.0
CA,2022,2022-09-09 19:00:00,cambium_co2_rate_lrmer,155.5
CA,2022,2022-09-09 20:00:00,cambium_co2_rate_lrmer,195.9
CA,2022,2022-09-09 21:00:00,cambium_co2_rate_lrmer,208.2
CA,2022,2022-09-09 22:00:00,cambium_co2_rate_lrmer,198.4
CA,2022,2022-09-09 23:00:00,cambium_co2_rate_lrmer,200.5
CA,2022,2022-09-10 00:00:00,cambium_co2_rate_lrmer,205.6
CA,2022,2022-09-10 01:00:00,cambium_co2_rate_lrmer,175.1
CA,2022,2022-09-10 02:00:00,cambium_co2_rate_lrmer,175.4
CA,2022,2022-09-10 03:00:00,cambium_co2_rate_lrmer,170.0
CA,2022,2022-09-10 04:00:00,cambium_co2_rate_lrmer,175.0
CA,2022,2022-09-10 05:00:00,cambium_co2_rate_lrmer,181.1
CA,2022,2022-09-10 06:00:00,cambium_co2_rate_lrmer,164.0
CA,2022,2022-09-10 07:00:00,cambium_co2_rate_lrmer,161.0
CA,2022,2022-09-10 08:00:00,cambium_co2_rate_lrmer,166.5
CA,2022,2022-09-10 09:00:00,cambium_co2_rate_lrmer,157.2
CA,2022,2022-09-10 10:00:00,cambium_co2_rate_lrmer,141.0
CA,2022,2022-09-10 11:00:00,cambium_co2_rate_lrmer,133.5
CA,2022,2022-09-10 12:00:00,cambium_co2_rate_lrmer,123.1
CA,2022,2022-09-10 13:00:00,cambium_co2_rate_lrmer,127.5
CA,2022,2022-09-10 14:00:00,cambium_co2_rate_lrmer,133.4
CA,2022,2022-09-10 15:00:00,cambium_co2_rate_lrmer,134.9
CA,2022,2022-09-10 16:00:00,cambium_co2_rate_lrmer,130.0
CA,2022,2022-09-10 17:00:00,cambium_co2_rate_lrmer,137.0
CA,2022,2022-09-10 18:00:00,cambium_co2_rate_lrmer,148.0
CA,2022,2022-09-10 19:00:00,cambium_co2_rate_lrmer,160.4
CA,2022,2022-09-10 20:00:00,cambium_co2_rate_lrmer,211.2
CA,2022,2022-09-10 21:00:00,cambium_co2_rate_lrmer,221.2
CA,2022,2022-09-10 22:00:00,cambium_co2_rate_lrmer,210.9
CA,2022,2022-09-10 23:00:00,cambium_co2_rate_lrmer,212.1
CA,2022,2022-09-11 00:00:00,cambium_co2_rate_lrmer,215.4
CA,2022,2022-09-11 01:00:00,cambium_co2_rate_lrmer,186.2
CA,2022,2022-09-11 02:00:00,cambium_co2_rate_lrmer,182.5
CA,2022,2022-09-11 03:00:00,cambium_co2_rate_lrmer,173.6
CA,2022,2022-09-11 04:00:00,cambium_co2_rate_lrmer,176.6
CA,2022,2022-09-11 05:00:00,cambium_co2_rate_lrmer,182.9
CA,2022,2022-09-11 06:00:00,cambium_co2_rate_lrmer,168.1
CA,2022,2022-09-11 07:00:00,cambium_co2_rate_lrmer,163.4
CA,2022,2022-09-11 08:00:00,cambium_co2_rate_lrmer,171.4
CA,2022,2022-09-11 09:00:00,cambium_co2_rate_lrmer,162.8
CA,2022,2022-09-11 10:00:00,cambium_co2_rate_lrmer,146.1
CA,2022,2022-09-11 11:00:00,cambium_co2_rate_lrmer,138.8
CA,2022,2022-09-11 12:00:00,cambium_co2_rate_lrmer,127.7
CA,2022,2022-09-11 13:00:00,cambium_co2_rate_lrmer,131.9
CA,2022,2022-09-11 14:00:00,cambium_co2_rate_lrmer,136.9
CA,2022,2022-09-11 15:00:00,cambium_co2_rate_lrmer,137.9
CA,2022,2022-09-11 16:00:00,cambium_co2_rate_lrmer,132.0
CA,2022,2022-09-11 17:00:00,cambium_co2_rate_lrmer,138.8
CA,2022,2022-09-11 18:00:00,cambium_co2_rate_lrmer,151.1
CA,2022,2022-09-11 19:00:00,cambium_co2_rate_lrmer,166.6
CA,2022,2022-09-11 20:00:00,cambium_co2_rate_lrmer,218.5
CA,2022,2022-09-11 21:00:00,cambium_co2_rate_lrmer,229.4
CA,2022,2022-09-11 22:00:00,cambium_co2_rate_lrmer,218.5
CA,2022,2022-09-11 23:00:00,cambium_co2_rate_lrmer,217.8
CA,2022,2022-09-12 00:00:00,cambium_co2_rate_lrmer,219.5
CA,2022,2022-09-12 01:00:00,cambium_co2_rate_lrmer,186.5
CA,2022,2022-09-12 02:00:00,cambium_co2_rate_lrmer,182.0
CA,2022,2022-09-12 03:00:00,cambium_co2_rate_lrmer,171.6
CA,2022,2022-09-12 04:00:00,cambium_co2_rate_lrmer,174.1
CA,2022,2022-09-12 05:00:00,cambium_co2_rate_lrmer,180.5
CA,2022,2022-09-12 06:00:00,cambium_co2_rate_lrmer,167.2
CA,2022,2022-09-12 07:00:00,cambium_co2_rate_lrmer,165.2
CA,2022,2022-09-12 08:00:00,cambium_co2_rate_lrmer,173.0
CA,2022,2022-09-12 09:00:00,cambium_co2_rate_lrmer,165.1
CA,2022,2022-09-12 10:00:00,cambium_co2_rate_lrmer,148.8
CA,2022,2022-09-12 11:00:00,cambium_co2_rate_lrmer,141.8
CA,2022,2022-09-12 12:00:00,cambium_co2_rate_lrmer,131.2
CA,2022,2022-09-12 13:00:00,cambium_co2_rate_lrmer,133.9
CA,2022,2022-09-12 14:00:00,cambium_co2_rate_lrmer,138.6
CA,2022,2022-09-12 15:00:00,cambium_co2_rate_lrmer,139.8
CA,2022,2022-09-12 16:00:00,cambium_co2_rate_lrmer,133.9
CA,2022,2022-09-12 17:00:00,cambium_co2_rate_lrmer,139.8
CA,2022,2022-09-12 18:00:00,cambium_co2_rate_lrmer,151.5
CA,2022,2022-09-12 19:00:00,cambium_co2_rate_lrmer,170.2
CA,2022,2022-09-12 20:00:00,cambium_co2_rate_lrmer,222.4
CA,2022,2022-09-12 21:00:00,cambium_co2_rate_lrmer,231.9
CA,2022,2022-09-12 22:00:00,cambium_co2_rate_lrmer,222.2
CA,2022,2022-09-12 23:00:00,cambium_co2_rate_lrmer,223.0
CA,2022,2022-09-13 00:00:00,cambium_co2_rate_lrmer,217.1
CA,2022,2022-09-13 01:00:00,cambium_co2_rate_lrmer,186.8
CA,2022,2022-09-13 02:00:00,cambium_co2_rate_lrmer,183.1
CA,2022,2022-09-13 03:00:00,cambium_co2_rate_lrmer,173.2
CA,2022,2022-09-13 04:00:00,cambium_co2_rate_lrmer,174.1
CA,2022,2022-09-13 05:00:00,cambium_co2_rate_lrmer,180.2
CA,2022,2022-09-13 06:00:00,cambium_co2_rate_lrmer,165.0
CA,2022,2022-09-13 07:00:00,cambium_co2_rate_lrmer,163.8
CA,2022,2022-09-13 08:00:00,cambium_co2_rate_lrmer,174.8
CA,2022,2022-09-13 09:00:00,cambium_co2_rate_lrmer,163.5
CA,2022,2022-09-13 10:00:00,cambium_co2_rate_lrmer,149.6
CA,2022,2022-09-13 11:00:00,cambium_co2_rate_lrmer,141.5
CA,2022,2022-09-13 12:00:00,cambium_co2_rate_lrmer,131.6
CA,2022,2022-09-13 13:00:00,cambium_co2_rate_lrmer,133.5
CA,2022,2022-09-13 14:00:00,cambium_co2_rate_lrmer,138.1
CA,2022,2022-09-13 15:00:00,cambium_co2_rate_lrmer,139.2
CA,2022,2022-09-13 16:00:00,cambium_co2_rate_lrmer,134.0
CA,2022,2022-09-13 17:00:00,cambium_co2_rate_lrmer,140.8
CA,2022,2022-09-13 18:00:00,cambium_co2_rate_lrmer,152.9
CA,2022,2022-09-13 19:00:00,cambium_co2_rate_lrmer,173.8
CA,2022,2022-09-13 20:00:00,cambium_co2_rate_lrmer,229.5
CA,2022,2022-09-13 21:00:00,cambium_co2_rate_lrmer,243.0
CA,2022,2022-09-13 22:00:00,cambium_co2_rate_lrmer,233.1
CA,2022,2022-09-13 23:00:00,cambium_co2_rate_lrmer,231.6
CA,2022,2022-09-14 00:00:00,cambium_co2_rate_lrmer,224.5
CA,2022,2022-09-14 01:00:00,cambium_co2_rate_lrmer,194.8
CA,2022,2022-09-14 02:00:00,cambium_co2_rate_lrmer,190.0
CA,2022,2022-09-14 03:00:00,cambium_co2_rate_lrmer,183.2
CA,2022,2022-09-14 04:00:00,cambium_co2_rate_lrmer,186.4
CA,2022,2022-09-14 05:00:00,cambium_co2_rate_lrmer,185.6
CA,2022,2022-09-14 06:00:00,cambium_co2_rate_lrmer,175.6
CA,2022,2022-09-14 07:00:00,cambium_co2_rate_lrmer,176.5
CA,2022,2022-09-14 08:00:00,cambium_co2_rate_lrmer,186.9
CA,2022,2022-09-14 09:00:00,cambium_co2_rate_lrmer,170.8
CA,2022,2022-09-14 10:00:00,cambium_co2_rate_lrmer,151.5
CA,2022,2022-09-14 11:00:00,cambium_co2_rate_lrmer,148.9
CA,2022,2022-09-14 12:00:00,cambium_co2_rate_lrmer,139.9
CA,2022,2022-09-14 13:00:00,cambium_co2_rate_lrmer,141.6
CA,2022,2022-09-14 14:00:00,cambium_co2_rate_lrmer,142.8
CA,2022,2022-09-14 15:00:00,cambium_co2_rate_lrmer,143.1
CA,2022,2022-09-14 16:00:00,cambium_co2_rate_lrmer,139.0
CA,2022,2022-09-14 17:00:00,cambium_co2_rate_lrmer,144.6
CA,2022,2022-09-14 18:00:00,cambium_co2_rate_lrmer,157.8
CA,2022,2022-09-14 19:00:00,cambium_co2_rate_lrmer,180.1
CA,2022,2022-09-14 20:00:00,cambium_co2_rate_lrmer,242.0
CA,2022,2022-09-14 21:00:00,cambium_co2_rate_lrmer,253.2
CA,2022,2022-09-14 22:00:00,cambium_co2_rate_lrmer,242.9
CA,2022,2022-09-14 23:00:00,cambium_co2_rate_lrmer,241.1
CA,2022,2022-09-15 00:00:00,cambium_co2_rate_lrmer,227.0
CA,2022,2022-09-15 01:00:00,cambium_co2_rate_lrmer,196.2
CA,2022,2022-09-15 02:00:00,cambium_co2_rate_lrmer,193.8
CA,2022,2022-09-15 03:00:00,cambium_co2_rate_lrmer,187.9
CA,2022,2022-09-15 04:00:00,cambium_co2_rate_lrmer,187.1
CA,2022,2022-09-15 05:00:00,cambium_co2_rate_lrmer,186.6
CA,2022,2022-09-15 06:00:00,cambium_co2_rate_lrmer,176.5
CA,2022,2022-09-15 07:00:00,cambium_co2_rate_lrmer,178.5
CA,2022,2022-09-15 08:00:00,cambium_co2_rate_lrmer,192.6
CA,2022,2022-09-15 09:00:00,cambium_co2_rate_lrmer,174.0
CA,2022,2022-09-15 10:00:00,cambium_co2_rate_lrmer,153.2
CA,2022,2022-09-15 11:00:00,cambium_co2_rate_lrmer,150.8
CA,2022,2022-09-15 12:00:00,cambium_co2_rate_lrmer,143.2
CA,2022,2022-09-15 13:00:00,cambium_co2_rate_lrmer,144.6
CA,2022,2022-09-15 14:00:00,cambium_co2_rate_lrmer,144.0
CA,2022,2022-09-15 15:00:00,cambium_co2_rate_lrmer,145.9
CA,2022,2022-09-15 16:00:00,cambium_co2_rate_lrmer,142.8
CA,2022,2022-09-15 17:00:00,cambium_co2_rate_lrmer,148.5
CA,2022,2022-09-15 18:00:00,cambium_co2_rate_lrmer,162.6
CA,2022,2022-09-15 19:00:00,cambium_co2_rate_lrmer,183.9
CA,2022,2022-09-15 20:00:00,cambium_co2_rate_lrmer,243.8
CA,2022,2022-09-15 21:00:00,cambium_co2_rate_lrmer,254.5
CA,2022,2022-09-15 22:00:00,cambium_co2_rate_lrmer,243.5
CA,2022,2022-09-15 23:00:00,cambium_co2_rate_lrmer,242.0
CA,2022,2022-09-16 00:00:00,cambium_co2_rate_lrmer,226.2
CA,2022,2022-09-16 01:00:00,cambium_co2_rate_lrmer,199.0
CA,2022,2022-09-16 02:00:00,cambium_co2_rate_lrmer,195.5
CA,2022,2022-09-16 03:00:00,cambium_co2_rate_lrmer,188.6
CA,2022,2022-09-16 04:00:00,cambium_co2_rate_lrmer,188.2
CA,2022,2022-09-16 05:00:00,cambium_co2_rate_lrmer,185.9
CA,2022,2022-09-16 06:00:00,cambium_co2_rate_lrmer,176.2
CA,2022,2022-09-16 07:00:00,cambium_co2_rate_lrmer,177.5
CA,2022,2022-09-16 08:00:00,cambium_co2_rate_lrmer,190.5
CA,2022,2022-09-16 09:00:00,cambium_co2_rate_lrmer,172.5
CA,2022,2022-09-16 10:00:00,cambium_co2_rate_lrmer,150.2
CA,2022,2022-09-16 11:00:00,cambium_co2_rate_lrmer,151.1
CA,2022,2022-09-16 12:00:00,cambium_co2_rate_lrmer,140.2
CA,2022,2022-09-16 13:00:00,cambium_co2_rate_lrmer,141.6
CA,2022,2022-09-16 14:00:00,cambium_co2_rate_lrmer,140.5
CA,2022,2022-09-16 15:00:00,cambium_co2_rate_lrmer,141.0
CA,2022,2022-09-16 16:00:00,cambium_co2_rate_lrmer,137.8
CA,2022,2022-09-16 17:00:00,cambium_co2_rate_lrmer,144.5
CA,2022,2022-09-16 18:00:00,cambium_co2_rate_lrmer,160.0
CA,2022,2022-09-16 19:00:00,cambium_co2_rate_lrmer,181.0
CA,2022,2022-09-16 20:00:00,cambium_co2_rate_lrmer,239.6
CA,2022,2022-09-16 21:00:00,cambium_co2_rate_lrmer,255.2
CA,2022,2022-09-16 22:00:00,cambium_co2_rate_lrmer,242.5
CA,2022,2022-09-16 23:00:00,cambium_co2_rate_lrmer,240.0
CA,2022,2022-09-17 00:00:00,cambium_co2_rate_lrmer,225.0
CA,2022,2022-09-17 01:00:00,cambium_co2_rate_lrmer,201.2
CA,2022,2022-09-17 02:00:00,cambium_co2_rate_lrmer,198.5
CA,2022,2022-09-17 03:00:00,cambium_co2_rate_lrmer,191.8
CA,2022,2022-09-17 04:00:00,cambium_co2_rate_lrmer,191.5
CA,2022,2022-09-17 05:00:00,cambium_co2_rate_lrmer,189.6
CA,2022,2022-09-17 06:00:00,cambium_co2_rate_lrmer,181.8
CA,2022,2022-09-17 07:00:00,cambium_co2_rate_lrmer,182.2
CA,2022,2022-09-17 08:00:00,cambium_co2_rate_lrmer,194.2
CA,2022,2022-09-17 09:00:00,cambium_co2_rate_lrmer,180.8
CA,2022,2022-09-17 10:00:00,cambium_co2_rate_lrmer,160.0
CA,2022,2022-09-17 11:00:00,cambium_co2_rate_lrmer,160.0
CA,2022,2022-09-17 12:00:00,cambium_co2_rate_lrmer,148.4
CA,2022,2022-09-17 13:00:00,cambium_co2_rate_lrmer,151.6
CA,2022,2022-09-17 14:00:00,cambium_co2_rate_lrmer,150.1
CA,2022,2022-09-17 15:00:00,cambium_co2_rate_lrmer,147.5
CA,2022,2022-09-17 16:00:00,cambium_co2_rate_lrmer,140.4
CA,2022,2022-09-17 17:00:00,cambium_co2_rate_lrmer,146.4
CA,2022,2022-09-17 18:00:00,cambium_co2_rate_lrmer,156.8
CA,2022,2022-09-17 19:00:00,cambium_co2_rate_lrmer,176.1
CA,2022,2022-09-17 20:00:00,cambium_co2_rate_lrmer,236.5
CA,2022,2022-09-17 21:00:00,cambium_co2_rate_lrmer,252.2
CA,2022,2022-09-17 22:00:00,cambium_co2_rate_lrmer,239.0
CA,2022,2022-09-17 23:00:00,cambium_co2_rate_lrmer,239.2
CA,2022,2022-09-18 00:00:00,cambium_co2_rate_lrmer,227.6
CA,2022,2022-09-18 01:00:00,cambium_co2_rate_lrmer,205.0
CA,2022,2022-09-18 02:00:00,cambium_co2_rate_lrmer,200.9
CA,2022,2022-09-18 03:00:00,cambium_co2_rate_lrmer,197.1
CA,2022,2022-09-18 04:00:00,cambium_co2_rate_lrmer,198.2
CA,2022,2022-09-18 05:00:00,cambium_co2_rate_lrmer,196.1
CA,2022,2022-09-18 06:00:00,cambium_co2_rate_lrmer,191.0
CA,2022,2022-09-18 07:00:00,cambium_co2_rate_lrmer,191.9
CA,2022,2022-09-18 08:00:00,cambium_co2_rate_lrmer,200.5
CA,2022,2022-09-18 09:00:00,cambium_co2_rate_lrmer,190.2
CA,2022,2022-09-18 10:00:00,cambium_co2_rate_lrmer,158.8
CA,2022,2022-09-18 11:00:00,cambium_co2_rate_lrmer,158.4
CA,2022,2022-09-18 12:00:00,cambium_co2_rate_lrmer,148.8
CA,2022,2022-09-18 13:00:00,cambium_co2_rate_lrmer,149.0
CA,2022,2022-09-18 14:00:00,cambium_co2_rate_lrmer,157.8
CA,2022,2022-09-18 15:00:00,cambium_co2_rate_lrmer,154.1
CA,2022,2022-09-18 16:00:00,cambium_co2_rate_lrmer,144.9
CA,2022,2022-09-18 17:00:00,cambium_co2_rate_lrmer,154.1
CA,2022,2022-09-18 18:00:00,cambium_co2_rate_lrmer,161.2
CA,2022,2022-09-18 19:00:00,cambium_co2_rate_lrmer,178.2
CA,2022,2022-09-18 20:00:00,cambium_co2_rate_lrmer,242.5
CA,2022,2022-09-18 21:00:00,cambium_co2_rate_lrmer,257.2
CA,2022,2022-09-18 22:00:00,cambium_co2_rate_lrmer,243.0
CA,2022,2022-09-18 23:00:00,cambium_co2_rate_lrmer,244.0
CA,2022,2022-09-19 00:00:00,cambium_co2_rate_lrmer,229.4
CA,2022,2022-09-19 01:00:00,cambium_co2_rate_lrmer,201.6
CA,2022,2022-09-19 02:00:00,cambium_co2_rate_lrmer,197.9
CA,2022,2022-09-19 03:00:00,cambium_co2_rate_lrmer,190.5
CA,2022,2022-09-19 04:00:00,cambium_co2_rate_lrmer,193.1
CA,2022,2022-09-19 05:00:00,cambium_co2_rate_lrmer,191.0
CA,2022,2022-09-19 06:00:00,cambium_co2_rate_lrmer,184.8
CA,2022,2022-09-19 07:00:00,cambium_co2_rate_lrmer,182.4
CA,2022,2022-09-19 08:00:00,cambium_co2_rate_lrmer,191.5
CA,2022,2022-09-19 09:00:00,cambium_co2_rate_lrmer,179.1
CA,2022,2022-09-19 10:00:00,cambium_co2_rate_lrmer,149.2
CA,2022,2022-09-19 11:00:00,cambium_co2_rate_lrmer,149.8
CA,2022,2022-09-19 12:00:00,cambium_co2_rate_lrmer,146.6
CA,2022,2022-09-19 13:00:00,cambium_co2_rate_lrmer,148.1
CA,2022,2022-09-19 14:00:00,cambium_co2_rate_lrmer,148.8
CA,2022,2022-09-19 15:00:00,cambium_co2_rate_lrmer,147.1
CA,2022,2022-09-19 16:00:00,cambium_co2_rate_lrmer,136.8
CA,2022,2022-09-19 17:00:00,cambium_co2_rate_lrmer,152.6
CA,2022,2022-09-19 18:00:00,cambium_co2_rate_lrmer,157.5
CA,2022,2022-09-19 19:00:00,cambium_co2_rate_lrmer,176.4
CA,2022,2022-09-19 20:00:00,cambium_co2_rate_lrmer,244.0
CA,2022,2022-09-19 21:00:00,cambium_co2_rate_lrmer,259.2
CA,2022,2022-09-19 22:00:00,cambium_co2_rate_lrmer,245.8
CA,2022,2022-09-19 23:00:00,cambium_co2_rate_lrmer,245.9
CA,2022,2022-09-20 00:00:00,cambium_co2_rate_lrmer,230.4
CA,2022,2022-09-20 01:00:00,cambium_co2_rate_lrmer,192.8
CA,2022,2022-09-20 02:00:00,cambium_co2_rate_lrmer,195.2
CA,2022,2022-09-20 03:00:00,cambium_co2_rate_lrmer,188.8
CA,2022,2022-09-20 04:00:00,cambium_co2_rate_lrmer,193.8
CA,2022,2022-09-20 05:00:00,cambium_co2_rate_lrmer,189.6
CA,2022,2022-09-20 06:00:00,cambium_co2_rate_lrmer,183.6
CA,2022,2022-09-20 07:00:00,cambium_co2_rate_lrmer,180.9
CA,2022,2022-09-20 08:00:00,cambium_co2_rate_lrmer,189.8
CA,2022,2022-09-20 09:00:00,cambium_co2_rate_lrmer,177.0
CA,2022,2022-09-20 10:00:00,cambium_co2_rate_lrmer,146.6
CA,2022,2022-09-20 11:00:00,cambium_co2_rate_lrmer,146.5
CA,2022,2022-09-20 12:00:00,cambium_co2_rate_lrmer,140.0
CA,2022,2022-09-20 13:00:00,cambium_co2_rate_lrmer,144.1
CA,2022,2022-09-20 14:00:00,cambium_co2_rate_lrmer,143.1
CA,2022,2022-09-20 15:00:00,cambium_co2_rate_lrmer,142.2
CA,2022,2022-09-20 16:00:00,cambium_co2_rate_lrmer,134.8
CA,2022,2022-09-20 17:00:00,cambium_co2_rate_lrmer,150.9
CA,2022,2022-09-20 18:00:00,cambium_co2_rate_lrmer,151.9
CA,2022,2022-09-20 19:00:00,cambium_co2_rate_lrmer,175.2
CA,2022,2022-09-20 20:00:00,cambium_co2_rate_lrmer,246.9
CA,2022,2022-09-20 21:00:00,cambium_co2_rate_lrmer,262.8
CA,2022,2022-09-20 22:00:00,cambium_co2_rate_lrmer,248.8
CA,2022,2022-09-20 23:00:00,cambium_co2_rate_lrmer,250.2
CA,2022,2022-09-21 00:00:00,cambium_co2_rate_lrmer,231.2
CA,2022,2022-09-21 01:00:00,cambium_co2_rate_lrmer,189.5
CA,2022,2022-09-21 02:00:00,cambium_co2_rate_lrmer,190.4
CA,2022,2022-09-21 03:00:00,cambium_co2_rate_lrmer,185.6
CA,2022,2022-09-21 04:00:00,cambium_co2_rate_lrmer,194.6
CA,2022,2022-09-21 05:00:00,cambium_co2_rate_lrmer,191.0
CA,2022,2022-09-21 06:00:00,cambium_co2_rate_lrmer,184.5
CA,2022,2022-09-21 07:00:00,cambium_co2_rate_lrmer,181.9
CA,2022,2022-09-21 08:00:00,cambium_co2_rate_lrmer,190.0
CA,2022,2022-09-21 09:00:00,cambium_co2_rate_lrmer,175.0
CA,2022,2022-09-21 10:00:00,cambium_co2_rate_lrmer,146.4
CA,2022,2022-09-21 11:00:00,cambium_co2_rate_lrmer,151.5
CA,2022,2022-09-21 12:00:00,cambium_co2_rate_lrmer,140.0
CA,2022,2022-09-21 13:00:00,cambium_co2_rate_lrmer,143.2
CA,2022,2022-09-21 14:00:00,cambium_co2_rate_lrmer,144.4
CA,2022,2022-09-21 15:00:00,cambium_co2_rate_lrmer,143.2
CA,2022,2022-09-21 16:00:00,cambium_co2_rate_lrmer,136.8
CA,2022,2022-09-21 17:00:00,cambium_co2_rate_lrmer,153.0
CA,2022,2022-09-21 18:00:00,cambium_co2_rate_lrmer,154.2
CA,2022,2022-09-21 19:00:00,cambium_co2_rate_lrmer,176.6
CA,2022,2022-09-21 20:00:00,cambium_co2_rate_lrmer,246.2
CA,2022,2022-09-21 21:00:00,cambium_co2_rate_lrmer,261.5
CA,2022,2022-09-21 22:00:00,cambium_co2_rate_lrmer,246.9
CA,2022,2022-09-21 23:00:00,cambium_co2_rate_lrmer,249.8
CA,2022,2022-09-22 00:00:00,cambium_co2_rate_lrmer,225.2
CA,2022,2022-09-22 01:00:00,cambium_co2_rate_lrmer,184.2
CA,2022,2022-09-22 02:00:00,cambium_co2_rate_lrmer,185.8
CA,2022,2022-09-22 03:00:00,cambium_co2_rate_lrmer,179.6
CA,2022,2022-09-22 04:00:00,cambium_co2_rate_lrmer,188.5
CA,2022,2022-09-22 05:00:00,cambium_co2_rate_lrmer,188.1
CA,2022,2022-09-22 06:00:00,cambium_co2_rate_lrmer,181.6
CA,2022,2022-09-22 07:00:00,cambium_co2_rate_lrmer,181.8
CA,2022,2022-09-22 08:00:00,cambium_co2_rate_lrmer,191.9
CA,2022,2022-09-22 09:00:00,cambium_co2_rate_lrmer,175.9
CA,2022,2022-09-22 10:00:00,cambium_co2_rate_lrmer,143.9
CA,2022,2022-09-22 11:00:00,cambium_co2_rate_lrmer,150.1
CA,2022,2022-09-22 12:00:00,cambium_co2_rate_lrmer,138.1
CA,2022,2022-09-22 13:00:00,cambium_co2_rate_lrmer,142.6
CA,2022,2022-09-22 14:00:00,cambium_co2_rate_lrmer,142.2
CA,2022,2022-09-22 15:00:00,cambium_co2_rate_lrmer,143.0
CA,2022,2022-09-22 16:00:00,cambium_co2_rate_lrmer,136.2
CA,2022,2022-09-22 17:00:00,cambium_co2_rate_lrmer,152.8
CA,2022,2022-09-22 18:00:00,cambium_co2_rate_lrmer,155.0
CA,2022,2022-09-22 19:00:00,cambium_co2_rate_lrmer,178.2
CA,2022,2022-09-22 20:00:00,cambium_co2_rate_lrmer,240.9
CA,2022,2022-09-22 21:00:00,cambium_co2_rate_lrmer,254.2
CA,2022,2022-09-22 22:00:00,cambium_co2_rate_lrmer,241.8
CA,2022,2022-09-22 23:00:00,cambium_co2_rate_lrmer,245.2
CA,2022,2022-09-23 00:00:00,cambium_co2_rate_lrmer,226.6
CA,2022,2022-09-23 01:00:00,cambium_co2_rate_lrmer,191.2
CA,2022,2022-09-23 02:00:00,cambium_co2_rate_lrmer,192.0
CA,2022,2022-09-23 03:00:00,cambium_co2_rate_lrmer,187.5
CA,2022,2022-09-23 04:00:00,cambium_co2_rate_lrmer,192.1
CA,2022,2022-09-23 05:00:00,cambium_co2_rate_lrmer,192.5
CA,2022,2022-09-23 06:00:00,cambium_co2_rate_lrmer,185.2
CA,2022,2022-09-23 07:00:00,cambium_co2_rate_lrmer,183.0
CA,2022,2022-09-23 08:00:00,cambium_co2_rate_lrmer,192.1
CA,2022,2022-09-23 09:00:00,cambium_co2_rate_lrmer,176.8
CA,2022,2022-09-23 10:00:00,cambium_co2_rate_lrmer,141.0
CA,2022,2022-09-23 11:00:00,cambium_co2_rate_lrmer,148.8
CA,2022,2022-09-23 12:00:00,cambium_co2_rate_lrmer,136.6
CA,2022,2022-09-23 13:00:00,cambium_co2_rate_lrmer,141.1
CA,2022,2022-09-23 14:00:00,cambium_co2_rate_lrmer,141.2
CA,2022,2022-09-23 15:00:00,cambium_co2_rate_lrmer,142.1
CA,2022,2022-09-23 16:00:00,cambium_co2_rate_lrmer,139.1
CA,2022,2022-09-23 17:00:00,cambium_co2_rate_lrmer,154.4
CA,2022,2022-09-23 18:00:00,cambium_co2_rate_lrmer,157.9
CA,2022,2022-09-23 19:00:00,cambium_co2_rate_lrmer,183.2
CA,2022,2022-09-23 20:00:00,cambium_co2_rate_lrmer,242.0
CA,2022,2022-09-23 21:00:00,cambium_co2_rate_lrmer,252.8
CA,2022,2022-09-23 22:00:00,cambium_co2_rate_lrmer,243.0
CA,2022,2022-09-23 23:00:00,cambium_co2_rate_lrmer,247.6
CA,2022,2022-09-24 00:00:00,cambium_co2_rate_lrmer,226.2
CA,2022,2022-09-24 01:00:00,cambium_co2_rate_lrmer,191.5
CA,2022,2022-09-24 02:00:00,cambium_co2_rate_lrmer,192.2
CA,2022,2022-09-24 03:00:00,cambium_co2_rate_lrmer,185.0
CA,2022,2022-09-24 04:00:00,cambium_co2_rate_lrmer,190.8
CA,2022,2022-09-24 05:00:00,cambium_co2_rate_lrmer,193.4
CA,2022,2022-09-24 06:00:00,cambium_co2_rate_lrmer,188.2
CA,2022,2022-09-24 07:00:00,cambium_co2_rate_lrmer,188.9
CA,2022,2022-09-24 08:00:00,cambium_co2_rate_lrmer,195.8
CA,2022,2022-09-24 09:00:00,cambium_co2_rate_lrmer,177.4
CA,2022,2022-09-24 10:00:00,cambium_co2_rate_lrmer,140.9
CA,2022,2022-09-24 11:00:00,cambium_co2_rate_lrmer,143.5
CA,2022,2022-09-24 12:00:00,cambium_co2_rate_lrmer,134.1
CA,2022,2022-09-24 13:00:00,cambium_co2_rate_lrmer,138.4
CA,2022,2022-09-24 14:00:00,cambium_co2_rate_lrmer,138.8
CA,2022,2022-09-24 15:00:00,cambium_co2_rate_lrmer,139.5
CA,2022,2022-09-24 16:00:00,cambium_co2_rate_lrmer,136.5
CA,2022,2022-09-24 17:00:00,cambium_co2_rate_lrmer,152.1
CA,2022,2022-09-24 18:00:00,cambium_co2_rate_lrmer,151.2
CA,2022,2022-09-24 19:00:00,cambium_co2_rate_lrmer,182.5
CA,2022,2022-09-24 20:00:00,cambium_co2_rate_lrmer,234.1
CA,2022,2022-09-24 21:00:00,cambium_co2_rate_lrmer,246.9
CA,2022,2022-09-24 22:00:00,cambium_co2_rate_lrmer,239.6
CA,2022,2022-09-24 23:00:00,cambium_co2_rate_lrmer,241.9
CA,2022,2022-09-25 00:00:00,cambium_co2_rate_lrmer,223.0
CA,2022,2022-09-25 01:00:00,cambium_co2_rate_lrmer,191.8
CA,2022,2022-09-25 02:00:00,cambium_co2_rate_lrmer,189.2
CA,2022,2022-09-25 03:00:00,cambium_co2_rate_lrmer,184.2
CA,2022,2022-09-25 04:00:00,cambium_co2_rate_lrmer,191.9
CA,2022,2022-09-25 05:00:00,cambium_co2_rate_lrmer,196.2
CA,2022,2022-09-25 06:00:00,cambium_co2_rate_lrmer,191.6
CA,2022,2022-09-25 07:00:00,cambium_co2_rate_lrmer,192.1
CA,2022,2022-09-25 08:00:00,cambium_co2_rate_lrmer,199.2
CA,2022,2022-09-25 09:00:00,cambium_co2_rate_lrmer,180.2
CA,2022,2022-09-25 10:00:00,cambium_co2_rate_lrmer,143.8
CA,2022,2022-09-25 11:00:00,cambium_co2_rate_lrmer,147.1
CA,2022,2022-09-25 12:00:00,cambium_co2_rate_lrmer,140.8
CA,2022,2022-09-25 13:00:00,cambium_co2_rate_lrmer,143.2
CA,2022,2022-09-25 14:00:00,cambium_co2_rate_lrmer,141.8
CA,2022,2022-09-25 15:00:00,cambium_co2_rate_lrmer,142.4
CA,2022,2022-09-25 16:00:00,cambium_co2_rate_lrmer,136.0
CA,2022,2022-09-25 17:00:00,cambium_co2_rate_lrmer,150.8
CA,2022,2022-09-25 18:00:00,cambium_co2_rate_lrmer,146.9
CA,2022,2022-09-25 19:00:00,cambium_co2_rate_lrmer,177.0
CA,2022,2022-09-25 20:00:00,cambium_co2_rate_lrmer,228.5
CA,2022,2022-09-25 21:00:00,cambium_co2_rate_lrmer,243.4
CA,2022,2022-09-25 22:00:00,cambium_co2_rate_lrmer,235.5
CA,2022,2022-09-25 23:00:00,cambium_co2_rate_lrmer,238.0
CA,2022,2022-09-26 00:00:00,cambium_co2_rate_lrmer,214.5
CA,2022,2022-09-26 01:00:00,cambium_co2_rate_lrmer,184.0
CA,2022,2022-09-26 02:00:00,cambium_co2_rate_lrmer,183.1
CA,2022,2022-09-26 03:00:00,cambium_co2_rate_lrmer,178.2
CA,2022,2022-09-26 04:00:00,cambium_co2_rate_lrmer,186.5
CA,2022,2022-09-26 05:00:00,cambium_co2_rate_lrmer,191.2
CA,2022,2022-09-26 06:00:00,cambium_co2_rate_lrmer,186.9
CA,2022,2022-09-26 07:00:00,cambium_co2_rate_lrmer,185.1
CA,2022,2022-09-26 08:00:00,cambium_co2_rate_lrmer,190.8
CA,2022,2022-09-26 09:00:00,cambium_co2_rate_lrmer,170.6
CA,2022,2022-09-26 10:00:00,cambium_co2_rate_lrmer,142.5
CA,2022,2022-09-26 11:00:00,cambium_co2_rate_lrmer,144.0
CA,2022,2022-09-26 12:00:00,cambium_co2_rate_lrmer,139.6
CA,2022,2022-09-26 13:00:00,cambium_co2_rate_lrmer,139.1
CA,2022,2022-09-26 14:00:00,cambium_co2_rate_lrmer,135.5
CA,2022,2022-09-26 15:00:00,cambium_co2_rate_lrmer,137.1
CA,2022,2022-09-26 16:00:00,cambium_co2_rate_lrmer,130.5
CA,2022,2022-09-26 17:00:00,cambium_co2_rate_lrmer,143.6
CA,2022,2022-09-26 18:00:00,cambium_co2_rate_lrmer,139.5
CA,2022,2022-09-26 19:00:00,cambium_co2_rate_lrmer,164.0
CA,2022,2022-09-26 20:00:00,cambium_co2_rate_lrmer,221.2
CA,2022,2022-09-26 21:00:00,cambium_co2_rate_lrmer,238.0
CA,2022,2022-09-26 22:00:00,cambium_co2_rate_lrmer,230.2
CA,2022,2022-09-26 23:00:00,cambium_co2_rate_lrmer,233.1
CA,2022,2022-09-27 00:00:00,cambium_co2_rate_lrmer,213.5
CA,2022,2022-09-27 01:00:00,cambium_co2_rate_lrmer,180.0
CA,2022,2022-09-27 02:00:00,cambium_co2_rate_lrmer,182.5
CA,2022,2022-09-27 03:00:00,cambium_co2_rate_lrmer,172.6
CA,2022,2022-09-27 04:00:00,cambium_co2_rate_lrmer,185.2
CA,2022,2022-09-27 05:00:00,cambium_co2_rate_lrmer,189.0
CA,2022,2022-09-27 06:00:00,cambium_co2_rate_lrmer,184.1
CA,2022,2022-09-27 07:00:00,cambium_co2_rate_lrmer,182.1
CA,2022,2022-09-27 08:00:00,cambium_co2_rate_lrmer,187.5
CA,2022,2022-09-27 09:00:00,cambium_co2_rate_lrmer,169.1
CA,2022,2022-09-27 10:00:00,cambium_co2_rate_lrmer,142.8
CA,2022,2022-09-27 11:00:00,cambium_co2_rate_lrmer,146.1
CA,2022,2022-09-27 12:00:00,cambium_co2_rate_lrmer,140.9
CA,2022,2022-09-27 13:00:00,cambium_co2_rate_lrmer,142.0
CA,2022,2022-09-27 14:00:00,cambium_co2_rate_lrmer,137.5
CA,2022,2022-09-27 15:00:00,cambium_co2_rate_lrmer,138.4
CA,2022,2022-09-27 16:00:00,cambium_co2_rate_lrmer,127.6
CA,2022,2022-09-27 17:00:00,cambium_co2_rate_lrmer,140.4
CA,2022,2022-09-27 18:00:00,cambium_co2_rate_lrmer,139.2
CA,2022,2022-09-27 19:00:00,cambium_co2_rate_lrmer,161.6
CA,2022,2022-09-27 20:00:00,cambium_co2_rate_lrmer,220.2
CA,2022,2022-09-27 21:00:00,cambium_co2_rate_lrmer,241.0
CA,2022,2022-09-27 22:00:00,cambium_co2_rate_lrmer,231.4
CA,2022,2022-09-27 23:00:00,cambium_co2_rate_lrmer,232.2
CA,2022,2022-09-28 00:00:00,cambium_co2_rate_lrmer,207.9
CA,2022,2022-09-28 01:00:00,cambium_co2_rate_lrmer,177.2
CA,2022,2022-09-28 02:00:00,cambium_co2_rate_lrmer,177.2
CA,2022,2022-09-28 03:00:00,cambium_co2_rate_lrmer,171.9
CA,2022,2022-09-28 04:00:00,cambium_co2_rate_lrmer,185.2
CA,2022,2022-09-28 05:00:00,cambium_co2_rate_lrmer,190.4
CA,2022,2022-09-28 06:00:00,cambium_co2_rate_lrmer,183.4
CA,2022,2022-09-28 07:00:00,cambium_co2_rate_lrmer,181.5
CA,2022,2022-09-28 08:00:00,cambium_co2_rate_lrmer,186.1
CA,2022,2022-09-28 09:00:00,cambium_co2_rate_lrmer,169.6
CA,2022,2022-09-28 10:00:00,cambium_co2_rate_lrmer,147.2
CA,2022,2022-09-28 11:00:00,cambium_co2_rate_lrmer,149.2
CA,2022,2022-09-28 12:00:00,cambium_co2_rate_lrmer,143.9
CA,2022,2022-09-28 13:00:00,cambium_co2_rate_lrmer,144.0
CA,2022,2022-09-28 14:00:00,cambium_co2_rate_lrmer,138.8
CA,2022,2022-09-28 15:00:00,cambium_co2_rate_lrmer,137.6
CA,2022,2022-09-28 16:00:00,cambium_co2_rate_lrmer,124.9
CA,2022,2022-09-28 17:00:00,cambium_co2_rate_lrmer,140.9
CA,2022,2022-09-28 18:00:00,cambium_co2_rate_lrmer,137.0
CA,2022,2022-09-28 19:00:00,cambium_co2_rate_lrmer,161.8
CA,2022,2022-09-28 20:00:00,cambium_co2_rate_lrmer,219.4
CA,2022,2022-09-28 21:00:00,cambium_co2_rate_lrmer,240.5
CA,2022,2022-09-28 22:00:00,cambium_co2_rate_lrmer,229.1
CA,2022,2022-09-28 23:00:00,cambium_co2_rate_lrmer,231.9
CA,2022,2022-09-29 00:00:00,cambium_co2_rate_lrmer,206.5
CA,2022,2022-09-29 01:00:00,cambium_co2_rate_lrmer,176.5
CA,2022,2022-09-29 02:00:00,cambium_co2_rate_lrmer,176.9
CA,2022,2022-09-29 03:00:00,cambium_co2_rate_lrmer,168.1
CA,2022,2022-09-29 04:00:00,cambium_co2_rate_lrmer,183.2
CA,2022,2022-09-29 05:00:00,cambium_co2_rate_lrmer,185.9
CA,2022,2022-09-29 06:00:00,cambium_co2_rate_lrmer,183.4
CA,2022,2022-09-29 07:00:00,cambium_co2_rate_lrmer,182.4
CA,2022,2022-09-29 08:00:00,cambium_co2_rate_lrmer,186.5
CA,2022,2022-09-29 09:00:00,cambium_co2_rate_lrmer,165.0
CA,2022,2022-09-29 10:00:00,cambium_co2_rate_lrmer,150.0
CA,2022,2022-09-29 11:00:00,cambium_co2_rate_lrmer,151.0
CA,2022,2022-09-29 12:00:00,cambium_co2_rate_lrmer,147.1
CA,2022,2022-09-29 13:00:00,cambium_co2_rate_lrmer,145.1
CA,2022,2022-09-29 14:00:00,cambium_co2_rate_lrmer,138.5
CA,2022,2022-09-29 15:00:00,cambium_co2_rate_lrmer,136.2
CA,2022,2022-09-29 16:00:00,cambium_co2_rate_lrmer,122.1
CA,2022,2022-09-29 17:00:00,cambium_co2_rate_lrmer,137.6
CA,2022,2022-09-29 18:00:00,cambium_co2_rate_lrmer,135.5
CA,2022,2022-09-29 19:00:00,cambium_co2_rate_lrmer,162.0
CA,2022,2022-09-29 20:00:00,cambium_co2_rate_lrmer,216.5
CA,2022,2022-09-29 21:00:00,cambium_co2_rate_lrmer,236.4
CA,2022,2022-09-29 22:00:00,cambium_co2_rate_lrmer,224.5
CA,2022,2022-09-29 23:00:00,cambium_co2_rate_lrmer,226.2
CA,2022,2022-09-30 00:00:00,cambium_co2_rate_lrmer,199.4
CA,2022,2022-09-30 01:00:00,cambium_co2_rate_lrmer,169.9
CA,2022,2022-09-30 02:00:00,cambium_co2_rate_lrmer,170.2
CA,2022,2022-09-30 03:00:00,cambium_co2_rate_lrmer,164.0
CA,2022,2022-09-30 04:00:00,cambium_co2_rate_lrmer,179.2
CA,2022,2022-09-30 05:00:00,cambium_co2_rate_lrmer,181.8
CA,2022,2022-09-30 06:00:00,cambium_co2_rate_lrmer,180.1
CA,2022,2022-09-30 07:00:00,cambium_co2_rate_lrmer,177.9
CA,2022,2022-09-30 08:00:00,cambium_co2_rate_lrmer,183.0
CA,2022,2022-09-30 09:00:00,cambium_co2_rate_lrmer,159.6
CA,2022,2022-09-30 10:00:00,cambium_co2_rate_lrmer,143.5
CA,2022,2022-09-30 11:00:00,cambium_co2_rate_lrmer,145.0
CA,2022,2022-09-30 12:00:00,cambium_co2_rate_lrmer,142.5
CA,2022,2022-09-30 13:00:00,cambium_co2_rate_lrmer,142.6
CA,2022,2022-09-30 14:00:00,cambium_co2_rate_lrmer,135.8
CA,2022,2022-09-30 15:00:00,cambium_co2_rate_lrmer,131.2
CA,2022,2022-09-30 16:00:00,cambium_co2_rate_lrmer,118.2
CA,2022,2022-09-30 17:00:00,cambium_co2_rate_lrmer,134.2
CA,2022,2022-09-30 18:00:00,cambium_co2_rate_lrmer,132.5
CA,2022,2022-09-30 19:00:00,cambium_co2_rate_lrmer,160.2
CA,2022,2022-09-30 20:00:00,cambium_co2_rate_lrmer,213.4
CA,2022,2022-09-30 21:00:00,cambium_co2_rate_lrmer,233.8
CA,2022,2022-09-30 22:00:00,cambium_co2_rate_lrmer,218.9
CA,2022,2022-09-30 23:00:00,cambium_co2_rate_lrmer,219.0
CA,2022,2022-10-01 00:00:00,cambium_co2_rate_lrmer,202.0
CA,2022,2022-10-01 01:00:00,cambium_co2_rate_lrmer,172.8
CA,2022,2022-10-01 02:00:00,cambium_co2_rate_lrmer,171.8
CA,2022,2022-10-01 03:00:00,cambium_co2_rate_lrmer,166.0
CA,2022,2022-10-01 04:00:00,cambium_co2_rate_lrmer,178.5
CA,2022,2022-10-01 05:00:00,cambium_co2_rate_lrmer,180.0
CA,2022,2022-10-01 06:00:00,cambium_co2_rate_lrmer,179.2
CA,2022,2022-10-01 07:00:00,cambium_co2_rate_lrmer,176.6
CA,2022,2022-10-01 08:00:00,cambium_co2_rate_lrmer,180.5
CA,2022,2022-10-01 09:00:00,cambium_co2_rate_lrmer,161.6
CA,2022,2022-10-01 10:00:00,cambium_co2_rate_lrmer,148.1
CA,2022,2022-10-01 11:00:00,cambium_co2_rate_lrmer,144.1
CA,2022,2022-10-01 12:00:00,cambium_co2_rate_lrmer,141.5
CA,2022,2022-10-01 13:00:00,cambium_co2_rate_lrmer,141.0
CA,2022,2022-10-01 14:00:00,cambium_co2_rate_lrmer,142.4
CA,2022,2022-10-01 15:00:00,cambium_co2_rate_lrmer,134.0
CA,2022,2022-10-01 16:00:00,cambium_co2_rate_lrmer,121.0
CA,2022,2022-10-01 17:00:00,cambium_co2_rate_lrmer,136.1
CA,2022,2022-10-01 18:00:00,cambium_co2_rate_lrmer,130.6
CA,2022,2022-10-01 19:00:00,cambium_co2_rate_lrmer,165.2
CA,2022,2022-10-01 20:00:00,cambium_co2_rate_lrmer,218.2
CA,2022,2022-10-01 21:00:00,cambium_co2_rate_lrmer,239.0
CA,2022,2022-10-01 22:00:00,cambium_co2_rate_lrmer,219.6
CA,2022,2022-10-01 23:00:00,cambium_co2_rate_lrmer,216.2
CA,2022,2022-10-02 00:00:00,cambium_co2_rate_lrmer,205.0
CA,2022,2022-10-02 01:00:00,cambium_co2_rate_lrmer,170.5
CA,2022,2022-10-02 02:00:00,cambium_co2_rate_lrmer,172.6
CA,2022,2022-10-02 03:00:00,cambium_co2_rate_lrmer,161.8
CA,2022,2022-10-02 04:00:00,cambium_co2_rate_lrmer,173.8
CA,2022,2022-10-02 05:00:00,cambium_co2_rate_lrmer,176.4
CA,2022,2022-10-02 06:00:00,cambium_co2_rate_lrmer,175.1
CA,2022,2022-10-02 07:00:00,cambium_co2_rate_lrmer,176.1
CA,2022,2022-10-02 08:00:00,cambium_co2_rate_lrmer,186.4
CA,2022,2022-10-02 09:00:00,cambium_co2_rate_lrmer,162.2
CA,2022,2022-10-02 10:00:00,cambium_co2_rate_lrmer,149.6
CA,2022,2022-10-02 11:00:00,cambium_co2_rate_lrmer,145.0
CA,2022,2022-10-02 12:00:00,cambium_co2_rate_lrmer,145.5
CA,2022,2022-10-02 13:00:00,cambium_co2_rate_lrmer,142.8
CA,2022,2022-10-02 14:00:00,cambium_co2_rate_lrmer,141.9
CA,2022,2022-10-02 15:00:00,cambium_co2_rate_lrmer,135.6
CA,2022,2022-10-02 16:00:00,cambium_co2_rate_lrmer,121.56
CA,2022,2022-10-02 17:00:00,cambium_co2_rate_lrmer,140.2
CA,2022,2022-10-02 18:00:00,cambium_co2_rate_lrmer,135.1
CA,2022,2022-10-02 19:00:00,cambium_co2_rate_lrmer,169.5
CA,2022,2022-10-02 20:00:00,cambium_co2_rate_lrmer,223.9
CA,2022,2022-10-02 21:00:00,cambium_co2_rate_lrmer,243.8
CA,2022,2022-10-02 22:00:00,cambium_co2_rate_lrmer,221.2
CA,2022,2022-10-02 23:00:00,cambium_co2_rate_lrmer,217.1
CA,2022,2022-10-03 00:00:00,cambium_co2_rate_lrmer,200.8
CA,2022,2022-10-03 01:00:00,cambium_co2_rate_lrmer,166.1
CA,2022,2022-10-03 02:00:00,cambium_co2_rate_lrmer,170.4
CA,2022,2022-10-03 03:00:00,cambium_co2_rate_lrmer,162.4
CA,2022,2022-10-03 04:00:00,cambium_co2_rate_lrmer,174.1
CA,2022,2022-10-03 05:00:00,cambium_co2_rate_lrmer,171.5
CA,2022,2022-10-03 06:00:00,cambium_co2_rate_lrmer,172.2
CA,2022,2022-10-03 07:00:00,cambium_co2_rate_lrmer,173.8
CA,2022,2022-10-03 08:00:00,cambium_co2_rate_lrmer,184.6
CA,2022,2022-10-03 09:00:00,cambium_co2_rate_lrmer,155.5
CA,2022,2022-10-03 10:00:00,cambium_co2_rate_lrmer,144.6
CA,2022,2022-10-03 11:00:00,cambium_co2_rate_lrmer,138.5
CA,2022,2022-10-03 12:00:00,cambium_co2_rate_lrmer,141.1
CA,2022,2022-10-03 13:00:00,cambium_co2_rate_lrmer,136.6
CA,2022,2022-10-03 14:00:00,cambium_co2_rate_lrmer,137.5
CA,2022,2022-10-03 15:00:00,cambium_co2_rate_lrmer,131.1
CA,2022,2022-10-03 16:00:00,cambium_co2_rate_lrmer,118.4
CA,2022,2022-10-03 17:00:00,cambium_co2_rate_lrmer,137.8
CA,2022,2022-10-03 18:00:00,cambium_co2_rate_lrmer,130.8
CA,2022,2022-10-03 19:00:00,cambium_co2_rate_lrmer,173.8
CA,2022,2022-10-03 20:00:00,cambium_co2_rate_lrmer,223.4
CA,2022,2022-10-03 21:00:00,cambium_co2_rate_lrmer,245.5
CA,2022,2022-10-03 22:00:00,cambium_co2_rate_lrmer,220.8
CA,2022,2022-10-03 23:00:00,cambium_co2_rate_lrmer,214.6
CA,2022,2022-10-04 00:00:00,cambium_co2_rate_lrmer,201.2
CA,2022,2022-10-04 01:00:00,cambium_co2_rate_lrmer,168.2
CA,2022,2022-10-04 02:00:00,cambium_co2_rate_lrmer,171.4
CA,2022,2022-10-04 03:00:00,cambium_co2_rate_lrmer,164.0
CA,2022,2022-10-04 04:00:00,cambium_co2_rate_lrmer,171.5
CA,2022,2022-10-04 05:00:00,cambium_co2_rate_lrmer,167.2
CA,2022,2022-10-04 06:00:00,cambium_co2_rate_lrmer,168.8
CA,2022,2022-10-04 07:00:00,cambium_co2_rate_lrmer,172.2
CA,2022,2022-10-04 08:00:00,cambium_co2_rate_lrmer,183.6
CA,2022,2022-10-04 09:00:00,cambium_co2_rate_lrmer,153.2
CA,2022,2022-10-04 10:00:00,cambium_co2_rate_lrmer,142.8
CA,2022,2022-10-04 11:00:00,cambium_co2_rate_lrmer,135.9
CA,2022,2022-10-04 12:00:00,cambium_co2_rate_lrmer,138.5
CA,2022,2022-10-04 13:00:00,cambium_co2_rate_lrmer,136.6
CA,2022,2022-10-04 14:00:00,cambium_co2_rate_lrmer,135.4
CA,2022,2022-10-04 15:00:00,cambium_co2_rate_lrmer,130.2
CA,2022,2022-10-04 16:00:00,cambium_co2_rate_lrmer,118.4
CA,2022,2022-10-04 17:00:00,cambium_co2_rate_lrmer,135.0
CA,2022,2022-10-04 18:00:00,cambium_co2_rate_lrmer,130.0
CA,2022,2022-10-04 19:00:00,cambium_co2_rate_lrmer,174.2
CA,2022,2022-10-04 20:00:00,cambium_co2_rate_lrmer,224.1
CA,2022,2022-10-04 21:00:00,cambium_co2_rate_lrmer,244.8
CA,2022,2022-10-04 22:00:00,cambium_co2_rate_lrmer,221.6
CA,2022,2022-10-04 23:00:00,cambium_co2_rate_lrmer,214.1
CA,2022,2022-10-05 00:00:00,cambium_co2_rate_lrmer,201.1
CA,2022,2022-10-05 01:00:00,cambium_co2_rate_lrmer,164.4
CA,2022,2022-10-05 02:00:00,cambium_co2_rate_lrmer,169.2
CA,2022,2022-10-05 03:00:00,cambium_co2_rate_lrmer,157.5
CA,2022,2022-10-05 04:00:00,cambium_co2_rate_lrmer,166.0
CA,2022,2022-10-05 05:00:00,cambium_co2_rate_lrmer,163.2
CA,2022,2022-10-05 06:00:00,cambium_co2_rate_lrmer,163.2
CA,2022,2022-10-05 07:00:00,cambium_co2_rate_lrmer,166.1
CA,2022,2022-10-05 08:00:00,cambium_co2_rate_lrmer,176.8
CA,2022,2022-10-05 09:00:00,cambium_co2_rate_lrmer,152.2
CA,2022,2022-10-05 10:00:00,cambium_co2_rate_lrmer,140.5
CA,2022,2022-10-05 11:00:00,cambium_co2_rate_lrmer,136.6
CA,2022,2022-10-05 12:00:00,cambium_co2_rate_lrmer,137.2
CA,2022,2022-10-05 13:00:00,cambium_co2_rate_lrmer,133.9
CA,2022,2022-10-05 14:00:00,cambium_co2_rate_lrmer,135.1
CA,2022,2022-10-05 15:00:00,cambium_co2_rate_lrmer,130.0
CA,2022,2022-10-05 16:00:00,cambium_co2_rate_lrmer,118.0
CA,2022,2022-10-05 17:00:00,cambium_co2_rate_lrmer,134.0
CA,2022,2022-10-05 18:00:00,cambium_co2_rate_lrmer,126.44
CA,2022,2022-10-05 19:00:00,cambium_co2_rate_lrmer,168.6
CA,2022,2022-10-05 20:00:00,cambium_co2_rate_lrmer,216.1
CA,2022,2022-10-05 21:00:00,cambium_co2_rate_lrmer,236.8
CA,2022,2022-10-05 22:00:00,cambium_co2_rate_lrmer,216.1
CA,2022,2022-10-05 23:00:00,cambium_co2_rate_lrmer,208.2
CA,2022,2022-10-06 00:00:00,cambium_co2_rate_lrmer,200.0
CA,2022,2022-10-06 01:00:00,cambium_co2_rate_lrmer,164.5
CA,2022,2022-10-06 02:00:00,cambium_co2_rate_lrmer,168.6
CA,2022,2022-10-06 03:00:00,cambium_co2_rate_lrmer,159.4
CA,2022,2022-10-06 04:00:00,cambium_co2_rate_lrmer,169.0
CA,2022,2022-10-06 05:00:00,cambium_co2_rate_lrmer,166.6
CA,2022,2022-10-06 06:00:00,cambium_co2_rate_lrmer,168.1
CA,2022,2022-10-06 07:00:00,cambium_co2_rate_lrmer,170.4
CA,2022,2022-10-06 08:00:00,cambium_co2_rate_lrmer,179.2
CA,2022,2022-10-06 09:00:00,cambium_co2_rate_lrmer,154.2
CA,2022,2022-10-06 10:00:00,cambium_co2_rate_lrmer,141.6
CA,2022,2022-10-06 11:00:00,cambium_co2_rate_lrmer,137.5
CA,2022,2022-10-06 12:00:00,cambium_co2_rate_lrmer,139.1
CA,2022,2022-10-06 13:00:00,cambium_co2_rate_lrmer,133.6
CA,2022,2022-10-06 14:00:00,cambium_co2_rate_lrmer,135.8
CA,2022,2022-10-06 15:00:00,cambium_co2_rate_lrmer,130.9
CA,2022,2022-10-06 16:00:00,cambium_co2_rate_lrmer,119.25
CA,2022,2022-10-06 17:00:00,cambium_co2_rate_lrmer,131.0
CA,2022,2022-10-06 18:00:00,cambium_co2_rate_lrmer,125.25
CA,2022,2022-10-06 19:00:00,cambium_co2_rate_lrmer,165.6
CA,2022,2022-10-06 20:00:00,cambium_co2_rate_lrmer,216.6
CA,2022,2022-10-06 21:00:00,cambium_co2_rate_lrmer,239.8
CA,2022,2022-10-06 22:00:00,cambium_co2_rate_lrmer,217.1
CA,2022,2022-10-06 23:00:00,cambium_co2_rate_lrmer,209.8
CA,2022,2022-10-07 00:00:00,cambium_co2_rate_lrmer,199.6
CA,2022,2022-10-07 01:00:00,cambium_co2_rate_lrmer,162.0
CA,2022,2022-10-07 02:00:00,cambium_co2_rate_lrmer,158.1
CA,2022,2022-10-07 03:00:00,cambium_co2_rate_lrmer,158.2
CA,2022,2022-10-07 04:00:00,cambium_co2_rate_lrmer,162.4
CA,2022,2022-10-07 05:00:00,cambium_co2_rate_lrmer,163.8
CA,2022,2022-10-07 06:00:00,cambium_co2_rate_lrmer,168.8
CA,2022,2022-10-07 07:00:00,cambium_co2_rate_lrmer,167.9
CA,2022,2022-10-07 08:00:00,cambium_co2_rate_lrmer,171.9
CA,2022,2022-10-07 09:00:00,cambium_co2_rate_lrmer,146.8
CA,2022,2022-10-07 10:00:00,cambium_co2_rate_lrmer,133.1
CA,2022,2022-10-07 11:00:00,cambium_co2_rate_lrmer,128.4
CA,2022,2022-10-07 12:00:00,cambium_co2_rate_lrmer,130.5
CA,2022,2022-10-07 13:00:00,cambium_co2_rate_lrmer,123.5
CA,2022,2022-10-07 14:00:00,cambium_co2_rate_lrmer,126.44
CA,2022,2022-10-07 15:00:00,cambium_co2_rate_lrmer,122.06
CA,2022,2022-10-07 16:00:00,cambium_co2_rate_lrmer,118.2
CA,2022,2022-10-07 17:00:00,cambium_co2_rate_lrmer,126.7
CA,2022,2022-10-07 18:00:00,cambium_co2_rate_lrmer,120.25
CA,2022,2022-10-07 19:00:00,cambium_co2_rate_lrmer,166.0
CA,2022,2022-10-07 20:00:00,cambium_co2_rate_lrmer,217.1
CA,2022,2022-10-07 21:00:00,cambium_co2_rate_lrmer,240.5
CA,2022,2022-10-07 22:00:00,cambium_co2_rate_lrmer,218.0
CA,2022,2022-10-07 23:00:00,cambium_co2_rate_lrmer,210.5
CA,2022,2022-10-08 00:00:00,cambium_co2_rate_lrmer,198.9
CA,2022,2022-10-08 01:00:00,cambium_co2_rate_lrmer,163.5
CA,2022,2022-10-08 02:00:00,cambium_co2_rate_lrmer,159.8
CA,2022,2022-10-08 03:00:00,cambium_co2_rate_lrmer,162.0
CA,2022,2022-10-08 04:00:00,cambium_co2_rate_lrmer,163.4
CA,2022,2022-10-08 05:00:00,cambium_co2_rate_lrmer,166.2
CA,2022,2022-10-08 06:00:00,cambium_co2_rate_lrmer,172.2
CA,2022,2022-10-08 07:00:00,cambium_co2_rate_lrmer,171.0
CA,2022,2022-10-08 08:00:00,cambium_co2_rate_lrmer,175.0
CA,2022,2022-10-08 09:00:00,cambium_co2_rate_lrmer,148.5
CA,2022,2022-10-08 10:00:00,cambium_co2_rate_lrmer,134.6
CA,2022,2022-10-08 11:00:00,cambium_co2_rate_lrmer,127.75
CA,2022,2022-10-08 12:00:00,cambium_co2_rate_lrmer,130.6
CA,2022,2022-10-08 13:00:00,cambium_co2_rate_lrmer,124.4
CA,2022,2022-10-08 14:00:00,cambium_co2_rate_lrmer,129.0
CA,2022,2022-10-08 15:00:00,cambium_co2_rate_lrmer,125.1
CA,2022,2022-10-08 16:00:00,cambium_co2_rate_lrmer,120.25
CA,2022,2022-10-08 17:00:00,cambium_co2_rate_lrmer,129.0
CA,2022,2022-10-08 18:00:00,cambium_co2_rate_lrmer,123.0
CA,2022,2022-10-08 19:00:00,cambium_co2_rate_lrmer,166.2
CA,2022,2022-10-08 20:00:00,cambium_co2_rate_lrmer,218.1
CA,2022,2022-10-08 21:00:00,cambium_co2_rate_lrmer,240.2
CA,2022,2022-10-08 22:00:00,cambium_co2_rate_lrmer,219.5
CA,2022,2022-10-08 23:00:00,cambium_co2_rate_lrmer,210.4
CA,2022,2022-10-09 00:00:00,cambium_co2_rate_lrmer,195.2
CA,2022,2022-10-09 01:00:00,cambium_co2_rate_lrmer,164.0
CA,2022,2022-10-09 02:00:00,cambium_co2_rate_lrmer,161.9
CA,2022,2022-10-09 03:00:00,cambium_co2_rate_lrmer,162.1
CA,2022,2022-10-09 04:00:00,cambium_co2_rate_lrmer,162.4
CA,2022,2022-10-09 05:00:00,cambium_co2_rate_lrmer,163.5
CA,2022,2022-10-09 06:00:00,cambium_co2_rate_lrmer,167.1
CA,2022,2022-10-09 07:00:00,cambium_co2_rate_lrmer,168.1
CA,2022,2022-10-09 08:00:00,cambium_co2_rate_lrmer,169.9
CA,2022,2022-10-09 09:00:00,cambium_co2_rate_lrmer,144.6
CA,2022,2022-10-09 10:00:00,cambium_co2_rate_lrmer,133.2
CA,2022,2022-10-09 11:00:00,cambium_co2_rate_lrmer,127.5
CA,2022,2022-10-09 12:00:00,cambium_co2_rate_lrmer,127.6
CA,2022,2022-10-09 13:00:00,cambium_co2_rate_lrmer,118.9
CA,2022,2022-10-09 14:00:00,cambium_co2_rate_lrmer,124.7
CA,2022,2022-10-09 15:00:00,cambium_co2_rate_lrmer,119.6
CA,2022,2022-10-09 16:00:00,cambium_co2_rate_lrmer,115.6
CA,2022,2022-10-09 17:00:00,cambium_co2_rate_lrmer,124.6
CA,2022,2022-10-09 18:00:00,cambium_co2_rate_lrmer,118.0
CA,2022,2022-10-09 19:00:00,cambium_co2_rate_lrmer,157.2
CA,2022,2022-10-09 20:00:00,cambium_co2_rate_lrmer,200.5
CA,2022,2022-10-09 21:00:00,cambium_co2_rate_lrmer,223.0
CA,2022,2022-10-09 22:00:00,cambium_co2_rate_lrmer,205.2
CA,2022,2022-10-09 23:00:00,cambium_co2_rate_lrmer,201.2
CA,2022,2022-10-10 00:00:00,cambium_co2_rate_lrmer,183.9
CA,2022,2022-10-10 01:00:00,cambium_co2_rate_lrmer,150.5
CA,2022,2022-10-10 02:00:00,cambium_co2_rate_lrmer,149.9
CA,2022,2022-10-10 03:00:00,cambium_co2_rate_lrmer,153.6
CA,2022,2022-10-10 04:00:00,cambium_co2_rate_lrmer,154.6
CA,2022,2022-10-10 05:00:00,cambium_co2_rate_lrmer,157.6
CA,2022,2022-10-10 06:00:00,cambium_co2_rate_lrmer,160.8
CA,2022,2022-10-10 07:00:00,cambium_co2_rate_lrmer,161.2
CA,2022,2022-10-10 08:00:00,cambium_co2_rate_lrmer,163.1
CA,2022,2022-10-10 09:00:00,cambium_co2_rate_lrmer,138.5
CA,2022,2022-10-10 10:00:00,cambium_co2_rate_lrmer,125.8
CA,2022,2022-10-10 11:00:00,cambium_co2_rate_lrmer,120.2
CA,2022,2022-10-10 12:00:00,cambium_co2_rate_lrmer,122.1
CA,2022,2022-10-10 13:00:00,cambium_co2_rate_lrmer,113.44
CA,2022,2022-10-10 14:00:00,cambium_co2_rate_lrmer,119.0
CA,2022,2022-10-10 15:00:00,cambium_co2_rate_lrmer,113.6
CA,2022,2022-10-10 16:00:00,cambium_co2_rate_lrmer,110.4
CA,2022,2022-10-10 17:00:00,cambium_co2_rate_lrmer,118.7
CA,2022,2022-10-10 18:00:00,cambium_co2_rate_lrmer,112.06
CA,2022,2022-10-10 19:00:00,cambium_co2_rate_lrmer,150.2
CA,2022,2022-10-10 20:00:00,cambium_co2_rate_lrmer,191.9
CA,2022,2022-10-10 21:00:00,cambium_co2_rate_lrmer,212.2
CA,2022,2022-10-10 22:00:00,cambium_co2_rate_lrmer,194.9
CA,2022,2022-10-10 23:00:00,cambium_co2_rate_lrmer,193.0
CA,2022,2022-10-11 00:00:00,cambium_co2_rate_lrmer,177.5
CA,2022,2022-10-11 01:00:00,cambium_co2_rate_lrmer,148.4
CA,2022,2022-10-11 02:00:00,cambium_co2_rate_lrmer,146.6
CA,2022,2022-10-11 03:00:00,cambium_co2_rate_lrmer,155.8
CA,2022,2022-10-11 04:00:00,cambium_co2_rate_lrmer,156.8
CA,2022,2022-10-11 05:00:00,cambium_co2_rate_lrmer,159.5
CA,2022,2022-10-11 06:00:00,cambium_co2_rate_lrmer,158.2
CA,2022,2022-10-11 07:00:00,cambium_co2_rate_lrmer,155.2
CA,2022,2022-10-11 08:00:00,cambium_co2_rate_lrmer,158.0
CA,2022,2022-10-11 09:00:00,cambium_co2_rate_lrmer,133.4
CA,2022,2022-10-11 10:00:00,cambium_co2_rate_lrmer,124.25
CA,2022,2022-10-11 11:00:00,cambium_co2_rate_lrmer,114.94
CA,2022,2022-10-11 12:00:00,cambium_co2_rate_lrmer,117.25
CA,2022,2022-10-11 13:00:00,cambium_co2_rate_lrmer,109.5
CA,2022,2022-10-11 14:00:00,cambium_co2_rate_lrmer,113.94
CA,2022,2022-10-11 15:00:00,cambium_co2_rate_lrmer,108.25
CA,2022,2022-10-11 16:00:00,cambium_co2_rate_lrmer,105.75
CA,2022,2022-10-11 17:00:00,cambium_co2_rate_lrmer,114.4
CA,2022,2022-10-11 18:00:00,cambium_co2_rate_lrmer,109.5
CA,2022,2022-10-11 19:00:00,cambium_co2_rate_lrmer,143.0
CA,2022,2022-10-11 20:00:00,cambium_co2_rate_lrmer,183.1
CA,2022,2022-10-11 21:00:00,cambium_co2_rate_lrmer,203.8
CA,2022,2022-10-11 22:00:00,cambium_co2_rate_lrmer,185.6
CA,2022,2022-10-11 23:00:00,cambium_co2_rate_lrmer,183.2
CA,2022,2022-10-12 00:00:00,cambium_co2_rate_lrmer,172.5
CA,2022,2022-10-12 01:00:00,cambium_co2_rate_lrmer,143.6
CA,2022,2022-10-12 02:00:00,cambium_co2_rate_lrmer,141.4
CA,2022,2022-10-12 03:00:00,cambium_co2_rate_lrmer,149.5
CA,2022,2022-10-12 04:00:00,cambium_co2_rate_lrmer,151.1
CA,2022,2022-10-12 05:00:00,cambium_co2_rate_lrmer,154.4
CA,2022,2022-10-12 06:00:00,cambium_co2_rate_lrmer,157.4
CA,2022,2022-10-12 07:00:00,cambium_co2_rate_lrmer,152.8
CA,2022,2022-10-12 08:00:00,cambium_co2_rate_lrmer,154.0
CA,2022,2022-10-12 09:00:00,cambium_co2_rate_lrmer,131.5
CA,2022,2022-10-12 10:00:00,cambium_co2_rate_lrmer,128.0
CA,2022,2022-10-12 11:00:00,cambium_co2_rate_lrmer,118.7
CA,2022,2022-10-12 12:00:00,cambium_co2_rate_lrmer,120.25
CA,2022,2022-10-12 13:00:00,cambium_co2_rate_lrmer,113.2
CA,2022,2022-10-12 14:00:00,cambium_co2_rate_lrmer,117.75
CA,2022,2022-10-12 15:00:00,cambium_co2_rate_lrmer,111.9
CA,2022,2022-10-12 16:00:00,cambium_co2_rate_lrmer,109.56
CA,2022,2022-10-12 17:00:00,cambium_co2_rate_lrmer,117.2
CA,2022,2022-10-12 18:00:00,cambium_co2_rate_lrmer,112.2
CA,2022,2022-10-12 19:00:00,cambium_co2_rate_lrmer,139.0
CA,2022,2022-10-12 20:00:00,cambium_co2_rate_lrmer,174.5
CA,2022,2022-10-12 21:00:00,cambium_co2_rate_lrmer,193.4
CA,2022,2022-10-12 22:00:00,cambium_co2_rate_lrmer,175.4
CA,2022,2022-10-12 23:00:00,cambium_co2_rate_lrmer,175.5
CA,2022,2022-10-13 00:00:00,cambium_co2_rate_lrmer,165.1
CA,2022,2022-10-13 01:00:00,cambium_co2_rate_lrmer,136.0
CA,2022,2022-10-13 02:00:00,cambium_co2_rate_lrmer,135.5
CA,2022,2022-10-13 03:00:00,cambium_co2_rate_lrmer,140.9
CA,2022,2022-10-13 04:00:00,cambium_co2_rate_lrmer,139.5
CA,2022,2022-10-13 05:00:00,cambium_co2_rate_lrmer,148.8
CA,2022,2022-10-13 06:00:00,cambium_co2_rate_lrmer,147.8
CA,2022,2022-10-13 07:00:00,cambium_co2_rate_lrmer,141.4
CA,2022,2022-10-13 08:00:00,cambium_co2_rate_lrmer,142.6
CA,2022,2022-10-13 09:00:00,cambium_co2_rate_lrmer,125.3
CA,2022,2022-10-13 10:00:00,cambium_co2_rate_lrmer,130.9
CA,2022,2022-10-13 11:00:00,cambium_co2_rate_lrmer,117.4
CA,2022,2022-10-13 12:00:00,cambium_co2_rate_lrmer,117.75
CA,2022,2022-10-13 13:00:00,cambium_co2_rate_lrmer,112.44
CA,2022,2022-10-13 14:00:00,cambium_co2_rate_lrmer,119.1
CA,2022,2022-10-13 15:00:00,cambium_co2_rate_lrmer,114.2
CA,2022,2022-10-13 16:00:00,cambium_co2_rate_lrmer,111.9
CA,2022,2022-10-13 17:00:00,cambium_co2_rate_lrmer,121.06
CA,2022,2022-10-13 18:00:00,cambium_co2_rate_lrmer,114.9
CA,2022,2022-10-13 19:00:00,cambium_co2_rate_lrmer,132.9
CA,2022,2022-10-13 20:00:00,cambium_co2_rate_lrmer,161.9
CA,2022,2022-10-13 21:00:00,cambium_co2_rate_lrmer,181.4
CA,2022,2022-10-13 22:00:00,cambium_co2_rate_lrmer,164.0
CA,2022,2022-10-13 23:00:00,cambium_co2_rate_lrmer,165.5
CA,2022,2022-10-14 00:00:00,cambium_co2_rate_lrmer,161.6
CA,2022,2022-10-14 01:00:00,cambium_co2_rate_lrmer,134.4
CA,2022,2022-10-14 02:00:00,cambium_co2_rate_lrmer,132.2
CA,2022,2022-10-14 03:00:00,cambium_co2_rate_lrmer,135.8
CA,2022,2022-10-14 04:00:00,cambium_co2_rate_lrmer,138.0
CA,2022,2022-10-14 05:00:00,cambium_co2_rate_lrmer,148.8
CA,2022,2022-10-14 06:00:00,cambium_co2_rate_lrmer,146.1
CA,2022,2022-10-14 07:00:00,cambium_co2_rate_lrmer,140.2
CA,2022,2022-10-14 08:00:00,cambium_co2_rate_lrmer,136.1
CA,2022,2022-10-14 09:00:00,cambium_co2_rate_lrmer,121.6
CA,2022,2022-10-14 10:00:00,cambium_co2_rate_lrmer,134.8
CA,2022,2022-10-14 11:00:00,cambium_co2_rate_lrmer,119.0
CA,2022,2022-10-14 12:00:00,cambium_co2_rate_lrmer,121.2
CA,2022,2022-10-14 13:00:00,cambium_co2_rate_lrmer,116.6
CA,2022,2022-10-14 14:00:00,cambium_co2_rate_lrmer,121.4
CA,2022,2022-10-14 15:00:00,cambium_co2_rate_lrmer,116.75
CA,2022,2022-10-14 16:00:00,cambium_co2_rate_lrmer,113.0
CA,2022,2022-10-14 17:00:00,cambium_co2_rate_lrmer,122.8
CA,2022,2022-10-14 18:00:00,cambium_co2_rate_lrmer,110.25
CA,2022,2022-10-14 19:00:00,cambium_co2_rate_lrmer,131.1
CA,2022,2022-10-14 20:00:00,cambium_co2_rate_lrmer,162.0
CA,2022,2022-10-14 21:00:00,cambium_co2_rate_lrmer,181.5
CA,2022,2022-10-14 22:00:00,cambium_co2_rate_lrmer,165.1
CA,2022,2022-10-14 23:00:00,cambium_co2_rate_lrmer,166.2
CA,2022,2022-10-15 00:00:00,cambium_co2_rate_lrmer,160.1
CA,2022,2022-10-15 01:00:00,cambium_co2_rate_lrmer,133.6
CA,2022,2022-10-15 02:00:00,cambium_co2_rate_lrmer,134.8
CA,2022,2022-10-15 03:00:00,cambium_co2_rate_lrmer,138.2
CA,2022,2022-10-15 04:00:00,cambium_co2_rate_lrmer,140.8
CA,2022,2022-10-15 05:00:00,cambium_co2_rate_lrmer,152.6
CA,2022,2022-10-15 06:00:00,cambium_co2_rate_lrmer,150.5
CA,2022,2022-10-15 07:00:00,cambium_co2_rate_lrmer,144.6
CA,2022,2022-10-15 08:00:00,cambium_co2_rate_lrmer,139.4
CA,2022,2022-10-15 09:00:00,cambium_co2_rate_lrmer,120.8
CA,2022,2022-10-15 10:00:00,cambium_co2_rate_lrmer,132.0
CA,2022,2022-10-15 11:00:00,cambium_co2_rate_lrmer,116.6
CA,2022,2022-10-15 12:00:00,cambium_co2_rate_lrmer,120.25
CA,2022,2022-10-15 13:00:00,cambium_co2_rate_lrmer,117.06
CA,2022,2022-10-15 14:00:00,cambium_co2_rate_lrmer,121.5
CA,2022,2022-10-15 15:00:00,cambium_co2_rate_lrmer,116.8
CA,2022,2022-10-15 16:00:00,cambium_co2_rate_lrmer,114.4
CA,2022,2022-10-15 17:00:00,cambium_co2_rate_lrmer,124.4
CA,2022,2022-10-15 18:00:00,cambium_co2_rate_lrmer,109.1
CA,2022,2022-10-15 19:00:00,cambium_co2_rate_lrmer,131.4
CA,2022,2022-10-15 20:00:00,cambium_co2_rate_lrmer,162.8
CA,2022,2022-10-15 21:00:00,cambium_co2_rate_lrmer,178.9
CA,2022,2022-10-15 22:00:00,cambium_co2_rate_lrmer,163.5
CA,2022,2022-10-15 23:00:00,cambium_co2_rate_lrmer,162.4
CA,2022,2022-10-16 00:00:00,cambium_co2_rate_lrmer,155.5
CA,2022,2022-10-16 01:00:00,cambium_co2_rate_lrmer,128.1
CA,2022,2022-10-16 02:00:00,cambium_co2_rate_lrmer,130.6
CA,2022,2022-10-16 03:00:00,cambium_co2_rate_lrmer,132.6
CA,2022,2022-10-16 04:00:00,cambium_co2_rate_lrmer,135.4
CA,2022,2022-10-16 05:00:00,cambium_co2_rate_lrmer,147.1
CA,2022,2022-10-16 06:00:00,cambium_co2_rate_lrmer,143.1
CA,2022,2022-10-16 07:00:00,cambium_co2_rate_lrmer,138.6
CA,2022,2022-10-16 08:00:00,cambium_co2_rate_lrmer,135.4
CA,2022,2022-10-16 09:00:00,cambium_co2_rate_lrmer,112.56
CA,2022,2022-10-16 10:00:00,cambium_co2_rate_lrmer,119.94
CA,2022,2022-10-16 11:00:00,cambium_co2_rate_lrmer,104.9
CA,2022,2022-10-16 12:00:00,cambium_co2_rate_lrmer,109.9
CA,2022,2022-10-16 13:00:00,cambium_co2_rate_lrmer,105.4
CA,2022,2022-10-16 14:00:00,cambium_co2_rate_lrmer,108.0
CA,2022,2022-10-16 15:00:00,cambium_co2_rate_lrmer,104.25
CA,2022,2022-10-16 16:00:00,cambium_co2_rate_lrmer,107.75
CA,2022,2022-10-16 17:00:00,cambium_co2_rate_lrmer,118.6
CA,2022,2022-10-16 18:00:00,cambium_co2_rate_lrmer,105.44
CA,2022,2022-10-16 19:00:00,cambium_co2_rate_lrmer,132.0
CA,2022,2022-10-16 20:00:00,cambium_co2_rate_lrmer,162.4
CA,2022,2022-10-16 21:00:00,cambium_co2_rate_lrmer,177.8
CA,2022,2022-10-16 22:00:00,cambium_co2_rate_lrmer,163.5
CA,2022,2022-10-16 23:00:00,cambium_co2_rate_lrmer,162.9
CA,2022,2022-10-17 00:00:00,cambium_co2_rate_lrmer,151.5
CA,2022,2022-10-17 01:00:00,cambium_co2_rate_lrmer,125.7
CA,2022,2022-10-17 02:00:00,cambium_co2_rate_lrmer,127.8
CA,2022,2022-10-17 03:00:00,cambium_co2_rate_lrmer,127.2
CA,2022,2022-10-17 04:00:00,cambium_co2_rate_lrmer,128.4
CA,2022,2022-10-17 05:00:00,cambium_co2_rate_lrmer,140.2
CA,2022,2022-10-17 06:00:00,cambium_co2_rate_lrmer,133.6
CA,2022,2022-10-17 07:00:00,cambium_co2_rate_lrmer,130.5
CA,2022,2022-10-17 08:00:00,cambium_co2_rate_lrmer,131.5
CA,2022,2022-10-17 09:00:00,cambium_co2_rate_lrmer,106.75
CA,2022,2022-10-17 10:00:00,cambium_co2_rate_lrmer,114.94
CA,2022,2022-10-17 11:00:00,cambium_co2_rate_lrmer,99.25
CA,2022,2022-10-17 12:00:00,cambium_co2_rate_lrmer,104.25
CA,2022,2022-10-17 13:00:00,cambium_co2_rate_lrmer,99.6
CA,2022,2022-10-17 14:00:00,cambium_co2_rate_lrmer,101.75
CA,2022,2022-10-17 15:00:00,cambium_co2_rate_lrmer,99.06
CA,2022,2022-10-17 16:00:00,cambium_co2_rate_lrmer,104.6
CA,2022,2022-10-17 17:00:00,cambium_co2_rate_lrmer,113.7
CA,2022,2022-10-17 18:00:00,cambium_co2_rate_lrmer,102.1
CA,2022,2022-10-17 19:00:00,cambium_co2_rate_lrmer,132.2
CA,2022,2022-10-17 20:00:00,cambium_co2_rate_lrmer,157.5
CA,2022,2022-10-17 21:00:00,cambium_co2_rate_lrmer,173.0
CA,2022,2022-10-17 22:00:00,cambium_co2_rate_lrmer,160.2
CA,2022,2022-10-17 23:00:00,cambium_co2_rate_lrmer,160.2
CA,2022,2022-10-18 00:00:00,cambium_co2_rate_lrmer,150.1
CA,2022,2022-10-18 01:00:00,cambium_co2_rate_lrmer,128.0
CA,2022,2022-10-18 02:00:00,cambium_co2_rate_lrmer,129.1
CA,2022,2022-10-18 03:00:00,cambium_co2_rate_lrmer,131.5
CA,2022,2022-10-18 04:00:00,cambium_co2_rate_lrmer,131.5
CA,2022,2022-10-18 05:00:00,cambium_co2_rate_lrmer,141.2
CA,2022,2022-10-18 06:00:00,cambium_co2_rate_lrmer,131.9
CA,2022,2022-10-18 07:00:00,cambium_co2_rate_lrmer,134.2
CA,2022,2022-10-18 08:00:00,cambium_co2_rate_lrmer,135.5
CA,2022,2022-10-18 09:00:00,cambium_co2_rate_lrmer,111.0
CA,2022,2022-10-18 10:00:00,cambium_co2_rate_lrmer,114.6
CA,2022,2022-10-18 11:00:00,cambium_co2_rate_lrmer,101.0
CA,2022,2022-10-18 12:00:00,cambium_co2_rate_lrmer,105.8
CA,2022,2022-10-18 13:00:00,cambium_co2_rate_lrmer,101.56
CA,2022,2022-10-18 14:00:00,cambium_co2_rate_lrmer,105.1
CA,2022,2022-10-18 15:00:00,cambium_co2_rate_lrmer,102.2
CA,2022,2022-10-18 16:00:00,cambium_co2_rate_lrmer,106.94
CA,2022,2022-10-18 17:00:00,cambium_co2_rate_lrmer,114.3
CA,2022,2022-10-18 18:00:00,cambium_co2_rate_lrmer,103.56
CA,2022,2022-10-18 19:00:00,cambium_co2_rate_lrmer,132.4
CA,2022,2022-10-18 20:00:00,cambium_co2_rate_lrmer,154.5
CA,2022,2022-10-18 21:00:00,cambium_co2_rate_lrmer,169.5
CA,2022,2022-10-18 22:00:00,cambium_co2_rate_lrmer,155.2
CA,2022,2022-10-18 23:00:00,cambium_co2_rate_lrmer,156.4
CA,2022,2022-10-19 00:00:00,cambium_co2_rate_lrmer,145.5
CA,2022,2022-10-19 01:00:00,cambium_co2_rate_lrmer,133.1
CA,2022,2022-10-19 02:00:00,cambium_co2_rate_lrmer,133.1
CA,2022,2022-10-19 03:00:00,cambium_co2_rate_lrmer,132.5
CA,2022,2022-10-19 04:00:00,cambium_co2_rate_lrmer,131.4
CA,2022,2022-10-19 05:00:00,cambium_co2_rate_lrmer,141.5
CA,2022,2022-10-19 06:00:00,cambium_co2_rate_lrmer,132.9
CA,2022,2022-10-19 07:00:00,cambium_co2_rate_lrmer,136.9
CA,2022,2022-10-19 08:00:00,cambium_co2_rate_lrmer,138.8
CA,2022,2022-10-19 09:00:00,cambium_co2_rate_lrmer,112.25
CA,2022,2022-10-19 10:00:00,cambium_co2_rate_lrmer,116.06
CA,2022,2022-10-19 11:00:00,cambium_co2_rate_lrmer,99.6
CA,2022,2022-10-19 12:00:00,cambium_co2_rate_lrmer,104.44
CA,2022,2022-10-19 13:00:00,cambium_co2_rate_lrmer,99.9
CA,2022,2022-10-19 14:00:00,cambium_co2_rate_lrmer,103.9
CA,2022,2022-10-19 15:00:00,cambium_co2_rate_lrmer,102.5
CA,2022,2022-10-19 16:00:00,cambium_co2_rate_lrmer,105.6
CA,2022,2022-10-19 17:00:00,cambium_co2_rate_lrmer,113.9
CA,2022,2022-10-19 18:00:00,cambium_co2_rate_lrmer,104.75
CA,2022,2022-10-19 19:00:00,cambium_co2_rate_lrmer,128.4
CA,2022,2022-10-19 20:00:00,cambium_co2_rate_lrmer,144.6
CA,2022,2022-10-19 21:00:00,cambium_co2_rate_lrmer,159.9
CA,2022,2022-10-19 22:00:00,cambium_co2_rate_lrmer,148.4
CA,2022,2022-10-19 23:00:00,cambium_co2_rate_lrmer,147.1
CA,2022,2022-10-20 00:00:00,cambium_co2_rate_lrmer,143.2
CA,2022,2022-10-20 01:00:00,cambium_co2_rate_lrmer,136.2
CA,2022,2022-10-20 02:00:00,cambium_co2_rate_lrmer,134.1
CA,2022,2022-10-20 03:00:00,cambium_co2_rate_lrmer,133.8
CA,2022,2022-10-20 04:00:00,cambium_co2_rate_lrmer,132.8
CA,2022,2022-10-20 05:00:00,cambium_co2_rate_lrmer,141.5
CA,2022,2022-10-20 06:00:00,cambium_co2_rate_lrmer,132.4
CA,2022,2022-10-20 07:00:00,cambium_co2_rate_lrmer,137.8
CA,2022,2022-10-20 08:00:00,cambium_co2_rate_lrmer,140.0
CA,2022,2022-10-20 09:00:00,cambium_co2_rate_lrmer,114.1
CA,2022,2022-10-20 10:00:00,cambium_co2_rate_lrmer,120.0
CA,2022,2022-10-20 11:00:00,cambium_co2_rate_lrmer,95.9
CA,2022,2022-10-20 12:00:00,cambium_co2_rate_lrmer,102.5
CA,2022,2022-10-20 13:00:00,cambium_co2_rate_lrmer,100.75
CA,2022,2022-10-20 14:00:00,cambium_co2_rate_lrmer,103.0
CA,2022,2022-10-20 15:00:00,cambium_co2_rate_lrmer,100.94
CA,2022,2022-10-20 16:00:00,cambium_co2_rate_lrmer,103.25
CA,2022,2022-10-20 17:00:00,cambium_co2_rate_lrmer,112.1
CA,2022,2022-10-20 18:00:00,cambium_co2_rate_lrmer,105.4
CA,2022,2022-10-20 19:00:00,cambium_co2_rate_lrmer,129.2
CA,2022,2022-10-20 20:00:00,cambium_co2_rate_lrmer,145.9
CA,2022,2022-10-20 21:00:00,cambium_co2_rate_lrmer,161.2
CA,2022,2022-10-20 22:00:00,cambium_co2_rate_lrmer,150.4
CA,2022,2022-10-20 23:00:00,cambium_co2_rate_lrmer,147.5
CA,2022,2022-10-21 00:00:00,cambium_co2_rate_lrmer,146.0
CA,2022,2022-10-21 01:00:00,cambium_co2_rate_lrmer,141.1
CA,2022,2022-10-21 02:00:00,cambium_co2_rate_lrmer,137.6
CA,2022,2022-10-21 03:00:00,cambium_co2_rate_lrmer,139.1
CA,2022,2022-10-21 04:00:00,cambium_co2_rate_lrmer,137.8
CA,2022,2022-10-21 05:00:00,cambium_co2_rate_lrmer,143.2
CA,2022,2022-10-21 06:00:00,cambium_co2_rate_lrmer,134.8
CA,2022,2022-10-21 07:00:00,cambium_co2_rate_lrmer,138.0
CA,2022,2022-10-21 08:00:00,cambium_co2_rate_lrmer,139.0
CA,2022,2022-10-21 09:00:00,cambium_co2_rate_lrmer,113.4
CA,2022,2022-10-21 10:00:00,cambium_co2_rate_lrmer,118.2
CA,2022,2022-10-21 11:00:00,cambium_co2_rate_lrmer,95.06
CA,2022,2022-10-21 12:00:00,cambium_co2_rate_lrmer,101.9
CA,2022,2022-10-21 13:00:00,cambium_co2_rate_lrmer,96.5
CA,2022,2022-10-21 14:00:00,cambium_co2_rate_lrmer,98.56
CA,2022,2022-10-21 15:00:00,cambium_co2_rate_lrmer,94.4
CA,2022,2022-10-21 16:00:00,cambium_co2_rate_lrmer,96.0
CA,2022,2022-10-21 17:00:00,cambium_co2_rate_lrmer,104.2
CA,2022,2022-10-21 18:00:00,cambium_co2_rate_lrmer,101.1
CA,2022,2022-10-21 19:00:00,cambium_co2_rate_lrmer,123.2
CA,2022,2022-10-21 20:00:00,cambium_co2_rate_lrmer,139.5
CA,2022,2022-10-21 21:00:00,cambium_co2_rate_lrmer,154.1
CA,2022,2022-10-21 22:00:00,cambium_co2_rate_lrmer,143.2
CA,2022,2022-10-21 23:00:00,cambium_co2_rate_lrmer,141.0
CA,2022,2022-10-22 00:00:00,cambium_co2_rate_lrmer,139.8
CA,2022,2022-10-22 01:00:00,cambium_co2_rate_lrmer,133.6
CA,2022,2022-10-22 02:00:00,cambium_co2_rate_lrmer,132.1
CA,2022,2022-10-22 03:00:00,cambium_co2_rate_lrmer,133.1
CA,2022,2022-10-22 04:00:00,cambium_co2_rate_lrmer,134.1
CA,2022,2022-10-22 05:00:00,cambium_co2_rate_lrmer,135.9
CA,2022,2022-10-22 06:00:00,cambium_co2_rate_lrmer,128.4
CA,2022,2022-10-22 07:00:00,cambium_co2_rate_lrmer,132.2
CA,2022,2022-10-22 08:00:00,cambium_co2_rate_lrmer,134.5
CA,2022,2022-10-22 09:00:00,cambium_co2_rate_lrmer,108.4
CA,2022,2022-10-22 10:00:00,cambium_co2_rate_lrmer,114.7
CA,2022,2022-10-22 11:00:00,cambium_co2_rate_lrmer,93.25
CA,2022,2022-10-22 12:00:00,cambium_co2_rate_lrmer,99.9
CA,2022,2022-10-22 13:00:00,cambium_co2_rate_lrmer,93.94
CA,2022,2022-10-22 14:00:00,cambium_co2_rate_lrmer,94.56
CA,2022,2022-10-22 15:00:00,cambium_co2_rate_lrmer,90.6
CA,2022,2022-10-22 16:00:00,cambium_co2_rate_lrmer,88.0
CA,2022,2022-10-22 17:00:00,cambium_co2_rate_lrmer,96.56
CA,2022,2022-10-22 18:00:00,cambium_co2_rate_lrmer,94.2
CA,2022,2022-10-22 19:00:00,cambium_co2_rate_lrmer,117.06
CA,2022,2022-10-22 20:00:00,cambium_co2_rate_lrmer,132.5
CA,2022,2022-10-22 21:00:00,cambium_co2_rate_lrmer,146.6
CA,2022,2022-10-22 22:00:00,cambium_co2_rate_lrmer,136.2
CA,2022,2022-10-22 23:00:00,cambium_co2_rate_lrmer,133.0
CA,2022,2022-10-23 00:00:00,cambium_co2_rate_lrmer,131.4
CA,2022,2022-10-23 01:00:00,cambium_co2_rate_lrmer,124.2
CA,2022,2022-10-23 02:00:00,cambium_co2_rate_lrmer,124.4
CA,2022,2022-10-23 03:00:00,cambium_co2_rate_lrmer,122.94
CA,2022,2022-10-23 04:00:00,cambium_co2_rate_lrmer,126.6
CA,2022,2022-10-23 05:00:00,cambium_co2_rate_lrmer,126.5
CA,2022,2022-10-23 06:00:00,cambium_co2_rate_lrmer,121.5
CA,2022,2022-10-23 07:00:00,cambium_co2_rate_lrmer,123.25
CA,2022,2022-10-23 08:00:00,cambium_co2_rate_lrmer,128.5
CA,2022,2022-10-23 09:00:00,cambium_co2_rate_lrmer,105.3
CA,2022,2022-10-23 10:00:00,cambium_co2_rate_lrmer,114.3
CA,2022,2022-10-23 11:00:00,cambium_co2_rate_lrmer,94.25
CA,2022,2022-10-23 12:00:00,cambium_co2_rate_lrmer,100.2
CA,2022,2022-10-23 13:00:00,cambium_co2_rate_lrmer,94.9
CA,2022,2022-10-23 14:00:00,cambium_co2_rate_lrmer,95.1
CA,2022,2022-10-23 15:00:00,cambium_co2_rate_lrmer,91.06
CA,2022,2022-10-23 16:00:00,cambium_co2_rate_lrmer,86.8
CA,2022,2022-10-23 17:00:00,cambium_co2_rate_lrmer,97.6
CA,2022,2022-10-23 18:00:00,cambium_co2_rate_lrmer,93.1
CA,2022,2022-10-23 19:00:00,cambium_co2_rate_lrmer,117.6
CA,2022,2022-10-23 20:00:00,cambium_co2_rate_lrmer,137.2
CA,2022,2022-10-23 21:00:00,cambium_co2_rate_lrmer,153.2
CA,2022,2022-10-23 22:00:00,cambium_co2_rate_lrmer,140.1
CA,2022,2022-10-23 23:00:00,cambium_co2_rate_lrmer,138.1
CA,2022,2022-10-24 00:00:00,cambium_co2_rate_lrmer,137.6
CA,2022,2022-10-24 01:00:00,cambium_co2_rate_lrmer,123.9
CA,2022,2022-10-24 02:00:00,cambium_co2_rate_lrmer,127.8
CA,2022,2022-10-24 03:00:00,cambium_co2_rate_lrmer,126.6
CA,2022,2022-10-24 04:00:00,cambium_co2_rate_lrmer,129.9
CA,2022,2022-10-24 05:00:00,cambium_co2_rate_lrmer,129.6
CA,2022,2022-10-24 06:00:00,cambium_co2_rate_lrmer,125.0
CA,2022,2022-10-24 07:00:00,cambium_co2_rate_lrmer,125.5
CA,2022,2022-10-24 08:00:00,cambium_co2_rate_lrmer,132.5
CA,2022,2022-10-24 09:00:00,cambium_co2_rate_lrmer,108.2
CA,2022,2022-10-24 10:00:00,cambium_co2_rate_lrmer,114.44
CA,2022,2022-10-24 11:00:00,cambium_co2_rate_lrmer,92.9
CA,2022,2022-10-24 12:00:00,cambium_co2_rate_lrmer,98.6
CA,2022,2022-10-24 13:00:00,cambium_co2_rate_lrmer,93.25
CA,2022,2022-10-24 14:00:00,cambium_co2_rate_lrmer,94.7
CA,2022,2022-10-24 15:00:00,cambium_co2_rate_lrmer,91.4
CA,2022,2022-10-24 16:00:00,cambium_co2_rate_lrmer,92.5
CA,2022,2022-10-24 17:00:00,cambium_co2_rate_lrmer,99.25
CA,2022,2022-10-24 18:00:00,cambium_co2_rate_lrmer,97.0
CA,2022,2022-10-24 19:00:00,cambium_co2_rate_lrmer,121.75
CA,2022,2022-10-24 20:00:00,cambium_co2_rate_lrmer,140.8
CA,2022,2022-10-24 21:00:00,cambium_co2_rate_lrmer,154.4
CA,2022,2022-10-24 22:00:00,cambium_co2_rate_lrmer,141.9
CA,2022,2022-10-24 23:00:00,cambium_co2_rate_lrmer,140.2
CA,2022,2022-10-25 00:00:00,cambium_co2_rate_lrmer,140.1
CA,2022,2022-10-25 01:00:00,cambium_co2_rate_lrmer,125.4
CA,2022,2022-10-25 02:00:00,cambium_co2_rate_lrmer,128.6
CA,2022,2022-10-25 03:00:00,cambium_co2_rate_lrmer,128.6
CA,2022,2022-10-25 04:00:00,cambium_co2_rate_lrmer,131.0
CA,2022,2022-10-25 05:00:00,cambium_co2_rate_lrmer,131.0
CA,2022,2022-10-25 06:00:00,cambium_co2_rate_lrmer,126.25
CA,2022,2022-10-25 07:00:00,cambium_co2_rate_lrmer,126.25
CA,2022,2022-10-25 08:00:00,cambium_co2_rate_lrmer,133.8
CA,2022,2022-10-25 09:00:00,cambium_co2_rate_lrmer,109.6
CA,2022,2022-10-25 10:00:00,cambium_co2_rate_lrmer,114.4
CA,2022,2022-10-25 11:00:00,cambium_co2_rate_lrmer,91.6
CA,2022,2022-10-25 12:00:00,cambium_co2_rate_lrmer,97.25
CA,2022,2022-10-25 13:00:00,cambium_co2_rate_lrmer,91.75
CA,2022,2022-10-25 14:00:00,cambium_co2_rate_lrmer,95.06
CA,2022,2022-10-25 15:00:00,cambium_co2_rate_lrmer,91.94
CA,2022,2022-10-25 16:00:00,cambium_co2_rate_lrmer,93.1
CA,2022,2022-10-25 17:00:00,cambium_co2_rate_lrmer,101.1
CA,2022,2022-10-25 18:00:00,cambium_co2_rate_lrmer,100.3
CA,2022,2022-10-25 19:00:00,cambium_co2_rate_lrmer,124.6
CA,2022,2022-10-25 20:00:00,cambium_co2_rate_lrmer,145.1
CA,2022,2022-10-25 21:00:00,cambium_co2_rate_lrmer,159.1
CA,2022,2022-10-25 22:00:00,cambium_co2_rate_lrmer,146.5
CA,2022,2022-10-25 23:00:00,cambium_co2_rate_lrmer,143.8
CA,2022,2022-10-26 00:00:00,cambium_co2_rate_lrmer,142.6
CA,2022,2022-10-26 01:00:00,cambium_co2_rate_lrmer,131.2
CA,2022,2022-10-26 02:00:00,cambium_co2_rate_lrmer,134.2
CA,2022,2022-10-26 03:00:00,cambium_co2_rate_lrmer,134.1
CA,2022,2022-10-26 04:00:00,cambium_co2_rate_lrmer,135.8
CA,2022,2022-10-26 05:00:00,cambium_co2_rate_lrmer,135.0
CA,2022,2022-10-26 06:00:00,cambium_co2_rate_lrmer,130.2
CA,2022,2022-10-26 07:00:00,cambium_co2_rate_lrmer,130.8
CA,2022,2022-10-26 08:00:00,cambium_co2_rate_lrmer,138.6
CA,2022,2022-10-26 09:00:00,cambium_co2_rate_lrmer,113.25
CA,2022,2022-10-26 10:00:00,cambium_co2_rate_lrmer,120.44
CA,2022,2022-10-26 11:00:00,cambium_co2_rate_lrmer,93.25
CA,2022,2022-10-26 12:00:00,cambium_co2_rate_lrmer,99.1
CA,2022,2022-10-26 13:00:00,cambium_co2_rate_lrmer,92.1
CA,2022,2022-10-26 14:00:00,cambium_co2_rate_lrmer,96.1
CA,2022,2022-10-26 15:00:00,cambium_co2_rate_lrmer,94.2
CA,2022,2022-10-26 16:00:00,cambium_co2_rate_lrmer,98.56
CA,2022,2022-10-26 17:00:00,cambium_co2_rate_lrmer,103.25
CA,2022,2022-10-26 18:00:00,cambium_co2_rate_lrmer,106.44
CA,2022,2022-10-26 19:00:00,cambium_co2_rate_lrmer,132.4
CA,2022,2022-10-26 20:00:00,cambium_co2_rate_lrmer,147.1
CA,2022,2022-10-26 21:00:00,cambium_co2_rate_lrmer,157.0
CA,2022,2022-10-26 22:00:00,cambium_co2_rate_lrmer,145.8
CA,2022,2022-10-26 23:00:00,cambium_co2_rate_lrmer,145.5
CA,2022,2022-10-27 00:00:00,cambium_co2_rate_lrmer,147.4
CA,2022,2022-10-27 01:00:00,cambium_co2_rate_lrmer,136.4
CA,2022,2022-10-27 02:00:00,cambium_co2_rate_lrmer,143.2
CA,2022,2022-10-27 03:00:00,cambium_co2_rate_lrmer,135.1
CA,2022,2022-10-27 04:00:00,cambium_co2_rate_lrmer,137.6
CA,2022,2022-10-27 05:00:00,cambium_co2_rate_lrmer,137.0
CA,2022,2022-10-27 06:00:00,cambium_co2_rate_lrmer,133.0
CA,2022,2022-10-27 07:00:00,cambium_co2_rate_lrmer,132.0
CA,2022,2022-10-27 08:00:00,cambium_co2_rate_lrmer,144.2
CA,2022,2022-10-27 09:00:00,cambium_co2_rate_lrmer,119.75
CA,2022,2022-10-27 10:00:00,cambium_co2_rate_lrmer,123.6
CA,2022,2022-10-27 11:00:00,cambium_co2_rate_lrmer,91.1
CA,2022,2022-10-27 12:00:00,cambium_co2_rate_lrmer,100.75
CA,2022,2022-10-27 13:00:00,cambium_co2_rate_lrmer,95.7
CA,2022,2022-10-27 14:00:00,cambium_co2_rate_lrmer,100.06
CA,2022,2022-10-27 15:00:00,cambium_co2_rate_lrmer,97.25
CA,2022,2022-10-27 16:00:00,cambium_co2_rate_lrmer,102.25
CA,2022,2022-10-27 17:00:00,cambium_co2_rate_lrmer,101.25
CA,2022,2022-10-27 18:00:00,cambium_co2_rate_lrmer,108.7
CA,2022,2022-10-27 19:00:00,cambium_co2_rate_lrmer,138.6
CA,2022,2022-10-27 20:00:00,cambium_co2_rate_lrmer,153.6
CA,2022,2022-10-27 21:00:00,cambium_co2_rate_lrmer,160.9
CA,2022,2022-10-27 22:00:00,cambium_co2_rate_lrmer,150.9
CA,2022,2022-10-27 23:00:00,cambium_co2_rate_lrmer,149.2
CA,2022,2022-10-28 00:00:00,cambium_co2_rate_lrmer,149.6
CA,2022,2022-10-28 01:00:00,cambium_co2_rate_lrmer,138.9
CA,2022,2022-10-28 02:00:00,cambium_co2_rate_lrmer,144.8
CA,2022,2022-10-28 03:00:00,cambium_co2_rate_lrmer,135.9
CA,2022,2022-10-28 04:00:00,cambium_co2_rate_lrmer,139.1
CA,2022,2022-10-28 05:00:00,cambium_co2_rate_lrmer,140.1
CA,2022,2022-10-28 06:00:00,cambium_co2_rate_lrmer,132.4
CA,2022,2022-10-28 07:00:00,cambium_co2_rate_lrmer,132.4
CA,2022,2022-10-28 08:00:00,cambium_co2_rate_lrmer,143.9
CA,2022,2022-10-28 09:00:00,cambium_co2_rate_lrmer,121.8
CA,2022,2022-10-28 10:00:00,cambium_co2_rate_lrmer,120.7
CA,2022,2022-10-28 11:00:00,cambium_co2_rate_lrmer,90.1
CA,2022,2022-10-28 12:00:00,cambium_co2_rate_lrmer,99.0
CA,2022,2022-10-28 13:00:00,cambium_co2_rate_lrmer,93.6
CA,2022,2022-10-28 14:00:00,cambium_co2_rate_lrmer,97.44
CA,2022,2022-10-28 15:00:00,cambium_co2_rate_lrmer,94.94
CA,2022,2022-10-28 16:00:00,cambium_co2_rate_lrmer,101.1
CA,2022,2022-10-28 17:00:00,cambium_co2_rate_lrmer,100.4
CA,2022,2022-10-28 18:00:00,cambium_co2_rate_lrmer,108.2
CA,2022,2022-10-28 19:00:00,cambium_co2_rate_lrmer,140.9
CA,2022,2022-10-28 20:00:00,cambium_co2_rate_lrmer,154.5
CA,2022,2022-10-28 21:00:00,cambium_co2_rate_lrmer,162.8
CA,2022,2022-10-28 22:00:00,cambium_co2_rate_lrmer,152.5
CA,2022,2022-10-28 23:00:00,cambium_co2_rate_lrmer,151.6
CA,2022,2022-10-29 00:00:00,cambium_co2_rate_lrmer,155.1
CA,2022,2022-10-29 01:00:00,cambium_co2_rate_lrmer,142.9
CA,2022,2022-10-29 02:00:00,cambium_co2_rate_lrmer,148.4
CA,2022,2022-10-29 03:00:00,cambium_co2_rate_lrmer,135.5
CA,2022,2022-10-29 04:00:00,cambium_co2_rate_lrmer,136.8
CA,2022,2022-10-29 05:00:00,cambium_co2_rate_lrmer,137.2
CA,2022,2022-10-29 06:00:00,cambium_co2_rate_lrmer,129.2
CA,2022,2022-10-29 07:00:00,cambium_co2_rate_lrmer,129.0
CA,2022,2022-10-29 08:00:00,cambium_co2_rate_lrmer,143.8
CA,2022,2022-10-29 09:00:00,cambium_co2_rate_lrmer,121.1
CA,2022,2022-10-29 10:00:00,cambium_co2_rate_lrmer,115.9
CA,2022,2022-10-29 11:00:00,cambium_co2_rate_lrmer,85.56
CA,2022,2022-10-29 12:00:00,cambium_co2_rate_lrmer,94.4
CA,2022,2022-10-29 13:00:00,cambium_co2_rate_lrmer,89.8
CA,2022,2022-10-29 14:00:00,cambium_co2_rate_lrmer,93.5
CA,2022,2022-10-29 15:00:00,cambium_co2_rate_lrmer,91.0
CA,2022,2022-10-29 16:00:00,cambium_co2_rate_lrmer,97.7
CA,2022,2022-10-29 17:00:00,cambium_co2_rate_lrmer,97.06
CA,2022,2022-10-29 18:00:00,cambium_co2_rate_lrmer,104.8
CA,2022,2022-10-29 19:00:00,cambium_co2_rate_lrmer,138.4
CA,2022,2022-10-29 20:00:00,cambium_co2_rate_lrmer,153.0
CA,2022,2022-10-29 21:00:00,cambium_co2_rate_lrmer,158.9
CA,2022,2022-10-29 22:00:00,cambium_co2_rate_lrmer,153.9
CA,2022,2022-10-29 23:00:00,cambium_co2_rate_lrmer,152.1
CA,2022,2022-10-30 00:00:00,cambium_co2_rate_lrmer,151.8
CA,2022,2022-10-30 01:00:00,cambium_co2_rate_lrmer,138.4
CA,2022,2022-10-30 02:00:00,cambium_co2_rate_lrmer,145.4
CA,2022,2022-10-30 03:00:00,cambium_co2_rate_lrmer,136.4
CA,2022,2022-10-30 04:00:00,cambium_co2_rate_lrmer,139.1
CA,2022,2022-10-30 05:00:00,cambium_co2_rate_lrmer,140.5
CA,2022,2022-10-30 06:00:00,cambium_co2_rate_lrmer,134.6
CA,2022,2022-10-30 07:00:00,cambium_co2_rate_lrmer,134.5
CA,2022,2022-10-30 08:00:00,cambium_co2_rate_lrmer,147.0
CA,2022,2022-10-30 09:00:00,cambium_co2_rate_lrmer,121.44
CA,2022,2022-10-30 10:00:00,cambium_co2_rate_lrmer,111.25
CA,2022,2022-10-30 11:00:00,cambium_co2_rate_lrmer,87.06
CA,2022,2022-10-30 12:00:00,cambium_co2_rate_lrmer,94.44
CA,2022,2022-10-30 13:00:00,cambium_co2_rate_lrmer,89.3
CA,2022,2022-10-30 14:00:00,cambium_co2_rate_lrmer,86.7
CA,2022,2022-10-30 15:00:00,cambium_co2_rate_lrmer,88.6
CA,2022,2022-10-30 16:00:00,cambium_co2_rate_lrmer,95.7
CA,2022,2022-10-30 17:00:00,cambium_co2_rate_lrmer,96.4
CA,2022,2022-10-30 18:00:00,cambium_co2_rate_lrmer,103.44
CA,2022,2022-10-30 19:00:00,cambium_co2_rate_lrmer,136.6
CA,2022,2022-10-30 20:00:00,cambium_co2_rate_lrmer,150.0
CA,2022,2022-10-30 21:00:00,cambium_co2_rate_lrmer,153.8
CA,2022,2022-10-30 22:00:00,cambium_co2_rate_lrmer,150.1
CA,2022,2022-10-30 23:00:00,cambium_co2_rate_lrmer,152.4
CA,2022,2022-10-31 00:00:00,cambium_co2_rate_lrmer,148.5
CA,2022,2022-10-31 01:00:00,cambium_co2_rate_lrmer,140.8
CA,2022,2022-10-31 02:00:00,cambium_co2_rate_lrmer,144.6
CA,2022,2022-10-31 03:00:00,cambium_co2_rate_lrmer,136.2
CA,2022,2022-10-31 04:00:00,cambium_co2_rate_lrmer,138.9
CA,2022,2022-10-31 05:00:00,cambium_co2_rate_lrmer,139.0
CA,2022,2022-10-31 06:00:00,cambium_co2_rate_lrmer,133.8
CA,2022,2022-10-31 07:00:00,cambium_co2_rate_lrmer,130.5
CA,2022,2022-10-31 08:00:00,cambium_co2_rate_lrmer,144.0
CA,2022,2022-10-31 09:00:00,cambium_co2_rate_lrmer,120.5
CA,2022,2022-10-31 10:00:00,cambium_co2_rate_lrmer,107.94
CA,2022,2022-10-31 11:00:00,cambium_co2_rate_lrmer,84.25
CA,2022,2022-10-31 12:00:00,cambium_co2_rate_lrmer,88.1
CA,2022,2022-10-31 13:00:00,cambium_co2_rate_lrmer,82.4
CA,2022,2022-10-31 14:00:00,cambium_co2_rate_lrmer,80.7
CA,2022,2022-10-31 15:00:00,cambium_co2_rate_lrmer,81.6
CA,2022,2022-10-31 16:00:00,cambium_co2_rate_lrmer,89.44
CA,2022,2022-10-31 17:00:00,cambium_co2_rate_lrmer,87.5
CA,2022,2022-10-31 18:00:00,cambium_co2_rate_lrmer,94.9
CA,2022,2022-10-31 19:00:00,cambium_co2_rate_lrmer,131.6
CA,2022,2022-10-31 20:00:00,cambium_co2_rate_lrmer,143.5
CA,2022,2022-10-31 21:00:00,cambium_co2_rate_lrmer,146.8
CA,2022,2022-10-31 22:00:00,cambium_co2_rate_lrmer,147.2
CA,2022,2022-10-31 23:00:00,cambium_co2_rate_lrmer,149.0
CA,2022,2022-11-01 00:00:00,cambium_co2_rate_lrmer,148.5
CA,2022,2022-11-01 01:00:00,cambium_co2_rate_lrmer,141.8
CA,2022,2022-11-01 02:00:00,cambium_co2_rate_lrmer,146.1
CA,2022,2022-11-01 03:00:00,cambium_co2_rate_lrmer,137.1
CA,2022,2022-11-01 04:00:00,cambium_co2_rate_lrmer,135.4
CA,2022,2022-11-01 05:00:00,cambium_co2_rate_lrmer,140.9
CA,2022,2022-11-01 06:00:00,cambium_co2_rate_lrmer,133.2
CA,2022,2022-11-01 07:00:00,cambium_co2_rate_lrmer,128.5
CA,2022,2022-11-01 08:00:00,cambium_co2_rate_lrmer,144.1
CA,2022,2022-11-01 09:00:00,cambium_co2_rate_lrmer,120.94
CA,2022,2022-11-01 10:00:00,cambium_co2_rate_lrmer,106.44
CA,2022,2022-11-01 11:00:00,cambium_co2_rate_lrmer,85.3
CA,2022,2022-11-01 12:00:00,cambium_co2_rate_lrmer,88.25
CA,2022,2022-11-01 13:00:00,cambium_co2_rate_lrmer,86.8
CA,2022,2022-11-01 14:00:00,cambium_co2_rate_lrmer,83.44
CA,2022,2022-11-01 15:00:00,cambium_co2_rate_lrmer,85.56
CA,2022,2022-11-01 16:00:00,cambium_co2_rate_lrmer,93.2
CA,2022,2022-11-01 17:00:00,cambium_co2_rate_lrmer,89.06
CA,2022,2022-11-01 18:00:00,cambium_co2_rate_lrmer,97.06
CA,2022,2022-11-01 19:00:00,cambium_co2_rate_lrmer,127.6
CA,2022,2022-11-01 20:00:00,cambium_co2_rate_lrmer,137.0
CA,2022,2022-11-01 21:00:00,cambium_co2_rate_lrmer,140.0
CA,2022,2022-11-01 22:00:00,cambium_co2_rate_lrmer,141.5
CA,2022,2022-11-01 23:00:00,cambium_co2_rate_lrmer,144.2
CA,2022,2022-11-02 00:00:00,cambium_co2_rate_lrmer,143.4
CA,2022,2022-11-02 01:00:00,cambium_co2_rate_lrmer,136.2
CA,2022,2022-11-02 02:00:00,cambium_co2_rate_lrmer,141.8
CA,2022,2022-11-02 03:00:00,cambium_co2_rate_lrmer,133.8
CA,2022,2022-11-02 04:00:00,cambium_co2_rate_lrmer,132.8
CA,2022,2022-11-02 05:00:00,cambium_co2_rate_lrmer,140.6
CA,2022,2022-11-02 06:00:00,cambium_co2_rate_lrmer,130.8
CA,2022,2022-11-02 07:00:00,cambium_co2_rate_lrmer,126.44
CA,2022,2022-11-02 08:00:00,cambium_co2_rate_lrmer,142.5
CA,2022,2022-11-02 09:00:00,cambium_co2_rate_lrmer,119.9
CA,2022,2022-11-02 10:00:00,cambium_co2_rate_lrmer,103.9
CA,2022,2022-11-02 11:00:00,cambium_co2_rate_lrmer,82.9
CA,2022,2022-11-02 12:00:00,cambium_co2_rate_lrmer,87.0
CA,2022,2022-11-02 13:00:00,cambium_co2_rate_lrmer,83.25
CA,2022,2022-11-02 14:00:00,cambium_co2_rate_lrmer,84.0
CA,2022,2022-11-02 15:00:00,cambium_co2_rate_lrmer,82.06
CA,2022,2022-11-02 16:00:00,cambium_co2_rate_lrmer,88.9
CA,2022,2022-11-02 17:00:00,cambium_co2_rate_lrmer,86.06
CA,2022,2022-11-02 18:00:00,cambium_co2_rate_lrmer,94.94
CA,2022,2022-11-02 19:00:00,cambium_co2_rate_lrmer,123.5
CA,2022,2022-11-02 20:00:00,cambium_co2_rate_lrmer,129.5
CA,2022,2022-11-02 21:00:00,cambium_co2_rate_lrmer,135.5
CA,2022,2022-11-02 22:00:00,cambium_co2_rate_lrmer,135.9
CA,2022,2022-11-02 23:00:00,cambium_co2_rate_lrmer,140.6
CA,2022,2022-11-03 00:00:00,cambium_co2_rate_lrmer,142.0
CA,2022,2022-11-03 01:00:00,cambium_co2_rate_lrmer,138.0
CA,2022,2022-11-03 02:00:00,cambium_co2_rate_lrmer,144.2
CA,2022,2022-11-03 03:00:00,cambium_co2_rate_lrmer,136.1
CA,2022,2022-11-03 04:00:00,cambium_co2_rate_lrmer,135.6
CA,2022,2022-11-03 05:00:00,cambium_co2_rate_lrmer,141.5
CA,2022,2022-11-03 06:00:00,cambium_co2_rate_lrmer,132.9
CA,2022,2022-11-03 07:00:00,cambium_co2_rate_lrmer,129.1
CA,2022,2022-11-03 08:00:00,cambium_co2_rate_lrmer,147.0
CA,2022,2022-11-03 09:00:00,cambium_co2_rate_lrmer,121.75
CA,2022,2022-11-03 10:00:00,cambium_co2_rate_lrmer,103.4
CA,2022,2022-11-03 11:00:00,cambium_co2_rate_lrmer,83.4
CA,2022,2022-11-03 12:00:00,cambium_co2_rate_lrmer,87.25
CA,2022,2022-11-03 13:00:00,cambium_co2_rate_lrmer,81.6
CA,2022,2022-11-03 14:00:00,cambium_co2_rate_lrmer,82.9
CA,2022,2022-11-03 15:00:00,cambium_co2_rate_lrmer,81.06
CA,2022,2022-11-03 16:00:00,cambium_co2_rate_lrmer,90.7
CA,2022,2022-11-03 17:00:00,cambium_co2_rate_lrmer,86.94
CA,2022,2022-11-03 18:00:00,cambium_co2_rate_lrmer,94.6
CA,2022,2022-11-03 19:00:00,cambium_co2_rate_lrmer,124.4
CA,2022,2022-11-03 20:00:00,cambium_co2_rate_lrmer,131.9
CA,2022,2022-11-03 21:00:00,cambium_co2_rate_lrmer,137.5
CA,2022,2022-11-03 22:00:00,cambium_co2_rate_lrmer,138.5
CA,2022,2022-11-03 23:00:00,cambium_co2_rate_lrmer,142.0
CA,2022,2022-11-04 00:00:00,cambium_co2_rate_lrmer,140.0
CA,2022,2022-11-04 01:00:00,cambium_co2_rate_lrmer,137.5
CA,2022,2022-11-04 02:00:00,cambium_co2_rate_lrmer,142.5
CA,2022,2022-11-04 03:00:00,cambium_co2_rate_lrmer,131.9
CA,2022,2022-11-04 04:00:00,cambium_co2_rate_lrmer,133.0
CA,2022,2022-11-04 05:00:00,cambium_co2_rate_lrmer,139.4
CA,2022,2022-11-04 06:00:00,cambium_co2_rate_lrmer,128.5
CA,2022,2022-11-04 07:00:00,cambium_co2_rate_lrmer,125.06
CA,2022,2022-11-04 08:00:00,cambium_co2_rate_lrmer,145.9
CA,2022,2022-11-04 09:00:00,cambium_co2_rate_lrmer,121.1
CA,2022,2022-11-04 10:00:00,cambium_co2_rate_lrmer,98.94
CA,2022,2022-11-04 11:00:00,cambium_co2_rate_lrmer,81.56
CA,2022,2022-11-04 12:00:00,cambium_co2_rate_lrmer,84.6
CA,2022,2022-11-04 13:00:00,cambium_co2_rate_lrmer,79.94
CA,2022,2022-11-04 14:00:00,cambium_co2_rate_lrmer,82.44
CA,2022,2022-11-04 15:00:00,cambium_co2_rate_lrmer,79.6
CA,2022,2022-11-04 16:00:00,cambium_co2_rate_lrmer,87.56
CA,2022,2022-11-04 17:00:00,cambium_co2_rate_lrmer,83.8
CA,2022,2022-11-04 18:00:00,cambium_co2_rate_lrmer,93.25
CA,2022,2022-11-04 19:00:00,cambium_co2_rate_lrmer,123.2
CA,2022,2022-11-04 20:00:00,cambium_co2_rate_lrmer,130.2
CA,2022,2022-11-04 21:00:00,cambium_co2_rate_lrmer,134.2
CA,2022,2022-11-04 22:00:00,cambium_co2_rate_lrmer,136.0
CA,2022,2022-11-04 23:00:00,cambium_co2_rate_lrmer,138.4
CA,2022,2022-11-05 00:00:00,cambium_co2_rate_lrmer,138.5
CA,2022,2022-11-05 01:00:00,cambium_co2_rate_lrmer,135.5
CA,2022,2022-11-05 02:00:00,cambium_co2_rate_lrmer,139.8
CA,2022,2022-11-05 03:00:00,cambium_co2_rate_lrmer,129.6
CA,2022,2022-11-05 04:00:00,cambium_co2_rate_lrmer,129.9
CA,2022,2022-11-05 05:00:00,cambium_co2_rate_lrmer,136.0
CA,2022,2022-11-05 06:00:00,cambium_co2_rate_lrmer,123.8
CA,2022,2022-11-05 07:00:00,cambium_co2_rate_lrmer,123.0
CA,2022,2022-11-05 08:00:00,cambium_co2_rate_lrmer,142.9
CA,2022,2022-11-05 09:00:00,cambium_co2_rate_lrmer,118.75
CA,2022,2022-11-05 10:00:00,cambium_co2_rate_lrmer,98.25
CA,2022,2022-11-05 11:00:00,cambium_co2_rate_lrmer,79.8
CA,2022,2022-11-05 12:00:00,cambium_co2_rate_lrmer,83.6
CA,2022,2022-11-05 13:00:00,cambium_co2_rate_lrmer,78.4
CA,2022,2022-11-05 14:00:00,cambium_co2_rate_lrmer,81.06
CA,2022,2022-11-05 15:00:00,cambium_co2_rate_lrmer,78.3
CA,2022,2022-11-05 16:00:00,cambium_co2_rate_lrmer,86.44
CA,2022,2022-11-05 17:00:00,cambium_co2_rate_lrmer,82.6
CA,2022,2022-11-05 18:00:00,cambium_co2_rate_lrmer,92.8
CA,2022,2022-11-05 19:00:00,cambium_co2_rate_lrmer,120.44
CA,2022,2022-11-05 20:00:00,cambium_co2_rate_lrmer,129.2
CA,2022,2022-11-05 21:00:00,cambium_co2_rate_lrmer,133.2
CA,2022,2022-11-05 22:00:00,cambium_co2_rate_lrmer,135.0
CA,2022,2022-11-05 23:00:00,cambium_co2_rate_lrmer,138.0
CA,2022,2022-11-06 00:00:00,cambium_co2_rate_lrmer,136.8
CA,2022,2022-11-06 01:00:00,cambium_co2_rate_lrmer,131.9
CA,2022,2022-11-06 02:00:00,cambium_co2_rate_lrmer,136.2
CA,2022,2022-11-06 03:00:00,cambium_co2_rate_lrmer,125.25
CA,2022,2022-11-06 04:00:00,cambium_co2_rate_lrmer,126.6
CA,2022,2022-11-06 05:00:00,cambium_co2_rate_lrmer,133.1
CA,2022,2022-11-06 06:00:00,cambium_co2_rate_lrmer,120.75
CA,2022,2022-11-06 07:00:00,cambium_co2_rate_lrmer,120.1
CA,2022,2022-11-06 08:00:00,cambium_co2_rate_lrmer,141.0
CA,2022,2022-11-06 09:00:00,cambium_co2_rate_lrmer,117.4
CA,2022,2022-11-06 10:00:00,cambium_co2_rate_lrmer,98.1
CA,2022,2022-11-06 11:00:00,cambium_co2_rate_lrmer,78.94
CA,2022,2022-11-06 12:00:00,cambium_co2_rate_lrmer,84.1
CA,2022,2022-11-06 13:00:00,cambium_co2_rate_lrmer,79.1
CA,2022,2022-11-06 14:00:00,cambium_co2_rate_lrmer,81.9
CA,2022,2022-11-06 15:00:00,cambium_co2_rate_lrmer,78.7
CA,2022,2022-11-06 16:00:00,cambium_co2_rate_lrmer,86.7
CA,2022,2022-11-06 17:00:00,cambium_co2_rate_lrmer,82.7
CA,2022,2022-11-06 18:00:00,cambium_co2_rate_lrmer,90.7
CA,2022,2022-11-06 19:00:00,cambium_co2_rate_lrmer,118.4
CA,2022,2022-11-06 20:00:00,cambium_co2_rate_lrmer,128.0
CA,2022,2022-11-06 21:00:00,cambium_co2_rate_lrmer,133.5
CA,2022,2022-11-06 22:00:00,cambium_co2_rate_lrmer,134.2
CA,2022,2022-11-06 23:00:00,cambium_co2_rate_lrmer,137.9
CA,2022,2022-11-07 00:00:00,cambium_co2_rate_lrmer,137.0
CA,2022,2022-11-07 01:00:00,cambium_co2_rate_lrmer,131.9
CA,2022,2022-11-07 02:00:00,cambium_co2_rate_lrmer,136.1
CA,2022,2022-11-07 03:00:00,cambium_co2_rate_lrmer,130.8
CA,2022,2022-11-07 04:00:00,cambium_co2_rate_lrmer,132.0
CA,2022,2022-11-07 05:00:00,cambium_co2_rate_lrmer,138.2
CA,2022,2022-11-07 06:00:00,cambium_co2_rate_lrmer,126.1
CA,2022,2022-11-07 07:00:00,cambium_co2_rate_lrmer,122.7
CA,2022,2022-11-07 08:00:00,cambium_co2_rate_lrmer,144.2
CA,2022,2022-11-07 09:00:00,cambium_co2_rate_lrmer,121.6
CA,2022,2022-11-07 10:00:00,cambium_co2_rate_lrmer,103.1
CA,2022,2022-11-07 11:00:00,cambium_co2_rate_lrmer,81.7
CA,2022,2022-11-07 12:00:00,cambium_co2_rate_lrmer,85.0
CA,2022,2022-11-07 13:00:00,cambium_co2_rate_lrmer,81.1
CA,2022,2022-11-07 14:00:00,cambium_co2_rate_lrmer,83.6
CA,2022,2022-11-07 15:00:00,cambium_co2_rate_lrmer,81.94
CA,2022,2022-11-07 16:00:00,cambium_co2_rate_lrmer,88.94
CA,2022,2022-11-07 17:00:00,cambium_co2_rate_lrmer,84.9
CA,2022,2022-11-07 18:00:00,cambium_co2_rate_lrmer,93.5
CA,2022,2022-11-07 19:00:00,cambium_co2_rate_lrmer,119.25
CA,2022,2022-11-07 20:00:00,cambium_co2_rate_lrmer,131.2
CA,2022,2022-11-07 21:00:00,cambium_co2_rate_lrmer,136.5
CA,2022,2022-11-07 22:00:00,cambium_co2_rate_lrmer,135.4
CA,2022,2022-11-07 23:00:00,cambium_co2_rate_lrmer,138.2
CA,2022,2022-11-08 00:00:00,cambium_co2_rate_lrmer,138.8
CA,2022,2022-11-08 01:00:00,cambium_co2_rate_lrmer,139.4
CA,2022,2022-11-08 02:00:00,cambium_co2_rate_lrmer,144.8
CA,2022,2022-11-08 03:00:00,cambium_co2_rate_lrmer,136.0
CA,2022,2022-11-08 04:00:00,cambium_co2_rate_lrmer,138.2
CA,2022,2022-11-08 05:00:00,cambium_co2_rate_lrmer,140.5
CA,2022,2022-11-08 06:00:00,cambium_co2_rate_lrmer,129.5
CA,2022,2022-11-08 07:00:00,cambium_co2_rate_lrmer,125.5
CA,2022,2022-11-08 08:00:00,cambium_co2_rate_lrmer,145.5
CA,2022,2022-11-08 09:00:00,cambium_co2_rate_lrmer,123.8
CA,2022,2022-11-08 10:00:00,cambium_co2_rate_lrmer,107.4
CA,2022,2022-11-08 11:00:00,cambium_co2_rate_lrmer,85.4
CA,2022,2022-11-08 12:00:00,cambium_co2_rate_lrmer,88.75
CA,2022,2022-11-08 13:00:00,cambium_co2_rate_lrmer,83.06
CA,2022,2022-11-08 14:00:00,cambium_co2_rate_lrmer,85.9
CA,2022,2022-11-08 15:00:00,cambium_co2_rate_lrmer,83.7
CA,2022,2022-11-08 16:00:00,cambium_co2_rate_lrmer,92.5
CA,2022,2022-11-08 17:00:00,cambium_co2_rate_lrmer,88.44
CA,2022,2022-11-08 18:00:00,cambium_co2_rate_lrmer,95.5
CA,2022,2022-11-08 19:00:00,cambium_co2_rate_lrmer,121.75
CA,2022,2022-11-08 20:00:00,cambium_co2_rate_lrmer,133.8
CA,2022,2022-11-08 21:00:00,cambium_co2_rate_lrmer,139.4
CA,2022,2022-11-08 22:00:00,cambium_co2_rate_lrmer,138.1
CA,2022,2022-11-08 23:00:00,cambium_co2_rate_lrmer,140.9
CA,2022,2022-11-09 00:00:00,cambium_co2_rate_lrmer,141.5
CA,2022,2022-11-09 01:00:00,cambium_co2_rate_lrmer,142.0
CA,2022,2022-11-09 02:00:00,cambium_co2_rate_lrmer,148.2
CA,2022,2022-11-09 03:00:00,cambium_co2_rate_lrmer,136.5
CA,2022,2022-11-09 04:00:00,cambium_co2_rate_lrmer,139.0
CA,2022,2022-11-09 05:00:00,cambium_co2_rate_lrmer,139.6
CA,2022,2022-11-09 06:00:00,cambium_co2_rate_lrmer,131.5
CA,2022,2022-11-09 07:00:00,cambium_co2_rate_lrmer,128.2
CA,2022,2022-11-09 08:00:00,cambium_co2_rate_lrmer,149.0
CA,2022,2022-11-09 09:00:00,cambium_co2_rate_lrmer,128.5
CA,2022,2022-11-09 10:00:00,cambium_co2_rate_lrmer,107.94
CA,2022,2022-11-09 11:00:00,cambium_co2_rate_lrmer,86.75
CA,2022,2022-11-09 12:00:00,cambium_co2_rate_lrmer,89.94
CA,2022,2022-11-09 13:00:00,cambium_co2_rate_lrmer,82.94
CA,2022,2022-11-09 14:00:00,cambium_co2_rate_lrmer,86.6
CA,2022,2022-11-09 15:00:00,cambium_co2_rate_lrmer,84.56
CA,2022,2022-11-09 16:00:00,cambium_co2_rate_lrmer,93.25
CA,2022,2022-11-09 17:00:00,cambium_co2_rate_lrmer,88.8
CA,2022,2022-11-09 18:00:00,cambium_co2_rate_lrmer,95.56
CA,2022,2022-11-09 19:00:00,cambium_co2_rate_lrmer,126.0
CA,2022,2022-11-09 20:00:00,cambium_co2_rate_lrmer,138.2
CA,2022,2022-11-09 21:00:00,cambium_co2_rate_lrmer,143.0
CA,2022,2022-11-09 22:00:00,cambium_co2_rate_lrmer,141.5
CA,2022,2022-11-09 23:00:00,cambium_co2_rate_lrmer,145.0
CA,2022,2022-11-10 00:00:00,cambium_co2_rate_lrmer,144.2
CA,2022,2022-11-10 01:00:00,cambium_co2_rate_lrmer,143.1
CA,2022,2022-11-10 02:00:00,cambium_co2_rate_lrmer,154.0
CA,2022,2022-11-10 03:00:00,cambium_co2_rate_lrmer,142.6
CA,2022,2022-11-10 04:00:00,cambium_co2_rate_lrmer,145.8
CA,2022,2022-11-10 05:00:00,cambium_co2_rate_lrmer,146.2
CA,2022,2022-11-10 06:00:00,cambium_co2_rate_lrmer,137.2
CA,2022,2022-11-10 07:00:00,cambium_co2_rate_lrmer,133.2
CA,2022,2022-11-10 08:00:00,cambium_co2_rate_lrmer,153.5
CA,2022,2022-11-10 09:00:00,cambium_co2_rate_lrmer,134.4
CA,2022,2022-11-10 10:00:00,cambium_co2_rate_lrmer,103.9
CA,2022,2022-11-10 11:00:00,cambium_co2_rate_lrmer,81.5
CA,2022,2022-11-10 12:00:00,cambium_co2_rate_lrmer,84.25
CA,2022,2022-11-10 13:00:00,cambium_co2_rate_lrmer,76.75
CA,2022,2022-11-10 14:00:00,cambium_co2_rate_lrmer,80.4
CA,2022,2022-11-10 15:00:00,cambium_co2_rate_lrmer,78.0
CA,2022,2022-11-10 16:00:00,cambium_co2_rate_lrmer,86.25
CA,2022,2022-11-10 17:00:00,cambium_co2_rate_lrmer,82.2
CA,2022,2022-11-10 18:00:00,cambium_co2_rate_lrmer,90.06
CA,2022,2022-11-10 19:00:00,cambium_co2_rate_lrmer,129.8
CA,2022,2022-11-10 20:00:00,cambium_co2_rate_lrmer,141.9
CA,2022,2022-11-10 21:00:00,cambium_co2_rate_lrmer,147.4
CA,2022,2022-11-10 22:00:00,cambium_co2_rate_lrmer,145.0
CA,2022,2022-11-10 23:00:00,cambium_co2_rate_lrmer,148.1
CA,2022,2022-11-11 00:00:00,cambium_co2_rate_lrmer,148.2
CA,2022,2022-11-11 01:00:00,cambium_co2_rate_lrmer,147.8
CA,2022,2022-11-11 02:00:00,cambium_co2_rate_lrmer,160.4
CA,2022,2022-11-11 03:00:00,cambium_co2_rate_lrmer,148.1
CA,2022,2022-11-11 04:00:00,cambium_co2_rate_lrmer,152.1
CA,2022,2022-11-11 05:00:00,cambium_co2_rate_lrmer,152.4
CA,2022,2022-11-11 06:00:00,cambium_co2_rate_lrmer,143.5
CA,2022,2022-11-11 07:00:00,cambium_co2_rate_lrmer,138.8
CA,2022,2022-11-11 08:00:00,cambium_co2_rate_lrmer,158.2
CA,2022,2022-11-11 09:00:00,cambium_co2_rate_lrmer,139.6
CA,2022,2022-11-11 10:00:00,cambium_co2_rate_lrmer,102.94
CA,2022,2022-11-11 11:00:00,cambium_co2_rate_lrmer,76.44
CA,2022,2022-11-11 12:00:00,cambium_co2_rate_lrmer,79.6
CA,2022,2022-11-11 13:00:00,cambium_co2_rate_lrmer,70.9
CA,2022,2022-11-11 14:00:00,cambium_co2_rate_lrmer,74.5
CA,2022,2022-11-11 15:00:00,cambium_co2_rate_lrmer,71.7
CA,2022,2022-11-11 16:00:00,cambium_co2_rate_lrmer,79.9
CA,2022,2022-11-11 17:00:00,cambium_co2_rate_lrmer,76.1
CA,2022,2022-11-11 18:00:00,cambium_co2_rate_lrmer,84.3
CA,2022,2022-11-11 19:00:00,cambium_co2_rate_lrmer,134.2
CA,2022,2022-11-11 20:00:00,cambium_co2_rate_lrmer,144.1
CA,2022,2022-11-11 21:00:00,cambium_co2_rate_lrmer,150.8
CA,2022,2022-11-11 22:00:00,cambium_co2_rate_lrmer,148.6
CA,2022,2022-11-11 23:00:00,cambium_co2_rate_lrmer,151.1
CA,2022,2022-11-12 00:00:00,cambium_co2_rate_lrmer,152.2
CA,2022,2022-11-12 01:00:00,cambium_co2_rate_lrmer,151.6
CA,2022,2022-11-12 02:00:00,cambium_co2_rate_lrmer,164.8
CA,2022,2022-11-12 03:00:00,cambium_co2_rate_lrmer,152.6
CA,2022,2022-11-12 04:00:00,cambium_co2_rate_lrmer,156.8
CA,2022,2022-11-12 05:00:00,cambium_co2_rate_lrmer,155.8
CA,2022,2022-11-12 06:00:00,cambium_co2_rate_lrmer,145.4
CA,2022,2022-11-12 07:00:00,cambium_co2_rate_lrmer,138.5
CA,2022,2022-11-12 08:00:00,cambium_co2_rate_lrmer,159.4
CA,2022,2022-11-12 09:00:00,cambium_co2_rate_lrmer,139.9
CA,2022,2022-11-12 10:00:00,cambium_co2_rate_lrmer,102.9
CA,2022,2022-11-12 11:00:00,cambium_co2_rate_lrmer,72.3
CA,2022,2022-11-12 12:00:00,cambium_co2_rate_lrmer,72.6
CA,2022,2022-11-12 13:00:00,cambium_co2_rate_lrmer,63.8
CA,2022,2022-11-12 14:00:00,cambium_co2_rate_lrmer,69.3
CA,2022,2022-11-12 15:00:00,cambium_co2_rate_lrmer,66.5
CA,2022,2022-11-12 16:00:00,cambium_co2_rate_lrmer,74.7
CA,2022,2022-11-12 17:00:00,cambium_co2_rate_lrmer,70.25
CA,2022,2022-11-12 18:00:00,cambium_co2_rate_lrmer,84.2
CA,2022,2022-11-12 19:00:00,cambium_co2_rate_lrmer,133.5
CA,2022,2022-11-12 20:00:00,cambium_co2_rate_lrmer,142.4
CA,2022,2022-11-12 21:00:00,cambium_co2_rate_lrmer,148.9
CA,2022,2022-11-12 22:00:00,cambium_co2_rate_lrmer,146.2
CA,2022,2022-11-12 23:00:00,cambium_co2_rate_lrmer,148.8
CA,2022,2022-11-13 00:00:00,cambium_co2_rate_lrmer,151.8
CA,2022,2022-11-13 01:00:00,cambium_co2_rate_lrmer,150.4
CA,2022,2022-11-13 02:00:00,cambium_co2_rate_lrmer,161.8
CA,2022,2022-11-13 03:00:00,cambium_co2_rate_lrmer,150.2
CA,2022,2022-11-13 04:00:00,cambium_co2_rate_lrmer,156.5
CA,2022,2022-11-13 05:00:00,cambium_co2_rate_lrmer,156.0
CA,2022,2022-11-13 06:00:00,cambium_co2_rate_lrmer,145.4
CA,2022,2022-11-13 07:00:00,cambium_co2_rate_lrmer,137.2
CA,2022,2022-11-13 08:00:00,cambium_co2_rate_lrmer,157.6
CA,2022,2022-11-13 09:00:00,cambium_co2_rate_lrmer,143.4
CA,2022,2022-11-13 10:00:00,cambium_co2_rate_lrmer,106.9
CA,2022,2022-11-13 11:00:00,cambium_co2_rate_lrmer,76.56
CA,2022,2022-11-13 12:00:00,cambium_co2_rate_lrmer,75.9
CA,2022,2022-11-13 13:00:00,cambium_co2_rate_lrmer,65.4
CA,2022,2022-11-13 14:00:00,cambium_co2_rate_lrmer,70.8
CA,2022,2022-11-13 15:00:00,cambium_co2_rate_lrmer,67.9
CA,2022,2022-11-13 16:00:00,cambium_co2_rate_lrmer,79.06
CA,2022,2022-11-13 17:00:00,cambium_co2_rate_lrmer,72.75
CA,2022,2022-11-13 18:00:00,cambium_co2_rate_lrmer,85.7
CA,2022,2022-11-13 19:00:00,cambium_co2_rate_lrmer,133.4
CA,2022,2022-11-13 20:00:00,cambium_co2_rate_lrmer,146.8
CA,2022,2022-11-13 21:00:00,cambium_co2_rate_lrmer,152.6
CA,2022,2022-11-13 22:00:00,cambium_co2_rate_lrmer,149.8
CA,2022,2022-11-13 23:00:00,cambium_co2_rate_lrmer,148.6
CA,2022,2022-11-14 00:00:00,cambium_co2_rate_lrmer,150.5
CA,2022,2022-11-14 01:00:00,cambium_co2_rate_lrmer,149.0
CA,2022,2022-11-14 02:00:00,cambium_co2_rate_lrmer,159.8
CA,2022,2022-11-14 03:00:00,cambium_co2_rate_lrmer,148.6
CA,2022,2022-11-14 04:00:00,cambium_co2_rate_lrmer,155.0
CA,2022,2022-11-14 05:00:00,cambium_co2_rate_lrmer,154.0
CA,2022,2022-11-14 06:00:00,cambium_co2_rate_lrmer,144.2
CA,2022,2022-11-14 07:00:00,cambium_co2_rate_lrmer,136.0
CA,2022,2022-11-14 08:00:00,cambium_co2_rate_lrmer,155.8
CA,2022,2022-11-14 09:00:00,cambium_co2_rate_lrmer,143.6
CA,2022,2022-11-14 10:00:00,cambium_co2_rate_lrmer,109.25
CA,2022,2022-11-14 11:00:00,cambium_co2_rate_lrmer,79.2
CA,2022,2022-11-14 12:00:00,cambium_co2_rate_lrmer,77.2
CA,2022,2022-11-14 13:00:00,cambium_co2_rate_lrmer,66.9
CA,2022,2022-11-14 14:00:00,cambium_co2_rate_lrmer,72.0
CA,2022,2022-11-14 15:00:00,cambium_co2_rate_lrmer,69.25
CA,2022,2022-11-14 16:00:00,cambium_co2_rate_lrmer,80.2
CA,2022,2022-11-14 17:00:00,cambium_co2_rate_lrmer,74.1
CA,2022,2022-11-14 18:00:00,cambium_co2_rate_lrmer,89.56
CA,2022,2022-11-14 19:00:00,cambium_co2_rate_lrmer,133.5
CA,2022,2022-11-14 20:00:00,cambium_co2_rate_lrmer,145.4
CA,2022,2022-11-14 21:00:00,cambium_co2_rate_lrmer,151.9
CA,2022,2022-11-14 22:00:00,cambium_co2_rate_lrmer,148.6
CA,2022,2022-11-14 23:00:00,cambium_co2_rate_lrmer,144.1
CA,2022,2022-11-15 00:00:00,cambium_co2_rate_lrmer,146.6
CA,2022,2022-11-15 01:00:00,cambium_co2_rate_lrmer,143.8
CA,2022,2022-11-15 02:00:00,cambium_co2_rate_lrmer,156.5
CA,2022,2022-11-15 03:00:00,cambium_co2_rate_lrmer,145.0
CA,2022,2022-11-15 04:00:00,cambium_co2_rate_lrmer,152.4
CA,2022,2022-11-15 05:00:00,cambium_co2_rate_lrmer,151.8
CA,2022,2022-11-15 06:00:00,cambium_co2_rate_lrmer,141.9
CA,2022,2022-11-15 07:00:00,cambium_co2_rate_lrmer,132.2
CA,2022,2022-11-15 08:00:00,cambium_co2_rate_lrmer,151.4
CA,2022,2022-11-15 09:00:00,cambium_co2_rate_lrmer,140.6
CA,2022,2022-11-15 10:00:00,cambium_co2_rate_lrmer,107.5
CA,2022,2022-11-15 11:00:00,cambium_co2_rate_lrmer,78.1
CA,2022,2022-11-15 12:00:00,cambium_co2_rate_lrmer,74.5
CA,2022,2022-11-15 13:00:00,cambium_co2_rate_lrmer,65.3
CA,2022,2022-11-15 14:00:00,cambium_co2_rate_lrmer,68.9
CA,2022,2022-11-15 15:00:00,cambium_co2_rate_lrmer,66.0
CA,2022,2022-11-15 16:00:00,cambium_co2_rate_lrmer,78.5
CA,2022,2022-11-15 17:00:00,cambium_co2_rate_lrmer,71.0
CA,2022,2022-11-15 18:00:00,cambium_co2_rate_lrmer,87.5
CA,2022,2022-11-15 19:00:00,cambium_co2_rate_lrmer,128.4
CA,2022,2022-11-15 20:00:00,cambium_co2_rate_lrmer,142.5
CA,2022,2022-11-15 21:00:00,cambium_co2_rate_lrmer,147.8
CA,2022,2022-11-15 22:00:00,cambium_co2_rate_lrmer,144.8
CA,2022,2022-11-15 23:00:00,cambium_co2_rate_lrmer,139.9
CA,2022,2022-11-16 00:00:00,cambium_co2_rate_lrmer,142.9
CA,2022,2022-11-16 01:00:00,cambium_co2_rate_lrmer,139.2
CA,2022,2022-11-16 02:00:00,cambium_co2_rate_lrmer,153.2
CA,2022,2022-11-16 03:00:00,cambium_co2_rate_lrmer,140.8
CA,2022,2022-11-16 04:00:00,cambium_co2_rate_lrmer,148.4
CA,2022,2022-11-16 05:00:00,cambium_co2_rate_lrmer,148.6
CA,2022,2022-11-16 06:00:00,cambium_co2_rate_lrmer,141.9
CA,2022,2022-11-16 07:00:00,cambium_co2_rate_lrmer,128.8
CA,2022,2022-11-16 08:00:00,cambium_co2_rate_lrmer,147.8
CA,2022,2022-11-16 09:00:00,cambium_co2_rate_lrmer,137.5
CA,2022,2022-11-16 10:00:00,cambium_co2_rate_lrmer,106.0
CA,2022,2022-11-16 11:00:00,cambium_co2_rate_lrmer,72.56
CA,2022,2022-11-16 12:00:00,cambium_co2_rate_lrmer,70.2
CA,2022,2022-11-16 13:00:00,cambium_co2_rate_lrmer,62.1
CA,2022,2022-11-16 14:00:00,cambium_co2_rate_lrmer,67.3
CA,2022,2022-11-16 15:00:00,cambium_co2_rate_lrmer,63.06
CA,2022,2022-11-16 16:00:00,cambium_co2_rate_lrmer,76.06
CA,2022,2022-11-16 17:00:00,cambium_co2_rate_lrmer,68.94
CA,2022,2022-11-16 18:00:00,cambium_co2_rate_lrmer,85.25
CA,2022,2022-11-16 19:00:00,cambium_co2_rate_lrmer,123.56
CA,2022,2022-11-16 20:00:00,cambium_co2_rate_lrmer,137.1
CA,2022,2022-11-16 21:00:00,cambium_co2_rate_lrmer,141.8
CA,2022,2022-11-16 22:00:00,cambium_co2_rate_lrmer,139.8
CA,2022,2022-11-16 23:00:00,cambium_co2_rate_lrmer,135.2
CA,2022,2022-11-17 00:00:00,cambium_co2_rate_lrmer,139.9
CA,2022,2022-11-17 01:00:00,cambium_co2_rate_lrmer,134.8
CA,2022,2022-11-17 02:00:00,cambium_co2_rate_lrmer,148.0
CA,2022,2022-11-17 03:00:00,cambium_co2_rate_lrmer,136.0
CA,2022,2022-11-17 04:00:00,cambium_co2_rate_lrmer,141.9
CA,2022,2022-11-17 05:00:00,cambium_co2_rate_lrmer,144.2
CA,2022,2022-11-17 06:00:00,cambium_co2_rate_lrmer,136.0
CA,2022,2022-11-17 07:00:00,cambium_co2_rate_lrmer,124.9
CA,2022,2022-11-17 08:00:00,cambium_co2_rate_lrmer,142.2
CA,2022,2022-11-17 09:00:00,cambium_co2_rate_lrmer,135.9
CA,2022,2022-11-17 10:00:00,cambium_co2_rate_lrmer,104.06
CA,2022,2022-11-17 11:00:00,cambium_co2_rate_lrmer,73.94
CA,2022,2022-11-17 12:00:00,cambium_co2_rate_lrmer,71.0
CA,2022,2022-11-17 13:00:00,cambium_co2_rate_lrmer,62.94
CA,2022,2022-11-17 14:00:00,cambium_co2_rate_lrmer,68.0
CA,2022,2022-11-17 15:00:00,cambium_co2_rate_lrmer,63.9
CA,2022,2022-11-17 16:00:00,cambium_co2_rate_lrmer,77.25
CA,2022,2022-11-17 17:00:00,cambium_co2_rate_lrmer,68.5
CA,2022,2022-11-17 18:00:00,cambium_co2_rate_lrmer,83.4
CA,2022,2022-11-17 19:00:00,cambium_co2_rate_lrmer,124.2
CA,2022,2022-11-17 20:00:00,cambium_co2_rate_lrmer,137.9
CA,2022,2022-11-17 21:00:00,cambium_co2_rate_lrmer,141.8
CA,2022,2022-11-17 22:00:00,cambium_co2_rate_lrmer,138.5
CA,2022,2022-11-17 23:00:00,cambium_co2_rate_lrmer,134.6
CA,2022,2022-11-18 00:00:00,cambium_co2_rate_lrmer,137.1
CA,2022,2022-11-18 01:00:00,cambium_co2_rate_lrmer,129.9
CA,2022,2022-11-18 02:00:00,cambium_co2_rate_lrmer,144.6
CA,2022,2022-11-18 03:00:00,cambium_co2_rate_lrmer,132.2
CA,2022,2022-11-18 04:00:00,cambium_co2_rate_lrmer,137.8
CA,2022,2022-11-18 05:00:00,cambium_co2_rate_lrmer,141.0
CA,2022,2022-11-18 06:00:00,cambium_co2_rate_lrmer,134.4
CA,2022,2022-11-18 07:00:00,cambium_co2_rate_lrmer,121.06
CA,2022,2022-11-18 08:00:00,cambium_co2_rate_lrmer,142.0
CA,2022,2022-11-18 09:00:00,cambium_co2_rate_lrmer,134.2
CA,2022,2022-11-18 10:00:00,cambium_co2_rate_lrmer,99.7
CA,2022,2022-11-18 11:00:00,cambium_co2_rate_lrmer,70.3
CA,2022,2022-11-18 12:00:00,cambium_co2_rate_lrmer,70.6
CA,2022,2022-11-18 13:00:00,cambium_co2_rate_lrmer,60.94
CA,2022,2022-11-18 14:00:00,cambium_co2_rate_lrmer,67.3
CA,2022,2022-11-18 15:00:00,cambium_co2_rate_lrmer,62.94
CA,2022,2022-11-18 16:00:00,cambium_co2_rate_lrmer,76.7
CA,2022,2022-11-18 17:00:00,cambium_co2_rate_lrmer,69.6
CA,2022,2022-11-18 18:00:00,cambium_co2_rate_lrmer,82.25
CA,2022,2022-11-18 19:00:00,cambium_co2_rate_lrmer,122.56
CA,2022,2022-11-18 20:00:00,cambium_co2_rate_lrmer,135.8
CA,2022,2022-11-18 21:00:00,cambium_co2_rate_lrmer,140.1
CA,2022,2022-11-18 22:00:00,cambium_co2_rate_lrmer,136.9
CA,2022,2022-11-18 23:00:00,cambium_co2_rate_lrmer,133.5
CA,2022,2022-11-19 00:00:00,cambium_co2_rate_lrmer,133.6
CA,2022,2022-11-19 01:00:00,cambium_co2_rate_lrmer,126.4
CA,2022,2022-11-19 02:00:00,cambium_co2_rate_lrmer,141.9
CA,2022,2022-11-19 03:00:00,cambium_co2_rate_lrmer,127.06
CA,2022,2022-11-19 04:00:00,cambium_co2_rate_lrmer,135.5
CA,2022,2022-11-19 05:00:00,cambium_co2_rate_lrmer,137.9
CA,2022,2022-11-19 06:00:00,cambium_co2_rate_lrmer,130.8
CA,2022,2022-11-19 07:00:00,cambium_co2_rate_lrmer,120.6
CA,2022,2022-11-19 08:00:00,cambium_co2_rate_lrmer,140.6
CA,2022,2022-11-19 09:00:00,cambium_co2_rate_lrmer,134.2
CA,2022,2022-11-19 10:00:00,cambium_co2_rate_lrmer,103.25
CA,2022,2022-11-19 11:00:00,cambium_co2_rate_lrmer,70.06
CA,2022,2022-11-19 12:00:00,cambium_co2_rate_lrmer,69.1
CA,2022,2022-11-19 13:00:00,cambium_co2_rate_lrmer,62.44
CA,2022,2022-11-19 14:00:00,cambium_co2_rate_lrmer,70.44
CA,2022,2022-11-19 15:00:00,cambium_co2_rate_lrmer,65.7
CA,2022,2022-11-19 16:00:00,cambium_co2_rate_lrmer,79.44
CA,2022,2022-11-19 17:00:00,cambium_co2_rate_lrmer,72.2
CA,2022,2022-11-19 18:00:00,cambium_co2_rate_lrmer,79.94
CA,2022,2022-11-19 19:00:00,cambium_co2_rate_lrmer,121.06
CA,2022,2022-11-19 20:00:00,cambium_co2_rate_lrmer,133.6
CA,2022,2022-11-19 21:00:00,cambium_co2_rate_lrmer,138.8
CA,2022,2022-11-19 22:00:00,cambium_co2_rate_lrmer,135.4
CA,2022,2022-11-19 23:00:00,cambium_co2_rate_lrmer,131.8
CA,2022,2022-11-20 00:00:00,cambium_co2_rate_lrmer,134.9
CA,2022,2022-11-20 01:00:00,cambium_co2_rate_lrmer,128.5
CA,2022,2022-11-20 02:00:00,cambium_co2_rate_lrmer,139.0
CA,2022,2022-11-20 03:00:00,cambium_co2_rate_lrmer,127.06
CA,2022,2022-11-20 04:00:00,cambium_co2_rate_lrmer,136.0
CA,2022,2022-11-20 05:00:00,cambium_co2_rate_lrmer,140.5
CA,2022,2022-11-20 06:00:00,cambium_co2_rate_lrmer,130.9
CA,2022,2022-11-20 07:00:00,cambium_co2_rate_lrmer,119.8
CA,2022,2022-11-20 08:00:00,cambium_co2_rate_lrmer,144.0
CA,2022,2022-11-20 09:00:00,cambium_co2_rate_lrmer,138.6
CA,2022,2022-11-20 10:00:00,cambium_co2_rate_lrmer,108.56
CA,2022,2022-11-20 11:00:00,cambium_co2_rate_lrmer,72.8
CA,2022,2022-11-20 12:00:00,cambium_co2_rate_lrmer,70.8
CA,2022,2022-11-20 13:00:00,cambium_co2_rate_lrmer,65.9
CA,2022,2022-11-20 14:00:00,cambium_co2_rate_lrmer,73.8
CA,2022,2022-11-20 15:00:00,cambium_co2_rate_lrmer,69.1
CA,2022,2022-11-20 16:00:00,cambium_co2_rate_lrmer,83.25
CA,2022,2022-11-20 17:00:00,cambium_co2_rate_lrmer,75.75
CA,2022,2022-11-20 18:00:00,cambium_co2_rate_lrmer,81.9
CA,2022,2022-11-20 19:00:00,cambium_co2_rate_lrmer,122.3
CA,2022,2022-11-20 20:00:00,cambium_co2_rate_lrmer,137.4
CA,2022,2022-11-20 21:00:00,cambium_co2_rate_lrmer,140.8
CA,2022,2022-11-20 22:00:00,cambium_co2_rate_lrmer,135.5
CA,2022,2022-11-20 23:00:00,cambium_co2_rate_lrmer,132.5
CA,2022,2022-11-21 00:00:00,cambium_co2_rate_lrmer,138.2
CA,2022,2022-11-21 01:00:00,cambium_co2_rate_lrmer,132.6
CA,2022,2022-11-21 02:00:00,cambium_co2_rate_lrmer,144.6
CA,2022,2022-11-21 03:00:00,cambium_co2_rate_lrmer,129.5
CA,2022,2022-11-21 04:00:00,cambium_co2_rate_lrmer,137.6
CA,2022,2022-11-21 05:00:00,cambium_co2_rate_lrmer,141.2
CA,2022,2022-11-21 06:00:00,cambium_co2_rate_lrmer,133.2
CA,2022,2022-11-21 07:00:00,cambium_co2_rate_lrmer,120.8
CA,2022,2022-11-21 08:00:00,cambium_co2_rate_lrmer,145.6
CA,2022,2022-11-21 09:00:00,cambium_co2_rate_lrmer,141.0
CA,2022,2022-11-21 10:00:00,cambium_co2_rate_lrmer,110.44
CA,2022,2022-11-21 11:00:00,cambium_co2_rate_lrmer,75.75
CA,2022,2022-11-21 12:00:00,cambium_co2_rate_lrmer,70.56
CA,2022,2022-11-21 13:00:00,cambium_co2_rate_lrmer,63.97
CA,2022,2022-11-21 14:00:00,cambium_co2_rate_lrmer,73.3
CA,2022,2022-11-21 15:00:00,cambium_co2_rate_lrmer,68.8
CA,2022,2022-11-21 16:00:00,cambium_co2_rate_lrmer,83.44
CA,2022,2022-11-21 17:00:00,cambium_co2_rate_lrmer,74.4
CA,2022,2022-11-21 18:00:00,cambium_co2_rate_lrmer,80.5
CA,2022,2022-11-21 19:00:00,cambium_co2_rate_lrmer,119.0
CA,2022,2022-11-21 20:00:00,cambium_co2_rate_lrmer,129.1
CA,2022,2022-11-21 21:00:00,cambium_co2_rate_lrmer,131.4
CA,2022,2022-11-21 22:00:00,cambium_co2_rate_lrmer,129.2
CA,2022,2022-11-21 23:00:00,cambium_co2_rate_lrmer,124.3
CA,2022,2022-11-22 00:00:00,cambium_co2_rate_lrmer,128.9
CA,2022,2022-11-22 01:00:00,cambium_co2_rate_lrmer,127.1
CA,2022,2022-11-22 02:00:00,cambium_co2_rate_lrmer,139.2
CA,2022,2022-11-22 03:00:00,cambium_co2_rate_lrmer,122.4
CA,2022,2022-11-22 04:00:00,cambium_co2_rate_lrmer,129.4
CA,2022,2022-11-22 05:00:00,cambium_co2_rate_lrmer,132.8
CA,2022,2022-11-22 06:00:00,cambium_co2_rate_lrmer,123.94
CA,2022,2022-11-22 07:00:00,cambium_co2_rate_lrmer,112.8
CA,2022,2022-11-22 08:00:00,cambium_co2_rate_lrmer,137.4
CA,2022,2022-11-22 09:00:00,cambium_co2_rate_lrmer,135.6
CA,2022,2022-11-22 10:00:00,cambium_co2_rate_lrmer,105.25
CA,2022,2022-11-22 11:00:00,cambium_co2_rate_lrmer,72.25
CA,2022,2022-11-22 12:00:00,cambium_co2_rate_lrmer,67.6
CA,2022,2022-11-22 13:00:00,cambium_co2_rate_lrmer,60.94
CA,2022,2022-11-22 14:00:00,cambium_co2_rate_lrmer,70.4
CA,2022,2022-11-22 15:00:00,cambium_co2_rate_lrmer,65.2
CA,2022,2022-11-22 16:00:00,cambium_co2_rate_lrmer,77.4
CA,2022,2022-11-22 17:00:00,cambium_co2_rate_lrmer,73.25
CA,2022,2022-11-22 18:00:00,cambium_co2_rate_lrmer,75.7
CA,2022,2022-11-22 19:00:00,cambium_co2_rate_lrmer,114.4
CA,2022,2022-11-22 20:00:00,cambium_co2_rate_lrmer,124.9
CA,2022,2022-11-22 21:00:00,cambium_co2_rate_lrmer,127.9
CA,2022,2022-11-22 22:00:00,cambium_co2_rate_lrmer,126.1
CA,2022,2022-11-22 23:00:00,cambium_co2_rate_lrmer,120.56
CA,2022,2022-11-23 00:00:00,cambium_co2_rate_lrmer,125.4
CA,2022,2022-11-23 01:00:00,cambium_co2_rate_lrmer,126.5
CA,2022,2022-11-23 02:00:00,cambium_co2_rate_lrmer,137.6
CA,2022,2022-11-23 03:00:00,cambium_co2_rate_lrmer,122.25
CA,2022,2022-11-23 04:00:00,cambium_co2_rate_lrmer,130.1
CA,2022,2022-11-23 05:00:00,cambium_co2_rate_lrmer,133.5
CA,2022,2022-11-23 06:00:00,cambium_co2_rate_lrmer,126.5
CA,2022,2022-11-23 07:00:00,cambium_co2_rate_lrmer,114.94
CA,2022,2022-11-23 08:00:00,cambium_co2_rate_lrmer,137.4
CA,2022,2022-11-23 09:00:00,cambium_co2_rate_lrmer,134.4
CA,2022,2022-11-23 10:00:00,cambium_co2_rate_lrmer,104.6
CA,2022,2022-11-23 11:00:00,cambium_co2_rate_lrmer,74.6
CA,2022,2022-11-23 12:00:00,cambium_co2_rate_lrmer,71.2
CA,2022,2022-11-23 13:00:00,cambium_co2_rate_lrmer,63.94
CA,2022,2022-11-23 14:00:00,cambium_co2_rate_lrmer,71.4
CA,2022,2022-11-23 15:00:00,cambium_co2_rate_lrmer,65.94
CA,2022,2022-11-23 16:00:00,cambium_co2_rate_lrmer,78.0
CA,2022,2022-11-23 17:00:00,cambium_co2_rate_lrmer,73.9
CA,2022,2022-11-23 18:00:00,cambium_co2_rate_lrmer,72.5
CA,2022,2022-11-23 19:00:00,cambium_co2_rate_lrmer,112.44
CA,2022,2022-11-23 20:00:00,cambium_co2_rate_lrmer,120.25
CA,2022,2022-11-23 21:00:00,cambium_co2_rate_lrmer,123.06
CA,2022,2022-11-23 22:00:00,cambium_co2_rate_lrmer,121.0
CA,2022,2022-11-23 23:00:00,cambium_co2_rate_lrmer,116.56
CA,2022,2022-11-24 00:00:00,cambium_co2_rate_lrmer,121.4
CA,2022,2022-11-24 01:00:00,cambium_co2_rate_lrmer,122.1
CA,2022,2022-11-24 02:00:00,cambium_co2_rate_lrmer,135.5
CA,2022,2022-11-24 03:00:00,cambium_co2_rate_lrmer,119.3
CA,2022,2022-11-24 04:00:00,cambium_co2_rate_lrmer,126.75
CA,2022,2022-11-24 05:00:00,cambium_co2_rate_lrmer,132.8
CA,2022,2022-11-24 06:00:00,cambium_co2_rate_lrmer,127.3
CA,2022,2022-11-24 07:00:00,cambium_co2_rate_lrmer,115.4
CA,2022,2022-11-24 08:00:00,cambium_co2_rate_lrmer,133.9
CA,2022,2022-11-24 09:00:00,cambium_co2_rate_lrmer,131.9
CA,2022,2022-11-24 10:00:00,cambium_co2_rate_lrmer,102.0
CA,2022,2022-11-24 11:00:00,cambium_co2_rate_lrmer,70.4
CA,2022,2022-11-24 12:00:00,cambium_co2_rate_lrmer,67.25
CA,2022,2022-11-24 13:00:00,cambium_co2_rate_lrmer,59.94
CA,2022,2022-11-24 14:00:00,cambium_co2_rate_lrmer,67.1
CA,2022,2022-11-24 15:00:00,cambium_co2_rate_lrmer,61.25
CA,2022,2022-11-24 16:00:00,cambium_co2_rate_lrmer,71.4
CA,2022,2022-11-24 17:00:00,cambium_co2_rate_lrmer,69.4
CA,2022,2022-11-24 18:00:00,cambium_co2_rate_lrmer,63.97
CA,2022,2022-11-24 19:00:00,cambium_co2_rate_lrmer,107.06
CA,2022,2022-11-24 20:00:00,cambium_co2_rate_lrmer,114.1
CA,2022,2022-11-24 21:00:00,cambium_co2_rate_lrmer,117.7
CA,2022,2022-11-24 22:00:00,cambium_co2_rate_lrmer,115.0
CA,2022,2022-11-24 23:00:00,cambium_co2_rate_lrmer,110.6
CA,2022,2022-11-25 00:00:00,cambium_co2_rate_lrmer,119.44
CA,2022,2022-11-25 01:00:00,cambium_co2_rate_lrmer,119.56
CA,2022,2022-11-25 02:00:00,cambium_co2_rate_lrmer,129.4
CA,2022,2022-11-25 03:00:00,cambium_co2_rate_lrmer,119.4
CA,2022,2022-11-25 04:00:00,cambium_co2_rate_lrmer,124.0
CA,2022,2022-11-25 05:00:00,cambium_co2_rate_lrmer,129.8
CA,2022,2022-11-25 06:00:00,cambium_co2_rate_lrmer,123.25
CA,2022,2022-11-25 07:00:00,cambium_co2_rate_lrmer,114.0
CA,2022,2022-11-25 08:00:00,cambium_co2_rate_lrmer,127.44
CA,2022,2022-11-25 09:00:00,cambium_co2_rate_lrmer,123.6
CA,2022,2022-11-25 10:00:00,cambium_co2_rate_lrmer,93.1
CA,2022,2022-11-25 11:00:00,cambium_co2_rate_lrmer,67.4
CA,2022,2022-11-25 12:00:00,cambium_co2_rate_lrmer,61.44
CA,2022,2022-11-25 13:00:00,cambium_co2_rate_lrmer,53.34
CA,2022,2022-11-25 14:00:00,cambium_co2_rate_lrmer,59.5
CA,2022,2022-11-25 15:00:00,cambium_co2_rate_lrmer,54.53
CA,2022,2022-11-25 16:00:00,cambium_co2_rate_lrmer,65.94
CA,2022,2022-11-25 17:00:00,cambium_co2_rate_lrmer,64.6
CA,2022,2022-11-25 18:00:00,cambium_co2_rate_lrmer,60.0
CA,2022,2022-11-25 19:00:00,cambium_co2_rate_lrmer,99.44
CA,2022,2022-11-25 20:00:00,cambium_co2_rate_lrmer,105.56
CA,2022,2022-11-25 21:00:00,cambium_co2_rate_lrmer,109.0
CA,2022,2022-11-25 22:00:00,cambium_co2_rate_lrmer,106.2
CA,2022,2022-11-25 23:00:00,cambium_co2_rate_lrmer,102.2
CA,2022,2022-11-26 00:00:00,cambium_co2_rate_lrmer,114.5
CA,2022,2022-11-26 01:00:00,cambium_co2_rate_lrmer,113.3
CA,2022,2022-11-26 02:00:00,cambium_co2_rate_lrmer,126.6
CA,2022,2022-11-26 03:00:00,cambium_co2_rate_lrmer,118.44
CA,2022,2022-11-26 04:00:00,cambium_co2_rate_lrmer,123.25
CA,2022,2022-11-26 05:00:00,cambium_co2_rate_lrmer,127.25
CA,2022,2022-11-26 06:00:00,cambium_co2_rate_lrmer,123.75
CA,2022,2022-11-26 07:00:00,cambium_co2_rate_lrmer,113.3
CA,2022,2022-11-26 08:00:00,cambium_co2_rate_lrmer,126.06
CA,2022,2022-11-26 09:00:00,cambium_co2_rate_lrmer,121.2
CA,2022,2022-11-26 10:00:00,cambium_co2_rate_lrmer,94.25
CA,2022,2022-11-26 11:00:00,cambium_co2_rate_lrmer,68.0
CA,2022,2022-11-26 12:00:00,cambium_co2_rate_lrmer,63.22
CA,2022,2022-11-26 13:00:00,cambium_co2_rate_lrmer,55.62
CA,2022,2022-11-26 14:00:00,cambium_co2_rate_lrmer,61.88
CA,2022,2022-11-26 15:00:00,cambium_co2_rate_lrmer,57.2
CA,2022,2022-11-26 16:00:00,cambium_co2_rate_lrmer,69.94
CA,2022,2022-11-26 17:00:00,cambium_co2_rate_lrmer,66.0
CA,2022,2022-11-26 18:00:00,cambium_co2_rate_lrmer,61.62
CA,2022,2022-11-26 19:00:00,cambium_co2_rate_lrmer,93.56
CA,2022,2022-11-26 20:00:00,cambium_co2_rate_lrmer,100.6
CA,2022,2022-11-26 21:00:00,cambium_co2_rate_lrmer,103.9
CA,2022,2022-11-26 22:00:00,cambium_co2_rate_lrmer,101.4
CA,2022,2022-11-26 23:00:00,cambium_co2_rate_lrmer,96.3
CA,2022,2022-11-27 00:00:00,cambium_co2_rate_lrmer,107.0
CA,2022,2022-11-27 01:00:00,cambium_co2_rate_lrmer,108.0
CA,2022,2022-11-27 02:00:00,cambium_co2_rate_lrmer,121.25
CA,2022,2022-11-27 03:00:00,cambium_co2_rate_lrmer,114.9
CA,2022,2022-11-27 04:00:00,cambium_co2_rate_lrmer,120.7
CA,2022,2022-11-27 05:00:00,cambium_co2_rate_lrmer,125.1
CA,2022,2022-11-27 06:00:00,cambium_co2_rate_lrmer,121.94
CA,2022,2022-11-27 07:00:00,cambium_co2_rate_lrmer,112.0
CA,2022,2022-11-27 08:00:00,cambium_co2_rate_lrmer,123.5
CA,2022,2022-11-27 09:00:00,cambium_co2_rate_lrmer,119.9
CA,2022,2022-11-27 10:00:00,cambium_co2_rate_lrmer,99.0
CA,2022,2022-11-27 11:00:00,cambium_co2_rate_lrmer,71.1
CA,2022,2022-11-27 12:00:00,cambium_co2_rate_lrmer,63.75
CA,2022,2022-11-27 13:00:00,cambium_co2_rate_lrmer,57.78
CA,2022,2022-11-27 14:00:00,cambium_co2_rate_lrmer,64.5
CA,2022,2022-11-27 15:00:00,cambium_co2_rate_lrmer,59.1
CA,2022,2022-11-27 16:00:00,cambium_co2_rate_lrmer,71.8
CA,2022,2022-11-27 17:00:00,cambium_co2_rate_lrmer,67.8
CA,2022,2022-11-27 18:00:00,cambium_co2_rate_lrmer,66.06
CA,2022,2022-11-27 19:00:00,cambium_co2_rate_lrmer,94.4
CA,2022,2022-11-27 20:00:00,cambium_co2_rate_lrmer,100.4
CA,2022,2022-11-27 21:00:00,cambium_co2_rate_lrmer,104.6
CA,2022,2022-11-27 22:00:00,cambium_co2_rate_lrmer,99.25
CA,2022,2022-11-27 23:00:00,cambium_co2_rate_lrmer,95.6
CA,2022,2022-11-28 00:00:00,cambium_co2_rate_lrmer,103.2
CA,2022,2022-11-28 01:00:00,cambium_co2_rate_lrmer,106.8
CA,2022,2022-11-28 02:00:00,cambium_co2_rate_lrmer,120.4
CA,2022,2022-11-28 03:00:00,cambium_co2_rate_lrmer,107.7
CA,2022,2022-11-28 04:00:00,cambium_co2_rate_lrmer,111.9
CA,2022,2022-11-28 05:00:00,cambium_co2_rate_lrmer,116.6
CA,2022,2022-11-28 06:00:00,cambium_co2_rate_lrmer,112.1
CA,2022,2022-11-28 07:00:00,cambium_co2_rate_lrmer,103.56
CA,2022,2022-11-28 08:00:00,cambium_co2_rate_lrmer,117.0
CA,2022,2022-11-28 09:00:00,cambium_co2_rate_lrmer,117.06
CA,2022,2022-11-28 10:00:00,cambium_co2_rate_lrmer,98.06
CA,2022,2022-11-28 11:00:00,cambium_co2_rate_lrmer,68.75
CA,2022,2022-11-28 12:00:00,cambium_co2_rate_lrmer,61.12
CA,2022,2022-11-28 13:00:00,cambium_co2_rate_lrmer,55.72
CA,2022,2022-11-28 14:00:00,cambium_co2_rate_lrmer,62.7
CA,2022,2022-11-28 15:00:00,cambium_co2_rate_lrmer,56.9
CA,2022,2022-11-28 16:00:00,cambium_co2_rate_lrmer,69.8
CA,2022,2022-11-28 17:00:00,cambium_co2_rate_lrmer,65.0
CA,2022,2022-11-28 18:00:00,cambium_co2_rate_lrmer,67.9
CA,2022,2022-11-28 19:00:00,cambium_co2_rate_lrmer,89.25
CA,2022,2022-11-28 20:00:00,cambium_co2_rate_lrmer,97.6
CA,2022,2022-11-28 21:00:00,cambium_co2_rate_lrmer,102.1
CA,2022,2022-11-28 22:00:00,cambium_co2_rate_lrmer,97.1
CA,2022,2022-11-28 23:00:00,cambium_co2_rate_lrmer,92.4
CA,2022,2022-11-29 00:00:00,cambium_co2_rate_lrmer,96.9
CA,2022,2022-11-29 01:00:00,cambium_co2_rate_lrmer,100.5
CA,2022,2022-11-29 02:00:00,cambium_co2_rate_lrmer,114.06
CA,2022,2022-11-29 03:00:00,cambium_co2_rate_lrmer,108.1
CA,2022,2022-11-29 04:00:00,cambium_co2_rate_lrmer,112.3
CA,2022,2022-11-29 05:00:00,cambium_co2_rate_lrmer,116.56
CA,2022,2022-11-29 06:00:00,cambium_co2_rate_lrmer,111.9
CA,2022,2022-11-29 07:00:00,cambium_co2_rate_lrmer,103.44
CA,2022,2022-11-29 08:00:00,cambium_co2_rate_lrmer,111.25
CA,2022,2022-11-29 09:00:00,cambium_co2_rate_lrmer,112.4
CA,2022,2022-11-29 10:00:00,cambium_co2_rate_lrmer,97.2
CA,2022,2022-11-29 11:00:00,cambium_co2_rate_lrmer,66.94
CA,2022,2022-11-29 12:00:00,cambium_co2_rate_lrmer,62.5
CA,2022,2022-11-29 13:00:00,cambium_co2_rate_lrmer,58.88
CA,2022,2022-11-29 14:00:00,cambium_co2_rate_lrmer,64.56
CA,2022,2022-11-29 15:00:00,cambium_co2_rate_lrmer,58.12
CA,2022,2022-11-29 16:00:00,cambium_co2_rate_lrmer,71.4
CA,2022,2022-11-29 17:00:00,cambium_co2_rate_lrmer,65.94
CA,2022,2022-11-29 18:00:00,cambium_co2_rate_lrmer,70.3
CA,2022,2022-11-29 19:00:00,cambium_co2_rate_lrmer,86.1
CA,2022,2022-11-29 20:00:00,cambium_co2_rate_lrmer,98.56
CA,2022,2022-11-29 21:00:00,cambium_co2_rate_lrmer,104.0
CA,2022,2022-11-29 22:00:00,cambium_co2_rate_lrmer,98.8
CA,2022,2022-11-29 23:00:00,cambium_co2_rate_lrmer,95.25
CA,2022,2022-11-30 00:00:00,cambium_co2_rate_lrmer,100.7
CA,2022,2022-11-30 01:00:00,cambium_co2_rate_lrmer,103.56
CA,2022,2022-11-30 02:00:00,cambium_co2_rate_lrmer,115.75
CA,2022,2022-11-30 03:00:00,cambium_co2_rate_lrmer,109.25
CA,2022,2022-11-30 04:00:00,cambium_co2_rate_lrmer,113.94
CA,2022,2022-11-30 05:00:00,cambium_co2_rate_lrmer,115.94
CA,2022,2022-11-30 06:00:00,cambium_co2_rate_lrmer,110.9
CA,2022,2022-11-30 07:00:00,cambium_co2_rate_lrmer,108.0
CA,2022,2022-11-30 08:00:00,cambium_co2_rate_lrmer,114.7
CA,2022,2022-11-30 09:00:00,cambium_co2_rate_lrmer,117.44
CA,2022,2022-11-30 10:00:00,cambium_co2_rate_lrmer,101.5
CA,2022,2022-11-30 11:00:00,cambium_co2_rate_lrmer,70.06
CA,2022,2022-11-30 12:00:00,cambium_co2_rate_lrmer,65.25
CA,2022,2022-11-30 13:00:00,cambium_co2_rate_lrmer,60.1
CA,2022,2022-11-30 14:00:00,cambium_co2_rate_lrmer,68.5
CA,2022,2022-11-30 15:00:00,cambium_co2_rate_lrmer,58.88
CA,2022,2022-11-30 16:00:00,cambium_co2_rate_lrmer,70.5
CA,2022,2022-11-30 17:00:00,cambium_co2_rate_lrmer,66.75
CA,2022,2022-11-30 18:00:00,cambium_co2_rate_lrmer,71.5
CA,2022,2022-11-30 19:00:00,cambium_co2_rate_lrmer,91.5
CA,2022,2022-11-30 20:00:00,cambium_co2_rate_lrmer,102.6
CA,2022,2022-11-30 21:00:00,cambium_co2_rate_lrmer,108.5
CA,2022,2022-11-30 22:00:00,cambium_co2_rate_lrmer,103.56
CA,2022,2022-11-30 23:00:00,cambium_co2_rate_lrmer,100.9
CA,2022,2022-12-01 00:00:00,cambium_co2_rate_lrmer,106.94
CA,2022,2022-12-01 01:00:00,cambium_co2_rate_lrmer,108.6
CA,2022,2022-12-01 02:00:00,cambium_co2_rate_lrmer,120.56
CA,2022,2022-12-01 03:00:00,cambium_co2_rate_lrmer,115.5
CA,2022,2022-12-01 04:00:00,cambium_co2_rate_lrmer,123.4
CA,2022,2022-12-01 05:00:00,cambium_co2_rate_lrmer,125.0
CA,2022,2022-12-01 06:00:00,cambium_co2_rate_lrmer,122.2
CA,2022,2022-12-01 07:00:00,cambium_co2_rate_lrmer,117.94
CA,2022,2022-12-01 08:00:00,cambium_co2_rate_lrmer,120.56
CA,2022,2022-12-01 09:00:00,cambium_co2_rate_lrmer,120.0
CA,2022,2022-12-01 10:00:00,cambium_co2_rate_lrmer,106.44
CA,2022,2022-12-01 11:00:00,cambium_co2_rate_lrmer,79.2
CA,2022,2022-12-01 12:00:00,cambium_co2_rate_lrmer,73.25
CA,2022,2022-12-01 13:00:00,cambium_co2_rate_lrmer,68.25
CA,2022,2022-12-01 14:00:00,cambium_co2_rate_lrmer,74.3
CA,2022,2022-12-01 15:00:00,cambium_co2_rate_lrmer,68.06
CA,2022,2022-12-01 16:00:00,cambium_co2_rate_lrmer,79.75
CA,2022,2022-12-01 17:00:00,cambium_co2_rate_lrmer,73.56
CA,2022,2022-12-01 18:00:00,cambium_co2_rate_lrmer,77.6
CA,2022,2022-12-01 19:00:00,cambium_co2_rate_lrmer,96.3
CA,2022,2022-12-01 20:00:00,cambium_co2_rate_lrmer,108.7
CA,2022,2022-12-01 21:00:00,cambium_co2_rate_lrmer,111.0
CA,2022,2022-12-01 22:00:00,cambium_co2_rate_lrmer,108.25
CA,2022,2022-12-01 23:00:00,cambium_co2_rate_lrmer,103.4
CA,2022,2022-12-02 00:00:00,cambium_co2_rate_lrmer,109.6
CA,2022,2022-12-02 01:00:00,cambium_co2_rate_lrmer,111.75
CA,2022,2022-12-02 02:00:00,cambium_co2_rate_lrmer,119.7
CA,2022,2022-12-02 03:00:00,cambium_co2_rate_lrmer,118.6
CA,2022,2022-12-02 04:00:00,cambium_co2_rate_lrmer,122.94
CA,2022,2022-12-02 05:00:00,cambium_co2_rate_lrmer,125.5
CA,2022,2022-12-02 06:00:00,cambium_co2_rate_lrmer,122.56
CA,2022,2022-12-02 07:00:00,cambium_co2_rate_lrmer,118.1
CA,2022,2022-12-02 08:00:00,cambium_co2_rate_lrmer,121.94
CA,2022,2022-12-02 09:00:00,cambium_co2_rate_lrmer,117.7
CA,2022,2022-12-02 10:00:00,cambium_co2_rate_lrmer,106.6
CA,2022,2022-12-02 11:00:00,cambium_co2_rate_lrmer,75.9
CA,2022,2022-12-02 12:00:00,cambium_co2_rate_lrmer,70.6
CA,2022,2022-12-02 13:00:00,cambium_co2_rate_lrmer,69.0
CA,2022,2022-12-02 14:00:00,cambium_co2_rate_lrmer,73.75
CA,2022,2022-12-02 15:00:00,cambium_co2_rate_lrmer,67.8
CA,2022,2022-12-02 16:00:00,cambium_co2_rate_lrmer,76.06
CA,2022,2022-12-02 17:00:00,cambium_co2_rate_lrmer,70.75
CA,2022,2022-12-02 18:00:00,cambium_co2_rate_lrmer,77.56
CA,2022,2022-12-02 19:00:00,cambium_co2_rate_lrmer,97.7
CA,2022,2022-12-02 20:00:00,cambium_co2_rate_lrmer,107.6
CA,2022,2022-12-02 21:00:00,cambium_co2_rate_lrmer,110.0
CA,2022,2022-12-02 22:00:00,cambium_co2_rate_lrmer,106.94
CA,2022,2022-12-02 23:00:00,cambium_co2_rate_lrmer,104.2
CA,2022,2022-12-03 00:00:00,cambium_co2_rate_lrmer,109.6
CA,2022,2022-12-03 01:00:00,cambium_co2_rate_lrmer,112.1
CA,2022,2022-12-03 02:00:00,cambium_co2_rate_lrmer,120.56
CA,2022,2022-12-03 03:00:00,cambium_co2_rate_lrmer,118.9
CA,2022,2022-12-03 04:00:00,cambium_co2_rate_lrmer,123.9
CA,2022,2022-12-03 05:00:00,cambium_co2_rate_lrmer,126.56
CA,2022,2022-12-03 06:00:00,cambium_co2_rate_lrmer,124.56
CA,2022,2022-12-03 07:00:00,cambium_co2_rate_lrmer,120.1
CA,2022,2022-12-03 08:00:00,cambium_co2_rate_lrmer,122.3
CA,2022,2022-12-03 09:00:00,cambium_co2_rate_lrmer,116.75
CA,2022,2022-12-03 10:00:00,cambium_co2_rate_lrmer,109.9
CA,2022,2022-12-03 11:00:00,cambium_co2_rate_lrmer,75.8
CA,2022,2022-12-03 12:00:00,cambium_co2_rate_lrmer,70.2
CA,2022,2022-12-03 13:00:00,cambium_co2_rate_lrmer,68.8
CA,2022,2022-12-03 14:00:00,cambium_co2_rate_lrmer,72.4
CA,2022,2022-12-03 15:00:00,cambium_co2_rate_lrmer,67.25
CA,2022,2022-12-03 16:00:00,cambium_co2_rate_lrmer,75.8
CA,2022,2022-12-03 17:00:00,cambium_co2_rate_lrmer,70.75
CA,2022,2022-12-03 18:00:00,cambium_co2_rate_lrmer,77.0
CA,2022,2022-12-03 19:00:00,cambium_co2_rate_lrmer,98.2
CA,2022,2022-12-03 20:00:00,cambium_co2_rate_lrmer,109.4
CA,2022,2022-12-03 21:00:00,cambium_co2_rate_lrmer,110.9
CA,2022,2022-12-03 22:00:00,cambium_co2_rate_lrmer,107.56
CA,2022,2022-12-03 23:00:00,cambium_co2_rate_lrmer,106.1
CA,2022,2022-12-04 00:00:00,cambium_co2_rate_lrmer,110.0
CA,2022,2022-12-04 01:00:00,cambium_co2_rate_lrmer,111.9
CA,2022,2022-12-04 02:00:00,cambium_co2_rate_lrmer,120.56
CA,2022,2022-12-04 03:00:00,cambium_co2_rate_lrmer,119.06
CA,2022,2022-12-04 04:00:00,cambium_co2_rate_lrmer,124.6
CA,2022,2022-12-04 05:00:00,cambium_co2_rate_lrmer,127.6
CA,2022,2022-12-04 06:00:00,cambium_co2_rate_lrmer,126.25
CA,2022,2022-12-04 07:00:00,cambium_co2_rate_lrmer,123.56
CA,2022,2022-12-04 08:00:00,cambium_co2_rate_lrmer,125.25
CA,2022,2022-12-04 09:00:00,cambium_co2_rate_lrmer,121.3
CA,2022,2022-12-04 10:00:00,cambium_co2_rate_lrmer,113.56
CA,2022,2022-12-04 11:00:00,cambium_co2_rate_lrmer,79.6
CA,2022,2022-12-04 12:00:00,cambium_co2_rate_lrmer,74.25
CA,2022,2022-12-04 13:00:00,cambium_co2_rate_lrmer,73.56
CA,2022,2022-12-04 14:00:00,cambium_co2_rate_lrmer,77.06
CA,2022,2022-12-04 15:00:00,cambium_co2_rate_lrmer,72.4
CA,2022,2022-12-04 16:00:00,cambium_co2_rate_lrmer,80.94
CA,2022,2022-12-04 17:00:00,cambium_co2_rate_lrmer,75.4
CA,2022,2022-12-04 18:00:00,cambium_co2_rate_lrmer,80.1
CA,2022,2022-12-04 19:00:00,cambium_co2_rate_lrmer,105.06
CA,2022,2022-12-04 20:00:00,cambium_co2_rate_lrmer,114.3
CA,2022,2022-12-04 21:00:00,cambium_co2_rate_lrmer,115.1
CA,2022,2022-12-04 22:00:00,cambium_co2_rate_lrmer,112.1
CA,2022,2022-12-04 23:00:00,cambium_co2_rate_lrmer,110.6
CA,2022,2022-12-05 00:00:00,cambium_co2_rate_lrmer,113.1
CA,2022,2022-12-05 01:00:00,cambium_co2_rate_lrmer,116.3
CA,2022,2022-12-05 02:00:00,cambium_co2_rate_lrmer,123.9
CA,2022,2022-12-05 03:00:00,cambium_co2_rate_lrmer,119.7
CA,2022,2022-12-05 04:00:00,cambium_co2_rate_lrmer,124.06
CA,2022,2022-12-05 05:00:00,cambium_co2_rate_lrmer,127.1
CA,2022,2022-12-05 06:00:00,cambium_co2_rate_lrmer,126.0
CA,2022,2022-12-05 07:00:00,cambium_co2_rate_lrmer,123.25
CA,2022,2022-12-05 08:00:00,cambium_co2_rate_lrmer,124.9
CA,2022,2022-12-05 09:00:00,cambium_co2_rate_lrmer,121.06
CA,2022,2022-12-05 10:00:00,cambium_co2_rate_lrmer,114.25
CA,2022,2022-12-05 11:00:00,cambium_co2_rate_lrmer,80.06
CA,2022,2022-12-05 12:00:00,cambium_co2_rate_lrmer,73.3
CA,2022,2022-12-05 13:00:00,cambium_co2_rate_lrmer,73.7
CA,2022,2022-12-05 14:00:00,cambium_co2_rate_lrmer,76.25
CA,2022,2022-12-05 15:00:00,cambium_co2_rate_lrmer,71.0
CA,2022,2022-12-05 16:00:00,cambium_co2_rate_lrmer,82.4
CA,2022,2022-12-05 17:00:00,cambium_co2_rate_lrmer,75.06
CA,2022,2022-12-05 18:00:00,cambium_co2_rate_lrmer,82.6
CA,2022,2022-12-05 19:00:00,cambium_co2_rate_lrmer,104.25
CA,2022,2022-12-05 20:00:00,cambium_co2_rate_lrmer,112.9
CA,2022,2022-12-05 21:00:00,cambium_co2_rate_lrmer,113.56
CA,2022,2022-12-05 22:00:00,cambium_co2_rate_lrmer,110.5
CA,2022,2022-12-05 23:00:00,cambium_co2_rate_lrmer,109.25
CA,2022,2022-12-06 00:00:00,cambium_co2_rate_lrmer,112.1
CA,2022,2022-12-06 01:00:00,cambium_co2_rate_lrmer,115.8
CA,2022,2022-12-06 02:00:00,cambium_co2_rate_lrmer,121.75
CA,2022,2022-12-06 03:00:00,cambium_co2_rate_lrmer,118.0
CA,2022,2022-12-06 04:00:00,cambium_co2_rate_lrmer,120.9
CA,2022,2022-12-06 05:00:00,cambium_co2_rate_lrmer,124.0
CA,2022,2022-12-06 06:00:00,cambium_co2_rate_lrmer,125.0
CA,2022,2022-12-06 07:00:00,cambium_co2_rate_lrmer,124.0
CA,2022,2022-12-06 08:00:00,cambium_co2_rate_lrmer,123.9
CA,2022,2022-12-06 09:00:00,cambium_co2_rate_lrmer,121.44
CA,2022,2022-12-06 10:00:00,cambium_co2_rate_lrmer,112.75
CA,2022,2022-12-06 11:00:00,cambium_co2_rate_lrmer,84.4
CA,2022,2022-12-06 12:00:00,cambium_co2_rate_lrmer,80.1
CA,2022,2022-12-06 13:00:00,cambium_co2_rate_lrmer,80.5
CA,2022,2022-12-06 14:00:00,cambium_co2_rate_lrmer,81.9
CA,2022,2022-12-06 15:00:00,cambium_co2_rate_lrmer,76.1
CA,2022,2022-12-06 16:00:00,cambium_co2_rate_lrmer,87.1
CA,2022,2022-12-06 17:00:00,cambium_co2_rate_lrmer,77.5
CA,2022,2022-12-06 18:00:00,cambium_co2_rate_lrmer,83.3
CA,2022,2022-12-06 19:00:00,cambium_co2_rate_lrmer,102.5
CA,2022,2022-12-06 20:00:00,cambium_co2_rate_lrmer,109.56
CA,2022,2022-12-06 21:00:00,cambium_co2_rate_lrmer,110.0
CA,2022,2022-12-06 22:00:00,cambium_co2_rate_lrmer,107.0
CA,2022,2022-12-06 23:00:00,cambium_co2_rate_lrmer,103.94
CA,2022,2022-12-07 00:00:00,cambium_co2_rate_lrmer,108.1
CA,2022,2022-12-07 01:00:00,cambium_co2_rate_lrmer,106.6
CA,2022,2022-12-07 02:00:00,cambium_co2_rate_lrmer,111.44
CA,2022,2022-12-07 03:00:00,cambium_co2_rate_lrmer,112.9
CA,2022,2022-12-07 04:00:00,cambium_co2_rate_lrmer,115.9
CA,2022,2022-12-07 05:00:00,cambium_co2_rate_lrmer,120.06
CA,2022,2022-12-07 06:00:00,cambium_co2_rate_lrmer,119.9
CA,2022,2022-12-07 07:00:00,cambium_co2_rate_lrmer,120.75
CA,2022,2022-12-07 08:00:00,cambium_co2_rate_lrmer,120.4
CA,2022,2022-12-07 09:00:00,cambium_co2_rate_lrmer,118.1
CA,2022,2022-12-07 10:00:00,cambium_co2_rate_lrmer,110.4
CA,2022,2022-12-07 11:00:00,cambium_co2_rate_lrmer,86.0
CA,2022,2022-12-07 12:00:00,cambium_co2_rate_lrmer,82.9
CA,2022,2022-12-07 13:00:00,cambium_co2_rate_lrmer,83.6
CA,2022,2022-12-07 14:00:00,cambium_co2_rate_lrmer,84.7
CA,2022,2022-12-07 15:00:00,cambium_co2_rate_lrmer,79.6
CA,2022,2022-12-07 16:00:00,cambium_co2_rate_lrmer,88.56
CA,2022,2022-12-07 17:00:00,cambium_co2_rate_lrmer,79.3
CA,2022,2022-12-07 18:00:00,cambium_co2_rate_lrmer,84.5
CA,2022,2022-12-07 19:00:00,cambium_co2_rate_lrmer,99.0
CA,2022,2022-12-07 20:00:00,cambium_co2_rate_lrmer,106.4
CA,2022,2022-12-07 21:00:00,cambium_co2_rate_lrmer,106.56
CA,2022,2022-12-07 22:00:00,cambium_co2_rate_lrmer,103.56
CA,2022,2022-12-07 23:00:00,cambium_co2_rate_lrmer,100.4
CA,2022,2022-12-08 00:00:00,cambium_co2_rate_lrmer,104.8
CA,2022,2022-12-08 01:00:00,cambium_co2_rate_lrmer,103.1
CA,2022,2022-12-08 02:00:00,cambium_co2_rate_lrmer,106.75
CA,2022,2022-12-08 03:00:00,cambium_co2_rate_lrmer,107.25
CA,2022,2022-12-08 04:00:00,cambium_co2_rate_lrmer,111.44
CA,2022,2022-12-08 05:00:00,cambium_co2_rate_lrmer,117.8
CA,2022,2022-12-08 06:00:00,cambium_co2_rate_lrmer,117.25
CA,2022,2022-12-08 07:00:00,cambium_co2_rate_lrmer,117.9
CA,2022,2022-12-08 08:00:00,cambium_co2_rate_lrmer,115.94
CA,2022,2022-12-08 09:00:00,cambium_co2_rate_lrmer,113.0
CA,2022,2022-12-08 10:00:00,cambium_co2_rate_lrmer,107.1
CA,2022,2022-12-08 11:00:00,cambium_co2_rate_lrmer,86.4
CA,2022,2022-12-08 12:00:00,cambium_co2_rate_lrmer,85.06
CA,2022,2022-12-08 13:00:00,cambium_co2_rate_lrmer,85.75
CA,2022,2022-12-08 14:00:00,cambium_co2_rate_lrmer,87.25
CA,2022,2022-12-08 15:00:00,cambium_co2_rate_lrmer,82.75
CA,2022,2022-12-08 16:00:00,cambium_co2_rate_lrmer,93.44
CA,2022,2022-12-08 17:00:00,cambium_co2_rate_lrmer,83.4
CA,2022,2022-12-08 18:00:00,cambium_co2_rate_lrmer,86.6
CA,2022,2022-12-08 19:00:00,cambium_co2_rate_lrmer,97.6
CA,2022,2022-12-08 20:00:00,cambium_co2_rate_lrmer,104.94
CA,2022,2022-12-08 21:00:00,cambium_co2_rate_lrmer,105.9
CA,2022,2022-12-08 22:00:00,cambium_co2_rate_lrmer,102.94
CA,2022,2022-12-08 23:00:00,cambium_co2_rate_lrmer,99.5
CA,2022,2022-12-09 00:00:00,cambium_co2_rate_lrmer,104.94
CA,2022,2022-12-09 01:00:00,cambium_co2_rate_lrmer,104.7
CA,2022,2022-12-09 02:00:00,cambium_co2_rate_lrmer,105.2
CA,2022,2022-12-09 03:00:00,cambium_co2_rate_lrmer,105.4
CA,2022,2022-12-09 04:00:00,cambium_co2_rate_lrmer,109.6
CA,2022,2022-12-09 05:00:00,cambium_co2_rate_lrmer,116.0
CA,2022,2022-12-09 06:00:00,cambium_co2_rate_lrmer,115.25
CA,2022,2022-12-09 07:00:00,cambium_co2_rate_lrmer,117.25
CA,2022,2022-12-09 08:00:00,cambium_co2_rate_lrmer,112.06
CA,2022,2022-12-09 09:00:00,cambium_co2_rate_lrmer,109.5
CA,2022,2022-12-09 10:00:00,cambium_co2_rate_lrmer,105.2
CA,2022,2022-12-09 11:00:00,cambium_co2_rate_lrmer,86.8
CA,2022,2022-12-09 12:00:00,cambium_co2_rate_lrmer,90.8
CA,2022,2022-12-09 13:00:00,cambium_co2_rate_lrmer,91.6
CA,2022,2022-12-09 14:00:00,cambium_co2_rate_lrmer,91.25
CA,2022,2022-12-09 15:00:00,cambium_co2_rate_lrmer,89.0
CA,2022,2022-12-09 16:00:00,cambium_co2_rate_lrmer,98.75
CA,2022,2022-12-09 17:00:00,cambium_co2_rate_lrmer,89.56
CA,2022,2022-12-09 18:00:00,cambium_co2_rate_lrmer,86.3
CA,2022,2022-12-09 19:00:00,cambium_co2_rate_lrmer,95.3
CA,2022,2022-12-09 20:00:00,cambium_co2_rate_lrmer,103.3
CA,2022,2022-12-09 21:00:00,cambium_co2_rate_lrmer,103.4
CA,2022,2022-12-09 22:00:00,cambium_co2_rate_lrmer,102.06
CA,2022,2022-12-09 23:00:00,cambium_co2_rate_lrmer,98.3
CA,2022,2022-12-10 00:00:00,cambium_co2_rate_lrmer,103.44
CA,2022,2022-12-10 01:00:00,cambium_co2_rate_lrmer,103.6
CA,2022,2022-12-10 02:00:00,cambium_co2_rate_lrmer,102.44
CA,2022,2022-12-10 03:00:00,cambium_co2_rate_lrmer,102.9
CA,2022,2022-12-10 04:00:00,cambium_co2_rate_lrmer,106.4
CA,2022,2022-12-10 05:00:00,cambium_co2_rate_lrmer,112.7
CA,2022,2022-12-10 06:00:00,cambium_co2_rate_lrmer,112.4
CA,2022,2022-12-10 07:00:00,cambium_co2_rate_lrmer,113.2
CA,2022,2022-12-10 08:00:00,cambium_co2_rate_lrmer,108.44
CA,2022,2022-12-10 09:00:00,cambium_co2_rate_lrmer,105.2
CA,2022,2022-12-10 10:00:00,cambium_co2_rate_lrmer,103.06
CA,2022,2022-12-10 11:00:00,cambium_co2_rate_lrmer,87.6
CA,2022,2022-12-10 12:00:00,cambium_co2_rate_lrmer,91.94
CA,2022,2022-12-10 13:00:00,cambium_co2_rate_lrmer,92.3
CA,2022,2022-12-10 14:00:00,cambium_co2_rate_lrmer,90.75
CA,2022,2022-12-10 15:00:00,cambium_co2_rate_lrmer,89.6
CA,2022,2022-12-10 16:00:00,cambium_co2_rate_lrmer,98.9
CA,2022,2022-12-10 17:00:00,cambium_co2_rate_lrmer,90.1
CA,2022,2022-12-10 18:00:00,cambium_co2_rate_lrmer,86.7
CA,2022,2022-12-10 19:00:00,cambium_co2_rate_lrmer,94.44
CA,2022,2022-12-10 20:00:00,cambium_co2_rate_lrmer,104.1
CA,2022,2022-12-10 21:00:00,cambium_co2_rate_lrmer,103.8
CA,2022,2022-12-10 22:00:00,cambium_co2_rate_lrmer,101.4
CA,2022,2022-12-10 23:00:00,cambium_co2_rate_lrmer,97.6
CA,2022,2022-12-11 00:00:00,cambium_co2_rate_lrmer,101.06
CA,2022,2022-12-11 01:00:00,cambium_co2_rate_lrmer,100.4
CA,2022,2022-12-11 02:00:00,cambium_co2_rate_lrmer,99.75
CA,2022,2022-12-11 03:00:00,cambium_co2_rate_lrmer,101.44
CA,2022,2022-12-11 04:00:00,cambium_co2_rate_lrmer,105.25
CA,2022,2022-12-11 05:00:00,cambium_co2_rate_lrmer,111.3
CA,2022,2022-12-11 06:00:00,cambium_co2_rate_lrmer,113.6
CA,2022,2022-12-11 07:00:00,cambium_co2_rate_lrmer,115.5
CA,2022,2022-12-11 08:00:00,cambium_co2_rate_lrmer,108.6
CA,2022,2022-12-11 09:00:00,cambium_co2_rate_lrmer,108.06
CA,2022,2022-12-11 10:00:00,cambium_co2_rate_lrmer,99.6
CA,2022,2022-12-11 11:00:00,cambium_co2_rate_lrmer,95.25
CA,2022,2022-12-11 12:00:00,cambium_co2_rate_lrmer,97.75
CA,2022,2022-12-11 13:00:00,cambium_co2_rate_lrmer,99.0
CA,2022,2022-12-11 14:00:00,cambium_co2_rate_lrmer,98.1
CA,2022,2022-12-11 15:00:00,cambium_co2_rate_lrmer,103.25
CA,2022,2022-12-11 16:00:00,cambium_co2_rate_lrmer,112.8
CA,2022,2022-12-11 17:00:00,cambium_co2_rate_lrmer,103.2
CA,2022,2022-12-11 18:00:00,cambium_co2_rate_lrmer,93.56
CA,2022,2022-12-11 19:00:00,cambium_co2_rate_lrmer,99.0
CA,2022,2022-12-11 20:00:00,cambium_co2_rate_lrmer,106.9
CA,2022,2022-12-11 21:00:00,cambium_co2_rate_lrmer,107.0
CA,2022,2022-12-11 22:00:00,cambium_co2_rate_lrmer,104.4
CA,2022,2022-12-11 23:00:00,cambium_co2_rate_lrmer,100.5
CA,2022,2022-12-12 00:00:00,cambium_co2_rate_lrmer,100.56
CA,2022,2022-12-12 01:00:00,cambium_co2_rate_lrmer,99.6
CA,2022,2022-12-12 02:00:00,cambium_co2_rate_lrmer,98.6
CA,2022,2022-12-12 03:00:00,cambium_co2_rate_lrmer,99.5
CA,2022,2022-12-12 04:00:00,cambium_co2_rate_lrmer,102.06
CA,2022,2022-12-12 05:00:00,cambium_co2_rate_lrmer,110.8
CA,2022,2022-12-12 06:00:00,cambium_co2_rate_lrmer,112.9
CA,2022,2022-12-12 07:00:00,cambium_co2_rate_lrmer,117.06
CA,2022,2022-12-12 08:00:00,cambium_co2_rate_lrmer,110.94
CA,2022,2022-12-12 09:00:00,cambium_co2_rate_lrmer,108.9
CA,2022,2022-12-12 10:00:00,cambium_co2_rate_lrmer,100.6
CA,2022,2022-12-12 11:00:00,cambium_co2_rate_lrmer,105.4
CA,2022,2022-12-12 12:00:00,cambium_co2_rate_lrmer,104.44
CA,2022,2022-12-12 13:00:00,cambium_co2_rate_lrmer,107.5
CA,2022,2022-12-12 14:00:00,cambium_co2_rate_lrmer,111.2
CA,2022,2022-12-12 15:00:00,cambium_co2_rate_lrmer,116.6
CA,2022,2022-12-12 16:00:00,cambium_co2_rate_lrmer,122.5
CA,2022,2022-12-12 17:00:00,cambium_co2_rate_lrmer,111.7
CA,2022,2022-12-12 18:00:00,cambium_co2_rate_lrmer,95.56
CA,2022,2022-12-12 19:00:00,cambium_co2_rate_lrmer,100.6
CA,2022,2022-12-12 20:00:00,cambium_co2_rate_lrmer,104.1
CA,2022,2022-12-12 21:00:00,cambium_co2_rate_lrmer,104.3
CA,2022,2022-12-12 22:00:00,cambium_co2_rate_lrmer,102.0
CA,2022,2022-12-12 23:00:00,cambium_co2_rate_lrmer,101.6
CA,2022,2022-12-13 00:00:00,cambium_co2_rate_lrmer,103.06
CA,2022,2022-12-13 01:00:00,cambium_co2_rate_lrmer,101.6
CA,2022,2022-12-13 02:00:00,cambium_co2_rate_lrmer,101.25
CA,2022,2022-12-13 03:00:00,cambium_co2_rate_lrmer,102.25
CA,2022,2022-12-13 04:00:00,cambium_co2_rate_lrmer,105.0
CA,2022,2022-12-13 05:00:00,cambium_co2_rate_lrmer,114.4
CA,2022,2022-12-13 06:00:00,cambium_co2_rate_lrmer,116.3
CA,2022,2022-12-13 07:00:00,cambium_co2_rate_lrmer,120.1
CA,2022,2022-12-13 08:00:00,cambium_co2_rate_lrmer,112.9
CA,2022,2022-12-13 09:00:00,cambium_co2_rate_lrmer,112.94
CA,2022,2022-12-13 10:00:00,cambium_co2_rate_lrmer,103.75
CA,2022,2022-12-13 11:00:00,cambium_co2_rate_lrmer,107.8
CA,2022,2022-12-13 12:00:00,cambium_co2_rate_lrmer,107.06
CA,2022,2022-12-13 13:00:00,cambium_co2_rate_lrmer,109.3
CA,2022,2022-12-13 14:00:00,cambium_co2_rate_lrmer,115.1
CA,2022,2022-12-13 15:00:00,cambium_co2_rate_lrmer,121.06
CA,2022,2022-12-13 16:00:00,cambium_co2_rate_lrmer,135.1
CA,2022,2022-12-13 17:00:00,cambium_co2_rate_lrmer,115.8
CA,2022,2022-12-13 18:00:00,cambium_co2_rate_lrmer,96.25
CA,2022,2022-12-13 19:00:00,cambium_co2_rate_lrmer,102.5
CA,2022,2022-12-13 20:00:00,cambium_co2_rate_lrmer,103.75
CA,2022,2022-12-13 21:00:00,cambium_co2_rate_lrmer,103.5
CA,2022,2022-12-13 22:00:00,cambium_co2_rate_lrmer,100.5
CA,2022,2022-12-13 23:00:00,cambium_co2_rate_lrmer,101.5
CA,2022,2022-12-14 00:00:00,cambium_co2_rate_lrmer,109.2
CA,2022,2022-12-14 01:00:00,cambium_co2_rate_lrmer,107.9
CA,2022,2022-12-14 02:00:00,cambium_co2_rate_lrmer,107.2
CA,2022,2022-12-14 03:00:00,cambium_co2_rate_lrmer,108.25
CA,2022,2022-12-14 04:00:00,cambium_co2_rate_lrmer,110.94
CA,2022,2022-12-14 05:00:00,cambium_co2_rate_lrmer,119.75
CA,2022,2022-12-14 06:00:00,cambium_co2_rate_lrmer,119.94
CA,2022,2022-12-14 07:00:00,cambium_co2_rate_lrmer,123.9
CA,2022,2022-12-14 08:00:00,cambium_co2_rate_lrmer,117.2
CA,2022,2022-12-14 09:00:00,cambium_co2_rate_lrmer,116.44
CA,2022,2022-12-14 10:00:00,cambium_co2_rate_lrmer,109.4
CA,2022,2022-12-14 11:00:00,cambium_co2_rate_lrmer,112.7
CA,2022,2022-12-14 12:00:00,cambium_co2_rate_lrmer,109.4
CA,2022,2022-12-14 13:00:00,cambium_co2_rate_lrmer,110.9
CA,2022,2022-12-14 14:00:00,cambium_co2_rate_lrmer,117.25
CA,2022,2022-12-14 15:00:00,cambium_co2_rate_lrmer,123.06
CA,2022,2022-12-14 16:00:00,cambium_co2_rate_lrmer,135.2
CA,2022,2022-12-14 17:00:00,cambium_co2_rate_lrmer,117.44
CA,2022,2022-12-14 18:00:00,cambium_co2_rate_lrmer,97.75
CA,2022,2022-12-14 19:00:00,cambium_co2_rate_lrmer,105.1
CA,2022,2022-12-14 20:00:00,cambium_co2_rate_lrmer,106.3
CA,2022,2022-12-14 21:00:00,cambium_co2_rate_lrmer,105.5
CA,2022,2022-12-14 22:00:00,cambium_co2_rate_lrmer,102.44
CA,2022,2022-12-14 23:00:00,cambium_co2_rate_lrmer,103.2
CA,2022,2022-12-15 00:00:00,cambium_co2_rate_lrmer,112.0
CA,2022,2022-12-15 01:00:00,cambium_co2_rate_lrmer,113.7
CA,2022,2022-12-15 02:00:00,cambium_co2_rate_lrmer,112.7
CA,2022,2022-12-15 03:00:00,cambium_co2_rate_lrmer,112.2
CA,2022,2022-12-15 04:00:00,cambium_co2_rate_lrmer,116.4
CA,2022,2022-12-15 05:00:00,cambium_co2_rate_lrmer,124.6
CA,2022,2022-12-15 06:00:00,cambium_co2_rate_lrmer,123.06
CA,2022,2022-12-15 07:00:00,cambium_co2_rate_lrmer,127.94
CA,2022,2022-12-15 08:00:00,cambium_co2_rate_lrmer,122.3
CA,2022,2022-12-15 09:00:00,cambium_co2_rate_lrmer,119.75
CA,2022,2022-12-15 10:00:00,cambium_co2_rate_lrmer,112.0
CA,2022,2022-12-15 11:00:00,cambium_co2_rate_lrmer,114.5
CA,2022,2022-12-15 12:00:00,cambium_co2_rate_lrmer,109.7
CA,2022,2022-12-15 13:00:00,cambium_co2_rate_lrmer,111.6
CA,2022,2022-12-15 14:00:00,cambium_co2_rate_lrmer,117.5
CA,2022,2022-12-15 15:00:00,cambium_co2_rate_lrmer,125.25
CA,2022,2022-12-15 16:00:00,cambium_co2_rate_lrmer,137.5
CA,2022,2022-12-15 17:00:00,cambium_co2_rate_lrmer,119.9
CA,2022,2022-12-15 18:00:00,cambium_co2_rate_lrmer,101.44
CA,2022,2022-12-15 19:00:00,cambium_co2_rate_lrmer,107.44
CA,2022,2022-12-15 20:00:00,cambium_co2_rate_lrmer,108.56
CA,2022,2022-12-15 21:00:00,cambium_co2_rate_lrmer,107.75
CA,2022,2022-12-15 22:00:00,cambium_co2_rate_lrmer,105.06
CA,2022,2022-12-15 23:00:00,cambium_co2_rate_lrmer,105.75
CA,2022,2022-12-16 00:00:00,cambium_co2_rate_lrmer,114.56
CA,2022,2022-12-16 01:00:00,cambium_co2_rate_lrmer,117.4
CA,2022,2022-12-16 02:00:00,cambium_co2_rate_lrmer,114.6
CA,2022,2022-12-16 03:00:00,cambium_co2_rate_lrmer,116.7
CA,2022,2022-12-16 04:00:00,cambium_co2_rate_lrmer,120.94
CA,2022,2022-12-16 05:00:00,cambium_co2_rate_lrmer,125.75
CA,2022,2022-12-16 06:00:00,cambium_co2_rate_lrmer,126.4
CA,2022,2022-12-16 07:00:00,cambium_co2_rate_lrmer,129.9
CA,2022,2022-12-16 08:00:00,cambium_co2_rate_lrmer,127.06
CA,2022,2022-12-16 09:00:00,cambium_co2_rate_lrmer,119.94
CA,2022,2022-12-16 10:00:00,cambium_co2_rate_lrmer,112.25
CA,2022,2022-12-16 11:00:00,cambium_co2_rate_lrmer,112.6
CA,2022,2022-12-16 12:00:00,cambium_co2_rate_lrmer,108.2
CA,2022,2022-12-16 13:00:00,cambium_co2_rate_lrmer,110.2
CA,2022,2022-12-16 14:00:00,cambium_co2_rate_lrmer,115.75
CA,2022,2022-12-16 15:00:00,cambium_co2_rate_lrmer,123.0
CA,2022,2022-12-16 16:00:00,cambium_co2_rate_lrmer,135.9
CA,2022,2022-12-16 17:00:00,cambium_co2_rate_lrmer,118.8
CA,2022,2022-12-16 18:00:00,cambium_co2_rate_lrmer,100.6
CA,2022,2022-12-16 19:00:00,cambium_co2_rate_lrmer,108.75
CA,2022,2022-12-16 20:00:00,cambium_co2_rate_lrmer,111.3
CA,2022,2022-12-16 21:00:00,cambium_co2_rate_lrmer,110.06
CA,2022,2022-12-16 22:00:00,cambium_co2_rate_lrmer,106.4
CA,2022,2022-12-16 23:00:00,cambium_co2_rate_lrmer,106.9
CA,2022,2022-12-17 00:00:00,cambium_co2_rate_lrmer,118.4
CA,2022,2022-12-17 01:00:00,cambium_co2_rate_lrmer,120.75
CA,2022,2022-12-17 02:00:00,cambium_co2_rate_lrmer,117.4
CA,2022,2022-12-17 03:00:00,cambium_co2_rate_lrmer,120.3
CA,2022,2022-12-17 04:00:00,cambium_co2_rate_lrmer,124.25
CA,2022,2022-12-17 05:00:00,cambium_co2_rate_lrmer,128.5
CA,2022,2022-12-17 06:00:00,cambium_co2_rate_lrmer,128.2
CA,2022,2022-12-17 07:00:00,cambium_co2_rate_lrmer,133.2
CA,2022,2022-12-17 08:00:00,cambium_co2_rate_lrmer,127.56
CA,2022,2022-12-17 09:00:00,cambium_co2_rate_lrmer,118.2
CA,2022,2022-12-17 10:00:00,cambium_co2_rate_lrmer,111.94
CA,2022,2022-12-17 11:00:00,cambium_co2_rate_lrmer,112.5
CA,2022,2022-12-17 12:00:00,cambium_co2_rate_lrmer,107.75
CA,2022,2022-12-17 13:00:00,cambium_co2_rate_lrmer,110.2
CA,2022,2022-12-17 14:00:00,cambium_co2_rate_lrmer,115.8
CA,2022,2022-12-17 15:00:00,cambium_co2_rate_lrmer,122.7
CA,2022,2022-12-17 16:00:00,cambium_co2_rate_lrmer,136.5
CA,2022,2022-12-17 17:00:00,cambium_co2_rate_lrmer,117.5
CA,2022,2022-12-17 18:00:00,cambium_co2_rate_lrmer,99.4
CA,2022,2022-12-17 19:00:00,cambium_co2_rate_lrmer,110.0
CA,2022,2022-12-17 20:00:00,cambium_co2_rate_lrmer,112.9
CA,2022,2022-12-17 21:00:00,cambium_co2_rate_lrmer,111.4
CA,2022,2022-12-17 22:00:00,cambium_co2_rate_lrmer,106.25
CA,2022,2022-12-17 23:00:00,cambium_co2_rate_lrmer,106.6
CA,2022,2022-12-18 00:00:00,cambium_co2_rate_lrmer,121.4
CA,2022,2022-12-18 01:00:00,cambium_co2_rate_lrmer,122.9
CA,2022,2022-12-18 02:00:00,cambium_co2_rate_lrmer,124.5
CA,2022,2022-12-18 03:00:00,cambium_co2_rate_lrmer,124.9
CA,2022,2022-12-18 04:00:00,cambium_co2_rate_lrmer,128.1
CA,2022,2022-12-18 05:00:00,cambium_co2_rate_lrmer,134.9
CA,2022,2022-12-18 06:00:00,cambium_co2_rate_lrmer,135.6
CA,2022,2022-12-18 07:00:00,cambium_co2_rate_lrmer,138.1
CA,2022,2022-12-18 08:00:00,cambium_co2_rate_lrmer,130.0
CA,2022,2022-12-18 09:00:00,cambium_co2_rate_lrmer,121.2
CA,2022,2022-12-18 10:00:00,cambium_co2_rate_lrmer,115.1
CA,2022,2022-12-18 11:00:00,cambium_co2_rate_lrmer,115.25
CA,2022,2022-12-18 12:00:00,cambium_co2_rate_lrmer,111.9
CA,2022,2022-12-18 13:00:00,cambium_co2_rate_lrmer,113.7
CA,2022,2022-12-18 14:00:00,cambium_co2_rate_lrmer,117.7
CA,2022,2022-12-18 15:00:00,cambium_co2_rate_lrmer,124.8
CA,2022,2022-12-18 16:00:00,cambium_co2_rate_lrmer,138.5
CA,2022,2022-12-18 17:00:00,cambium_co2_rate_lrmer,119.75
CA,2022,2022-12-18 18:00:00,cambium_co2_rate_lrmer,102.8
CA,2022,2022-12-18 19:00:00,cambium_co2_rate_lrmer,110.8
CA,2022,2022-12-18 20:00:00,cambium_co2_rate_lrmer,113.25
CA,2022,2022-12-18 21:00:00,cambium_co2_rate_lrmer,112.5
CA,2022,2022-12-18 22:00:00,cambium_co2_rate_lrmer,107.0
CA,2022,2022-12-18 23:00:00,cambium_co2_rate_lrmer,107.5
CA,2022,2022-12-19 00:00:00,cambium_co2_rate_lrmer,120.7
CA,2022,2022-12-19 01:00:00,cambium_co2_rate_lrmer,121.6
CA,2022,2022-12-19 02:00:00,cambium_co2_rate_lrmer,127.06
CA,2022,2022-12-19 03:00:00,cambium_co2_rate_lrmer,126.75
CA,2022,2022-12-19 04:00:00,cambium_co2_rate_lrmer,127.0
CA,2022,2022-12-19 05:00:00,cambium_co2_rate_lrmer,134.2
CA,2022,2022-12-19 06:00:00,cambium_co2_rate_lrmer,137.8
CA,2022,2022-12-19 07:00:00,cambium_co2_rate_lrmer,141.2
CA,2022,2022-12-19 08:00:00,cambium_co2_rate_lrmer,129.5
CA,2022,2022-12-19 09:00:00,cambium_co2_rate_lrmer,118.56
CA,2022,2022-12-19 10:00:00,cambium_co2_rate_lrmer,115.2
CA,2022,2022-12-19 11:00:00,cambium_co2_rate_lrmer,115.94
CA,2022,2022-12-19 12:00:00,cambium_co2_rate_lrmer,113.6
CA,2022,2022-12-19 13:00:00,cambium_co2_rate_lrmer,113.0
CA,2022,2022-12-19 14:00:00,cambium_co2_rate_lrmer,118.25
CA,2022,2022-12-19 15:00:00,cambium_co2_rate_lrmer,124.6
CA,2022,2022-12-19 16:00:00,cambium_co2_rate_lrmer,138.1
CA,2022,2022-12-19 17:00:00,cambium_co2_rate_lrmer,118.7
CA,2022,2022-12-19 18:00:00,cambium_co2_rate_lrmer,101.4
CA,2022,2022-12-19 19:00:00,cambium_co2_rate_lrmer,108.9
CA,2022,2022-12-19 20:00:00,cambium_co2_rate_lrmer,110.6
CA,2022,2022-12-19 21:00:00,cambium_co2_rate_lrmer,111.9
CA,2022,2022-12-19 22:00:00,cambium_co2_rate_lrmer,107.3
CA,2022,2022-12-19 23:00:00,cambium_co2_rate_lrmer,108.9
CA,2022,2022-12-20 00:00:00,cambium_co2_rate_lrmer,119.25
CA,2022,2022-12-20 01:00:00,cambium_co2_rate_lrmer,120.4
CA,2022,2022-12-20 02:00:00,cambium_co2_rate_lrmer,124.56
CA,2022,2022-12-20 03:00:00,cambium_co2_rate_lrmer,127.06
CA,2022,2022-12-20 04:00:00,cambium_co2_rate_lrmer,126.56
CA,2022,2022-12-20 05:00:00,cambium_co2_rate_lrmer,135.5
CA,2022,2022-12-20 06:00:00,cambium_co2_rate_lrmer,137.5
CA,2022,2022-12-20 07:00:00,cambium_co2_rate_lrmer,150.8
CA,2022,2022-12-20 08:00:00,cambium_co2_rate_lrmer,135.2
CA,2022,2022-12-20 09:00:00,cambium_co2_rate_lrmer,119.75
CA,2022,2022-12-20 10:00:00,cambium_co2_rate_lrmer,116.8
CA,2022,2022-12-20 11:00:00,cambium_co2_rate_lrmer,114.44
CA,2022,2022-12-20 12:00:00,cambium_co2_rate_lrmer,113.9
CA,2022,2022-12-20 13:00:00,cambium_co2_rate_lrmer,113.75
CA,2022,2022-12-20 14:00:00,cambium_co2_rate_lrmer,116.1
CA,2022,2022-12-20 15:00:00,cambium_co2_rate_lrmer,123.75
CA,2022,2022-12-20 16:00:00,cambium_co2_rate_lrmer,137.6
CA,2022,2022-12-20 17:00:00,cambium_co2_rate_lrmer,116.94
CA,2022,2022-12-20 18:00:00,cambium_co2_rate_lrmer,101.75
CA,2022,2022-12-20 19:00:00,cambium_co2_rate_lrmer,108.9
CA,2022,2022-12-20 20:00:00,cambium_co2_rate_lrmer,116.5
CA,2022,2022-12-20 21:00:00,cambium_co2_rate_lrmer,117.6
CA,2022,2022-12-20 22:00:00,cambium_co2_rate_lrmer,108.56
CA,2022,2022-12-20 23:00:00,cambium_co2_rate_lrmer,110.5
CA,2022,2022-12-21 00:00:00,cambium_co2_rate_lrmer,119.4
CA,2022,2022-12-21 01:00:00,cambium_co2_rate_lrmer,121.4
CA,2022,2022-12-21 02:00:00,cambium_co2_rate_lrmer,124.0
CA,2022,2022-12-21 03:00:00,cambium_co2_rate_lrmer,126.6
CA,2022,2022-12-21 04:00:00,cambium_co2_rate_lrmer,127.06
CA,2022,2022-12-21 05:00:00,cambium_co2_rate_lrmer,134.8
CA,2022,2022-12-21 06:00:00,cambium_co2_rate_lrmer,137.2
CA,2022,2022-12-21 07:00:00,cambium_co2_rate_lrmer,151.8
CA,2022,2022-12-21 08:00:00,cambium_co2_rate_lrmer,134.6
CA,2022,2022-12-21 09:00:00,cambium_co2_rate_lrmer,119.4
CA,2022,2022-12-21 10:00:00,cambium_co2_rate_lrmer,117.06
CA,2022,2022-12-21 11:00:00,cambium_co2_rate_lrmer,115.1
CA,2022,2022-12-21 12:00:00,cambium_co2_rate_lrmer,113.06
CA,2022,2022-12-21 13:00:00,cambium_co2_rate_lrmer,114.2
CA,2022,2022-12-21 14:00:00,cambium_co2_rate_lrmer,116.4
CA,2022,2022-12-21 15:00:00,cambium_co2_rate_lrmer,123.75
CA,2022,2022-12-21 16:00:00,cambium_co2_rate_lrmer,137.9
CA,2022,2022-12-21 17:00:00,cambium_co2_rate_lrmer,115.3
CA,2022,2022-12-21 18:00:00,cambium_co2_rate_lrmer,102.6
CA,2022,2022-12-21 19:00:00,cambium_co2_rate_lrmer,109.6
CA,2022,2022-12-21 20:00:00,cambium_co2_rate_lrmer,116.1
CA,2022,2022-12-21 21:00:00,cambium_co2_rate_lrmer,117.44
CA,2022,2022-12-21 22:00:00,cambium_co2_rate_lrmer,108.75
CA,2022,2022-12-21 23:00:00,cambium_co2_rate_lrmer,110.75
CA,2022,2022-12-22 00:00:00,cambium_co2_rate_lrmer,119.56
CA,2022,2022-12-22 01:00:00,cambium_co2_rate_lrmer,120.1
CA,2022,2022-12-22 02:00:00,cambium_co2_rate_lrmer,123.75
CA,2022,2022-12-22 03:00:00,cambium_co2_rate_lrmer,124.6
CA,2022,2022-12-22 04:00:00,cambium_co2_rate_lrmer,125.75
CA,2022,2022-12-22 05:00:00,cambium_co2_rate_lrmer,133.0
CA,2022,2022-12-22 06:00:00,cambium_co2_rate_lrmer,133.4
CA,2022,2022-12-22 07:00:00,cambium_co2_rate_lrmer,148.8
CA,2022,2022-12-22 08:00:00,cambium_co2_rate_lrmer,132.5
CA,2022,2022-12-22 09:00:00,cambium_co2_rate_lrmer,118.44
CA,2022,2022-12-22 10:00:00,cambium_co2_rate_lrmer,115.44
CA,2022,2022-12-22 11:00:00,cambium_co2_rate_lrmer,112.94
CA,2022,2022-12-22 12:00:00,cambium_co2_rate_lrmer,108.5
CA,2022,2022-12-22 13:00:00,cambium_co2_rate_lrmer,110.0
CA,2022,2022-12-22 14:00:00,cambium_co2_rate_lrmer,112.7
CA,2022,2022-12-22 15:00:00,cambium_co2_rate_lrmer,120.25
CA,2022,2022-12-22 16:00:00,cambium_co2_rate_lrmer,134.2
CA,2022,2022-12-22 17:00:00,cambium_co2_rate_lrmer,111.8
CA,2022,2022-12-22 18:00:00,cambium_co2_rate_lrmer,101.25
CA,2022,2022-12-22 19:00:00,cambium_co2_rate_lrmer,107.2
CA,2022,2022-12-22 20:00:00,cambium_co2_rate_lrmer,113.4
CA,2022,2022-12-22 21:00:00,cambium_co2_rate_lrmer,114.5
CA,2022,2022-12-22 22:00:00,cambium_co2_rate_lrmer,106.1
CA,2022,2022-12-22 23:00:00,cambium_co2_rate_lrmer,108.9
CA,2022,2022-12-23 00:00:00,cambium_co2_rate_lrmer,116.7
CA,2022,2022-12-23 01:00:00,cambium_co2_rate_lrmer,118.56
CA,2022,2022-12-23 02:00:00,cambium_co2_rate_lrmer,120.56
CA,2022,2022-12-23 03:00:00,cambium_co2_rate_lrmer,122.9
CA,2022,2022-12-23 04:00:00,cambium_co2_rate_lrmer,125.7
CA,2022,2022-12-23 05:00:00,cambium_co2_rate_lrmer,130.8
CA,2022,2022-12-23 06:00:00,cambium_co2_rate_lrmer,129.0
CA,2022,2022-12-23 07:00:00,cambium_co2_rate_lrmer,143.8
CA,2022,2022-12-23 08:00:00,cambium_co2_rate_lrmer,129.2
CA,2022,2022-12-23 09:00:00,cambium_co2_rate_lrmer,115.4
CA,2022,2022-12-23 10:00:00,cambium_co2_rate_lrmer,113.44
CA,2022,2022-12-23 11:00:00,cambium_co2_rate_lrmer,113.94
CA,2022,2022-12-23 12:00:00,cambium_co2_rate_lrmer,109.5
CA,2022,2022-12-23 13:00:00,cambium_co2_rate_lrmer,110.9
CA,2022,2022-12-23 14:00:00,cambium_co2_rate_lrmer,114.1
CA,2022,2022-12-23 15:00:00,cambium_co2_rate_lrmer,121.6
CA,2022,2022-12-23 16:00:00,cambium_co2_rate_lrmer,135.1
CA,2022,2022-12-23 17:00:00,cambium_co2_rate_lrmer,112.75
CA,2022,2022-12-23 18:00:00,cambium_co2_rate_lrmer,101.75
CA,2022,2022-12-23 19:00:00,cambium_co2_rate_lrmer,107.2
CA,2022,2022-12-23 20:00:00,cambium_co2_rate_lrmer,114.06
CA,2022,2022-12-23 21:00:00,cambium_co2_rate_lrmer,115.06
CA,2022,2022-12-23 22:00:00,cambium_co2_rate_lrmer,107.25
CA,2022,2022-12-23 23:00:00,cambium_co2_rate_lrmer,108.1
CA,2022,2022-12-24 00:00:00,cambium_co2_rate_lrmer,112.4
CA,2022,2022-12-24 01:00:00,cambium_co2_rate_lrmer,114.75
CA,2022,2022-12-24 02:00:00,cambium_co2_rate_lrmer,118.4
CA,2022,2022-12-24 03:00:00,cambium_co2_rate_lrmer,119.6
CA,2022,2022-12-24 04:00:00,cambium_co2_rate_lrmer,123.5
CA,2022,2022-12-24 05:00:00,cambium_co2_rate_lrmer,128.8
CA,2022,2022-12-24 06:00:00,cambium_co2_rate_lrmer,127.44
CA,2022,2022-12-24 07:00:00,cambium_co2_rate_lrmer,141.2
CA,2022,2022-12-24 08:00:00,cambium_co2_rate_lrmer,127.1
CA,2022,2022-12-24 09:00:00,cambium_co2_rate_lrmer,114.4
CA,2022,2022-12-24 10:00:00,cambium_co2_rate_lrmer,115.1
CA,2022,2022-12-24 11:00:00,cambium_co2_rate_lrmer,114.75
CA,2022,2022-12-24 12:00:00,cambium_co2_rate_lrmer,108.5
CA,2022,2022-12-24 13:00:00,cambium_co2_rate_lrmer,112.0
CA,2022,2022-12-24 14:00:00,cambium_co2_rate_lrmer,116.2
CA,2022,2022-12-24 15:00:00,cambium_co2_rate_lrmer,124.0
CA,2022,2022-12-24 16:00:00,cambium_co2_rate_lrmer,137.6
CA,2022,2022-12-24 17:00:00,cambium_co2_rate_lrmer,115.44
CA,2022,2022-12-24 18:00:00,cambium_co2_rate_lrmer,103.06
CA,2022,2022-12-24 19:00:00,cambium_co2_rate_lrmer,109.4
CA,2022,2022-12-24 20:00:00,cambium_co2_rate_lrmer,115.3
CA,2022,2022-12-24 21:00:00,cambium_co2_rate_lrmer,118.0
CA,2022,2022-12-24 22:00:00,cambium_co2_rate_lrmer,110.6
CA,2022,2022-12-24 23:00:00,cambium_co2_rate_lrmer,110.9
CA,2022,2022-12-25 00:00:00,cambium_co2_rate_lrmer,114.4
CA,2022,2022-12-25 01:00:00,cambium_co2_rate_lrmer,117.25
CA,2022,2022-12-25 02:00:00,cambium_co2_rate_lrmer,119.0
CA,2022,2022-12-25 03:00:00,cambium_co2_rate_lrmer,116.75
CA,2022,2022-12-25 04:00:00,cambium_co2_rate_lrmer,120.25
CA,2022,2022-12-25 05:00:00,cambium_co2_rate_lrmer,128.5
CA,2022,2022-12-25 06:00:00,cambium_co2_rate_lrmer,126.75
CA,2022,2022-12-25 07:00:00,cambium_co2_rate_lrmer,140.5
CA,2022,2022-12-25 08:00:00,cambium_co2_rate_lrmer,124.75
CA,2022,2022-12-25 09:00:00,cambium_co2_rate_lrmer,112.8
CA,2022,2022-12-25 10:00:00,cambium_co2_rate_lrmer,113.0
CA,2022,2022-12-25 11:00:00,cambium_co2_rate_lrmer,111.2
CA,2022,2022-12-25 12:00:00,cambium_co2_rate_lrmer,103.9
CA,2022,2022-12-25 13:00:00,cambium_co2_rate_lrmer,107.2
CA,2022,2022-12-25 14:00:00,cambium_co2_rate_lrmer,111.3
CA,2022,2022-12-25 15:00:00,cambium_co2_rate_lrmer,118.8
CA,2022,2022-12-25 16:00:00,cambium_co2_rate_lrmer,130.5
CA,2022,2022-12-25 17:00:00,cambium_co2_rate_lrmer,110.94
CA,2022,2022-12-25 18:00:00,cambium_co2_rate_lrmer,97.9
CA,2022,2022-12-25 19:00:00,cambium_co2_rate_lrmer,107.75
CA,2022,2022-12-25 20:00:00,cambium_co2_rate_lrmer,114.75
CA,2022,2022-12-25 21:00:00,cambium_co2_rate_lrmer,116.6
CA,2022,2022-12-25 22:00:00,cambium_co2_rate_lrmer,110.44
CA,2022,2022-12-25 23:00:00,cambium_co2_rate_lrmer,109.9
CA,2022,2022-12-26 00:00:00,cambium_co2_rate_lrmer,115.2
CA,2022,2022-12-26 01:00:00,cambium_co2_rate_lrmer,116.75
CA,2022,2022-12-26 02:00:00,cambium_co2_rate_lrmer,117.1
CA,2022,2022-12-26 03:00:00,cambium_co2_rate_lrmer,115.4
CA,2022,2022-12-26 04:00:00,cambium_co2_rate_lrmer,118.2
CA,2022,2022-12-26 05:00:00,cambium_co2_rate_lrmer,126.44
CA,2022,2022-12-26 06:00:00,cambium_co2_rate_lrmer,124.25
CA,2022,2022-12-26 07:00:00,cambium_co2_rate_lrmer,138.0
CA,2022,2022-12-26 08:00:00,cambium_co2_rate_lrmer,131.1
CA,2022,2022-12-26 09:00:00,cambium_co2_rate_lrmer,115.9
CA,2022,2022-12-26 10:00:00,cambium_co2_rate_lrmer,114.25
CA,2022,2022-12-26 11:00:00,cambium_co2_rate_lrmer,107.7
CA,2022,2022-12-26 12:00:00,cambium_co2_rate_lrmer,103.3
CA,2022,2022-12-26 13:00:00,cambium_co2_rate_lrmer,105.2
CA,2022,2022-12-26 14:00:00,cambium_co2_rate_lrmer,109.06
CA,2022,2022-12-26 15:00:00,cambium_co2_rate_lrmer,117.1
CA,2022,2022-12-26 16:00:00,cambium_co2_rate_lrmer,129.1
CA,2022,2022-12-26 17:00:00,cambium_co2_rate_lrmer,110.0
CA,2022,2022-12-26 18:00:00,cambium_co2_rate_lrmer,94.9
CA,2022,2022-12-26 19:00:00,cambium_co2_rate_lrmer,106.25
CA,2022,2022-12-26 20:00:00,cambium_co2_rate_lrmer,114.75
CA,2022,2022-12-26 21:00:00,cambium_co2_rate_lrmer,116.0
CA,2022,2022-12-26 22:00:00,cambium_co2_rate_lrmer,109.44
CA,2022,2022-12-26 23:00:00,cambium_co2_rate_lrmer,109.1
CA,2022,2022-12-27 00:00:00,cambium_co2_rate_lrmer,119.94
CA,2022,2022-12-27 01:00:00,cambium_co2_rate_lrmer,119.6
CA,2022,2022-12-27 02:00:00,cambium_co2_rate_lrmer,119.6
CA,2022,2022-12-27 03:00:00,cambium_co2_rate_lrmer,118.6
CA,2022,2022-12-27 04:00:00,cambium_co2_rate_lrmer,121.94
CA,2022,2022-12-27 05:00:00,cambium_co2_rate_lrmer,129.0
CA,2022,2022-12-27 06:00:00,cambium_co2_rate_lrmer,128.2
CA,2022,2022-12-27 07:00:00,cambium_co2_rate_lrmer,140.4
CA,2022,2022-12-27 08:00:00,cambium_co2_rate_lrmer,133.2
CA,2022,2022-12-27 09:00:00,cambium_co2_rate_lrmer,119.25
CA,2022,2022-12-27 10:00:00,cambium_co2_rate_lrmer,117.44
CA,2022,2022-12-27 11:00:00,cambium_co2_rate_lrmer,111.1
CA,2022,2022-12-27 12:00:00,cambium_co2_rate_lrmer,106.44
CA,2022,2022-12-27 13:00:00,cambium_co2_rate_lrmer,108.3
CA,2022,2022-12-27 14:00:00,cambium_co2_rate_lrmer,111.94
CA,2022,2022-12-27 15:00:00,cambium_co2_rate_lrmer,120.8
CA,2022,2022-12-27 16:00:00,cambium_co2_rate_lrmer,129.9
CA,2022,2022-12-27 17:00:00,cambium_co2_rate_lrmer,111.4
CA,2022,2022-12-27 18:00:00,cambium_co2_rate_lrmer,96.75
CA,2022,2022-12-27 19:00:00,cambium_co2_rate_lrmer,108.0
CA,2022,2022-12-27 20:00:00,cambium_co2_rate_lrmer,116.4
CA,2022,2022-12-27 21:00:00,cambium_co2_rate_lrmer,117.9
CA,2022,2022-12-27 22:00:00,cambium_co2_rate_lrmer,111.7
CA,2022,2022-12-27 23:00:00,cambium_co2_rate_lrmer,111.1
CA,2022,2022-12-28 00:00:00,cambium_co2_rate_lrmer,122.1
CA,2022,2022-12-28 01:00:00,cambium_co2_rate_lrmer,121.25
CA,2022,2022-12-28 02:00:00,cambium_co2_rate_lrmer,120.9
CA,2022,2022-12-28 03:00:00,cambium_co2_rate_lrmer,117.6
CA,2022,2022-12-28 04:00:00,cambium_co2_rate_lrmer,121.5
CA,2022,2022-12-28 05:00:00,cambium_co2_rate_lrmer,127.8
CA,2022,2022-12-28 06:00:00,cambium_co2_rate_lrmer,127.0
CA,2022,2022-12-28 07:00:00,cambium_co2_rate_lrmer,139.6
CA,2022,2022-12-28 08:00:00,cambium_co2_rate_lrmer,133.8
CA,2022,2022-12-28 09:00:00,cambium_co2_rate_lrmer,119.94
CA,2022,2022-12-28 10:00:00,cambium_co2_rate_lrmer,117.56
CA,2022,2022-12-28 11:00:00,cambium_co2_rate_lrmer,112.25
CA,2022,2022-12-28 12:00:00,cambium_co2_rate_lrmer,105.7
CA,2022,2022-12-28 13:00:00,cambium_co2_rate_lrmer,106.44
CA,2022,2022-12-28 14:00:00,cambium_co2_rate_lrmer,111.3
CA,2022,2022-12-28 15:00:00,cambium_co2_rate_lrmer,120.5
CA,2022,2022-12-28 16:00:00,cambium_co2_rate_lrmer,129.6
CA,2022,2022-12-28 17:00:00,cambium_co2_rate_lrmer,111.4
CA,2022,2022-12-28 18:00:00,cambium_co2_rate_lrmer,95.9
CA,2022,2022-12-28 19:00:00,cambium_co2_rate_lrmer,108.9
CA,2022,2022-12-28 20:00:00,cambium_co2_rate_lrmer,113.8
CA,2022,2022-12-28 21:00:00,cambium_co2_rate_lrmer,115.1
CA,2022,2022-12-28 22:00:00,cambium_co2_rate_lrmer,107.7
CA,2022,2022-12-28 23:00:00,cambium_co2_rate_lrmer,107.1
CA,2022,2022-12-29 00:00:00,cambium_co2_rate_lrmer,119.0
CA,2022,2022-12-29 01:00:00,cambium_co2_rate_lrmer,118.7
CA,2022,2022-12-29 02:00:00,cambium_co2_rate_lrmer,116.4
CA,2022,2022-12-29 03:00:00,cambium_co2_rate_lrmer,113.0
CA,2022,2022-12-29 04:00:00,cambium_co2_rate_lrmer,117.56
CA,2022,2022-12-29 05:00:00,cambium_co2_rate_lrmer,124.1
CA,2022,2022-12-29 06:00:00,cambium_co2_rate_lrmer,123.5
CA,2022,2022-12-29 07:00:00,cambium_co2_rate_lrmer,135.5
CA,2022,2022-12-29 08:00:00,cambium_co2_rate_lrmer,130.0
CA,2022,2022-12-29 09:00:00,cambium_co2_rate_lrmer,115.75
CA,2022,2022-12-29 10:00:00,cambium_co2_rate_lrmer,113.8
CA,2022,2022-12-29 11:00:00,cambium_co2_rate_lrmer,108.9
CA,2022,2022-12-29 12:00:00,cambium_co2_rate_lrmer,102.56
CA,2022,2022-12-29 13:00:00,cambium_co2_rate_lrmer,103.44
CA,2022,2022-12-29 14:00:00,cambium_co2_rate_lrmer,105.9
CA,2022,2022-12-29 15:00:00,cambium_co2_rate_lrmer,117.25
CA,2022,2022-12-29 16:00:00,cambium_co2_rate_lrmer,126.75
CA,2022,2022-12-29 17:00:00,cambium_co2_rate_lrmer,107.9
CA,2022,2022-12-29 18:00:00,cambium_co2_rate_lrmer,92.75
CA,2022,2022-12-29 19:00:00,cambium_co2_rate_lrmer,103.9
CA,2022,2022-12-29 20:00:00,cambium_co2_rate_lrmer,109.6
CA,2022,2022-12-29 21:00:00,cambium_co2_rate_lrmer,110.44
CA,2022,2022-12-29 22:00:00,cambium_co2_rate_lrmer,102.4
CA,2022,2022-12-29 23:00:00,cambium_co2_rate_lrmer,101.5
CA,2022,2022-12-30 00:00:00,cambium_co2_rate_lrmer,112.2
CA,2022,2022-12-30 01:00:00,cambium_co2_rate_lrmer,114.1
CA,2022,2022-12-30 02:00:00,cambium_co2_rate_lrmer,110.25
CA,2022,2022-12-30 03:00:00,cambium_co2_rate_lrmer,105.06
CA,2022,2022-12-30 04:00:00,cambium_co2_rate_lrmer,106.6
CA,2022,2022-12-30 05:00:00,cambium_co2_rate_lrmer,113.9
CA,2022,2022-12-30 06:00:00,cambium_co2_rate_lrmer,113.44
CA,2022,2022-12-30 07:00:00,cambium_co2_rate_lrmer,125.94
CA,2022,2022-12-30 08:00:00,cambium_co2_rate_lrmer,123.9
CA,2022,2022-12-30 09:00:00,cambium_co2_rate_lrmer,111.9
CA,2022,2022-12-30 10:00:00,cambium_co2_rate_lrmer,108.4
CA,2022,2022-12-30 11:00:00,cambium_co2_rate_lrmer,98.7
CA,2022,2022-12-30 12:00:00,cambium_co2_rate_lrmer,93.0
CA,2022,2022-12-30 13:00:00,cambium_co2_rate_lrmer,94.06
CA,2022,2022-12-30 14:00:00,cambium_co2_rate_lrmer,96.8
CA,2022,2022-12-30 15:00:00,cambium_co2_rate_lrmer,107.3
CA,2022,2022-12-30 16:00:00,cambium_co2_rate_lrmer,116.44
CA,2022,2022-12-30 17:00:00,cambium_co2_rate_lrmer,100.25
CA,2022,2022-12-30 18:00:00,cambium_co2_rate_lrmer,86.3
CA,2022,2022-12-30 19:00:00,cambium_co2_rate_lrmer,101.2
CA,2022,2022-12-30 20:00:00,cambium_co2_rate_lrmer,103.2
CA,2022,2022-12-30 21:00:00,cambium_co2_rate_lrmer,105.25
CA,2022,2022-12-30 22:00:00,cambium_co2_rate_lrmer,96.25
CA,2022,2022-12-30 23:00:00,cambium_co2_rate_lrmer,96.8
CA,2022,2022-12-31 00:00:00,cambium_co2_rate_lrmer,107.06
CA,2022,2022-12-31 01:00:00,cambium_co2_rate_lrmer,109.3
CA,2022,2022-12-31 02:00:00,cambium_co2_rate_lrmer,111.1
CA,2022,2022-12-31 03:00:00,cambium_co2_rate_lrmer,100.8
CA,2022,2022-12-31 04:00:00,cambium_co2_rate_lrmer,105.75
CA,2022,2022-12-31 05:00:00,cambium_co2_rate_lrmer,112.6
CA,2022,2022-12-31 06:00:00,cambium_co2_rate_lrmer,112.1
CA,2022,2022-12-31 07:00:00,cambium_co2_rate_lrmer,124.25
CA,2022,2022-12-31 08:00:00,cambium_co2_rate_lrmer,119.3
CA,2022,2022-12-31 09:00:00,cambium_co2_rate_lrmer,111.9
CA,2022,2022-12-31 10:00:00,cambium_co2_rate_lrmer,105.44
CA,2022,2022-12-31 11:00:00,cambium_co2_rate_lrmer,96.4
CA,2022,2022-12-31 12:00:00,cambium_co2_rate_lrmer,92.5
CA,2022,2022-12-31 13:00:00,cambium_co2_rate_lrmer,93.25
CA,2022,2022-12-31 14:00:00,cambium_co2_rate_lrmer,97.44
CA,2022,2022-12-31 15:00:00,cambium_co2_rate_lrmer,107.06
CA,2022,2022-12-31 16:00:00,cambium_co2_rate_lrmer,116.7
CA,2022,2022-12-31 17:00:00,cambium_co2_rate_lrmer,100.5
CA,2022,2022-12-31 18:00:00,cambium_co2_rate_lrmer,82.94
CA,2022,2022-12-31 19:00:00,cambium_co2_rate_lrmer,98.25
CA,2022,2022-12-31 20:00:00,cambium_co2_rate_lrmer,99.44
CA,2022,2022-12-31 21:00:00,cambium_co2_rate_lrmer,101.9
CA,2022,2022-12-31 22:00:00,cambium_co2_rate_lrmer,93.5
CA,2022,2022-12-31 23:00:00,cambium_co2_rate_lrmer,93.2
