controller,seed,day,peak_kw,peak_step,peak_time_hours,first_maximum_in_last_hour,near_maximum_in_last_hour,near_maximum_steps,p,soc,soc_before_kwh,power_lower_kw,power_upper_kw,battery_box_width_kw,collapsed_box,narrowed_box,forced_full_charge_box,executed_full_charge,terminal_envelope_narrows_physical_box
MPC-H24+QP,0,300,190.16048535742928,27,6.75,0,0,1,-46.62049859034814,36.457236840559005,25.38486842535132,-46.62049862495232,1.4625000163350208,48.08299864128734,False,True,False,False,False
MPC-H24+QP,0,301,187.74757424507277,75,18.75,0,0,1,4.3274512998487115e-09,224.99999996425376,224.99999996539256,-1.4571553133703817e-07,44.999999995205016,45.00000014092055,False,True,False,False,False
MPC-H24+QP,0,302,236.6325661596425,72,18.0,0,0,1,1.1286372232791017e-07,224.9999999670198,224.9999999967208,-1.3807326276468016e-08,45.00000000000004,45.000000013807366,False,True,False,False,False
MPC-H24+QP,0,303,231.0925194343328,73,18.25,0,0,1,1.3764272973540963e-14,224.99999996425376,224.99999996425376,-1.505104831410695e-07,45.00000012337461,45.00000027388509,False,True,False,False,False
MPC-H24+QP,0,304,238.74402364934528,60,15.0,0,0,1,-54.99999999193138,158.64731307704298,145.5848130789593,-100.0,-53.48067885678145,46.51932114321855,False,True,False,False,False
MPC-H24+QP,0,305,219.99999983691464,73,18.25,0,0,1,5.1918020218573995e-08,224.99999996775557,224.99999998141817,-7.823928172001615e-08,45.00000005814987,45.000000136389154,False,True,False,False,False
MPC-H24+QP,0,306,230.14438733654035,75,18.75,0,0,1,5.8635867671138274e-08,224.99999996425376,224.99999997968425,-8.554001109778734e-08,44.99999993542398,45.00000002096399,False,True,False,False,False
MPC-H24+QP,0,307,182.69799018283243,73,18.25,0,0,1,1.3764272973540963e-14,224.99999996425376,224.99999996425376,-1.505104831410695e-07,45.00000012337461,45.00000027388509,False,True,False,False,False
MPC-H24+QP,0,308,175.96734092131788,73,18.25,0,0,1,1.3764272973540963e-14,224.99999996425376,224.99999996425376,-1.505104831410695e-07,45.00000012337461,45.00000027388509,False,True,False,False,False
MPC-H24+QP,0,309,232.23712172341945,72,18.0,0,0,1,1.2337321456934046e-07,224.99999996425376,224.9999999967204,-1.3808881991089472e-08,44.99999999998117,45.00000001379005,False,True,False,False,False
MPC-H24+QP,0,310,231.4632579938165,72,18.0,0,0,1,1.2929231653295006e-08,224.9999999808088,224.9999999842112,-6.64791562150257e-08,2.1182891885018762e-08,8.766204810004446e-08,True,True,False,False,False
MPC-H24+QP,0,311,238.0944820907186,75,18.75,0,0,1,1.1306517300524565e-08,224.99999996482256,224.999999967798,-1.3558747014030814e-07,44.99999999579138,45.00000013137885,False,True,False,False,False
MPC-H24+QP,0,312,229.99999982540515,72,18.0,0,0,1,1.181829609333737e-07,224.99999996554527,224.99999999664604,-1.412193964106815e-08,44.999999996057625,45.00000001017956,False,True,False,False,False
MPC-H24+QP,0,313,234.98024670525515,73,18.25,0,0,1,1.3764272973540963e-14,224.99999996425376,224.99999996425376,-1.505104831410695e-07,45.00000012337461,45.00000027388509,False,True,False,False,False
MPC-H24+QP,0,314,200.25088581736247,54,13.5,0,0,1,-89.99999999100037,136.19351654048748,114.81851654262488,-100.0,-44.99999996509683,55.00000003490317,False,True,False,False,False
MPC-H24+QP,0,315,171.10879620686626,27,6.75,0,0,1,-44.999999993919786,37.99671053979476,27.30921054123881,-45.00000001145843,8.775000056707473,53.77500006816591,False,True,False,False,False
MPC-H24+QP,0,316,228.262085319239,73,18.25,0,0,1,6.442578331738927e-08,224.99999996425376,224.9999999812079,-7.912460300997882e-08,45.000000058931306,45.00000013805591,False,True,False,False,False
MPC-H24+QP,0,317,221.97496138476316,75,18.75,0,0,1,-3.3866973590867605e-09,224.9999999650581,224.99999996425376,-1.505104831410695e-07,45.00000007154953,45.00000022206001,False,True,False,False,False
MPC-H24+QP,0,318,229.9999999954894,72,18.0,0,0,1,1.4346194674923e-08,224.9999999871152,224.99999999089053,-3.8355665310518816e-08,2.1182891885018762e-08,5.953855719553758e-08,True,True,False,False,False
MPC-H24+QP,0,319,226.71128289196133,72,18.0,0,0,1,1.2337460981803881e-07,224.99999996425376,224.9999999967208,-1.3807326276468016e-08,45.000000000000014,45.00000001380734,False,True,False,False,False
MPC-H24+QP,0,320,225.74148939662552,74,18.5,0,0,1,8.283693076701591e-15,224.99999996425376,224.99999996425376,-1.505104831410695e-07,45.00000008372127,45.00000023423175,False,True,False,False,False
MPC-H24+QP,0,321,181.05190067313168,75,18.75,0,0,1,1.1409857200933298e-08,224.99999996425376,224.99999996725637,-1.3786802810500376e-07,45.00000005285691,45.00000019072494,False,True,False,False,False
MPC-H24+QP,0,322,196.1274591467725,14,3.5,0,0,1,-80.00000001157737,95.57236852540623,76.5723685226566,-80.00000002493536,9.999999975064648,90.00000000000001,False,True,False,False,False
MPC-H24+QP,0,323,260.0000001019625,75,18.75,0,0,1,-44.9926472089797,224.99825369376623,214.31249998163355,-44.99999993775359,45.00000006224641,90.0,False,True,False,False,False
MPC-H24+QP,0,324,224.59946910550127,74,18.5,0,0,1,1.1560492559901287e-07,224.99999996425376,224.9999999946761,-2.241641165088176e-08,44.99999996919344,44.99999999160985,False,True,False,False,False
MPC-H24+QP,0,325,230.50169186667216,75,18.75,0,0,1,1.0632024705292485e-07,224.99999996481884,224.99999999279785,-3.032482709386386e-08,44.99999988984728,44.99999992017211,False,True,False,False,False
MPC-H24+QP,0,326,239.99999989699504,73,18.25,0,0,1,-40.52729009657096,224.9999999813615,215.3747685834259,-40.52729017504888,41.37197001050664,81.89926018555552,False,True,False,False,False
MPC-H24+QP,0,327,230.0520149011113,73,18.25,0,0,1,1.3764272937351811e-14,224.99999996425376,224.99999996425376,-1.505104831410695e-07,45.000000123374505,45.000000273884986,False,True,False,False,False
MPC-H24+QP,0,328,187.15131174480007,72,18.0,0,0,1,1.2337460981803934e-07,224.99999996425376,224.9999999967208,-1.3807326276468016e-08,45.00000000000004,45.000000013807366,False,True,False,False,False
MPC-H24+QP,0,329,229.9999999274472,74,18.5,0,0,2,-63.354888803141485,215.01013442692317,199.96334833617703,-81.8747631687643,8.125236831235696,90.0,False,True,False,False,False
MPC-H24+QP,0,330,260.00000015332284,75,18.75,0,0,1,-44.99264717116833,214.15012958223403,203.4643758790816,-89.323687990977,0.6763120090229933,90.0,False,True,False,False,False
MPC-H24+QP,0,331,231.539248752124,75,18.75,0,0,1,5.959934177777807e-08,224.99999996425376,224.9999999799378,-8.447243185640364e-08,44.99999993765055,45.00000002212298,False,True,False,False,False
MPC-H24+QP,0,332,228.60167277854003,74,18.5,0,0,1,1.2453523574371708e-07,223.84539464762705,223.84539468039944,-4.861496082528687,45.0000000799109,49.861496162439586,False,True,False,False,False
MPC-H24+QP,0,333,251.60751126946832,61,15.25,0,0,1,-54.9999999917403,133.77601543003522,120.71351543199688,-100.0,-19.96308746632542,80.03691253367458,False,True,False,False,False
MPC-H24+QP,0,334,249.99999993468631,75,18.75,0,0,1,-44.9999999512217,224.0239486964284,213.33644870801325,-49.10968965047053,-3.7337021621672193,45.37598748830331,False,True,False,False,False
MPC-H24+QP,0,335,216.93660274313623,4,1.0,0,0,1,-88.02631582591268,214.78124999580493,193.87499998715063,-100.0,-10.000000008540958,89.99999999145905,False,True,False,False,False
MPC-H24+QP,0,336,198.51700118185505,1,0.25,0,0,1,-89.99999997004346,157.06249998881498,135.68749999592967,-89.99999998286171,1.7138283681106262e-08,90.0,False,True,False,False,False
MPC-H24+QP,0,337,259.9999998017508,75,18.75,0,0,1,-32.92943041098636,215.75840277773867,207.9376630551294,-64.0757489148653,25.924251085134703,90.0,False,True,False,False,False
MPC-H24+QP,0,338,239.99999999172897,71,17.75,0,0,4,-60.27896123072819,219.65758495948307,205.34133166718516,-82.77334034869419,-7.683958907674132,75.08938144102007,False,True,False,False,False
MPC-H24+QP,0,339,247.6154257473295,74,18.5,0,0,1,-15.570278237547305,218.0104410696974,214.3124999882799,-45.00000004934775,-14.286273831262136,30.71372621808561,False,True,False,False,False
MPC-H24+QP,0,340,259.99999999157814,70,17.5,0,0,5,-92.18956321651504,155.40405043549015,133.50902917156785,-100.0,-33.008975678820434,66.99102432117957,False,True,False,False,False
MPC-H24+QP,0,341,244.78261300887812,73,18.25,0,0,1,-24.17384847140392,203.9039166574285,198.16262764547008,-53.10351821264442,36.89648178735558,90.0,False,True,False,False,False
MPC-H24+QP,0,342,226.10621137220303,72,18.0,0,0,1,-44.999999853785056,224.9999999613377,214.3124999960637,-45.00000001657387,22.338477556681227,67.33847757325509,False,True,False,False,False
MPC-H24+QP,0,343,219.9999997873694,72,18.0,0,0,1,-57.67560209783697,182.4978846996348,168.79992920139853,-57.67560225591114,32.32439774408886,90.0,False,True,False,False,False
MPC-H24+QP,0,344,271.0284686016876,95,23.75,1,1,1,-75.08918617517595,125.0,107.16631828339573,-75.08918617517595,-75.08918617517595,0.0,True,True,False,False,True
MPC-H24+QP,0,345,239.9999999076774,72,18.0,0,0,1,-44.99999992900809,35.68749998313942,25.0,-45.0,0.0,45.0,False,True,False,False,False
MPC-H24+QP,0,346,239.9999999060944,75,18.75,0,0,1,-44.999999940408,55.16101001153187,44.47351002568497,-45.00000001211399,44.99999998788601,90.0,False,True,False,False,False
MPC-H24+QP,0,347,234.89137537646317,95,23.75,1,1,1,-67.03124036391262,125.0,109.08008041357076,-67.03124036391262,-67.03124036391262,0.0,True,True,False,False,True
MPC-H24+QP,0,348,239.9999998976743,75,18.75,0,0,1,-44.999999933611946,50.522766605860646,39.83526662162781,-45.00000001163148,44.99999998836852,90.0,False,True,False,False,False
MPC-H24+QP,0,349,216.80401886987448,75,18.75,0,0,1,-44.999999866028624,57.062499846456014,46.37499987827422,-89.99999978502561,2.1497438495998722e-07,90.0,False,True,False,False,False
MPC-H24+QP,0,350,229.99999977997544,74,18.5,0,0,1,-95.15205643780152,73.83237813814377,51.23376473416591,-95.1520566009732,-5.152056600973204,90.0,False,True,False,False,False
MPC-H24+QP,0,351,250.0000000054305,73,18.25,0,0,1,-67.15727595012756,51.6373530228301,35.6874999846748,-89.99999993547283,6.452716405647152e-08,90.0,False,True,False,False,False
MPC-H24+QP,0,352,249.9999999048044,72,18.0,0,0,1,-44.999999926792086,35.68749998261312,25.0,-45.0,0.0,45.0,False,True,False,False,False
MPC-H24+QP,0,353,249.99999989815836,72,18.0,0,0,1,-44.99999991416578,44.92189371982502,34.23439374021065,-44.99999999185859,35.09069621280047,80.09069620465905,False,True,False,False,False
MPC-H24+QP,0,354,240.00000001364543,75,18.75,0,0,3,-75.12886705007215,85.39710363681513,67.553997712423,-100.0,-31.30614234064717,68.69385765935283,False,True,False,False,False
MPC-H24+QP,0,355,230.0000000054066,75,18.75,0,0,4,-70.31169957038679,84.18749551911117,67.4884668711443,-100.0,-23.898807919021635,76.10119208097836,False,True,False,False,False
MPC-H24+QP,0,356,229.9999997826763,73,18.25,0,0,1,-89.99999963776595,90.46903507241076,69.09403515844133,-89.99999979916848,2.008315220791701e-07,90.0,False,True,False,False,False
MPC-H24+QP,0,357,229.9999997769648,75,18.75,0,0,1,-89.99999963727261,148.94486677877498,127.56986686492272,-89.99999980285502,1.9714498478151654e-07,90.0,False,True,False,False,False
MPC-H24+QP,0,358,240.00000001236705,74,18.5,0,0,5,-74.80485976356279,85.6377879293706,67.87163373552444,-100.0,-23.884422387698976,76.11557761230102,False,True,False,False,False
MPC-H24+QP,0,359,259.9999999995101,73,18.25,0,0,1,-87.85754484781052,74.82727395986127,53.96110705850627,-89.99999986207962,1.3792038799920192e-07,90.0,False,True,False,False,False
MPC-H24+QP,0,360,259.9999999042037,72,18.0,0,0,1,-44.99999992639218,35.68749998251814,25.0,-45.0,0.0,45.0,False,True,False,False,False
MPC-H24+QP,0,361,250.00000000985065,73,18.25,0,0,1,-85.72689782165767,56.047638215293446,35.68749998264975,-89.99999992694632,7.305369109644745e-08,90.00000000000001,False,True,False,False,False
MPC-H24+QP,0,362,259.9999998256196,73,18.25,0,0,1,-89.99999978501245,74.75197784801914,53.37697789907868,-89.99999991386844,8.613155699777053e-08,90.0,False,True,False,False,False
MPC-H24+QP,0,363,259.9999997671726,72,18.0,0,0,1,-89.99999980620186,98.73083564640754,77.35583569243461,-89.9999999788171,2.1182891885018762e-08,90.0,False,True,False,False,False
MPC-H24+QP,0,364,239.9999998875204,74,18.5,0,0,3,-89.99999991649742,123.6041162497637,102.22911626959558,-100.0,-54.99999984628674,45.00000015371326,False,True,False,False,False
MPC-H24-FRR+QP,0,300,217.81056450125743,94,23.5,1,1,1,-99.99999995205992,124.999999985117,101.24999999650277,-100.0,-26.745151451143784,73.25484854885622,False,True,False,True,True
MPC-H24-FRR+QP,0,301,187.747574259069,75,18.75,0,0,1,-9.668803039711344e-09,224.999999967739,224.99999996544267,-1.4550455250029797e-07,44.99999999715803,45.00000014266258,False,True,False,False,False
MPC-H24-FRR+QP,0,302,236.63256614821395,72,18.0,0,0,1,1.1377505468194338e-07,224.9999999670198,224.99999999696055,-1.2797547816789073e-08,45.000000000000014,45.000000012797564,False,True,False,False,False
MPC-H24-FRR+QP,0,303,231.0925194476249,73,18.25,0,0,1,-1.3292172800932765e-08,224.99999996773897,224.9999999645821,-1.4912805119437464e-07,45.00000012303831,45.00000027216636,False,True,False,False,False
MPC-H24-FRR+QP,0,304,249.99999999121195,63,15.75,0,0,1,-79.26201836690994,133.8822358578621,115.057506495721,-94.01931663468228,-4.019316634682262,90.00000000000003,False,True,False,False,False
MPC-H24-FRR+QP,0,305,219.99999983691453,73,18.25,0,0,1,5.3165794163755756e-08,224.99999996775557,224.99999998174653,-7.685673010296581e-08,45.00000005781343,45.00000013467016,False,True,False,False,False
MPC-H24-FRR+QP,0,306,230.1443873094113,75,18.75,0,0,1,6.493198178857094e-08,224.99999996607295,224.99999998316036,-7.0903847939151e-08,44.99999992078779,44.99999999169164,False,True,False,False,False
MPC-H24-FRR+QP,0,307,211.21289525927463,21,5.25,0,0,1,-44.99999999522104,67.4276317048977,56.74013170603271,-45.00000001235927,44.99999998764073,90.0,False,True,False,False,False
MPC-H24-FRR+QP,0,308,175.96734093599258,73,18.25,0,0,1,-1.4674701190303562e-08,224.999999967739,224.99999996425376,-1.505104831410695e-07,45.00000012428593,45.00000027479641,False,True,False,False,False
MPC-H24-FRR+QP,0,309,232.23712172375443,72,18.0,0,0,1,1.2303820599524126e-07,224.9999999645821,224.99999999696055,-1.2797547816789073e-08,45.00000000000001,45.00000001279756,False,True,False,False,False
MPC-H24-FRR+QP,0,310,232.6017042899906,75,18.75,0,0,1,-9.627043705816366,224.99999996875516,222.7135770886237,-9.62704383737374,44.9999999923236,54.62704382969734,False,True,False,False,False
MPC-H24-FRR+QP,0,311,238.0944821039384,75,18.75,0,0,1,-1.9131910130943555e-09,224.99999996825235,224.999999967798,-1.3558747014030814e-07,44.9999999957914,45.00000013137887,False,True,False,False,False
MPC-H24-FRR+QP,0,312,229.99999982540504,72,18.0,0,0,1,1.1937832846693837e-07,224.99999996554524,224.99999999696055,-1.2797547816789073e-08,45.00000000000001,45.00000001279756,False,True,False,False,False
MPC-H24-FRR+QP,0,313,234.9802467040073,73,18.25,0,0,1,1.247858943321638e-09,224.99999996425376,224.99999996458212,-1.4912781185366361e-07,45.0000001230381,45.00000027216591,False,True,False,False,False
MPC-H24-FRR+QP,0,314,234.23461802339688,60,15.0,0,0,1,-99.99999998619984,223.31249996758584,199.5624999708634,-100.0,-54.99999998619985,45.00000001380015,False,True,False,True,False
MPC-H24-FRR+QP,0,315,171.10879619458228,27,6.75,0,0,1,-44.999999981635824,35.68749999756365,25.000000001925144,-45.0,7.3155490554199795e-09,45.00000000731555,False,True,False,False,False
MPC-H24-FRR+QP,0,316,243.5502988482297,70,17.5,0,0,1,-66.44292037077264,201.2499999980325,185.469806409974,-100.0,-15.148181456164238,84.85181854383576,False,True,False,False,False
MPC-H24-FRR+QP,0,317,221.97496139943783,75,18.75,0,0,1,-1.806137864644957e-08,224.9999999685433,224.99999996425376,-1.505104831410695e-07,45.0000000715494,45.00000022205988,False,True,False,False,False
MPC-H24-FRR+QP,0,318,230.5698302620533,75,18.75,0,0,1,-4.8614958405546735,224.99999996662055,223.84539470448885,-4.861495981099564,45.00000006558477,49.86149604668434,False,True,False,False,False
MPC-H24-FRR+QP,0,319,226.71128289229773,72,18.0,0,0,1,1.2303820599524126e-07,224.9999999645821,224.99999999696055,-1.2797547816789073e-08,45.00000000000001,45.00000001279756,False,True,False,False,False
MPC-H24-FRR+QP,0,320,229.39645261737272,73,18.25,0,0,1,-9.14145467007753,224.99999996556892,222.82890448142552,-9.14145481505042,45.00000001578729,54.141454830837716,False,True,False,False,False
MPC-H24-FRR+QP,0,321,213.6476988953896,5,1.25,0,0,1,-89.99999998240288,145.22039474466274,123.84539474884204,-89.99999999522103,4.778961226747924e-09,90.0,False,True,False,False,False
MPC-H24-FRR+QP,0,322,220.73532860462623,72,18.0,0,0,1,-28.75450573113547,224.9999999729849,218.17080486184025,-28.754505844883266,-10.000000005907737,18.75450583897553,False,True,False,False,False
MPC-H24-FRR+QP,0,323,260.0000000919075,73,18.25,0,0,3,-82.30672396868833,183.3007404024291,163.75289345986565,-82.31407684322258,7.685923156777413,90.0,False,True,False,False,False
MPC-H24-FRR+QP,0,324,229.46096495952008,74,18.5,0,0,1,-4.861495740180766,224.99999996662055,223.84539472832765,-4.861495880725694,44.99999999429944,49.861495875025135,False,True,False,False,False
MPC-H24-FRR+QP,0,325,230.5016918648836,75,18.75,0,0,1,1.033758000160321e-07,224.9999999655966,224.99999999280075,-3.031262071760322e-08,44.99999988996992,44.99999992028254,False,True,False,False,False
MPC-H24-FRR+QP,0,326,229.99999990060363,72,18.0,0,0,1,-23.67796478679431,224.99999998193996,219.37648334507628,-23.677964862836717,45.00000000814141,68.67796487097813,False,True,False,False,False
MPC-H24-FRR+QP,0,327,230.0520149144035,73,18.25,0,0,1,-1.3292181004673e-08,224.999999967739,224.9999999645821,-1.491279315240191e-07,45.000000123038205,45.00000027216614,False,True,False,False,False
MPC-H24-FRR+QP,0,328,187.15131174617252,72,18.0,0,0,1,1.2200213027813354e-07,224.99999996460863,224.99999999671448,-1.3833773425032731e-08,45.00000000093519,45.000000014768965,False,True,False,False,False
MPC-H24-FRR+QP,0,329,238.12523643585504,73,18.25,0,0,1,-44.99999981696294,189.08895959074823,178.40145963421955,-44.99999998421271,45.00000001578729,90.0,False,True,False,False,False
MPC-H24-FRR+QP,0,330,260.0000001498708,74,18.5,0,0,4,-73.0521178886808,187.0379989384232,169.68812093986153,-86.09719500491815,3.9028049950818575,90.0,False,True,False,False,False
MPC-H24-FRR+QP,0,331,231.5392487603469,75,18.75,0,0,1,5.1376367682100555e-08,224.99999996642083,224.99999997994087,-8.445926811729902e-08,44.99999993777227,45.00000002223154,False,True,False,False,False
MPC-H24-FRR+QP,0,332,234.8463726170691,95,23.75,1,1,1,-100.0,125.0,101.25,-100.0,-100.0,0.0,True,True,True,True,True
MPC-H24-FRR+QP,0,333,259.99999999292675,62,15.5,0,0,2,-64.71763359728058,92.0193741305238,76.64893615116968,-88.39248871397385,1.607511286026153,90.0,False,True,False,False,False
MPC-H24-FRR+QP,0,334,260.0000000232905,75,18.75,0,0,3,-65.02172731762272,206.77623573737569,191.33357549944023,-100.0,-18.166234069377467,81.83376593062253,False,True,False,False,False
MPC-H24-FRR+QP,0,335,220.00000000875517,4,1.0,0,0,1,-91.08971309153156,215.5088068463894,193.87499998715063,-100.0,-10.000000008540958,89.99999999145905,False,True,False,False,False
MPC-H24-FRR+QP,0,336,198.51700118185505,1,0.25,0,0,1,-89.99999997004346,157.06249998881498,135.68749999592967,-89.99999998286171,1.7138283681106262e-08,90.0,False,True,False,False,False
MPC-H24-FRR+QP,0,337,260.00000017960224,74,18.5,0,0,2,-37.62639309288492,189.55143326565897,180.6151649060988,-44.99999996048415,45.000000039515854,90.0,False,True,False,False,False
MPC-H24-FRR+QP,0,338,249.99999999122053,63,15.75,0,0,1,-79.01627355525007,162.59820568206808,143.8318407126962,-100.0,-18.60880750793512,81.39119249206487,False,True,False,False,False
MPC-H24-FRR+QP,0,339,259.99999999167005,69,17.25,0,0,1,-88.09118377015511,153.0861642548812,132.16450810946935,-89.9999999788171,2.1182891885018762e-08,90.0,False,True,False,False,False
MPC-H24-FRR+QP,0,340,259.99999999167085,69,17.25,0,0,5,-88.0089756792305,131.15447951085363,110.25234778703638,-99.21667074550275,-9.21667074550276,90.0,False,True,False,False,False
MPC-H24-FRR+QP,0,341,259.9999997984876,73,18.25,0,0,1,-39.3912352614776,189.0162208307333,179.6608024561324,-69.5412125563652,20.45878744363481,90.0,False,True,False,False,False
MPC-H24-FRR+QP,0,342,239.99999985440584,75,18.75,0,0,3,-83.85184605210327,224.9999999738613,205.0851865364868,-83.85184616216102,-54.999999872335806,28.851846289825218,False,True,False,False,False
MPC-H24-FRR+QP,0,343,239.9999998653164,72,18.0,0,0,1,-71.17377534743893,163.95311371557284,147.0493420705561,-100.0,-34.999999947892775,65.00000005210723,False,True,False,False,False
MPC-H24-FRR+QP,0,344,254.12785114675003,95,23.75,1,1,1,-99.99999992225185,125.0,101.2500000184652,-99.99999992225185,-99.99999992225185,0.0,True,True,True,True,True
MPC-H24-FRR+QP,0,345,239.9999999076774,72,18.0,0,0,1,-44.99999992900809,35.68749998313942,25.0,-45.0,0.0,45.0,False,True,False,False,False
MPC-H24-FRR+QP,0,346,239.9999999087949,75,18.75,0,0,1,-3.880751669342696,36.11118945857188,35.18951093710299,-45.00000001211402,38.72014156099135,83.72014157310537,False,True,False,False,False
MPC-H24-FRR+QP,0,347,229.99999986545345,73,18.25,0,0,2,9.469424350237301e-08,31.08512239952909,31.085122424448627,-70.6215681029416,19.378431897058405,90.0,False,True,False,False,False
MPC-H24-FRR+QP,0,348,243.46499430544307,75,18.75,0,0,1,-21.836258105173066,38.00555993454553,32.819448634566925,-45.00000001200123,29.71390481135431,74.71390482335553,False,True,False,False,False
MPC-H24-FRR+QP,0,349,239.99999977915047,75,18.75,0,0,1,-68.1959807585933,57.70993595340325,41.51339052323735,-89.99999993301313,6.698687116113433e-08,90.0,False,True,False,False,False
MPC-H24-FRR+QP,0,350,239.99999981943284,74,18.5,0,0,1,-99.9999998650618,98.91660220210532,75.16660223415315,-100.0,-54.99999987766569,45.00000012233431,False,True,False,True,False
MPC-H24-FRR+QP,0,351,249.9999999193804,73,18.25,0,0,1,-21.804814625590733,37.61392947646776,32.43528600288996,-76.30646738058931,13.693532619410696,90.0,False,True,False,False,False
MPC-H24-FRR+QP,0,352,249.99999994553312,72,18.0,0,0,1,-34.593468703570714,33.215948817098045,25.0,-45.0,0.0,45.0,False,True,False,False,False
MPC-H24-FRR+QP,0,353,239.99999990047647,72,18.0,0,0,1,-44.99999991578694,81.83270515249053,71.14520517249113,-44.99999999185859,45.00000000814141,90.0,False,True,False,False,False
MPC-H24-FRR+QP,0,354,240.00000001032936,75,18.75,0,0,2,-75.12886704675608,60.13915844131188,42.29605251770731,-89.99999985520552,1.4479447685289418e-07,90.0,False,True,False,False,False
MPC-H24-FRR+QP,0,355,239.99999989703508,73,18.25,0,0,1,-44.99999989900596,60.379334142585705,49.69183416657179,-44.99999997745669,45.00000002254331,90.0,False,True,False,False,False
MPC-H24-FRR+QP,0,356,229.9999998556993,73,18.25,0,0,2,-68.19953867816648,84.07624451912154,67.878854083057,-88.8167357158962,1.1832642841037997,90.0,False,True,False,False,False
MPC-H24-FRR+QP,0,357,229.99999978548735,75,18.75,0,0,1,-63.6564798898521,139.39774694846244,124.27933297462258,-89.99999984364939,1.563506017987493e-07,90.0,False,True,False,False,False
MPC-H24-FRR+QP,0,358,240.00000001021067,74,18.5,0,0,5,-74.80485976140643,66.5840418647677,48.81788767143367,-96.2305103130996,-6.230510313099607,90.0,False,True,False,False,False
MPC-H24-FRR+QP,0,359,250.00000000986716,75,18.75,0,0,2,-85.64235626408203,91.40255945451122,71.06249984179175,-89.9999999053046,9.469540174222857e-08,90.0,False,True,False,False,False
MPC-H24-FRR+QP,0,360,249.99999986544924,74,18.5,0,0,1,-13.255180476275353,38.911108901964965,35.76300353884957,-89.99999988880202,1.1119798415393235e-07,90.00000000000001,False,True,False,False,False
MPC-H24-FRR+QP,0,361,249.9999998746257,75,18.75,0,0,1,-35.78778781672554,75.30445404455124,66.80485443807892,-89.99999991033516,8.966484443817536e-08,90.00000000000001,False,True,False,False,False
MPC-H24-FRR+QP,0,362,244.0616793595352,72,18.0,0,0,1,-44.99999991466612,51.14697849297536,40.45947851324215,-44.99999999185859,45.00000000814141,90.0,False,True,False,False,False
MPC-H24-FRR+QP,0,363,259.9999998256744,72,18.0,0,0,1,-96.36309045274548,158.093470779822,135.20723679729497,-100.0,-34.999999947892945,65.00000005210705,False,True,False,False,False
MPC-H24-FRR+QP,0,364,249.99999979320825,74,18.5,0,0,2,-99.9999998459098,118.47699192885706,94.72699196545348,-100.0,-44.999999641076826,55.000000358923174,False,True,False,True,False
NetLoadRule+QP,0,300,224.43009720441069,92,23.0,1,1,1,-100.0,53.75,30.0,-100.0,-100.0,0.0,True,True,True,True,True
NetLoadRule+QP,0,301,218.8373791490767,93,23.25,1,1,1,-100.0,77.5,53.75,-100.0,-100.0,0.0,True,True,True,True,True
NetLoadRule+QP,0,302,233.672925433184,73,18.25,0,0,1,-59.99999998382065,174.3328714737485,160.08287147759108,-74.99999993428443,15.00000006571556,89.99999999999999,False,True,False,False,False
NetLoadRule+QP,0,303,248.96120696201947,64,16.0,0,0,1,-59.99999999172957,197.78607704691908,183.5360770488833,-74.99999996610674,15.000000033893254,90.0,False,True,False,False,False
NetLoadRule+QP,0,304,250.98068334880043,62,15.5,0,0,1,-59.99999999172957,106.93749997401213,92.68749997597637,-100.0,-14.999999991729569,85.00000000827043,False,True,False,False,False
NetLoadRule+QP,0,305,239.8369337706384,95,23.75,1,1,1,-100.0,125.0,101.25,-100.0,-100.0,0.0,True,True,True,True,True
NetLoadRule+QP,0,306,233.32083822908933,72,18.0,0,0,1,-59.99999998346102,211.71710521961563,197.46710522354363,-100.0,-14.999999991729569,85.00000000827043,False,True,False,False,False
NetLoadRule+QP,0,307,222.87626183012404,92,23.0,1,1,1,-100.0,53.75,30.0,-100.0,-100.0,0.0,True,True,True,True,True
NetLoadRule+QP,0,308,211.49017106674472,95,23.75,1,1,1,-100.0,125.0,101.25,-100.0,-100.0,0.0,True,True,True,True,True
NetLoadRule+QP,0,309,247.5861577296868,24,6.0,0,0,1,-59.99999998536543,42.30263127800537,28.052631281481084,-100.0,11.599998869628116,111.59999886962811,False,True,False,False,False
NetLoadRule+QP,0,310,235.13916241514136,85,21.25,0,0,1,-59.999999981047424,223.94407874396651,209.69407874846777,-64.44598421697779,1.0362591496004825e-07,64.44598432060371,False,True,False,False,False
NetLoadRule+QP,0,311,234.5458128827418,95,23.75,1,1,1,-100.0,125.0,101.25,-100.0,-100.0,0.0,True,True,True,True,True
NetLoadRule+QP,0,312,232.9639278115932,93,23.25,1,1,1,-100.0,77.5,53.75,-100.0,-100.0,0.0,True,True,True,True,True
NetLoadRule+QP,0,313,239.0090688722984,95,23.75,1,1,1,-100.0,125.0,101.25,-100.0,-100.0,0.0,True,True,True,True,True
NetLoadRule+QP,0,314,215.92101591261235,95,23.75,1,1,1,-100.0,125.0,101.25,-100.0,-100.0,0.0,True,True,True,True,True
NetLoadRule+QP,0,315,174.14166248619875,79,19.75,0,0,1,-59.99999998457064,167.61570688003505,153.36570688369952,-89.99999993927906,6.072094294040653e-08,90.0,False,True,False,False,False
NetLoadRule+QP,0,316,223.702169099423,69,17.25,0,0,1,-43.850350563858,224.9999999968917,214.58554173797543,-43.85035057694554,3.3980469993366575e-08,43.85035061092601,False,True,False,False,False
NetLoadRule+QP,0,317,238.55616157484565,69,17.25,0,0,1,-59.99999999172957,149.286112114255,135.0361121162192,-100.0,-14.999999991729569,85.00000000827043,False,True,False,False,False
NetLoadRule+QP,0,318,234.45275692569908,95,23.75,1,1,1,-100.0,125.0,101.25,-100.0,-100.0,0.0,True,True,True,True,True
NetLoadRule+QP,0,319,239.83729158604524,95,23.75,1,1,1,-100.0,125.0,101.25,-100.0,-100.0,0.0,True,True,True,True,True
NetLoadRule+QP,0,320,250.2966617565873,65,16.25,0,0,1,-59.99999999172957,217.20394732554803,202.95394732751225,-89.9999999788171,2.1182891885018762e-08,90.0,False,True,False,False,False
NetLoadRule+QP,0,321,222.75075004914697,26,6.5,0,0,1,-44.99999991038987,46.37499995599731,35.687499977279714,-44.99999995461914,40.61249991366291,85.61249986828204,False,True,False,False,False
NetLoadRule+QP,0,322,220.66975294458152,2,0.5,0,0,1,-59.99999994970907,149.93749995155815,135.68749996350223,-89.99999988569402,1.143059691344206e-07,90.0,False,True,False,False,False
NetLoadRule+QP,0,323,238.52992491377512,94,23.5,1,1,1,-100.0,101.25,77.5,-100.0,-100.0,0.0,True,True,True,True,True
NetLoadRule+QP,0,324,232.1241713469261,70,17.5,0,0,1,-59.99999999172957,217.20394732698023,202.95394732894448,-89.9999999788171,2.1182891885018762e-08,90.0,False,True,False,False,False
NetLoadRule+QP,0,325,237.755579639564,25,6.25,0,0,1,-59.99999998332272,64.18749998143343,49.93749998539428,-100.0,-14.99999998447818,85.00000001552182,False,True,False,False,False
NetLoadRule+QP,0,326,231.80949253774625,64,16.0,0,0,1,-44.99999996241903,223.8453947027936,213.15789471171905,-44.9999999754605,45.000000024539496,90.0,False,True,False,False,False
NetLoadRule+QP,0,327,251.0616716136736,24,6.0,0,0,1,-59.99999998487626,49.93749998553298,35.68749998912487,-89.99999995421001,4.578999579507581e-08,90.0,False,True,False,False,False
NetLoadRule+QP,0,328,206.15350105212343,0,0.0,0,0,1,-44.99999992122439,135.68749998129078,125.0,-45.0,45.0,90.0,False,True,False,False,False
NetLoadRule+QP,0,329,208.9098843428561,0,0.0,0,0,1,-44.99999992122439,135.68749998129078,125.0,-45.0,45.0,90.0,False,True,False,False,False
NetLoadRule+QP,0,330,234.545018733044,93,23.25,1,1,1,-100.0,77.5,53.75,-100.0,-100.0,0.0,True,True,True,True,True
NetLoadRule+QP,0,331,204.41906558355947,82,20.5,0,0,1,-44.999999867045446,223.84539464875988,213.1578946803366,-44.99999991182195,45.00000008817805,90.0,False,True,False,False,False
NetLoadRule+QP,0,332,238.3283253183369,94,23.5,1,1,1,-100.0,101.25,77.5,-100.0,-100.0,0.0,True,True,True,True,True
NetLoadRule+QP,0,333,260.0000000037791,57,14.25,0,0,1,-57.19297328886464,84.89583113306631,71.31249997696096,-100.0,-14.999999991729569,85.00000000827043,False,True,False,False,False
NetLoadRule+QP,0,334,232.018315603112,95,23.75,1,1,1,-100.0,125.0,101.25,-100.0,-100.0,0.0,True,True,True,True,True
NetLoadRule+QP,0,335,201.37650498548328,1,0.25,0,0,1,-44.99999988569403,135.68749996350223,124.99999999064993,-44.99999996446968,45.00000003553032,90.0,False,True,False,False,False
NetLoadRule+QP,0,336,212.76041905683343,95,23.75,1,1,1,-100.0,125.0,101.25,-100.0,-100.0,0.0,True,True,True,True,True
NetLoadRule+QP,0,337,236.48594037146185,73,18.25,0,0,1,-59.99999994748653,164.28366020714822,150.03366021962017,-59.99999999172957,30.000000008270437,90.0,False,True,False,False,False
NetLoadRule+QP,0,338,258.43575594811307,65,16.25,0,0,1,-59.99999997864498,103.37499996174652,89.12499996681834,-59.99999999172957,30.000000008270437,90.0,False,True,False,False,False
NetLoadRule+QP,0,339,254.4022762872704,65,16.25,0,0,1,-59.99999999172957,99.0427631356264,84.79276313759063,-89.9999999788171,2.1182891885018762e-08,90.0,False,True,False,False,False
NetLoadRule+QP,0,340,247.82928871953996,67,16.75,0,0,1,-59.99999999172957,103.3749999734701,89.12499997543432,-89.9999999788171,2.1182891885018762e-08,90.0,False,True,False,False,False
NetLoadRule+QP,0,341,240.98975416357655,66,16.5,0,0,1,-59.99999999172957,214.7960526110005,200.54605261296476,-74.99999996610674,15.000000033893254,90.0,False,True,False,False,False
NetLoadRule+QP,0,342,216.01360902245867,20,5.0,0,0,1,-59.99999998460239,140.6019733327326,126.35197333638952,-89.99999991728288,8.271711493534896e-08,90.0,False,True,False,False,False
NetLoadRule+QP,0,343,218.55943881071363,1,0.25,0,0,1,-59.99999994970911,149.9374999693467,135.68749998129078,-89.9999999212244,7.877560648239523e-08,90.0,False,True,False,False,False
NetLoadRule+QP,0,344,235.93928243117608,95,23.75,1,1,1,-100.0,125.0,101.25,-100.0,-100.0,0.0,True,True,True,True,True
NetLoadRule+QP,0,345,238.75251071433212,75,18.75,0,0,1,-59.99999998316259,78.43749997733546,64.18749998133435,-100.0,-14.99999998316261,85.00000001683739,False,True,False,False,False
NetLoadRule+QP,0,346,245.39644268976636,20,5.0,0,0,1,-59.99999998466335,136.65460507232456,122.40460507596704,-89.9999999173223,8.267769402436899e-08,90.0,False,True,False,False,False
NetLoadRule+QP,0,347,231.54672095026385,93,23.25,1,1,1,-100.0,77.5,53.75,-100.0,-100.0,0.0,True,True,True,True,True
NetLoadRule+QP,0,348,232.98744918778024,95,23.75,1,1,1,-100.0,125.0,101.25,-100.0,-100.0,0.0,True,True,True,True,True
NetLoadRule+QP,0,349,211.84635962927229,94,23.5,1,1,1,-100.0,101.25,77.5,-100.0,-100.0,0.0,True,True,True,True,True
NetLoadRule+QP,0,350,216.1501093794396,94,23.5,1,1,1,-100.0,101.25,77.5,-100.0,-100.0,0.0,True,True,True,True,True
NetLoadRule+QP,0,351,241.0768387157567,78,19.5,0,0,1,-59.99999998440406,60.62499995170458,46.37499995540862,-89.999999909233,9.076699569732229e-08,90.0,False,True,False,False,False
NetLoadRule+QP,0,352,228.02257778973865,80,20.0,0,0,1,-59.999999984762255,59.470394620435904,45.22039462405487,-89.99999987202887,1.2797114123941358e-07,90.00000000000001,False,True,False,False,False
NetLoadRule+QP,0,353,236.8021230125174,92,23.0,1,1,1,-100.0,53.75,30.0,-100.0,-100.0,0.0,True,True,True,True,True
NetLoadRule+QP,0,354,232.13141504807464,73,18.25,0,0,1,-59.99999998466019,49.9374999854563,35.68749998909951,-89.9999999541032,4.5896804579115276e-08,90.00000000000001,False,True,False,False,False
NetLoadRule+QP,0,355,230.220107654988,20,5.0,0,0,1,-59.99999989483024,168.33223660718505,154.08223663216287,-59.99999993931093,30.000000060689068,90.0,False,True,False,False,False
NetLoadRule+QP,0,356,237.34053341658569,25,6.25,0,0,1,-59.999999984390406,197.50328915966256,183.25328916336983,-89.99999987171435,1.282856558759704e-07,90.0,False,True,False,False,False
NetLoadRule+QP,0,357,216.12692538421672,94,23.5,1,1,1,-100.0,101.25,77.5,-100.0,-100.0,0.0,True,True,True,True,True
NetLoadRule+QP,0,358,234.42582589008012,70,17.5,0,0,1,-59.99999999172957,131.90131575219607,117.6513157541603,-74.99999996610674,15.000000033893254,90.0,False,True,False,False,False
NetLoadRule+QP,0,359,236.29949357285412,70,17.5,0,0,1,-59.99999999172957,49.937499994938406,35.68749999690264,-89.99999998695849,1.3041514534961608e-08,90.0,False,True,False,False,False
NetLoadRule+QP,0,360,240.6228097930272,72,18.0,0,0,1,-59.999999984670005,60.62499998363506,46.374999987275935,-89.99999997391694,2.608305038620529e-08,90.0,False,True,False,False,False
NetLoadRule+QP,0,361,234.79733255238517,95,23.75,1,1,1,-100.0,125.0,101.25,-100.0,-100.0,0.0,True,True,True,True,True
NetLoadRule+QP,0,362,238.2406940599945,93,23.25,1,1,1,-100.0,77.5,53.75,-100.0,-100.0,0.0,True,True,True,True,True
NetLoadRule+QP,0,363,220.8126436864956,22,5.5,0,0,1,-44.99999994014428,160.72368387545174,150.03618388966748,-44.99999998492518,45.00000001507482,90.0,False,True,False,False,False
NetLoadRule+QP,0,364,177.00753342145097,14,3.5,0,0,1,-59.99999998356953,129.9144735529218,115.66447355682403,-100.0,-14.999999984724994,85.000000015275,False,True,False,False,False
PPO-QP,20260805,300,224.43009720441069,92,23.0,1,1,1,-100.0,53.75,30.0,-100.0,-100.0,0.0,True,True,True,True,True
PPO-QP,20260805,301,218.8373791490767,93,23.25,1,1,1,-100.0,77.5,53.75,-100.0,-100.0,0.0,True,True,True,True,True
PPO-QP,20260805,302,225.22454147232295,93,23.25,1,1,1,-100.0,77.5,53.75,-100.0,-100.0,0.0,True,True,True,True,True
PPO-QP,20260805,303,235.1655210122367,94,23.5,1,1,1,-100.0,101.25,77.5,-100.0,-100.0,0.0,True,True,True,True,True
PPO-QP,20260805,304,229.38825961585144,92,23.0,1,1,1,-100.0,53.75,30.0,-100.0,-100.0,0.0,True,True,True,True,True
PPO-QP,20260805,305,239.83693376675728,95,23.75,1,1,1,-100.0,125.0,101.25,-100.0,-100.0,0.0,True,True,True,True,True
PPO-QP,20260805,306,240.97402437499235,93,23.25,1,1,1,-100.0,77.5,53.75,-100.0,-100.0,0.0,True,True,True,True,True
PPO-QP,20260805,307,222.87626183012404,92,23.0,1,1,1,-100.0,53.75,30.0,-100.0,-100.0,0.0,True,True,True,True,True
PPO-QP,20260805,308,211.49017106244565,95,23.75,1,1,1,-100.0,125.0,101.25,-100.0,-100.0,0.0,True,True,True,True,True
PPO-QP,20260805,309,234.74911960332588,92,23.0,1,1,1,-100.0,53.75,30.0,-100.0,-100.0,0.0,True,True,True,True,True
PPO-QP,20260805,310,233.6383203243991,94,23.5,1,1,1,-100.0,101.25,77.5,-100.0,-100.0,0.0,True,True,True,True,True
PPO-QP,20260805,311,234.54581287918336,95,23.75,1,1,1,-100.0,125.0,101.25,-100.0,-100.0,0.0,True,True,True,True,True
PPO-QP,20260805,312,232.9639278115932,93,23.25,1,1,1,-100.0,77.5,53.75,-100.0,-100.0,0.0,True,True,True,True,True
PPO-QP,20260805,313,239.00906887047532,95,23.75,1,1,1,-100.0,125.0,101.25,-100.0,-100.0,0.0,True,True,True,True,True
PPO-QP,20260805,314,215.92101590975037,95,23.75,1,1,1,-100.0,125.0,101.25,-100.0,-100.0,0.0,True,True,True,True,True
PPO-QP,20260805,315,211.22756641902495,95,23.75,1,1,1,-100.0,125.0,101.25,-100.0,-100.0,0.0,True,True,True,True,True
PPO-QP,20260805,316,236.2686244507616,92,23.0,1,1,1,-100.0,53.75,30.0,-100.0,-100.0,0.0,True,True,True,True,True
PPO-QP,20260805,317,237.36524038695688,93,23.25,1,1,1,-100.0,77.5,53.75,-100.0,-100.0,0.0,True,True,True,True,True
PPO-QP,20260805,318,236.87017658159584,94,23.5,1,1,1,-100.0,101.25,77.5,-100.0,-100.0,0.0,True,True,True,True,True
PPO-QP,20260805,319,239.83729158334455,95,23.75,1,1,1,-100.0,125.0,101.25,-100.0,-100.0,0.0,True,True,True,True,True
PPO-QP,20260805,320,237.5185548598116,95,23.75,1,1,1,-100.0,125.0,101.25,-100.0,-100.0,0.0,True,True,True,True,True
PPO-QP,20260805,321,220.94332029602884,93,23.25,1,1,1,-100.0,77.5,53.75,-100.0,-100.0,0.0,True,True,True,True,True
PPO-QP,20260805,322,215.30413944176465,93,23.25,1,1,1,-100.0,77.5,53.75,-100.0,-100.0,0.0,True,True,True,True,True
PPO-QP,20260805,323,238.52992491377512,94,23.5,1,1,1,-100.0,101.25,77.5,-100.0,-100.0,0.0,True,True,True,True,True
PPO-QP,20260805,324,233.4282812239548,92,23.0,1,1,1,-100.0,53.75,30.0,-100.0,-100.0,0.0,True,True,True,True,True
PPO-QP,20260805,325,237.9196071451536,93,23.25,1,1,1,-100.0,77.5,53.75,-100.0,-100.0,0.0,True,True,True,True,True
PPO-QP,20260805,326,231.75263072457548,94,23.5,1,1,1,-100.0,101.25,77.5,-100.0,-100.0,0.0,True,True,True,True,True
PPO-QP,20260805,327,234.1270519664164,93,23.25,1,1,1,-100.0,77.5,53.75,-100.0,-100.0,0.0,True,True,True,True,True
PPO-QP,20260805,328,219.7255970143554,93,23.25,1,1,1,-100.0,77.5,53.75,-100.0,-100.0,0.0,True,True,True,True,True
PPO-QP,20260805,329,214.065682412994,95,23.75,1,1,1,-100.0,125.0,101.25,-100.0,-100.0,0.0,True,True,True,True,True
PPO-QP,20260805,330,234.545018733044,93,23.25,1,1,1,-100.0,77.5,53.75,-100.0,-100.0,0.0,True,True,True,True,True
PPO-QP,20260805,331,235.11292583245103,92,23.0,1,1,1,-100.0,53.75,30.0,-100.0,-100.0,0.0,True,True,True,True,True
PPO-QP,20260805,332,238.3283253183369,94,23.5,1,1,1,-100.0,101.25,77.5,-100.0,-100.0,0.0,True,True,True,True,True
PPO-QP,20260805,333,240.18793459383824,93,23.25,1,1,1,-100.0,77.5,53.75,-100.0,-100.0,0.0,True,True,True,True,True
PPO-QP,20260805,334,232.4455485275847,93,23.25,1,1,1,-100.0,77.5,53.75,-100.0,-100.0,0.0,True,True,True,True,True
PPO-QP,20260805,335,218.98115070272203,93,23.25,1,1,1,-100.0,77.5,53.75,-100.0,-100.0,0.0,True,True,True,True,True
PPO-QP,20260805,336,212.76041905425717,95,23.75,1,1,1,-100.0,125.0,101.25,-100.0,-100.0,0.0,True,True,True,True,True
PPO-QP,20260805,337,233.51603823191192,92,23.0,1,1,1,-100.0,53.75,30.0,-100.0,-100.0,0.0,True,True,True,True,True
PPO-QP,20260805,338,234.2439593217398,94,23.5,1,1,1,-100.0,101.25,77.5,-100.0,-100.0,0.0,True,True,True,True,True
PPO-QP,20260805,339,234.7302871916978,95,23.75,1,1,1,-100.0,125.0,101.25,-100.0,-100.0,0.0,True,True,True,True,True
PPO-QP,20260805,340,236.32717538203136,94,23.5,1,1,1,-100.0,101.25,77.5,-100.0,-100.0,0.0,True,True,True,True,True
PPO-QP,20260805,341,241.53995673982973,92,23.0,1,1,1,-100.0,53.75,30.0,-100.0,-100.0,0.0,True,True,True,True,True
PPO-QP,20260805,342,215.43740791081368,94,23.5,1,1,1,-100.0,101.25,77.5,-100.0,-100.0,0.0,True,True,True,True,True
PPO-QP,20260805,343,212.08854193627232,94,23.5,1,1,1,-100.0,101.25,77.5,-100.0,-100.0,0.0,True,True,True,True,True
PPO-QP,20260805,344,235.93928242771935,95,23.75,1,1,1,-100.0,125.0,101.25,-100.0,-100.0,0.0,True,True,True,True,True
PPO-QP,20260805,345,232.1638574780748,92,23.0,1,1,1,-100.0,53.75,30.0,-100.0,-100.0,0.0,True,True,True,True,True
PPO-QP,20260805,346,235.6524174294877,94,23.5,1,1,1,-100.0,101.25,77.5,-100.0,-100.0,0.0,True,True,True,True,True
PPO-QP,20260805,347,231.54672095026385,93,23.25,1,1,1,-100.0,77.5,53.75,-100.0,-100.0,0.0,True,True,True,True,True
PPO-QP,20260805,348,234.78074041031292,92,23.0,1,1,1,-100.0,53.75,30.0,-100.0,-100.0,0.0,True,True,True,True,True
PPO-QP,20260805,349,211.84635962927229,94,23.5,1,1,1,-100.0,101.25,77.5,-100.0,-100.0,0.0,True,True,True,True,True
PPO-QP,20260805,350,216.1501093794396,94,23.5,1,1,1,-100.0,101.25,77.5,-100.0,-100.0,0.0,True,True,True,True,True
PPO-QP,20260805,351,225.69503621108,26,6.5,0,0,1,0.0,25.0,25.0,-45.0,0.0,45.0,False,True,False,False,False
PPO-QP,20260805,352,232.74446475683223,93,23.25,1,1,1,-100.0,77.5,53.75,-100.0,-100.0,0.0,True,True,True,True,True
PPO-QP,20260805,353,236.8021230125174,92,23.0,1,1,1,-100.0,53.75,30.0,-100.0,-100.0,0.0,True,True,True,True,True
PPO-QP,20260805,354,239.00249515732867,92,23.0,1,1,1,-100.0,53.75,30.0,-100.0,-100.0,0.0,True,True,True,True,True
PPO-QP,20260805,355,232.5515960286924,95,23.75,1,1,1,-100.0,125.0,101.25,-100.0,-100.0,0.0,True,True,True,True,True
PPO-QP,20260805,356,221.54862842429105,92,23.0,1,1,1,-100.0,53.75,30.0,-100.0,-100.0,0.0,True,True,True,True,True
PPO-QP,20260805,357,216.12692538421672,94,23.5,1,1,1,-100.0,101.25,77.5,-100.0,-100.0,0.0,True,True,True,True,True
PPO-QP,20260805,358,228.9240057936709,94,23.5,1,1,1,-100.0,101.25,77.5,-100.0,-100.0,0.0,True,True,True,True,True
PPO-QP,20260805,359,234.6153935098112,92,23.0,1,1,1,-100.0,53.75,30.0,-100.0,-100.0,0.0,True,True,True,True,True
PPO-QP,20260805,360,234.72661863355532,95,23.75,1,1,1,-100.0,125.0,101.25,-100.0,-100.0,0.0,True,True,True,True,True
PPO-QP,20260805,361,234.79733254840303,95,23.75,1,1,1,-100.0,125.0,101.25,-100.0,-100.0,0.0,True,True,True,True,True
PPO-QP,20260805,362,238.2406940599945,93,23.25,1,1,1,-100.0,77.5,53.75,-100.0,-100.0,0.0,True,True,True,True,True
PPO-QP,20260805,363,214.03357449637767,93,23.25,1,1,1,-100.0,77.5,53.75,-100.0,-100.0,0.0,True,True,True,True,True
PPO-QP,20260805,364,206.9904298424011,93,23.25,1,1,1,-100.0,77.5,53.75,-100.0,-100.0,0.0,True,True,True,True,True
PPO-QP,20260806,300,224.43009720441069,92,23.0,1,1,1,-100.0,53.75,30.0,-100.0,-100.0,0.0,True,True,True,True,True
PPO-QP,20260806,301,218.8373791490767,93,23.25,1,1,1,-100.0,77.5,53.75,-100.0,-100.0,0.0,True,True,True,True,True
PPO-QP,20260806,302,225.22454147232295,93,23.25,1,1,1,-100.0,77.5,53.75,-100.0,-100.0,0.0,True,True,True,True,True
PPO-QP,20260806,303,235.1655210122367,94,23.5,1,1,1,-100.0,101.25,77.5,-100.0,-100.0,0.0,True,True,True,True,True
PPO-QP,20260806,304,229.38825961585144,92,23.0,1,1,1,-100.0,53.75,30.0,-100.0,-100.0,0.0,True,True,True,True,True
PPO-QP,20260806,305,239.83693376675532,95,23.75,1,1,1,-100.0,125.0,101.25,-100.0,-100.0,0.0,True,True,True,True,True
PPO-QP,20260806,306,240.97402437499235,93,23.25,1,1,1,-100.0,77.5,53.75,-100.0,-100.0,0.0,True,True,True,True,True
PPO-QP,20260806,307,222.87626183012404,92,23.0,1,1,1,-100.0,53.75,30.0,-100.0,-100.0,0.0,True,True,True,True,True
PPO-QP,20260806,308,211.490171062442,95,23.75,1,1,1,-100.0,125.0,101.25,-100.0,-100.0,0.0,True,True,True,True,True
PPO-QP,20260806,309,234.74911960332588,92,23.0,1,1,1,-100.0,53.75,30.0,-100.0,-100.0,0.0,True,True,True,True,True
PPO-QP,20260806,310,233.6383203243991,94,23.5,1,1,1,-100.0,101.25,77.5,-100.0,-100.0,0.0,True,True,True,True,True
PPO-QP,20260806,311,234.54581287918307,95,23.75,1,1,1,-100.0,125.0,101.25,-100.0,-100.0,0.0,True,True,True,True,True
PPO-QP,20260806,312,232.9639278115932,93,23.25,1,1,1,-100.0,77.5,53.75,-100.0,-100.0,0.0,True,True,True,True,True
PPO-QP,20260806,313,239.00906887046452,95,23.75,1,1,1,-100.0,125.0,101.25,-100.0,-100.0,0.0,True,True,True,True,True
PPO-QP,20260806,314,215.92101590974488,95,23.75,1,1,1,-100.0,125.0,101.25,-100.0,-100.0,0.0,True,True,True,True,True
PPO-QP,20260806,315,211.2275664190265,95,23.75,1,1,1,-100.0,125.0,101.25,-100.0,-100.0,0.0,True,True,True,True,True
PPO-QP,20260806,316,236.2686244507616,92,23.0,1,1,1,-100.0,53.75,30.0,-100.0,-100.0,0.0,True,True,True,True,True
PPO-QP,20260806,317,237.36524038695688,93,23.25,1,1,1,-100.0,77.5,53.75,-100.0,-100.0,0.0,True,True,True,True,True
PPO-QP,20260806,318,236.87017658159584,94,23.5,1,1,1,-100.0,101.25,77.5,-100.0,-100.0,0.0,True,True,True,True,True
PPO-QP,20260806,319,239.83729158334543,95,23.75,1,1,1,-100.0,125.0,101.25,-100.0,-100.0,0.0,True,True,True,True,True
PPO-QP,20260806,320,237.51855485980212,95,23.75,1,1,1,-100.0,125.0,101.25,-100.0,-100.0,0.0,True,True,True,True,True
PPO-QP,20260806,321,220.94332029602884,93,23.25,1,1,1,-100.0,77.5,53.75,-100.0,-100.0,0.0,True,True,True,True,True
PPO-QP,20260806,322,215.30413944176465,93,23.25,1,1,1,-100.0,77.5,53.75,-100.0,-100.0,0.0,True,True,True,True,True
PPO-QP,20260806,323,238.52992491377512,94,23.5,1,1,1,-100.0,101.25,77.5,-100.0,-100.0,0.0,True,True,True,True,True
PPO-QP,20260806,324,233.4282812239548,92,23.0,1,1,1,-100.0,53.75,30.0,-100.0,-100.0,0.0,True,True,True,True,True
PPO-QP,20260806,325,237.9196071451536,93,23.25,1,1,1,-100.0,77.5,53.75,-100.0,-100.0,0.0,True,True,True,True,True
PPO-QP,20260806,326,231.75263072457548,94,23.5,1,1,1,-100.0,101.25,77.5,-100.0,-100.0,0.0,True,True,True,True,True
PPO-QP,20260806,327,234.1270519664164,93,23.25,1,1,1,-100.0,77.5,53.75,-100.0,-100.0,0.0,True,True,True,True,True
PPO-QP,20260806,328,219.7255970143554,93,23.25,1,1,1,-100.0,77.5,53.75,-100.0,-100.0,0.0,True,True,True,True,True
PPO-QP,20260806,329,214.0656824129812,95,23.75,1,1,1,-100.0,125.0,101.25,-100.0,-100.0,0.0,True,True,True,True,True
PPO-QP,20260806,330,234.545018733044,93,23.25,1,1,1,-100.0,77.5,53.75,-100.0,-100.0,0.0,True,True,True,True,True
PPO-QP,20260806,331,235.11292583245103,92,23.0,1,1,1,-100.0,53.75,30.0,-100.0,-100.0,0.0,True,True,True,True,True
PPO-QP,20260806,332,238.3283253183369,94,23.5,1,1,1,-100.0,101.25,77.5,-100.0,-100.0,0.0,True,True,True,True,True
PPO-QP,20260806,333,240.18793459383824,93,23.25,1,1,1,-100.0,77.5,53.75,-100.0,-100.0,0.0,True,True,True,True,True
PPO-QP,20260806,334,232.4455485275847,93,23.25,1,1,1,-100.0,77.5,53.75,-100.0,-100.0,0.0,True,True,True,True,True
PPO-QP,20260806,335,218.98115070272203,93,23.25,1,1,1,-100.0,77.5,53.75,-100.0,-100.0,0.0,True,True,True,True,True
PPO-QP,20260806,336,212.76041905424572,95,23.75,1,1,1,-100.0,125.0,101.25,-100.0,-100.0,0.0,True,True,True,True,True
PPO-QP,20260806,337,233.51603823191192,92,23.0,1,1,1,-100.0,53.75,30.0,-100.0,-100.0,0.0,True,True,True,True,True
PPO-QP,20260806,338,234.2439593217398,94,23.5,1,1,1,-100.0,101.25,77.5,-100.0,-100.0,0.0,True,True,True,True,True
PPO-QP,20260806,339,234.730287191687,95,23.75,1,1,1,-100.0,125.0,101.25,-100.0,-100.0,0.0,True,True,True,True,True
PPO-QP,20260806,340,236.32717538203136,94,23.5,1,1,1,-100.0,101.25,77.5,-100.0,-100.0,0.0,True,True,True,True,True
PPO-QP,20260806,341,241.53995673982973,92,23.0,1,1,1,-100.0,53.75,30.0,-100.0,-100.0,0.0,True,True,True,True,True
PPO-QP,20260806,342,215.43740791081368,94,23.5,1,1,1,-100.0,101.25,77.5,-100.0,-100.0,0.0,True,True,True,True,True
PPO-QP,20260806,343,212.08854193627232,94,23.5,1,1,1,-100.0,101.25,77.5,-100.0,-100.0,0.0,True,True,True,True,True
PPO-QP,20260806,344,235.9392824277081,95,23.75,1,1,1,-100.0,125.0,101.25,-100.0,-100.0,0.0,True,True,True,True,True
PPO-QP,20260806,345,232.1638574780748,92,23.0,1,1,1,-100.0,53.75,30.0,-100.0,-100.0,0.0,True,True,True,True,True
PPO-QP,20260806,346,235.6524174294877,94,23.5,1,1,1,-100.0,101.25,77.5,-100.0,-100.0,0.0,True,True,True,True,True
PPO-QP,20260806,347,231.54672095026385,93,23.25,1,1,1,-100.0,77.5,53.75,-100.0,-100.0,0.0,True,True,True,True,True
PPO-QP,20260806,348,234.78074041031292,92,23.0,1,1,1,-100.0,53.75,30.0,-100.0,-100.0,0.0,True,True,True,True,True
PPO-QP,20260806,349,211.84635962927229,94,23.5,1,1,1,-100.0,101.25,77.5,-100.0,-100.0,0.0,True,True,True,True,True
PPO-QP,20260806,350,216.1501093794396,94,23.5,1,1,1,-100.0,101.25,77.5,-100.0,-100.0,0.0,True,True,True,True,True
PPO-QP,20260806,351,225.69503621107677,26,6.5,0,0,1,0.0,25.0,25.0,-45.0,0.0,45.0,False,True,False,False,False
PPO-QP,20260806,352,232.74446475683223,93,23.25,1,1,1,-100.0,77.5,53.75,-100.0,-100.0,0.0,True,True,True,True,True
PPO-QP,20260806,353,236.8021230125174,92,23.0,1,1,1,-100.0,53.75,30.0,-100.0,-100.0,0.0,True,True,True,True,True
PPO-QP,20260806,354,239.00249515732867,92,23.0,1,1,1,-100.0,53.75,30.0,-100.0,-100.0,0.0,True,True,True,True,True
PPO-QP,20260806,355,232.55159602868517,95,23.75,1,1,1,-100.0,125.0,101.25,-100.0,-100.0,0.0,True,True,True,True,True
PPO-QP,20260806,356,221.54862842429105,92,23.0,1,1,1,-100.0,53.75,30.0,-100.0,-100.0,0.0,True,True,True,True,True
PPO-QP,20260806,357,216.12692538421672,94,23.5,1,1,1,-100.0,101.25,77.5,-100.0,-100.0,0.0,True,True,True,True,True
PPO-QP,20260806,358,228.9240057936709,94,23.5,1,1,1,-100.0,101.25,77.5,-100.0,-100.0,0.0,True,True,True,True,True
PPO-QP,20260806,359,234.6153935098112,92,23.0,1,1,1,-100.0,53.75,30.0,-100.0,-100.0,0.0,True,True,True,True,True
PPO-QP,20260806,360,234.72661863353895,95,23.75,1,1,1,-100.0,125.0,101.25,-100.0,-100.0,0.0,True,True,True,True,True
PPO-QP,20260806,361,234.7973325483938,95,23.75,1,1,1,-100.0,125.0,101.25,-100.0,-100.0,0.0,True,True,True,True,True
PPO-QP,20260806,362,238.2406940599945,93,23.25,1,1,1,-100.0,77.5,53.75,-100.0,-100.0,0.0,True,True,True,True,True
PPO-QP,20260806,363,214.03357449637767,93,23.25,1,1,1,-100.0,77.5,53.75,-100.0,-100.0,0.0,True,True,True,True,True
PPO-QP,20260806,364,206.9904298424011,93,23.25,1,1,1,-100.0,77.5,53.75,-100.0,-100.0,0.0,True,True,True,True,True
PPO-QP,20260807,300,224.43009720441069,92,23.0,1,1,1,-100.0,53.75,30.0,-100.0,-100.0,0.0,True,True,True,True,True
PPO-QP,20260807,301,218.8373791490767,93,23.25,1,1,1,-100.0,77.5,53.75,-100.0,-100.0,0.0,True,True,True,True,True
PPO-QP,20260807,302,225.22454147232295,93,23.25,1,1,1,-100.0,77.5,53.75,-100.0,-100.0,0.0,True,True,True,True,True
PPO-QP,20260807,303,235.1655210122367,94,23.5,1,1,1,-100.0,101.25,77.5,-100.0,-100.0,0.0,True,True,True,True,True
PPO-QP,20260807,304,229.38825961585144,92,23.0,1,1,1,-100.0,53.75,30.0,-100.0,-100.0,0.0,True,True,True,True,True
PPO-QP,20260807,305,239.836933766746,95,23.75,1,1,1,-100.0,125.0,101.25,-100.0,-100.0,0.0,True,True,True,True,True
PPO-QP,20260807,306,240.97402437499235,93,23.25,1,1,1,-100.0,77.5,53.75,-100.0,-100.0,0.0,True,True,True,True,True
PPO-QP,20260807,307,222.87626183012404,92,23.0,1,1,1,-100.0,53.75,30.0,-100.0,-100.0,0.0,True,True,True,True,True
PPO-QP,20260807,308,211.4901710624468,95,23.75,1,1,1,-100.0,125.0,101.25,-100.0,-100.0,0.0,True,True,True,True,True
PPO-QP,20260807,309,234.74911960332588,92,23.0,1,1,1,-100.0,53.75,30.0,-100.0,-100.0,0.0,True,True,True,True,True
PPO-QP,20260807,310,233.6383203243991,94,23.5,1,1,1,-100.0,101.25,77.5,-100.0,-100.0,0.0,True,True,True,True,True
PPO-QP,20260807,311,234.5458128791917,95,23.75,1,1,1,-100.0,125.0,101.25,-100.0,-100.0,0.0,True,True,True,True,True
PPO-QP,20260807,312,232.9639278115932,93,23.25,1,1,1,-100.0,77.5,53.75,-100.0,-100.0,0.0,True,True,True,True,True
PPO-QP,20260807,313,239.00906887047503,95,23.75,1,1,1,-100.0,125.0,101.25,-100.0,-100.0,0.0,True,True,True,True,True
PPO-QP,20260807,314,215.92101590975312,95,23.75,1,1,1,-100.0,125.0,101.25,-100.0,-100.0,0.0,True,True,True,True,True
PPO-QP,20260807,315,211.22756641903624,95,23.75,1,1,1,-100.0,125.0,101.25,-100.0,-100.0,0.0,True,True,True,True,True
PPO-QP,20260807,316,236.2686244507616,92,23.0,1,1,1,-100.0,53.75,30.0,-100.0,-100.0,0.0,True,True,True,True,True
PPO-QP,20260807,317,237.36524038695688,93,23.25,1,1,1,-100.0,77.5,53.75,-100.0,-100.0,0.0,True,True,True,True,True
PPO-QP,20260807,318,236.87017658159584,94,23.5,1,1,1,-100.0,101.25,77.5,-100.0,-100.0,0.0,True,True,True,True,True
PPO-QP,20260807,319,239.8372915833472,95,23.75,1,1,1,-100.0,125.0,101.25,-100.0,-100.0,0.0,True,True,True,True,True
PPO-QP,20260807,320,237.51855485981065,95,23.75,1,1,1,-100.0,125.0,101.25,-100.0,-100.0,0.0,True,True,True,True,True
PPO-QP,20260807,321,220.94332029602884,93,23.25,1,1,1,-100.0,77.5,53.75,-100.0,-100.0,0.0,True,True,True,True,True
PPO-QP,20260807,322,215.30413944176465,93,23.25,1,1,1,-100.0,77.5,53.75,-100.0,-100.0,0.0,True,True,True,True,True
PPO-QP,20260807,323,238.52992491377512,94,23.5,1,1,1,-100.0,101.25,77.5,-100.0,-100.0,0.0,True,True,True,True,True
PPO-QP,20260807,324,233.4282812239548,92,23.0,1,1,1,-100.0,53.75,30.0,-100.0,-100.0,0.0,True,True,True,True,True
PPO-QP,20260807,325,237.9196071451536,93,23.25,1,1,1,-100.0,77.5,53.75,-100.0,-100.0,0.0,True,True,True,True,True
PPO-QP,20260807,326,231.75263072457548,94,23.5,1,1,1,-100.0,101.25,77.5,-100.0,-100.0,0.0,True,True,True,True,True
PPO-QP,20260807,327,234.1270519664164,93,23.25,1,1,1,-100.0,77.5,53.75,-100.0,-100.0,0.0,True,True,True,True,True
PPO-QP,20260807,328,219.7255970143554,93,23.25,1,1,1,-100.0,77.5,53.75,-100.0,-100.0,0.0,True,True,True,True,True
PPO-QP,20260807,329,214.06568241298768,95,23.75,1,1,1,-100.0,125.0,101.25,-100.0,-100.0,0.0,True,True,True,True,True
PPO-QP,20260807,330,234.545018733044,93,23.25,1,1,1,-100.0,77.5,53.75,-100.0,-100.0,0.0,True,True,True,True,True
PPO-QP,20260807,331,235.11292583245103,92,23.0,1,1,1,-100.0,53.75,30.0,-100.0,-100.0,0.0,True,True,True,True,True
PPO-QP,20260807,332,238.3283253183369,94,23.5,1,1,1,-100.0,101.25,77.5,-100.0,-100.0,0.0,True,True,True,True,True
PPO-QP,20260807,333,240.18793459383824,93,23.25,1,1,1,-100.0,77.5,53.75,-100.0,-100.0,0.0,True,True,True,True,True
PPO-QP,20260807,334,232.4455485275847,93,23.25,1,1,1,-100.0,77.5,53.75,-100.0,-100.0,0.0,True,True,True,True,True
PPO-QP,20260807,335,218.98115070272203,93,23.25,1,1,1,-100.0,77.5,53.75,-100.0,-100.0,0.0,True,True,True,True,True
PPO-QP,20260807,336,212.76041905425927,95,23.75,1,1,1,-100.0,125.0,101.25,-100.0,-100.0,0.0,True,True,True,True,True
PPO-QP,20260807,337,233.51603823191192,92,23.0,1,1,1,-100.0,53.75,30.0,-100.0,-100.0,0.0,True,True,True,True,True
PPO-QP,20260807,338,234.2439593217398,94,23.5,1,1,1,-100.0,101.25,77.5,-100.0,-100.0,0.0,True,True,True,True,True
PPO-QP,20260807,339,234.73028719168167,95,23.75,1,1,1,-100.0,125.0,101.25,-100.0,-100.0,0.0,True,True,True,True,True
PPO-QP,20260807,340,236.32717538203136,94,23.5,1,1,1,-100.0,101.25,77.5,-100.0,-100.0,0.0,True,True,True,True,True
PPO-QP,20260807,341,241.53995673982973,92,23.0,1,1,1,-100.0,53.75,30.0,-100.0,-100.0,0.0,True,True,True,True,True
PPO-QP,20260807,342,215.43740791081368,94,23.5,1,1,1,-100.0,101.25,77.5,-100.0,-100.0,0.0,True,True,True,True,True
PPO-QP,20260807,343,212.08854193627232,94,23.5,1,1,1,-100.0,101.25,77.5,-100.0,-100.0,0.0,True,True,True,True,True
PPO-QP,20260807,344,235.93928242771528,95,23.75,1,1,1,-100.0,125.0,101.25,-100.0,-100.0,0.0,True,True,True,True,True
PPO-QP,20260807,345,232.1638574780748,92,23.0,1,1,1,-100.0,53.75,30.0,-100.0,-100.0,0.0,True,True,True,True,True
PPO-QP,20260807,346,235.6524174294877,94,23.5,1,1,1,-100.0,101.25,77.5,-100.0,-100.0,0.0,True,True,True,True,True
PPO-QP,20260807,347,231.54672095026385,93,23.25,1,1,1,-100.0,77.5,53.75,-100.0,-100.0,0.0,True,True,True,True,True
PPO-QP,20260807,348,234.78074041031292,92,23.0,1,1,1,-100.0,53.75,30.0,-100.0,-100.0,0.0,True,True,True,True,True
PPO-QP,20260807,349,211.84635962927229,94,23.5,1,1,1,-100.0,101.25,77.5,-100.0,-100.0,0.0,True,True,True,True,True
PPO-QP,20260807,350,216.1501093794396,94,23.5,1,1,1,-100.0,101.25,77.5,-100.0,-100.0,0.0,True,True,True,True,True
PPO-QP,20260807,351,225.69503621108169,26,6.5,0,0,1,0.0,25.0,25.0,-45.0,0.0,45.0,False,True,False,False,False
PPO-QP,20260807,352,232.74446475683223,93,23.25,1,1,1,-100.0,77.5,53.75,-100.0,-100.0,0.0,True,True,True,True,True
PPO-QP,20260807,353,236.8021230125174,92,23.0,1,1,1,-100.0,53.75,30.0,-100.0,-100.0,0.0,True,True,True,True,True
PPO-QP,20260807,354,239.00249515732867,92,23.0,1,1,1,-100.0,53.75,30.0,-100.0,-100.0,0.0,True,True,True,True,True
PPO-QP,20260807,355,232.55159602869605,95,23.75,1,1,1,-100.0,125.0,101.25,-100.0,-100.0,0.0,True,True,True,True,True
PPO-QP,20260807,356,221.54862842429105,92,23.0,1,1,1,-100.0,53.75,30.0,-100.0,-100.0,0.0,True,True,True,True,True
PPO-QP,20260807,357,216.12692538421672,94,23.5,1,1,1,-100.0,101.25,77.5,-100.0,-100.0,0.0,True,True,True,True,True
PPO-QP,20260807,358,228.9240057936709,94,23.5,1,1,1,-100.0,101.25,77.5,-100.0,-100.0,0.0,True,True,True,True,True
PPO-QP,20260807,359,234.6153935098112,92,23.0,1,1,1,-100.0,53.75,30.0,-100.0,-100.0,0.0,True,True,True,True,True
PPO-QP,20260807,360,234.72661863355444,95,23.75,1,1,1,-100.0,125.0,101.25,-100.0,-100.0,0.0,True,True,True,True,True
PPO-QP,20260807,361,234.79733254839653,95,23.75,1,1,1,-100.0,125.0,101.25,-100.0,-100.0,0.0,True,True,True,True,True
PPO-QP,20260807,362,238.2406940599945,93,23.25,1,1,1,-100.0,77.5,53.75,-100.0,-100.0,0.0,True,True,True,True,True
PPO-QP,20260807,363,214.03357449637767,93,23.25,1,1,1,-100.0,77.5,53.75,-100.0,-100.0,0.0,True,True,True,True,True
PPO-QP,20260807,364,206.9904298424011,93,23.25,1,1,1,-100.0,77.5,53.75,-100.0,-100.0,0.0,True,True,True,True,True
PPO-QP,20260808,300,224.43009720441069,92,23.0,1,1,1,-100.0,53.75,30.0,-100.0,-100.0,0.0,True,True,True,True,True
PPO-QP,20260808,301,218.8373791490767,93,23.25,1,1,1,-100.0,77.5,53.75,-100.0,-100.0,0.0,True,True,True,True,True
PPO-QP,20260808,302,225.22454147232295,93,23.25,1,1,1,-100.0,77.5,53.75,-100.0,-100.0,0.0,True,True,True,True,True
PPO-QP,20260808,303,235.1655210122367,94,23.5,1,1,1,-100.0,101.25,77.5,-100.0,-100.0,0.0,True,True,True,True,True
PPO-QP,20260808,304,229.38825961585144,92,23.0,1,1,1,-100.0,53.75,30.0,-100.0,-100.0,0.0,True,True,True,True,True
PPO-QP,20260808,305,239.83693376555465,95,23.75,1,1,1,-100.0,125.0,101.25,-100.0,-100.0,0.0,True,True,True,True,True
PPO-QP,20260808,306,240.97402437499235,93,23.25,1,1,1,-100.0,77.5,53.75,-100.0,-100.0,0.0,True,True,True,True,True
PPO-QP,20260808,307,222.87626183012404,92,23.0,1,1,1,-100.0,53.75,30.0,-100.0,-100.0,0.0,True,True,True,True,True
PPO-QP,20260808,308,211.49017106123995,95,23.75,1,1,1,-100.0,125.0,101.25,-100.0,-100.0,0.0,True,True,True,True,True
PPO-QP,20260808,309,234.74911960332588,92,23.0,1,1,1,-100.0,53.75,30.0,-100.0,-100.0,0.0,True,True,True,True,True
PPO-QP,20260808,310,233.6383203243991,94,23.5,1,1,1,-100.0,101.25,77.5,-100.0,-100.0,0.0,True,True,True,True,True
PPO-QP,20260808,311,234.5458128779822,95,23.75,1,1,1,-100.0,125.0,101.25,-100.0,-100.0,0.0,True,True,True,True,True
PPO-QP,20260808,312,232.9639278115932,93,23.25,1,1,1,-100.0,77.5,53.75,-100.0,-100.0,0.0,True,True,True,True,True
PPO-QP,20260808,313,239.00906886926356,95,23.75,1,1,1,-100.0,125.0,101.25,-100.0,-100.0,0.0,True,True,True,True,True
PPO-QP,20260808,314,215.92101590854168,95,23.75,1,1,1,-100.0,125.0,101.25,-100.0,-100.0,0.0,True,True,True,True,True
PPO-QP,20260808,315,211.22756641901788,95,23.75,1,1,1,-100.0,125.0,101.25,-100.0,-100.0,0.0,True,True,True,True,True
PPO-QP,20260808,316,236.2686244507616,92,23.0,1,1,1,-100.0,53.75,30.0,-100.0,-100.0,0.0,True,True,True,True,True
PPO-QP,20260808,317,237.36524038695688,93,23.25,1,1,1,-100.0,77.5,53.75,-100.0,-100.0,0.0,True,True,True,True,True
PPO-QP,20260808,318,236.87017658159584,94,23.5,1,1,1,-100.0,101.25,77.5,-100.0,-100.0,0.0,True,True,True,True,True
PPO-QP,20260808,319,239.83729158214396,95,23.75,1,1,1,-100.0,125.0,101.25,-100.0,-100.0,0.0,True,True,True,True,True
PPO-QP,20260808,320,237.518554858602,95,23.75,1,1,1,-100.0,125.0,101.25,-100.0,-100.0,0.0,True,True,True,True,True
PPO-QP,20260808,321,220.94332029602884,93,23.25,1,1,1,-100.0,77.5,53.75,-100.0,-100.0,0.0,True,True,True,True,True
PPO-QP,20260808,322,215.30413944176465,93,23.25,1,1,1,-100.0,77.5,53.75,-100.0,-100.0,0.0,True,True,True,True,True
PPO-QP,20260808,323,238.52992491377512,94,23.5,1,1,1,-100.0,101.25,77.5,-100.0,-100.0,0.0,True,True,True,True,True
PPO-QP,20260808,324,233.4282812239548,92,23.0,1,1,1,-100.0,53.75,30.0,-100.0,-100.0,0.0,True,True,True,True,True
PPO-QP,20260808,325,237.9196071451536,93,23.25,1,1,1,-100.0,77.5,53.75,-100.0,-100.0,0.0,True,True,True,True,True
PPO-QP,20260808,326,231.75263072457548,94,23.5,1,1,1,-100.0,101.25,77.5,-100.0,-100.0,0.0,True,True,True,True,True
PPO-QP,20260808,327,234.1270519664164,93,23.25,1,1,1,-100.0,77.5,53.75,-100.0,-100.0,0.0,True,True,True,True,True
PPO-QP,20260808,328,219.7255970143554,93,23.25,1,1,1,-100.0,77.5,53.75,-100.0,-100.0,0.0,True,True,True,True,True
PPO-QP,20260808,329,214.06568241178343,95,23.75,1,1,1,-100.0,125.0,101.25,-100.0,-100.0,0.0,True,True,True,True,True
PPO-QP,20260808,330,234.545018733044,93,23.25,1,1,1,-100.0,77.5,53.75,-100.0,-100.0,0.0,True,True,True,True,True
PPO-QP,20260808,331,235.11292583245103,92,23.0,1,1,1,-100.0,53.75,30.0,-100.0,-100.0,0.0,True,True,True,True,True
PPO-QP,20260808,332,238.3283253183369,94,23.5,1,1,1,-100.0,101.25,77.5,-100.0,-100.0,0.0,True,True,True,True,True
PPO-QP,20260808,333,240.18793459383824,93,23.25,1,1,1,-100.0,77.5,53.75,-100.0,-100.0,0.0,True,True,True,True,True
PPO-QP,20260808,334,232.4455485275847,93,23.25,1,1,1,-100.0,77.5,53.75,-100.0,-100.0,0.0,True,True,True,True,True
PPO-QP,20260808,335,218.98115070272203,93,23.25,1,1,1,-100.0,77.5,53.75,-100.0,-100.0,0.0,True,True,True,True,True
PPO-QP,20260808,336,212.76041905304788,95,23.75,1,1,1,-100.0,125.0,101.25,-100.0,-100.0,0.0,True,True,True,True,True
PPO-QP,20260808,337,233.51603823191192,92,23.0,1,1,1,-100.0,53.75,30.0,-100.0,-100.0,0.0,True,True,True,True,True
PPO-QP,20260808,338,234.2439593217398,94,23.5,1,1,1,-100.0,101.25,77.5,-100.0,-100.0,0.0,True,True,True,True,True
PPO-QP,20260808,339,234.73028719048915,95,23.75,1,1,1,-100.0,125.0,101.25,-100.0,-100.0,0.0,True,True,True,True,True
PPO-QP,20260808,340,236.32717538203136,94,23.5,1,1,1,-100.0,101.25,77.5,-100.0,-100.0,0.0,True,True,True,True,True
PPO-QP,20260808,341,241.53995673982973,92,23.0,1,1,1,-100.0,53.75,30.0,-100.0,-100.0,0.0,True,True,True,True,True
PPO-QP,20260808,342,215.43740791081368,94,23.5,1,1,1,-100.0,101.25,77.5,-100.0,-100.0,0.0,True,True,True,True,True
PPO-QP,20260808,343,212.08854193627232,94,23.5,1,1,1,-100.0,101.25,77.5,-100.0,-100.0,0.0,True,True,True,True,True
PPO-QP,20260808,344,235.939282427725,95,23.75,1,1,1,-100.0,125.0,101.25,-100.0,-100.0,0.0,True,True,True,True,True
PPO-QP,20260808,345,232.1638574780748,92,23.0,1,1,1,-100.0,53.75,30.0,-100.0,-100.0,0.0,True,True,True,True,True
PPO-QP,20260808,346,235.6524174294877,94,23.5,1,1,1,-100.0,101.25,77.5,-100.0,-100.0,0.0,True,True,True,True,True
PPO-QP,20260808,347,231.54672095026385,93,23.25,1,1,1,-100.0,77.5,53.75,-100.0,-100.0,0.0,True,True,True,True,True
PPO-QP,20260808,348,234.78074041031292,92,23.0,1,1,1,-100.0,53.75,30.0,-100.0,-100.0,0.0,True,True,True,True,True
PPO-QP,20260808,349,211.84635962927229,94,23.5,1,1,1,-100.0,101.25,77.5,-100.0,-100.0,0.0,True,True,True,True,True
PPO-QP,20260808,350,216.1501093794396,94,23.5,1,1,1,-100.0,101.25,77.5,-100.0,-100.0,0.0,True,True,True,True,True
PPO-QP,20260808,351,225.69503621107677,26,6.5,0,0,1,0.0,25.0,25.0,-45.0,0.0,45.0,False,True,False,False,False
PPO-QP,20260808,352,232.74446475683223,93,23.25,1,1,1,-100.0,77.5,53.75,-100.0,-100.0,0.0,True,True,True,True,True
PPO-QP,20260808,353,236.8021230125174,92,23.0,1,1,1,-100.0,53.75,30.0,-100.0,-100.0,0.0,True,True,True,True,True
PPO-QP,20260808,354,239.00249515732867,92,23.0,1,1,1,-100.0,53.75,30.0,-100.0,-100.0,0.0,True,True,True,True,True
PPO-QP,20260808,355,232.5515960274857,95,23.75,1,1,1,-100.0,125.0,101.25,-100.0,-100.0,0.0,True,True,True,True,True
PPO-QP,20260808,356,221.54862842429105,92,23.0,1,1,1,-100.0,53.75,30.0,-100.0,-100.0,0.0,True,True,True,True,True
PPO-QP,20260808,357,216.12692538421672,94,23.5,1,1,1,-100.0,101.25,77.5,-100.0,-100.0,0.0,True,True,True,True,True
PPO-QP,20260808,358,228.9240057936709,94,23.5,1,1,1,-100.0,101.25,77.5,-100.0,-100.0,0.0,True,True,True,True,True
PPO-QP,20260808,359,234.6153935098112,92,23.0,1,1,1,-100.0,53.75,30.0,-100.0,-100.0,0.0,True,True,True,True,True
PPO-QP,20260808,360,234.72661863234424,95,23.75,1,1,1,-100.0,125.0,101.25,-100.0,-100.0,0.0,True,True,True,True,True
PPO-QP,20260808,361,234.79733254719795,95,23.75,1,1,1,-100.0,125.0,101.25,-100.0,-100.0,0.0,True,True,True,True,True
PPO-QP,20260808,362,238.2406940599945,93,23.25,1,1,1,-100.0,77.5,53.75,-100.0,-100.0,0.0,True,True,True,True,True
PPO-QP,20260808,363,214.03357449637767,93,23.25,1,1,1,-100.0,77.5,53.75,-100.0,-100.0,0.0,True,True,True,True,True
PPO-QP,20260808,364,206.9904298424011,93,23.25,1,1,1,-100.0,77.5,53.75,-100.0,-100.0,0.0,True,True,True,True,True
PPO-QP,20260809,300,224.43009720441069,92,23.0,1,1,1,-100.0,53.75,30.0,-100.0,-100.0,0.0,True,True,True,True,True
PPO-QP,20260809,301,218.8373791490767,93,23.25,1,1,1,-100.0,77.5,53.75,-100.0,-100.0,0.0,True,True,True,True,True
PPO-QP,20260809,302,225.22454147232295,93,23.25,1,1,1,-100.0,77.5,53.75,-100.0,-100.0,0.0,True,True,True,True,True
PPO-QP,20260809,303,235.1655210122367,94,23.5,1,1,1,-100.0,101.25,77.5,-100.0,-100.0,0.0,True,True,True,True,True
PPO-QP,20260809,304,229.38825961585144,92,23.0,1,1,1,-100.0,53.75,30.0,-100.0,-100.0,0.0,True,True,True,True,True
PPO-QP,20260809,305,239.83693376673463,95,23.75,1,1,1,-100.0,125.0,101.25,-100.0,-100.0,0.0,True,True,True,True,True
PPO-QP,20260809,306,240.97402437499235,93,23.25,1,1,1,-100.0,77.5,53.75,-100.0,-100.0,0.0,True,True,True,True,True
PPO-QP,20260809,307,222.87626183012404,92,23.0,1,1,1,-100.0,53.75,30.0,-100.0,-100.0,0.0,True,True,True,True,True
PPO-QP,20260809,308,211.4901710624434,95,23.75,1,1,1,-100.0,125.0,101.25,-100.0,-100.0,0.0,True,True,True,True,True
PPO-QP,20260809,309,234.74911960332588,92,23.0,1,1,1,-100.0,53.75,30.0,-100.0,-100.0,0.0,True,True,True,True,True
PPO-QP,20260809,310,233.6383203243991,94,23.5,1,1,1,-100.0,101.25,77.5,-100.0,-100.0,0.0,True,True,True,True,True
PPO-QP,20260809,311,234.54581287917568,95,23.75,1,1,1,-100.0,125.0,101.25,-100.0,-100.0,0.0,True,True,True,True,True
PPO-QP,20260809,312,232.9639278115932,93,23.25,1,1,1,-100.0,77.5,53.75,-100.0,-100.0,0.0,True,True,True,True,True
PPO-QP,20260809,313,239.009068870453,95,23.75,1,1,1,-100.0,125.0,101.25,-100.0,-100.0,0.0,True,True,True,True,True
PPO-QP,20260809,314,215.9210159097437,95,23.75,1,1,1,-100.0,125.0,101.25,-100.0,-100.0,0.0,True,True,True,True,True
PPO-QP,20260809,315,211.22756641901023,95,23.75,1,1,1,-100.0,125.0,101.25,-100.0,-100.0,0.0,True,True,True,True,True
PPO-QP,20260809,316,236.2686244507616,92,23.0,1,1,1,-100.0,53.75,30.0,-100.0,-100.0,0.0,True,True,True,True,True
PPO-QP,20260809,317,237.36524038695688,93,23.25,1,1,1,-100.0,77.5,53.75,-100.0,-100.0,0.0,True,True,True,True,True
PPO-QP,20260809,318,236.87017658159584,94,23.5,1,1,1,-100.0,101.25,77.5,-100.0,-100.0,0.0,True,True,True,True,True
PPO-QP,20260809,319,239.83729158334089,95,23.75,1,1,1,-100.0,125.0,101.25,-100.0,-100.0,0.0,True,True,True,True,True
PPO-QP,20260809,320,237.5185548597907,95,23.75,1,1,1,-100.0,125.0,101.25,-100.0,-100.0,0.0,True,True,True,True,True
PPO-QP,20260809,321,220.94332029602884,93,23.25,1,1,1,-100.0,77.5,53.75,-100.0,-100.0,0.0,True,True,True,True,True
PPO-QP,20260809,322,215.30413944176465,93,23.25,1,1,1,-100.0,77.5,53.75,-100.0,-100.0,0.0,True,True,True,True,True
PPO-QP,20260809,323,238.52992491377512,94,23.5,1,1,1,-100.0,101.25,77.5,-100.0,-100.0,0.0,True,True,True,True,True
PPO-QP,20260809,324,233.4282812239548,92,23.0,1,1,1,-100.0,53.75,30.0,-100.0,-100.0,0.0,True,True,True,True,True
PPO-QP,20260809,325,237.9196071451536,93,23.25,1,1,1,-100.0,77.5,53.75,-100.0,-100.0,0.0,True,True,True,True,True
PPO-QP,20260809,326,231.75263072457548,94,23.5,1,1,1,-100.0,101.25,77.5,-100.0,-100.0,0.0,True,True,True,True,True
PPO-QP,20260809,327,234.1270519664164,93,23.25,1,1,1,-100.0,77.5,53.75,-100.0,-100.0,0.0,True,True,True,True,True
PPO-QP,20260809,328,219.7255970143554,93,23.25,1,1,1,-100.0,77.5,53.75,-100.0,-100.0,0.0,True,True,True,True,True
PPO-QP,20260809,329,214.0656824129794,95,23.75,1,1,1,-100.0,125.0,101.25,-100.0,-100.0,0.0,True,True,True,True,True
PPO-QP,20260809,330,234.545018733044,93,23.25,1,1,1,-100.0,77.5,53.75,-100.0,-100.0,0.0,True,True,True,True,True
PPO-QP,20260809,331,235.11292583245103,92,23.0,1,1,1,-100.0,53.75,30.0,-100.0,-100.0,0.0,True,True,True,True,True
PPO-QP,20260809,332,238.3283253183369,94,23.5,1,1,1,-100.0,101.25,77.5,-100.0,-100.0,0.0,True,True,True,True,True
PPO-QP,20260809,333,240.18793459383824,93,23.25,1,1,1,-100.0,77.5,53.75,-100.0,-100.0,0.0,True,True,True,True,True
PPO-QP,20260809,334,232.4455485275847,93,23.25,1,1,1,-100.0,77.5,53.75,-100.0,-100.0,0.0,True,True,True,True,True
PPO-QP,20260809,335,218.98115070272203,93,23.25,1,1,1,-100.0,77.5,53.75,-100.0,-100.0,0.0,True,True,True,True,True
PPO-QP,20260809,336,212.76041905424387,95,23.75,1,1,1,-100.0,125.0,101.25,-100.0,-100.0,0.0,True,True,True,True,True
PPO-QP,20260809,337,233.51603823191192,92,23.0,1,1,1,-100.0,53.75,30.0,-100.0,-100.0,0.0,True,True,True,True,True
PPO-QP,20260809,338,234.2439593217398,94,23.5,1,1,1,-100.0,101.25,77.5,-100.0,-100.0,0.0,True,True,True,True,True
PPO-QP,20260809,339,234.730287191692,95,23.75,1,1,1,-100.0,125.0,101.25,-100.0,-100.0,0.0,True,True,True,True,True
PPO-QP,20260809,340,236.32717538203136,94,23.5,1,1,1,-100.0,101.25,77.5,-100.0,-100.0,0.0,True,True,True,True,True
PPO-QP,20260809,341,241.53995673982973,92,23.0,1,1,1,-100.0,53.75,30.0,-100.0,-100.0,0.0,True,True,True,True,True
PPO-QP,20260809,342,215.43740791081368,94,23.5,1,1,1,-100.0,101.25,77.5,-100.0,-100.0,0.0,True,True,True,True,True
PPO-QP,20260809,343,212.08854193627232,94,23.5,1,1,1,-100.0,101.25,77.5,-100.0,-100.0,0.0,True,True,True,True,True
PPO-QP,20260809,344,235.93928242770545,95,23.75,1,1,1,-100.0,125.0,101.25,-100.0,-100.0,0.0,True,True,True,True,True
PPO-QP,20260809,345,232.1638574780748,92,23.0,1,1,1,-100.0,53.75,30.0,-100.0,-100.0,0.0,True,True,True,True,True
PPO-QP,20260809,346,235.6524174294877,94,23.5,1,1,1,-100.0,101.25,77.5,-100.0,-100.0,0.0,True,True,True,True,True
PPO-QP,20260809,347,231.54672095026385,93,23.25,1,1,1,-100.0,77.5,53.75,-100.0,-100.0,0.0,True,True,True,True,True
PPO-QP,20260809,348,234.78074041031292,92,23.0,1,1,1,-100.0,53.75,30.0,-100.0,-100.0,0.0,True,True,True,True,True
PPO-QP,20260809,349,211.84635962927229,94,23.5,1,1,1,-100.0,101.25,77.5,-100.0,-100.0,0.0,True,True,True,True,True
PPO-QP,20260809,350,216.1501093794396,94,23.5,1,1,1,-100.0,101.25,77.5,-100.0,-100.0,0.0,True,True,True,True,True
PPO-QP,20260809,351,225.69503621107677,26,6.5,0,0,1,0.0,25.0,25.0,-45.0,0.0,45.0,False,True,False,False,False
PPO-QP,20260809,352,232.74446475683223,93,23.25,1,1,1,-100.0,77.5,53.75,-100.0,-100.0,0.0,True,True,True,True,True
PPO-QP,20260809,353,236.8021230125174,92,23.0,1,1,1,-100.0,53.75,30.0,-100.0,-100.0,0.0,True,True,True,True,True
PPO-QP,20260809,354,239.00249515732867,92,23.0,1,1,1,-100.0,53.75,30.0,-100.0,-100.0,0.0,True,True,True,True,True
PPO-QP,20260809,355,232.55159602868355,95,23.75,1,1,1,-100.0,125.0,101.25,-100.0,-100.0,0.0,True,True,True,True,True
PPO-QP,20260809,356,221.54862842429105,92,23.0,1,1,1,-100.0,53.75,30.0,-100.0,-100.0,0.0,True,True,True,True,True
PPO-QP,20260809,357,216.12692538421672,94,23.5,1,1,1,-100.0,101.25,77.5,-100.0,-100.0,0.0,True,True,True,True,True
PPO-QP,20260809,358,228.9240057936709,94,23.5,1,1,1,-100.0,101.25,77.5,-100.0,-100.0,0.0,True,True,True,True,True
PPO-QP,20260809,359,234.6153935098112,92,23.0,1,1,1,-100.0,53.75,30.0,-100.0,-100.0,0.0,True,True,True,True,True
PPO-QP,20260809,360,234.72661863354068,95,23.75,1,1,1,-100.0,125.0,101.25,-100.0,-100.0,0.0,True,True,True,True,True
PPO-QP,20260809,361,234.7973325483768,95,23.75,1,1,1,-100.0,125.0,101.25,-100.0,-100.0,0.0,True,True,True,True,True
PPO-QP,20260809,362,238.2406940599945,93,23.25,1,1,1,-100.0,77.5,53.75,-100.0,-100.0,0.0,True,True,True,True,True
PPO-QP,20260809,363,214.03357449637767,93,23.25,1,1,1,-100.0,77.5,53.75,-100.0,-100.0,0.0,True,True,True,True,True
PPO-QP,20260809,364,206.9904298424011,93,23.25,1,1,1,-100.0,77.5,53.75,-100.0,-100.0,0.0,True,True,True,True,True
PPO-QP-no-penalty,20260805,300,224.43009720441069,92,23.0,1,1,1,-100.0,53.75,30.0,-100.0,-100.0,0.0,True,True,True,True,True
PPO-QP-no-penalty,20260805,301,218.8373791490767,93,23.25,1,1,1,-100.0,77.5,53.75,-100.0,-100.0,0.0,True,True,True,True,True
PPO-QP-no-penalty,20260805,302,225.22454147232295,93,23.25,1,1,1,-100.0,77.5,53.75,-100.0,-100.0,0.0,True,True,True,True,True
PPO-QP-no-penalty,20260805,303,235.1655210122367,94,23.5,1,1,1,-100.0,101.25,77.5,-100.0,-100.0,0.0,True,True,True,True,True
PPO-QP-no-penalty,20260805,304,229.38825961585144,92,23.0,1,1,1,-100.0,53.75,30.0,-100.0,-100.0,0.0,True,True,True,True,True
PPO-QP-no-penalty,20260805,305,239.83693376675,95,23.75,1,1,1,-100.0,125.0,101.25,-100.0,-100.0,0.0,True,True,True,True,True
PPO-QP-no-penalty,20260805,306,240.97402437499235,93,23.25,1,1,1,-100.0,77.5,53.75,-100.0,-100.0,0.0,True,True,True,True,True
PPO-QP-no-penalty,20260805,307,222.87626183012404,92,23.0,1,1,1,-100.0,53.75,30.0,-100.0,-100.0,0.0,True,True,True,True,True
PPO-QP-no-penalty,20260805,308,211.49017106244943,95,23.75,1,1,1,-100.0,125.0,101.25,-100.0,-100.0,0.0,True,True,True,True,True
PPO-QP-no-penalty,20260805,309,234.74911960332588,92,23.0,1,1,1,-100.0,53.75,30.0,-100.0,-100.0,0.0,True,True,True,True,True
PPO-QP-no-penalty,20260805,310,233.6383203243991,94,23.5,1,1,1,-100.0,101.25,77.5,-100.0,-100.0,0.0,True,True,True,True,True
PPO-QP-no-penalty,20260805,311,234.54581287917853,95,23.75,1,1,1,-100.0,125.0,101.25,-100.0,-100.0,0.0,True,True,True,True,True
PPO-QP-no-penalty,20260805,312,232.9639278115932,93,23.25,1,1,1,-100.0,77.5,53.75,-100.0,-100.0,0.0,True,True,True,True,True
PPO-QP-no-penalty,20260805,313,239.00906887046528,95,23.75,1,1,1,-100.0,125.0,101.25,-100.0,-100.0,0.0,True,True,True,True,True
PPO-QP-no-penalty,20260805,314,215.92101590975,95,23.75,1,1,1,-100.0,125.0,101.25,-100.0,-100.0,0.0,True,True,True,True,True
PPO-QP-no-penalty,20260805,315,211.22756641902575,95,23.75,1,1,1,-100.0,125.0,101.25,-100.0,-100.0,0.0,True,True,True,True,True
PPO-QP-no-penalty,20260805,316,236.2686244507616,92,23.0,1,1,1,-100.0,53.75,30.0,-100.0,-100.0,0.0,True,True,True,True,True
PPO-QP-no-penalty,20260805,317,237.36524038695688,93,23.25,1,1,1,-100.0,77.5,53.75,-100.0,-100.0,0.0,True,True,True,True,True
PPO-QP-no-penalty,20260805,318,236.87017658159584,94,23.5,1,1,1,-100.0,101.25,77.5,-100.0,-100.0,0.0,True,True,True,True,True
PPO-QP-no-penalty,20260805,319,239.8372915833501,95,23.75,1,1,1,-100.0,125.0,101.25,-100.0,-100.0,0.0,True,True,True,True,True
PPO-QP-no-penalty,20260805,320,237.5185548598008,95,23.75,1,1,1,-100.0,125.0,101.25,-100.0,-100.0,0.0,True,True,True,True,True
PPO-QP-no-penalty,20260805,321,220.94332029602884,93,23.25,1,1,1,-100.0,77.5,53.75,-100.0,-100.0,0.0,True,True,True,True,True
PPO-QP-no-penalty,20260805,322,215.30413944176465,93,23.25,1,1,1,-100.0,77.5,53.75,-100.0,-100.0,0.0,True,True,True,True,True
PPO-QP-no-penalty,20260805,323,238.52992491377512,94,23.5,1,1,1,-100.0,101.25,77.5,-100.0,-100.0,0.0,True,True,True,True,True
PPO-QP-no-penalty,20260805,324,233.4282812239548,92,23.0,1,1,1,-100.0,53.75,30.0,-100.0,-100.0,0.0,True,True,True,True,True
PPO-QP-no-penalty,20260805,325,237.9196071451536,93,23.25,1,1,1,-100.0,77.5,53.75,-100.0,-100.0,0.0,True,True,True,True,True
PPO-QP-no-penalty,20260805,326,231.75263072457548,94,23.5,1,1,1,-100.0,101.25,77.5,-100.0,-100.0,0.0,True,True,True,True,True
PPO-QP-no-penalty,20260805,327,234.1270519664164,93,23.25,1,1,1,-100.0,77.5,53.75,-100.0,-100.0,0.0,True,True,True,True,True
PPO-QP-no-penalty,20260805,328,219.7255970143554,93,23.25,1,1,1,-100.0,77.5,53.75,-100.0,-100.0,0.0,True,True,True,True,True
PPO-QP-no-penalty,20260805,329,214.0656824129884,95,23.75,1,1,1,-100.0,125.0,101.25,-100.0,-100.0,0.0,True,True,True,True,True
PPO-QP-no-penalty,20260805,330,234.545018733044,93,23.25,1,1,1,-100.0,77.5,53.75,-100.0,-100.0,0.0,True,True,True,True,True
PPO-QP-no-penalty,20260805,331,235.11292583245103,92,23.0,1,1,1,-100.0,53.75,30.0,-100.0,-100.0,0.0,True,True,True,True,True
PPO-QP-no-penalty,20260805,332,238.3283253183369,94,23.5,1,1,1,-100.0,101.25,77.5,-100.0,-100.0,0.0,True,True,True,True,True
PPO-QP-no-penalty,20260805,333,240.18793459383824,93,23.25,1,1,1,-100.0,77.5,53.75,-100.0,-100.0,0.0,True,True,True,True,True
PPO-QP-no-penalty,20260805,334,232.4455485275847,93,23.25,1,1,1,-100.0,77.5,53.75,-100.0,-100.0,0.0,True,True,True,True,True
PPO-QP-no-penalty,20260805,335,218.98115070272203,93,23.25,1,1,1,-100.0,77.5,53.75,-100.0,-100.0,0.0,True,True,True,True,True
PPO-QP-no-penalty,20260805,336,212.76041905424796,95,23.75,1,1,1,-100.0,125.0,101.25,-100.0,-100.0,0.0,True,True,True,True,True
PPO-QP-no-penalty,20260805,337,233.51603823191192,92,23.0,1,1,1,-100.0,53.75,30.0,-100.0,-100.0,0.0,True,True,True,True,True
PPO-QP-no-penalty,20260805,338,234.2439593217398,94,23.5,1,1,1,-100.0,101.25,77.5,-100.0,-100.0,0.0,True,True,True,True,True
PPO-QP-no-penalty,20260805,339,234.7302871916976,95,23.75,1,1,1,-100.0,125.0,101.25,-100.0,-100.0,0.0,True,True,True,True,True
PPO-QP-no-penalty,20260805,340,236.32717538203136,94,23.5,1,1,1,-100.0,101.25,77.5,-100.0,-100.0,0.0,True,True,True,True,True
PPO-QP-no-penalty,20260805,341,241.53995673982973,92,23.0,1,1,1,-100.0,53.75,30.0,-100.0,-100.0,0.0,True,True,True,True,True
PPO-QP-no-penalty,20260805,342,215.43740791081368,94,23.5,1,1,1,-100.0,101.25,77.5,-100.0,-100.0,0.0,True,True,True,True,True
PPO-QP-no-penalty,20260805,343,212.08854193627232,94,23.5,1,1,1,-100.0,101.25,77.5,-100.0,-100.0,0.0,True,True,True,True,True
PPO-QP-no-penalty,20260805,344,235.9392824277236,95,23.75,1,1,1,-100.0,125.0,101.25,-100.0,-100.0,0.0,True,True,True,True,True
PPO-QP-no-penalty,20260805,345,232.1638574780748,92,23.0,1,1,1,-100.0,53.75,30.0,-100.0,-100.0,0.0,True,True,True,True,True
PPO-QP-no-penalty,20260805,346,235.6524174294877,94,23.5,1,1,1,-100.0,101.25,77.5,-100.0,-100.0,0.0,True,True,True,True,True
PPO-QP-no-penalty,20260805,347,231.54672095026385,93,23.25,1,1,1,-100.0,77.5,53.75,-100.0,-100.0,0.0,True,True,True,True,True
PPO-QP-no-penalty,20260805,348,234.78074041031292,92,23.0,1,1,1,-100.0,53.75,30.0,-100.0,-100.0,0.0,True,True,True,True,True
PPO-QP-no-penalty,20260805,349,211.84635962927229,94,23.5,1,1,1,-100.0,101.25,77.5,-100.0,-100.0,0.0,True,True,True,True,True
PPO-QP-no-penalty,20260805,350,216.1501093794396,94,23.5,1,1,1,-100.0,101.25,77.5,-100.0,-100.0,0.0,True,True,True,True,True
PPO-QP-no-penalty,20260805,351,225.69503621107884,26,6.5,0,0,1,0.0,25.0,25.0,-45.0,0.0,45.0,False,True,False,False,False
PPO-QP-no-penalty,20260805,352,232.74446475683223,93,23.25,1,1,1,-100.0,77.5,53.75,-100.0,-100.0,0.0,True,True,True,True,True
PPO-QP-no-penalty,20260805,353,236.8021230125174,92,23.0,1,1,1,-100.0,53.75,30.0,-100.0,-100.0,0.0,True,True,True,True,True
PPO-QP-no-penalty,20260805,354,239.00249515732867,92,23.0,1,1,1,-100.0,53.75,30.0,-100.0,-100.0,0.0,True,True,True,True,True
PPO-QP-no-penalty,20260805,355,232.5515960286949,95,23.75,1,1,1,-100.0,125.0,101.25,-100.0,-100.0,0.0,True,True,True,True,True
PPO-QP-no-penalty,20260805,356,221.54862842429105,92,23.0,1,1,1,-100.0,53.75,30.0,-100.0,-100.0,0.0,True,True,True,True,True
PPO-QP-no-penalty,20260805,357,216.12692538421672,94,23.5,1,1,1,-100.0,101.25,77.5,-100.0,-100.0,0.0,True,True,True,True,True
PPO-QP-no-penalty,20260805,358,228.9240057936709,94,23.5,1,1,1,-100.0,101.25,77.5,-100.0,-100.0,0.0,True,True,True,True,True
PPO-QP-no-penalty,20260805,359,234.6153935098112,92,23.0,1,1,1,-100.0,53.75,30.0,-100.0,-100.0,0.0,True,True,True,True,True
PPO-QP-no-penalty,20260805,360,234.72661863356373,95,23.75,1,1,1,-100.0,125.0,101.25,-100.0,-100.0,0.0,True,True,True,True,True
PPO-QP-no-penalty,20260805,361,234.79733254840303,95,23.75,1,1,1,-100.0,125.0,101.25,-100.0,-100.0,0.0,True,True,True,True,True
PPO-QP-no-penalty,20260805,362,238.2406940599945,93,23.25,1,1,1,-100.0,77.5,53.75,-100.0,-100.0,0.0,True,True,True,True,True
PPO-QP-no-penalty,20260805,363,214.03357449637767,93,23.25,1,1,1,-100.0,77.5,53.75,-100.0,-100.0,0.0,True,True,True,True,True
PPO-QP-no-penalty,20260805,364,206.9904298424011,93,23.25,1,1,1,-100.0,77.5,53.75,-100.0,-100.0,0.0,True,True,True,True,True
PPO-QP-no-penalty,20260806,300,224.43009720441069,92,23.0,1,1,1,-100.0,53.75,30.0,-100.0,-100.0,0.0,True,True,True,True,True
PPO-QP-no-penalty,20260806,301,218.8373791490767,93,23.25,1,1,1,-100.0,77.5,53.75,-100.0,-100.0,0.0,True,True,True,True,True
PPO-QP-no-penalty,20260806,302,225.22454147232295,93,23.25,1,1,1,-100.0,77.5,53.75,-100.0,-100.0,0.0,True,True,True,True,True
PPO-QP-no-penalty,20260806,303,235.1655210122367,94,23.5,1,1,1,-100.0,101.25,77.5,-100.0,-100.0,0.0,True,True,True,True,True
PPO-QP-no-penalty,20260806,304,229.38825961585144,92,23.0,1,1,1,-100.0,53.75,30.0,-100.0,-100.0,0.0,True,True,True,True,True
PPO-QP-no-penalty,20260806,305,239.83693376676516,95,23.75,1,1,1,-100.0,125.0,101.25,-100.0,-100.0,0.0,True,True,True,True,True
PPO-QP-no-penalty,20260806,306,240.97402437499235,93,23.25,1,1,1,-100.0,77.5,53.75,-100.0,-100.0,0.0,True,True,True,True,True
PPO-QP-no-penalty,20260806,307,222.87626183012404,92,23.0,1,1,1,-100.0,53.75,30.0,-100.0,-100.0,0.0,True,True,True,True,True
PPO-QP-no-penalty,20260806,308,211.49017106244213,95,23.75,1,1,1,-100.0,125.0,101.25,-100.0,-100.0,0.0,True,True,True,True,True
PPO-QP-no-penalty,20260806,309,234.74911960332588,92,23.0,1,1,1,-100.0,53.75,30.0,-100.0,-100.0,0.0,True,True,True,True,True
PPO-QP-no-penalty,20260806,310,233.6383203243991,94,23.5,1,1,1,-100.0,101.25,77.5,-100.0,-100.0,0.0,True,True,True,True,True
PPO-QP-no-penalty,20260806,311,234.54581287918688,95,23.75,1,1,1,-100.0,125.0,101.25,-100.0,-100.0,0.0,True,True,True,True,True
PPO-QP-no-penalty,20260806,312,232.9639278115932,93,23.25,1,1,1,-100.0,77.5,53.75,-100.0,-100.0,0.0,True,True,True,True,True
PPO-QP-no-penalty,20260806,313,239.00906887046585,95,23.75,1,1,1,-100.0,125.0,101.25,-100.0,-100.0,0.0,True,True,True,True,True
PPO-QP-no-penalty,20260806,314,215.92101590974744,95,23.75,1,1,1,-100.0,125.0,101.25,-100.0,-100.0,0.0,True,True,True,True,True
PPO-QP-no-penalty,20260806,315,211.22756641903555,95,23.75,1,1,1,-100.0,125.0,101.25,-100.0,-100.0,0.0,True,True,True,True,True
PPO-QP-no-penalty,20260806,316,236.2686244507616,92,23.0,1,1,1,-100.0,53.75,30.0,-100.0,-100.0,0.0,True,True,True,True,True
PPO-QP-no-penalty,20260806,317,237.36524038695688,93,23.25,1,1,1,-100.0,77.5,53.75,-100.0,-100.0,0.0,True,True,True,True,True
PPO-QP-no-penalty,20260806,318,236.87017658159584,94,23.5,1,1,1,-100.0,101.25,77.5,-100.0,-100.0,0.0,True,True,True,True,True
PPO-QP-no-penalty,20260806,319,239.837291583345,95,23.75,1,1,1,-100.0,125.0,101.25,-100.0,-100.0,0.0,True,True,True,True,True
PPO-QP-no-penalty,20260806,320,237.51855485980545,95,23.75,1,1,1,-100.0,125.0,101.25,-100.0,-100.0,0.0,True,True,True,True,True
PPO-QP-no-penalty,20260806,321,220.94332029602884,93,23.25,1,1,1,-100.0,77.5,53.75,-100.0,-100.0,0.0,True,True,True,True,True
PPO-QP-no-penalty,20260806,322,215.30413944176465,93,23.25,1,1,1,-100.0,77.5,53.75,-100.0,-100.0,0.0,True,True,True,True,True
PPO-QP-no-penalty,20260806,323,238.52992491377512,94,23.5,1,1,1,-100.0,101.25,77.5,-100.0,-100.0,0.0,True,True,True,True,True
PPO-QP-no-penalty,20260806,324,233.4282812239548,92,23.0,1,1,1,-100.0,53.75,30.0,-100.0,-100.0,0.0,True,True,True,True,True
PPO-QP-no-penalty,20260806,325,237.9196071451536,93,23.25,1,1,1,-100.0,77.5,53.75,-100.0,-100.0,0.0,True,True,True,True,True
PPO-QP-no-penalty,20260806,326,231.75263072457548,94,23.5,1,1,1,-100.0,101.25,77.5,-100.0,-100.0,0.0,True,True,True,True,True
PPO-QP-no-penalty,20260806,327,234.1270519664164,93,23.25,1,1,1,-100.0,77.5,53.75,-100.0,-100.0,0.0,True,True,True,True,True
PPO-QP-no-penalty,20260806,328,219.7255970143554,93,23.25,1,1,1,-100.0,77.5,53.75,-100.0,-100.0,0.0,True,True,True,True,True
PPO-QP-no-penalty,20260806,329,214.0656824129864,95,23.75,1,1,1,-100.0,125.0,101.25,-100.0,-100.0,0.0,True,True,True,True,True
PPO-QP-no-penalty,20260806,330,234.545018733044,93,23.25,1,1,1,-100.0,77.5,53.75,-100.0,-100.0,0.0,True,True,True,True,True
PPO-QP-no-penalty,20260806,331,235.11292583245103,92,23.0,1,1,1,-100.0,53.75,30.0,-100.0,-100.0,0.0,True,True,True,True,True
PPO-QP-no-penalty,20260806,332,238.3283253183369,94,23.5,1,1,1,-100.0,101.25,77.5,-100.0,-100.0,0.0,True,True,True,True,True
PPO-QP-no-penalty,20260806,333,240.18793459383824,93,23.25,1,1,1,-100.0,77.5,53.75,-100.0,-100.0,0.0,True,True,True,True,True
PPO-QP-no-penalty,20260806,334,232.4455485275847,93,23.25,1,1,1,-100.0,77.5,53.75,-100.0,-100.0,0.0,True,True,True,True,True
PPO-QP-no-penalty,20260806,335,218.98115070272203,93,23.25,1,1,1,-100.0,77.5,53.75,-100.0,-100.0,0.0,True,True,True,True,True
PPO-QP-no-penalty,20260806,336,212.7604190542438,95,23.75,1,1,1,-100.0,125.0,101.25,-100.0,-100.0,0.0,True,True,True,True,True
PPO-QP-no-penalty,20260806,337,233.51603823191192,92,23.0,1,1,1,-100.0,53.75,30.0,-100.0,-100.0,0.0,True,True,True,True,True
PPO-QP-no-penalty,20260806,338,234.2439593217398,94,23.5,1,1,1,-100.0,101.25,77.5,-100.0,-100.0,0.0,True,True,True,True,True
PPO-QP-no-penalty,20260806,339,234.73028719168843,95,23.75,1,1,1,-100.0,125.0,101.25,-100.0,-100.0,0.0,True,True,True,True,True
PPO-QP-no-penalty,20260806,340,236.32717538203136,94,23.5,1,1,1,-100.0,101.25,77.5,-100.0,-100.0,0.0,True,True,True,True,True
PPO-QP-no-penalty,20260806,341,241.53995673982973,92,23.0,1,1,1,-100.0,53.75,30.0,-100.0,-100.0,0.0,True,True,True,True,True
PPO-QP-no-penalty,20260806,342,215.43740791081368,94,23.5,1,1,1,-100.0,101.25,77.5,-100.0,-100.0,0.0,True,True,True,True,True
PPO-QP-no-penalty,20260806,343,212.08854193627232,94,23.5,1,1,1,-100.0,101.25,77.5,-100.0,-100.0,0.0,True,True,True,True,True
PPO-QP-no-penalty,20260806,344,235.93928242771037,95,23.75,1,1,1,-100.0,125.0,101.25,-100.0,-100.0,0.0,True,True,True,True,True
PPO-QP-no-penalty,20260806,345,232.1638574780748,92,23.0,1,1,1,-100.0,53.75,30.0,-100.0,-100.0,0.0,True,True,True,True,True
PPO-QP-no-penalty,20260806,346,235.6524174294877,94,23.5,1,1,1,-100.0,101.25,77.5,-100.0,-100.0,0.0,True,True,True,True,True
PPO-QP-no-penalty,20260806,347,231.54672095026385,93,23.25,1,1,1,-100.0,77.5,53.75,-100.0,-100.0,0.0,True,True,True,True,True
PPO-QP-no-penalty,20260806,348,234.78074041031292,92,23.0,1,1,1,-100.0,53.75,30.0,-100.0,-100.0,0.0,True,True,True,True,True
PPO-QP-no-penalty,20260806,349,211.84635962927229,94,23.5,1,1,1,-100.0,101.25,77.5,-100.0,-100.0,0.0,True,True,True,True,True
PPO-QP-no-penalty,20260806,350,216.1501093794396,94,23.5,1,1,1,-100.0,101.25,77.5,-100.0,-100.0,0.0,True,True,True,True,True
PPO-QP-no-penalty,20260806,351,225.69503621107677,26,6.5,0,0,1,0.0,25.0,25.0,-45.0,0.0,45.0,False,True,False,False,False
PPO-QP-no-penalty,20260806,352,232.74446475683223,93,23.25,1,1,1,-100.0,77.5,53.75,-100.0,-100.0,0.0,True,True,True,True,True
PPO-QP-no-penalty,20260806,353,236.8021230125174,92,23.0,1,1,1,-100.0,53.75,30.0,-100.0,-100.0,0.0,True,True,True,True,True
PPO-QP-no-penalty,20260806,354,239.00249515732867,92,23.0,1,1,1,-100.0,53.75,30.0,-100.0,-100.0,0.0,True,True,True,True,True
PPO-QP-no-penalty,20260806,355,232.5515960286924,95,23.75,1,1,1,-100.0,125.0,101.25,-100.0,-100.0,0.0,True,True,True,True,True
PPO-QP-no-penalty,20260806,356,221.54862842429105,92,23.0,1,1,1,-100.0,53.75,30.0,-100.0,-100.0,0.0,True,True,True,True,True
PPO-QP-no-penalty,20260806,357,216.12692538421672,94,23.5,1,1,1,-100.0,101.25,77.5,-100.0,-100.0,0.0,True,True,True,True,True
PPO-QP-no-penalty,20260806,358,228.9240057936709,94,23.5,1,1,1,-100.0,101.25,77.5,-100.0,-100.0,0.0,True,True,True,True,True
PPO-QP-no-penalty,20260806,359,234.6153935098112,92,23.0,1,1,1,-100.0,53.75,30.0,-100.0,-100.0,0.0,True,True,True,True,True
PPO-QP-no-penalty,20260806,360,234.72661863354895,95,23.75,1,1,1,-100.0,125.0,101.25,-100.0,-100.0,0.0,True,True,True,True,True
PPO-QP-no-penalty,20260806,361,234.7973325484012,95,23.75,1,1,1,-100.0,125.0,101.25,-100.0,-100.0,0.0,True,True,True,True,True
PPO-QP-no-penalty,20260806,362,238.2406940599945,93,23.25,1,1,1,-100.0,77.5,53.75,-100.0,-100.0,0.0,True,True,True,True,True
PPO-QP-no-penalty,20260806,363,214.03357449637767,93,23.25,1,1,1,-100.0,77.5,53.75,-100.0,-100.0,0.0,True,True,True,True,True
PPO-QP-no-penalty,20260806,364,206.9904298424011,93,23.25,1,1,1,-100.0,77.5,53.75,-100.0,-100.0,0.0,True,True,True,True,True
PPO-QP-no-penalty,20260807,300,224.43009720441069,92,23.0,1,1,1,-100.0,53.75,30.0,-100.0,-100.0,0.0,True,True,True,True,True
PPO-QP-no-penalty,20260807,301,218.8373791490767,93,23.25,1,1,1,-100.0,77.5,53.75,-100.0,-100.0,0.0,True,True,True,True,True
PPO-QP-no-penalty,20260807,302,225.22454147232295,93,23.25,1,1,1,-100.0,77.5,53.75,-100.0,-100.0,0.0,True,True,True,True,True
PPO-QP-no-penalty,20260807,303,235.1655210122367,94,23.5,1,1,1,-100.0,101.25,77.5,-100.0,-100.0,0.0,True,True,True,True,True
PPO-QP-no-penalty,20260807,304,229.38825961585144,92,23.0,1,1,1,-100.0,53.75,30.0,-100.0,-100.0,0.0,True,True,True,True,True
PPO-QP-no-penalty,20260807,305,239.8369337667475,95,23.75,1,1,1,-100.0,125.0,101.25,-100.0,-100.0,0.0,True,True,True,True,True
PPO-QP-no-penalty,20260807,306,240.97402437499235,93,23.25,1,1,1,-100.0,77.5,53.75,-100.0,-100.0,0.0,True,True,True,True,True
PPO-QP-no-penalty,20260807,307,222.87626183012404,92,23.0,1,1,1,-100.0,53.75,30.0,-100.0,-100.0,0.0,True,True,True,True,True
PPO-QP-no-penalty,20260807,308,211.49017106244835,95,23.75,1,1,1,-100.0,125.0,101.25,-100.0,-100.0,0.0,True,True,True,True,True
PPO-QP-no-penalty,20260807,309,234.74911960332588,92,23.0,1,1,1,-100.0,53.75,30.0,-100.0,-100.0,0.0,True,True,True,True,True
PPO-QP-no-penalty,20260807,310,233.6383203243991,94,23.5,1,1,1,-100.0,101.25,77.5,-100.0,-100.0,0.0,True,True,True,True,True
PPO-QP-no-penalty,20260807,311,234.54581287919223,95,23.75,1,1,1,-100.0,125.0,101.25,-100.0,-100.0,0.0,True,True,True,True,True
PPO-QP-no-penalty,20260807,312,232.9639278115932,93,23.25,1,1,1,-100.0,77.5,53.75,-100.0,-100.0,0.0,True,True,True,True,True
PPO-QP-no-penalty,20260807,313,239.00906887047356,95,23.75,1,1,1,-100.0,125.0,101.25,-100.0,-100.0,0.0,True,True,True,True,True
PPO-QP-no-penalty,20260807,314,215.9210159097525,95,23.75,1,1,1,-100.0,125.0,101.25,-100.0,-100.0,0.0,True,True,True,True,True
PPO-QP-no-penalty,20260807,315,211.2275664190363,95,23.75,1,1,1,-100.0,125.0,101.25,-100.0,-100.0,0.0,True,True,True,True,True
PPO-QP-no-penalty,20260807,316,236.2686244507616,92,23.0,1,1,1,-100.0,53.75,30.0,-100.0,-100.0,0.0,True,True,True,True,True
PPO-QP-no-penalty,20260807,317,237.36524038695688,93,23.25,1,1,1,-100.0,77.5,53.75,-100.0,-100.0,0.0,True,True,True,True,True
PPO-QP-no-penalty,20260807,318,236.87017658159584,94,23.5,1,1,1,-100.0,101.25,77.5,-100.0,-100.0,0.0,True,True,True,True,True
PPO-QP-no-penalty,20260807,319,239.83729158335257,95,23.75,1,1,1,-100.0,125.0,101.25,-100.0,-100.0,0.0,True,True,True,True,True
PPO-QP-no-penalty,20260807,320,237.51855485981105,95,23.75,1,1,1,-100.0,125.0,101.25,-100.0,-100.0,0.0,True,True,True,True,True
PPO-QP-no-penalty,20260807,321,220.94332029602884,93,23.25,1,1,1,-100.0,77.5,53.75,-100.0,-100.0,0.0,True,True,True,True,True
PPO-QP-no-penalty,20260807,322,215.30413944176465,93,23.25,1,1,1,-100.0,77.5,53.75,-100.0,-100.0,0.0,True,True,True,True,True
PPO-QP-no-penalty,20260807,323,238.52992491377512,94,23.5,1,1,1,-100.0,101.25,77.5,-100.0,-100.0,0.0,True,True,True,True,True
PPO-QP-no-penalty,20260807,324,233.4282812239548,92,23.0,1,1,1,-100.0,53.75,30.0,-100.0,-100.0,0.0,True,True,True,True,True
PPO-QP-no-penalty,20260807,325,237.9196071451536,93,23.25,1,1,1,-100.0,77.5,53.75,-100.0,-100.0,0.0,True,True,True,True,True
PPO-QP-no-penalty,20260807,326,231.75263072457548,94,23.5,1,1,1,-100.0,101.25,77.5,-100.0,-100.0,0.0,True,True,True,True,True
PPO-QP-no-penalty,20260807,327,234.1270519664164,93,23.25,1,1,1,-100.0,77.5,53.75,-100.0,-100.0,0.0,True,True,True,True,True
PPO-QP-no-penalty,20260807,328,219.7255970143554,93,23.25,1,1,1,-100.0,77.5,53.75,-100.0,-100.0,0.0,True,True,True,True,True
PPO-QP-no-penalty,20260807,329,214.06568241298663,95,23.75,1,1,1,-100.0,125.0,101.25,-100.0,-100.0,0.0,True,True,True,True,True
PPO-QP-no-penalty,20260807,330,234.545018733044,93,23.25,1,1,1,-100.0,77.5,53.75,-100.0,-100.0,0.0,True,True,True,True,True
PPO-QP-no-penalty,20260807,331,235.11292583245103,92,23.0,1,1,1,-100.0,53.75,30.0,-100.0,-100.0,0.0,True,True,True,True,True
PPO-QP-no-penalty,20260807,332,238.3283253183369,94,23.5,1,1,1,-100.0,101.25,77.5,-100.0,-100.0,0.0,True,True,True,True,True
PPO-QP-no-penalty,20260807,333,240.18793459383824,93,23.25,1,1,1,-100.0,77.5,53.75,-100.0,-100.0,0.0,True,True,True,True,True
PPO-QP-no-penalty,20260807,334,232.4455485275847,93,23.25,1,1,1,-100.0,77.5,53.75,-100.0,-100.0,0.0,True,True,True,True,True
PPO-QP-no-penalty,20260807,335,218.98115070272203,93,23.25,1,1,1,-100.0,77.5,53.75,-100.0,-100.0,0.0,True,True,True,True,True
PPO-QP-no-penalty,20260807,336,212.76041905426064,95,23.75,1,1,1,-100.0,125.0,101.25,-100.0,-100.0,0.0,True,True,True,True,True
PPO-QP-no-penalty,20260807,337,233.51603823191192,92,23.0,1,1,1,-100.0,53.75,30.0,-100.0,-100.0,0.0,True,True,True,True,True
PPO-QP-no-penalty,20260807,338,234.2439593217398,94,23.5,1,1,1,-100.0,101.25,77.5,-100.0,-100.0,0.0,True,True,True,True,True
PPO-QP-no-penalty,20260807,339,234.73028719168383,95,23.75,1,1,1,-100.0,125.0,101.25,-100.0,-100.0,0.0,True,True,True,True,True
PPO-QP-no-penalty,20260807,340,236.32717538203136,94,23.5,1,1,1,-100.0,101.25,77.5,-100.0,-100.0,0.0,True,True,True,True,True
PPO-QP-no-penalty,20260807,341,241.53995673982973,92,23.0,1,1,1,-100.0,53.75,30.0,-100.0,-100.0,0.0,True,True,True,True,True
PPO-QP-no-penalty,20260807,342,215.43740791081368,94,23.5,1,1,1,-100.0,101.25,77.5,-100.0,-100.0,0.0,True,True,True,True,True
PPO-QP-no-penalty,20260807,343,212.08854193627232,94,23.5,1,1,1,-100.0,101.25,77.5,-100.0,-100.0,0.0,True,True,True,True,True
PPO-QP-no-penalty,20260807,344,235.93928242771884,95,23.75,1,1,1,-100.0,125.0,101.25,-100.0,-100.0,0.0,True,True,True,True,True
PPO-QP-no-penalty,20260807,345,232.1638574780748,92,23.0,1,1,1,-100.0,53.75,30.0,-100.0,-100.0,0.0,True,True,True,True,True
PPO-QP-no-penalty,20260807,346,235.6524174294877,94,23.5,1,1,1,-100.0,101.25,77.5,-100.0,-100.0,0.0,True,True,True,True,True
PPO-QP-no-penalty,20260807,347,231.54672095026385,93,23.25,1,1,1,-100.0,77.5,53.75,-100.0,-100.0,0.0,True,True,True,True,True
PPO-QP-no-penalty,20260807,348,234.78074041031292,92,23.0,1,1,1,-100.0,53.75,30.0,-100.0,-100.0,0.0,True,True,True,True,True
PPO-QP-no-penalty,20260807,349,211.84635962927229,94,23.5,1,1,1,-100.0,101.25,77.5,-100.0,-100.0,0.0,True,True,True,True,True
PPO-QP-no-penalty,20260807,350,216.1501093794396,94,23.5,1,1,1,-100.0,101.25,77.5,-100.0,-100.0,0.0,True,True,True,True,True
PPO-QP-no-penalty,20260807,351,225.6950362110814,26,6.5,0,0,1,0.0,25.0,25.0,-45.0,0.0,45.0,False,True,False,False,False
PPO-QP-no-penalty,20260807,352,232.74446475683223,93,23.25,1,1,1,-100.0,77.5,53.75,-100.0,-100.0,0.0,True,True,True,True,True
PPO-QP-no-penalty,20260807,353,236.8021230125174,92,23.0,1,1,1,-100.0,53.75,30.0,-100.0,-100.0,0.0,True,True,True,True,True
PPO-QP-no-penalty,20260807,354,239.00249515732867,92,23.0,1,1,1,-100.0,53.75,30.0,-100.0,-100.0,0.0,True,True,True,True,True
PPO-QP-no-penalty,20260807,355,232.55159602869708,95,23.75,1,1,1,-100.0,125.0,101.25,-100.0,-100.0,0.0,True,True,True,True,True
PPO-QP-no-penalty,20260807,356,221.54862842429105,92,23.0,1,1,1,-100.0,53.75,30.0,-100.0,-100.0,0.0,True,True,True,True,True
PPO-QP-no-penalty,20260807,357,216.12692538421672,94,23.5,1,1,1,-100.0,101.25,77.5,-100.0,-100.0,0.0,True,True,True,True,True
PPO-QP-no-penalty,20260807,358,228.9240057936709,94,23.5,1,1,1,-100.0,101.25,77.5,-100.0,-100.0,0.0,True,True,True,True,True
PPO-QP-no-penalty,20260807,359,234.6153935098112,92,23.0,1,1,1,-100.0,53.75,30.0,-100.0,-100.0,0.0,True,True,True,True,True
PPO-QP-no-penalty,20260807,360,234.72661863355495,95,23.75,1,1,1,-100.0,125.0,101.25,-100.0,-100.0,0.0,True,True,True,True,True
PPO-QP-no-penalty,20260807,361,234.79733254840065,95,23.75,1,1,1,-100.0,125.0,101.25,-100.0,-100.0,0.0,True,True,True,True,True
PPO-QP-no-penalty,20260807,362,238.2406940599945,93,23.25,1,1,1,-100.0,77.5,53.75,-100.0,-100.0,0.0,True,True,True,True,True
PPO-QP-no-penalty,20260807,363,214.03357449637767,93,23.25,1,1,1,-100.0,77.5,53.75,-100.0,-100.0,0.0,True,True,True,True,True
PPO-QP-no-penalty,20260807,364,206.9904298424011,93,23.25,1,1,1,-100.0,77.5,53.75,-100.0,-100.0,0.0,True,True,True,True,True
PPO-QP-no-penalty,20260808,300,224.43009720441069,92,23.0,1,1,1,-100.0,53.75,30.0,-100.0,-100.0,0.0,True,True,True,True,True
PPO-QP-no-penalty,20260808,301,218.8373791490767,93,23.25,1,1,1,-100.0,77.5,53.75,-100.0,-100.0,0.0,True,True,True,True,True
PPO-QP-no-penalty,20260808,302,225.22454147232295,93,23.25,1,1,1,-100.0,77.5,53.75,-100.0,-100.0,0.0,True,True,True,True,True
PPO-QP-no-penalty,20260808,303,235.1655210122367,94,23.5,1,1,1,-100.0,101.25,77.5,-100.0,-100.0,0.0,True,True,True,True,True
PPO-QP-no-penalty,20260808,304,229.38825961585144,92,23.0,1,1,1,-100.0,53.75,30.0,-100.0,-100.0,0.0,True,True,True,True,True
PPO-QP-no-penalty,20260808,305,239.83693376555465,95,23.75,1,1,1,-100.0,125.0,101.25,-100.0,-100.0,0.0,True,True,True,True,True
PPO-QP-no-penalty,20260808,306,240.97402437499235,93,23.25,1,1,1,-100.0,77.5,53.75,-100.0,-100.0,0.0,True,True,True,True,True
PPO-QP-no-penalty,20260808,307,222.87626183012404,92,23.0,1,1,1,-100.0,53.75,30.0,-100.0,-100.0,0.0,True,True,True,True,True
PPO-QP-no-penalty,20260808,308,211.49017106123995,95,23.75,1,1,1,-100.0,125.0,101.25,-100.0,-100.0,0.0,True,True,True,True,True
PPO-QP-no-penalty,20260808,309,234.74911960332588,92,23.0,1,1,1,-100.0,53.75,30.0,-100.0,-100.0,0.0,True,True,True,True,True
PPO-QP-no-penalty,20260808,310,233.6383203243991,94,23.5,1,1,1,-100.0,101.25,77.5,-100.0,-100.0,0.0,True,True,True,True,True
PPO-QP-no-penalty,20260808,311,234.5458128779822,95,23.75,1,1,1,-100.0,125.0,101.25,-100.0,-100.0,0.0,True,True,True,True,True
PPO-QP-no-penalty,20260808,312,232.9639278115932,93,23.25,1,1,1,-100.0,77.5,53.75,-100.0,-100.0,0.0,True,True,True,True,True
PPO-QP-no-penalty,20260808,313,239.00906886926356,95,23.75,1,1,1,-100.0,125.0,101.25,-100.0,-100.0,0.0,True,True,True,True,True
PPO-QP-no-penalty,20260808,314,215.92101590854168,95,23.75,1,1,1,-100.0,125.0,101.25,-100.0,-100.0,0.0,True,True,True,True,True
PPO-QP-no-penalty,20260808,315,211.2275664178208,95,23.75,1,1,1,-100.0,125.0,101.25,-100.0,-100.0,0.0,True,True,True,True,True
PPO-QP-no-penalty,20260808,316,236.2686244507616,92,23.0,1,1,1,-100.0,53.75,30.0,-100.0,-100.0,0.0,True,True,True,True,True
PPO-QP-no-penalty,20260808,317,237.36524038695688,93,23.25,1,1,1,-100.0,77.5,53.75,-100.0,-100.0,0.0,True,True,True,True,True
PPO-QP-no-penalty,20260808,318,236.87017658159584,94,23.5,1,1,1,-100.0,101.25,77.5,-100.0,-100.0,0.0,True,True,True,True,True
PPO-QP-no-penalty,20260808,319,239.83729158214396,95,23.75,1,1,1,-100.0,125.0,101.25,-100.0,-100.0,0.0,True,True,True,True,True
PPO-QP-no-penalty,20260808,320,237.518554858602,95,23.75,1,1,1,-100.0,125.0,101.25,-100.0,-100.0,0.0,True,True,True,True,True
PPO-QP-no-penalty,20260808,321,220.94332029602884,93,23.25,1,1,1,-100.0,77.5,53.75,-100.0,-100.0,0.0,True,True,True,True,True
PPO-QP-no-penalty,20260808,322,215.30413944176465,93,23.25,1,1,1,-100.0,77.5,53.75,-100.0,-100.0,0.0,True,True,True,True,True
PPO-QP-no-penalty,20260808,323,238.52992491377512,94,23.5,1,1,1,-100.0,101.25,77.5,-100.0,-100.0,0.0,True,True,True,True,True
PPO-QP-no-penalty,20260808,324,233.4282812239548,92,23.0,1,1,1,-100.0,53.75,30.0,-100.0,-100.0,0.0,True,True,True,True,True
PPO-QP-no-penalty,20260808,325,237.9196071451536,93,23.25,1,1,1,-100.0,77.5,53.75,-100.0,-100.0,0.0,True,True,True,True,True
PPO-QP-no-penalty,20260808,326,231.75263072457548,94,23.5,1,1,1,-100.0,101.25,77.5,-100.0,-100.0,0.0,True,True,True,True,True
PPO-QP-no-penalty,20260808,327,234.1270519664164,93,23.25,1,1,1,-100.0,77.5,53.75,-100.0,-100.0,0.0,True,True,True,True,True
PPO-QP-no-penalty,20260808,328,219.7255970143554,93,23.25,1,1,1,-100.0,77.5,53.75,-100.0,-100.0,0.0,True,True,True,True,True
PPO-QP-no-penalty,20260808,329,214.06568241178343,95,23.75,1,1,1,-100.0,125.0,101.25,-100.0,-100.0,0.0,True,True,True,True,True
PPO-QP-no-penalty,20260808,330,234.545018733044,93,23.25,1,1,1,-100.0,77.5,53.75,-100.0,-100.0,0.0,True,True,True,True,True
PPO-QP-no-penalty,20260808,331,235.11292583245103,92,23.0,1,1,1,-100.0,53.75,30.0,-100.0,-100.0,0.0,True,True,True,True,True
PPO-QP-no-penalty,20260808,332,238.3283253183369,94,23.5,1,1,1,-100.0,101.25,77.5,-100.0,-100.0,0.0,True,True,True,True,True
PPO-QP-no-penalty,20260808,333,240.18793459383824,93,23.25,1,1,1,-100.0,77.5,53.75,-100.0,-100.0,0.0,True,True,True,True,True
PPO-QP-no-penalty,20260808,334,232.4455485275847,93,23.25,1,1,1,-100.0,77.5,53.75,-100.0,-100.0,0.0,True,True,True,True,True
PPO-QP-no-penalty,20260808,335,218.98115070272203,93,23.25,1,1,1,-100.0,77.5,53.75,-100.0,-100.0,0.0,True,True,True,True,True
PPO-QP-no-penalty,20260808,336,212.76041905304788,95,23.75,1,1,1,-100.0,125.0,101.25,-100.0,-100.0,0.0,True,True,True,True,True
PPO-QP-no-penalty,20260808,337,233.51603823191192,92,23.0,1,1,1,-100.0,53.75,30.0,-100.0,-100.0,0.0,True,True,True,True,True
PPO-QP-no-penalty,20260808,338,234.2439593217398,94,23.5,1,1,1,-100.0,101.25,77.5,-100.0,-100.0,0.0,True,True,True,True,True
PPO-QP-no-penalty,20260808,339,234.73028719048915,95,23.75,1,1,1,-100.0,125.0,101.25,-100.0,-100.0,0.0,True,True,True,True,True
PPO-QP-no-penalty,20260808,340,236.32717538203136,94,23.5,1,1,1,-100.0,101.25,77.5,-100.0,-100.0,0.0,True,True,True,True,True
PPO-QP-no-penalty,20260808,341,241.53995673982973,92,23.0,1,1,1,-100.0,53.75,30.0,-100.0,-100.0,0.0,True,True,True,True,True
PPO-QP-no-penalty,20260808,342,215.43740791081368,94,23.5,1,1,1,-100.0,101.25,77.5,-100.0,-100.0,0.0,True,True,True,True,True
PPO-QP-no-penalty,20260808,343,212.08854193627232,94,23.5,1,1,1,-100.0,101.25,77.5,-100.0,-100.0,0.0,True,True,True,True,True
PPO-QP-no-penalty,20260808,344,235.93928242772503,95,23.75,1,1,1,-100.0,125.0,101.25,-100.0,-100.0,0.0,True,True,True,True,True
PPO-QP-no-penalty,20260808,345,232.1638574780748,92,23.0,1,1,1,-100.0,53.75,30.0,-100.0,-100.0,0.0,True,True,True,True,True
PPO-QP-no-penalty,20260808,346,235.6524174294877,94,23.5,1,1,1,-100.0,101.25,77.5,-100.0,-100.0,0.0,True,True,True,True,True
PPO-QP-no-penalty,20260808,347,231.54672095026385,93,23.25,1,1,1,-100.0,77.5,53.75,-100.0,-100.0,0.0,True,True,True,True,True
PPO-QP-no-penalty,20260808,348,234.78074041031292,92,23.0,1,1,1,-100.0,53.75,30.0,-100.0,-100.0,0.0,True,True,True,True,True
PPO-QP-no-penalty,20260808,349,211.84635962927229,94,23.5,1,1,1,-100.0,101.25,77.5,-100.0,-100.0,0.0,True,True,True,True,True
PPO-QP-no-penalty,20260808,350,216.1501093794396,94,23.5,1,1,1,-100.0,101.25,77.5,-100.0,-100.0,0.0,True,True,True,True,True
PPO-QP-no-penalty,20260808,351,225.69503621107677,26,6.5,0,0,1,0.0,25.0,25.0,-45.0,0.0,45.0,False,True,False,False,False
PPO-QP-no-penalty,20260808,352,232.74446475683223,93,23.25,1,1,1,-100.0,77.5,53.75,-100.0,-100.0,0.0,True,True,True,True,True
PPO-QP-no-penalty,20260808,353,236.8021230125174,92,23.0,1,1,1,-100.0,53.75,30.0,-100.0,-100.0,0.0,True,True,True,True,True
PPO-QP-no-penalty,20260808,354,239.00249515732867,92,23.0,1,1,1,-100.0,53.75,30.0,-100.0,-100.0,0.0,True,True,True,True,True
PPO-QP-no-penalty,20260808,355,232.5515960274857,95,23.75,1,1,1,-100.0,125.0,101.25,-100.0,-100.0,0.0,True,True,True,True,True
PPO-QP-no-penalty,20260808,356,221.54862842429105,92,23.0,1,1,1,-100.0,53.75,30.0,-100.0,-100.0,0.0,True,True,True,True,True
PPO-QP-no-penalty,20260808,357,216.12692538421672,94,23.5,1,1,1,-100.0,101.25,77.5,-100.0,-100.0,0.0,True,True,True,True,True
PPO-QP-no-penalty,20260808,358,228.9240057936709,94,23.5,1,1,1,-100.0,101.25,77.5,-100.0,-100.0,0.0,True,True,True,True,True
PPO-QP-no-penalty,20260808,359,234.6153935098112,92,23.0,1,1,1,-100.0,53.75,30.0,-100.0,-100.0,0.0,True,True,True,True,True
PPO-QP-no-penalty,20260808,360,234.72661863234424,95,23.75,1,1,1,-100.0,125.0,101.25,-100.0,-100.0,0.0,True,True,True,True,True
PPO-QP-no-penalty,20260808,361,234.79733254719795,95,23.75,1,1,1,-100.0,125.0,101.25,-100.0,-100.0,0.0,True,True,True,True,True
PPO-QP-no-penalty,20260808,362,238.2406940599945,93,23.25,1,1,1,-100.0,77.5,53.75,-100.0,-100.0,0.0,True,True,True,True,True
PPO-QP-no-penalty,20260808,363,214.03357449637767,93,23.25,1,1,1,-100.0,77.5,53.75,-100.0,-100.0,0.0,True,True,True,True,True
PPO-QP-no-penalty,20260808,364,206.9904298424011,93,23.25,1,1,1,-100.0,77.5,53.75,-100.0,-100.0,0.0,True,True,True,True,True
PPO-QP-no-penalty,20260809,300,224.43009720441069,92,23.0,1,1,1,-100.0,53.75,30.0,-100.0,-100.0,0.0,True,True,True,True,True
PPO-QP-no-penalty,20260809,301,218.8373791490767,93,23.25,1,1,1,-100.0,77.5,53.75,-100.0,-100.0,0.0,True,True,True,True,True
PPO-QP-no-penalty,20260809,302,225.22454147232295,93,23.25,1,1,1,-100.0,77.5,53.75,-100.0,-100.0,0.0,True,True,True,True,True
PPO-QP-no-penalty,20260809,303,235.1655210122367,94,23.5,1,1,1,-100.0,101.25,77.5,-100.0,-100.0,0.0,True,True,True,True,True
PPO-QP-no-penalty,20260809,304,229.38825961585144,92,23.0,1,1,1,-100.0,53.75,30.0,-100.0,-100.0,0.0,True,True,True,True,True
PPO-QP-no-penalty,20260809,305,239.83693376674185,95,23.75,1,1,1,-100.0,125.0,101.25,-100.0,-100.0,0.0,True,True,True,True,True
PPO-QP-no-penalty,20260809,306,240.97402437499235,93,23.25,1,1,1,-100.0,77.5,53.75,-100.0,-100.0,0.0,True,True,True,True,True
PPO-QP-no-penalty,20260809,307,222.87626183012404,92,23.0,1,1,1,-100.0,53.75,30.0,-100.0,-100.0,0.0,True,True,True,True,True
PPO-QP-no-penalty,20260809,308,211.49017106243343,95,23.75,1,1,1,-100.0,125.0,101.25,-100.0,-100.0,0.0,True,True,True,True,True
PPO-QP-no-penalty,20260809,309,234.74911960332588,92,23.0,1,1,1,-100.0,53.75,30.0,-100.0,-100.0,0.0,True,True,True,True,True
PPO-QP-no-penalty,20260809,310,233.6383203243991,94,23.5,1,1,1,-100.0,101.25,77.5,-100.0,-100.0,0.0,True,True,True,True,True
PPO-QP-no-penalty,20260809,311,234.5458128791765,95,23.75,1,1,1,-100.0,125.0,101.25,-100.0,-100.0,0.0,True,True,True,True,True
PPO-QP-no-penalty,20260809,312,232.9639278115932,93,23.25,1,1,1,-100.0,77.5,53.75,-100.0,-100.0,0.0,True,True,True,True,True
PPO-QP-no-penalty,20260809,313,239.00906887046028,95,23.75,1,1,1,-100.0,125.0,101.25,-100.0,-100.0,0.0,True,True,True,True,True
PPO-QP-no-penalty,20260809,314,215.9210159097404,95,23.75,1,1,1,-100.0,125.0,101.25,-100.0,-100.0,0.0,True,True,True,True,True
PPO-QP-no-penalty,20260809,315,211.2275664190037,95,23.75,1,1,1,-100.0,125.0,101.25,-100.0,-100.0,0.0,True,True,True,True,True
PPO-QP-no-penalty,20260809,316,236.2686244507616,92,23.0,1,1,1,-100.0,53.75,30.0,-100.0,-100.0,0.0,True,True,True,True,True
PPO-QP-no-penalty,20260809,317,237.36524038695688,93,23.25,1,1,1,-100.0,77.5,53.75,-100.0,-100.0,0.0,True,True,True,True,True
PPO-QP-no-penalty,20260809,318,236.87017658159584,94,23.5,1,1,1,-100.0,101.25,77.5,-100.0,-100.0,0.0,True,True,True,True,True
PPO-QP-no-penalty,20260809,319,239.8372915833368,95,23.75,1,1,1,-100.0,125.0,101.25,-100.0,-100.0,0.0,True,True,True,True,True
PPO-QP-no-penalty,20260809,320,237.5185548597987,95,23.75,1,1,1,-100.0,125.0,101.25,-100.0,-100.0,0.0,True,True,True,True,True
PPO-QP-no-penalty,20260809,321,220.94332029602884,93,23.25,1,1,1,-100.0,77.5,53.75,-100.0,-100.0,0.0,True,True,True,True,True
PPO-QP-no-penalty,20260809,322,215.30413944176465,93,23.25,1,1,1,-100.0,77.5,53.75,-100.0,-100.0,0.0,True,True,True,True,True
PPO-QP-no-penalty,20260809,323,238.52992491377512,94,23.5,1,1,1,-100.0,101.25,77.5,-100.0,-100.0,0.0,True,True,True,True,True
PPO-QP-no-penalty,20260809,324,233.4282812239548,92,23.0,1,1,1,-100.0,53.75,30.0,-100.0,-100.0,0.0,True,True,True,True,True
PPO-QP-no-penalty,20260809,325,237.9196071451536,93,23.25,1,1,1,-100.0,77.5,53.75,-100.0,-100.0,0.0,True,True,True,True,True
PPO-QP-no-penalty,20260809,326,231.75263072457548,94,23.5,1,1,1,-100.0,101.25,77.5,-100.0,-100.0,0.0,True,True,True,True,True
PPO-QP-no-penalty,20260809,327,234.1270519664164,93,23.25,1,1,1,-100.0,77.5,53.75,-100.0,-100.0,0.0,True,True,True,True,True
PPO-QP-no-penalty,20260809,328,219.7255970143554,93,23.25,1,1,1,-100.0,77.5,53.75,-100.0,-100.0,0.0,True,True,True,True,True
PPO-QP-no-penalty,20260809,329,214.06568241297344,95,23.75,1,1,1,-100.0,125.0,101.25,-100.0,-100.0,0.0,True,True,True,True,True
PPO-QP-no-penalty,20260809,330,234.545018733044,93,23.25,1,1,1,-100.0,77.5,53.75,-100.0,-100.0,0.0,True,True,True,True,True
PPO-QP-no-penalty,20260809,331,235.11292583245103,92,23.0,1,1,1,-100.0,53.75,30.0,-100.0,-100.0,0.0,True,True,True,True,True
PPO-QP-no-penalty,20260809,332,238.3283253183369,94,23.5,1,1,1,-100.0,101.25,77.5,-100.0,-100.0,0.0,True,True,True,True,True
PPO-QP-no-penalty,20260809,333,240.18793459383824,93,23.25,1,1,1,-100.0,77.5,53.75,-100.0,-100.0,0.0,True,True,True,True,True
PPO-QP-no-penalty,20260809,334,232.4455485275847,93,23.25,1,1,1,-100.0,77.5,53.75,-100.0,-100.0,0.0,True,True,True,True,True
PPO-QP-no-penalty,20260809,335,218.98115070272203,93,23.25,1,1,1,-100.0,77.5,53.75,-100.0,-100.0,0.0,True,True,True,True,True
PPO-QP-no-penalty,20260809,336,212.7604190542393,95,23.75,1,1,1,-100.0,125.0,101.25,-100.0,-100.0,0.0,True,True,True,True,True
PPO-QP-no-penalty,20260809,337,233.51603823191192,92,23.0,1,1,1,-100.0,53.75,30.0,-100.0,-100.0,0.0,True,True,True,True,True
PPO-QP-no-penalty,20260809,338,234.2439593217398,94,23.5,1,1,1,-100.0,101.25,77.5,-100.0,-100.0,0.0,True,True,True,True,True
PPO-QP-no-penalty,20260809,339,234.7302871916773,95,23.75,1,1,1,-100.0,125.0,101.25,-100.0,-100.0,0.0,True,True,True,True,True
PPO-QP-no-penalty,20260809,340,236.32717538203136,94,23.5,1,1,1,-100.0,101.25,77.5,-100.0,-100.0,0.0,True,True,True,True,True
PPO-QP-no-penalty,20260809,341,241.53995673982973,92,23.0,1,1,1,-100.0,53.75,30.0,-100.0,-100.0,0.0,True,True,True,True,True
PPO-QP-no-penalty,20260809,342,215.43740791081368,94,23.5,1,1,1,-100.0,101.25,77.5,-100.0,-100.0,0.0,True,True,True,True,True
PPO-QP-no-penalty,20260809,343,212.08854193627232,94,23.5,1,1,1,-100.0,101.25,77.5,-100.0,-100.0,0.0,True,True,True,True,True
PPO-QP-no-penalty,20260809,344,235.93928242770423,95,23.75,1,1,1,-100.0,125.0,101.25,-100.0,-100.0,0.0,True,True,True,True,True
PPO-QP-no-penalty,20260809,345,232.1638574780748,92,23.0,1,1,1,-100.0,53.75,30.0,-100.0,-100.0,0.0,True,True,True,True,True
PPO-QP-no-penalty,20260809,346,235.6524174294877,94,23.5,1,1,1,-100.0,101.25,77.5,-100.0,-100.0,0.0,True,True,True,True,True
PPO-QP-no-penalty,20260809,347,231.54672095026385,93,23.25,1,1,1,-100.0,77.5,53.75,-100.0,-100.0,0.0,True,True,True,True,True
PPO-QP-no-penalty,20260809,348,234.78074041031292,92,23.0,1,1,1,-100.0,53.75,30.0,-100.0,-100.0,0.0,True,True,True,True,True
PPO-QP-no-penalty,20260809,349,211.84635962927229,94,23.5,1,1,1,-100.0,101.25,77.5,-100.0,-100.0,0.0,True,True,True,True,True
PPO-QP-no-penalty,20260809,350,216.1501093794396,94,23.5,1,1,1,-100.0,101.25,77.5,-100.0,-100.0,0.0,True,True,True,True,True
PPO-QP-no-penalty,20260809,351,225.69503621107677,26,6.5,0,0,1,0.0,25.0,25.0,-45.0,0.0,45.0,False,True,False,False,False
PPO-QP-no-penalty,20260809,352,232.74446475683223,93,23.25,1,1,1,-100.0,77.5,53.75,-100.0,-100.0,0.0,True,True,True,True,True
PPO-QP-no-penalty,20260809,353,236.8021230125174,92,23.0,1,1,1,-100.0,53.75,30.0,-100.0,-100.0,0.0,True,True,True,True,True
PPO-QP-no-penalty,20260809,354,239.00249515732867,92,23.0,1,1,1,-100.0,53.75,30.0,-100.0,-100.0,0.0,True,True,True,True,True
PPO-QP-no-penalty,20260809,355,232.5515960286748,95,23.75,1,1,1,-100.0,125.0,101.25,-100.0,-100.0,0.0,True,True,True,True,True
PPO-QP-no-penalty,20260809,356,221.54862842429105,92,23.0,1,1,1,-100.0,53.75,30.0,-100.0,-100.0,0.0,True,True,True,True,True
PPO-QP-no-penalty,20260809,357,216.12692538421672,94,23.5,1,1,1,-100.0,101.25,77.5,-100.0,-100.0,0.0,True,True,True,True,True
PPO-QP-no-penalty,20260809,358,228.9240057936709,94,23.5,1,1,1,-100.0,101.25,77.5,-100.0,-100.0,0.0,True,True,True,True,True
PPO-QP-no-penalty,20260809,359,234.6153935098112,92,23.0,1,1,1,-100.0,53.75,30.0,-100.0,-100.0,0.0,True,True,True,True,True
PPO-QP-no-penalty,20260809,360,234.7266186335316,95,23.75,1,1,1,-100.0,125.0,101.25,-100.0,-100.0,0.0,True,True,True,True,True
PPO-QP-no-penalty,20260809,361,234.79733254838084,95,23.75,1,1,1,-100.0,125.0,101.25,-100.0,-100.0,0.0,True,True,True,True,True
PPO-QP-no-penalty,20260809,362,238.2406940599945,93,23.25,1,1,1,-100.0,77.5,53.75,-100.0,-100.0,0.0,True,True,True,True,True
PPO-QP-no-penalty,20260809,363,214.03357449637767,93,23.25,1,1,1,-100.0,77.5,53.75,-100.0,-100.0,0.0,True,True,True,True,True
PPO-QP-no-penalty,20260809,364,206.9904298424011,93,23.25,1,1,1,-100.0,77.5,53.75,-100.0,-100.0,0.0,True,True,True,True,True
Rule+QP,0,300,175.83614429228524,20,5.0,0,0,1,8.703540294401098e-09,141.62499993113536,141.62499993342576,-44.99999999129648,45.00000000870352,90.0,False,True,False,False,False
Rule+QP,0,301,160.64997948441595,2,0.5,0,0,1,3.553031495470505e-08,124.9999999719487,124.9999999812988,-44.999999964469694,45.00000003553031,90.0,False,True,False,False,False
Rule+QP,0,302,209.95744618244208,26,6.5,0,0,1,8.703540927511869e-09,141.62499990887707,141.62499991116746,-44.99999999129646,45.00000000870354,90.0,False,True,False,False,False
Rule+QP,0,303,201.63155446510453,21,5.25,0,0,1,-34.999999988287215,141.62499992842987,133.31249993121165,-44.99999999129252,45.00000000870748,90.0,False,True,False,False,False
Rule+QP,0,304,233.4421377487449,26,6.5,0,0,1,-34.999999988287215,149.93749990402054,141.62499990680232,-44.99999999129252,45.00000000870748,90.0,False,True,False,False,False
Rule+QP,0,305,176.94486733471263,71,17.75,0,0,1,-5.3738197073313024e-14,224.99999999695976,224.99999999695976,-1.2801018257098469e-08,44.99999999999994,45.00000001280096,False,True,False,False,False
Rule+QP,0,306,175.0684744689283,26,6.5,0,0,1,8.703486632540711e-09,124.99999991890402,124.99999992119442,-44.99999999129651,45.00000000870349,90.0,False,True,False,False,False
Rule+QP,0,307,194.48752156783243,3,0.75,0,0,1,-34.99999994459176,149.93749995761354,141.624999970773,-44.99999997258757,45.00000002741243,90.0,False,True,False,False,False
Rule+QP,0,308,197.95983685331464,1,0.25,0,0,1,-34.99999994986525,133.31249997874292,124.99999999064993,-44.99999996446968,45.00000003553032,90.0,False,True,False,False,False
Rule+QP,0,309,222.5861577326086,24,6.0,0,0,1,-34.999999988287215,199.81249991158413,191.49999991436596,-44.999999991296455,45.000000008703545,90.0,False,True,False,False,False
Rule+QP,0,310,192.0513086118444,23,5.75,0,0,1,8.703538176138695e-09,141.6249999118082,141.6249999140986,-44.99999999129646,45.00000000870354,90.0,False,True,False,False,False
Rule+QP,0,311,213.47077420561465,25,6.25,0,0,1,8.703538176138695e-09,158.24999991072087,158.2499999130113,-44.99999999129646,45.00000000870354,90.0,False,True,False,False,False
Rule+QP,0,312,201.6084732512428,25,6.25,0,0,1,8.703540122938321e-09,158.24999990922237,158.24999991151276,-44.99999999129646,45.00000000870354,90.0,False,True,False,False,False
Rule+QP,0,313,193.99180532248516,66,16.5,0,0,1,1.2019035384046068e-08,224.99999999379685,224.99999999695976,-1.2801018257098469e-08,44.99999999999994,45.00000001280096,False,True,False,False,False
Rule+QP,0,314,192.76922895783923,1,0.25,0,0,1,-34.9999999498653,133.31249997874187,124.99999999064886,-44.99999996446565,45.00000003553436,90.00000000000001,False,True,False,False,False
Rule+QP,0,315,159.7009294890468,0,0.0,0,0,1,3.5530319309763324e-08,124.99999999064993,125.0,-45.0,45.0,90.0,False,True,False,False,False
Rule+QP,0,316,201.32890062584852,67,16.75,0,0,1,-3.951999280700863e-08,224.99999999695976,224.99999998757377,-5.2320956456242136e-08,45.00000001179805,45.00000006411901,False,True,False,False,False
Rule+QP,0,317,193.3921446702356,65,16.25,0,0,1,1.184961140826541e-08,224.99999999067853,224.99999999379685,-2.6118533768519565e-08,45.00000001201904,45.00000003813758,False,True,False,False,False
Rule+QP,0,318,217.06970971045135,25,6.25,0,0,1,-34.9999999882872,149.93749991067844,141.62499991346024,-44.99999999129646,45.00000000870354,90.0,False,True,False,False,False
Rule+QP,0,319,200.68799825560592,1,0.25,0,0,1,-34.99999994986525,133.31249997874292,124.99999999064993,-44.99999996446968,45.00000003553032,90.0,False,True,False,False,False
Rule+QP,0,320,216.3201269635717,24,6.0,0,0,1,-34.999999988287215,166.56249990435157,158.24999990713334,-44.99999999129646,45.00000000870354,90.0,False,True,False,False,False
Rule+QP,0,321,212.75075012704428,26,6.5,0,0,1,-34.9999999882872,158.24999991492848,149.93749991771028,-44.99999998734672,45.00000001265328,90.0,False,True,False,False,False
Rule+QP,0,322,199.46709510684235,1,0.25,0,0,1,-34.99999994986525,133.31249997874292,124.99999999064993,-44.99999996446968,45.00000003553032,90.0,False,True,False,False,False
Rule+QP,0,323,225.71204575617344,66,16.5,0,0,1,-34.999999991780875,217.52809444564852,209.21559444760055,-44.99999999185616,45.00000000814384,90.0,False,True,False,False,False
Rule+QP,0,324,208.8754129278124,25,6.25,0,0,1,-34.999999988287215,149.93749991767663,141.6249999204584,-44.99999999129646,45.00000000870354,90.0,False,True,False,False,False
Rule+QP,0,325,212.75557964646595,25,6.25,0,0,1,-34.99999999022466,199.812499906797,191.49999990911863,-79.99999999022461,10.000000009775398,90.0,False,True,False,False,False
Rule+QP,0,326,211.8444483026,65,16.25,0,0,1,1.2019035384046068e-08,224.99999999379685,224.99999999695976,-1.2801018257098469e-08,44.99999999999994,45.00000001280096,False,True,False,False,False
Rule+QP,0,327,226.06167161902192,24,6.0,0,0,1,-34.999999990224595,174.87499990820206,166.5624999105237,-79.99999998828721,10.000000011712784,90.0,False,True,False,False,False
Rule+QP,0,328,196.1535010877788,0,0.0,0,0,1,-34.99999994986525,133.312499988093,125.0,-45.0,45.0,90.0,False,True,False,False,False
Rule+QP,0,329,198.90988437851135,0,0.0,0,0,1,-34.99999994986525,133.312499988093,125.0,-45.0,45.0,90.0,False,True,False,False,False
Rule+QP,0,330,199.7223269155731,2,0.5,0,0,1,-34.99999994986525,133.31249996939283,124.99999998129982,-44.99999996446969,45.00000003553031,90.0,False,True,False,False,False
Rule+QP,0,331,203.0647848438921,66,16.5,0,0,1,-5.3738197073313024e-14,224.99999999695976,224.99999999695976,-1.2801018257098469e-08,44.99999999999994,45.00000001280096,False,True,False,False,False
Rule+QP,0,332,201.3557793923354,4,1.0,0,0,1,-34.99999999795489,149.93749995879983,141.62499995928556,-79.9999999574475,10.000000042552491,89.99999999999999,False,True,False,False,False
Rule+QP,0,333,234.92356373579992,55,13.75,0,0,1,-34.999999991780875,216.43749983270536,208.1249998346574,-44.999999991820864,45.000000008179136,90.0,False,True,False,False,False
Rule+QP,0,334,199.31073092002487,25,6.25,0,0,1,8.703489232557141e-09,141.62499991741893,141.62499991970932,-44.99999999129651,45.00000000870349,90.0,False,True,False,False,False
Rule+QP,0,335,191.37650505666895,1,0.25,0,0,1,-34.99999994986525,133.31249997874292,124.99999999064993,-44.99999996446968,45.00000003553032,90.0,False,True,False,False,False
Rule+QP,0,336,182.51700114402115,1,0.25,0,0,1,-34.9999999498653,133.31249997874187,124.99999999064886,-44.99999996446565,45.00000003553436,90.00000000000001,False,True,False,False,False
Rule+QP,0,337,205.20385209981663,24,6.0,0,0,1,8.703540310657973e-09,158.24999991228557,158.24999991457597,-44.99999999129646,45.00000000870354,90.0,False,True,False,False,False
Rule+QP,0,338,233.435755961249,65,16.25,0,0,1,-34.999999991780875,194.73686662622555,186.4243666281776,-44.999999991820864,45.000000008179136,90.0,False,True,False,False,False
Rule+QP,0,339,238.6911200072872,64,16.0,0,0,1,-34.999999991780875,222.0642488749221,213.75174887687413,-44.99999999185616,45.00000000814384,90.0,False,True,False,False,False
Rule+QP,0,340,199.82872705705736,46,11.5,0,0,1,1.1395226046649861e-08,224.9999999012746,224.99999990427332,-4.030595702811537e-07,45.00000001140135,45.00000041446092,False,True,False,False,False
Rule+QP,0,341,227.9848840436055,27,6.75,0,0,1,-34.999999988287215,183.18749990025609,174.87499990303786,-44.99999999129252,45.00000000870748,90.0,False,True,False,False,False
Rule+QP,0,342,197.98121056908303,23,5.75,0,0,1,-34.999999988287215,191.49999991454112,183.1874999173229,-44.99999999129651,45.00000000870349,90.0,False,True,False,False,False
Rule+QP,0,343,193.55943882139064,1,0.25,0,0,1,-34.99999995744751,141.6249999779868,133.312499988093,-79.99999994986524,10.000000050134751,90.0,False,True,False,False,False
Rule+QP,0,344,223.5970243395447,25,6.25,0,0,1,-34.9999999882872,199.8124999111065,191.4999999138883,-44.99999999129646,45.00000000870354,90.0,False,True,False,False,False
Rule+QP,0,345,226.09159468291364,20,5.0,0,0,1,-34.9999999882872,199.8124999245812,191.49999992736295,-44.99999998734127,45.00000001265873,90.0,False,True,False,False,False
Rule+QP,0,346,220.3964426953276,20,5.0,0,0,1,-34.9999999902246,174.8749999269715,166.56249992929315,-79.9999999882872,10.0000000117128,90.0,False,True,False,False,False
Rule+QP,0,347,220.346099815932,75,18.75,0,0,1,-34.999999988287186,220.0586808523304,211.7461808551122,-44.999999991296455,45.000000008703545,90.0,False,True,False,False,False
Rule+QP,0,348,208.81242377129408,24,6.0,0,0,1,8.703540310657973e-09,183.18749991072065,183.18749991301104,-44.99999999129646,45.00000000870354,90.0,False,True,False,False,False
Rule+QP,0,349,221.2812182787511,22,5.5,0,0,1,-34.999999988287215,183.1874999133259,174.87499991610764,-44.99999999129252,45.00000000870748,90.0,False,True,False,False,False
Rule+QP,0,350,185.64296930491568,1,0.25,0,0,1,-34.99999994986525,133.31249997874292,124.99999999064993,-44.99999996446968,45.00000003553032,90.0,False,True,False,False,False
Rule+QP,0,351,225.6950362023732,26,6.5,0,0,1,8.703540294401085e-09,199.8124999093386,199.812499911629,-44.99999999129646,45.00000000870354,90.0,False,True,False,False,False
Rule+QP,0,352,207.89131264999665,26,6.5,0,0,1,8.707478402325218e-09,158.24999990578388,158.24999990807532,-44.99999999129646,45.00000000870354,90.0,False,True,False,False,False
Rule+QP,0,353,200.95105464181336,64,16.0,0,0,1,8.1438384799416e-09,221.2744650601969,221.27446506234,-15.68646289541053,45.00000000814384,60.68646290355437,False,True,False,False,False
Rule+QP,0,354,212.0564410551338,62,15.5,0,0,1,-34.999999991780875,208.1249998219678,199.81249982391984,-44.99999999185616,45.00000000814384,90.0,False,True,False,False,False
Rule+QP,0,355,211.11767921335056,23,5.75,0,0,1,-34.9999999882872,208.12499991793396,199.8124999207157,-44.99999999129651,45.00000000870349,90.0,False,True,False,False,False
Rule+QP,0,356,212.34053342241987,25,6.25,0,0,1,-34.999999990224595,199.8124999035932,191.49999990591488,-79.9999999882872,10.0000000117128,90.0,False,True,False,False,False
Rule+QP,0,357,188.8528752738712,3,0.75,0,0,1,-34.9999999498653,133.3124999600396,124.99999997194658,-44.99999996446565,45.00000003553436,90.00000000000001,False,True,False,False,False
Rule+QP,0,358,205.911532117765,26,6.5,0,0,1,8.703540310804238e-09,166.56249990529983,166.56249990759022,-44.99999999129646,45.00000000870354,90.0,False,True,False,False,False
Rule+QP,0,359,200.1002994198296,27,6.75,0,0,1,3.930813011613783e-08,224.9999999481832,224.9999999585274,-1.7462142702578077e-07,45.00000003951264,45.00000021413407,False,True,False,False,False
Rule+QP,0,360,218.2069672304184,69,17.25,0,0,1,-34.999999991780875,168.72600084249098,160.413500844443,-44.99999999185616,45.00000000814384,90.0,False,True,False,False,False
Rule+QP,0,361,224.75225926856197,24,6.0,0,0,1,-34.9999999882872,199.81249991272867,191.49999991551047,-44.99999999129646,45.00000000870354,90.0,False,True,False,False,False
Rule+QP,0,362,222.9361204443937,20,5.0,0,0,1,-34.9999999882872,166.56249992594837,158.24999992873018,-44.999999991292526,45.000000008707474,90.0,False,True,False,False,False
Rule+QP,0,363,224.4997618966015,26,6.5,0,0,1,-34.9999999882872,199.81249989586453,191.49999989864637,-44.99999999129252,45.00000000870748,90.0,False,True,False,False,False
Rule+QP,0,364,155.05087322838722,23,5.75,0,0,1,-34.999999988287215,199.8124999040681,191.4999999068499,-44.99999999129651,45.00000000870349,90.0,False,True,False,False,False
