version,controller,seed,budget,day,step,soc_before_kwh,power_lower_kw,power_upper_kw,raw_power_kw,executed_power_kw,soc_after_kwh,qp_path,terminal_lower_kw,terminal_upper_kw,terminal_physical_gap_kw,soc_kwh,target_kwh,remaining_steps,physical_lower_kw,physical_upper_kw,tolerance_kw,terminal_roundoff_repair,terminal_ramp_relaxation,terminal_ramp_gap_kw
old,PPO-QP-no-penalty,20260806,15,259,0,125.0,-45.0,45.0,4.942737547445065,4.942737662840128,123.6992795624105,hard_qp_solution,-421.0526315789474,380.0,-200.0,,,,,,,,,
old,PPO-QP-no-penalty,20260806,15,259,1,123.6992795624105,-40.05726233715987,49.94273766284013,7.067352478360924,7.067352595329448,121.83944993206065,hard_qp_solution,-426.5293492109032,375.05726233715984,-200.0,,,,,,,,,
old,PPO-QP-no-penalty,20260806,15,259,2,121.83944993206065,-37.932647404670554,52.067352595329446,4.632426072549635,4.6324261811384195,120.62039041070842,hard_qp_solution,-434.36021081237624,367.98990974183045,-200.0,,,,,,,,,
old,PPO-QP-no-penalty,20260806,15,259,3,120.62039041070842,-40.36757381886158,49.63242618113842,2.2649657961240703,2.2649657971383963,120.02434677988253,hard_qp_solution,-439.4930930075435,363.357483560692,-200.0,,,,,,,,,
old,PPO-QP-no-penalty,20260806,15,259,4,120.02434677988253,-42.735034202861605,47.264965797138395,5.272445727762771,5.272445739793652,118.63686105888421,hard_qp_solution,-442.0027504004946,361.09251776355364,-200.0,,,,,,,,,
old,PPO-QP-no-penalty,20260806,15,259,5,118.63686105888421,-39.72755426020635,50.27244573979365,17.46334799169852,17.463348004090236,114.04124316307099,hard_qp_solution,-447.8447955415402,355.82007202375996,-200.0,,,,,,,,,
old,PPO-QP-no-penalty,20260806,15,259,6,114.04124316307099,-27.536651995909764,62.463348004090236,25.21770336744168,25.217703379257284,107.40500543168748,hard_qp_solution,-467.1947656291748,338.35672401966974,-200.0,,,,,,,,,
old,PPO-QP-no-penalty,20260806,15,259,7,107.40500543168748,-19.782296620742716,70.21770337925729,19.852224071263958,19.852224083429732,102.18073593604808,hard_qp_solution,-495.1368192350001,313.1390206404124,-200.0,,,,,,,,,
old,PPO-QP-no-penalty,20260806,15,259,8,102.18073593604808,-25.147775916570268,64.85222408342973,27.851004752085785,27.851004763829927,94.85152415609284,hard_qp_solution,-517.133743427166,293.28679655698267,-200.0,,,,,,,,,
old,PPO-QP-no-penalty,20260806,15,259,9,94.85152415609284,-17.148995236170073,72.85100476382993,35.09820349340623,35.09820350503206,85.61515481266335,hard_qp_solution,-547.9935825006618,265.43579179315276,-200.0,,,,,,,,,
old,PPO-QP-no-penalty,20260806,15,259,10,85.61515481266335,-9.90179649496794,80.09820350503206,46.26939753813924,46.26939754971423,73.43899756273855,hard_qp_solution,-586.8835586835228,230.3375882881207,-200.0,,,,,,,,,
old,PPO-QP-no-penalty,20260806,15,259,11,73.43899756273855,1.2693975497142276,91.26939754971423,46.41460186593554,46.41460187792547,61.224628647495,hard_qp_solution,-638.1515892095218,184.06819073840649,-200.0,,,,,,,,,
old,PPO-QP-no-penalty,20260806,15,259,12,61.224628647495,1.4146018779254703,91.41460187792546,60.280752503192794,60.280752514818744,45.3612727225427,hard_qp_solution,-689.5805109579159,137.653588860481,-200.0,,,,,,,,,
old,PPO-QP-no-penalty,20260806,15,259,13,45.3612727225427,15.280752514818744,77.37283634566226,61.34931186277761,61.34931187644338,29.216716965583917,hard_qp_solution,-756.3735885366623,77.37283634566226,-177.37283634566228,,,,,,,,,
old,PPO-QP-no-penalty,20260806,15,259,14,29.216716965583917,-100.0,16.023524469218884,61.21127864669739,16.023524469218884,25.0,hard_qp_solution,-824.3506654080678,16.023524469218884,-116.02352446921888,,,,,,,,,
old,PPO-QP-no-penalty,20260806,15,259,15,25.0,-28.976475530781116,0.0,57.27422860166247,0.0,25.0,hard_qp_solution,-842.1052631578948,0.0,-100.0,,,,,,,,,
old,PPO-QP-no-penalty,20260806,15,259,16,25.0,-45.0,0.0,55.29933159846826,0.0,25.0,hard_qp_solution,-842.1052631578948,0.0,-100.0,,,,,,,,,
old,PPO-QP-no-penalty,20260806,15,259,17,25.0,-45.0,0.0,57.791681991630384,0.0,25.0,hard_qp_solution,-842.1052631578948,0.0,-100.0,,,,,,,,,
old,PPO-QP-no-penalty,20260806,15,259,18,25.0,-45.0,0.0,42.340794562368266,0.0,25.0,hard_qp_solution,-842.1052631578948,0.0,-100.0,,,,,,,,,
old,PPO-QP-no-penalty,20260806,15,259,19,25.0,-45.0,0.0,34.81210794778935,0.0,25.0,hard_qp_solution,-842.1052631578948,0.0,-100.0,,,,,,,,,
old,PPO-QP-no-penalty,20260806,15,259,20,25.0,-45.0,0.0,15.255282782493811,0.0,25.0,hard_qp_solution,-842.1052631578948,0.0,-100.0,,,,,,,,,
old,PPO-QP-no-penalty,20260806,15,259,21,25.0,-45.0,0.0,13.002503109401697,0.0,25.0,hard_qp_solution,-842.1052631578948,0.0,-100.0,,,,,,,,,
old,PPO-QP-no-penalty,20260806,15,259,22,25.0,-45.0,0.0,5.907502729316063,0.0,25.0,hard_qp_solution,-842.1052631578948,0.0,-100.0,,,,,,,,,
old,PPO-QP-no-penalty,20260806,15,259,23,25.0,-45.0,0.0,5.704607277663805,0.0,25.0,hard_qp_solution,-842.1052631578948,0.0,-100.0,,,,,,,,,
old,PPO-QP-no-penalty,20260806,15,259,24,25.0,-45.0,0.0,0.3135045218072798,0.0,25.0,hard_qp_solution,-842.1052631578948,0.0,-100.0,,,,,,,,,
old,PPO-QP-no-penalty,20260806,15,259,25,25.0,-45.0,0.0,10.424186365478318,0.0,25.0,hard_qp_solution,-842.1052631578948,0.0,-100.0,,,,,,,,,
old,PPO-QP-no-penalty,20260806,15,259,26,25.0,-45.0,0.0,10.192514989221708,0.0,25.0,hard_qp_solution,-842.1052631578948,0.0,-100.0,,,,,,,,,
old,PPO-QP-no-penalty,20260806,15,259,27,25.0,-45.0,0.0,45.19829594345355,0.0,25.0,hard_qp_solution,-842.1052631578948,0.0,-100.0,,,,,,,,,
old,PPO-QP-no-penalty,20260806,15,259,28,25.0,-45.0,0.0,20.49506539997506,0.0,25.0,hard_qp_solution,-842.1052631578948,0.0,-100.0,,,,,,,,,
old,PPO-QP-no-penalty,20260806,15,259,29,25.0,-45.0,0.0,36.608958554504525,0.0,25.0,hard_qp_solution,-842.1052631578948,0.0,-100.0,,,,,,,,,
old,PPO-QP-no-penalty,20260806,15,259,30,25.0,-45.0,0.0,30.041836485092468,0.0,25.0,hard_qp_solution,-842.1052631578948,0.0,-100.0,,,,,,,,,
old,PPO-QP-no-penalty,20260806,15,259,31,25.0,-45.0,0.0,29.45235340255869,0.0,25.0,hard_qp_solution,-842.1052631578948,0.0,-100.0,,,,,,,,,
old,PPO-QP-no-penalty,20260806,15,259,32,25.0,-45.0,0.0,11.372223826545538,-43.99995936334031,35.44999034879332,phase2_solution,-842.1052631578948,0.0,-100.0,,,,,,,,,
old,PPO-QP-no-penalty,20260806,15,259,33,35.44999034879332,-88.99995936334031,1.0000406366596906,5.017319292407881,-41.63821254508927,45.33906582825202,hard_qp_solution,-798.1053037945544,39.70996332541462,-139.7099633254146,,,,,,,,,
old,PPO-QP-no-penalty,20260806,15,259,34,45.33906582825202,-86.63821254508926,3.3617874549107327,11.120050250396664,-30.717393108820957,52.63444669159699,hard_qp_solution,-756.4670912494652,77.28845014735766,-177.28845014735765,,,,,,,,,
old,PPO-QP-no-penalty,20260806,15,259,35,52.63444669159699,-75.71739310882096,14.282606891179043,4.855199544926554,-16.2442858255891,56.4924645751744,hard_qp_solution,-725.7496981406442,105.01089742806856,-200.0,,,,,,,,,
old,PPO-QP-no-penalty,20260806,15,259,36,56.4924645751744,-61.2442858255891,28.7557141744109,8.287390162059328,-60.24218046749621,70.79998243620476,phase2_solution,-709.5054123150552,119.67136538566272,-200.0,,,,,,,,,
old,PPO-QP-no-penalty,20260806,15,259,37,70.79998243620476,-100.0,-15.242180467496212,5.1261691114774255,-80.3385417218487,89.88038609514382,hard_qp_solution,-649.263231847559,174.03993325757807,-200.0,,,,,,,,,
old,PPO-QP-no-penalty,20260806,15,259,38,89.88038609514382,-100.0,-35.3385417218487,-7.147270625557615,-95.64860064692171,112.59692874878772,hard_qp_solution,-568.9246901257103,246.5454671615465,-200.0,,,,,,,,,
old,PPO-QP-no-penalty,20260806,15,259,39,112.59692874878772,-100.0,-50.64860064692171,-2.4321598838031853,-98.99951360501144,136.10931322997794,phase2_solution,-473.27608947878855,332.86832924539334,-200.0,,,,,,,,,
old,PPO-QP-no-penalty,20260806,15,259,40,136.10931322997794,-100.0,-53.999513605011444,5.2753448316447695,-98.99938923781583,159.6216681739592,phase2_solution,-374.2765758737771,422.21539027391617,-200.0,,,,,,,,,
old,PPO-QP-no-penalty,20260806,15,259,41,159.6216681739592,-100.0,-53.999389237815834,-4.564683978192301,-98.99934824923726,183.13401338315305,phase2_solution,-275.2771866359613,511.5623390610449,-200.0,,,,,,,,,
old,PPO-QP-no-penalty,20260806,15,259,42,183.13401338315305,-100.0,-53.99934824923726,-13.998047668491731,-91.60819405964789,204.89095947231942,hard_qp_solution,-176.27783838672403,600.9092508559816,-200.0,,,,,,,,,
old,PPO-QP-no-penalty,20260806,15,259,43,204.89095947231942,-84.66964432707611,-46.608194059647886,1.3039563492546105,-83.6691355564827,224.76237916698406,phase2_solution,-84.66964432707611,683.5856459948138,-184.66964432707613,,,,,,,,,
old,PPO-QP-no-penalty,20260806,15,259,44,224.76237916698406,-1.0005087705934257,100.0,-4.213815907628702,-1.0005087705934257,225.0,phase2_solution,-1.0005087705934257,759.0970408345394,-101.00050877059343,,,,,,,,,
old,PPO-QP-no-penalty,20260806,15,259,45,225.0,-0.0,43.99949122940657,-11.726191971583665,-0.0,225.0,phase2_solution,0.0,760.0,-100.0,,,,,,,,,
old,PPO-QP-no-penalty,20260806,15,259,46,225.0,-0.0,45.0,-36.49440353255745,-0.0,225.0,phase2_solution,0.0,760.0,-100.0,,,,,,,,,
old,PPO-QP-no-penalty,20260806,15,259,47,225.0,-0.0,45.0,-15.618528350386107,-0.0,225.0,phase2_solution,0.0,760.0,-100.0,,,,,,,,,
old,PPO-QP-no-penalty,20260806,15,259,48,225.0,-0.0,45.0,-10.598801468987833,-0.0,225.0,phase2_solution,0.0,760.0,-100.0,,,,,,,,,
old,PPO-QP-no-penalty,20260806,15,259,49,225.0,-0.0,45.0,-0.21474262142030945,-0.0,225.0,phase2_solution,0.0,760.0,-100.0,,,,,,,,,
old,PPO-QP-no-penalty,20260806,15,259,50,225.0,-0.0,45.0,-17.58384666458476,-0.0,225.0,phase2_solution,0.0,760.0,-100.0,,,,,,,,,
old,PPO-QP-no-penalty,20260806,15,259,51,225.0,-0.0,45.0,0.12237450897209087,-0.0,225.0,phase2_solution,0.0,760.0,-100.0,,,,,,,,,
old,PPO-QP-no-penalty,20260806,15,259,52,225.0,-0.0,45.0,0.8115401078120212,-0.0,225.0,phase2_solution,0.0,760.0,-100.0,,,,,,,,,
old,PPO-QP-no-penalty,20260806,15,259,53,225.0,-0.0,45.0,10.430330735932221,0.9999870198459511,224.73684552109316,phase2_solution,0.0,760.0,-100.0,,,,,,,,,
old,PPO-QP-no-penalty,20260806,15,259,54,224.73684552109316,-1.1080188585551218,45.99998701984595,15.612268185871942,-0.10829520045096828,224.76256563120026,phase2_solution,-1.1080188585551218,759.000012980154,-101.10801885855513,,,,,,,,,
old,PPO-QP-no-penalty,20260806,15,259,55,224.76256563120026,-0.9997236581041666,44.89170479954903,20.559737412161706,0.0006649666111054926,224.76239063998682,phase2_solution,-0.9997236581041666,759.097749398561,-100.99972365810417,,,,,,,,,
old,PPO-QP-no-penalty,20260806,15,259,56,224.76239063998682,-1.0004604632133938,45.000664966611104,34.77115184362663,-0.00046209563162855294,224.76250038769933,phase2_solution,-1.0004604632133938,759.0970844319498,-101.0004604632134,,,,,,,,,
old,PPO-QP-no-penalty,20260806,15,259,57,224.76250038769933,-0.9999983675817548,44.999537904368374,28.967132922177353,1.5598625084745117e-06,224.7624999772092,phase2_solution,-0.9999983675817548,759.0975014732575,-100.99999836758175,,,,,,,,,
old,PPO-QP-no-penalty,20260806,15,259,58,224.7624999772092,-1.0000000959613127,45.00000155986251,41.57477256628474,-1.7623253423689157e-07,224.76250001906442,phase2_solution,-1.0000000959613127,759.0974999133949,-101.00000009596131,,,,,,,,,
old,PPO-QP-no-penalty,20260806,15,259,59,224.76250001906442,-0.9999999197287636,44.99999982376747,29.48846439412367,-1.2943992941004124e-06,224.76250032648426,phase2_solution,-0.9999999197287636,759.0975000724447,-100.99999991972877,,,,,,,,,
old,PPO-QP-no-penalty,20260806,15,259,60,224.76250032648426,-0.9999986253294418,44.9999987056007,29.17015110431369,18.80632092076986,219.81346850522903,hard_qp_solution,-0.9999986253294418,759.0975012406401,-100.99999862532944,,,,,,,,,
old,PPO-QP-no-penalty,20260806,15,259,61,219.81346850522903,-21.838027346404104,63.80632092076986,23.361975221096802,6.939560677606019,217.98726832691165,hard_qp_solution,-21.838027346404104,740.2911803198703,-121.8380273464041,,,,,,,,,
old,PPO-QP-no-penalty,20260806,15,259,62,217.98726832691165,-29.527291255108857,51.93956067760602,39.16672401713341,18.466684798493755,213.1276144325712,hard_qp_solution,-29.527291255108857,733.3516196422643,-129.52729125510885,,,,,,,,,
old,PPO-QP-no-penalty,20260806,15,259,63,213.1276144325712,-26.533315201506245,63.46668479849376,28.695579308666154,21.936994352410245,207.35472118193692,hard_qp_solution,-49.988991862858136,714.8849348437705,-149.98899186285814,,,,,,,,,
old,PPO-QP-no-penalty,20260806,15,259,64,207.35472118193692,-23.063005647589755,66.93699435241024,14.32310466024832,14.32310466864819,203.58548311124002,hard_qp_solution,-74.29591081289716,692.9479404913603,-174.29591081289715,,,,,,,,,
old,PPO-QP-no-penalty,20260806,15,259,65,203.58548311124002,-30.67689533135181,59.32310466864819,20.36789540314542,20.367895411496388,198.22551063453045,hard_qp_solution,-90.16638690004201,678.624835822712,-190.16638690004203,,,,,,,,,
old,PPO-QP-no-penalty,20260806,15,259,66,198.22551063453045,-24.632104588503612,65.36789541149639,23.909817910018955,23.909817918341272,191.93345328759852,hard_qp_solution,-112.73469206513495,658.2569404112157,-200.0,,,,,,,,,
old,PPO-QP-no-penalty,20260806,15,259,67,191.93345328759852,-21.090182081658728,68.90981791834128,10.988890717100787,10.988890725527579,189.0416399387755,hard_qp_solution,-139.2275651048483,634.3471224928744,-200.0,,,,,,,,,
old,PPO-QP-no-penalty,20260806,15,259,68,189.0416399387755,-34.01110927447242,55.98889072552758,1.0096656033248455,1.0096656118323701,188.7759384619775,hard_qp_solution,-151.403621310419,623.3582317673469,-200.0,,,,,,,,,
old,PPO-QP-no-penalty,20260806,15,259,69,188.7759384619775,-43.99033438816763,46.00966561183237,1.957828516162903,1.9578285246628147,188.2607204291715,hard_qp_solution,-152.52236437062112,622.3485661555144,-200.0,,,,,,,,,
old,PPO-QP-no-penalty,20260806,15,259,70,188.2607204291715,-43.042171475337184,46.957828524662816,-4.634182841635657,-4.634182833082437,189.36133885202858,hard_qp_solution,-154.69170345612002,620.3907376308516,-200.0,,,,,,,,,
old,PPO-QP-no-penalty,20260806,15,259,71,189.36133885202858,-49.634182833082434,40.365817166917566,2.290999728208239,2.2909997366875863,188.7584441844792,hard_qp_solution,-150.05752062303756,624.5730876377086,-200.0,,,,,,,,,
old,PPO-QP-no-penalty,20260806,15,259,72,188.7584441844792,-42.70900026331241,47.29099973668759,13.900573572819658,13.90057358528959,185.10039850413983,hard_qp_solution,-152.59602448640337,622.282087901021,-200.0,,,,,,,,,
old,PPO-QP-no-penalty,20260806,15,259,73,185.10039850413983,-31.099426414710408,58.90057358528959,7.925694234565646,7.9256942465438796,183.01468949189143,hard_qp_solution,-167.9983220878323,608.3815143157314,-200.0,,,,,,,,,
old,PPO-QP-no-penalty,20260806,15,259,74,183.01468949189143,-37.07430575345612,52.92569424654388,20.93847453731775,20.93847454965005,177.50456461040457,hard_qp_solution,-176.78025477098345,600.4558200691874,-200.0,,,,,,,,,
old,PPO-QP-no-penalty,20260806,15,259,75,177.50456461040457,-24.06152545034995,65.93847454965005,14.0018957454125,14.0018957576801,173.81985520048875,hard_qp_solution,-199.98078058777023,579.5173455195373,-200.0,,,,,,,,,
old,PPO-QP-no-penalty,20260806,15,259,76,173.81985520048875,-30.9981042423199,59.0018957576801,14.721701949395861,14.721701961187133,169.9457231054395,hard_qp_solution,-215.4953465242579,565.5154497618572,-200.0,,,,,,,,,
old,PPO-QP-no-penalty,20260806,15,259,77,169.9457231054395,-30.278298038812867,59.72170196118714,15.976229948859311,15.976229960640392,165.74145206316572,hard_qp_solution,-231.80748166130738,550.7937478006701,-200.0,,,,,,,,,
old,PPO-QP-no-penalty,20260806,15,259,78,165.74145206316572,-29.023770039359608,60.976229960640396,13.925043039580636,13.925043051378372,162.0769670496451,hard_qp_solution,-249.50967552351275,534.8175178400297,-200.0,,,,,,,,,
old,PPO-QP-no-penalty,20260806,15,259,79,162.0769670496451,-31.074956948621626,58.925043051378374,6.630344090425284,6.63034410256929,160.33213965423212,hard_qp_solution,-264.9390861067575,520.8924747886514,-200.0,,,,,,,,,
old,PPO-QP-no-penalty,20260806,15,259,80,160.33213965423212,-38.36965589743071,51.63034410256929,11.461240303336385,11.461240315407863,157.31602378175637,hard_qp_solution,-272.28572777165425,514.2621306860821,-200.0,,,,,,,,,
old,PPO-QP-no-penalty,20260806,15,259,81,157.31602378175637,-33.53875968459214,56.46124031540786,-0.9030491885889489,-0.9030491758703553,157.5304979610256,hard_qp_solution,-284.9851630241837,502.8008903706742,-200.0,,,,,,,,,
old,PPO-QP-no-penalty,20260806,15,259,82,157.5304979610256,-45.90304917587036,44.09695082412964,2.3483860713739326,2.348386083640474,156.91250162322547,hard_qp_solution,-284.0821138483133,503.6158922518972,-200.0,,,,,,,,,
old,PPO-QP-no-penalty,20260806,15,259,83,156.91250162322547,-42.65161391635952,47.34838608364048,3.591806355763956,3.5918063678462673,155.96728942116067,hard_qp_solution,-286.6842036916823,501.2675061682568,-200.0,,,,,,,,,
old,PPO-QP-no-penalty,20260806,15,259,84,155.96728942116067,-41.40819363215373,48.59180636784627,-0.6951129902354456,-0.6951129783187464,156.13237875351138,hard_qp_solution,-290.6640445424814,497.67569980041054,-200.0,,,,,,,,,
old,PPO-QP-no-penalty,20260806,15,259,85,156.13237875351138,-45.69511297831875,44.30488702168125,-1.742789720859815,-1.742789708760243,156.54629130934194,hard_qp_solution,-289.96893156416263,498.3030392633432,-200.0,,,,,,,,,
old,PPO-QP-no-penalty,20260806,15,259,86,156.54629130934194,-46.74278970876024,43.25721029123976,4.856851784270979,4.856851796690581,155.268172415476,hard_qp_solution,-288.2261418554024,499.87590697549933,-200.0,,,,,,,,,
old,PPO-QP-no-penalty,20260806,15,259,87,155.268172415476,-40.14314820330942,49.85685179669058,-8.710589175550464,-8.710589162839815,157.33693734165044,hard_qp_solution,-293.6076950927327,495.01905517880874,-200.0,,,,,,,,,
old,PPO-QP-no-penalty,20260806,15,259,88,157.33693734165044,-53.71058916283982,36.28941083716018,1.7526590798014177,1.7526590925995171,156.87571126465056,hard_qp_solution,-284.8971059298929,502.88036189827164,-200.0,,,,,,,,,
old,PPO-QP-no-penalty,20260806,15,259,89,156.87571126465056,-43.247340907400485,46.752659092599515,-5.949678660686912,-5.949678648727246,158.28875994372328,hard_qp_solution,-286.83911046462924,501.12770280567213,-200.0,,,,,,,,,
old,PPO-QP-no-penalty,20260806,15,259,90,158.28875994372328,-50.94967864872724,39.05032135127276,-12.084412969929547,-12.084412957842202,161.1588080212108,hard_qp_solution,-280.889431815902,506.49728778614843,-200.0,,,,,,,,,
old,PPO-QP-no-penalty,20260806,15,259,91,161.1588080212108,-57.084412957842204,32.915587042157796,-23.49531101513957,-23.495311003037138,166.73894438443213,hard_qp_solution,-268.8050188580598,498.403470480601,-200.0,,,,,,,,,
old,PPO-QP-no-penalty,20260806,15,259,92,166.73894438443213,-68.49531100303713,21.504688996962862,-19.079985458586286,-19.079985445515003,171.27044092774193,hard_qp_solution,-156.66704857524422,429.35798866084207,-200.0,,,,,,,,,
old,PPO-QP-no-penalty,20260806,15,259,93,171.27044092774193,-26.783739030006355,25.920014554484997,-25.05072299223274,-25.050722971823113,177.21998763354992,hard_qp_solution,-26.783739030006355,356.3276755254193,-126.78373903000636,,,,,,,,,
old,PPO-QP-no-penalty,20260806,15,259,94,177.21998763354992,98.43595300748966,100.0,-28.71243692254876,98.43595300748966,151.31578947368422,hard_qp_solution,98.43595300748966,288.6859530074897,-1.5640469925103417,,,,,,,,,
old,PPO-QP-no-penalty,20260806,15,259,95,151.31578947368422,53.43595300748966,100.0,-28.535041646244313,53.43595300748966,137.2536965769764,hard_qp_solution,100.00000000000003,100.00000000000003,2.842170943040401e-14,,,,,,,,,
fixed,PPO-QP-no-penalty,20260806,15,259,0,125.0,-45.0,45.0,4.942737547445065,4.942737662840128,123.6992795624105,hard_qp_solution,-421.0526315789474,380.0,-200.0,125.0,125.0,96.0,-100.0,100.0,3.7999999999999996e-08,0.0,0.0,0.0
fixed,PPO-QP-no-penalty,20260806,15,259,1,123.6992795624105,-40.05726233715987,49.94273766284013,7.067352478360924,7.067352595329448,121.83944993206065,hard_qp_solution,-426.5293492109032,375.05726233715984,-200.0,123.6992795624105,125.0,95.0,-100.0,100.0,3.7999999999999996e-08,0.0,0.0,0.0
fixed,PPO-QP-no-penalty,20260806,15,259,2,121.83944993206065,-37.932647404670554,52.067352595329446,4.632426072549635,4.6324261811384195,120.62039041070842,hard_qp_solution,-434.36021081237624,367.98990974183045,-200.0,121.83944993206065,125.0,94.0,-100.0,100.0,3.7999999999999996e-08,0.0,0.0,0.0
fixed,PPO-QP-no-penalty,20260806,15,259,3,120.62039041070842,-40.36757381886158,49.63242618113842,2.2649657961240703,2.2649657971383963,120.02434677988253,hard_qp_solution,-439.4930930075435,363.357483560692,-200.0,120.62039041070842,125.0,93.0,-100.0,100.0,3.7999999999999996e-08,0.0,0.0,0.0
fixed,PPO-QP-no-penalty,20260806,15,259,4,120.02434677988253,-42.735034202861605,47.264965797138395,5.272445727762771,5.272445739793652,118.63686105888421,hard_qp_solution,-442.0027504004946,361.09251776355364,-200.0,120.02434677988253,125.0,92.0,-100.0,100.0,3.7999999999999996e-08,0.0,0.0,0.0
fixed,PPO-QP-no-penalty,20260806,15,259,5,118.63686105888421,-39.72755426020635,50.27244573979365,17.46334799169852,17.463348004090236,114.04124316307099,hard_qp_solution,-447.8447955415402,355.82007202375996,-200.0,118.63686105888421,125.0,91.0,-100.0,100.0,3.7999999999999996e-08,0.0,0.0,0.0
fixed,PPO-QP-no-penalty,20260806,15,259,6,114.04124316307099,-27.536651995909764,62.463348004090236,25.21770336744168,25.217703379257284,107.40500543168748,hard_qp_solution,-467.1947656291748,338.35672401966974,-200.0,114.04124316307099,125.0,90.0,-100.0,100.0,3.7999999999999996e-08,0.0,0.0,0.0
fixed,PPO-QP-no-penalty,20260806,15,259,7,107.40500543168748,-19.782296620742716,70.21770337925729,19.852224071263958,19.852224083429732,102.18073593604808,hard_qp_solution,-495.1368192350001,313.1390206404124,-200.0,107.40500543168748,125.0,89.0,-100.0,100.0,3.7999999999999996e-08,0.0,0.0,0.0
fixed,PPO-QP-no-penalty,20260806,15,259,8,102.18073593604808,-25.147775916570268,64.85222408342973,27.851004752085785,27.851004763829927,94.85152415609284,hard_qp_solution,-517.133743427166,293.28679655698267,-200.0,102.18073593604808,125.0,88.0,-100.0,100.0,3.7999999999999996e-08,0.0,0.0,0.0
fixed,PPO-QP-no-penalty,20260806,15,259,9,94.85152415609284,-17.148995236170073,72.85100476382993,35.09820349340623,35.09820350503206,85.61515481266335,hard_qp_solution,-547.9935825006618,265.43579179315276,-200.0,94.85152415609284,125.0,87.0,-100.0,100.0,3.7999999999999996e-08,0.0,0.0,0.0
fixed,PPO-QP-no-penalty,20260806,15,259,10,85.61515481266335,-9.90179649496794,80.09820350503206,46.26939753813924,46.26939754971423,73.43899756273855,hard_qp_solution,-586.8835586835228,230.3375882881207,-200.0,85.61515481266335,125.0,86.0,-100.0,100.0,3.7999999999999996e-08,0.0,0.0,0.0
fixed,PPO-QP-no-penalty,20260806,15,259,11,73.43899756273855,1.2693975497142276,91.26939754971423,46.41460186593554,46.41460187792547,61.224628647495,hard_qp_solution,-638.1515892095218,184.06819073840649,-200.0,73.43899756273855,125.0,85.0,-100.0,100.0,3.7999999999999996e-08,0.0,0.0,0.0
fixed,PPO-QP-no-penalty,20260806,15,259,12,61.224628647495,1.4146018779254703,91.41460187792546,60.280752503192794,60.280752514818744,45.3612727225427,hard_qp_solution,-689.5805109579159,137.653588860481,-200.0,61.224628647495,125.0,84.0,-100.0,100.0,3.7999999999999996e-08,0.0,0.0,0.0
fixed,PPO-QP-no-penalty,20260806,15,259,13,45.3612727225427,15.280752514818744,77.37283634566226,61.34931186277761,61.34931187644338,29.216716965583917,hard_qp_solution,-756.3735885366623,77.37283634566226,-177.37283634566228,45.3612727225427,125.0,83.0,-100.0,77.37283634566226,3.7999999999999996e-08,0.0,0.0,0.0
fixed,PPO-QP-no-penalty,20260806,15,259,14,29.216716965583917,-100.0,16.023524469218884,61.21127864669739,16.023524469218884,25.0,hard_qp_solution,-824.3506654080678,16.023524469218884,-116.02352446921888,29.216716965583917,125.0,82.0,-100.0,16.023524469218884,3.7999999999999996e-08,0.0,0.0,0.0
fixed,PPO-QP-no-penalty,20260806,15,259,15,25.0,-28.976475530781116,0.0,57.27422860166247,0.0,25.0,hard_qp_solution,-842.1052631578948,0.0,-100.0,25.0,125.0,81.0,-100.0,0.0,3.7999999999999996e-08,0.0,0.0,0.0
fixed,PPO-QP-no-penalty,20260806,15,259,16,25.0,-45.0,0.0,55.29933159846826,0.0,25.0,hard_qp_solution,-842.1052631578948,0.0,-100.0,25.0,125.0,80.0,-100.0,0.0,3.7999999999999996e-08,0.0,0.0,0.0
fixed,PPO-QP-no-penalty,20260806,15,259,17,25.0,-45.0,0.0,57.791681991630384,0.0,25.0,hard_qp_solution,-842.1052631578948,0.0,-100.0,25.0,125.0,79.0,-100.0,0.0,3.7999999999999996e-08,0.0,0.0,0.0
fixed,PPO-QP-no-penalty,20260806,15,259,18,25.0,-45.0,0.0,42.340794562368266,0.0,25.0,hard_qp_solution,-842.1052631578948,0.0,-100.0,25.0,125.0,78.0,-100.0,0.0,3.7999999999999996e-08,0.0,0.0,0.0
fixed,PPO-QP-no-penalty,20260806,15,259,19,25.0,-45.0,0.0,34.81210794778935,0.0,25.0,hard_qp_solution,-842.1052631578948,0.0,-100.0,25.0,125.0,77.0,-100.0,0.0,3.7999999999999996e-08,0.0,0.0,0.0
fixed,PPO-QP-no-penalty,20260806,15,259,20,25.0,-45.0,0.0,15.255282782493811,0.0,25.0,hard_qp_solution,-842.1052631578948,0.0,-100.0,25.0,125.0,76.0,-100.0,0.0,3.7999999999999996e-08,0.0,0.0,0.0
fixed,PPO-QP-no-penalty,20260806,15,259,21,25.0,-45.0,0.0,13.002503109401697,0.0,25.0,hard_qp_solution,-842.1052631578948,0.0,-100.0,25.0,125.0,75.0,-100.0,0.0,3.7999999999999996e-08,0.0,0.0,0.0
fixed,PPO-QP-no-penalty,20260806,15,259,22,25.0,-45.0,0.0,5.907502729316063,0.0,25.0,hard_qp_solution,-842.1052631578948,0.0,-100.0,25.0,125.0,74.0,-100.0,0.0,3.7999999999999996e-08,0.0,0.0,0.0
fixed,PPO-QP-no-penalty,20260806,15,259,23,25.0,-45.0,0.0,5.704607277663805,0.0,25.0,hard_qp_solution,-842.1052631578948,0.0,-100.0,25.0,125.0,73.0,-100.0,0.0,3.7999999999999996e-08,0.0,0.0,0.0
fixed,PPO-QP-no-penalty,20260806,15,259,24,25.0,-45.0,0.0,0.3135045218072798,0.0,25.0,hard_qp_solution,-842.1052631578948,0.0,-100.0,25.0,125.0,72.0,-100.0,0.0,3.7999999999999996e-08,0.0,0.0,0.0
fixed,PPO-QP-no-penalty,20260806,15,259,25,25.0,-45.0,0.0,10.424186365478318,0.0,25.0,hard_qp_solution,-842.1052631578948,0.0,-100.0,25.0,125.0,71.0,-100.0,0.0,3.7999999999999996e-08,0.0,0.0,0.0
fixed,PPO-QP-no-penalty,20260806,15,259,26,25.0,-45.0,0.0,10.192514989221708,0.0,25.0,hard_qp_solution,-842.1052631578948,0.0,-100.0,25.0,125.0,70.0,-100.0,0.0,3.7999999999999996e-08,0.0,0.0,0.0
fixed,PPO-QP-no-penalty,20260806,15,259,27,25.0,-45.0,0.0,45.19829594345355,0.0,25.0,hard_qp_solution,-842.1052631578948,0.0,-100.0,25.0,125.0,69.0,-100.0,0.0,3.7999999999999996e-08,0.0,0.0,0.0
fixed,PPO-QP-no-penalty,20260806,15,259,28,25.0,-45.0,0.0,20.49506539997506,0.0,25.0,hard_qp_solution,-842.1052631578948,0.0,-100.0,25.0,125.0,68.0,-100.0,0.0,3.7999999999999996e-08,0.0,0.0,0.0
fixed,PPO-QP-no-penalty,20260806,15,259,29,25.0,-45.0,0.0,36.608958554504525,0.0,25.0,hard_qp_solution,-842.1052631578948,0.0,-100.0,25.0,125.0,67.0,-100.0,0.0,3.7999999999999996e-08,0.0,0.0,0.0
fixed,PPO-QP-no-penalty,20260806,15,259,30,25.0,-45.0,0.0,30.041836485092468,0.0,25.0,hard_qp_solution,-842.1052631578948,0.0,-100.0,25.0,125.0,66.0,-100.0,0.0,3.7999999999999996e-08,0.0,0.0,0.0
fixed,PPO-QP-no-penalty,20260806,15,259,31,25.0,-45.0,0.0,29.45235340255869,0.0,25.0,hard_qp_solution,-842.1052631578948,0.0,-100.0,25.0,125.0,65.0,-100.0,0.0,3.7999999999999996e-08,0.0,0.0,0.0
fixed,PPO-QP-no-penalty,20260806,15,259,32,25.0,-45.0,0.0,11.372223826545538,-43.99995936334031,35.44999034879332,phase2_solution,-842.1052631578948,0.0,-100.0,25.0,125.0,64.0,-100.0,0.0,3.7999999999999996e-08,0.0,0.0,0.0
fixed,PPO-QP-no-penalty,20260806,15,259,33,35.44999034879332,-88.99995936334031,1.0000406366596906,5.017319292407881,-41.63821254508927,45.33906582825202,hard_qp_solution,-798.1053037945544,39.70996332541462,-139.7099633254146,35.44999034879332,125.0,63.0,-100.0,39.70996332541462,3.7999999999999996e-08,0.0,0.0,0.0
fixed,PPO-QP-no-penalty,20260806,15,259,34,45.33906582825202,-86.63821254508926,3.3617874549107327,11.120050250396664,-30.717393108820957,52.63444669159699,hard_qp_solution,-756.4670912494652,77.28845014735766,-177.28845014735765,45.33906582825202,125.0,62.0,-100.0,77.28845014735766,3.7999999999999996e-08,0.0,0.0,0.0
fixed,PPO-QP-no-penalty,20260806,15,259,35,52.63444669159699,-75.71739310882096,14.282606891179043,4.855199544926554,-16.2442858255891,56.4924645751744,hard_qp_solution,-725.7496981406442,105.01089742806856,-200.0,52.63444669159699,125.0,61.0,-100.0,100.0,3.7999999999999996e-08,0.0,0.0,0.0
fixed,PPO-QP-no-penalty,20260806,15,259,36,56.4924645751744,-61.2442858255891,28.7557141744109,8.287390162059328,-60.24218046749621,70.79998243620476,phase2_solution,-709.5054123150552,119.67136538566272,-200.0,56.4924645751744,125.0,60.0,-100.0,100.0,3.7999999999999996e-08,0.0,0.0,0.0
fixed,PPO-QP-no-penalty,20260806,15,259,37,70.79998243620476,-100.0,-15.242180467496212,5.1261691114774255,-80.3385417218487,89.88038609514382,hard_qp_solution,-649.263231847559,174.03993325757807,-200.0,70.79998243620476,125.0,59.0,-100.0,100.0,3.7999999999999996e-08,0.0,0.0,0.0
fixed,PPO-QP-no-penalty,20260806,15,259,38,89.88038609514382,-100.0,-35.3385417218487,-7.147270625557615,-95.64860064692171,112.59692874878772,hard_qp_solution,-568.9246901257103,246.5454671615465,-200.0,89.88038609514382,125.0,58.0,-100.0,100.0,3.7999999999999996e-08,0.0,0.0,0.0
fixed,PPO-QP-no-penalty,20260806,15,259,39,112.59692874878772,-100.0,-50.64860064692171,-2.4321598838031853,-98.99951360501144,136.10931322997794,phase2_solution,-473.27608947878855,332.86832924539334,-200.0,112.59692874878772,125.0,57.0,-100.0,100.0,3.7999999999999996e-08,0.0,0.0,0.0
fixed,PPO-QP-no-penalty,20260806,15,259,40,136.10931322997794,-100.0,-53.999513605011444,5.2753448316447695,-98.99938923781583,159.6216681739592,phase2_solution,-374.2765758737771,422.21539027391617,-200.0,136.10931322997794,125.0,56.0,-100.0,100.0,3.7999999999999996e-08,0.0,0.0,0.0
fixed,PPO-QP-no-penalty,20260806,15,259,41,159.6216681739592,-100.0,-53.999389237815834,-4.564683978192301,-98.99934824923726,183.13401338315305,phase2_solution,-275.2771866359613,511.5623390610449,-200.0,159.6216681739592,125.0,55.0,-100.0,100.0,3.7999999999999996e-08,0.0,0.0,0.0
fixed,PPO-QP-no-penalty,20260806,15,259,42,183.13401338315305,-100.0,-53.99934824923726,-13.998047668491731,-91.60819405964789,204.89095947231942,hard_qp_solution,-176.27783838672403,600.9092508559816,-200.0,183.13401338315305,125.0,54.0,-100.0,100.0,3.7999999999999996e-08,0.0,0.0,0.0
fixed,PPO-QP-no-penalty,20260806,15,259,43,204.89095947231942,-84.66964432707611,-46.608194059647886,1.3039563492546105,-83.6691355564827,224.76237916698406,phase2_solution,-84.66964432707611,683.5856459948138,-184.66964432707613,204.89095947231942,125.0,53.0,-84.66964432707611,100.0,3.7999999999999996e-08,0.0,0.0,0.0
fixed,PPO-QP-no-penalty,20260806,15,259,44,224.76237916698406,-1.0005087705934257,100.0,-4.213815907628702,-1.0005087705934257,225.0,phase2_solution,-1.0005087705934257,759.0970408345394,-101.00050877059343,224.76237916698406,125.0,52.0,-1.0005087705934257,100.0,3.7999999999999996e-08,0.0,0.0,0.0
fixed,PPO-QP-no-penalty,20260806,15,259,45,225.0,-0.0,43.99949122940657,-11.726191971583665,-0.0,225.0,phase2_solution,0.0,760.0,-100.0,225.0,125.0,51.0,-0.0,100.0,3.7999999999999996e-08,0.0,0.0,0.0
fixed,PPO-QP-no-penalty,20260806,15,259,46,225.0,-0.0,45.0,-36.49440353255745,-0.0,225.0,phase2_solution,0.0,760.0,-100.0,225.0,125.0,50.0,-0.0,100.0,3.7999999999999996e-08,0.0,0.0,0.0
fixed,PPO-QP-no-penalty,20260806,15,259,47,225.0,-0.0,45.0,-15.618528350386107,-0.0,225.0,phase2_solution,0.0,760.0,-100.0,225.0,125.0,49.0,-0.0,100.0,3.7999999999999996e-08,0.0,0.0,0.0
fixed,PPO-QP-no-penalty,20260806,15,259,48,225.0,-0.0,45.0,-10.598801468987833,-0.0,225.0,phase2_solution,0.0,760.0,-100.0,225.0,125.0,48.0,-0.0,100.0,3.7999999999999996e-08,0.0,0.0,0.0
fixed,PPO-QP-no-penalty,20260806,15,259,49,225.0,-0.0,45.0,-0.21474262142030945,-0.0,225.0,phase2_solution,0.0,760.0,-100.0,225.0,125.0,47.0,-0.0,100.0,3.7999999999999996e-08,0.0,0.0,0.0
fixed,PPO-QP-no-penalty,20260806,15,259,50,225.0,-0.0,45.0,-17.58384666458476,-0.0,225.0,phase2_solution,0.0,760.0,-100.0,225.0,125.0,46.0,-0.0,100.0,3.7999999999999996e-08,0.0,0.0,0.0
fixed,PPO-QP-no-penalty,20260806,15,259,51,225.0,-0.0,45.0,0.12237450897209087,-0.0,225.0,phase2_solution,0.0,760.0,-100.0,225.0,125.0,45.0,-0.0,100.0,3.7999999999999996e-08,0.0,0.0,0.0
fixed,PPO-QP-no-penalty,20260806,15,259,52,225.0,-0.0,45.0,0.8115401078120212,-0.0,225.0,phase2_solution,0.0,760.0,-100.0,225.0,125.0,44.0,-0.0,100.0,3.7999999999999996e-08,0.0,0.0,0.0
fixed,PPO-QP-no-penalty,20260806,15,259,53,225.0,-0.0,45.0,10.430330735932221,0.9999870198459511,224.73684552109316,phase2_solution,0.0,760.0,-100.0,225.0,125.0,43.0,-0.0,100.0,3.7999999999999996e-08,0.0,0.0,0.0
fixed,PPO-QP-no-penalty,20260806,15,259,54,224.73684552109316,-1.1080188585551218,45.99998701984595,15.612268185871942,-0.10829520045096828,224.76256563120026,phase2_solution,-1.1080188585551218,759.000012980154,-101.10801885855513,224.73684552109316,125.0,42.0,-1.1080188585551218,100.0,3.7999999999999996e-08,0.0,0.0,0.0
fixed,PPO-QP-no-penalty,20260806,15,259,55,224.76256563120026,-0.9997236581041666,44.89170479954903,20.559737412161706,0.0006649666111054926,224.76239063998682,phase2_solution,-0.9997236581041666,759.097749398561,-100.99972365810417,224.76256563120026,125.0,41.0,-0.9997236581041666,100.0,3.7999999999999996e-08,0.0,0.0,0.0
fixed,PPO-QP-no-penalty,20260806,15,259,56,224.76239063998682,-1.0004604632133938,45.000664966611104,34.77115184362663,-0.00046209563162855294,224.76250038769933,phase2_solution,-1.0004604632133938,759.0970844319498,-101.0004604632134,224.76239063998682,125.0,40.0,-1.0004604632133938,100.0,3.7999999999999996e-08,0.0,0.0,0.0
fixed,PPO-QP-no-penalty,20260806,15,259,57,224.76250038769933,-0.9999983675817548,44.999537904368374,28.967132922177353,1.5598625084745117e-06,224.7624999772092,phase2_solution,-0.9999983675817548,759.0975014732575,-100.99999836758175,224.76250038769933,125.0,39.0,-0.9999983675817548,100.0,3.7999999999999996e-08,0.0,0.0,0.0
fixed,PPO-QP-no-penalty,20260806,15,259,58,224.7624999772092,-1.0000000959613127,45.00000155986251,41.57477256628474,-1.7623253423689157e-07,224.76250001906442,phase2_solution,-1.0000000959613127,759.0974999133949,-101.00000009596131,224.7624999772092,125.0,38.0,-1.0000000959613127,100.0,3.7999999999999996e-08,0.0,0.0,0.0
fixed,PPO-QP-no-penalty,20260806,15,259,59,224.76250001906442,-0.9999999197287636,44.99999982376747,29.48846439412367,-1.2943992941004124e-06,224.76250032648426,phase2_solution,-0.9999999197287636,759.0975000724447,-100.99999991972877,224.76250001906442,125.0,37.0,-0.9999999197287636,100.0,3.7999999999999996e-08,0.0,0.0,0.0
fixed,PPO-QP-no-penalty,20260806,15,259,60,224.76250032648426,-0.9999986253294418,44.9999987056007,29.17015110431369,18.80632092076986,219.81346850522903,hard_qp_solution,-0.9999986253294418,759.0975012406401,-100.99999862532944,224.76250032648426,125.0,36.0,-0.9999986253294418,100.0,3.7999999999999996e-08,0.0,0.0,0.0
fixed,PPO-QP-no-penalty,20260806,15,259,61,219.81346850522903,-21.838027346404104,63.80632092076986,23.361975221096802,6.939560677606019,217.98726832691165,hard_qp_solution,-21.838027346404104,740.2911803198703,-121.8380273464041,219.81346850522903,125.0,35.0,-21.838027346404104,100.0,3.7999999999999996e-08,0.0,0.0,0.0
fixed,PPO-QP-no-penalty,20260806,15,259,62,217.98726832691165,-29.527291255108857,51.93956067760602,39.16672401713341,18.466684798493755,213.1276144325712,hard_qp_solution,-29.527291255108857,733.3516196422643,-129.52729125510885,217.98726832691165,125.0,34.0,-29.527291255108857,100.0,3.7999999999999996e-08,0.0,0.0,0.0
fixed,PPO-QP-no-penalty,20260806,15,259,63,213.1276144325712,-26.533315201506245,63.46668479849376,28.695579308666154,21.936994352410245,207.35472118193692,hard_qp_solution,-49.988991862858136,714.8849348437705,-149.98899186285814,213.1276144325712,125.0,33.0,-49.988991862858136,100.0,3.7999999999999996e-08,0.0,0.0,0.0
fixed,PPO-QP-no-penalty,20260806,15,259,64,207.35472118193692,-23.063005647589755,66.93699435241024,14.32310466024832,14.32310466864819,203.58548311124002,hard_qp_solution,-74.29591081289716,692.9479404913603,-174.29591081289715,207.35472118193692,125.0,32.0,-74.29591081289716,100.0,3.7999999999999996e-08,0.0,0.0,0.0
fixed,PPO-QP-no-penalty,20260806,15,259,65,203.58548311124002,-30.67689533135181,59.32310466864819,20.36789540314542,20.367895411496388,198.22551063453045,hard_qp_solution,-90.16638690004201,678.624835822712,-190.16638690004203,203.58548311124002,125.0,31.0,-90.16638690004201,100.0,3.7999999999999996e-08,0.0,0.0,0.0
fixed,PPO-QP-no-penalty,20260806,15,259,66,198.22551063453045,-24.632104588503612,65.36789541149639,23.909817910018955,23.909817918341272,191.93345328759852,hard_qp_solution,-112.73469206513495,658.2569404112157,-200.0,198.22551063453045,125.0,30.0,-100.0,100.0,3.7999999999999996e-08,0.0,0.0,0.0
fixed,PPO-QP-no-penalty,20260806,15,259,67,191.93345328759852,-21.090182081658728,68.90981791834128,10.988890717100787,10.988890725527579,189.0416399387755,hard_qp_solution,-139.2275651048483,634.3471224928744,-200.0,191.93345328759852,125.0,29.0,-100.0,100.0,3.7999999999999996e-08,0.0,0.0,0.0
fixed,PPO-QP-no-penalty,20260806,15,259,68,189.0416399387755,-34.01110927447242,55.98889072552758,1.0096656033248455,1.0096656118323701,188.7759384619775,hard_qp_solution,-151.403621310419,623.3582317673469,-200.0,189.0416399387755,125.0,28.0,-100.0,100.0,3.7999999999999996e-08,0.0,0.0,0.0
fixed,PPO-QP-no-penalty,20260806,15,259,69,188.7759384619775,-43.99033438816763,46.00966561183237,1.957828516162903,1.9578285246628147,188.2607204291715,hard_qp_solution,-152.52236437062112,622.3485661555144,-200.0,188.7759384619775,125.0,27.0,-100.0,100.0,3.7999999999999996e-08,0.0,0.0,0.0
fixed,PPO-QP-no-penalty,20260806,15,259,70,188.2607204291715,-43.042171475337184,46.957828524662816,-4.634182841635657,-4.634182833082437,189.36133885202858,hard_qp_solution,-154.69170345612002,620.3907376308516,-200.0,188.2607204291715,125.0,26.0,-100.0,100.0,3.7999999999999996e-08,0.0,0.0,0.0
fixed,PPO-QP-no-penalty,20260806,15,259,71,189.36133885202858,-49.634182833082434,40.365817166917566,2.290999728208239,2.2909997366875863,188.7584441844792,hard_qp_solution,-150.05752062303756,624.5730876377086,-200.0,189.36133885202858,125.0,25.0,-100.0,100.0,3.7999999999999996e-08,0.0,0.0,0.0
fixed,PPO-QP-no-penalty,20260806,15,259,72,188.7584441844792,-42.70900026331241,47.29099973668759,13.900573572819658,13.90057358528959,185.10039850413983,hard_qp_solution,-152.59602448640337,622.282087901021,-200.0,188.7584441844792,125.0,24.0,-100.0,100.0,3.7999999999999996e-08,0.0,0.0,0.0
fixed,PPO-QP-no-penalty,20260806,15,259,73,185.10039850413983,-31.099426414710408,58.90057358528959,7.925694234565646,7.9256942465438796,183.01468949189143,hard_qp_solution,-167.9983220878323,608.3815143157314,-200.0,185.10039850413983,125.0,23.0,-100.0,100.0,3.7999999999999996e-08,0.0,0.0,0.0
fixed,PPO-QP-no-penalty,20260806,15,259,74,183.01468949189143,-37.07430575345612,52.92569424654388,20.93847453731775,20.93847454965005,177.50456461040457,hard_qp_solution,-176.78025477098345,600.4558200691874,-200.0,183.01468949189143,125.0,22.0,-100.0,100.0,3.7999999999999996e-08,0.0,0.0,0.0
fixed,PPO-QP-no-penalty,20260806,15,259,75,177.50456461040457,-24.06152545034995,65.93847454965005,14.0018957454125,14.0018957576801,173.81985520048875,hard_qp_solution,-199.98078058777023,579.5173455195373,-200.0,177.50456461040457,125.0,21.0,-100.0,100.0,3.7999999999999996e-08,0.0,0.0,0.0
fixed,PPO-QP-no-penalty,20260806,15,259,76,173.81985520048875,-30.9981042423199,59.0018957576801,14.721701949395861,14.721701961187133,169.9457231054395,hard_qp_solution,-215.4953465242579,565.5154497618572,-200.0,173.81985520048875,125.0,20.0,-100.0,100.0,3.7999999999999996e-08,0.0,0.0,0.0
fixed,PPO-QP-no-penalty,20260806,15,259,77,169.9457231054395,-30.278298038812867,59.72170196118714,15.976229948859311,15.976229960640392,165.74145206316572,hard_qp_solution,-231.80748166130738,550.7937478006701,-200.0,169.9457231054395,125.0,19.0,-100.0,100.0,3.7999999999999996e-08,0.0,0.0,0.0
fixed,PPO-QP-no-penalty,20260806,15,259,78,165.74145206316572,-29.023770039359608,60.976229960640396,13.925043039580636,13.925043051378372,162.0769670496451,hard_qp_solution,-249.50967552351275,534.8175178400297,-200.0,165.74145206316572,125.0,18.0,-100.0,100.0,3.7999999999999996e-08,0.0,0.0,0.0
fixed,PPO-QP-no-penalty,20260806,15,259,79,162.0769670496451,-31.074956948621626,58.925043051378374,6.630344090425284,6.63034410256929,160.33213965423212,hard_qp_solution,-264.9390861067575,520.8924747886514,-200.0,162.0769670496451,125.0,17.0,-100.0,100.0,3.7999999999999996e-08,0.0,0.0,0.0
fixed,PPO-QP-no-penalty,20260806,15,259,80,160.33213965423212,-38.36965589743071,51.63034410256929,11.461240303336385,11.461240315407863,157.31602378175637,hard_qp_solution,-272.28572777165425,514.2621306860821,-200.0,160.33213965423212,125.0,16.0,-100.0,100.0,3.7999999999999996e-08,0.0,0.0,0.0
fixed,PPO-QP-no-penalty,20260806,15,259,81,157.31602378175637,-33.53875968459214,56.46124031540786,-0.9030491885889489,-0.9030491758703553,157.5304979610256,hard_qp_solution,-284.9851630241837,502.8008903706742,-200.0,157.31602378175637,125.0,15.0,-100.0,100.0,3.7999999999999996e-08,0.0,0.0,0.0
fixed,PPO-QP-no-penalty,20260806,15,259,82,157.5304979610256,-45.90304917587036,44.09695082412964,2.3483860713739326,2.348386083640474,156.91250162322547,hard_qp_solution,-284.0821138483133,503.6158922518972,-200.0,157.5304979610256,125.0,14.0,-100.0,100.0,3.7999999999999996e-08,0.0,0.0,0.0
fixed,PPO-QP-no-penalty,20260806,15,259,83,156.91250162322547,-42.65161391635952,47.34838608364048,3.591806355763956,3.5918063678462673,155.96728942116067,hard_qp_solution,-286.6842036916823,501.2675061682568,-200.0,156.91250162322547,125.0,13.0,-100.0,100.0,3.7999999999999996e-08,0.0,0.0,0.0
fixed,PPO-QP-no-penalty,20260806,15,259,84,155.96728942116067,-41.40819363215373,48.59180636784627,-0.6951129902354456,-0.6951129783187464,156.13237875351138,hard_qp_solution,-290.6640445424814,497.67569980041054,-200.0,155.96728942116067,125.0,12.0,-100.0,100.0,3.7999999999999996e-08,0.0,0.0,0.0
fixed,PPO-QP-no-penalty,20260806,15,259,85,156.13237875351138,-45.69511297831875,44.30488702168125,-1.742789720859815,-1.742789708760243,156.54629130934194,hard_qp_solution,-289.96893156416263,498.3030392633432,-200.0,156.13237875351138,125.0,11.0,-100.0,100.0,3.7999999999999996e-08,0.0,0.0,0.0
fixed,PPO-QP-no-penalty,20260806,15,259,86,156.54629130934194,-46.74278970876024,43.25721029123976,4.856851784270979,4.856851796690581,155.268172415476,hard_qp_solution,-288.2261418554024,499.87590697549933,-200.0,156.54629130934194,125.0,10.0,-100.0,100.0,3.7999999999999996e-08,0.0,0.0,0.0
fixed,PPO-QP-no-penalty,20260806,15,259,87,155.268172415476,-40.14314820330942,49.85685179669058,-8.710589175550464,-8.710589162839815,157.33693734165044,hard_qp_solution,-293.6076950927327,495.01905517880874,-200.0,155.268172415476,125.0,9.0,-100.0,100.0,3.7999999999999996e-08,0.0,0.0,0.0
fixed,PPO-QP-no-penalty,20260806,15,259,88,157.33693734165044,-53.71058916283982,36.28941083716018,1.7526590798014177,1.7526590925995171,156.87571126465056,hard_qp_solution,-284.8971059298929,502.88036189827164,-200.0,157.33693734165044,125.0,8.0,-100.0,100.0,3.7999999999999996e-08,0.0,0.0,0.0
fixed,PPO-QP-no-penalty,20260806,15,259,89,156.87571126465056,-43.247340907400485,46.752659092599515,-5.949678660686912,-5.949678648727246,158.28875994372328,hard_qp_solution,-286.83911046462924,501.12770280567213,-200.0,156.87571126465056,125.0,7.0,-100.0,100.0,3.7999999999999996e-08,0.0,0.0,0.0
fixed,PPO-QP-no-penalty,20260806,15,259,90,158.28875994372328,-50.94967864872724,39.05032135127276,-12.084412969929547,-12.084412957842202,161.1588080212108,hard_qp_solution,-280.889431815902,506.49728778614843,-200.0,158.28875994372328,125.0,6.0,-100.0,100.0,3.7999999999999996e-08,0.0,0.0,0.0
fixed,PPO-QP-no-penalty,20260806,15,259,91,161.1588080212108,-57.084412957842204,32.915587042157796,-23.49531101513957,-23.495311003037138,166.73894438443213,hard_qp_solution,-268.8050188580598,498.403470480601,-200.0,161.1588080212108,125.0,5.0,-100.0,100.0,3.7999999999999996e-08,0.0,0.0,0.0
fixed,PPO-QP-no-penalty,20260806,15,259,92,166.73894438443213,-68.49531100303713,21.504688996962862,-19.079985458586286,-19.079985445515003,171.27044092774193,hard_qp_solution,-156.66704857524422,429.35798866084207,-200.0,166.73894438443213,125.0,4.0,-100.0,100.0,3.7999999999999996e-08,0.0,0.0,0.0
fixed,PPO-QP-no-penalty,20260806,15,259,93,171.27044092774193,-26.783739030006355,25.920014554484997,-25.05072299223274,-25.050722971823113,177.21998763354992,hard_qp_solution,-26.783739030006355,356.3276755254193,-126.78373903000636,171.27044092774193,125.0,3.0,-100.0,100.0,3.7999999999999996e-08,0.0,0.0,0.0
fixed,PPO-QP-no-penalty,20260806,15,259,94,177.21998763354992,98.43595300748966,100.0,-28.71243692254876,98.43595300748966,151.31578947368422,hard_qp_solution,98.43595300748966,288.6859530074897,-1.5640469925103417,177.21998763354992,125.0,2.0,-100.0,100.0,3.7999999999999996e-08,0.0,1.0,78.48667597931276
fixed,PPO-QP-no-penalty,20260806,15,259,95,151.31578947368422,100.0,100.0,-28.535041646244313,100.0,125.0,hard_qp_solution,100.00000000000003,100.00000000000003,2.842170943040401e-14,151.31578947368422,125.0,1.0,-100.0,100.0,3.7999999999999996e-08,1.0,0.0,0.0
old,PPO-QP-no-penalty,20260806,15,273,0,125.0,-45.0,45.0,10.572643312094522,10.572643421679993,122.21772541534737,hard_qp_solution,-421.0526315789474,380.0,-200.0,,,,,,,,,
old,PPO-QP-no-penalty,20260806,15,273,1,122.21772541534737,-34.42735657832001,55.57264342167999,12.918427979567848,12.918428094730977,118.81813907462869,hard_qp_solution,-432.7674719353795,369.42735657832003,-200.0,,,,,,,,,
old,PPO-QP-no-penalty,20260806,15,273,2,118.81813907462869,-32.08157190526902,57.91842809473098,14.005957212852483,14.0059572144843,115.13236086029072,hard_qp_solution,-447.08151968577397,356.508928483589,-200.0,,,,,,,,,
old,PPO-QP-no-penalty,20260806,15,273,3,115.13236086029072,-30.994042785515703,59.0059572144843,16.806507072421077,16.806507084158408,110.70959583814377,hard_qp_solution,-462.6005858514075,342.5029712691047,-200.0,,,,,,,,,
old,PPO-QP-no-penalty,20260806,15,273,4,110.70959583814377,-28.193492915841592,61.80650708415841,19.52051110713075,19.520511118836136,105.57261922792374,hard_qp_solution,-481.22275436571044,325.6964641849463,-200.0,,,,,,,,,
old,PPO-QP-no-penalty,20260806,15,273,5,105.57261922792374,-25.479488881163864,64.52051111883614,27.54780619969689,27.547806211453572,98.32319654069912,hard_qp_solution,-502.8521295666369,306.1759530661102,-200.0,,,,,,,,,
old,PPO-QP-no-penalty,20260806,15,273,6,98.32319654069912,-17.452193788546428,72.54780621145358,41.276362003217045,41.27636201529968,87.46099601035709,hard_qp_solution,-533.3760145654775,278.6281468546566,-200.0,,,,,,,,,
old,PPO-QP-no-penalty,20260806,15,273,7,87.46099601035709,-3.723637984700318,86.27636201529968,37.003491377758394,37.00349139018101,77.7232351182042,hard_qp_solution,-579.1115957458649,237.35178483935695,-200.0,,,,,,,,,
old,PPO-QP-no-penalty,20260806,15,273,8,77.7232351182042,-7.996508609818989,82.00349139018101,40.61872964772422,40.61872965930483,67.03409573417662,hard_qp_solution,-620.1126942391402,200.34829344917594,-200.0,,,,,,,,,
old,PPO-QP-no-penalty,20260806,15,273,9,67.03409573417662,-4.381270340695167,85.61872965930483,40.698331834891064,40.698331846754115,56.32400840608343,hard_qp_solution,-665.11959690873,159.72956378987115,-200.0,,,,,,,,,
old,PPO-QP-no-penalty,20260806,15,273,10,56.32400840608343,-4.301668153245885,85.69833184675412,53.6231968721951,53.62319688386072,42.21264080506745,hard_qp_solution,-710.2147014480698,119.03123194311702,-200.0,,,,,,,,,
old,PPO-QP-no-penalty,20260806,15,273,11,42.21264080506745,8.623196883860722,65.4080350592563,49.57775225981214,49.577752273544554,29.16586389097678,hard_qp_solution,-769.6309860839266,65.4080350592563,-165.4080350592563,,,,,,,,,
old,PPO-QP-no-penalty,20260806,15,273,12,29.16586389097678,4.577752273544554,15.830282785711765,60.70592001008377,15.830282785711763,25.0,hard_qp_solution,-824.56478361694,15.830282785711765,-115.83028278571176,,,,,,,,,
old,PPO-QP-no-penalty,20260806,15,273,13,25.0,-29.169717214288237,0.0,58.67220169093026,0.0,25.0,hard_qp_solution,-842.1052631578948,0.0,-100.0,,,,,,,,,
old,PPO-QP-no-penalty,20260806,15,273,14,25.0,-45.0,0.0,59.796703976332346,0.0,25.0,hard_qp_solution,-842.1052631578948,0.0,-100.0,,,,,,,,,
old,PPO-QP-no-penalty,20260806,15,273,15,25.0,-45.0,0.0,47.71093053975536,0.0,25.0,hard_qp_solution,-842.1052631578948,0.0,-100.0,,,,,,,,,
old,PPO-QP-no-penalty,20260806,15,273,16,25.0,-45.0,0.0,40.80133691428954,0.0,25.0,hard_qp_solution,-842.1052631578948,0.0,-100.0,,,,,,,,,
old,PPO-QP-no-penalty,20260806,15,273,17,25.0,-45.0,0.0,35.784655038700244,0.0,25.0,hard_qp_solution,-842.1052631578948,0.0,-100.0,,,,,,,,,
old,PPO-QP-no-penalty,20260806,15,273,18,25.0,-45.0,0.0,28.869029223515103,0.0,25.0,hard_qp_solution,-842.1052631578948,0.0,-100.0,,,,,,,,,
old,PPO-QP-no-penalty,20260806,15,273,19,25.0,-45.0,0.0,26.39560657859958,0.0,25.0,hard_qp_solution,-842.1052631578948,0.0,-100.0,,,,,,,,,
old,PPO-QP-no-penalty,20260806,15,273,20,25.0,-45.0,0.0,20.5264107898462,0.0,25.0,hard_qp_solution,-842.1052631578948,0.0,-100.0,,,,,,,,,
old,PPO-QP-no-penalty,20260806,15,273,21,25.0,-45.0,0.0,24.247991323783978,0.0,25.0,hard_qp_solution,-842.1052631578948,0.0,-100.0,,,,,,,,,
old,PPO-QP-no-penalty,20260806,15,273,22,25.0,-45.0,0.0,8.5123961165908,0.0,25.0,hard_qp_solution,-842.1052631578948,0.0,-100.0,,,,,,,,,
old,PPO-QP-no-penalty,20260806,15,273,23,25.0,-45.0,0.0,22.770287056346433,0.0,25.0,hard_qp_solution,-842.1052631578948,0.0,-100.0,,,,,,,,,
old,PPO-QP-no-penalty,20260806,15,273,24,25.0,-45.0,0.0,12.766231216128055,0.0,25.0,hard_qp_solution,-842.1052631578948,0.0,-100.0,,,,,,,,,
old,PPO-QP-no-penalty,20260806,15,273,25,25.0,-45.0,0.0,22.71684836198411,0.0,25.0,hard_qp_solution,-842.1052631578948,0.0,-100.0,,,,,,,,,
old,PPO-QP-no-penalty,20260806,15,273,26,25.0,-45.0,0.0,21.481099962882556,0.0,25.0,hard_qp_solution,-842.1052631578948,0.0,-100.0,,,,,,,,,
old,PPO-QP-no-penalty,20260806,15,273,27,25.0,-45.0,0.0,33.26046410713429,0.0,25.0,hard_qp_solution,-842.1052631578948,0.0,-100.0,,,,,,,,,
old,PPO-QP-no-penalty,20260806,15,273,28,25.0,-45.0,0.0,25.31614337374198,0.0,25.0,hard_qp_solution,-842.1052631578948,0.0,-100.0,,,,,,,,,
old,PPO-QP-no-penalty,20260806,15,273,29,25.0,-45.0,0.0,22.17642485260195,0.0,25.0,hard_qp_solution,-842.1052631578948,0.0,-100.0,,,,,,,,,
old,PPO-QP-no-penalty,20260806,15,273,30,25.0,-45.0,0.0,22.256432772285606,0.0,25.0,hard_qp_solution,-842.1052631578948,0.0,-100.0,,,,,,,,,
old,PPO-QP-no-penalty,20260806,15,273,31,25.0,-45.0,0.0,24.787105646381068,0.0,25.0,hard_qp_solution,-842.1052631578948,0.0,-100.0,,,,,,,,,
old,PPO-QP-no-penalty,20260806,15,273,32,25.0,-45.0,0.0,20.86451820463901,-37.60121686557071,33.930289005573044,hard_qp_solution,-842.1052631578948,0.0,-100.0,,,,,,,,,
old,PPO-QP-no-penalty,20260806,15,273,33,33.930289005573044,-82.6012168655707,7.398783134429287,2.680698357899737,-28.86569795758507,40.785892270499495,hard_qp_solution,-804.504046292324,33.93509822117757,-133.93509822117755,,,,,,,,,
old,PPO-QP-no-penalty,20260806,15,273,34,40.785892270499495,-73.86569795758507,16.13430204241493,-12.25466359361651,-46.386526547359914,51.802692325497475,hard_qp_solution,-775.638348334739,59.98639062789808,-159.9863906278981,,,,,,,,,
old,PPO-QP-no-penalty,20260806,15,273,35,51.802692325497475,-91.38652654735992,-1.3865265473599138,12.61796616379347,-28.906169563423354,58.66790759681052,hard_qp_solution,-729.2518217873791,101.8502308368904,-200.0,,,,,,,,,
old,PPO-QP-no-penalty,20260806,15,273,36,58.66790759681052,-73.90616956342336,16.093830436576646,-3.9899451131038863,-64.07969529696189,73.88683522983897,hard_qp_solution,-700.3456522239558,127.93804886787998,-200.0,,,,,,,,,
old,PPO-QP-no-penalty,20260806,15,273,37,73.88683522983897,-100.0,-19.079695296961887,-1.4828042784844218,-82.21935388636165,93.41393177784985,hard_qp_solution,-636.2659569269939,185.76997387338807,-200.0,,,,,,,,,
old,PPO-QP-no-penalty,20260806,15,273,38,93.41393177784985,-100.0,-37.219353886361645,-23.009885919864313,-76.57441019620444,111.6003541994484,hard_qp_solution,-554.0466030406322,259.9729407558294,-200.0,,,,,,,,,
old,PPO-QP-no-penalty,20260806,15,273,39,111.6003541994484,-100.0,-31.57441019620444,-8.454903534465634,-60.7919595621898,126.03844459546848,hard_qp_solution,-477.4721928444278,329.0813459579039,-200.0,,,,,,,,,
old,PPO-QP-no-penalty,20260806,15,273,40,126.03844459546848,-100.0,-15.791959562189803,-22.115568502396737,-94.15319790942857,148.39982909895775,hard_qp_solution,-416.680233282238,383.9460894627802,-200.0,,,,,,,,,
old,PPO-QP-no-penalty,20260806,15,273,41,148.39982909895775,-100.0,-49.15319790942857,-10.171190967812969,-92.42199826738936,170.35005368746272,hard_qp_solution,-322.52703537280945,468.91935057603945,-200.0,,,,,,,,,
old,PPO-QP-no-penalty,20260806,15,273,42,170.35005368746272,-100.0,-47.421998267389355,-7.895537097196899,-90.54578997739561,191.85467880709416,hard_qp_solution,-230.10503710542014,552.3302040123583,-200.0,,,,,,,,,
old,PPO-QP-no-penalty,20260806,15,273,43,191.85467880709416,-100.0,-45.545789977395614,7.174765792580497,-99.00000015065034,215.3671788428736,phase2_solution,-139.5592471280246,634.0477794669578,-200.0,,,,,,,,,
old,PPO-QP-no-penalty,20260806,15,273,44,215.3671788428736,-40.55924697737426,100.0,26.897158203430475,-39.558979505114515,224.76243647533832,phase2_solution,-40.55924697737426,723.3952796029197,-140.55924697737424,,,,,,,,,
old,PPO-QP-no-penalty,20260806,15,273,45,224.76243647533832,-1.0002674722597094,5.4410204948854854,18.511454088609124,1.4652443013923387e-05,224.76243261943227,phase2_solution,-1.0002674722597094,759.0972586062855,-101.00026747225971,,,,,,,,,
old,PPO-QP-no-penalty,20260806,15,273,46,224.76243261943227,-1.0002837076535798,45.000014652443014,7.256237227967762,-0.0002902047693301178,224.76250154306499,phase2_solution,-1.0002837076535798,759.0972439538426,-101.00028370765358,,,,,,,,,
old,PPO-QP-no-penalty,20260806,15,273,47,224.76250154306499,-0.9999935028842725,44.99970979523067,18.37103949276665,0.00025869195172343294,224.7624334662356,phase2_solution,-0.9999935028842725,759.0975058636469,-100.99999350288427,,,,,,,,,
old,PPO-QP-no-penalty,20260806,15,273,48,224.7624334662356,-1.0002801421659282,45.00025869195172,17.832652128456377,-0.0003262245271804413,224.7625109445608,phase2_solution,-1.0002801421659282,759.0972471716952,-101.00028014216593,,,,,,,,,
old,PPO-QP-no-penalty,20260806,15,273,49,224.7625109445608,-0.9999539176387292,44.99967377547282,-1.3066058097830389,-0.9999539176387292,225.0,phase2_solution,-0.9999539176387292,759.0975415893311,-100.99995391763873,,,,,,,,,
old,PPO-QP-no-penalty,20260806,15,273,50,225.0,-0.0,44.00004608236127,31.221324185425285,0.9999905069117727,224.73684460344427,phase2_solution,0.0,760.0,-100.0,,,,,,,,,
old,PPO-QP-no-penalty,20260806,15,273,51,224.73684460344427,-1.1080227223399226,45.99999050691177,23.389746205993085,-0.10859563993955092,224.76263606792992,phase2_solution,-1.1080227223399226,759.0000094930882,-101.10802272233992,,,,,,,,,
old,PPO-QP-no-penalty,20260806,15,273,52,224.76263606792992,-0.9994270824003444,44.89140436006045,12.87494908071542,0.0008384839500906009,224.76241541425884,phase2_solution,-0.9994270824003444,759.0980170581337,-100.99942708240035,,,,,,,,,
old,PPO-QP-no-penalty,20260806,15,273,53,224.76241541425884,-1.0003561504890968,45.00083848395009,32.893851318933926,-0.0007017462178414782,224.7625820789856,phase2_solution,-1.0003561504890968,759.0971785741835,-101.0003561504891,,,,,,,,,
old,PPO-QP-no-penalty,20260806,15,273,54,224.7625820789856,-0.9996544042712087,44.99929825378216,26.934606315639687,0.0004142785456063765,224.7624730583157,phase2_solution,-0.9996544042712087,759.0978119001452,-100.99965440427121,,,,,,,,,
old,PPO-QP-no-penalty,20260806,15,273,55,224.7624730583157,-1.0001134386707715,45.000414278545605,21.222915873256802,-0.00071527617068801,224.76264293640622,phase2_solution,-1.0001134386707715,759.0973976215996,-101.00011343867077,,,,,,,,,
old,PPO-QP-no-penalty,20260806,15,273,56,224.76264293640622,-0.9993981625001126,44.99928472382931,22.481195769181316,0.0006017613114841254,224.76248457816635,phase2_solution,-0.9993981625001126,759.0980431583436,-100.99939816250011,,,,,,,,,
old,PPO-QP-no-penalty,20260806,15,273,57,224.76248457816635,-1.0000649340364172,45.000601761311486,20.938452607282382,-6.612479179246892e-05,224.7625002828044,phase2_solution,-1.0000649340364172,759.0974413970321,-101.00006493403642,,,,,,,,,
old,PPO-QP-no-penalty,20260806,15,273,58,224.7625002828044,-0.9999988092445883,44.99993387520821,30.35774687899923,1.0048583746915184e-07,224.76250025636077,phase2_solution,-0.9999988092445883,759.0975010746567,-100.99999880924459,,,,,,,,,
old,PPO-QP-no-penalty,20260806,15,273,59,224.76250025636077,-0.9999989205862461,45.000000100485835,15.169871296951875,6.485211554996048e-05,224.76248319001456,phase2_solution,-0.9999989205862461,759.0975009741709,-100.99999892058625,,,,,,,,,
old,PPO-QP-no-penalty,20260806,15,273,60,224.76248319001456,-1.000070778886048,45.00006485211555,7.589778800031994,7.589778808622394,222.7651729772192,hard_qp_solution,-1.000070778886048,759.0974361220553,-101.00007077888604,,,,,,,,,
old,PPO-QP-no-penalty,20260806,15,273,61,222.7651729772192,-9.409797990655965,52.58977880862239,20.113270278283572,20.113270286636332,217.47220711231492,hard_qp_solution,-9.409797990655965,751.5076573134329,-109.40979799065596,,,,,,,,,
old,PPO-QP-no-penalty,20260806,15,273,62,217.47220711231492,-24.886729713363668,65.11327028663634,30.647017798502844,3.9444619672052332,216.43419080515565,hard_qp_solution,-31.695970053410868,731.3943870267966,-131.69597005341086,,,,,,,,,
old,PPO-QP-no-penalty,20260806,15,273,63,216.43419080515565,-36.06656503092358,48.944461967205235,28.636089567493418,28.63608957577739,208.89837775889845,hard_qp_solution,-36.06656503092358,727.4499250595915,-136.06656503092358,,,,,,,,,
old,PPO-QP-no-penalty,20260806,15,273,64,208.89837775889845,-16.36391042422261,73.63608957577739,14.52492039008928,14.524920398487485,205.07603028561226,hard_qp_solution,-67.79630417305917,698.813835483814,-167.79630417305918,,,,,,,,,
old,PPO-QP-no-penalty,20260806,15,273,65,205.07603028561226,-30.475079601512515,59.52492039848748,18.5934974040686,18.59349741243383,200.18300465076126,hard_qp_solution,-83.89039879742205,684.2889150853266,-183.89039879742205,,,,,,,,,
old,PPO-QP-no-penalty,20260806,15,273,66,200.18300465076126,-26.40650258756617,63.593497412433834,26.687529956628424,26.68752996492823,193.15997044946437,hard_qp_solution,-104.4926119967947,665.6954176728927,-200.0,,,,,,,,,
old,PPO-QP-no-penalty,20260806,15,273,67,193.15997044946437,-18.31247003507177,71.68752996492823,22.327660813036932,22.327660821372028,187.28427023331383,hard_qp_solution,-134.06328231804477,639.0078877079645,-200.0,,,,,,,,,
old,PPO-QP-no-penalty,20260806,15,273,68,187.28427023331383,-22.672339178627972,67.32766082137204,6.150924524085939,6.150924532551866,185.6656058826423,hard_qp_solution,-158.8030727018365,616.6802268865925,-200.0,,,,,,,,,
old,PPO-QP-no-penalty,20260806,15,273,69,185.6656058826423,-38.84907546744813,51.15092453255187,-5.959812931676149,-5.959812923128973,187.08106145188543,hard_qp_solution,-165.6185015467693,610.5293023540407,-200.0,,,,,,,,,
old,PPO-QP-no-penalty,20260806,15,273,70,187.08106145188543,-50.95981292312897,39.04018707687103,0.609018049862732,0.6090180583319484,186.92079354179808,hard_qp_solution,-159.6586886236403,615.9080335171647,-200.0,,,,,,,,,
old,PPO-QP-no-penalty,20260806,15,273,71,186.92079354179808,-44.39098194166805,45.60901805833195,0.9284739235877373,0.928473932060398,186.67645829651903,hard_qp_solution,-160.33350087663968,615.2990154588326,-200.0,,,,,,,,,
old,PPO-QP-no-penalty,20260806,15,273,72,186.67645829651903,-44.0715260679396,45.9284739320604,11.659715571348663,11.65971558383177,183.60811209024752,hard_qp_solution,-161.362280856762,614.3705415267723,-200.0,,,,,,,,,
old,PPO-QP-no-penalty,20260806,15,273,73,183.60811209024752,-33.34028441616823,56.65971558383177,11.22122086233578,11.221220874155446,180.65515922862767,hard_qp_solution,-174.281633304221,602.7108259429406,-200.0,,,,,,,,,
old,PPO-QP-no-penalty,20260806,15,273,74,180.65515922862767,-33.77877912584455,56.22122087415545,14.821154561143517,14.821154573014377,176.75485539362387,hard_qp_solution,-186.7151190373572,591.4896050687851,-200.0,,,,,,,,,
old,PPO-QP-no-penalty,20260806,15,273,75,176.75485539362387,-30.178845426985625,59.821154573014375,20.740791658622133,20.74079167045802,171.29675232245071,hard_qp_solution,-203.13745097421528,576.6684504957707,-200.0,,,,,,,,,
old,PPO-QP-no-penalty,20260806,15,273,76,171.29675232245071,-24.25920832954198,65.74079167045802,19.08203560930125,19.082035621057013,166.27516400111992,hard_qp_solution,-226.11893758968122,555.9276588253127,-200.0,,,,,,,,,
old,PPO-QP-no-penalty,20260806,15,273,77,166.27516400111992,-25.917964378942987,64.08203562105702,13.472670616597526,13.472670628654582,162.7297243620003,hard_qp_solution,-247.2624673637056,536.8456232042556,-200.0,,,,,,,,,
old,PPO-QP-no-penalty,20260806,15,273,78,162.7297243620003,-31.527329371345417,58.47267062865458,15.576024552825984,15.576024564610238,158.63077052920812,hard_qp_solution,-262.1906342652619,523.3729525756011,-200.0,,,,,,,,,
old,PPO-QP-no-penalty,20260806,15,273,79,158.63077052920812,-29.423975435389764,60.576024564610236,16.238046125844924,16.23804613762382,154.35760049299134,hard_qp_solution,-279.4493872454395,507.7969280109908,-200.0,,,,,,,,,
old,PPO-QP-no-penalty,20260806,15,273,80,154.35760049299134,-28.76195386237618,61.23804613762382,14.11323447089552,14.113234482691656,150.6435914185988,hard_qp_solution,-297.4416821347733,491.55888187336706,-200.0,,,,,,,,,
old,PPO-QP-no-penalty,20260806,15,273,81,150.6435914185988,-30.886765517308344,59.11323448269165,3.504606087671548,3.504606100234395,149.72132665537922,hard_qp_solution,-313.0796150795841,477.4456473906754,-200.0,,,,,,,,,
old,PPO-QP-no-penalty,20260806,15,273,82,149.72132665537922,-41.4953938997656,48.5046061002344,5.0247619730504525,5.024761985104031,148.39902086982553,hard_qp_solution,-316.9628351352454,473.941041290441,-200.0,,,,,,,,,
old,PPO-QP-no-penalty,20260806,15,273,83,148.39902086982553,-39.97523801489597,50.02476198510403,3.8180723875948743,3.8180723994956507,147.3942649752214,hard_qp_solution,-322.53043844283985,468.916279305337,-200.0,,,,,,,,,
old,PPO-QP-no-penalty,20260806,15,273,84,147.3942649752214,-41.18192760050435,48.81807239949565,5.8775243167213125,5.877524328784308,145.84754804659394,hard_qp_solution,-326.76098957801514,465.0982069058413,-200.0,,,,,,,,,
old,PPO-QP-no-penalty,20260806,15,273,85,145.84754804659394,-39.12247567121569,50.87752432878431,-6.366741713109146,-6.366741700539663,147.35964920047212,hard_qp_solution,-333.27348190907816,459.22068257705695,-200.0,,,,,,,,,
old,PPO-QP-no-penalty,20260806,15,273,86,147.35964920047212,-51.36674170053966,38.63325829946034,-5.839545436807874,-5.839545424458683,148.74654123878105,hard_qp_solution,-326.90674020853845,464.96666696179403,-200.0,,,,,,,,,
old,PPO-QP-no-penalty,20260806,15,273,87,148.74654123878105,-50.839545424458684,39.160454575541316,-5.239994632637505,-5.239994620303346,149.9910399611031,hard_qp_solution,-321.0671947840798,470.23685670736796,-200.0,,,,,,,,,
old,PPO-QP-no-penalty,20260806,15,273,88,149.9910399611031,-50.23999462030335,39.76000537969665,-1.0559576768036192,-1.0559576643562123,150.2418299063877,hard_qp_solution,-315.82720016377647,474.9659518521918,-200.0,,,,,,,,,
old,PPO-QP-no-penalty,20260806,15,273,89,150.2418299063877,-46.055957664356214,43.944042335643786,-0.6202378449922761,-0.6202378328253013,150.3891363916837,hard_qp_solution,-314.7712424994203,475.9189536442732,-200.0,,,,,,,,,
old,PPO-QP-no-penalty,20260806,15,273,90,150.3891363916837,-45.6202378328253,44.3797621671747,-5.739242307492563,-5.739242295534713,151.7522064368732,hard_qp_solution,-314.15100466659493,476.47871828839806,-200.0,,,,,,,,,
old,PPO-QP-no-penalty,20260806,15,273,91,151.7522064368732,-50.739242295534716,39.260757704465284,-12.29874005443695,-12.29874004237259,154.67315719693667,hard_qp_solution,-308.41176237106026,462.6583844601181,-200.0,,,,,,,,,
old,PPO-QP-no-penalty,20260806,15,273,92,154.67315719693667,-57.298740042372586,32.701259957627414,-11.048135475856212,-11.048135463303451,157.29708936947125,hard_qp_solution,-207.47036304890932,383.5079973483593,-200.0,,,,,,,,,
old,PPO-QP-no-penalty,20260806,15,273,93,157.29708936947125,-56.04813546330345,33.95186453669655,-16.984723953715395,-16.984723941448827,161.33096130556535,hard_qp_solution,-85.6189034858829,303.22893960399074,-185.6189034858829,,,,,,,,,
old,PPO-QP-no-penalty,20260806,15,273,94,161.33096130556535,38.05765296114831,100.0,-20.302954321066878,38.05765296114831,151.31578947368422,hard_qp_solution,38.05765296114831,228.30765296114834,-61.94234703885169,,,,,,,,,
old,PPO-QP-no-penalty,20260806,15,273,95,151.31578947368422,-6.942347038851693,83.0576529611483,-15.651138327937336,-6.9423469500592985,152.9645968743233,hard_qp_solution,100.00000000000003,100.00000000000003,2.842170943040401e-14,,,,,,,,,
fixed,PPO-QP-no-penalty,20260806,15,273,0,125.0,-45.0,45.0,10.572643312094522,10.572643421679993,122.21772541534737,hard_qp_solution,-421.0526315789474,380.0,-200.0,125.0,125.0,96.0,-100.0,100.0,3.7999999999999996e-08,0.0,0.0,0.0
fixed,PPO-QP-no-penalty,20260806,15,273,1,122.21772541534737,-34.42735657832001,55.57264342167999,12.918427979567848,12.918428094730977,118.81813907462869,hard_qp_solution,-432.7674719353795,369.42735657832003,-200.0,122.21772541534737,125.0,95.0,-100.0,100.0,3.7999999999999996e-08,0.0,0.0,0.0
fixed,PPO-QP-no-penalty,20260806,15,273,2,118.81813907462869,-32.08157190526902,57.91842809473098,14.005957212852483,14.0059572144843,115.13236086029072,hard_qp_solution,-447.08151968577397,356.508928483589,-200.0,118.81813907462869,125.0,94.0,-100.0,100.0,3.7999999999999996e-08,0.0,0.0,0.0
fixed,PPO-QP-no-penalty,20260806,15,273,3,115.13236086029072,-30.994042785515703,59.0059572144843,16.806507072421077,16.806507084158408,110.70959583814377,hard_qp_solution,-462.6005858514075,342.5029712691047,-200.0,115.13236086029072,125.0,93.0,-100.0,100.0,3.7999999999999996e-08,0.0,0.0,0.0
fixed,PPO-QP-no-penalty,20260806,15,273,4,110.70959583814377,-28.193492915841592,61.80650708415841,19.52051110713075,19.520511118836136,105.57261922792374,hard_qp_solution,-481.22275436571044,325.6964641849463,-200.0,110.70959583814377,125.0,92.0,-100.0,100.0,3.7999999999999996e-08,0.0,0.0,0.0
fixed,PPO-QP-no-penalty,20260806,15,273,5,105.57261922792374,-25.479488881163864,64.52051111883614,27.54780619969689,27.547806211453572,98.32319654069912,hard_qp_solution,-502.8521295666369,306.1759530661102,-200.0,105.57261922792374,125.0,91.0,-100.0,100.0,3.7999999999999996e-08,0.0,0.0,0.0
fixed,PPO-QP-no-penalty,20260806,15,273,6,98.32319654069912,-17.452193788546428,72.54780621145358,41.276362003217045,41.27636201529968,87.46099601035709,hard_qp_solution,-533.3760145654775,278.6281468546566,-200.0,98.32319654069912,125.0,90.0,-100.0,100.0,3.7999999999999996e-08,0.0,0.0,0.0
fixed,PPO-QP-no-penalty,20260806,15,273,7,87.46099601035709,-3.723637984700318,86.27636201529968,37.003491377758394,37.00349139018101,77.7232351182042,hard_qp_solution,-579.1115957458649,237.35178483935695,-200.0,87.46099601035709,125.0,89.0,-100.0,100.0,3.7999999999999996e-08,0.0,0.0,0.0
fixed,PPO-QP-no-penalty,20260806,15,273,8,77.7232351182042,-7.996508609818989,82.00349139018101,40.61872964772422,40.61872965930483,67.03409573417662,hard_qp_solution,-620.1126942391402,200.34829344917594,-200.0,77.7232351182042,125.0,88.0,-100.0,100.0,3.7999999999999996e-08,0.0,0.0,0.0
fixed,PPO-QP-no-penalty,20260806,15,273,9,67.03409573417662,-4.381270340695167,85.61872965930483,40.698331834891064,40.698331846754115,56.32400840608343,hard_qp_solution,-665.11959690873,159.72956378987115,-200.0,67.03409573417662,125.0,87.0,-100.0,100.0,3.7999999999999996e-08,0.0,0.0,0.0
fixed,PPO-QP-no-penalty,20260806,15,273,10,56.32400840608343,-4.301668153245885,85.69833184675412,53.6231968721951,53.62319688386072,42.21264080506745,hard_qp_solution,-710.2147014480698,119.03123194311702,-200.0,56.32400840608343,125.0,86.0,-100.0,100.0,3.7999999999999996e-08,0.0,0.0,0.0
fixed,PPO-QP-no-penalty,20260806,15,273,11,42.21264080506745,8.623196883860722,65.4080350592563,49.57775225981214,49.577752273544554,29.16586389097678,hard_qp_solution,-769.6309860839266,65.4080350592563,-165.4080350592563,42.21264080506745,125.0,85.0,-100.0,65.4080350592563,3.7999999999999996e-08,0.0,0.0,0.0
fixed,PPO-QP-no-penalty,20260806,15,273,12,29.16586389097678,4.577752273544554,15.830282785711765,60.70592001008377,15.830282785711763,25.0,hard_qp_solution,-824.56478361694,15.830282785711765,-115.83028278571176,29.16586389097678,125.0,84.0,-100.0,15.830282785711765,3.7999999999999996e-08,0.0,0.0,0.0
fixed,PPO-QP-no-penalty,20260806,15,273,13,25.0,-29.169717214288237,0.0,58.67220169093026,0.0,25.0,hard_qp_solution,-842.1052631578948,0.0,-100.0,25.0,125.0,83.0,-100.0,0.0,3.7999999999999996e-08,0.0,0.0,0.0
fixed,PPO-QP-no-penalty,20260806,15,273,14,25.0,-45.0,0.0,59.796703976332346,0.0,25.0,hard_qp_solution,-842.1052631578948,0.0,-100.0,25.0,125.0,82.0,-100.0,0.0,3.7999999999999996e-08,0.0,0.0,0.0
fixed,PPO-QP-no-penalty,20260806,15,273,15,25.0,-45.0,0.0,47.71093053975536,0.0,25.0,hard_qp_solution,-842.1052631578948,0.0,-100.0,25.0,125.0,81.0,-100.0,0.0,3.7999999999999996e-08,0.0,0.0,0.0
fixed,PPO-QP-no-penalty,20260806,15,273,16,25.0,-45.0,0.0,40.80133691428954,0.0,25.0,hard_qp_solution,-842.1052631578948,0.0,-100.0,25.0,125.0,80.0,-100.0,0.0,3.7999999999999996e-08,0.0,0.0,0.0
fixed,PPO-QP-no-penalty,20260806,15,273,17,25.0,-45.0,0.0,35.784655038700244,0.0,25.0,hard_qp_solution,-842.1052631578948,0.0,-100.0,25.0,125.0,79.0,-100.0,0.0,3.7999999999999996e-08,0.0,0.0,0.0
fixed,PPO-QP-no-penalty,20260806,15,273,18,25.0,-45.0,0.0,28.869029223515103,0.0,25.0,hard_qp_solution,-842.1052631578948,0.0,-100.0,25.0,125.0,78.0,-100.0,0.0,3.7999999999999996e-08,0.0,0.0,0.0
fixed,PPO-QP-no-penalty,20260806,15,273,19,25.0,-45.0,0.0,26.39560657859958,0.0,25.0,hard_qp_solution,-842.1052631578948,0.0,-100.0,25.0,125.0,77.0,-100.0,0.0,3.7999999999999996e-08,0.0,0.0,0.0
fixed,PPO-QP-no-penalty,20260806,15,273,20,25.0,-45.0,0.0,20.5264107898462,0.0,25.0,hard_qp_solution,-842.1052631578948,0.0,-100.0,25.0,125.0,76.0,-100.0,0.0,3.7999999999999996e-08,0.0,0.0,0.0
fixed,PPO-QP-no-penalty,20260806,15,273,21,25.0,-45.0,0.0,24.247991323783978,0.0,25.0,hard_qp_solution,-842.1052631578948,0.0,-100.0,25.0,125.0,75.0,-100.0,0.0,3.7999999999999996e-08,0.0,0.0,0.0
fixed,PPO-QP-no-penalty,20260806,15,273,22,25.0,-45.0,0.0,8.5123961165908,0.0,25.0,hard_qp_solution,-842.1052631578948,0.0,-100.0,25.0,125.0,74.0,-100.0,0.0,3.7999999999999996e-08,0.0,0.0,0.0
fixed,PPO-QP-no-penalty,20260806,15,273,23,25.0,-45.0,0.0,22.770287056346433,0.0,25.0,hard_qp_solution,-842.1052631578948,0.0,-100.0,25.0,125.0,73.0,-100.0,0.0,3.7999999999999996e-08,0.0,0.0,0.0
fixed,PPO-QP-no-penalty,20260806,15,273,24,25.0,-45.0,0.0,12.766231216128055,0.0,25.0,hard_qp_solution,-842.1052631578948,0.0,-100.0,25.0,125.0,72.0,-100.0,0.0,3.7999999999999996e-08,0.0,0.0,0.0
fixed,PPO-QP-no-penalty,20260806,15,273,25,25.0,-45.0,0.0,22.71684836198411,0.0,25.0,hard_qp_solution,-842.1052631578948,0.0,-100.0,25.0,125.0,71.0,-100.0,0.0,3.7999999999999996e-08,0.0,0.0,0.0
fixed,PPO-QP-no-penalty,20260806,15,273,26,25.0,-45.0,0.0,21.481099962882556,0.0,25.0,hard_qp_solution,-842.1052631578948,0.0,-100.0,25.0,125.0,70.0,-100.0,0.0,3.7999999999999996e-08,0.0,0.0,0.0
fixed,PPO-QP-no-penalty,20260806,15,273,27,25.0,-45.0,0.0,33.26046410713429,0.0,25.0,hard_qp_solution,-842.1052631578948,0.0,-100.0,25.0,125.0,69.0,-100.0,0.0,3.7999999999999996e-08,0.0,0.0,0.0
fixed,PPO-QP-no-penalty,20260806,15,273,28,25.0,-45.0,0.0,25.31614337374198,0.0,25.0,hard_qp_solution,-842.1052631578948,0.0,-100.0,25.0,125.0,68.0,-100.0,0.0,3.7999999999999996e-08,0.0,0.0,0.0
fixed,PPO-QP-no-penalty,20260806,15,273,29,25.0,-45.0,0.0,22.17642485260195,0.0,25.0,hard_qp_solution,-842.1052631578948,0.0,-100.0,25.0,125.0,67.0,-100.0,0.0,3.7999999999999996e-08,0.0,0.0,0.0
fixed,PPO-QP-no-penalty,20260806,15,273,30,25.0,-45.0,0.0,22.256432772285606,0.0,25.0,hard_qp_solution,-842.1052631578948,0.0,-100.0,25.0,125.0,66.0,-100.0,0.0,3.7999999999999996e-08,0.0,0.0,0.0
fixed,PPO-QP-no-penalty,20260806,15,273,31,25.0,-45.0,0.0,24.787105646381068,0.0,25.0,hard_qp_solution,-842.1052631578948,0.0,-100.0,25.0,125.0,65.0,-100.0,0.0,3.7999999999999996e-08,0.0,0.0,0.0
fixed,PPO-QP-no-penalty,20260806,15,273,32,25.0,-45.0,0.0,20.86451820463901,-37.60121686557071,33.930289005573044,hard_qp_solution,-842.1052631578948,0.0,-100.0,25.0,125.0,64.0,-100.0,0.0,3.7999999999999996e-08,0.0,0.0,0.0
fixed,PPO-QP-no-penalty,20260806,15,273,33,33.930289005573044,-82.6012168655707,7.398783134429287,2.680698357899737,-28.86569795758507,40.785892270499495,hard_qp_solution,-804.504046292324,33.93509822117757,-133.93509822117755,33.930289005573044,125.0,63.0,-100.0,33.93509822117757,3.7999999999999996e-08,0.0,0.0,0.0
fixed,PPO-QP-no-penalty,20260806,15,273,34,40.785892270499495,-73.86569795758507,16.13430204241493,-12.25466359361651,-46.386526547359914,51.802692325497475,hard_qp_solution,-775.638348334739,59.98639062789808,-159.9863906278981,40.785892270499495,125.0,62.0,-100.0,59.98639062789808,3.7999999999999996e-08,0.0,0.0,0.0
fixed,PPO-QP-no-penalty,20260806,15,273,35,51.802692325497475,-91.38652654735992,-1.3865265473599138,12.61796616379347,-28.906169563423354,58.66790759681052,hard_qp_solution,-729.2518217873791,101.8502308368904,-200.0,51.802692325497475,125.0,61.0,-100.0,100.0,3.7999999999999996e-08,0.0,0.0,0.0
fixed,PPO-QP-no-penalty,20260806,15,273,36,58.66790759681052,-73.90616956342336,16.093830436576646,-3.9899451131038863,-64.07969529696189,73.88683522983897,hard_qp_solution,-700.3456522239558,127.93804886787998,-200.0,58.66790759681052,125.0,60.0,-100.0,100.0,3.7999999999999996e-08,0.0,0.0,0.0
fixed,PPO-QP-no-penalty,20260806,15,273,37,73.88683522983897,-100.0,-19.079695296961887,-1.4828042784844218,-82.21935388636165,93.41393177784985,hard_qp_solution,-636.2659569269939,185.76997387338807,-200.0,73.88683522983897,125.0,59.0,-100.0,100.0,3.7999999999999996e-08,0.0,0.0,0.0
fixed,PPO-QP-no-penalty,20260806,15,273,38,93.41393177784985,-100.0,-37.219353886361645,-23.009885919864313,-76.57441019620444,111.6003541994484,hard_qp_solution,-554.0466030406322,259.9729407558294,-200.0,93.41393177784985,125.0,58.0,-100.0,100.0,3.7999999999999996e-08,0.0,0.0,0.0
fixed,PPO-QP-no-penalty,20260806,15,273,39,111.6003541994484,-100.0,-31.57441019620444,-8.454903534465634,-60.7919595621898,126.03844459546848,hard_qp_solution,-477.4721928444278,329.0813459579039,-200.0,111.6003541994484,125.0,57.0,-100.0,100.0,3.7999999999999996e-08,0.0,0.0,0.0
fixed,PPO-QP-no-penalty,20260806,15,273,40,126.03844459546848,-100.0,-15.791959562189803,-22.115568502396737,-94.15319790942857,148.39982909895775,hard_qp_solution,-416.680233282238,383.9460894627802,-200.0,126.03844459546848,125.0,56.0,-100.0,100.0,3.7999999999999996e-08,0.0,0.0,0.0
fixed,PPO-QP-no-penalty,20260806,15,273,41,148.39982909895775,-100.0,-49.15319790942857,-10.171190967812969,-92.42199826738936,170.35005368746272,hard_qp_solution,-322.52703537280945,468.91935057603945,-200.0,148.39982909895775,125.0,55.0,-100.0,100.0,3.7999999999999996e-08,0.0,0.0,0.0
fixed,PPO-QP-no-penalty,20260806,15,273,42,170.35005368746272,-100.0,-47.421998267389355,-7.895537097196899,-90.54578997739561,191.85467880709416,hard_qp_solution,-230.10503710542014,552.3302040123583,-200.0,170.35005368746272,125.0,54.0,-100.0,100.0,3.7999999999999996e-08,0.0,0.0,0.0
fixed,PPO-QP-no-penalty,20260806,15,273,43,191.85467880709416,-100.0,-45.545789977395614,7.174765792580497,-99.00000015065034,215.3671788428736,phase2_solution,-139.5592471280246,634.0477794669578,-200.0,191.85467880709416,125.0,53.0,-100.0,100.0,3.7999999999999996e-08,0.0,0.0,0.0
fixed,PPO-QP-no-penalty,20260806,15,273,44,215.3671788428736,-40.55924697737426,100.0,26.897158203430475,-39.558979505114515,224.76243647533832,phase2_solution,-40.55924697737426,723.3952796029197,-140.55924697737424,215.3671788428736,125.0,52.0,-40.55924697737426,100.0,3.7999999999999996e-08,0.0,0.0,0.0
fixed,PPO-QP-no-penalty,20260806,15,273,45,224.76243647533832,-1.0002674722597094,5.4410204948854854,18.511454088609124,1.4652443013923387e-05,224.76243261943227,phase2_solution,-1.0002674722597094,759.0972586062855,-101.00026747225971,224.76243647533832,125.0,51.0,-1.0002674722597094,100.0,3.7999999999999996e-08,0.0,0.0,0.0
fixed,PPO-QP-no-penalty,20260806,15,273,46,224.76243261943227,-1.0002837076535798,45.000014652443014,7.256237227967762,-0.0002902047693301178,224.76250154306499,phase2_solution,-1.0002837076535798,759.0972439538426,-101.00028370765358,224.76243261943227,125.0,50.0,-1.0002837076535798,100.0,3.7999999999999996e-08,0.0,0.0,0.0
fixed,PPO-QP-no-penalty,20260806,15,273,47,224.76250154306499,-0.9999935028842725,44.99970979523067,18.37103949276665,0.00025869195172343294,224.7624334662356,phase2_solution,-0.9999935028842725,759.0975058636469,-100.99999350288427,224.76250154306499,125.0,49.0,-0.9999935028842725,100.0,3.7999999999999996e-08,0.0,0.0,0.0
fixed,PPO-QP-no-penalty,20260806,15,273,48,224.7624334662356,-1.0002801421659282,45.00025869195172,17.832652128456377,-0.0003262245271804413,224.7625109445608,phase2_solution,-1.0002801421659282,759.0972471716952,-101.00028014216593,224.7624334662356,125.0,48.0,-1.0002801421659282,100.0,3.7999999999999996e-08,0.0,0.0,0.0
fixed,PPO-QP-no-penalty,20260806,15,273,49,224.7625109445608,-0.9999539176387292,44.99967377547282,-1.3066058097830389,-0.9999539176387292,225.0,phase2_solution,-0.9999539176387292,759.0975415893311,-100.99995391763873,224.7625109445608,125.0,47.0,-0.9999539176387292,100.0,3.7999999999999996e-08,0.0,0.0,0.0
fixed,PPO-QP-no-penalty,20260806,15,273,50,225.0,-0.0,44.00004608236127,31.221324185425285,0.9999905069117727,224.73684460344427,phase2_solution,0.0,760.0,-100.0,225.0,125.0,46.0,-0.0,100.0,3.7999999999999996e-08,0.0,0.0,0.0
fixed,PPO-QP-no-penalty,20260806,15,273,51,224.73684460344427,-1.1080227223399226,45.99999050691177,23.389746205993085,-0.10859563993955092,224.76263606792992,phase2_solution,-1.1080227223399226,759.0000094930882,-101.10802272233992,224.73684460344427,125.0,45.0,-1.1080227223399226,100.0,3.7999999999999996e-08,0.0,0.0,0.0
fixed,PPO-QP-no-penalty,20260806,15,273,52,224.76263606792992,-0.9994270824003444,44.89140436006045,12.87494908071542,0.0008384839500906009,224.76241541425884,phase2_solution,-0.9994270824003444,759.0980170581337,-100.99942708240035,224.76263606792992,125.0,44.0,-0.9994270824003444,100.0,3.7999999999999996e-08,0.0,0.0,0.0
fixed,PPO-QP-no-penalty,20260806,15,273,53,224.76241541425884,-1.0003561504890968,45.00083848395009,32.893851318933926,-0.0007017462178414782,224.7625820789856,phase2_solution,-1.0003561504890968,759.0971785741835,-101.0003561504891,224.76241541425884,125.0,43.0,-1.0003561504890968,100.0,3.7999999999999996e-08,0.0,0.0,0.0
fixed,PPO-QP-no-penalty,20260806,15,273,54,224.7625820789856,-0.9996544042712087,44.99929825378216,26.934606315639687,0.0004142785456063765,224.7624730583157,phase2_solution,-0.9996544042712087,759.0978119001452,-100.99965440427121,224.7625820789856,125.0,42.0,-0.9996544042712087,100.0,3.7999999999999996e-08,0.0,0.0,0.0
fixed,PPO-QP-no-penalty,20260806,15,273,55,224.7624730583157,-1.0001134386707715,45.000414278545605,21.222915873256802,-0.00071527617068801,224.76264293640622,phase2_solution,-1.0001134386707715,759.0973976215996,-101.00011343867077,224.7624730583157,125.0,41.0,-1.0001134386707715,100.0,3.7999999999999996e-08,0.0,0.0,0.0
fixed,PPO-QP-no-penalty,20260806,15,273,56,224.76264293640622,-0.9993981625001126,44.99928472382931,22.481195769181316,0.0006017613114841254,224.76248457816635,phase2_solution,-0.9993981625001126,759.0980431583436,-100.99939816250011,224.76264293640622,125.0,40.0,-0.9993981625001126,100.0,3.7999999999999996e-08,0.0,0.0,0.0
fixed,PPO-QP-no-penalty,20260806,15,273,57,224.76248457816635,-1.0000649340364172,45.000601761311486,20.938452607282382,-6.612479179246892e-05,224.7625002828044,phase2_solution,-1.0000649340364172,759.0974413970321,-101.00006493403642,224.76248457816635,125.0,39.0,-1.0000649340364172,100.0,3.7999999999999996e-08,0.0,0.0,0.0
fixed,PPO-QP-no-penalty,20260806,15,273,58,224.7625002828044,-0.9999988092445883,44.99993387520821,30.35774687899923,1.0048583746915184e-07,224.76250025636077,phase2_solution,-0.9999988092445883,759.0975010746567,-100.99999880924459,224.7625002828044,125.0,38.0,-0.9999988092445883,100.0,3.7999999999999996e-08,0.0,0.0,0.0
fixed,PPO-QP-no-penalty,20260806,15,273,59,224.76250025636077,-0.9999989205862461,45.000000100485835,15.169871296951875,6.485211554996048e-05,224.76248319001456,phase2_solution,-0.9999989205862461,759.0975009741709,-100.99999892058625,224.76250025636077,125.0,37.0,-0.9999989205862461,100.0,3.7999999999999996e-08,0.0,0.0,0.0
fixed,PPO-QP-no-penalty,20260806,15,273,60,224.76248319001456,-1.000070778886048,45.00006485211555,7.589778800031994,7.589778808622394,222.7651729772192,hard_qp_solution,-1.000070778886048,759.0974361220553,-101.00007077888604,224.76248319001456,125.0,36.0,-1.000070778886048,100.0,3.7999999999999996e-08,0.0,0.0,0.0
fixed,PPO-QP-no-penalty,20260806,15,273,61,222.7651729772192,-9.409797990655965,52.58977880862239,20.113270278283572,20.113270286636332,217.47220711231492,hard_qp_solution,-9.409797990655965,751.5076573134329,-109.40979799065596,222.7651729772192,125.0,35.0,-9.409797990655965,100.0,3.7999999999999996e-08,0.0,0.0,0.0
fixed,PPO-QP-no-penalty,20260806,15,273,62,217.47220711231492,-24.886729713363668,65.11327028663634,30.647017798502844,3.9444619672052332,216.43419080515565,hard_qp_solution,-31.695970053410868,731.3943870267966,-131.69597005341086,217.47220711231492,125.0,34.0,-31.695970053410868,100.0,3.7999999999999996e-08,0.0,0.0,0.0
fixed,PPO-QP-no-penalty,20260806,15,273,63,216.43419080515565,-36.06656503092358,48.944461967205235,28.636089567493418,28.63608957577739,208.89837775889845,hard_qp_solution,-36.06656503092358,727.4499250595915,-136.06656503092358,216.43419080515565,125.0,33.0,-36.06656503092358,100.0,3.7999999999999996e-08,0.0,0.0,0.0
fixed,PPO-QP-no-penalty,20260806,15,273,64,208.89837775889845,-16.36391042422261,73.63608957577739,14.52492039008928,14.524920398487485,205.07603028561226,hard_qp_solution,-67.79630417305917,698.813835483814,-167.79630417305918,208.89837775889845,125.0,32.0,-67.79630417305917,100.0,3.7999999999999996e-08,0.0,0.0,0.0
fixed,PPO-QP-no-penalty,20260806,15,273,65,205.07603028561226,-30.475079601512515,59.52492039848748,18.5934974040686,18.59349741243383,200.18300465076126,hard_qp_solution,-83.89039879742205,684.2889150853266,-183.89039879742205,205.07603028561226,125.0,31.0,-83.89039879742205,100.0,3.7999999999999996e-08,0.0,0.0,0.0
fixed,PPO-QP-no-penalty,20260806,15,273,66,200.18300465076126,-26.40650258756617,63.593497412433834,26.687529956628424,26.68752996492823,193.15997044946437,hard_qp_solution,-104.4926119967947,665.6954176728927,-200.0,200.18300465076126,125.0,30.0,-100.0,100.0,3.7999999999999996e-08,0.0,0.0,0.0
fixed,PPO-QP-no-penalty,20260806,15,273,67,193.15997044946437,-18.31247003507177,71.68752996492823,22.327660813036932,22.327660821372028,187.28427023331383,hard_qp_solution,-134.06328231804477,639.0078877079645,-200.0,193.15997044946437,125.0,29.0,-100.0,100.0,3.7999999999999996e-08,0.0,0.0,0.0
fixed,PPO-QP-no-penalty,20260806,15,273,68,187.28427023331383,-22.672339178627972,67.32766082137204,6.150924524085939,6.150924532551866,185.6656058826423,hard_qp_solution,-158.8030727018365,616.6802268865925,-200.0,187.28427023331383,125.0,28.0,-100.0,100.0,3.7999999999999996e-08,0.0,0.0,0.0
fixed,PPO-QP-no-penalty,20260806,15,273,69,185.6656058826423,-38.84907546744813,51.15092453255187,-5.959812931676149,-5.959812923128973,187.08106145188543,hard_qp_solution,-165.6185015467693,610.5293023540407,-200.0,185.6656058826423,125.0,27.0,-100.0,100.0,3.7999999999999996e-08,0.0,0.0,0.0
fixed,PPO-QP-no-penalty,20260806,15,273,70,187.08106145188543,-50.95981292312897,39.04018707687103,0.609018049862732,0.6090180583319484,186.92079354179808,hard_qp_solution,-159.6586886236403,615.9080335171647,-200.0,187.08106145188543,125.0,26.0,-100.0,100.0,3.7999999999999996e-08,0.0,0.0,0.0
fixed,PPO-QP-no-penalty,20260806,15,273,71,186.92079354179808,-44.39098194166805,45.60901805833195,0.9284739235877373,0.928473932060398,186.67645829651903,hard_qp_solution,-160.33350087663968,615.2990154588326,-200.0,186.92079354179808,125.0,25.0,-100.0,100.0,3.7999999999999996e-08,0.0,0.0,0.0
fixed,PPO-QP-no-penalty,20260806,15,273,72,186.67645829651903,-44.0715260679396,45.9284739320604,11.659715571348663,11.65971558383177,183.60811209024752,hard_qp_solution,-161.362280856762,614.3705415267723,-200.0,186.67645829651903,125.0,24.0,-100.0,100.0,3.7999999999999996e-08,0.0,0.0,0.0
fixed,PPO-QP-no-penalty,20260806,15,273,73,183.60811209024752,-33.34028441616823,56.65971558383177,11.22122086233578,11.221220874155446,180.65515922862767,hard_qp_solution,-174.281633304221,602.7108259429406,-200.0,183.60811209024752,125.0,23.0,-100.0,100.0,3.7999999999999996e-08,0.0,0.0,0.0
fixed,PPO-QP-no-penalty,20260806,15,273,74,180.65515922862767,-33.77877912584455,56.22122087415545,14.821154561143517,14.821154573014377,176.75485539362387,hard_qp_solution,-186.7151190373572,591.4896050687851,-200.0,180.65515922862767,125.0,22.0,-100.0,100.0,3.7999999999999996e-08,0.0,0.0,0.0
fixed,PPO-QP-no-penalty,20260806,15,273,75,176.75485539362387,-30.178845426985625,59.821154573014375,20.740791658622133,20.74079167045802,171.29675232245071,hard_qp_solution,-203.13745097421528,576.6684504957707,-200.0,176.75485539362387,125.0,21.0,-100.0,100.0,3.7999999999999996e-08,0.0,0.0,0.0
fixed,PPO-QP-no-penalty,20260806,15,273,76,171.29675232245071,-24.25920832954198,65.74079167045802,19.08203560930125,19.082035621057013,166.27516400111992,hard_qp_solution,-226.11893758968122,555.9276588253127,-200.0,171.29675232245071,125.0,20.0,-100.0,100.0,3.7999999999999996e-08,0.0,0.0,0.0
fixed,PPO-QP-no-penalty,20260806,15,273,77,166.27516400111992,-25.917964378942987,64.08203562105702,13.472670616597526,13.472670628654582,162.7297243620003,hard_qp_solution,-247.2624673637056,536.8456232042556,-200.0,166.27516400111992,125.0,19.0,-100.0,100.0,3.7999999999999996e-08,0.0,0.0,0.0
fixed,PPO-QP-no-penalty,20260806,15,273,78,162.7297243620003,-31.527329371345417,58.47267062865458,15.576024552825984,15.576024564610238,158.63077052920812,hard_qp_solution,-262.1906342652619,523.3729525756011,-200.0,162.7297243620003,125.0,18.0,-100.0,100.0,3.7999999999999996e-08,0.0,0.0,0.0
fixed,PPO-QP-no-penalty,20260806,15,273,79,158.63077052920812,-29.423975435389764,60.576024564610236,16.238046125844924,16.23804613762382,154.35760049299134,hard_qp_solution,-279.4493872454395,507.7969280109908,-200.0,158.63077052920812,125.0,17.0,-100.0,100.0,3.7999999999999996e-08,0.0,0.0,0.0
fixed,PPO-QP-no-penalty,20260806,15,273,80,154.35760049299134,-28.76195386237618,61.23804613762382,14.11323447089552,14.113234482691656,150.6435914185988,hard_qp_solution,-297.4416821347733,491.55888187336706,-200.0,154.35760049299134,125.0,16.0,-100.0,100.0,3.7999999999999996e-08,0.0,0.0,0.0
fixed,PPO-QP-no-penalty,20260806,15,273,81,150.6435914185988,-30.886765517308344,59.11323448269165,3.504606087671548,3.504606100234395,149.72132665537922,hard_qp_solution,-313.0796150795841,477.4456473906754,-200.0,150.6435914185988,125.0,15.0,-100.0,100.0,3.7999999999999996e-08,0.0,0.0,0.0
fixed,PPO-QP-no-penalty,20260806,15,273,82,149.72132665537922,-41.4953938997656,48.5046061002344,5.0247619730504525,5.024761985104031,148.39902086982553,hard_qp_solution,-316.9628351352454,473.941041290441,-200.0,149.72132665537922,125.0,14.0,-100.0,100.0,3.7999999999999996e-08,0.0,0.0,0.0
fixed,PPO-QP-no-penalty,20260806,15,273,83,148.39902086982553,-39.97523801489597,50.02476198510403,3.8180723875948743,3.8180723994956507,147.3942649752214,hard_qp_solution,-322.53043844283985,468.916279305337,-200.0,148.39902086982553,125.0,13.0,-100.0,100.0,3.7999999999999996e-08,0.0,0.0,0.0
fixed,PPO-QP-no-penalty,20260806,15,273,84,147.3942649752214,-41.18192760050435,48.81807239949565,5.8775243167213125,5.877524328784308,145.84754804659394,hard_qp_solution,-326.76098957801514,465.0982069058413,-200.0,147.3942649752214,125.0,12.0,-100.0,100.0,3.7999999999999996e-08,0.0,0.0,0.0
fixed,PPO-QP-no-penalty,20260806,15,273,85,145.84754804659394,-39.12247567121569,50.87752432878431,-6.366741713109146,-6.366741700539663,147.35964920047212,hard_qp_solution,-333.27348190907816,459.22068257705695,-200.0,145.84754804659394,125.0,11.0,-100.0,100.0,3.7999999999999996e-08,0.0,0.0,0.0
fixed,PPO-QP-no-penalty,20260806,15,273,86,147.35964920047212,-51.36674170053966,38.63325829946034,-5.839545436807874,-5.839545424458683,148.74654123878105,hard_qp_solution,-326.90674020853845,464.96666696179403,-200.0,147.35964920047212,125.0,10.0,-100.0,100.0,3.7999999999999996e-08,0.0,0.0,0.0
fixed,PPO-QP-no-penalty,20260806,15,273,87,148.74654123878105,-50.839545424458684,39.160454575541316,-5.239994632637505,-5.239994620303346,149.9910399611031,hard_qp_solution,-321.0671947840798,470.23685670736796,-200.0,148.74654123878105,125.0,9.0,-100.0,100.0,3.7999999999999996e-08,0.0,0.0,0.0
fixed,PPO-QP-no-penalty,20260806,15,273,88,149.9910399611031,-50.23999462030335,39.76000537969665,-1.0559576768036192,-1.0559576643562123,150.2418299063877,hard_qp_solution,-315.82720016377647,474.9659518521918,-200.0,149.9910399611031,125.0,8.0,-100.0,100.0,3.7999999999999996e-08,0.0,0.0,0.0
fixed,PPO-QP-no-penalty,20260806,15,273,89,150.2418299063877,-46.055957664356214,43.944042335643786,-0.6202378449922761,-0.6202378328253013,150.3891363916837,hard_qp_solution,-314.7712424994203,475.9189536442732,-200.0,150.2418299063877,125.0,7.0,-100.0,100.0,3.7999999999999996e-08,0.0,0.0,0.0
fixed,PPO-QP-no-penalty,20260806,15,273,90,150.3891363916837,-45.6202378328253,44.3797621671747,-5.739242307492563,-5.739242295534713,151.7522064368732,hard_qp_solution,-314.15100466659493,476.47871828839806,-200.0,150.3891363916837,125.0,6.0,-100.0,100.0,3.7999999999999996e-08,0.0,0.0,0.0
fixed,PPO-QP-no-penalty,20260806,15,273,91,151.7522064368732,-50.739242295534716,39.260757704465284,-12.29874005443695,-12.29874004237259,154.67315719693667,hard_qp_solution,-308.41176237106026,462.6583844601181,-200.0,151.7522064368732,125.0,5.0,-100.0,100.0,3.7999999999999996e-08,0.0,0.0,0.0
fixed,PPO-QP-no-penalty,20260806,15,273,92,154.67315719693667,-57.298740042372586,32.701259957627414,-11.048135475856212,-11.048135463303451,157.29708936947125,hard_qp_solution,-207.47036304890932,383.5079973483593,-200.0,154.67315719693667,125.0,4.0,-100.0,100.0,3.7999999999999996e-08,0.0,0.0,0.0
fixed,PPO-QP-no-penalty,20260806,15,273,93,157.29708936947125,-56.04813546330345,33.95186453669655,-16.984723953715395,-16.984723941448827,161.33096130556535,hard_qp_solution,-85.6189034858829,303.22893960399074,-185.6189034858829,157.29708936947125,125.0,3.0,-100.0,100.0,3.7999999999999996e-08,0.0,0.0,0.0
fixed,PPO-QP-no-penalty,20260806,15,273,94,161.33096130556535,38.05765296114831,100.0,-20.302954321066878,38.05765296114831,151.31578947368422,hard_qp_solution,38.05765296114831,228.30765296114834,-61.94234703885169,161.33096130556535,125.0,2.0,-100.0,100.0,3.7999999999999996e-08,0.0,1.0,10.042376902597134
fixed,PPO-QP-no-penalty,20260806,15,273,95,151.31578947368422,100.0,100.0,-15.651138327937336,100.0,125.0,hard_qp_solution,100.00000000000003,100.00000000000003,2.842170943040401e-14,151.31578947368422,125.0,1.0,-100.0,100.0,3.7999999999999996e-08,1.0,1.0,16.942347038851693
old,PPO-QP,20260806,15,266,0,125.0,-45.0,45.0,-0.20306255914295399,-0.2030624383524293,125.0482273291087,hard_qp_solution,-421.0526315789474,380.0,-200.0,,,,,,,,,
old,PPO-QP,20260806,15,266,1,125.0482273291087,-45.20306243835243,44.79693756164757,3.6550311360099106,3.6550312525989948,124.08637699947738,hard_qp_solution,-420.84956914059495,380.18326385061306,-200.0,,,,,,,,,
old,PPO-QP,20260806,15,266,2,124.08637699947738,-41.344968747401005,48.655031252598995,3.2389589044512874,3.2389589059576105,123.23401939264643,hard_qp_solution,-424.8994652653584,376.52823259801403,-200.0,,,,,,,,,
old,PPO-QP,20260806,15,266,3,123.23401939264643,-41.76104109404239,48.23895890595761,8.720451499456837,8.720451511667134,120.93916373168139,hard_qp_solution,-428.48833939938345,373.28927369205644,-200.0,,,,,,,,,
old,PPO-QP,20260806,15,266,4,120.93916373168139,-36.279548488332864,53.720451511667136,12.004652694086609,12.004652706030416,117.78004459851549,hard_qp_solution,-438.15088955081524,364.56882218038925,-200.0,,,,,,,,,
old,PPO-QP,20260806,15,266,5,117.78004459851549,-32.99534729396959,57.00465270603041,21.906051574825394,21.906051586905043,112.0152941809089,hard_qp_solution,-451.45244379572426,352.56416947435883,-200.0,,,,,,,,,
old,PPO-QP,20260806,15,266,6,112.0152941809089,-23.093948413094957,66.90605158690505,35.53593551254228,35.5359355246366,102.66373220074136,hard_qp_solution,-475.7250771330152,330.6581178874538,-200.0,,,,,,,,,
old,PPO-QP,20260806,15,266,7,102.66373220074136,-9.4640644753634,80.5359355246366,24.056721476915257,24.056721490101065,96.33301601913583,hard_qp_solution,-515.1000749442469,295.12218236281717,-200.0,,,,,,,,,
old,PPO-QP,20260806,15,266,8,96.33301601913583,-20.943278509898935,69.05672149010107,39.071104174426296,39.0711041866577,86.05114649633117,hard_qp_solution,-541.7557220246913,271.06546087271613,-200.0,,,,,,,,,
old,PPO-QP,20260806,15,266,9,86.05114649633117,-5.928895813342301,84.07110418665769,34.66447653655409,34.66447654894114,76.92891582555718,hard_qp_solution,-585.047804225974,231.99435668605844,-200.0,,,,,,,,,
old,PPO-QP,20260806,15,266,10,76.92891582555718,-10.335523451058862,79.66447654894114,42.088811356703026,42.08881136827182,65.8529128339067,hard_qp_solution,-623.4571965239699,197.3298801371173,-200.0,,,,,,,,,
old,PPO-QP,20260806,15,266,11,65.8529128339067,-2.91118863172818,87.08881136827182,43.81732587655562,43.81732588824773,54.322037600157294,hard_qp_solution,-670.092998594077,155.24106876884545,-200.0,,,,,,,,,
old,PPO-QP,20260806,15,266,12,54.322037600157294,-1.18267411175227,88.81732588824772,53.0385020397398,53.03850205121934,40.36453706036273,hard_qp_solution,-718.6440522098641,111.42374288059771,-200.0,,,,,,,,,
old,PPO-QP,20260806,15,266,13,40.36453706036273,8.03850205121934,58.38524082937837,50.31474320869744,50.31474322327245,27.123815159501557,hard_qp_solution,-777.4124755353149,58.38524082937837,-158.38524082937838,,,,,,,,,
old,PPO-QP,20260806,15,266,14,27.123815159501557,5.314743223272451,8.070497606105917,43.824266405897035,8.070497606105917,25.0,hard_qp_solution,-833.1628835389408,8.070497606105917,-108.07049760610592,,,,,,,,,
old,PPO-QP,20260806,15,266,15,25.0,-36.92950239389408,0.0,29.256225573012074,0.0,25.0,hard_qp_solution,-842.1052631578948,0.0,-100.0,,,,,,,,,
old,PPO-QP,20260806,15,266,16,25.0,-45.0,0.0,35.52222451379423,0.0,25.0,hard_qp_solution,-842.1052631578948,0.0,-100.0,,,,,,,,,
old,PPO-QP,20260806,15,266,17,25.0,-45.0,0.0,31.783996945221016,0.0,25.0,hard_qp_solution,-842.1052631578948,0.0,-100.0,,,,,,,,,
old,PPO-QP,20260806,15,266,18,25.0,-45.0,0.0,36.00295399780018,0.0,25.0,hard_qp_solution,-842.1052631578948,0.0,-100.0,,,,,,,,,
old,PPO-QP,20260806,15,266,19,25.0,-45.0,0.0,21.458750452689447,0.0,25.0,hard_qp_solution,-842.1052631578948,0.0,-100.0,,,,,,,,,
old,PPO-QP,20260806,15,266,20,25.0,-45.0,0.0,26.58931727581776,0.0,25.0,hard_qp_solution,-842.1052631578948,0.0,-100.0,,,,,,,,,
old,PPO-QP,20260806,15,266,21,25.0,-45.0,0.0,2.922146850274486,0.0,25.0,hard_qp_solution,-842.1052631578948,0.0,-100.0,,,,,,,,,
old,PPO-QP,20260806,15,266,22,25.0,-45.0,0.0,10.694015190599497,0.0,25.0,hard_qp_solution,-842.1052631578948,0.0,-100.0,,,,,,,,,
old,PPO-QP,20260806,15,266,23,25.0,-45.0,0.0,0.647489291982138,0.0,25.0,hard_qp_solution,-842.1052631578948,0.0,-100.0,,,,,,,,,
old,PPO-QP,20260806,15,266,24,25.0,-45.0,0.0,21.5374383735889,0.0,25.0,hard_qp_solution,-842.1052631578948,0.0,-100.0,,,,,,,,,
old,PPO-QP,20260806,15,266,25,25.0,-45.0,0.0,17.117929373116876,0.0,25.0,hard_qp_solution,-842.1052631578948,0.0,-100.0,,,,,,,,,
old,PPO-QP,20260806,15,266,26,25.0,-45.0,0.0,30.300066105763356,0.0,25.0,hard_qp_solution,-842.1052631578948,0.0,-100.0,,,,,,,,,
old,PPO-QP,20260806,15,266,27,25.0,-45.0,0.0,7.345618230146438,0.0,25.0,hard_qp_solution,-842.1052631578948,0.0,-100.0,,,,,,,,,
old,PPO-QP,20260806,15,266,28,25.0,-45.0,0.0,6.529699672194848,0.0,25.0,hard_qp_solution,-842.1052631578948,0.0,-100.0,,,,,,,,,
old,PPO-QP,20260806,15,266,29,25.0,-45.0,0.0,20.044551089552378,0.0,25.0,hard_qp_solution,-842.1052631578948,0.0,-100.0,,,,,,,,,
old,PPO-QP,20260806,15,266,30,25.0,-45.0,0.0,25.412192970103636,0.0,25.0,hard_qp_solution,-842.1052631578948,0.0,-100.0,,,,,,,,,
old,PPO-QP,20260806,15,266,31,25.0,-45.0,0.0,39.30838597797786,0.0,25.0,hard_qp_solution,-842.1052631578948,0.0,-100.0,,,,,,,,,
old,PPO-QP,20260806,15,266,32,25.0,-45.0,0.0,21.288974176918238,-7.877644479188774,26.870940563807334,hard_qp_solution,-842.1052631578948,0.0,-100.0,,,,,,,,,
old,PPO-QP,20260806,15,266,33,26.870940563807334,-52.877644479188774,7.10957414246787,32.82593028603712,-38.39752031341812,35.990351638244135,hard_qp_solution,-834.227618678706,7.10957414246787,-107.10957414246786,,,,,,,,,
old,PPO-QP,20260806,15,266,34,35.990351638244135,-83.39752031341811,6.60247968658188,0.7912795458800177,-20.134775577165833,40.77236083782102,hard_qp_solution,-795.8300983652879,41.76333622532771,-141.76333622532772,,,,,,,,,
old,PPO-QP,20260806,15,266,35,40.77236083782102,-65.13477557716584,24.865224422834167,23.807524420430884,-37.37237727508662,49.64830044065409,hard_qp_solution,-775.695322788122,59.93497118371987,-159.93497118371988,,,,,,,,,
old,PPO-QP,20260806,15,266,36,49.64830044065409,-82.37237727508662,7.62762272491338,-4.857313926641001,-65.33930125107248,65.1663844877838,hard_qp_solution,-738.3229455130355,93.66354167448554,-193.66354167448554,,,,,,,,,
old,PPO-QP,20260806,15,266,37,65.1663844877838,-100.0,-20.339301251072484,18.25662276193157,-81.69271210412317,84.56840361251305,hard_qp_solution,-672.9836442619629,152.63226105357845,-200.0,,,,,,,,,
old,PPO-QP,20260806,15,266,38,84.56840361251305,-100.0,-36.692712104123174,-16.560130118949342,-65.40542872295725,100.1021929342154,hard_qp_solution,-591.2909321578397,226.3599337275496,-200.0,,,,,,,,,
old,PPO-QP,20260806,15,266,39,100.1021929342154,-100.0,-20.405428722957254,20.938487955464698,-96.54026147496995,123.03050503452076,hard_qp_solution,-525.8855034348826,285.38833315001847,-200.0,,,,,,,,,
old,PPO-QP,20260806,15,266,40,123.03050503452076,-100.0,-51.54026147496995,-0.59417920232034,-98.99990017178375,146.5429813253194,phase2_solution,-429.34524195991264,372.51591913117886,-200.0,,,,,,,,,
old,PPO-QP,20260806,15,266,41,146.5429813253194,-100.0,-53.99990017178375,13.133477176822725,-98.99939710389988,170.05533813749562,phase2_solution,-330.34534178812885,461.8633290362137,-200.0,,,,,,,,,
old,PPO-QP,20260806,15,266,42,170.05533813749562,-100.0,-53.99939710389988,-13.32695563476896,-98.99996741037022,193.56783039745855,phase2_solution,-231.34594468422895,551.2102849224833,-200.0,,,,,,,,,
old,PPO-QP,20260806,15,266,43,193.56783039745855,-100.0,-53.99996741037022,11.024417947061913,-98.99961070678025,217.08023794031885,phase2_solution,-132.34597727385875,640.5577555103424,-200.0,,,,,,,,,
old,PPO-QP,20260806,15,266,44,217.08023794031885,-33.34636656707852,100.0,4.806217598813932,-32.34636677898806,224.76250005032853,phase2_solution,-33.34636656707852,729.9049041732115,-133.34636656707852,,,,,,,,,
old,PPO-QP,20260806,15,266,45,224.76250005032853,-0.9999997880904151,12.653633221011937,-2.4666597366882272,-0.9999997880904152,225.0,phase2_solution,-0.9999997880904151,759.0975001912484,-100.99999978809042,,,,,,,,,
old,PPO-QP,20260806,15,266,46,225.0,-0.0,44.00000021190959,-24.717085946298145,-0.0,225.0,phase2_solution,0.0,760.0,-100.0,,,,,,,,,
old,PPO-QP,20260806,15,266,47,225.0,-0.0,45.0,-7.872852812850674,-0.0,225.0,phase2_solution,0.0,760.0,-100.0,,,,,,,,,
old,PPO-QP,20260806,15,266,48,225.0,-0.0,45.0,1.0575705611414616,-0.0,225.0,phase2_solution,0.0,760.0,-100.0,,,,,,,,,
old,PPO-QP,20260806,15,266,49,225.0,-0.0,45.0,-1.0228945002432892,-0.0,225.0,phase2_solution,0.0,760.0,-100.0,,,,,,,,,
old,PPO-QP,20260806,15,266,50,225.0,-0.0,45.0,2.7980337988724,1.0000001473823519,224.73684206647832,phase2_solution,0.0,760.0,-100.0,,,,,,,,,
old,PPO-QP,20260806,15,266,51,224.73684206647832,-1.108033404301822,46.00000014738235,15.529784409236221,-0.10774177388463398,224.76243073777593,phase2_solution,-1.108033404301822,758.9999998526175,-101.10803340430182,,,,,,,,,
old,PPO-QP,20260806,15,266,52,224.76243073777593,-1.0002916304171394,44.892258226115366,17.361819723950468,0.00010423801002262573,224.76240330672067,phase2_solution,-1.0002916304171394,759.0972368035485,-101.00029163041714,,,,,,,,,
old,PPO-QP,20260806,15,266,53,224.76240330672067,-1.0004071295971746,45.000104238010024,15.388218029711245,-0.0003090185651051045,224.76247669862988,phase2_solution,-1.0004071295971746,759.0971325655385,-101.00040712959718,,,,,,,,,
old,PPO-QP,20260806,15,266,54,224.76247669862988,-1.0000981110320746,44.999690981434895,25.205746231864595,-0.00010042427749543685,224.76250054939578,phase2_solution,-1.0000981110320746,759.0974114547935,-101.00009811103207,,,,,,,,,
old,PPO-QP,20260806,15,266,55,224.76250054939578,-0.9999976867546043,44.9998995757225,34.080902198216926,-0.0003571342405544612,224.7625853687779,phase2_solution,-0.9999976867546043,759.0975020877039,-100.99999768675461,,,,,,,,,
old,PPO-QP,20260806,15,266,56,224.7625853687779,-0.9996405525140817,44.99964286575945,39.546983188592904,0.00035830189930294884,224.7624910788044,phase2_solution,-0.9996405525140817,759.097824401356,-100.99964055251408,,,,,,,,,
old,PPO-QP,20260806,15,266,57,224.7624910788044,-1.000037562928834,45.000358301899304,34.796570254626765,-3.766587994628445e-05,224.7625000244509,phase2_solution,-1.000037562928834,759.0974660994567,-101.00003756292884,,,,,,,,,
old,PPO-QP,20260806,15,266,58,224.7625000244509,-0.9999998970488377,44.999962334120056,49.644848341530704,1.720614771564708e-08,224.76250001992295,phase2_solution,-0.9999998970488377,759.0975000929134,-100.99999989704884,,,,,,,,,
old,PPO-QP,20260806,15,266,59,224.76250001992295,-0.9999999161138812,45.00000001720615,30.330947119292635,-1.52679788267747e-06,224.76250038253744,phase2_solution,-0.9999999161138812,759.0975000757072,-100.99999991611388,,,,,,,,,
old,PPO-QP,20260806,15,266,60,224.76250038253744,-0.9999983893160453,44.99999847320212,21.06337429604686,21.06337430439207,219.21950714453953,hard_qp_solution,-0.9999983893160453,759.0975014536423,-100.99999838931605,,,,,,,,,
old,PPO-QP,20260806,15,266,61,219.21950714453953,-23.93662569560793,66.06337430439207,19.13047296955996,19.130472977920743,214.18517215034987,hard_qp_solution,-24.338917286149332,738.0341271492501,-124.33891728614933,,,,,,,,,
old,PPO-QP,20260806,15,266,62,214.18517215034987,-25.869527022079257,64.13047297792075,24.5939636965195,24.593963704836284,207.71307643855084,hard_qp_solution,-45.53611726168476,718.9036541713294,-145.53611726168475,,,,,,,,,
old,PPO-QP,20260806,15,266,63,207.71307643855084,-20.406036295163716,69.59396370483628,26.811330544993144,16.62880906685124,203.33707405253736,hard_qp_solution,-72.78704657452278,694.3096904664932,-172.78704657452278,,,,,,,,,
old,PPO-QP,20260806,15,266,64,203.33707405253736,-28.37119093314876,61.62880906685124,16.6338123205534,16.63381232893459,198.9597550186072,hard_qp_solution,-91.21231977879006,677.680881399642,-191.21231977879006,,,,,,,,,
old,PPO-QP,20260806,15,266,65,198.9597550186072,-28.36618767106541,61.63381232893459,22.285942252468274,22.285942260803747,193.09503337102728,hard_qp_solution,-109.64313676375912,661.0470690707074,-200.0,,,,,,,,,
old,PPO-QP,20260806,15,266,66,193.09503337102728,-22.714057739196253,67.28594226080375,22.446763428148834,22.44676343648308,187.18799036142647,hard_qp_solution,-134.3367015956746,638.7611268099037,-200.0,,,,,,,,,
old,PPO-QP,20260806,15,266,67,187.18799036142647,-22.55323656351692,67.44676343648308,19.5268521047348,19.526852113092623,182.04934506850736,hard_qp_solution,-159.20846163609906,616.3143633734205,-200.0,,,,,,,,,
old,PPO-QP,20260806,15,266,68,182.04934506850736,-25.473147886907377,64.52685211309262,-3.230154899760403,-3.230154891218516,182.81650685517175,hard_qp_solution,-180.8448628694427,596.787511260328,-200.0,,,,,,,,,
old,PPO-QP,20260806,15,266,69,182.81650685517175,-48.23015489121852,41.76984510878148,-2.321080593513715,-2.3210805849791507,183.3677634941043,hard_qp_solution,-177.6147079782242,599.7027260496526,-200.0,,,,,,,,,
old,PPO-QP,20260806,15,266,70,183.3677634941043,-47.32108058497915,42.67891941502085,-10.790067758001866,-10.790067749409028,185.93040458458896,hard_qp_solution,-175.29362739324503,601.7975012775963,-200.0,,,,,,,,,
old,PPO-QP,20260806,15,266,71,185.93040458458896,-55.790067749409026,34.209932250590974,-5.778625048977832,-5.778625040428186,187.30282803169064,hard_qp_solution,-164.50355964383598,611.535537421438,-200.0,,,,,,,,,
old,PPO-QP,20260806,15,266,72,187.30282803169064,-50.77862504042819,39.22137495957181,11.041875347069006,11.04187536000503,184.3970713580051,hard_qp_solution,-158.72493460340786,616.7507465204244,-200.0,,,,,,,,,
old,PPO-QP,20260806,15,266,73,184.3970713580051,-33.95812463999497,56.04187536000503,1.86405490284257,1.8640549151529338,183.90653059085957,hard_qp_solution,-170.95969954524173,605.7088711604193,-200.0,,,,,,,,,
old,PPO-QP,20260806,15,266,74,183.90653059085957,-43.135945084847066,46.864054915152934,6.7746568893973995,6.7746569016326035,182.12372614306153,hard_qp_solution,-173.02513435427548,603.8448162452663,-200.0,,,,,,,,,
old,PPO-QP,20260806,15,266,75,182.12372614306153,-38.2253430983674,51.7746569016326,16.749685876274054,16.749685888532174,177.71591406713202,hard_qp_solution,-180.53167939763566,597.0701593436338,-200.0,,,,,,,,,
old,PPO-QP,20260806,15,266,76,177.71591406713202,-28.250314111467826,61.74968588853217,13.508132089260197,13.50813210106142,174.16114246158955,hard_qp_solution,-199.0908881383915,580.3204734551016,-200.0,,,,,,,,,
old,PPO-QP,20260806,15,266,77,174.16114246158955,-31.49186789893858,58.50813210106142,9.171077214147665,9.1710772259843,171.74770108633052,hard_qp_solution,-214.0583475301493,566.8123413540403,-200.0,,,,,,,,,
old,PPO-QP,20260806,15,266,78,171.74770108633052,-35.8289227740157,54.1710772259843,4.977711548938989,4.9777115608096985,170.4377769913806,hard_qp_solution,-224.22020595229256,557.6412641280559,-200.0,,,,,,,,,
old,PPO-QP,20260806,15,266,79,170.4377769913806,-40.022288439190305,49.977711560809695,7.022271035173076,7.0222710471965115,168.58981092632888,hard_qp_solution,-229.73567582576595,552.6635525672463,-200.0,,,,,,,,,
old,PPO-QP,20260806,15,266,80,168.58981092632888,-37.97772895280349,52.02227104719651,7.3845850366280645,7.384585048520123,166.64649907145517,hard_qp_solution,-237.5165855733521,545.6412815200497,-200.0,,,,,,,,,
old,PPO-QP,20260806,15,266,81,166.64649907145517,-37.61541495147988,52.38458504852012,-4.257380513416366,-4.257380500885565,167.6576269404155,hard_qp_solution,-245.6989512780835,538.2566964715296,-200.0,,,,,,,,,
old,PPO-QP,20260806,15,266,82,167.6576269404155,-49.25738050088557,40.74261949911443,-11.129888900725073,-11.129888888722101,170.300975551487,hard_qp_solution,-241.4415707771979,542.0989823735789,-200.0,,,,,,,,,
old,PPO-QP,20260806,15,266,83,170.300975551487,-56.1298888887221,33.8701111112779,-2.75956947088601,-2.7595694580841745,170.956373297782,hard_qp_solution,-230.3116818884758,552.1437070956506,-200.0,,,,,,,,,
old,PPO-QP,20260806,15,266,84,170.956373297782,-47.75956945808417,42.24043054191583,-3.555409729747118,-3.555409717568598,171.80078310570454,hard_qp_solution,-227.55211243039162,554.6342185315716,-200.0,,,,,,,,,
old,PPO-QP,20260806,15,266,85,171.80078310570454,-48.5554097175686,41.4445902824314,-7.459695159109726,-7.45969514701996,173.57246070312178,hard_qp_solution,-223.996702712823,557.8429758016772,-200.0,,,,,,,,,
old,PPO-QP,20260806,15,266,86,173.57246070312178,-52.45969514701996,37.54030485298004,-9.318052463686017,-9.318052451388482,175.78549816032654,hard_qp_solution,-216.53700756580307,564.5753506718627,-200.0,,,,,,,,,
old,PPO-QP,20260806,15,266,87,175.78549816032654,-54.31805245138848,35.68194754861152,-14.759338562405672,-14.759338550178953,179.29084106599404,hard_qp_solution,-207.21895511441457,572.9848930092409,-200.0,,,,,,,,,
old,PPO-QP,20260806,15,266,88,179.29084106599404,-59.75933855017895,30.240661449821047,-2.418235705917922,-2.4182356928459368,179.86517204304496,hard_qp_solution,-192.4596165642356,586.3051960507773,-200.0,,,,,,,,,
old,PPO-QP,20260806,15,266,89,179.86517204304496,-47.41823569284594,42.58176430715406,-7.025206166655303,-7.02520615462988,181.53365850476956,hard_qp_solution,-190.04138087138963,588.4876537635708,-200.0,,,,,,,,,
old,PPO-QP,20260806,15,266,90,181.53365850476956,-52.02520615462988,37.97479384537012,-22.4340771996125,-22.43407718695667,186.86175183667177,hard_qp_solution,-183.01617471675974,594.8279023181243,-200.0,,,,,,,,,
old,PPO-QP,20260806,15,266,91,186.86175183667177,-67.43407718695667,22.56592281304333,-17.72095073211558,-17.720950719068867,191.07047763245063,hard_qp_solution,-160.58209752980306,596.0746569793527,-200.0,,,,,,,,,
old,PPO-QP,20260806,15,266,92,191.07047763245063,-54.218487530955784,27.279049280931133,-26.012614822526352,-26.012614809940835,197.2484736498116,hard_qp_solution,-54.218487530955784,521.8178150033124,-154.21848753095577,,,,,,,,,
old,PPO-QP,20260806,15,266,93,197.2484736498116,74.54419986928396,100.0,-24.61824494606062,74.54419986928396,177.63157894736844,hard_qp_solution,74.54419986928396,455.044199869284,-25.455800130716042,,,,,,,,,
old,PPO-QP,20260806,15,266,94,177.63157894736844,29.544199869283958,100.0,-24.187396623366215,29.54419986928396,169.85678950808318,hard_qp_solution,100.00000000000003,290.25000000000006,2.842170943040401e-14,,,,,,,,,
old,PPO-QP,20260806,15,266,95,169.85678950808318,-15.455800130716039,74.54419986928396,-27.811592153832148,-15.455800038489437,173.52754201722442,hard_qp_solution,170.45580013071609,170.45580013071609,70.45580013071609,,,,,,,,,
fixed,PPO-QP,20260806,15,266,0,125.0,-45.0,45.0,-0.20306255914295399,-0.2030624383524293,125.0482273291087,hard_qp_solution,-421.0526315789474,380.0,-200.0,125.0,125.0,96.0,-100.0,100.0,3.7999999999999996e-08,0.0,0.0,0.0
fixed,PPO-QP,20260806,15,266,1,125.0482273291087,-45.20306243835243,44.79693756164757,3.6550311360099106,3.6550312525989948,124.08637699947738,hard_qp_solution,-420.84956914059495,380.18326385061306,-200.0,125.0482273291087,125.0,95.0,-100.0,100.0,3.7999999999999996e-08,0.0,0.0,0.0
fixed,PPO-QP,20260806,15,266,2,124.08637699947738,-41.344968747401005,48.655031252598995,3.2389589044512874,3.2389589059576105,123.23401939264643,hard_qp_solution,-424.8994652653584,376.52823259801403,-200.0,124.08637699947738,125.0,94.0,-100.0,100.0,3.7999999999999996e-08,0.0,0.0,0.0
fixed,PPO-QP,20260806,15,266,3,123.23401939264643,-41.76104109404239,48.23895890595761,8.720451499456837,8.720451511667134,120.93916373168139,hard_qp_solution,-428.48833939938345,373.28927369205644,-200.0,123.23401939264643,125.0,93.0,-100.0,100.0,3.7999999999999996e-08,0.0,0.0,0.0
fixed,PPO-QP,20260806,15,266,4,120.93916373168139,-36.279548488332864,53.720451511667136,12.004652694086609,12.004652706030416,117.78004459851549,hard_qp_solution,-438.15088955081524,364.56882218038925,-200.0,120.93916373168139,125.0,92.0,-100.0,100.0,3.7999999999999996e-08,0.0,0.0,0.0
fixed,PPO-QP,20260806,15,266,5,117.78004459851549,-32.99534729396959,57.00465270603041,21.906051574825394,21.906051586905043,112.0152941809089,hard_qp_solution,-451.45244379572426,352.56416947435883,-200.0,117.78004459851549,125.0,91.0,-100.0,100.0,3.7999999999999996e-08,0.0,0.0,0.0
fixed,PPO-QP,20260806,15,266,6,112.0152941809089,-23.093948413094957,66.90605158690505,35.53593551254228,35.5359355246366,102.66373220074136,hard_qp_solution,-475.7250771330152,330.6581178874538,-200.0,112.0152941809089,125.0,90.0,-100.0,100.0,3.7999999999999996e-08,0.0,0.0,0.0
fixed,PPO-QP,20260806,15,266,7,102.66373220074136,-9.4640644753634,80.5359355246366,24.056721476915257,24.056721490101065,96.33301601913583,hard_qp_solution,-515.1000749442469,295.12218236281717,-200.0,102.66373220074136,125.0,89.0,-100.0,100.0,3.7999999999999996e-08,0.0,0.0,0.0
fixed,PPO-QP,20260806,15,266,8,96.33301601913583,-20.943278509898935,69.05672149010107,39.071104174426296,39.0711041866577,86.05114649633117,hard_qp_solution,-541.7557220246913,271.06546087271613,-200.0,96.33301601913583,125.0,88.0,-100.0,100.0,3.7999999999999996e-08,0.0,0.0,0.0
fixed,PPO-QP,20260806,15,266,9,86.05114649633117,-5.928895813342301,84.07110418665769,34.66447653655409,34.66447654894114,76.92891582555718,hard_qp_solution,-585.047804225974,231.99435668605844,-200.0,86.05114649633117,125.0,87.0,-100.0,100.0,3.7999999999999996e-08,0.0,0.0,0.0
fixed,PPO-QP,20260806,15,266,10,76.92891582555718,-10.335523451058862,79.66447654894114,42.088811356703026,42.08881136827182,65.8529128339067,hard_qp_solution,-623.4571965239699,197.3298801371173,-200.0,76.92891582555718,125.0,86.0,-100.0,100.0,3.7999999999999996e-08,0.0,0.0,0.0
fixed,PPO-QP,20260806,15,266,11,65.8529128339067,-2.91118863172818,87.08881136827182,43.81732587655562,43.81732588824773,54.322037600157294,hard_qp_solution,-670.092998594077,155.24106876884545,-200.0,65.8529128339067,125.0,85.0,-100.0,100.0,3.7999999999999996e-08,0.0,0.0,0.0
fixed,PPO-QP,20260806,15,266,12,54.322037600157294,-1.18267411175227,88.81732588824772,53.0385020397398,53.03850205121934,40.36453706036273,hard_qp_solution,-718.6440522098641,111.42374288059771,-200.0,54.322037600157294,125.0,84.0,-100.0,100.0,3.7999999999999996e-08,0.0,0.0,0.0
fixed,PPO-QP,20260806,15,266,13,40.36453706036273,8.03850205121934,58.38524082937837,50.31474320869744,50.31474322327245,27.123815159501557,hard_qp_solution,-777.4124755353149,58.38524082937837,-158.38524082937838,40.36453706036273,125.0,83.0,-100.0,58.38524082937837,3.7999999999999996e-08,0.0,0.0,0.0
fixed,PPO-QP,20260806,15,266,14,27.123815159501557,5.314743223272451,8.070497606105917,43.824266405897035,8.070497606105917,25.0,hard_qp_solution,-833.1628835389408,8.070497606105917,-108.07049760610592,27.123815159501557,125.0,82.0,-100.0,8.070497606105917,3.7999999999999996e-08,0.0,0.0,0.0
fixed,PPO-QP,20260806,15,266,15,25.0,-36.92950239389408,0.0,29.256225573012074,0.0,25.0,hard_qp_solution,-842.1052631578948,0.0,-100.0,25.0,125.0,81.0,-100.0,0.0,3.7999999999999996e-08,0.0,0.0,0.0
fixed,PPO-QP,20260806,15,266,16,25.0,-45.0,0.0,35.52222451379423,0.0,25.0,hard_qp_solution,-842.1052631578948,0.0,-100.0,25.0,125.0,80.0,-100.0,0.0,3.7999999999999996e-08,0.0,0.0,0.0
fixed,PPO-QP,20260806,15,266,17,25.0,-45.0,0.0,31.783996945221016,0.0,25.0,hard_qp_solution,-842.1052631578948,0.0,-100.0,25.0,125.0,79.0,-100.0,0.0,3.7999999999999996e-08,0.0,0.0,0.0
fixed,PPO-QP,20260806,15,266,18,25.0,-45.0,0.0,36.00295399780018,0.0,25.0,hard_qp_solution,-842.1052631578948,0.0,-100.0,25.0,125.0,78.0,-100.0,0.0,3.7999999999999996e-08,0.0,0.0,0.0
fixed,PPO-QP,20260806,15,266,19,25.0,-45.0,0.0,21.458750452689447,0.0,25.0,hard_qp_solution,-842.1052631578948,0.0,-100.0,25.0,125.0,77.0,-100.0,0.0,3.7999999999999996e-08,0.0,0.0,0.0
fixed,PPO-QP,20260806,15,266,20,25.0,-45.0,0.0,26.58931727581776,0.0,25.0,hard_qp_solution,-842.1052631578948,0.0,-100.0,25.0,125.0,76.0,-100.0,0.0,3.7999999999999996e-08,0.0,0.0,0.0
fixed,PPO-QP,20260806,15,266,21,25.0,-45.0,0.0,2.922146850274486,0.0,25.0,hard_qp_solution,-842.1052631578948,0.0,-100.0,25.0,125.0,75.0,-100.0,0.0,3.7999999999999996e-08,0.0,0.0,0.0
fixed,PPO-QP,20260806,15,266,22,25.0,-45.0,0.0,10.694015190599497,0.0,25.0,hard_qp_solution,-842.1052631578948,0.0,-100.0,25.0,125.0,74.0,-100.0,0.0,3.7999999999999996e-08,0.0,0.0,0.0
fixed,PPO-QP,20260806,15,266,23,25.0,-45.0,0.0,0.647489291982138,0.0,25.0,hard_qp_solution,-842.1052631578948,0.0,-100.0,25.0,125.0,73.0,-100.0,0.0,3.7999999999999996e-08,0.0,0.0,0.0
fixed,PPO-QP,20260806,15,266,24,25.0,-45.0,0.0,21.5374383735889,0.0,25.0,hard_qp_solution,-842.1052631578948,0.0,-100.0,25.0,125.0,72.0,-100.0,0.0,3.7999999999999996e-08,0.0,0.0,0.0
fixed,PPO-QP,20260806,15,266,25,25.0,-45.0,0.0,17.117929373116876,0.0,25.0,hard_qp_solution,-842.1052631578948,0.0,-100.0,25.0,125.0,71.0,-100.0,0.0,3.7999999999999996e-08,0.0,0.0,0.0
fixed,PPO-QP,20260806,15,266,26,25.0,-45.0,0.0,30.300066105763356,0.0,25.0,hard_qp_solution,-842.1052631578948,0.0,-100.0,25.0,125.0,70.0,-100.0,0.0,3.7999999999999996e-08,0.0,0.0,0.0
fixed,PPO-QP,20260806,15,266,27,25.0,-45.0,0.0,7.345618230146438,0.0,25.0,hard_qp_solution,-842.1052631578948,0.0,-100.0,25.0,125.0,69.0,-100.0,0.0,3.7999999999999996e-08,0.0,0.0,0.0
fixed,PPO-QP,20260806,15,266,28,25.0,-45.0,0.0,6.529699672194848,0.0,25.0,hard_qp_solution,-842.1052631578948,0.0,-100.0,25.0,125.0,68.0,-100.0,0.0,3.7999999999999996e-08,0.0,0.0,0.0
fixed,PPO-QP,20260806,15,266,29,25.0,-45.0,0.0,20.044551089552378,0.0,25.0,hard_qp_solution,-842.1052631578948,0.0,-100.0,25.0,125.0,67.0,-100.0,0.0,3.7999999999999996e-08,0.0,0.0,0.0
fixed,PPO-QP,20260806,15,266,30,25.0,-45.0,0.0,25.412192970103636,0.0,25.0,hard_qp_solution,-842.1052631578948,0.0,-100.0,25.0,125.0,66.0,-100.0,0.0,3.7999999999999996e-08,0.0,0.0,0.0
fixed,PPO-QP,20260806,15,266,31,25.0,-45.0,0.0,39.30838597797786,0.0,25.0,hard_qp_solution,-842.1052631578948,0.0,-100.0,25.0,125.0,65.0,-100.0,0.0,3.7999999999999996e-08,0.0,0.0,0.0
fixed,PPO-QP,20260806,15,266,32,25.0,-45.0,0.0,21.288974176918238,-7.877644479188774,26.870940563807334,hard_qp_solution,-842.1052631578948,0.0,-100.0,25.0,125.0,64.0,-100.0,0.0,3.7999999999999996e-08,0.0,0.0,0.0
fixed,PPO-QP,20260806,15,266,33,26.870940563807334,-52.877644479188774,7.10957414246787,32.82593028603712,-38.39752031341812,35.990351638244135,hard_qp_solution,-834.227618678706,7.10957414246787,-107.10957414246786,26.870940563807334,125.0,63.0,-100.0,7.10957414246787,3.7999999999999996e-08,0.0,0.0,0.0
fixed,PPO-QP,20260806,15,266,34,35.990351638244135,-83.39752031341811,6.60247968658188,0.7912795458800177,-20.134775577165833,40.77236083782102,hard_qp_solution,-795.8300983652879,41.76333622532771,-141.76333622532772,35.990351638244135,125.0,62.0,-100.0,41.76333622532771,3.7999999999999996e-08,0.0,0.0,0.0
fixed,PPO-QP,20260806,15,266,35,40.77236083782102,-65.13477557716584,24.865224422834167,23.807524420430884,-37.37237727508662,49.64830044065409,hard_qp_solution,-775.695322788122,59.93497118371987,-159.93497118371988,40.77236083782102,125.0,61.0,-100.0,59.93497118371987,3.7999999999999996e-08,0.0,0.0,0.0
fixed,PPO-QP,20260806,15,266,36,49.64830044065409,-82.37237727508662,7.62762272491338,-4.857313926641001,-65.33930125107248,65.1663844877838,hard_qp_solution,-738.3229455130355,93.66354167448554,-193.66354167448554,49.64830044065409,125.0,60.0,-100.0,93.66354167448554,3.7999999999999996e-08,0.0,0.0,0.0
fixed,PPO-QP,20260806,15,266,37,65.1663844877838,-100.0,-20.339301251072484,18.25662276193157,-81.69271210412317,84.56840361251305,hard_qp_solution,-672.9836442619629,152.63226105357845,-200.0,65.1663844877838,125.0,59.0,-100.0,100.0,3.7999999999999996e-08,0.0,0.0,0.0
fixed,PPO-QP,20260806,15,266,38,84.56840361251305,-100.0,-36.692712104123174,-16.560130118949342,-65.40542872295725,100.1021929342154,hard_qp_solution,-591.2909321578397,226.3599337275496,-200.0,84.56840361251305,125.0,58.0,-100.0,100.0,3.7999999999999996e-08,0.0,0.0,0.0
fixed,PPO-QP,20260806,15,266,39,100.1021929342154,-100.0,-20.405428722957254,20.938487955464698,-96.54026147496995,123.03050503452076,hard_qp_solution,-525.8855034348826,285.38833315001847,-200.0,100.1021929342154,125.0,57.0,-100.0,100.0,3.7999999999999996e-08,0.0,0.0,0.0
fixed,PPO-QP,20260806,15,266,40,123.03050503452076,-100.0,-51.54026147496995,-0.59417920232034,-98.99990017178375,146.5429813253194,phase2_solution,-429.34524195991264,372.51591913117886,-200.0,123.03050503452076,125.0,56.0,-100.0,100.0,3.7999999999999996e-08,0.0,0.0,0.0
fixed,PPO-QP,20260806,15,266,41,146.5429813253194,-100.0,-53.99990017178375,13.133477176822725,-98.99939710389988,170.05533813749562,phase2_solution,-330.34534178812885,461.8633290362137,-200.0,146.5429813253194,125.0,55.0,-100.0,100.0,3.7999999999999996e-08,0.0,0.0,0.0
fixed,PPO-QP,20260806,15,266,42,170.05533813749562,-100.0,-53.99939710389988,-13.32695563476896,-98.99996741037022,193.56783039745855,phase2_solution,-231.34594468422895,551.2102849224833,-200.0,170.05533813749562,125.0,54.0,-100.0,100.0,3.7999999999999996e-08,0.0,0.0,0.0
fixed,PPO-QP,20260806,15,266,43,193.56783039745855,-100.0,-53.99996741037022,11.024417947061913,-98.99961070678025,217.08023794031885,phase2_solution,-132.34597727385875,640.5577555103424,-200.0,193.56783039745855,125.0,53.0,-100.0,100.0,3.7999999999999996e-08,0.0,0.0,0.0
fixed,PPO-QP,20260806,15,266,44,217.08023794031885,-33.34636656707852,100.0,4.806217598813932,-32.34636677898806,224.76250005032853,phase2_solution,-33.34636656707852,729.9049041732115,-133.34636656707852,217.08023794031885,125.0,52.0,-33.34636656707852,100.0,3.7999999999999996e-08,0.0,0.0,0.0
fixed,PPO-QP,20260806,15,266,45,224.76250005032853,-0.9999997880904151,12.653633221011937,-2.4666597366882272,-0.9999997880904152,225.0,phase2_solution,-0.9999997880904151,759.0975001912484,-100.99999978809042,224.76250005032853,125.0,51.0,-0.9999997880904151,100.0,3.7999999999999996e-08,0.0,0.0,0.0
fixed,PPO-QP,20260806,15,266,46,225.0,-0.0,44.00000021190959,-24.717085946298145,-0.0,225.0,phase2_solution,0.0,760.0,-100.0,225.0,125.0,50.0,-0.0,100.0,3.7999999999999996e-08,0.0,0.0,0.0
fixed,PPO-QP,20260806,15,266,47,225.0,-0.0,45.0,-7.872852812850674,-0.0,225.0,phase2_solution,0.0,760.0,-100.0,225.0,125.0,49.0,-0.0,100.0,3.7999999999999996e-08,0.0,0.0,0.0
fixed,PPO-QP,20260806,15,266,48,225.0,-0.0,45.0,1.0575705611414616,-0.0,225.0,phase2_solution,0.0,760.0,-100.0,225.0,125.0,48.0,-0.0,100.0,3.7999999999999996e-08,0.0,0.0,0.0
fixed,PPO-QP,20260806,15,266,49,225.0,-0.0,45.0,-1.0228945002432892,-0.0,225.0,phase2_solution,0.0,760.0,-100.0,225.0,125.0,47.0,-0.0,100.0,3.7999999999999996e-08,0.0,0.0,0.0
fixed,PPO-QP,20260806,15,266,50,225.0,-0.0,45.0,2.7980337988724,1.0000001473823519,224.73684206647832,phase2_solution,0.0,760.0,-100.0,225.0,125.0,46.0,-0.0,100.0,3.7999999999999996e-08,0.0,0.0,0.0
fixed,PPO-QP,20260806,15,266,51,224.73684206647832,-1.108033404301822,46.00000014738235,15.529784409236221,-0.10774177388463398,224.76243073777593,phase2_solution,-1.108033404301822,758.9999998526175,-101.10803340430182,224.73684206647832,125.0,45.0,-1.108033404301822,100.0,3.7999999999999996e-08,0.0,0.0,0.0
fixed,PPO-QP,20260806,15,266,52,224.76243073777593,-1.0002916304171394,44.892258226115366,17.361819723950468,0.00010423801002262573,224.76240330672067,phase2_solution,-1.0002916304171394,759.0972368035485,-101.00029163041714,224.76243073777593,125.0,44.0,-1.0002916304171394,100.0,3.7999999999999996e-08,0.0,0.0,0.0
fixed,PPO-QP,20260806,15,266,53,224.76240330672067,-1.0004071295971746,45.000104238010024,15.388218029711245,-0.0003090185651051045,224.76247669862988,phase2_solution,-1.0004071295971746,759.0971325655385,-101.00040712959718,224.76240330672067,125.0,43.0,-1.0004071295971746,100.0,3.7999999999999996e-08,0.0,0.0,0.0
fixed,PPO-QP,20260806,15,266,54,224.76247669862988,-1.0000981110320746,44.999690981434895,25.205746231864595,-0.00010042427749543685,224.76250054939578,phase2_solution,-1.0000981110320746,759.0974114547935,-101.00009811103207,224.76247669862988,125.0,42.0,-1.0000981110320746,100.0,3.7999999999999996e-08,0.0,0.0,0.0
fixed,PPO-QP,20260806,15,266,55,224.76250054939578,-0.9999976867546043,44.9998995757225,34.080902198216926,-0.0003571342405544612,224.7625853687779,phase2_solution,-0.9999976867546043,759.0975020877039,-100.99999768675461,224.76250054939578,125.0,41.0,-0.9999976867546043,100.0,3.7999999999999996e-08,0.0,0.0,0.0
fixed,PPO-QP,20260806,15,266,56,224.7625853687779,-0.9996405525140817,44.99964286575945,39.546983188592904,0.00035830189930294884,224.7624910788044,phase2_solution,-0.9996405525140817,759.097824401356,-100.99964055251408,224.7625853687779,125.0,40.0,-0.9996405525140817,100.0,3.7999999999999996e-08,0.0,0.0,0.0
fixed,PPO-QP,20260806,15,266,57,224.7624910788044,-1.000037562928834,45.000358301899304,34.796570254626765,-3.766587994628445e-05,224.7625000244509,phase2_solution,-1.000037562928834,759.0974660994567,-101.00003756292884,224.7624910788044,125.0,39.0,-1.000037562928834,100.0,3.7999999999999996e-08,0.0,0.0,0.0
fixed,PPO-QP,20260806,15,266,58,224.7625000244509,-0.9999998970488377,44.999962334120056,49.644848341530704,1.720614771564708e-08,224.76250001992295,phase2_solution,-0.9999998970488377,759.0975000929134,-100.99999989704884,224.7625000244509,125.0,38.0,-0.9999998970488377,100.0,3.7999999999999996e-08,0.0,0.0,0.0
fixed,PPO-QP,20260806,15,266,59,224.76250001992295,-0.9999999161138812,45.00000001720615,30.330947119292635,-1.52679788267747e-06,224.76250038253744,phase2_solution,-0.9999999161138812,759.0975000757072,-100.99999991611388,224.76250001992295,125.0,37.0,-0.9999999161138812,100.0,3.7999999999999996e-08,0.0,0.0,0.0
fixed,PPO-QP,20260806,15,266,60,224.76250038253744,-0.9999983893160453,44.99999847320212,21.06337429604686,21.06337430439207,219.21950714453953,hard_qp_solution,-0.9999983893160453,759.0975014536423,-100.99999838931605,224.76250038253744,125.0,36.0,-0.9999983893160453,100.0,3.7999999999999996e-08,0.0,0.0,0.0
fixed,PPO-QP,20260806,15,266,61,219.21950714453953,-23.93662569560793,66.06337430439207,19.13047296955996,19.130472977920743,214.18517215034987,hard_qp_solution,-24.338917286149332,738.0341271492501,-124.33891728614933,219.21950714453953,125.0,35.0,-24.338917286149332,100.0,3.7999999999999996e-08,0.0,0.0,0.0
fixed,PPO-QP,20260806,15,266,62,214.18517215034987,-25.869527022079257,64.13047297792075,24.5939636965195,24.593963704836284,207.71307643855084,hard_qp_solution,-45.53611726168476,718.9036541713294,-145.53611726168475,214.18517215034987,125.0,34.0,-45.53611726168476,100.0,3.7999999999999996e-08,0.0,0.0,0.0
fixed,PPO-QP,20260806,15,266,63,207.71307643855084,-20.406036295163716,69.59396370483628,26.811330544993144,16.62880906685124,203.33707405253736,hard_qp_solution,-72.78704657452278,694.3096904664932,-172.78704657452278,207.71307643855084,125.0,33.0,-72.78704657452278,100.0,3.7999999999999996e-08,0.0,0.0,0.0
fixed,PPO-QP,20260806,15,266,64,203.33707405253736,-28.37119093314876,61.62880906685124,16.6338123205534,16.63381232893459,198.9597550186072,hard_qp_solution,-91.21231977879006,677.680881399642,-191.21231977879006,203.33707405253736,125.0,32.0,-91.21231977879006,100.0,3.7999999999999996e-08,0.0,0.0,0.0
fixed,PPO-QP,20260806,15,266,65,198.9597550186072,-28.36618767106541,61.63381232893459,22.285942252468274,22.285942260803747,193.09503337102728,hard_qp_solution,-109.64313676375912,661.0470690707074,-200.0,198.9597550186072,125.0,31.0,-100.0,100.0,3.7999999999999996e-08,0.0,0.0,0.0
fixed,PPO-QP,20260806,15,266,66,193.09503337102728,-22.714057739196253,67.28594226080375,22.446763428148834,22.44676343648308,187.18799036142647,hard_qp_solution,-134.3367015956746,638.7611268099037,-200.0,193.09503337102728,125.0,30.0,-100.0,100.0,3.7999999999999996e-08,0.0,0.0,0.0
fixed,PPO-QP,20260806,15,266,67,187.18799036142647,-22.55323656351692,67.44676343648308,19.5268521047348,19.526852113092623,182.04934506850736,hard_qp_solution,-159.20846163609906,616.3143633734205,-200.0,187.18799036142647,125.0,29.0,-100.0,100.0,3.7999999999999996e-08,0.0,0.0,0.0
fixed,PPO-QP,20260806,15,266,68,182.04934506850736,-25.473147886907377,64.52685211309262,-3.230154899760403,-3.230154891218516,182.81650685517175,hard_qp_solution,-180.8448628694427,596.787511260328,-200.0,182.04934506850736,125.0,28.0,-100.0,100.0,3.7999999999999996e-08,0.0,0.0,0.0
fixed,PPO-QP,20260806,15,266,69,182.81650685517175,-48.23015489121852,41.76984510878148,-2.321080593513715,-2.3210805849791507,183.3677634941043,hard_qp_solution,-177.6147079782242,599.7027260496526,-200.0,182.81650685517175,125.0,27.0,-100.0,100.0,3.7999999999999996e-08,0.0,0.0,0.0
fixed,PPO-QP,20260806,15,266,70,183.3677634941043,-47.32108058497915,42.67891941502085,-10.790067758001866,-10.790067749409028,185.93040458458896,hard_qp_solution,-175.29362739324503,601.7975012775963,-200.0,183.3677634941043,125.0,26.0,-100.0,100.0,3.7999999999999996e-08,0.0,0.0,0.0
fixed,PPO-QP,20260806,15,266,71,185.93040458458896,-55.790067749409026,34.209932250590974,-5.778625048977832,-5.778625040428186,187.30282803169064,hard_qp_solution,-164.50355964383598,611.535537421438,-200.0,185.93040458458896,125.0,25.0,-100.0,100.0,3.7999999999999996e-08,0.0,0.0,0.0
fixed,PPO-QP,20260806,15,266,72,187.30282803169064,-50.77862504042819,39.22137495957181,11.041875347069006,11.04187536000503,184.3970713580051,hard_qp_solution,-158.72493460340786,616.7507465204244,-200.0,187.30282803169064,125.0,24.0,-100.0,100.0,3.7999999999999996e-08,0.0,0.0,0.0
fixed,PPO-QP,20260806,15,266,73,184.3970713580051,-33.95812463999497,56.04187536000503,1.86405490284257,1.8640549151529338,183.90653059085957,hard_qp_solution,-170.95969954524173,605.7088711604193,-200.0,184.3970713580051,125.0,23.0,-100.0,100.0,3.7999999999999996e-08,0.0,0.0,0.0
fixed,PPO-QP,20260806,15,266,74,183.90653059085957,-43.135945084847066,46.864054915152934,6.7746568893973995,6.7746569016326035,182.12372614306153,hard_qp_solution,-173.02513435427548,603.8448162452663,-200.0,183.90653059085957,125.0,22.0,-100.0,100.0,3.7999999999999996e-08,0.0,0.0,0.0
fixed,PPO-QP,20260806,15,266,75,182.12372614306153,-38.2253430983674,51.7746569016326,16.749685876274054,16.749685888532174,177.71591406713202,hard_qp_solution,-180.53167939763566,597.0701593436338,-200.0,182.12372614306153,125.0,21.0,-100.0,100.0,3.7999999999999996e-08,0.0,0.0,0.0
fixed,PPO-QP,20260806,15,266,76,177.71591406713202,-28.250314111467826,61.74968588853217,13.508132089260197,13.50813210106142,174.16114246158955,hard_qp_solution,-199.0908881383915,580.3204734551016,-200.0,177.71591406713202,125.0,20.0,-100.0,100.0,3.7999999999999996e-08,0.0,0.0,0.0
fixed,PPO-QP,20260806,15,266,77,174.16114246158955,-31.49186789893858,58.50813210106142,9.171077214147665,9.1710772259843,171.74770108633052,hard_qp_solution,-214.0583475301493,566.8123413540403,-200.0,174.16114246158955,125.0,19.0,-100.0,100.0,3.7999999999999996e-08,0.0,0.0,0.0
fixed,PPO-QP,20260806,15,266,78,171.74770108633052,-35.8289227740157,54.1710772259843,4.977711548938989,4.9777115608096985,170.4377769913806,hard_qp_solution,-224.22020595229256,557.6412641280559,-200.0,171.74770108633052,125.0,18.0,-100.0,100.0,3.7999999999999996e-08,0.0,0.0,0.0
fixed,PPO-QP,20260806,15,266,79,170.4377769913806,-40.022288439190305,49.977711560809695,7.022271035173076,7.0222710471965115,168.58981092632888,hard_qp_solution,-229.73567582576595,552.6635525672463,-200.0,170.4377769913806,125.0,17.0,-100.0,100.0,3.7999999999999996e-08,0.0,0.0,0.0
fixed,PPO-QP,20260806,15,266,80,168.58981092632888,-37.97772895280349,52.02227104719651,7.3845850366280645,7.384585048520123,166.64649907145517,hard_qp_solution,-237.5165855733521,545.6412815200497,-200.0,168.58981092632888,125.0,16.0,-100.0,100.0,3.7999999999999996e-08,0.0,0.0,0.0
fixed,PPO-QP,20260806,15,266,81,166.64649907145517,-37.61541495147988,52.38458504852012,-4.257380513416366,-4.257380500885565,167.6576269404155,hard_qp_solution,-245.6989512780835,538.2566964715296,-200.0,166.64649907145517,125.0,15.0,-100.0,100.0,3.7999999999999996e-08,0.0,0.0,0.0
fixed,PPO-QP,20260806,15,266,82,167.6576269404155,-49.25738050088557,40.74261949911443,-11.129888900725073,-11.129888888722101,170.300975551487,hard_qp_solution,-241.4415707771979,542.0989823735789,-200.0,167.6576269404155,125.0,14.0,-100.0,100.0,3.7999999999999996e-08,0.0,0.0,0.0
fixed,PPO-QP,20260806,15,266,83,170.300975551487,-56.1298888887221,33.8701111112779,-2.75956947088601,-2.7595694580841745,170.956373297782,hard_qp_solution,-230.3116818884758,552.1437070956506,-200.0,170.300975551487,125.0,13.0,-100.0,100.0,3.7999999999999996e-08,0.0,0.0,0.0
fixed,PPO-QP,20260806,15,266,84,170.956373297782,-47.75956945808417,42.24043054191583,-3.555409729747118,-3.555409717568598,171.80078310570454,hard_qp_solution,-227.55211243039162,554.6342185315716,-200.0,170.956373297782,125.0,12.0,-100.0,100.0,3.7999999999999996e-08,0.0,0.0,0.0
fixed,PPO-QP,20260806,15,266,85,171.80078310570454,-48.5554097175686,41.4445902824314,-7.459695159109726,-7.45969514701996,173.57246070312178,hard_qp_solution,-223.996702712823,557.8429758016772,-200.0,171.80078310570454,125.0,11.0,-100.0,100.0,3.7999999999999996e-08,0.0,0.0,0.0
fixed,PPO-QP,20260806,15,266,86,173.57246070312178,-52.45969514701996,37.54030485298004,-9.318052463686017,-9.318052451388482,175.78549816032654,hard_qp_solution,-216.53700756580307,564.5753506718627,-200.0,173.57246070312178,125.0,10.0,-100.0,100.0,3.7999999999999996e-08,0.0,0.0,0.0
fixed,PPO-QP,20260806,15,266,87,175.78549816032654,-54.31805245138848,35.68194754861152,-14.759338562405672,-14.759338550178953,179.29084106599404,hard_qp_solution,-207.21895511441457,572.9848930092409,-200.0,175.78549816032654,125.0,9.0,-100.0,100.0,3.7999999999999996e-08,0.0,0.0,0.0
fixed,PPO-QP,20260806,15,266,88,179.29084106599404,-59.75933855017895,30.240661449821047,-2.418235705917922,-2.4182356928459368,179.86517204304496,hard_qp_solution,-192.4596165642356,586.3051960507773,-200.0,179.29084106599404,125.0,8.0,-100.0,100.0,3.7999999999999996e-08,0.0,0.0,0.0
fixed,PPO-QP,20260806,15,266,89,179.86517204304496,-47.41823569284594,42.58176430715406,-7.025206166655303,-7.02520615462988,181.53365850476956,hard_qp_solution,-190.04138087138963,588.4876537635708,-200.0,179.86517204304496,125.0,7.0,-100.0,100.0,3.7999999999999996e-08,0.0,0.0,0.0
fixed,PPO-QP,20260806,15,266,90,181.53365850476956,-52.02520615462988,37.97479384537012,-22.4340771996125,-22.43407718695667,186.86175183667177,hard_qp_solution,-183.01617471675974,594.8279023181243,-200.0,181.53365850476956,125.0,6.0,-100.0,100.0,3.7999999999999996e-08,0.0,0.0,0.0
fixed,PPO-QP,20260806,15,266,91,186.86175183667177,-67.43407718695667,22.56592281304333,-17.72095073211558,-17.720950719068867,191.07047763245063,hard_qp_solution,-160.58209752980306,596.0746569793527,-200.0,186.86175183667177,125.0,5.0,-100.0,100.0,3.7999999999999996e-08,0.0,0.0,0.0
fixed,PPO-QP,20260806,15,266,92,191.07047763245063,-54.218487530955784,27.279049280931133,-26.012614822526352,-26.012614809940835,197.2484736498116,hard_qp_solution,-54.218487530955784,521.8178150033124,-154.21848753095577,191.07047763245063,125.0,4.0,-100.0,100.0,3.7999999999999996e-08,0.0,0.0,0.0
fixed,PPO-QP,20260806,15,266,93,197.2484736498116,74.54419986928396,100.0,-24.61824494606062,74.54419986928396,177.63157894736844,hard_qp_solution,74.54419986928396,455.044199869284,-25.455800130716042,197.2484736498116,125.0,3.0,-100.0,100.0,3.7999999999999996e-08,0.0,1.0,55.55681467922479
fixed,PPO-QP,20260806,15,266,94,177.63157894736844,100.0,100.0,-24.187396623366215,100.0,151.31578947368422,hard_qp_solution,100.00000000000003,290.25000000000006,2.842170943040401e-14,177.63157894736844,125.0,2.0,-100.0,100.0,3.7999999999999996e-08,1.0,0.0,0.0
fixed,PPO-QP,20260806,15,266,95,151.31578947368422,100.0,100.0,-25.594434879221602,100.0,125.0,hard_qp_solution,100.00000000000003,100.00000000000003,2.842170943040401e-14,151.31578947368422,125.0,1.0,-100.0,100.0,3.7999999999999996e-08,1.0,0.0,0.0
old,PPO-QP,20260806,15,268,0,125.0,-45.0,45.0,8.169494934697706,8.169495046758746,122.85013288243191,hard_qp_solution,-421.0526315789474,380.0,-200.0,,,,,,,,,
old,PPO-QP,20260806,15,268,1,122.85013288243191,-36.83050495324125,53.16949504675875,12.034492381766453,12.034492496013828,119.68316117295458,hard_qp_solution,-430.1047036529183,371.83050495324125,-200.0,,,,,,,,,
old,PPO-QP,20260806,15,268,2,119.68316117295458,-32.965507503986174,57.034492496013826,11.122830484345934,11.122830485363854,116.75610051891147,hard_qp_solution,-443.43932137703337,359.7960124572274,-200.0,,,,,,,,,
old,PPO-QP,20260806,15,268,3,116.75610051891147,-33.877169514636144,56.122830485363856,21.10547651559779,21.10547652770997,111.20202774846148,hard_qp_solution,-455.7637872887938,348.6731819718636,-200.0,,,,,,,,,
old,PPO-QP,20260806,15,268,4,111.20202774846148,-23.89452347229003,66.10547652770997,18.268453156819394,18.268453168582084,106.39454007251882,hard_qp_solution,-479.1493568485833,327.5677054441536,-200.0,,,,,,,,,
old,PPO-QP,20260806,15,268,5,106.39454007251882,-26.731546831417916,63.268453168582084,35.48739671256275,35.487396725048356,97.055751460664,hard_qp_solution,-499.3914102209734,309.2992522755715,-200.0,,,,,,,,,
old,PPO-QP,20260806,15,268,6,97.055751460664,-9.512603274951644,80.48739672504836,47.28424946471853,47.28424947637838,84.61252791424863,hard_qp_solution,-538.7126254287832,273.8118555505232,-200.0,,,,,,,,,
old,PPO-QP,20260806,15,268,7,84.61252791424863,2.2842494763783776,92.28424947637838,38.63681565155513,38.6368156646687,74.44494484459898,hard_qp_solution,-591.1051456242163,226.52760607414478,-200.0,,,,,,,,,
old,PPO-QP,20260806,15,268,8,74.44494484459898,-6.363184335331297,83.6368156646687,55.809513132193715,55.80951314459036,59.75823085918046,hard_qp_solution,-633.9160217069517,187.8907904094761,-200.0,,,,,,,,,
old,PPO-QP,20260806,15,268,9,59.75823085918046,10.809513144590362,100.0,41.87862846474024,41.87862847871919,48.73753915425435,hard_qp_solution,-695.7548174350297,132.08127726488573,-200.0,,,,,,,,,
old,PPO-QP,20260806,15,268,10,48.73753915425435,-3.121371521280807,86.8786284787192,53.04202041387048,53.04202042534997,34.77911272653067,hard_qp_solution,-742.1577298768237,90.20264878616652,-190.20264878616652,,,,,,,,,
old,PPO-QP,20260806,15,268,11,34.77911272653067,8.042020425349968,37.160628360816546,49.48570870003351,37.160628360816546,25.0,hard_qp_solution,-800.9300516777656,37.160628360816546,-137.16062836081653,,,,,,,,,
old,PPO-QP,20260806,15,268,12,25.0,-7.8393716391834545,0.0,63.72684176399063,0.0,25.0,hard_qp_solution,-842.1052631578948,0.0,-100.0,,,,,,,,,
old,PPO-QP,20260806,15,268,13,25.0,-45.0,0.0,53.12009991256396,0.0,25.0,hard_qp_solution,-842.1052631578948,0.0,-100.0,,,,,,,,,
old,PPO-QP,20260806,15,268,14,25.0,-45.0,0.0,56.505377986691094,0.0,25.0,hard_qp_solution,-842.1052631578948,0.0,-100.0,,,,,,,,,
old,PPO-QP,20260806,15,268,15,25.0,-45.0,0.0,46.15022410287491,0.0,25.0,hard_qp_solution,-842.1052631578948,0.0,-100.0,,,,,,,,,
old,PPO-QP,20260806,15,268,16,25.0,-45.0,0.0,30.82585188082692,0.0,25.0,hard_qp_solution,-842.1052631578948,0.0,-100.0,,,,,,,,,
old,PPO-QP,20260806,15,268,17,25.0,-45.0,0.0,32.4163015084998,0.0,25.0,hard_qp_solution,-842.1052631578948,0.0,-100.0,,,,,,,,,
old,PPO-QP,20260806,15,268,18,25.0,-45.0,0.0,30.451374186806028,0.0,25.0,hard_qp_solution,-842.1052631578948,0.0,-100.0,,,,,,,,,
old,PPO-QP,20260806,15,268,19,25.0,-45.0,0.0,24.388115656700656,0.0,25.0,hard_qp_solution,-842.1052631578948,0.0,-100.0,,,,,,,,,
old,PPO-QP,20260806,15,268,20,25.0,-45.0,0.0,27.500399450306396,0.0,25.0,hard_qp_solution,-842.1052631578948,0.0,-100.0,,,,,,,,,
old,PPO-QP,20260806,15,268,21,25.0,-45.0,0.0,26.93790538462447,0.0,25.0,hard_qp_solution,-842.1052631578948,0.0,-100.0,,,,,,,,,
old,PPO-QP,20260806,15,268,22,25.0,-45.0,0.0,16.206102342644165,0.0,25.0,hard_qp_solution,-842.1052631578948,0.0,-100.0,,,,,,,,,
old,PPO-QP,20260806,15,268,23,25.0,-45.0,0.0,-0.24154345161040577,-0.24154343125232144,25.057366564922425,hard_qp_solution,-842.1052631578948,0.0,-100.0,,,,,,,,,
old,PPO-QP,20260806,15,268,24,25.057366564922425,-45.241543431252325,0.21799294670521618,3.1834876705131285,0.21799294670521618,25.0,hard_qp_solution,-841.8637197266424,0.21799294670521618,-100.21799294670521,,,,,,,,,
old,PPO-QP,20260806,15,268,25,25.0,-44.782007053294784,0.0,-5.010182358129901,-5.0101823427735726,26.189918306408725,hard_qp_solution,-842.1052631578948,0.0,-100.0,,,,,,,,,
old,PPO-QP,20260806,15,268,26,26.189918306408725,-50.010182342773575,4.521689564353154,10.166552621590679,4.521689564353154,25.0,hard_qp_solution,-837.0950808151213,4.521689564353154,-104.52168956435315,,,,,,,,,
old,PPO-QP,20260806,15,268,27,25.0,-40.47831043564685,0.0,17.685147938078273,0.0,25.0,hard_qp_solution,-842.1052631578948,0.0,-100.0,,,,,,,,,
old,PPO-QP,20260806,15,268,28,25.0,-45.0,0.0,-0.1444151718034152,-0.1444151629980875,25.034298601212047,hard_qp_solution,-842.1052631578948,0.0,-100.0,,,,,,,,,
old,PPO-QP,20260806,15,268,29,25.034298601212047,-45.14441516299809,0.1303346846057785,27.938334870108665,0.1303346846057785,25.0,hard_qp_solution,-841.9608479948967,0.1303346846057785,-100.13033468460578,,,,,,,,,
old,PPO-QP,20260806,15,268,30,25.0,-44.86966531539422,0.0,22.300148379473093,0.0,25.0,hard_qp_solution,-842.1052631578948,0.0,-100.0,,,,,,,,,
old,PPO-QP,20260806,15,268,31,25.0,-45.0,0.0,26.381351984830097,0.0,25.0,hard_qp_solution,-842.1052631578948,0.0,-100.0,,,,,,,,,
old,PPO-QP,20260806,15,268,32,25.0,-45.0,0.0,11.87458439805553,0.0,25.0,hard_qp_solution,-842.1052631578948,0.0,-100.0,,,,,,,,,
old,PPO-QP,20260806,15,268,33,25.0,-45.0,0.0,8.994236414249544,0.0,25.0,hard_qp_solution,-842.1052631578948,0.0,-100.0,,,,,,,,,
old,PPO-QP,20260806,15,268,34,25.0,-45.0,0.0,-1.8308018894665226,-1.830801880987252,25.434815446734472,hard_qp_solution,-842.1052631578948,0.0,-100.0,,,,,,,,,
old,PPO-QP,20260806,15,268,35,25.434815446734472,-46.83080188098725,1.6522986975909937,0.07413319480828866,0.07413320330009879,25.41530670902392,hard_qp_solution,-840.2744612769076,1.6522986975909937,-101.652298697591,,,,,,,,,
old,PPO-QP,20260806,15,268,36,25.41530670902392,-44.9258667966999,1.578165494290895,-12.709229428694444,-38.29930106654174,34.51139071232758,hard_qp_solution,-840.3566033304256,1.578165494290895,-101.5781654942909,,,,,,,,,
old,PPO-QP,20260806,15,268,37,34.51139071232758,-83.29930106654174,6.700698933458263,1.79479969870011,1.7947997069069865,34.03907499998364,hard_qp_solution,-802.0573022638839,36.14328470684481,-136.1432847068448,,,,,,,,,
old,PPO-QP,20260806,15,268,38,34.03907499998364,-43.205200293093014,34.34848499993783,-20.724067320015234,-21.723710084925468,39.198456145153436,hard_qp_solution,-804.0460000000688,34.34848499993783,-134.34848499993782,,,,,,,,,
old,PPO-QP,20260806,15,268,39,39.198456145153436,-66.72371008492547,23.276289915074532,-6.184691326247884,-29.056666281364524,46.09941438697751,hard_qp_solution,-782.3222899151434,53.95413335158305,-153.95413335158304,,,,,,,,,
old,PPO-QP,20260806,15,268,40,46.09941438697751,-74.05666628136453,15.943333718635476,-9.147870883959222,-30.49162085882045,53.34117434094736,hard_qp_solution,-753.2656236337789,80.17777467051452,-180.1777746705145,,,,,,,,,
old,PPO-QP,20260806,15,268,41,53.34117434094736,-75.49162085882045,14.50837914117955,-6.2315106991128815,-60.11657960487131,67.61886199710429,hard_qp_solution,-722.7740027749585,107.69646249559997,-200.0,,,,,,,,,
old,PPO-QP,20260806,15,268,42,67.61886199710429,-100.0,-15.116579604871312,-13.898544124248795,-23.59504642320847,73.2226855226163,hard_qp_solution,-662.6574231700872,161.9516755889963,-200.0,,,,,,,,,
old,PPO-QP,20260806,15,268,43,73.2226855226163,-68.59504642320847,21.40495357679153,0.9933877528679176,-45.40015344276914,84.00522196527398,hard_qp_solution,-639.0623767468787,183.24620498594194,-200.0,,,,,,,,,
old,PPO-QP,20260806,15,268,44,84.00522196527398,-90.40015344276914,-0.4001534427691382,0.38516351885139316,-51.73391925911982,96.29202778931493,hard_qp_solution,-593.6622233041097,224.2198434680411,-200.0,,,,,,,,,
old,PPO-QP,20260806,15,268,45,96.29202778931493,-96.73391925911983,-6.733919259119823,3.1361700737959395,-54.37478699917469,109.20603970161892,hard_qp_solution,-541.9283040449898,270.9097055993967,-200.0,,,,,,,,,
old,PPO-QP,20260806,15,268,46,109.20603970161892,-99.37478699917469,-9.374786999174688,-17.682515200459502,-61.88509290890343,123.90374926748348,hard_qp_solution,-487.5535170458151,319.9829508661519,-200.0,,,,,,,,,
old,PPO-QP,20260806,15,268,47,123.90374926748348,-100.0,-16.88509290890343,6.945341617575572,-22.72912915001165,129.30191744061125,hard_qp_solution,-425.6684241369117,375.8342472164372,-200.0,,,,,,,,,
old,PPO-QP,20260806,15,268,48,129.30191744061125,-67.72912915001166,22.27087084998835,2.925998126371719,-35.61488175797257,137.76045185812973,hard_qp_solution,-402.93929498690005,396.3472862743227,-200.0,,,,,,,,,
old,PPO-QP,20260806,15,268,49,137.76045185812973,-80.61488175797257,9.385118242027431,7.599187784333315,-10.955159858523327,140.36230232452903,hard_qp_solution,-367.3244132289275,428.48971706089293,-200.0,,,,,,,,,
old,PPO-QP,20260806,15,268,50,140.36230232452903,-55.95515985852333,34.04484014147667,6.5648217799307504,-54.95499366397698,153.41411331972355,phase2_solution,-356.3692533704041,438.3767488332103,-200.0,,,,,,,,,
old,PPO-QP,20260806,15,268,51,153.41411331972355,-99.95499366397698,-9.954993663976978,29.82272118240622,-68.3997955677805,169.6590647670714,hard_qp_solution,-301.4142597064272,487.97363061494946,-200.0,,,,,,,,,
old,PPO-QP,20260806,15,268,52,169.6590647670714,-100.0,-23.3997955677805,25.159916541739484,-49.766351782315986,181.47857331537145,hard_qp_solution,-233.0144641386467,549.7044461148713,-200.0,,,,,,,,,
old,PPO-QP,20260806,15,268,53,181.47857331537145,-94.76635178231598,-4.766351782315986,30.392358693364585,-50.33886070239721,193.4340527321908,hard_qp_solution,-183.24811235633075,594.6185785984114,-200.0,,,,,,,,,
old,PPO-QP,20260806,15,268,54,193.4340527321908,-95.33886070239721,-5.338860702397213,34.985604411212584,-5.338860702397213,194.70203214901014,hard_qp_solution,-132.90925165393352,640.049400382325,-200.0,,,,,,,,,
old,PPO-QP,20260806,15,268,55,194.70203214901014,-50.33886070239721,39.66113929760279,32.23152692877448,-38.452198150727476,203.83442920980792,hard_qp_solution,-127.57039095153627,644.8677221662385,-200.0,,,,,,,,,
old,PPO-QP,20260806,15,268,56,203.83442920980792,-83.45219815072747,6.547801849272524,48.158880994439045,4.561573171934552,202.63401521719356,hard_qp_solution,-89.11819280080876,679.57083099727,-189.11819280080874,,,,,,,,,
old,PPO-QP,20260806,15,268,57,202.63401521719356,-40.438426828065445,49.561573171934555,30.592130316005168,-10.732238024463703,205.1829217480037,hard_qp_solution,-94.17256750655342,675.0092578253356,-194.17256750655343,,,,,,,,,
old,PPO-QP,20260806,15,268,58,205.1829217480037,-55.732238024463705,34.267761975536295,49.83326561296957,14.902277764342314,201.26126970475573,hard_qp_solution,-83.44032948208965,684.6951026424141,-183.44032948208965,,,,,,,,,
old,PPO-QP,20260806,15,268,59,201.26126970475573,-30.097722235657685,59.902277764342315,29.36155282672867,12.226755451101717,198.0437024807816,hard_qp_solution,-99.95254861155482,669.7928248780718,-199.95254861155482,,,,,,,,,
old,PPO-QP,20260806,15,268,60,198.0437024807816,-32.77324454889828,57.22675545110172,9.653679642008704,9.65367965044609,195.50326046750632,hard_qp_solution,-113.50020008091957,657.5660694269701,-200.0,,,,,,,,,
old,PPO-QP,20260806,15,268,61,195.50326046750632,-35.346320349553906,54.653679650446094,12.436669000641203,12.436669009055992,192.2304528335442,hard_qp_solution,-124.19679803155233,647.912389776524,-200.0,,,,,,,,,
old,PPO-QP,20260806,15,268,62,192.2304528335442,-32.56333099094401,57.43666900905599,32.89537664003385,32.895376648283346,183.57377476820648,hard_qp_solution,-137.9770407008665,635.4757207674679,-200.0,,,,,,,,,
old,PPO-QP,20260806,15,268,63,183.57377476820648,-12.104623351716654,77.89537664828335,17.449195032609442,17.449195040983884,178.98188133636862,hard_qp_solution,-174.42621150228854,602.5803441191846,-200.0,,,,,,,,,
old,PPO-QP,20260806,15,268,64,178.98188133636862,-27.550804959016116,62.44919504098388,4.575473768791087,4.57547377726973,177.77780928971868,hard_qp_solution,-193.76049963634267,585.1311490782007,-200.0,,,,,,,,,
old,PPO-QP,20260806,15,268,65,177.77780928971868,-40.42452622273027,49.57547377726973,14.029684289669389,14.029684298071565,174.08578710601563,hard_qp_solution,-198.83027667486874,580.555675300931,-200.0,,,,,,,,,
old,PPO-QP,20260806,15,268,66,174.08578710601563,-30.970315701928435,59.029684298071565,20.558574717503834,20.558574725853298,168.67563586237003,hard_qp_solution,-214.37563323782894,566.5259910028593,-200.0,,,,,,,,,
old,PPO-QP,20260806,15,268,67,168.67563586237003,-24.441425274146702,65.5585747258533,11.292440224515353,11.292440232939736,165.703941064228,hard_qp_solution,-237.1552174215999,545.9674162770061,-200.0,,,,,,,,,
old,PPO-QP,20260806,15,268,68,165.703941064228,-33.70755976706026,56.29244023293974,-1.9374402747488153,-1.9374402662174113,166.16408312745463,hard_qp_solution,-249.66761657167163,534.6749760440663,-200.0,,,,,,,,,
old,PPO-QP,20260806,15,268,69,166.16408312745463,-46.93744026621741,43.06255973378259,-9.951602924224852,-9.95160291562867,168.52758881991645,hard_qp_solution,-247.7301763054542,536.4235158843276,-200.0,,,,,,,,,
old,PPO-QP,20260806,15,268,70,168.52758881991645,-54.95160291562867,35.04839708437133,-13.345736886505602,-13.345736877896405,171.69720132841684,hard_qp_solution,-237.7785733898255,545.4048375156825,-200.0,,,,,,,,,
old,PPO-QP,20260806,15,268,71,171.69720132841684,-58.34573687789641,31.654263122103593,-5.708699235503718,-5.708699226944907,173.05301739481627,hard_qp_solution,-224.4328365119291,557.449365047984,-200.0,,,,,,,,,
old,PPO-QP,20260806,15,268,72,173.05301739481627,-50.70869922694491,39.29130077305509,-1.1862482932745848,-1.1862482807987245,173.33475136150597,hard_qp_solution,-218.72413728498415,562.6014661003018,-200.0,,,,,,,,,
old,PPO-QP,20260806,15,268,73,173.33475136150597,-46.18624828079872,43.81375171920128,4.972255150962266,4.97225516334662,172.02626316062526,hard_qp_solution,-217.53788900418542,563.6720551737227,-200.0,,,,,,,,,
old,PPO-QP,20260806,15,268,74,172.02626316062526,-40.02774483665338,49.97225516334662,8.969699550578374,8.969699562674755,169.6658159072898,hard_qp_solution,-223.04731300789365,558.699800010376,-200.0,,,,,,,,,
old,PPO-QP,20260806,15,268,75,169.6658159072898,-36.030300437325245,53.969699562674755,13.231338394324007,13.231338406295526,166.18388474773835,hard_qp_solution,-232.98603828509553,549.7301004477013,-200.0,,,,,,,,,
old,PPO-QP,20260806,15,268,76,166.18388474773835,-31.768661593704472,58.23133840629553,8.772879061890059,8.772879073729879,163.8752323599147,hard_qp_solution,-247.64680106215434,536.4987620414057,-200.0,,,,,,,,,
old,PPO-QP,20260806,15,268,77,163.8752323599147,-36.22712092627012,53.77287907372988,0.7589279628667884,0.7589279749772551,163.67551447176277,hard_qp_solution,-257.36744269509603,527.7258829676758,-200.0,,,,,,,,,
old,PPO-QP,20260806,15,268,78,163.67551447176277,-44.241072025022746,45.758927974977254,3.7613343399252694,3.761334352126486,162.6856896422558,hard_qp_solution,-258.2083601188936,526.9669549926984,-200.0,,,,,,,,,
old,PPO-QP,20260806,15,268,79,162.6856896422558,-41.23866564787352,48.76133435212648,7.75206227693757,7.752062289074455,160.64567325039408,hard_qp_solution,-262.37604361155456,523.205620640572,-200.0,,,,,,,,,
old,PPO-QP,20260806,15,268,80,160.64567325039408,-37.24793771092555,52.75206228907445,3.35155847773123,3.3515584896150323,159.7636841741796,hard_qp_solution,-270.9655863141302,515.4535583514975,-200.0,,,,,,,,,
old,PPO-QP,20260806,15,268,81,159.7636841741796,-41.64844151038497,48.35155848961503,-4.987128289838617,-4.987128277817714,160.9481271401613,hard_qp_solution,-274.6792245297702,512.1019998618824,-200.0,,,,,,,,,
old,PPO-QP,20260806,15,268,82,160.9481271401613,-49.98712827781772,40.01287172218228,0.8006794740196983,0.8006794865183878,160.73742201213014,hard_qp_solution,-269.6920962519525,516.6028831326129,-200.0,,,,,,,,,
old,PPO-QP,20260806,15,268,83,160.73742201213014,-44.19932051348161,45.80067948651839,-5.624561504968375,-5.624561493011436,162.07325536672036,hard_qp_solution,-270.5792757383994,515.8022036460945,-200.0,,,,,,,,,
old,PPO-QP,20260806,15,268,84,162.07325536672036,-50.624561493011434,39.375438506988566,-2.563866172469949,-2.56386616005134,162.68217357973256,hard_qp_solution,-264.95471424538795,520.8783703935374,-200.0,,,,,,,,,
old,PPO-QP,20260806,15,268,85,162.68217357973256,-47.56386616005134,42.43613383994866,-11.224273698351979,-11.224273686349418,165.34793858024054,hard_qp_solution,-262.3908480853366,523.1922596029838,-200.0,,,,,,,,,
old,PPO-QP,20260806,15,268,86,165.34793858024054,-56.22427368634942,33.77572631365058,-12.300969461756754,-12.300969449303379,168.2694188244501,hard_qp_solution,-251.16657439898722,533.3221666049141,-200.0,,,,,,,,,
old,PPO-QP,20260806,15,268,87,168.2694188244501,-57.30096944930338,32.69903055069662,-6.712925833710128,-6.712925820972529,169.8637387069311,hard_qp_solution,-238.8656049496838,544.4237915329104,-200.0,,,,,,,,,
old,PPO-QP,20260806,15,268,88,169.8637387069311,-51.71292582097253,38.28707417902747,-5.563742167631782,-5.5637421552476125,171.1851274688024,hard_qp_solution,-232.1526791287112,550.4822070863381,-200.0,,,,,,,,,
old,PPO-QP,20260806,15,268,89,171.1851274688024,-50.56374215524761,39.43625784475239,-8.020467427373381,-8.020467415162098,173.08998847990338,hard_qp_solution,-226.58893697346363,555.5034843814491,-200.0,,,,,,,,,
old,PPO-QP,20260806,15,268,90,173.08998847990338,-53.0204674151621,36.9795325848379,-15.980373772037538,-15.980373759948263,176.8853272478911,hard_qp_solution,-218.56846955830156,562.7419562236329,-200.0,,,,,,,,,
old,PPO-QP,20260806,15,268,91,176.8853272478911,-60.980373759948264,29.019626240051736,-15.606228825379645,-15.606228812711922,180.59180659091018,hard_qp_solution,-202.5880957983533,558.1642435419861,-200.0,,,,,,,,,
old,PPO-QP,20260806,15,268,92,180.59180659091018,-60.60622881271192,29.393771187288078,-21.126253739657745,-21.12625372722202,185.60929185112542,hard_qp_solution,-98.33920770586295,481.9988650454587,-198.33920770586295,,,,,,,,,
old,PPO-QP,20260806,15,268,93,185.60929185112542,30.315309034276524,100.0,-15.14914935321468,30.31530903427652,177.63157894736844,hard_qp_solution,30.315309034276524,410.8153090342766,-69.68469096572348,,,,,,,,,
old,PPO-QP,20260806,15,268,94,177.63157894736844,-14.68469096572348,75.31530903427652,-20.644538764391978,-14.684690902714193,181.11919303676305,hard_qp_solution,100.00000000000003,290.25000000000006,2.842170943040401e-14,,,,,,,,,
old,PPO-QP,20260806,15,268,95,181.11919303676305,-59.684690902714195,30.315309097285805,-21.880034356885133,-21.88003434454269,186.31570119359193,hard_qp_solution,213.25293353969957,213.25293353969957,113.25293353969957,,,,,,,,,
fixed,PPO-QP,20260806,15,268,0,125.0,-45.0,45.0,8.169494934697706,8.169495046758746,122.85013288243191,hard_qp_solution,-421.0526315789474,380.0,-200.0,125.0,125.0,96.0,-100.0,100.0,3.7999999999999996e-08,0.0,0.0,0.0
fixed,PPO-QP,20260806,15,268,1,122.85013288243191,-36.83050495324125,53.16949504675875,12.034492381766453,12.034492496013828,119.68316117295458,hard_qp_solution,-430.1047036529183,371.83050495324125,-200.0,122.85013288243191,125.0,95.0,-100.0,100.0,3.7999999999999996e-08,0.0,0.0,0.0
fixed,PPO-QP,20260806,15,268,2,119.68316117295458,-32.965507503986174,57.034492496013826,11.122830484345934,11.122830485363854,116.75610051891147,hard_qp_solution,-443.43932137703337,359.7960124572274,-200.0,119.68316117295458,125.0,94.0,-100.0,100.0,3.7999999999999996e-08,0.0,0.0,0.0
fixed,PPO-QP,20260806,15,268,3,116.75610051891147,-33.877169514636144,56.122830485363856,21.10547651559779,21.10547652770997,111.20202774846148,hard_qp_solution,-455.7637872887938,348.6731819718636,-200.0,116.75610051891147,125.0,93.0,-100.0,100.0,3.7999999999999996e-08,0.0,0.0,0.0
fixed,PPO-QP,20260806,15,268,4,111.20202774846148,-23.89452347229003,66.10547652770997,18.268453156819394,18.268453168582084,106.39454007251882,hard_qp_solution,-479.1493568485833,327.5677054441536,-200.0,111.20202774846148,125.0,92.0,-100.0,100.0,3.7999999999999996e-08,0.0,0.0,0.0
fixed,PPO-QP,20260806,15,268,5,106.39454007251882,-26.731546831417916,63.268453168582084,35.48739671256275,35.487396725048356,97.055751460664,hard_qp_solution,-499.3914102209734,309.2992522755715,-200.0,106.39454007251882,125.0,91.0,-100.0,100.0,3.7999999999999996e-08,0.0,0.0,0.0
fixed,PPO-QP,20260806,15,268,6,97.055751460664,-9.512603274951644,80.48739672504836,47.28424946471853,47.28424947637838,84.61252791424863,hard_qp_solution,-538.7126254287832,273.8118555505232,-200.0,97.055751460664,125.0,90.0,-100.0,100.0,3.7999999999999996e-08,0.0,0.0,0.0
fixed,PPO-QP,20260806,15,268,7,84.61252791424863,2.2842494763783776,92.28424947637838,38.63681565155513,38.6368156646687,74.44494484459898,hard_qp_solution,-591.1051456242163,226.52760607414478,-200.0,84.61252791424863,125.0,89.0,-100.0,100.0,3.7999999999999996e-08,0.0,0.0,0.0
fixed,PPO-QP,20260806,15,268,8,74.44494484459898,-6.363184335331297,83.6368156646687,55.809513132193715,55.80951314459036,59.75823085918046,hard_qp_solution,-633.9160217069517,187.8907904094761,-200.0,74.44494484459898,125.0,88.0,-100.0,100.0,3.7999999999999996e-08,0.0,0.0,0.0
fixed,PPO-QP,20260806,15,268,9,59.75823085918046,10.809513144590362,100.0,41.87862846474024,41.87862847871919,48.73753915425435,hard_qp_solution,-695.7548174350297,132.08127726488573,-200.0,59.75823085918046,125.0,87.0,-100.0,100.0,3.7999999999999996e-08,0.0,0.0,0.0
fixed,PPO-QP,20260806,15,268,10,48.73753915425435,-3.121371521280807,86.8786284787192,53.04202041387048,53.04202042534997,34.77911272653067,hard_qp_solution,-742.1577298768237,90.20264878616652,-190.20264878616652,48.73753915425435,125.0,86.0,-100.0,90.20264878616652,3.7999999999999996e-08,0.0,0.0,0.0
fixed,PPO-QP,20260806,15,268,11,34.77911272653067,8.042020425349968,37.160628360816546,49.48570870003351,37.160628360816546,25.0,hard_qp_solution,-800.9300516777656,37.160628360816546,-137.16062836081653,34.77911272653067,125.0,85.0,-100.0,37.160628360816546,3.7999999999999996e-08,0.0,0.0,0.0
fixed,PPO-QP,20260806,15,268,12,25.0,-7.8393716391834545,0.0,63.72684176399063,0.0,25.0,hard_qp_solution,-842.1052631578948,0.0,-100.0,25.0,125.0,84.0,-100.0,0.0,3.7999999999999996e-08,0.0,0.0,0.0
fixed,PPO-QP,20260806,15,268,13,25.0,-45.0,0.0,53.12009991256396,0.0,25.0,hard_qp_solution,-842.1052631578948,0.0,-100.0,25.0,125.0,83.0,-100.0,0.0,3.7999999999999996e-08,0.0,0.0,0.0
fixed,PPO-QP,20260806,15,268,14,25.0,-45.0,0.0,56.505377986691094,0.0,25.0,hard_qp_solution,-842.1052631578948,0.0,-100.0,25.0,125.0,82.0,-100.0,0.0,3.7999999999999996e-08,0.0,0.0,0.0
fixed,PPO-QP,20260806,15,268,15,25.0,-45.0,0.0,46.15022410287491,0.0,25.0,hard_qp_solution,-842.1052631578948,0.0,-100.0,25.0,125.0,81.0,-100.0,0.0,3.7999999999999996e-08,0.0,0.0,0.0
fixed,PPO-QP,20260806,15,268,16,25.0,-45.0,0.0,30.82585188082692,0.0,25.0,hard_qp_solution,-842.1052631578948,0.0,-100.0,25.0,125.0,80.0,-100.0,0.0,3.7999999999999996e-08,0.0,0.0,0.0
fixed,PPO-QP,20260806,15,268,17,25.0,-45.0,0.0,32.4163015084998,0.0,25.0,hard_qp_solution,-842.1052631578948,0.0,-100.0,25.0,125.0,79.0,-100.0,0.0,3.7999999999999996e-08,0.0,0.0,0.0
fixed,PPO-QP,20260806,15,268,18,25.0,-45.0,0.0,30.451374186806028,0.0,25.0,hard_qp_solution,-842.1052631578948,0.0,-100.0,25.0,125.0,78.0,-100.0,0.0,3.7999999999999996e-08,0.0,0.0,0.0
fixed,PPO-QP,20260806,15,268,19,25.0,-45.0,0.0,24.388115656700656,0.0,25.0,hard_qp_solution,-842.1052631578948,0.0,-100.0,25.0,125.0,77.0,-100.0,0.0,3.7999999999999996e-08,0.0,0.0,0.0
fixed,PPO-QP,20260806,15,268,20,25.0,-45.0,0.0,27.500399450306396,0.0,25.0,hard_qp_solution,-842.1052631578948,0.0,-100.0,25.0,125.0,76.0,-100.0,0.0,3.7999999999999996e-08,0.0,0.0,0.0
fixed,PPO-QP,20260806,15,268,21,25.0,-45.0,0.0,26.93790538462447,0.0,25.0,hard_qp_solution,-842.1052631578948,0.0,-100.0,25.0,125.0,75.0,-100.0,0.0,3.7999999999999996e-08,0.0,0.0,0.0
fixed,PPO-QP,20260806,15,268,22,25.0,-45.0,0.0,16.206102342644165,0.0,25.0,hard_qp_solution,-842.1052631578948,0.0,-100.0,25.0,125.0,74.0,-100.0,0.0,3.7999999999999996e-08,0.0,0.0,0.0
fixed,PPO-QP,20260806,15,268,23,25.0,-45.0,0.0,-0.24154345161040577,-0.24154343125232144,25.057366564922425,hard_qp_solution,-842.1052631578948,0.0,-100.0,25.0,125.0,73.0,-100.0,0.0,3.7999999999999996e-08,0.0,0.0,0.0
fixed,PPO-QP,20260806,15,268,24,25.057366564922425,-45.241543431252325,0.21799294670521618,3.1834876705131285,0.21799294670521618,25.0,hard_qp_solution,-841.8637197266424,0.21799294670521618,-100.21799294670521,25.057366564922425,125.0,72.0,-100.0,0.21799294670521618,3.7999999999999996e-08,0.0,0.0,0.0
fixed,PPO-QP,20260806,15,268,25,25.0,-44.782007053294784,0.0,-5.010182358129901,-5.0101823427735726,26.189918306408725,hard_qp_solution,-842.1052631578948,0.0,-100.0,25.0,125.0,71.0,-100.0,0.0,3.7999999999999996e-08,0.0,0.0,0.0
fixed,PPO-QP,20260806,15,268,26,26.189918306408725,-50.010182342773575,4.521689564353154,10.166552621590679,4.521689564353154,25.0,hard_qp_solution,-837.0950808151213,4.521689564353154,-104.52168956435315,26.189918306408725,125.0,70.0,-100.0,4.521689564353154,3.7999999999999996e-08,0.0,0.0,0.0
fixed,PPO-QP,20260806,15,268,27,25.0,-40.47831043564685,0.0,17.685147938078273,0.0,25.0,hard_qp_solution,-842.1052631578948,0.0,-100.0,25.0,125.0,69.0,-100.0,0.0,3.7999999999999996e-08,0.0,0.0,0.0
fixed,PPO-QP,20260806,15,268,28,25.0,-45.0,0.0,-0.1444151718034152,-0.1444151629980875,25.034298601212047,hard_qp_solution,-842.1052631578948,0.0,-100.0,25.0,125.0,68.0,-100.0,0.0,3.7999999999999996e-08,0.0,0.0,0.0
fixed,PPO-QP,20260806,15,268,29,25.034298601212047,-45.14441516299809,0.1303346846057785,27.938334870108665,0.1303346846057785,25.0,hard_qp_solution,-841.9608479948967,0.1303346846057785,-100.13033468460578,25.034298601212047,125.0,67.0,-100.0,0.1303346846057785,3.7999999999999996e-08,0.0,0.0,0.0
fixed,PPO-QP,20260806,15,268,30,25.0,-44.86966531539422,0.0,22.300148379473093,0.0,25.0,hard_qp_solution,-842.1052631578948,0.0,-100.0,25.0,125.0,66.0,-100.0,0.0,3.7999999999999996e-08,0.0,0.0,0.0
fixed,PPO-QP,20260806,15,268,31,25.0,-45.0,0.0,26.381351984830097,0.0,25.0,hard_qp_solution,-842.1052631578948,0.0,-100.0,25.0,125.0,65.0,-100.0,0.0,3.7999999999999996e-08,0.0,0.0,0.0
fixed,PPO-QP,20260806,15,268,32,25.0,-45.0,0.0,11.87458439805553,0.0,25.0,hard_qp_solution,-842.1052631578948,0.0,-100.0,25.0,125.0,64.0,-100.0,0.0,3.7999999999999996e-08,0.0,0.0,0.0
fixed,PPO-QP,20260806,15,268,33,25.0,-45.0,0.0,8.994236414249544,0.0,25.0,hard_qp_solution,-842.1052631578948,0.0,-100.0,25.0,125.0,63.0,-100.0,0.0,3.7999999999999996e-08,0.0,0.0,0.0
fixed,PPO-QP,20260806,15,268,34,25.0,-45.0,0.0,-1.8308018894665226,-1.830801880987252,25.434815446734472,hard_qp_solution,-842.1052631578948,0.0,-100.0,25.0,125.0,62.0,-100.0,0.0,3.7999999999999996e-08,0.0,0.0,0.0
fixed,PPO-QP,20260806,15,268,35,25.434815446734472,-46.83080188098725,1.6522986975909937,0.07413319480828866,0.07413320330009879,25.41530670902392,hard_qp_solution,-840.2744612769076,1.6522986975909937,-101.652298697591,25.434815446734472,125.0,61.0,-100.0,1.6522986975909937,3.7999999999999996e-08,0.0,0.0,0.0
fixed,PPO-QP,20260806,15,268,36,25.41530670902392,-44.9258667966999,1.578165494290895,-12.709229428694444,-38.29930106654174,34.51139071232758,hard_qp_solution,-840.3566033304256,1.578165494290895,-101.5781654942909,25.41530670902392,125.0,60.0,-100.0,1.578165494290895,3.7999999999999996e-08,0.0,0.0,0.0
fixed,PPO-QP,20260806,15,268,37,34.51139071232758,-83.29930106654174,6.700698933458263,1.79479969870011,1.7947997069069865,34.03907499998364,hard_qp_solution,-802.0573022638839,36.14328470684481,-136.1432847068448,34.51139071232758,125.0,59.0,-100.0,36.14328470684481,3.7999999999999996e-08,0.0,0.0,0.0
fixed,PPO-QP,20260806,15,268,38,34.03907499998364,-43.205200293093014,34.34848499993783,-20.724067320015234,-21.723710084925468,39.198456145153436,hard_qp_solution,-804.0460000000688,34.34848499993783,-134.34848499993782,34.03907499998364,125.0,58.0,-100.0,34.34848499993783,3.7999999999999996e-08,0.0,0.0,0.0
fixed,PPO-QP,20260806,15,268,39,39.198456145153436,-66.72371008492547,23.276289915074532,-6.184691326247884,-29.056666281364524,46.09941438697751,hard_qp_solution,-782.3222899151434,53.95413335158305,-153.95413335158304,39.198456145153436,125.0,57.0,-100.0,53.95413335158305,3.7999999999999996e-08,0.0,0.0,0.0
fixed,PPO-QP,20260806,15,268,40,46.09941438697751,-74.05666628136453,15.943333718635476,-9.147870883959222,-30.49162085882045,53.34117434094736,hard_qp_solution,-753.2656236337789,80.17777467051452,-180.1777746705145,46.09941438697751,125.0,56.0,-100.0,80.17777467051452,3.7999999999999996e-08,0.0,0.0,0.0
fixed,PPO-QP,20260806,15,268,41,53.34117434094736,-75.49162085882045,14.50837914117955,-6.2315106991128815,-60.11657960487131,67.61886199710429,hard_qp_solution,-722.7740027749585,107.69646249559997,-200.0,53.34117434094736,125.0,55.0,-100.0,100.0,3.7999999999999996e-08,0.0,0.0,0.0
fixed,PPO-QP,20260806,15,268,42,67.61886199710429,-100.0,-15.116579604871312,-13.898544124248795,-23.59504642320847,73.2226855226163,hard_qp_solution,-662.6574231700872,161.9516755889963,-200.0,67.61886199710429,125.0,54.0,-100.0,100.0,3.7999999999999996e-08,0.0,0.0,0.0
fixed,PPO-QP,20260806,15,268,43,73.2226855226163,-68.59504642320847,21.40495357679153,0.9933877528679176,-45.40015344276914,84.00522196527398,hard_qp_solution,-639.0623767468787,183.24620498594194,-200.0,73.2226855226163,125.0,53.0,-100.0,100.0,3.7999999999999996e-08,0.0,0.0,0.0
fixed,PPO-QP,20260806,15,268,44,84.00522196527398,-90.40015344276914,-0.4001534427691382,0.38516351885139316,-51.73391925911982,96.29202778931493,hard_qp_solution,-593.6622233041097,224.2198434680411,-200.0,84.00522196527398,125.0,52.0,-100.0,100.0,3.7999999999999996e-08,0.0,0.0,0.0
fixed,PPO-QP,20260806,15,268,45,96.29202778931493,-96.73391925911983,-6.733919259119823,3.1361700737959395,-54.37478699917469,109.20603970161892,hard_qp_solution,-541.9283040449898,270.9097055993967,-200.0,96.29202778931493,125.0,51.0,-100.0,100.0,3.7999999999999996e-08,0.0,0.0,0.0
fixed,PPO-QP,20260806,15,268,46,109.20603970161892,-99.37478699917469,-9.374786999174688,-17.682515200459502,-61.88509290890343,123.90374926748348,hard_qp_solution,-487.5535170458151,319.9829508661519,-200.0,109.20603970161892,125.0,50.0,-100.0,100.0,3.7999999999999996e-08,0.0,0.0,0.0
fixed,PPO-QP,20260806,15,268,47,123.90374926748348,-100.0,-16.88509290890343,6.945341617575572,-22.72912915001165,129.30191744061125,hard_qp_solution,-425.6684241369117,375.8342472164372,-200.0,123.90374926748348,125.0,49.0,-100.0,100.0,3.7999999999999996e-08,0.0,0.0,0.0
fixed,PPO-QP,20260806,15,268,48,129.30191744061125,-67.72912915001166,22.27087084998835,2.925998126371719,-35.61488175797257,137.76045185812973,hard_qp_solution,-402.93929498690005,396.3472862743227,-200.0,129.30191744061125,125.0,48.0,-100.0,100.0,3.7999999999999996e-08,0.0,0.0,0.0
fixed,PPO-QP,20260806,15,268,49,137.76045185812973,-80.61488175797257,9.385118242027431,7.599187784333315,-10.955159858523327,140.36230232452903,hard_qp_solution,-367.3244132289275,428.48971706089293,-200.0,137.76045185812973,125.0,47.0,-100.0,100.0,3.7999999999999996e-08,0.0,0.0,0.0
fixed,PPO-QP,20260806,15,268,50,140.36230232452903,-55.95515985852333,34.04484014147667,6.5648217799307504,-54.95499366397698,153.41411331972355,phase2_solution,-356.3692533704041,438.3767488332103,-200.0,140.36230232452903,125.0,46.0,-100.0,100.0,3.7999999999999996e-08,0.0,0.0,0.0
fixed,PPO-QP,20260806,15,268,51,153.41411331972355,-99.95499366397698,-9.954993663976978,29.82272118240622,-68.3997955677805,169.6590647670714,hard_qp_solution,-301.4142597064272,487.97363061494946,-200.0,153.41411331972355,125.0,45.0,-100.0,100.0,3.7999999999999996e-08,0.0,0.0,0.0
fixed,PPO-QP,20260806,15,268,52,169.6590647670714,-100.0,-23.3997955677805,25.159916541739484,-49.766351782315986,181.47857331537145,hard_qp_solution,-233.0144641386467,549.7044461148713,-200.0,169.6590647670714,125.0,44.0,-100.0,100.0,3.7999999999999996e-08,0.0,0.0,0.0
fixed,PPO-QP,20260806,15,268,53,181.47857331537145,-94.76635178231598,-4.766351782315986,30.392358693364585,-50.33886070239721,193.4340527321908,hard_qp_solution,-183.24811235633075,594.6185785984114,-200.0,181.47857331537145,125.0,43.0,-100.0,100.0,3.7999999999999996e-08,0.0,0.0,0.0
fixed,PPO-QP,20260806,15,268,54,193.4340527321908,-95.33886070239721,-5.338860702397213,34.985604411212584,-5.338860702397213,194.70203214901014,hard_qp_solution,-132.90925165393352,640.049400382325,-200.0,193.4340527321908,125.0,42.0,-100.0,100.0,3.7999999999999996e-08,0.0,0.0,0.0
fixed,PPO-QP,20260806,15,268,55,194.70203214901014,-50.33886070239721,39.66113929760279,32.23152692877448,-38.452198150727476,203.83442920980792,hard_qp_solution,-127.57039095153627,644.8677221662385,-200.0,194.70203214901014,125.0,41.0,-100.0,100.0,3.7999999999999996e-08,0.0,0.0,0.0
fixed,PPO-QP,20260806,15,268,56,203.83442920980792,-83.45219815072747,6.547801849272524,48.158880994439045,4.561573171934552,202.63401521719356,hard_qp_solution,-89.11819280080876,679.57083099727,-189.11819280080874,203.83442920980792,125.0,40.0,-89.11819280080876,100.0,3.7999999999999996e-08,0.0,0.0,0.0
fixed,PPO-QP,20260806,15,268,57,202.63401521719356,-40.438426828065445,49.561573171934555,30.592130316005168,-10.732238024463703,205.1829217480037,hard_qp_solution,-94.17256750655342,675.0092578253356,-194.17256750655343,202.63401521719356,125.0,39.0,-94.17256750655342,100.0,3.7999999999999996e-08,0.0,0.0,0.0
fixed,PPO-QP,20260806,15,268,58,205.1829217480037,-55.732238024463705,34.267761975536295,49.83326561296957,14.902277764342314,201.26126970475573,hard_qp_solution,-83.44032948208965,684.6951026424141,-183.44032948208965,205.1829217480037,125.0,38.0,-83.44032948208965,100.0,3.7999999999999996e-08,0.0,0.0,0.0
fixed,PPO-QP,20260806,15,268,59,201.26126970475573,-30.097722235657685,59.902277764342315,29.36155282672867,12.226755451101717,198.0437024807816,hard_qp_solution,-99.95254861155482,669.7928248780718,-199.95254861155482,201.26126970475573,125.0,37.0,-99.95254861155482,100.0,3.7999999999999996e-08,0.0,0.0,0.0
fixed,PPO-QP,20260806,15,268,60,198.0437024807816,-32.77324454889828,57.22675545110172,9.653679642008704,9.65367965044609,195.50326046750632,hard_qp_solution,-113.50020008091957,657.5660694269701,-200.0,198.0437024807816,125.0,36.0,-100.0,100.0,3.7999999999999996e-08,0.0,0.0,0.0
fixed,PPO-QP,20260806,15,268,61,195.50326046750632,-35.346320349553906,54.653679650446094,12.436669000641203,12.436669009055992,192.2304528335442,hard_qp_solution,-124.19679803155233,647.912389776524,-200.0,195.50326046750632,125.0,35.0,-100.0,100.0,3.7999999999999996e-08,0.0,0.0,0.0
fixed,PPO-QP,20260806,15,268,62,192.2304528335442,-32.56333099094401,57.43666900905599,32.89537664003385,32.895376648283346,183.57377476820648,hard_qp_solution,-137.9770407008665,635.4757207674679,-200.0,192.2304528335442,125.0,34.0,-100.0,100.0,3.7999999999999996e-08,0.0,0.0,0.0
fixed,PPO-QP,20260806,15,268,63,183.57377476820648,-12.104623351716654,77.89537664828335,17.449195032609442,17.449195040983884,178.98188133636862,hard_qp_solution,-174.42621150228854,602.5803441191846,-200.0,183.57377476820648,125.0,33.0,-100.0,100.0,3.7999999999999996e-08,0.0,0.0,0.0
fixed,PPO-QP,20260806,15,268,64,178.98188133636862,-27.550804959016116,62.44919504098388,4.575473768791087,4.57547377726973,177.77780928971868,hard_qp_solution,-193.76049963634267,585.1311490782007,-200.0,178.98188133636862,125.0,32.0,-100.0,100.0,3.7999999999999996e-08,0.0,0.0,0.0
fixed,PPO-QP,20260806,15,268,65,177.77780928971868,-40.42452622273027,49.57547377726973,14.029684289669389,14.029684298071565,174.08578710601563,hard_qp_solution,-198.83027667486874,580.555675300931,-200.0,177.77780928971868,125.0,31.0,-100.0,100.0,3.7999999999999996e-08,0.0,0.0,0.0
fixed,PPO-QP,20260806,15,268,66,174.08578710601563,-30.970315701928435,59.029684298071565,20.558574717503834,20.558574725853298,168.67563586237003,hard_qp_solution,-214.37563323782894,566.5259910028593,-200.0,174.08578710601563,125.0,30.0,-100.0,100.0,3.7999999999999996e-08,0.0,0.0,0.0
fixed,PPO-QP,20260806,15,268,67,168.67563586237003,-24.441425274146702,65.5585747258533,11.292440224515353,11.292440232939736,165.703941064228,hard_qp_solution,-237.1552174215999,545.9674162770061,-200.0,168.67563586237003,125.0,29.0,-100.0,100.0,3.7999999999999996e-08,0.0,0.0,0.0
fixed,PPO-QP,20260806,15,268,68,165.703941064228,-33.70755976706026,56.29244023293974,-1.9374402747488153,-1.9374402662174113,166.16408312745463,hard_qp_solution,-249.66761657167163,534.6749760440663,-200.0,165.703941064228,125.0,28.0,-100.0,100.0,3.7999999999999996e-08,0.0,0.0,0.0
fixed,PPO-QP,20260806,15,268,69,166.16408312745463,-46.93744026621741,43.06255973378259,-9.951602924224852,-9.95160291562867,168.52758881991645,hard_qp_solution,-247.7301763054542,536.4235158843276,-200.0,166.16408312745463,125.0,27.0,-100.0,100.0,3.7999999999999996e-08,0.0,0.0,0.0
fixed,PPO-QP,20260806,15,268,70,168.52758881991645,-54.95160291562867,35.04839708437133,-13.345736886505602,-13.345736877896405,171.69720132841684,hard_qp_solution,-237.7785733898255,545.4048375156825,-200.0,168.52758881991645,125.0,26.0,-100.0,100.0,3.7999999999999996e-08,0.0,0.0,0.0
fixed,PPO-QP,20260806,15,268,71,171.69720132841684,-58.34573687789641,31.654263122103593,-5.708699235503718,-5.708699226944907,173.05301739481627,hard_qp_solution,-224.4328365119291,557.449365047984,-200.0,171.69720132841684,125.0,25.0,-100.0,100.0,3.7999999999999996e-08,0.0,0.0,0.0
fixed,PPO-QP,20260806,15,268,72,173.05301739481627,-50.70869922694491,39.29130077305509,-1.1862482932745848,-1.1862482807987245,173.33475136150597,hard_qp_solution,-218.72413728498415,562.6014661003018,-200.0,173.05301739481627,125.0,24.0,-100.0,100.0,3.7999999999999996e-08,0.0,0.0,0.0
fixed,PPO-QP,20260806,15,268,73,173.33475136150597,-46.18624828079872,43.81375171920128,4.972255150962266,4.97225516334662,172.02626316062526,hard_qp_solution,-217.53788900418542,563.6720551737227,-200.0,173.33475136150597,125.0,23.0,-100.0,100.0,3.7999999999999996e-08,0.0,0.0,0.0
fixed,PPO-QP,20260806,15,268,74,172.02626316062526,-40.02774483665338,49.97225516334662,8.969699550578374,8.969699562674755,169.6658159072898,hard_qp_solution,-223.04731300789365,558.699800010376,-200.0,172.02626316062526,125.0,22.0,-100.0,100.0,3.7999999999999996e-08,0.0,0.0,0.0
fixed,PPO-QP,20260806,15,268,75,169.6658159072898,-36.030300437325245,53.969699562674755,13.231338394324007,13.231338406295526,166.18388474773835,hard_qp_solution,-232.98603828509553,549.7301004477013,-200.0,169.6658159072898,125.0,21.0,-100.0,100.0,3.7999999999999996e-08,0.0,0.0,0.0
fixed,PPO-QP,20260806,15,268,76,166.18388474773835,-31.768661593704472,58.23133840629553,8.772879061890059,8.772879073729879,163.8752323599147,hard_qp_solution,-247.64680106215434,536.4987620414057,-200.0,166.18388474773835,125.0,20.0,-100.0,100.0,3.7999999999999996e-08,0.0,0.0,0.0
fixed,PPO-QP,20260806,15,268,77,163.8752323599147,-36.22712092627012,53.77287907372988,0.7589279628667884,0.7589279749772551,163.67551447176277,hard_qp_solution,-257.36744269509603,527.7258829676758,-200.0,163.8752323599147,125.0,19.0,-100.0,100.0,3.7999999999999996e-08,0.0,0.0,0.0
fixed,PPO-QP,20260806,15,268,78,163.67551447176277,-44.241072025022746,45.758927974977254,3.7613343399252694,3.761334352126486,162.6856896422558,hard_qp_solution,-258.2083601188936,526.9669549926984,-200.0,163.67551447176277,125.0,18.0,-100.0,100.0,3.7999999999999996e-08,0.0,0.0,0.0
fixed,PPO-QP,20260806,15,268,79,162.6856896422558,-41.23866564787352,48.76133435212648,7.75206227693757,7.752062289074455,160.64567325039408,hard_qp_solution,-262.37604361155456,523.205620640572,-200.0,162.6856896422558,125.0,17.0,-100.0,100.0,3.7999999999999996e-08,0.0,0.0,0.0
fixed,PPO-QP,20260806,15,268,80,160.64567325039408,-37.24793771092555,52.75206228907445,3.35155847773123,3.3515584896150323,159.7636841741796,hard_qp_solution,-270.9655863141302,515.4535583514975,-200.0,160.64567325039408,125.0,16.0,-100.0,100.0,3.7999999999999996e-08,0.0,0.0,0.0
fixed,PPO-QP,20260806,15,268,81,159.7636841741796,-41.64844151038497,48.35155848961503,-4.987128289838617,-4.987128277817714,160.9481271401613,hard_qp_solution,-274.6792245297702,512.1019998618824,-200.0,159.7636841741796,125.0,15.0,-100.0,100.0,3.7999999999999996e-08,0.0,0.0,0.0
fixed,PPO-QP,20260806,15,268,82,160.9481271401613,-49.98712827781772,40.01287172218228,0.8006794740196983,0.8006794865183878,160.73742201213014,hard_qp_solution,-269.6920962519525,516.6028831326129,-200.0,160.9481271401613,125.0,14.0,-100.0,100.0,3.7999999999999996e-08,0.0,0.0,0.0
fixed,PPO-QP,20260806,15,268,83,160.73742201213014,-44.19932051348161,45.80067948651839,-5.624561504968375,-5.624561493011436,162.07325536672036,hard_qp_solution,-270.5792757383994,515.8022036460945,-200.0,160.73742201213014,125.0,13.0,-100.0,100.0,3.7999999999999996e-08,0.0,0.0,0.0
fixed,PPO-QP,20260806,15,268,84,162.07325536672036,-50.624561493011434,39.375438506988566,-2.563866172469949,-2.56386616005134,162.68217357973256,hard_qp_solution,-264.95471424538795,520.8783703935374,-200.0,162.07325536672036,125.0,12.0,-100.0,100.0,3.7999999999999996e-08,0.0,0.0,0.0
fixed,PPO-QP,20260806,15,268,85,162.68217357973256,-47.56386616005134,42.43613383994866,-11.224273698351979,-11.224273686349418,165.34793858024054,hard_qp_solution,-262.3908480853366,523.1922596029838,-200.0,162.68217357973256,125.0,11.0,-100.0,100.0,3.7999999999999996e-08,0.0,0.0,0.0
fixed,PPO-QP,20260806,15,268,86,165.34793858024054,-56.22427368634942,33.77572631365058,-12.300969461756754,-12.300969449303379,168.2694188244501,hard_qp_solution,-251.16657439898722,533.3221666049141,-200.0,165.34793858024054,125.0,10.0,-100.0,100.0,3.7999999999999996e-08,0.0,0.0,0.0
fixed,PPO-QP,20260806,15,268,87,168.2694188244501,-57.30096944930338,32.69903055069662,-6.712925833710128,-6.712925820972529,169.8637387069311,hard_qp_solution,-238.8656049496838,544.4237915329104,-200.0,168.2694188244501,125.0,9.0,-100.0,100.0,3.7999999999999996e-08,0.0,0.0,0.0
fixed,PPO-QP,20260806,15,268,88,169.8637387069311,-51.71292582097253,38.28707417902747,-5.563742167631782,-5.5637421552476125,171.1851274688024,hard_qp_solution,-232.1526791287112,550.4822070863381,-200.0,169.8637387069311,125.0,8.0,-100.0,100.0,3.7999999999999996e-08,0.0,0.0,0.0
fixed,PPO-QP,20260806,15,268,89,171.1851274688024,-50.56374215524761,39.43625784475239,-8.020467427373381,-8.020467415162098,173.08998847990338,hard_qp_solution,-226.58893697346363,555.5034843814491,-200.0,171.1851274688024,125.0,7.0,-100.0,100.0,3.7999999999999996e-08,0.0,0.0,0.0
fixed,PPO-QP,20260806,15,268,90,173.08998847990338,-53.0204674151621,36.9795325848379,-15.980373772037538,-15.980373759948263,176.8853272478911,hard_qp_solution,-218.56846955830156,562.7419562236329,-200.0,173.08998847990338,125.0,6.0,-100.0,100.0,3.7999999999999996e-08,0.0,0.0,0.0
fixed,PPO-QP,20260806,15,268,91,176.8853272478911,-60.980373759948264,29.019626240051736,-15.606228825379645,-15.606228812711922,180.59180659091018,hard_qp_solution,-202.5880957983533,558.1642435419861,-200.0,176.8853272478911,125.0,5.0,-100.0,100.0,3.7999999999999996e-08,0.0,0.0,0.0
fixed,PPO-QP,20260806,15,268,92,180.59180659091018,-60.60622881271192,29.393771187288078,-21.126253739657745,-21.12625372722202,185.60929185112542,hard_qp_solution,-98.33920770586295,481.9988650454587,-198.33920770586295,180.59180659091018,125.0,4.0,-100.0,100.0,3.7999999999999996e-08,0.0,0.0,0.0
fixed,PPO-QP,20260806,15,268,93,185.60929185112542,30.315309034276524,100.0,-15.14914935321468,30.31530903427652,177.63157894736844,hard_qp_solution,30.315309034276524,410.8153090342766,-69.68469096572348,185.60929185112542,125.0,3.0,-100.0,100.0,3.7999999999999996e-08,0.0,1.0,6.441562761498545
fixed,PPO-QP,20260806,15,268,94,177.63157894736844,100.0,100.0,-20.644538764391978,100.0,151.31578947368422,hard_qp_solution,100.00000000000003,290.25000000000006,2.842170943040401e-14,177.63157894736844,125.0,2.0,-100.0,100.0,3.7999999999999996e-08,1.0,1.0,24.684690965723476
fixed,PPO-QP,20260806,15,268,95,151.31578947368422,100.0,100.0,-20.245633473506057,100.0,125.0,hard_qp_solution,100.00000000000003,100.00000000000003,2.842170943040401e-14,151.31578947368422,125.0,1.0,-100.0,100.0,3.7999999999999996e-08,1.0,0.0,0.0
old,PPO-QP,20260806,15,280,0,125.0,-45.0,45.0,12.844029688458273,12.844029795703976,121.61999215902527,hard_qp_solution,-421.0526315789474,380.0,-200.0,,,,,,,,,
old,PPO-QP,20260806,15,280,1,121.61999215902527,-32.155970204296025,57.844029795703975,12.354751246565558,12.35475136406636,118.36874180006043,hard_qp_solution,-435.28424354094625,367.155970204296,-200.0,,,,,,,,,
old,PPO-QP,20260806,15,280,2,118.36874180006043,-32.64524863593364,57.35475136406636,9.297330584003237,9.297330585017132,115.92207585663488,hard_qp_solution,-448.97371873658767,354.80121884022964,-200.0,,,,,,,,,
old,PPO-QP,20260806,15,280,3,115.92207585663488,-35.702669414982864,54.297330585017136,8.254849185103268,8.254849196708616,113.74974712065892,hard_qp_solution,-459.2754700773269,345.50388825521253,-200.0,,,,,,,,,
old,PPO-QP,20260806,15,280,4,113.74974712065892,-36.74515080329138,53.25484919670862,10.814504319098232,10.81450433088358,110.90382492832114,hard_qp_solution,-468.4221173866993,337.2490390585039,-200.0,,,,,,,,,
old,PPO-QP,20260806,15,280,5,110.90382492832114,-34.18549566911642,55.81450433088358,30.050920245658514,30.050920258384956,102.99568801821984,hard_qp_solution,-480.4049476702268,326.4345347276203,-200.0,,,,,,,,,
old,PPO-QP,20260806,15,280,6,102.99568801821984,-14.949079741615044,75.05092025838496,38.094815579557746,38.09481559115898,92.97073654686221,hard_qp_solution,-513.7023662390744,296.3836144692354,-200.0,,,,,,,,,
old,PPO-QP,20260806,15,280,7,92.97073654686221,-6.9051844088410235,83.09481559115898,34.47785724186578,34.47785725412997,83.89761621682801,hard_qp_solution,-555.9126882237381,258.2887988780764,-200.0,,,,,,,,,
old,PPO-QP,20260806,15,280,8,83.89761621682801,-10.522142745870028,79.47785725412997,52.00449214096315,52.00449215341796,70.21222354487591,hard_qp_solution,-594.1153001396716,223.81094162394643,-200.0,,,,,,,,,
old,PPO-QP,20260806,15,280,9,70.21222354487591,7.0044921534179565,97.00449215341796,41.75625631458594,41.75625632801329,59.22373503750399,hard_qp_solution,-651.7380061268383,171.80644947052846,-200.0,,,,,,,,,
old,PPO-QP,20260806,15,280,10,59.22373503750399,-3.2437436719867065,86.7562563280133,49.77588653914759,49.775886550653645,46.124817524174084,hard_qp_solution,-698.005326157878,130.05019314251516,-200.0,,,,,,,,,
old,PPO-QP,20260806,15,280,11,46.124817524174084,4.775886550653645,80.27430659186152,44.33363317385267,44.33363318662536,34.45807194874636,hard_qp_solution,-753.1586630561092,80.27430659186152,-180.27430659186152,,,,,,,,,
old,PPO-QP,20260806,15,280,12,34.45807194874636,-0.666366813374637,35.94067340523616,58.828049520171646,35.94067340523616,25.0,hard_qp_solution,-802.2818023210681,35.94067340523616,-135.94067340523617,,,,,,,,,
old,PPO-QP,20260806,15,280,13,25.0,-9.059326594763839,0.0,55.53233461941552,0.0,25.0,hard_qp_solution,-842.1052631578948,0.0,-100.0,,,,,,,,,
old,PPO-QP,20260806,15,280,14,25.0,-45.0,0.0,54.039520031083995,0.0,25.0,hard_qp_solution,-842.1052631578948,0.0,-100.0,,,,,,,,,
old,PPO-QP,20260806,15,280,15,25.0,-45.0,0.0,36.37227019368544,0.0,25.0,hard_qp_solution,-842.1052631578948,0.0,-100.0,,,,,,,,,
old,PPO-QP,20260806,15,280,16,25.0,-45.0,0.0,33.55765144338515,0.0,25.0,hard_qp_solution,-842.1052631578948,0.0,-100.0,,,,,,,,,
old,PPO-QP,20260806,15,280,17,25.0,-45.0,0.0,24.010289722060566,0.0,25.0,hard_qp_solution,-842.1052631578948,0.0,-100.0,,,,,,,,,
old,PPO-QP,20260806,15,280,18,25.0,-45.0,0.0,23.154457273474552,0.0,25.0,hard_qp_solution,-842.1052631578948,0.0,-100.0,,,,,,,,,
old,PPO-QP,20260806,15,280,19,25.0,-45.0,0.0,17.798312086124714,0.0,25.0,hard_qp_solution,-842.1052631578948,0.0,-100.0,,,,,,,,,
old,PPO-QP,20260806,15,280,20,25.0,-45.0,0.0,18.4218990960154,0.0,25.0,hard_qp_solution,-842.1052631578948,0.0,-100.0,,,,,,,,,
old,PPO-QP,20260806,15,280,21,25.0,-45.0,0.0,17.43422110305384,0.0,25.0,hard_qp_solution,-842.1052631578948,0.0,-100.0,,,,,,,,,
old,PPO-QP,20260806,15,280,22,25.0,-45.0,0.0,3.27299912338717,0.0,25.0,hard_qp_solution,-842.1052631578948,0.0,-100.0,,,,,,,,,
old,PPO-QP,20260806,15,280,23,25.0,-45.0,0.0,2.311262347678093,0.0,25.0,hard_qp_solution,-842.1052631578948,0.0,-100.0,,,,,,,,,
old,PPO-QP,20260806,15,280,24,25.0,-45.0,0.0,8.808588751001132,0.0,25.0,hard_qp_solution,-842.1052631578948,0.0,-100.0,,,,,,,,,
old,PPO-QP,20260806,15,280,25,25.0,-45.0,0.0,20.316208238927928,0.0,25.0,hard_qp_solution,-842.1052631578948,0.0,-100.0,,,,,,,,,
old,PPO-QP,20260806,15,280,26,25.0,-45.0,0.0,20.70145318028363,0.0,25.0,hard_qp_solution,-842.1052631578948,0.0,-100.0,,,,,,,,,
old,PPO-QP,20260806,15,280,27,25.0,-45.0,0.0,35.243254773902336,0.0,25.0,hard_qp_solution,-842.1052631578948,0.0,-100.0,,,,,,,,,
old,PPO-QP,20260806,15,280,28,25.0,-45.0,0.0,12.22502238485275,0.0,25.0,hard_qp_solution,-842.1052631578948,0.0,-100.0,,,,,,,,,
old,PPO-QP,20260806,15,280,29,25.0,-45.0,0.0,17.920927139470656,0.0,25.0,hard_qp_solution,-842.1052631578948,0.0,-100.0,,,,,,,,,
old,PPO-QP,20260806,15,280,30,25.0,-45.0,0.0,11.86365157022161,0.0,25.0,hard_qp_solution,-842.1052631578948,0.0,-100.0,,,,,,,,,
old,PPO-QP,20260806,15,280,31,25.0,-45.0,0.0,20.226752601825968,0.0,25.0,hard_qp_solution,-842.1052631578948,0.0,-100.0,,,,,,,,,
old,PPO-QP,20260806,15,280,32,25.0,-45.0,0.0,32.847713306456214,-32.93743535314229,32.8226408963713,hard_qp_solution,-842.1052631578948,0.0,-100.0,,,,,,,,,
old,PPO-QP,20260806,15,280,33,32.8226408963713,-77.93743535314229,12.062564646857709,18.052499590162466,-36.55319086856217,41.50402372765481,hard_qp_solution,-809.1678278047525,29.726035406210926,-129.72603540621094,,,,,,,,,
old,PPO-QP,20260806,15,280,34,41.50402372765481,-81.55319086856217,8.446809131437831,16.592375473509517,-39.934684376529624,50.9885112670806,hard_qp_solution,-772.6146369361903,62.71529016508828,-162.71529016508828,,,,,,,,,
old,PPO-QP,20260806,15,280,35,50.9885112670806,-84.93468437652962,5.065315623470376,17.89853817029737,-3.0598973072425326,51.7152368775507,hard_qp_solution,-732.6799525596607,98.75634281490626,-198.75634281490625,,,,,,,,,
old,PPO-QP,20260806,15,280,36,51.7152368775507,-48.05989730724253,41.94010269275747,24.450017901525563,-47.05988304380991,62.89195910045555,phase2_solution,-729.6200552524182,101.51790013469267,-200.0,,,,,,,,,
old,PPO-QP,20260806,15,280,37,62.89195910045555,-92.05988304380992,-2.0598830438099114,-3.4453723266025875,-84.76017596977988,83.02250089327828,hard_qp_solution,-682.5601722086083,143.98944458173108,-200.0,,,,,,,,,
old,PPO-QP,20260806,15,280,38,83.02250089327828,-100.0,-39.76017596977988,-3.465896662165481,-98.99803687044385,106.5345346500087,phase2_solution,-597.7999962388284,220.48550339445745,-200.0,,,,,,,,,
old,PPO-QP,20260806,15,280,39,106.5345346500087,-100.0,-53.998036870443855,-5.14711845397912,-90.54903950989622,128.03993153360904,hard_qp_solution,-498.8019593683845,309.83123167003305,-200.0,,,,,,,,,
old,PPO-QP,20260806,15,280,40,128.03993153360904,-100.0,-45.54903950989622,0.5869502611206263,-98.9984342727595,151.5520596733894,phase2_solution,-408.25291985848827,391.5517398277143,-200.0,,,,,,,,,
old,PPO-QP,20260806,15,280,41,151.5520596733894,-100.0,-53.998434272759496,-4.974081927364442,-98.99930925754597,175.06439562205657,phase2_solution,-309.25448558572884,480.8978267588797,-200.0,,,,,,,,,
old,PPO-QP,20260806,15,280,42,175.06439562205657,-100.0,-53.999309257545974,-12.430560004795023,-98.99928471366033,198.5767257415509,phase2_solution,-210.2551763281829,570.2447033638149,-200.0,,,,,,,,,
old,PPO-QP,20260806,15,280,43,198.5767257415509,-100.0,-53.99928471366033,6.390542826532018,-98.99944892696207,222.08909486170438,phase2_solution,-111.25589161452258,659.5915578178933,-200.0,,,,,,,,,
old,PPO-QP,20260806,15,280,44,222.08909486170438,-12.256442687560497,100.0,5.975522318906832,-11.254929532174867,224.76214062559592,phase2_solution,-12.256442687560497,748.9385604744766,-112.2564426875605,,,,,,,,,
old,PPO-QP,20260806,15,280,45,224.76214062559592,-1.0015131553856056,33.74507046782513,3.6805121234969636,-0.001619293972751793,224.76252520791445,phase2_solution,-1.0015131553856056,759.0961343772644,-101.00151315538561,,,,,,,,,
old,PPO-QP,20260806,15,280,46,224.76252520791445,-0.9998938614128412,44.99838070602725,-31.139931075131607,-0.9998938614128412,225.0,phase2_solution,-0.9998938614128412,759.0975957900748,-100.99989386141284,,,,,,,,,
old,PPO-QP,20260806,15,280,47,225.0,-0.0,44.00010613858716,-0.31976480906135846,-0.0,225.0,phase2_solution,0.0,760.0,-100.0,,,,,,,,,
old,PPO-QP,20260806,15,280,48,225.0,-0.0,45.0,-3.897813097415555,-0.0,225.0,phase2_solution,0.0,760.0,-100.0,,,,,,,,,
old,PPO-QP,20260806,15,280,49,225.0,-0.0,45.0,6.110858208952117,1.0001073598172643,224.73681385267966,phase2_solution,0.0,760.0,-100.0,,,,,,,,,
old,PPO-QP,20260806,15,280,50,224.73681385267966,-1.1081521992435373,46.000107359817264,5.669818061948338,-0.10815140862789822,224.76249981222878,phase2_solution,-1.1081521992435373,758.9998926401827,-101.10815219924353,,,,,,,,,
old,PPO-QP,20260806,15,280,51,224.76249981222878,-1.0000007906156545,44.8918485913721,23.23958581820789,0.00011402970050785307,224.76246980441286,phase2_solution,-1.0000007906156545,759.0974992864693,-101.00000079061566,,,,,,,,,
old,PPO-QP,20260806,15,280,52,224.76246980441286,-1.0001271393142768,45.000114029700505,23.884695151521043,0.0034570723506087055,224.76156004853112,phase2_solution,-1.0001271393142768,759.0973852567688,-101.00012713931427,,,,,,,,,
old,PPO-QP,20260806,15,280,53,224.76156004853112,-1.00395769039527,45.003457072350606,27.456483716030846,-0.004147037312768563,224.7625449698929,phase2_solution,-1.00395769039527,759.0939281844182,-101.00395769039527,,,,,,,,,
old,PPO-QP,20260806,15,280,54,224.7625449698929,-0.999810653082525,44.99585296268723,34.049910965120375,-0.00021784780830606216,224.76259670874737,phase2_solution,-0.999810653082525,759.097670885593,-100.99981065308252,,,,,,,,,
old,PPO-QP,20260806,15,280,55,224.76259670874737,-0.9995928052742449,44.99978215219169,29.84088351680067,-6.373664374348289e-05,224.76261184620026,phase2_solution,-0.9995928052742449,759.09786749324,-100.99959280527425,,,,,,,,,
old,PPO-QP,20260806,15,280,56,224.76261184620026,-0.9995290686304926,44.999936263356254,33.12762958401582,0.0004708416263690129,224.76248794050912,phase2_solution,-0.9995290686304926,759.0979250155609,-100.9995290686305,,,,,,,,,
old,PPO-QP,20260806,15,280,57,224.76248794050912,-1.0000507768037143,45.00047084162637,30.159096220387532,-5.0848567981414924e-05,224.762500017044,phase2_solution,-1.0000507768037143,759.0974541739346,-101.00005077680372,,,,,,,,,
old,PPO-QP,20260806,15,280,58,224.762500017044,-0.9999999282357701,44.99994915143202,48.39115187152776,-2.5957247366247117e-09,224.7625000176605,phase2_solution,-0.9999999282357701,759.0975000647671,-100.99999992823577,,,,,,,,,
old,PPO-QP,20260806,15,280,59,224.7625000176605,-0.9999999256400004,44.999999997404274,37.09856318070594,-1.5600007478445665e-06,224.76250038816067,phase2_solution,-0.9999999256400004,759.0975000671099,-100.99999992564,,,,,,,,,
old,PPO-QP,20260806,15,280,60,224.76250038816067,-0.9999983656392656,44.99999843999925,25.41154672535596,5.88320174851919,223.21428940170824,hard_qp_solution,-0.9999983656392656,759.0975014750105,-100.99999836563927,,,,,,,,,
old,PPO-QP,20260806,15,280,61,223.21428940170824,-7.51878146649161,50.88320174851919,29.23998389521309,29.23998390349206,215.5195567955261,hard_qp_solution,-7.51878146649161,753.2142997264913,-107.51878146649162,,,,,,,,,
old,PPO-QP,20260806,15,280,62,215.5195567955261,-15.76001609650794,74.23998390349206,35.20739680530024,18.001328147983926,210.7823651776356,hard_qp_solution,-39.91765559778479,723.9743158229992,-139.9176555977848,,,,,,,,,
old,PPO-QP,20260806,15,280,63,210.7823651776356,-26.998671852016074,63.001328147983926,34.299072712026444,24.289064358019687,204.39050613605147,hard_qp_solution,-59.86372556785012,705.9729876750152,-159.8637255678501,,,,,,,,,
old,PPO-QP,20260806,15,280,64,204.39050613605147,-20.710935641980313,69.28906435801969,9.57350762403478,9.57350763247309,201.87116202224277,hard_qp_solution,-86.77681626925697,681.6839233169956,-186.77681626925698,,,,,,,,,
old,PPO-QP,20260806,15,280,65,201.87116202224277,-35.42649236752691,54.57350763247309,12.28923920732579,12.289239215742082,198.63715170231063,hard_qp_solution,-97.3845809589778,672.1104156845225,-197.3845809589778,,,,,,,,,
old,PPO-QP,20260806,15,280,66,198.63715170231063,-32.710760784257914,57.289239215742086,25.474040546297296,25.474040554606997,191.9334568195193,hard_qp_solution,-111.00146651658682,659.8211764687803,-200.0,,,,,,,,,
old,PPO-QP,20260806,15,280,67,191.9334568195193,-19.525959445393003,70.474040554607,13.85273153391581,13.852731542319564,188.28800115048784,hard_qp_solution,-139.22755023360293,634.3471359141734,-200.0,,,,,,,,,
old,PPO-QP,20260806,15,280,68,188.28800115048784,-31.147268457680436,58.85273154231956,-6.086714640681191,-6.086714632116172,189.73359587561544,hard_qp_solution,-154.57683726110383,620.4944043718538,-200.0,,,,,,,,,
old,PPO-QP,20260806,15,280,69,189.73359587561544,-51.08671463211617,38.91328536788383,-8.228515108757824,-8.228515100185312,191.68786821190946,hard_qp_solution,-148.49012262898765,625.9876643273386,-200.0,,,,,,,,,
old,PPO-QP,20260806,15,280,70,191.68786821190946,-53.22851510018531,36.77148489981469,-7.587655326065774,-7.587655317519783,193.4899363498204,hard_qp_solution,-140.26160752880227,633.4138992052559,-200.0,,,,,,,,,
old,PPO-QP,20260806,15,280,71,193.4899363498204,-52.58765531751978,37.41234468248022,-7.7309674322216875,-7.730967423695974,195.3260411129482,hard_qp_solution,-132.67395221128254,640.2617581293175,-200.0,,,,,,,,,
old,PPO-QP,20260806,15,280,72,195.3260411129482,-52.73096742369597,37.26903257630403,13.911644724564773,13.911644737745894,191.6650819714361,hard_qp_solution,-124.94298478758658,647.238956229203,-200.0,,,,,,,,,
old,PPO-QP,20260806,15,280,73,191.6650819714361,-31.088355262254105,58.911644737745895,4.740824306925638,4.740824319303632,190.41749662425093,hard_qp_solution,-140.35754959395322,633.3273114914572,-200.0,,,,,,,,,
old,PPO-QP,20260806,15,280,74,190.41749662425093,-40.259175680696366,49.740824319303634,9.990100569041925,9.990100581192616,187.788522787095,hard_qp_solution,-145.61054052946977,628.5864871721535,-200.0,,,,,,,,,
old,PPO-QP,20260806,15,280,75,187.788522787095,-35.009899418807386,54.990100581192614,18.457638781632433,18.4576387937261,182.93124942032497,hard_qp_solution,-156.6799040543369,618.596386590961,-200.0,,,,,,,,,
old,PPO-QP,20260806,15,280,76,182.93124942032497,-26.5423612062739,63.457638793726105,9.256903187025987,9.256903199517014,180.49522226255735,hard_qp_solution,-177.1315813881054,600.1387477972348,-200.0,,,,,,,,,
old,PPO-QP,20260806,15,280,77,180.49522226255735,-35.74309680048299,54.25690319951701,12.681773051849701,12.6817730637804,177.1579135615625,hard_qp_solution,-187.3885378418638,590.8818445977179,-200.0,,,,,,,,,
old,PPO-QP,20260806,15,280,78,177.1579135615625,-32.3182269362196,57.6817730637804,14.631985032520815,14.63198504431284,173.30739118148017,hard_qp_solution,-201.44036395131576,578.2000715339375,-200.0,,,,,,,,,
old,PPO-QP,20260806,15,280,79,173.30739118148017,-30.36801495568716,59.63198504431284,14.046246255475717,14.046246267272517,169.6110105848295,hard_qp_solution,-217.65308976218876,563.5680864896246,-200.0,,,,,,,,,
old,PPO-QP,20260806,15,280,80,169.6110105848295,-30.953753732727485,59.046246267272515,7.044538364125273,7.044538376235534,167.75718469634646,hard_qp_solution,-233.21679753756,549.5218402223521,-200.0,,,,,,,,,
old,PPO-QP,20260806,15,280,81,167.75718469634646,-37.955461623764464,52.044538376235536,1.784801498595233,1.7848015104918873,167.28750008832228,hard_qp_solution,-241.02238022590967,542.4773018461165,-200.0,,,,,,,,,
old,PPO-QP,20260806,15,280,82,167.28750008832228,-43.21519848950811,46.78480151049189,-0.7018391957956687,-0.701839183833205,167.45418689448266,hard_qp_solution,-242.99999962811674,540.6925003356246,-200.0,,,,,,,,,
old,PPO-QP,20260806,15,280,83,167.45418689448266,-45.70183918383321,44.29816081616679,2.494653648287319,2.4946536605450937,166.79769908907605,hard_qp_solution,-242.29816044428355,541.3259101990341,-200.0,,,,,,,,,
old,PPO-QP,20260806,15,280,84,166.79769908907605,-42.5053463394549,47.4946536605451,-1.3012798261792151,-1.301279814257505,167.1067530449622,hard_qp_solution,-245.06231962494297,538.8312565384889,-200.0,,,,,,,,,
old,PPO-QP,20260806,15,280,85,167.1067530449622,-46.301279814257505,43.698720185742495,-5.857135895691219,-5.857135883701815,168.4978228173414,hard_qp_solution,-243.76103981068547,540.0056615708563,-200.0,,,,,,,,,
old,PPO-QP,20260806,15,280,86,168.4978228173414,-50.857135883701815,39.142864116298185,-11.606328074740315,-11.606328062641792,171.2543257322188,hard_qp_solution,-237.90390392698365,545.2917267058972,-200.0,,,,,,,,,
old,PPO-QP,20260806,15,280,87,171.2543257322188,-56.60632806264179,33.39367193735821,-13.170646511830961,-13.170646499382935,174.38235427582225,hard_qp_solution,-226.2975758643419,555.7664377824315,-200.0,,,,,,,,,
old,PPO-QP,20260806,15,280,88,174.38235427582225,-58.17064649938293,31.829353500617067,-11.912091028829847,-11.912091016224016,177.21147589217546,hard_qp_solution,-213.12692936495895,567.6529462481245,-200.0,,,,,,,,,
old,PPO-QP,20260806,15,280,89,177.21147589217546,-56.91209101622402,33.08790898377598,-7.87750596232877,-7.877505949662017,179.0823835552202,hard_qp_solution,-201.21483834873493,578.4036083902668,-200.0,,,,,,,,,
old,PPO-QP,20260806,15,280,90,179.0823835552202,-52.877505949662016,37.122494050337984,-14.449803727323843,-14.449803715187867,182.5142119375773,hard_qp_solution,-193.3373323990729,585.5130575098367,-200.0,,,,,,,,,
old,PPO-QP,20260806,15,280,91,182.5142119375773,-59.44980371518787,30.55019628481213,-16.21236305282294,-16.21236304028642,186.36464815964533,hard_qp_solution,-178.88752868388505,579.5540053627938,-200.0,,,,,,,,,
old,PPO-QP,20260806,15,280,92,186.36464815964533,-61.21236304028642,28.78763695971358,-15.679606432181087,-15.679606419499603,190.0885546842765,hard_qp_solution,-74.03250636382023,503.9356630066522,-174.03250636382023,,,,,,,,,
old,PPO-QP,20260806,15,280,93,190.0885546842765,47.33650780025059,100.0,-22.05953495577365,47.33650780025059,177.63157894736844,hard_qp_solution,47.33650780025059,427.8365078002506,-52.66349219974941,,,,,,,,,
old,PPO-QP,20260806,15,280,94,177.63157894736844,2.336507800250587,92.33650780025059,-26.52238989234192,2.336507827092283,177.0167084665547,hard_qp_solution,100.00000000000003,290.25000000000006,2.842170943040401e-14,,,,,,,,,
old,PPO-QP,20260806,15,280,95,177.0167084665547,-42.663492172907716,47.336507827092284,-22.170812199927077,-22.170812185909245,182.28227636070812,hard_qp_solution,197.6634921729078,197.6634921729078,97.66349217290781,,,,,,,,,
fixed,PPO-QP,20260806,15,280,0,125.0,-45.0,45.0,12.844029688458273,12.844029795703976,121.61999215902527,hard_qp_solution,-421.0526315789474,380.0,-200.0,125.0,125.0,96.0,-100.0,100.0,3.7999999999999996e-08,0.0,0.0,0.0
fixed,PPO-QP,20260806,15,280,1,121.61999215902527,-32.155970204296025,57.844029795703975,12.354751246565558,12.35475136406636,118.36874180006043,hard_qp_solution,-435.28424354094625,367.155970204296,-200.0,121.61999215902527,125.0,95.0,-100.0,100.0,3.7999999999999996e-08,0.0,0.0,0.0
fixed,PPO-QP,20260806,15,280,2,118.36874180006043,-32.64524863593364,57.35475136406636,9.297330584003237,9.297330585017132,115.92207585663488,hard_qp_solution,-448.97371873658767,354.80121884022964,-200.0,118.36874180006043,125.0,94.0,-100.0,100.0,3.7999999999999996e-08,0.0,0.0,0.0
fixed,PPO-QP,20260806,15,280,3,115.92207585663488,-35.702669414982864,54.297330585017136,8.254849185103268,8.254849196708616,113.74974712065892,hard_qp_solution,-459.2754700773269,345.50388825521253,-200.0,115.92207585663488,125.0,93.0,-100.0,100.0,3.7999999999999996e-08,0.0,0.0,0.0
fixed,PPO-QP,20260806,15,280,4,113.74974712065892,-36.74515080329138,53.25484919670862,10.814504319098232,10.81450433088358,110.90382492832114,hard_qp_solution,-468.4221173866993,337.2490390585039,-200.0,113.74974712065892,125.0,92.0,-100.0,100.0,3.7999999999999996e-08,0.0,0.0,0.0
fixed,PPO-QP,20260806,15,280,5,110.90382492832114,-34.18549566911642,55.81450433088358,30.050920245658514,30.050920258384956,102.99568801821984,hard_qp_solution,-480.4049476702268,326.4345347276203,-200.0,110.90382492832114,125.0,91.0,-100.0,100.0,3.7999999999999996e-08,0.0,0.0,0.0
fixed,PPO-QP,20260806,15,280,6,102.99568801821984,-14.949079741615044,75.05092025838496,38.094815579557746,38.09481559115898,92.97073654686221,hard_qp_solution,-513.7023662390744,296.3836144692354,-200.0,102.99568801821984,125.0,90.0,-100.0,100.0,3.7999999999999996e-08,0.0,0.0,0.0
fixed,PPO-QP,20260806,15,280,7,92.97073654686221,-6.9051844088410235,83.09481559115898,34.47785724186578,34.47785725412997,83.89761621682801,hard_qp_solution,-555.9126882237381,258.2887988780764,-200.0,92.97073654686221,125.0,89.0,-100.0,100.0,3.7999999999999996e-08,0.0,0.0,0.0
fixed,PPO-QP,20260806,15,280,8,83.89761621682801,-10.522142745870028,79.47785725412997,52.00449214096315,52.00449215341796,70.21222354487591,hard_qp_solution,-594.1153001396716,223.81094162394643,-200.0,83.89761621682801,125.0,88.0,-100.0,100.0,3.7999999999999996e-08,0.0,0.0,0.0
fixed,PPO-QP,20260806,15,280,9,70.21222354487591,7.0044921534179565,97.00449215341796,41.75625631458594,41.75625632801329,59.22373503750399,hard_qp_solution,-651.7380061268383,171.80644947052846,-200.0,70.21222354487591,125.0,87.0,-100.0,100.0,3.7999999999999996e-08,0.0,0.0,0.0
fixed,PPO-QP,20260806,15,280,10,59.22373503750399,-3.2437436719867065,86.7562563280133,49.77588653914759,49.775886550653645,46.124817524174084,hard_qp_solution,-698.005326157878,130.05019314251516,-200.0,59.22373503750399,125.0,86.0,-100.0,100.0,3.7999999999999996e-08,0.0,0.0,0.0
fixed,PPO-QP,20260806,15,280,11,46.124817524174084,4.775886550653645,80.27430659186152,44.33363317385267,44.33363318662536,34.45807194874636,hard_qp_solution,-753.1586630561092,80.27430659186152,-180.27430659186152,46.124817524174084,125.0,85.0,-100.0,80.27430659186152,3.7999999999999996e-08,0.0,0.0,0.0
fixed,PPO-QP,20260806,15,280,12,34.45807194874636,-0.666366813374637,35.94067340523616,58.828049520171646,35.94067340523616,25.0,hard_qp_solution,-802.2818023210681,35.94067340523616,-135.94067340523617,34.45807194874636,125.0,84.0,-100.0,35.94067340523616,3.7999999999999996e-08,0.0,0.0,0.0
fixed,PPO-QP,20260806,15,280,13,25.0,-9.059326594763839,0.0,55.53233461941552,0.0,25.0,hard_qp_solution,-842.1052631578948,0.0,-100.0,25.0,125.0,83.0,-100.0,0.0,3.7999999999999996e-08,0.0,0.0,0.0
fixed,PPO-QP,20260806,15,280,14,25.0,-45.0,0.0,54.039520031083995,0.0,25.0,hard_qp_solution,-842.1052631578948,0.0,-100.0,25.0,125.0,82.0,-100.0,0.0,3.7999999999999996e-08,0.0,0.0,0.0
fixed,PPO-QP,20260806,15,280,15,25.0,-45.0,0.0,36.37227019368544,0.0,25.0,hard_qp_solution,-842.1052631578948,0.0,-100.0,25.0,125.0,81.0,-100.0,0.0,3.7999999999999996e-08,0.0,0.0,0.0
fixed,PPO-QP,20260806,15,280,16,25.0,-45.0,0.0,33.55765144338515,0.0,25.0,hard_qp_solution,-842.1052631578948,0.0,-100.0,25.0,125.0,80.0,-100.0,0.0,3.7999999999999996e-08,0.0,0.0,0.0
fixed,PPO-QP,20260806,15,280,17,25.0,-45.0,0.0,24.010289722060566,0.0,25.0,hard_qp_solution,-842.1052631578948,0.0,-100.0,25.0,125.0,79.0,-100.0,0.0,3.7999999999999996e-08,0.0,0.0,0.0
fixed,PPO-QP,20260806,15,280,18,25.0,-45.0,0.0,23.154457273474552,0.0,25.0,hard_qp_solution,-842.1052631578948,0.0,-100.0,25.0,125.0,78.0,-100.0,0.0,3.7999999999999996e-08,0.0,0.0,0.0
fixed,PPO-QP,20260806,15,280,19,25.0,-45.0,0.0,17.798312086124714,0.0,25.0,hard_qp_solution,-842.1052631578948,0.0,-100.0,25.0,125.0,77.0,-100.0,0.0,3.7999999999999996e-08,0.0,0.0,0.0
fixed,PPO-QP,20260806,15,280,20,25.0,-45.0,0.0,18.4218990960154,0.0,25.0,hard_qp_solution,-842.1052631578948,0.0,-100.0,25.0,125.0,76.0,-100.0,0.0,3.7999999999999996e-08,0.0,0.0,0.0
fixed,PPO-QP,20260806,15,280,21,25.0,-45.0,0.0,17.43422110305384,0.0,25.0,hard_qp_solution,-842.1052631578948,0.0,-100.0,25.0,125.0,75.0,-100.0,0.0,3.7999999999999996e-08,0.0,0.0,0.0
fixed,PPO-QP,20260806,15,280,22,25.0,-45.0,0.0,3.27299912338717,0.0,25.0,hard_qp_solution,-842.1052631578948,0.0,-100.0,25.0,125.0,74.0,-100.0,0.0,3.7999999999999996e-08,0.0,0.0,0.0
fixed,PPO-QP,20260806,15,280,23,25.0,-45.0,0.0,2.311262347678093,0.0,25.0,hard_qp_solution,-842.1052631578948,0.0,-100.0,25.0,125.0,73.0,-100.0,0.0,3.7999999999999996e-08,0.0,0.0,0.0
fixed,PPO-QP,20260806,15,280,24,25.0,-45.0,0.0,8.808588751001132,0.0,25.0,hard_qp_solution,-842.1052631578948,0.0,-100.0,25.0,125.0,72.0,-100.0,0.0,3.7999999999999996e-08,0.0,0.0,0.0
fixed,PPO-QP,20260806,15,280,25,25.0,-45.0,0.0,20.316208238927928,0.0,25.0,hard_qp_solution,-842.1052631578948,0.0,-100.0,25.0,125.0,71.0,-100.0,0.0,3.7999999999999996e-08,0.0,0.0,0.0
fixed,PPO-QP,20260806,15,280,26,25.0,-45.0,0.0,20.70145318028363,0.0,25.0,hard_qp_solution,-842.1052631578948,0.0,-100.0,25.0,125.0,70.0,-100.0,0.0,3.7999999999999996e-08,0.0,0.0,0.0
fixed,PPO-QP,20260806,15,280,27,25.0,-45.0,0.0,35.243254773902336,0.0,25.0,hard_qp_solution,-842.1052631578948,0.0,-100.0,25.0,125.0,69.0,-100.0,0.0,3.7999999999999996e-08,0.0,0.0,0.0
fixed,PPO-QP,20260806,15,280,28,25.0,-45.0,0.0,12.22502238485275,0.0,25.0,hard_qp_solution,-842.1052631578948,0.0,-100.0,25.0,125.0,68.0,-100.0,0.0,3.7999999999999996e-08,0.0,0.0,0.0
fixed,PPO-QP,20260806,15,280,29,25.0,-45.0,0.0,17.920927139470656,0.0,25.0,hard_qp_solution,-842.1052631578948,0.0,-100.0,25.0,125.0,67.0,-100.0,0.0,3.7999999999999996e-08,0.0,0.0,0.0
fixed,PPO-QP,20260806,15,280,30,25.0,-45.0,0.0,11.86365157022161,0.0,25.0,hard_qp_solution,-842.1052631578948,0.0,-100.0,25.0,125.0,66.0,-100.0,0.0,3.7999999999999996e-08,0.0,0.0,0.0
fixed,PPO-QP,20260806,15,280,31,25.0,-45.0,0.0,20.226752601825968,0.0,25.0,hard_qp_solution,-842.1052631578948,0.0,-100.0,25.0,125.0,65.0,-100.0,0.0,3.7999999999999996e-08,0.0,0.0,0.0
fixed,PPO-QP,20260806,15,280,32,25.0,-45.0,0.0,32.847713306456214,-32.93743535314229,32.8226408963713,hard_qp_solution,-842.1052631578948,0.0,-100.0,25.0,125.0,64.0,-100.0,0.0,3.7999999999999996e-08,0.0,0.0,0.0
fixed,PPO-QP,20260806,15,280,33,32.8226408963713,-77.93743535314229,12.062564646857709,18.052499590162466,-36.55319086856217,41.50402372765481,hard_qp_solution,-809.1678278047525,29.726035406210926,-129.72603540621094,32.8226408963713,125.0,63.0,-100.0,29.726035406210926,3.7999999999999996e-08,0.0,0.0,0.0
fixed,PPO-QP,20260806,15,280,34,41.50402372765481,-81.55319086856217,8.446809131437831,16.592375473509517,-39.934684376529624,50.9885112670806,hard_qp_solution,-772.6146369361903,62.71529016508828,-162.71529016508828,41.50402372765481,125.0,62.0,-100.0,62.71529016508828,3.7999999999999996e-08,0.0,0.0,0.0
fixed,PPO-QP,20260806,15,280,35,50.9885112670806,-84.93468437652962,5.065315623470376,17.89853817029737,-3.0598973072425326,51.7152368775507,hard_qp_solution,-732.6799525596607,98.75634281490626,-198.75634281490625,50.9885112670806,125.0,61.0,-100.0,98.75634281490626,3.7999999999999996e-08,0.0,0.0,0.0
fixed,PPO-QP,20260806,15,280,36,51.7152368775507,-48.05989730724253,41.94010269275747,24.450017901525563,-47.05988304380991,62.89195910045555,phase2_solution,-729.6200552524182,101.51790013469267,-200.0,51.7152368775507,125.0,60.0,-100.0,100.0,3.7999999999999996e-08,0.0,0.0,0.0
fixed,PPO-QP,20260806,15,280,37,62.89195910045555,-92.05988304380992,-2.0598830438099114,-3.4453723266025875,-84.76017596977988,83.02250089327828,hard_qp_solution,-682.5601722086083,143.98944458173108,-200.0,62.89195910045555,125.0,59.0,-100.0,100.0,3.7999999999999996e-08,0.0,0.0,0.0
fixed,PPO-QP,20260806,15,280,38,83.02250089327828,-100.0,-39.76017596977988,-3.465896662165481,-98.99803687044385,106.5345346500087,phase2_solution,-597.7999962388284,220.48550339445745,-200.0,83.02250089327828,125.0,58.0,-100.0,100.0,3.7999999999999996e-08,0.0,0.0,0.0
fixed,PPO-QP,20260806,15,280,39,106.5345346500087,-100.0,-53.998036870443855,-5.14711845397912,-90.54903950989622,128.03993153360904,hard_qp_solution,-498.8019593683845,309.83123167003305,-200.0,106.5345346500087,125.0,57.0,-100.0,100.0,3.7999999999999996e-08,0.0,0.0,0.0
fixed,PPO-QP,20260806,15,280,40,128.03993153360904,-100.0,-45.54903950989622,0.5869502611206263,-98.9984342727595,151.5520596733894,phase2_solution,-408.25291985848827,391.5517398277143,-200.0,128.03993153360904,125.0,56.0,-100.0,100.0,3.7999999999999996e-08,0.0,0.0,0.0
fixed,PPO-QP,20260806,15,280,41,151.5520596733894,-100.0,-53.998434272759496,-4.974081927364442,-98.99930925754597,175.06439562205657,phase2_solution,-309.25448558572884,480.8978267588797,-200.0,151.5520596733894,125.0,55.0,-100.0,100.0,3.7999999999999996e-08,0.0,0.0,0.0
fixed,PPO-QP,20260806,15,280,42,175.06439562205657,-100.0,-53.999309257545974,-12.430560004795023,-98.99928471366033,198.5767257415509,phase2_solution,-210.2551763281829,570.2447033638149,-200.0,175.06439562205657,125.0,54.0,-100.0,100.0,3.7999999999999996e-08,0.0,0.0,0.0
fixed,PPO-QP,20260806,15,280,43,198.5767257415509,-100.0,-53.99928471366033,6.390542826532018,-98.99944892696207,222.08909486170438,phase2_solution,-111.25589161452258,659.5915578178933,-200.0,198.5767257415509,125.0,53.0,-100.0,100.0,3.7999999999999996e-08,0.0,0.0,0.0
fixed,PPO-QP,20260806,15,280,44,222.08909486170438,-12.256442687560497,100.0,5.975522318906832,-11.254929532174867,224.76214062559592,phase2_solution,-12.256442687560497,748.9385604744766,-112.2564426875605,222.08909486170438,125.0,52.0,-12.256442687560497,100.0,3.7999999999999996e-08,0.0,0.0,0.0
fixed,PPO-QP,20260806,15,280,45,224.76214062559592,-1.0015131553856056,33.74507046782513,3.6805121234969636,-0.001619293972751793,224.76252520791445,phase2_solution,-1.0015131553856056,759.0961343772644,-101.00151315538561,224.76214062559592,125.0,51.0,-1.0015131553856056,100.0,3.7999999999999996e-08,0.0,0.0,0.0
fixed,PPO-QP,20260806,15,280,46,224.76252520791445,-0.9998938614128412,44.99838070602725,-31.139931075131607,-0.9998938614128412,225.0,phase2_solution,-0.9998938614128412,759.0975957900748,-100.99989386141284,224.76252520791445,125.0,50.0,-0.9998938614128412,100.0,3.7999999999999996e-08,0.0,0.0,0.0
fixed,PPO-QP,20260806,15,280,47,225.0,-0.0,44.00010613858716,-0.31976480906135846,-0.0,225.0,phase2_solution,0.0,760.0,-100.0,225.0,125.0,49.0,-0.0,100.0,3.7999999999999996e-08,0.0,0.0,0.0
fixed,PPO-QP,20260806,15,280,48,225.0,-0.0,45.0,-3.897813097415555,-0.0,225.0,phase2_solution,0.0,760.0,-100.0,225.0,125.0,48.0,-0.0,100.0,3.7999999999999996e-08,0.0,0.0,0.0
fixed,PPO-QP,20260806,15,280,49,225.0,-0.0,45.0,6.110858208952117,1.0001073598172643,224.73681385267966,phase2_solution,0.0,760.0,-100.0,225.0,125.0,47.0,-0.0,100.0,3.7999999999999996e-08,0.0,0.0,0.0
fixed,PPO-QP,20260806,15,280,50,224.73681385267966,-1.1081521992435373,46.000107359817264,5.669818061948338,-0.10815140862789822,224.76249981222878,phase2_solution,-1.1081521992435373,758.9998926401827,-101.10815219924353,224.73681385267966,125.0,46.0,-1.1081521992435373,100.0,3.7999999999999996e-08,0.0,0.0,0.0
fixed,PPO-QP,20260806,15,280,51,224.76249981222878,-1.0000007906156545,44.8918485913721,23.23958581820789,0.00011402970050785307,224.76246980441286,phase2_solution,-1.0000007906156545,759.0974992864693,-101.00000079061566,224.76249981222878,125.0,45.0,-1.0000007906156545,100.0,3.7999999999999996e-08,0.0,0.0,0.0
fixed,PPO-QP,20260806,15,280,52,224.76246980441286,-1.0001271393142768,45.000114029700505,23.884695151521043,0.0034570723506087055,224.76156004853112,phase2_solution,-1.0001271393142768,759.0973852567688,-101.00012713931427,224.76246980441286,125.0,44.0,-1.0001271393142768,100.0,3.7999999999999996e-08,0.0,0.0,0.0
fixed,PPO-QP,20260806,15,280,53,224.76156004853112,-1.00395769039527,45.003457072350606,27.456483716030846,-0.004147037312768563,224.7625449698929,phase2_solution,-1.00395769039527,759.0939281844182,-101.00395769039527,224.76156004853112,125.0,43.0,-1.00395769039527,100.0,3.7999999999999996e-08,0.0,0.0,0.0
fixed,PPO-QP,20260806,15,280,54,224.7625449698929,-0.999810653082525,44.99585296268723,34.049910965120375,-0.00021784780830606216,224.76259670874737,phase2_solution,-0.999810653082525,759.097670885593,-100.99981065308252,224.7625449698929,125.0,42.0,-0.999810653082525,100.0,3.7999999999999996e-08,0.0,0.0,0.0
fixed,PPO-QP,20260806,15,280,55,224.76259670874737,-0.9995928052742449,44.99978215219169,29.84088351680067,-6.373664374348289e-05,224.76261184620026,phase2_solution,-0.9995928052742449,759.09786749324,-100.99959280527425,224.76259670874737,125.0,41.0,-0.9995928052742449,100.0,3.7999999999999996e-08,0.0,0.0,0.0
fixed,PPO-QP,20260806,15,280,56,224.76261184620026,-0.9995290686304926,44.999936263356254,33.12762958401582,0.0004708416263690129,224.76248794050912,phase2_solution,-0.9995290686304926,759.0979250155609,-100.9995290686305,224.76261184620026,125.0,40.0,-0.9995290686304926,100.0,3.7999999999999996e-08,0.0,0.0,0.0
fixed,PPO-QP,20260806,15,280,57,224.76248794050912,-1.0000507768037143,45.00047084162637,30.159096220387532,-5.0848567981414924e-05,224.762500017044,phase2_solution,-1.0000507768037143,759.0974541739346,-101.00005077680372,224.76248794050912,125.0,39.0,-1.0000507768037143,100.0,3.7999999999999996e-08,0.0,0.0,0.0
fixed,PPO-QP,20260806,15,280,58,224.762500017044,-0.9999999282357701,44.99994915143202,48.39115187152776,-2.5957247366247117e-09,224.7625000176605,phase2_solution,-0.9999999282357701,759.0975000647671,-100.99999992823577,224.762500017044,125.0,38.0,-0.9999999282357701,100.0,3.7999999999999996e-08,0.0,0.0,0.0
fixed,PPO-QP,20260806,15,280,59,224.7625000176605,-0.9999999256400004,44.999999997404274,37.09856318070594,-1.5600007478445665e-06,224.76250038816067,phase2_solution,-0.9999999256400004,759.0975000671099,-100.99999992564,224.7625000176605,125.0,37.0,-0.9999999256400004,100.0,3.7999999999999996e-08,0.0,0.0,0.0
fixed,PPO-QP,20260806,15,280,60,224.76250038816067,-0.9999983656392656,44.99999843999925,25.41154672535596,5.88320174851919,223.21428940170824,hard_qp_solution,-0.9999983656392656,759.0975014750105,-100.99999836563927,224.76250038816067,125.0,36.0,-0.9999983656392656,100.0,3.7999999999999996e-08,0.0,0.0,0.0
fixed,PPO-QP,20260806,15,280,61,223.21428940170824,-7.51878146649161,50.88320174851919,29.23998389521309,29.23998390349206,215.5195567955261,hard_qp_solution,-7.51878146649161,753.2142997264913,-107.51878146649162,223.21428940170824,125.0,35.0,-7.51878146649161,100.0,3.7999999999999996e-08,0.0,0.0,0.0
fixed,PPO-QP,20260806,15,280,62,215.5195567955261,-15.76001609650794,74.23998390349206,35.20739680530024,18.001328147983926,210.7823651776356,hard_qp_solution,-39.91765559778479,723.9743158229992,-139.9176555977848,215.5195567955261,125.0,34.0,-39.91765559778479,100.0,3.7999999999999996e-08,0.0,0.0,0.0
fixed,PPO-QP,20260806,15,280,63,210.7823651776356,-26.998671852016074,63.001328147983926,34.299072712026444,24.289064358019687,204.39050613605147,hard_qp_solution,-59.86372556785012,705.9729876750152,-159.8637255678501,210.7823651776356,125.0,33.0,-59.86372556785012,100.0,3.7999999999999996e-08,0.0,0.0,0.0
fixed,PPO-QP,20260806,15,280,64,204.39050613605147,-20.710935641980313,69.28906435801969,9.57350762403478,9.57350763247309,201.87116202224277,hard_qp_solution,-86.77681626925697,681.6839233169956,-186.77681626925698,204.39050613605147,125.0,32.0,-86.77681626925697,100.0,3.7999999999999996e-08,0.0,0.0,0.0
fixed,PPO-QP,20260806,15,280,65,201.87116202224277,-35.42649236752691,54.57350763247309,12.28923920732579,12.289239215742082,198.63715170231063,hard_qp_solution,-97.3845809589778,672.1104156845225,-197.3845809589778,201.87116202224277,125.0,31.0,-97.3845809589778,100.0,3.7999999999999996e-08,0.0,0.0,0.0
fixed,PPO-QP,20260806,15,280,66,198.63715170231063,-32.710760784257914,57.289239215742086,25.474040546297296,25.474040554606997,191.9334568195193,hard_qp_solution,-111.00146651658682,659.8211764687803,-200.0,198.63715170231063,125.0,30.0,-100.0,100.0,3.7999999999999996e-08,0.0,0.0,0.0
fixed,PPO-QP,20260806,15,280,67,191.9334568195193,-19.525959445393003,70.474040554607,13.85273153391581,13.852731542319564,188.28800115048784,hard_qp_solution,-139.22755023360293,634.3471359141734,-200.0,191.9334568195193,125.0,29.0,-100.0,100.0,3.7999999999999996e-08,0.0,0.0,0.0
fixed,PPO-QP,20260806,15,280,68,188.28800115048784,-31.147268457680436,58.85273154231956,-6.086714640681191,-6.086714632116172,189.73359587561544,hard_qp_solution,-154.57683726110383,620.4944043718538,-200.0,188.28800115048784,125.0,28.0,-100.0,100.0,3.7999999999999996e-08,0.0,0.0,0.0
fixed,PPO-QP,20260806,15,280,69,189.73359587561544,-51.08671463211617,38.91328536788383,-8.228515108757824,-8.228515100185312,191.68786821190946,hard_qp_solution,-148.49012262898765,625.9876643273386,-200.0,189.73359587561544,125.0,27.0,-100.0,100.0,3.7999999999999996e-08,0.0,0.0,0.0
fixed,PPO-QP,20260806,15,280,70,191.68786821190946,-53.22851510018531,36.77148489981469,-7.587655326065774,-7.587655317519783,193.4899363498204,hard_qp_solution,-140.26160752880227,633.4138992052559,-200.0,191.68786821190946,125.0,26.0,-100.0,100.0,3.7999999999999996e-08,0.0,0.0,0.0
fixed,PPO-QP,20260806,15,280,71,193.4899363498204,-52.58765531751978,37.41234468248022,-7.7309674322216875,-7.730967423695974,195.3260411129482,hard_qp_solution,-132.67395221128254,640.2617581293175,-200.0,193.4899363498204,125.0,25.0,-100.0,100.0,3.7999999999999996e-08,0.0,0.0,0.0
fixed,PPO-QP,20260806,15,280,72,195.3260411129482,-52.73096742369597,37.26903257630403,13.911644724564773,13.911644737745894,191.6650819714361,hard_qp_solution,-124.94298478758658,647.238956229203,-200.0,195.3260411129482,125.0,24.0,-100.0,100.0,3.7999999999999996e-08,0.0,0.0,0.0
fixed,PPO-QP,20260806,15,280,73,191.6650819714361,-31.088355262254105,58.911644737745895,4.740824306925638,4.740824319303632,190.41749662425093,hard_qp_solution,-140.35754959395322,633.3273114914572,-200.0,191.6650819714361,125.0,23.0,-100.0,100.0,3.7999999999999996e-08,0.0,0.0,0.0
fixed,PPO-QP,20260806,15,280,74,190.41749662425093,-40.259175680696366,49.740824319303634,9.990100569041925,9.990100581192616,187.788522787095,hard_qp_solution,-145.61054052946977,628.5864871721535,-200.0,190.41749662425093,125.0,22.0,-100.0,100.0,3.7999999999999996e-08,0.0,0.0,0.0
fixed,PPO-QP,20260806,15,280,75,187.788522787095,-35.009899418807386,54.990100581192614,18.457638781632433,18.4576387937261,182.93124942032497,hard_qp_solution,-156.6799040543369,618.596386590961,-200.0,187.788522787095,125.0,21.0,-100.0,100.0,3.7999999999999996e-08,0.0,0.0,0.0
fixed,PPO-QP,20260806,15,280,76,182.93124942032497,-26.5423612062739,63.457638793726105,9.256903187025987,9.256903199517014,180.49522226255735,hard_qp_solution,-177.1315813881054,600.1387477972348,-200.0,182.93124942032497,125.0,20.0,-100.0,100.0,3.7999999999999996e-08,0.0,0.0,0.0
fixed,PPO-QP,20260806,15,280,77,180.49522226255735,-35.74309680048299,54.25690319951701,12.681773051849701,12.6817730637804,177.1579135615625,hard_qp_solution,-187.3885378418638,590.8818445977179,-200.0,180.49522226255735,125.0,19.0,-100.0,100.0,3.7999999999999996e-08,0.0,0.0,0.0
fixed,PPO-QP,20260806,15,280,78,177.1579135615625,-32.3182269362196,57.6817730637804,14.631985032520815,14.63198504431284,173.30739118148017,hard_qp_solution,-201.44036395131576,578.2000715339375,-200.0,177.1579135615625,125.0,18.0,-100.0,100.0,3.7999999999999996e-08,0.0,0.0,0.0
fixed,PPO-QP,20260806,15,280,79,173.30739118148017,-30.36801495568716,59.63198504431284,14.046246255475717,14.046246267272517,169.6110105848295,hard_qp_solution,-217.65308976218876,563.5680864896246,-200.0,173.30739118148017,125.0,17.0,-100.0,100.0,3.7999999999999996e-08,0.0,0.0,0.0
fixed,PPO-QP,20260806,15,280,80,169.6110105848295,-30.953753732727485,59.046246267272515,7.044538364125273,7.044538376235534,167.75718469634646,hard_qp_solution,-233.21679753756,549.5218402223521,-200.0,169.6110105848295,125.0,16.0,-100.0,100.0,3.7999999999999996e-08,0.0,0.0,0.0
fixed,PPO-QP,20260806,15,280,81,167.75718469634646,-37.955461623764464,52.044538376235536,1.784801498595233,1.7848015104918873,167.28750008832228,hard_qp_solution,-241.02238022590967,542.4773018461165,-200.0,167.75718469634646,125.0,15.0,-100.0,100.0,3.7999999999999996e-08,0.0,0.0,0.0
fixed,PPO-QP,20260806,15,280,82,167.28750008832228,-43.21519848950811,46.78480151049189,-0.7018391957956687,-0.701839183833205,167.45418689448266,hard_qp_solution,-242.99999962811674,540.6925003356246,-200.0,167.28750008832228,125.0,14.0,-100.0,100.0,3.7999999999999996e-08,0.0,0.0,0.0
fixed,PPO-QP,20260806,15,280,83,167.45418689448266,-45.70183918383321,44.29816081616679,2.494653648287319,2.4946536605450937,166.79769908907605,hard_qp_solution,-242.29816044428355,541.3259101990341,-200.0,167.45418689448266,125.0,13.0,-100.0,100.0,3.7999999999999996e-08,0.0,0.0,0.0
fixed,PPO-QP,20260806,15,280,84,166.79769908907605,-42.5053463394549,47.4946536605451,-1.3012798261792151,-1.301279814257505,167.1067530449622,hard_qp_solution,-245.06231962494297,538.8312565384889,-200.0,166.79769908907605,125.0,12.0,-100.0,100.0,3.7999999999999996e-08,0.0,0.0,0.0
fixed,PPO-QP,20260806,15,280,85,167.1067530449622,-46.301279814257505,43.698720185742495,-5.857135895691219,-5.857135883701815,168.4978228173414,hard_qp_solution,-243.76103981068547,540.0056615708563,-200.0,167.1067530449622,125.0,11.0,-100.0,100.0,3.7999999999999996e-08,0.0,0.0,0.0
fixed,PPO-QP,20260806,15,280,86,168.4978228173414,-50.857135883701815,39.142864116298185,-11.606328074740315,-11.606328062641792,171.2543257322188,hard_qp_solution,-237.90390392698365,545.2917267058972,-200.0,168.4978228173414,125.0,10.0,-100.0,100.0,3.7999999999999996e-08,0.0,0.0,0.0
fixed,PPO-QP,20260806,15,280,87,171.2543257322188,-56.60632806264179,33.39367193735821,-13.170646511830961,-13.170646499382935,174.38235427582225,hard_qp_solution,-226.2975758643419,555.7664377824315,-200.0,171.2543257322188,125.0,9.0,-100.0,100.0,3.7999999999999996e-08,0.0,0.0,0.0
fixed,PPO-QP,20260806,15,280,88,174.38235427582225,-58.17064649938293,31.829353500617067,-11.912091028829847,-11.912091016224016,177.21147589217546,hard_qp_solution,-213.12692936495895,567.6529462481245,-200.0,174.38235427582225,125.0,8.0,-100.0,100.0,3.7999999999999996e-08,0.0,0.0,0.0
fixed,PPO-QP,20260806,15,280,89,177.21147589217546,-56.91209101622402,33.08790898377598,-7.87750596232877,-7.877505949662017,179.0823835552202,hard_qp_solution,-201.21483834873493,578.4036083902668,-200.0,177.21147589217546,125.0,7.0,-100.0,100.0,3.7999999999999996e-08,0.0,0.0,0.0
fixed,PPO-QP,20260806,15,280,90,179.0823835552202,-52.877505949662016,37.122494050337984,-14.449803727323843,-14.449803715187867,182.5142119375773,hard_qp_solution,-193.3373323990729,585.5130575098367,-200.0,179.0823835552202,125.0,6.0,-100.0,100.0,3.7999999999999996e-08,0.0,0.0,0.0
fixed,PPO-QP,20260806,15,280,91,182.5142119375773,-59.44980371518787,30.55019628481213,-16.21236305282294,-16.21236304028642,186.36464815964533,hard_qp_solution,-178.88752868388505,579.5540053627938,-200.0,182.5142119375773,125.0,5.0,-100.0,100.0,3.7999999999999996e-08,0.0,0.0,0.0
fixed,PPO-QP,20260806,15,280,92,186.36464815964533,-61.21236304028642,28.78763695971358,-15.679606432181087,-15.679606419499603,190.0885546842765,hard_qp_solution,-74.03250636382023,503.9356630066522,-174.03250636382023,186.36464815964533,125.0,4.0,-100.0,100.0,3.7999999999999996e-08,0.0,0.0,0.0
fixed,PPO-QP,20260806,15,280,93,190.0885546842765,47.33650780025059,100.0,-22.05953495577365,47.33650780025059,177.63157894736844,hard_qp_solution,47.33650780025059,427.8365078002506,-52.66349219974941,190.0885546842765,125.0,3.0,-100.0,100.0,3.7999999999999996e-08,0.0,1.0,18.01611421975019
fixed,PPO-QP,20260806,15,280,94,177.63157894736844,100.0,100.0,-26.52238989234192,100.0,151.31578947368422,hard_qp_solution,100.00000000000003,290.25000000000006,2.842170943040401e-14,177.63157894736844,125.0,2.0,-100.0,100.0,3.7999999999999996e-08,1.0,1.0,7.663492199749413
fixed,PPO-QP,20260806,15,280,95,151.31578947368422,100.0,100.0,-21.464741986546645,100.0,125.0,hard_qp_solution,100.00000000000003,100.00000000000003,2.842170943040401e-14,151.31578947368422,125.0,1.0,-100.0,100.0,3.7999999999999996e-08,1.0,0.0,0.0
old,PPO-QP,20260806,30,241,0,125.0,-45.0,45.0,-3.542271859282879,-3.5422717670851194,125.84128954468271,hard_qp_solution,-421.0526315789474,380.0,-200.0,,,,,,,,,
old,PPO-QP,20260806,30,241,1,125.84128954468271,-48.54227176708512,41.45772823291488,1.255316407847763,1.2553164988083227,125.51094309762789,hard_qp_solution,-417.5103598118623,383.1969002697943,-200.0,,,,,,,,,
old,PPO-QP,20260806,30,241,2,125.51094309762789,-43.74468350119168,46.25531649880832,4.7758724005863575,4.775872401730349,124.25413457085675,hard_qp_solution,-418.90129222051416,381.94158377098597,-200.0,,,,,,,,,
old,PPO-QP,20260806,30,241,3,124.25413457085675,-40.224127598269654,49.775872401730346,-0.2336950490411038,-0.23369503751160983,124.30963714226576,hard_qp_solution,-424.19311759639265,377.16571136925563,-200.0,,,,,,,,,
old,PPO-QP,20260806,30,241,4,124.30963714226576,-45.23369503751161,44.76630496248839,17.066323076585622,17.06632308929778,119.8184994871874,hard_qp_solution,-423.95942255888104,377.37662114060987,-200.0,,,,,,,,,
old,PPO-QP,20260806,30,241,5,119.8184994871874,-27.93367691070222,62.06632308929778,21.0469627864405,21.04696279818035,114.27982506661363,hard_qp_solution,-442.8694758434215,360.3102980513121,-200.0,,,,,,,,,
old,PPO-QP,20260806,30,241,6,114.27982506661363,-23.95303720181965,66.04696279818035,40.427885918825986,40.4278859315273,103.6409077162117,hard_qp_solution,-466.19021024583736,339.26333525313174,-200.0,,,,,,,,,
old,PPO-QP,20260806,30,241,7,103.6409077162117,-4.5721140684727,85.4278859315273,32.32357681963617,32.32357683251702,95.13470328660196,hard_qp_solution,-510.9856517212139,298.8354493216045,-200.0,,,,,,,,,
old,PPO-QP,20260806,30,241,8,95.13470328660196,-12.67642316748298,77.32357683251702,46.409725273025046,46.4097252851264,82.92161768525291,hard_qp_solution,-546.8012493195707,266.51187248908747,-200.0,,,,,,,,,
old,PPO-QP,20260806,30,241,9,82.92161768525291,1.4097252851263988,91.4097252851264,49.8408127337593,49.840812745342156,69.80561433121551,hard_qp_solution,-598.2247676410404,220.10214720396107,-200.0,,,,,,,,,
old,PPO-QP,20260806,30,241,10,69.80561433121551,4.840812745342156,94.84081274534216,55.70046230910517,55.700462320562785,55.14759793106741,hard_qp_solution,-653.4500449211979,170.26133445861893,-200.0,,,,,,,,,
old,PPO-QP,20260806,30,241,11,55.14759793106741,10.700462320562785,100.0,51.32308637675723,51.32308638953846,41.64152256539939,hard_qp_solution,-715.1680087112951,114.56087213805615,-200.0,,,,,,,,,
old,PPO-QP,20260806,30,241,12,41.64152256539939,6.32308638953846,63.23778574851769,48.11557521218743,48.11557522600241,28.97952908487244,hard_qp_solution,-772.0356944614763,63.23778574851769,-163.2377857485177,,,,,,,,,
old,PPO-QP,20260806,30,241,13,28.97952908487244,3.115575226002413,15.122210522515267,47.67491765473529,15.122210522515267,25.0,hard_qp_solution,-825.3493512215898,15.122210522515267,-115.12221052251527,,,,,,,,,
old,PPO-QP,20260806,30,241,14,25.0,-29.877789477484733,0.0,51.92805234785456,0.0,25.0,hard_qp_solution,-842.1052631578948,0.0,-100.0,,,,,,,,,
old,PPO-QP,20260806,30,241,15,25.0,-45.0,0.0,41.482614860763725,0.0,25.0,hard_qp_solution,-842.1052631578948,0.0,-100.0,,,,,,,,,
old,PPO-QP,20260806,30,241,16,25.0,-45.0,0.0,46.402377232112286,0.0,25.0,hard_qp_solution,-842.1052631578948,0.0,-100.0,,,,,,,,,
old,PPO-QP,20260806,30,241,17,25.0,-45.0,0.0,41.941967772776145,0.0,25.0,hard_qp_solution,-842.1052631578948,0.0,-100.0,,,,,,,,,
old,PPO-QP,20260806,30,241,18,25.0,-45.0,0.0,42.72936389998156,0.0,25.0,hard_qp_solution,-842.1052631578948,0.0,-100.0,,,,,,,,,
old,PPO-QP,20260806,30,241,19,25.0,-45.0,0.0,22.64628856062807,0.0,25.0,hard_qp_solution,-842.1052631578948,0.0,-100.0,,,,,,,,,
old,PPO-QP,20260806,30,241,20,25.0,-45.0,0.0,18.363750634883445,0.0,25.0,hard_qp_solution,-842.1052631578948,0.0,-100.0,,,,,,,,,
old,PPO-QP,20260806,30,241,21,25.0,-45.0,0.0,2.6321275993255075,0.0,25.0,hard_qp_solution,-842.1052631578948,0.0,-100.0,,,,,,,,,
old,PPO-QP,20260806,30,241,22,25.0,-45.0,0.0,-0.6133223557338574,-0.6133223368460858,25.145664055000946,hard_qp_solution,-842.1052631578948,0.0,-100.0,,,,,,,,,
old,PPO-QP,20260806,30,241,23,25.145664055000946,-45.61332233684609,0.5535234090035949,-9.618275184691232,-9.618275172076682,27.430004408369157,hard_qp_solution,-841.4919408210487,0.5535234090035949,-100.55352340900359,,,,,,,,,
old,PPO-QP,20260806,30,241,24,27.430004408369157,-54.61827517207668,9.234016751802798,-1.3725564091214493,-1.3725563967112604,27.75598655258808,hard_qp_solution,-831.8736656489721,9.234016751802798,-109.2340167518028,,,,,,,,,
old,PPO-QP,20260806,30,241,25,27.75598655258808,-46.37255639671126,10.472748899834704,11.043041952543321,10.472748899834704,25.0,hard_qp_solution,-830.5011092522608,10.472748899834704,-110.4727488998347,,,,,,,,,
old,PPO-QP,20260806,30,241,26,25.0,-34.527251100165294,0.0,22.704327667545392,0.0,25.0,hard_qp_solution,-842.1052631578948,0.0,-100.0,,,,,,,,,
old,PPO-QP,20260806,30,241,27,25.0,-45.0,0.0,19.44222964959052,0.0,25.0,hard_qp_solution,-842.1052631578948,0.0,-100.0,,,,,,,,,
old,PPO-QP,20260806,30,241,28,25.0,-45.0,0.0,-1.4609306761206409,-1.4609306676010614,25.346971033555253,hard_qp_solution,-842.1052631578948,0.0,-100.0,,,,,,,,,
old,PPO-QP,20260806,30,241,29,25.346971033555253,-46.46093066760106,1.3184899275099602,-1.958139923411355,-1.9581399150845429,25.81202926338783,hard_qp_solution,-840.6443324902937,1.3184899275099602,-101.31848992750996,,,,,,,,,
old,PPO-QP,20260806,30,241,30,25.81202926338783,-46.958139915084544,3.0857112008737593,-21.125671160340197,-21.125671152150222,30.829376162023507,hard_qp_solution,-838.6861925752091,3.0857112008737593,-103.08571120087376,,,,,,,,,
old,PPO-QP,20260806,30,241,31,30.829376162023507,-66.12567115215022,22.151629415689328,6.3062718913831155,6.306271899513958,29.16983092530931,hard_qp_solution,-817.560521423059,22.151629415689328,-122.15162941568933,,,,,,,,,
old,PPO-QP,20260806,30,241,32,29.16983092530931,-38.69372810048604,15.845357516175374,-23.969554904875594,-23.9695548966797,34.86260021327074,hard_qp_solution,-824.5480803144872,15.845357516175374,-115.84535751617537,,,,,,,,,
old,PPO-QP,20260806,30,241,33,34.86260021327074,-68.9695548966797,21.0304451033203,-22.426536603102758,-22.42653659491031,40.188902654561936,hard_qp_solution,-800.5785254178074,37.47788081042881,-137.47788081042881,,,,,,,,,
old,PPO-QP,20260806,30,241,34,40.188902654561936,-67.42653659491032,22.57346340508969,-34.60971770636046,-34.60971769814177,48.4087106078706,hard_qp_solution,-778.1519888228971,57.71783008733535,-157.71783008733536,,,,,,,,,
old,PPO-QP,20260806,30,241,35,48.4087106078706,-79.60971769814176,10.390282301858228,-3.2288048091881167,-3.2288048010368677,49.17555174811686,hard_qp_solution,-743.5422711247554,88.9531003099083,-188.95310030990828,,,,,,,,,
old,PPO-QP,20260806,30,241,36,49.17555174811686,-48.228804801036866,41.771195198963134,-34.91055890813049,-34.91055889991092,57.466809486845705,hard_qp_solution,-740.3134663237186,91.86709664284406,-191.86709664284405,,,,,,,,,
old,PPO-QP,20260806,30,241,37,57.466809486845705,-79.91055889991091,10.089441100089083,-18.317667259808253,-18.317667251624467,61.81725545910652,hard_qp_solution,-705.4029074238076,123.37387605001368,-200.0,,,,,,,,,
old,PPO-QP,20260806,30,241,38,61.81725545910652,-63.31766725162447,26.682332748375533,-48.86530910130129,-48.86530909305184,73.42276636870633,hard_qp_solution,-687.0852401721831,139.90557074460477,-200.0,,,,,,,,,
old,PPO-QP,20260806,30,241,39,73.42276636870633,-93.86530909305185,-3.8653090930518417,-28.12031712194578,-28.12031711374077,80.10134168321977,hard_qp_solution,-638.2199310791312,184.00651220108406,-200.0,,,,,,,,,
old,PPO-QP,20260806,30,241,40,80.10134168321977,-73.12031711374077,16.87968288625923,-57.175580305404836,-57.17558029713709,93.68054200378982,hard_qp_solution,-610.0996139653905,209.38509839623512,-200.0,,,,,,,,,
old,PPO-QP,20260806,30,241,41,93.68054200378982,-100.0,-12.175580297137088,-53.69696412339054,-53.69696411513052,106.43357098113333,hard_qp_solution,-552.9240336682534,260.9860596144013,-200.0,,,,,,,,,
old,PPO-QP,20260806,30,241,42,106.43357098113333,-98.69696411513053,-8.69696411513052,-68.49030579514131,-68.49030578684913,122.70001860551,hard_qp_solution,-499.2270695531229,309.44756972830663,-200.0,,,,,,,,,
old,PPO-QP,20260806,30,241,43,122.70001860551,-100.0,-23.490305786849135,-44.91292171258889,-44.912921704233085,133.36683751026536,hard_qp_solution,-430.7367637662737,371.26007070093794,-200.0,,,,,,,,,
old,PPO-QP,20260806,30,241,44,133.36683751026536,-89.91292170423309,0.08707829576691495,-48.05114163175637,-48.05114162363788,144.77898364587935,hard_qp_solution,-385.8238420620406,411.7939825390083,-200.0,,,,,,,,,
old,PPO-QP,20260806,30,241,45,144.77898364587935,-93.05114162363787,-3.051141623637882,-35.199851126359135,-35.19985111813869,153.13894828643728,hard_qp_solution,-337.77270043840275,455.1601378543415,-200.0,,,,,,,,,
old,PPO-QP,20260806,30,241,46,153.13894828643728,-80.1998511181387,9.800148881861311,-40.872806054585595,-40.87280604650966,162.84623972248332,hard_qp_solution,-302.5728493202641,486.9280034884616,-200.0,,,,,,,,,
old,PPO-QP,20260806,30,241,47,162.84623972248332,-85.87280604650965,4.127193953490341,-28.59128026080937,-28.5912802529739,169.6366687825646,hard_qp_solution,-261.7000432737545,523.8157109454365,-200.0,,,,,,,,,
old,PPO-QP,20260806,30,241,48,169.6366687825646,-73.5912802529739,16.4087197470261,-29.35797041673645,-29.357970408615873,176.60918675461087,hard_qp_solution,-233.1087630207806,549.6193413737456,-200.0,,,,,,,,,
old,PPO-QP,20260806,30,241,49,176.60918675461087,-74.35797040861587,15.642029591384127,-18.454187415012743,-18.454187406828083,180.99205626373254,hard_qp_solution,-203.75079261216476,576.1149096675213,-200.0,,,,,,,,,
old,PPO-QP,20260806,30,241,50,180.99205626373254,-63.45418740682808,26.545812593171917,-20.25070991344582,-20.250709905265303,185.80159986623303,hard_qp_solution,-185.2966052053367,592.7698138021836,-200.0,,,,,,,,,
old,PPO-QP,20260806,30,241,51,185.80159986623303,-65.2507099052653,24.749290094734697,-18.115934497490997,-18.11593448931052,190.10413430744427,hard_qp_solution,-165.04589530007144,611.0460794916855,-200.0,,,,,,,,,
old,PPO-QP,20260806,30,241,52,190.10413430744427,-63.11593448931052,26.88406551068948,-7.954028763827835,-7.9540287554501194,191.99321613686368,hard_qp_solution,-146.92996081076097,627.3957103682882,-200.0,,,,,,,,,
old,PPO-QP,20260806,30,241,53,191.99321613686368,-52.95402875545012,37.04597124454988,4.698223109140932,4.6982231174984195,190.75684163225884,hard_qp_solution,-138.97593205531084,634.574221320082,-200.0,,,,,,,,,
old,PPO-QP,20260806,30,241,54,190.75684163225884,-40.30177688250158,49.69822311749842,4.21303733625082,4.213037344657969,189.64814759419096,hard_qp_solution,-144.18171944312067,629.8759982025836,-200.0,,,,,,,,,
old,PPO-QP,20260806,30,241,55,189.64814759419096,-40.78696265534203,49.21303734465797,13.660367902343989,11.849085599638528,186.52996717323344,hard_qp_solution,-148.8499048665644,625.6629608579257,-200.0,,,,,,,,,
old,PPO-QP,20260806,30,241,56,186.52996717323344,-33.15091440036147,56.84908559963853,14.322630345062247,14.322630353461921,182.7608539223224,hard_qp_solution,-161.9790855863855,613.8138752582871,-200.0,,,,,,,,,
old,PPO-QP,20260806,30,241,57,182.7608539223224,-30.67736964653808,59.32263035346192,13.372664660513928,13.372664668921146,179.24173164102737,hard_qp_solution,-177.84903611653723,599.4912449048252,-200.0,,,,,,,,,
old,PPO-QP,20260806,30,241,58,179.24173164102737,-31.627335331078854,58.372664668921146,31.650695521140936,31.650695529400302,170.9126012385536,hard_qp_solution,-192.66639309041108,586.118580235904,-200.0,,,,,,,,,
old,PPO-QP,20260806,30,241,59,170.9126012385536,-13.349304470599698,76.65069552940031,11.146179829668947,11.146179838094124,167.97939601800252,hard_qp_solution,-227.73641583766903,554.4678847065037,-200.0,,,,,,,,,
old,PPO-QP,20260806,30,241,60,167.97939601800252,-33.85382016190587,56.14617983809413,-0.33317975738966665,-0.3331797488716006,168.05852620835952,hard_qp_solution,-240.08675360841048,543.3217048684096,-200.0,,,,,,,,,
old,PPO-QP,20260806,30,241,61,168.05852620835952,-45.3331797488716,44.6668202511284,-4.799100427645624,-4.799100419091508,169.19831255789376,hard_qp_solution,-239.75357385953885,543.6223995917661,-200.0,,,,,,,,,
old,PPO-QP,20260806,30,241,62,169.19831255789376,-49.79910041909151,40.20089958090849,24.800144415465986,24.800144423780846,162.67195876216195,hard_qp_solution,-234.95447344044734,547.9535877199962,-200.0,,,,,,,,,
old,PPO-QP,20260806,30,241,63,162.67195876216195,-20.199855576219154,69.80014442378085,8.208093279032443,8.208093287481407,160.51193421282474,hard_qp_solution,-262.43385784352864,523.1534432962154,-200.0,,,,,,,,,
old,PPO-QP,20260806,30,241,64,160.51193421282474,-36.791906712518596,53.208093287481404,-4.079071064660987,-4.079071056112524,161.48071358865147,hard_qp_solution,-271.52869805126426,514.945350008734,-200.0,,,,,,,,,
old,PPO-QP,20260806,30,241,65,161.48071358865147,-49.079071056112525,40.920928943887475,2.6002047524893057,7.842381912814228,159.41692887475298,hard_qp_solution,-267.44962699515173,518.6267116368756,-200.0,,,,,,,,,
old,PPO-QP,20260806,30,241,66,159.41692887475298,-37.157618087185774,52.842381912814226,21.165947233538805,21.16594724188314,153.84694275846795,hard_qp_solution,-276.1392468431454,510.7843297240613,-200.0,,,,,,,,,
old,PPO-QP,20260806,30,241,67,153.84694275846795,-23.83405275811686,66.16594724188315,-5.547044148569157,-5.547044140008837,155.16436574172005,hard_qp_solution,-299.5918199643455,489.61838248217816,-200.0,,,,,,,,,
old,PPO-QP,20260806,30,241,68,155.16436574172005,-50.547044140008836,39.452955859991164,-6.773512004713765,13.390461729004025,151.64056002356108,hard_qp_solution,-294.0447758243367,494.62458981853615,-200.0,,,,,,,,,
old,PPO-QP,20260806,30,241,69,151.64056002356108,-31.609538270995976,58.39046172900402,-9.48674466594913,27.38813029848317,144.43315731343392,hard_qp_solution,-308.8818525323744,481.2341280895321,-200.0,,,,,,,,,
old,PPO-QP,20260806,30,241,70,144.43315731343392,-17.61186970151683,72.38813029848316,-13.575385435660358,23.81527989066443,138.16597839483802,hard_qp_solution,-339.22881131185716,453.8459977910489,-200.0,,,,,,,,,
old,PPO-QP,20260806,30,241,71,138.16597839483802,-21.18472010933557,68.81527989066443,-20.95907080027436,19.787019399728496,132.9588680264884,hard_qp_solution,-365.6169330743663,430.03071790038445,-200.0,,,,,,,,,
old,PPO-QP,20260806,30,241,72,132.9588680264884,-25.212980600271504,64.78701939972849,7.119689675286629,7.119689688242559,131.0852654769509,hard_qp_solution,-387.54160830952253,410.2436985006559,-200.0,,,,,,,,,
old,PPO-QP,20260806,30,241,73,131.0852654769509,-37.88031031175744,52.11968968824256,1.5693289140089728,1.5693289259070826,130.67228418065955,hard_qp_solution,-395.43046114968047,403.12400881241336,-200.0,,,,,,,,,
old,PPO-QP,20260806,30,241,74,130.67228418065955,-43.43067107409292,46.56932892590708,9.65164913774558,9.651649150108453,128.13237650957836,hard_qp_solution,-397.169329765644,401.5546798865063,-200.0,,,,,,,,,
old,PPO-QP,20260806,30,241,75,128.13237650957836,-35.348350849891546,54.651649150108454,1.6525965214390936,1.652596533568347,127.69748268495512,hard_qp_solution,-407.8636778544069,391.90303073639774,-200.0,,,,,,,,,
old,PPO-QP,20260806,30,241,76,127.69748268495512,-43.34740346643165,46.65259653356835,13.845733488104994,13.84573350061804,124.05386860584511,hard_qp_solution,-409.69480974755743,390.2504342028294,-200.0,,,,,,,,,
old,PPO-QP,20260806,30,241,77,124.05386860584511,-31.15426649938196,58.84573350061804,11.80794243422288,11.807942446037794,120.94651533057201,hard_qp_solution,-425.03634271223115,376.4047007022114,-200.0,,,,,,,,,
old,PPO-QP,20260806,30,241,78,120.94651533057201,-33.19205755396221,56.80794244603779,4.7428859309884235,4.742885943052616,119.69838745082133,hard_qp_solution,-438.1199354502231,364.59675825617364,-200.0,,,,,,,,,
old,PPO-QP,20260806,30,241,79,119.69838745082133,-40.25711405694739,49.74288594305261,5.409005694960873,5.409005706940654,118.27496489636326,hard_qp_solution,-443.3752107333839,359.85387231312103,-200.0,,,,,,,,,
old,PPO-QP,20260806,30,241,80,118.27496489636326,-39.590994293059346,50.409005706940654,-7.0810606830817955,-7.081060670800392,119.95671680567835,hard_qp_solution,-449.36856885741787,354.44486660618037,-200.0,,,,,,,,,
old,PPO-QP,20260806,30,241,81,119.95671680567835,-52.08106067080039,37.91893932919961,-7.660113186368804,-7.66011317437637,121.77599368459275,hard_qp_solution,-442.28750818661746,360.8355238615777,-200.0,,,,,,,,,
old,PPO-QP,20260806,30,241,82,121.77599368459275,-52.66011317437637,37.33988682562363,-7.801421920203082,-7.80142190816714,123.62883138778244,hard_qp_solution,-434.6273950122411,367.7487760014524,-200.0,,,,,,,,,
old,PPO-QP,20260806,30,241,83,123.62883138778244,-52.80142190816714,37.19857809183286,-11.217214277670855,-11.21721426582714,126.29291977591639,hard_qp_solution,-426.82597310407397,374.7895592735733,-200.0,,,,,,,,,
old,PPO-QP,20260806,30,241,84,126.29291977591639,-56.21721426582714,33.78278573417286,-32.617803467403476,-32.61780345503692,134.03964809648767,hard_qp_solution,-415.6087588382468,384.9130951484823,-200.0,,,,,,,,,
old,PPO-QP,20260806,30,241,85,134.03964809648767,-77.61780345503692,12.38219654496308,-26.62057165289448,-26.62057164050427,140.36203386110742,hard_qp_solution,-382.99095538320984,414.3506627666531,-200.0,,,,,,,,,
old,PPO-QP,20260806,30,241,86,140.36203386110742,-71.62057164050427,18.37942835949573,-29.676896802691516,-29.676896790959184,147.41029684896023,hard_qp_solution,-356.3703837427056,438.3757286722082,-200.0,,,,,,,,,
old,PPO-QP,20260806,30,241,87,147.41029684896023,-74.67689679095918,15.323103209040816,-37.740950659133624,-37.740950647288344,156.3737726276912,hard_qp_solution,-326.6934869517464,465.15912802604885,-200.0,,,,,,,,,
old,PPO-QP,20260806,30,241,88,156.3737726276912,-82.74095064728834,7.259049352711656,-27.513918762375283,-27.513918749765665,162.90832833076055,hard_qp_solution,-288.9525363044581,499.2203359852266,-200.0,,,,,,,,,
old,PPO-QP,20260806,30,241,89,162.90832833076055,-72.51391874976566,17.486081250234335,-34.5887837978901,-34.58878378606344,171.12316447995062,hard_qp_solution,-261.4386175546924,524.05164765689,-200.0,,,,,,,,,
old,PPO-QP,20260806,30,241,90,171.12316447995062,-79.58878378606343,10.411216213936562,-35.04105677721899,-35.04105676456641,179.44541546153513,hard_qp_solution,-226.849833768629,555.2680250238124,-200.0,,,,,,,,,
old,PPO-QP,20260806,30,241,91,179.44541546153513,-80.0410567645664,9.958943235433587,-45.23228324870311,-45.23228323687849,190.1880827302938,hard_qp_solution,-191.8087770040626,567.8925787538335,-200.0,,,,,,,,,
old,PPO-QP,20260806,30,241,92,190.1880827302938,-57.93383448740566,-0.2322832368784873,-53.26733087873221,-53.26733086274247,202.83907381019512,hard_qp_solution,-57.93383448740566,518.4647143751164,-157.93383448740565,,,,,,,,,
old,PPO-QP,20260806,30,241,93,202.83907381019512,95.78848047874138,100.0,-48.08884152480862,95.78848047874138,177.63157894736844,hard_qp_solution,95.78848047874138,476.2884804787414,-4.211519521258623,,,,,,,,,
old,PPO-QP,20260806,30,241,94,177.63157894736844,50.78848047874138,100.0,-46.41722537570602,50.788480478741384,164.26618934769965,hard_qp_solution,100.00000000000003,290.25000000000006,2.842170943040401e-14,,,,,,,,,
old,PPO-QP,20260806,30,241,95,164.26618934769965,5.788480478741384,95.78848047874138,-50.65837800165218,5.788480478741384,162.74290501118875,hard_qp_solution,149.21151952125868,149.21151952125868,49.21151952125868,,,,,,,,,
fixed,PPO-QP,20260806,30,241,0,125.0,-45.0,45.0,-3.542271859282879,-3.5422717670851194,125.84128954468271,hard_qp_solution,-421.0526315789474,380.0,-200.0,125.0,125.0,96.0,-100.0,100.0,3.7999999999999996e-08,0.0,0.0,0.0
fixed,PPO-QP,20260806,30,241,1,125.84128954468271,-48.54227176708512,41.45772823291488,1.255316407847763,1.2553164988083227,125.51094309762789,hard_qp_solution,-417.5103598118623,383.1969002697943,-200.0,125.84128954468271,125.0,95.0,-100.0,100.0,3.7999999999999996e-08,0.0,0.0,0.0
fixed,PPO-QP,20260806,30,241,2,125.51094309762789,-43.74468350119168,46.25531649880832,4.7758724005863575,4.775872401730349,124.25413457085675,hard_qp_solution,-418.90129222051416,381.94158377098597,-200.0,125.51094309762789,125.0,94.0,-100.0,100.0,3.7999999999999996e-08,0.0,0.0,0.0
fixed,PPO-QP,20260806,30,241,3,124.25413457085675,-40.224127598269654,49.775872401730346,-0.2336950490411038,-0.23369503751160983,124.30963714226576,hard_qp_solution,-424.19311759639265,377.16571136925563,-200.0,124.25413457085675,125.0,93.0,-100.0,100.0,3.7999999999999996e-08,0.0,0.0,0.0
fixed,PPO-QP,20260806,30,241,4,124.30963714226576,-45.23369503751161,44.76630496248839,17.066323076585622,17.06632308929778,119.8184994871874,hard_qp_solution,-423.95942255888104,377.37662114060987,-200.0,124.30963714226576,125.0,92.0,-100.0,100.0,3.7999999999999996e-08,0.0,0.0,0.0
fixed,PPO-QP,20260806,30,241,5,119.8184994871874,-27.93367691070222,62.06632308929778,21.0469627864405,21.04696279818035,114.27982506661363,hard_qp_solution,-442.8694758434215,360.3102980513121,-200.0,119.8184994871874,125.0,91.0,-100.0,100.0,3.7999999999999996e-08,0.0,0.0,0.0
fixed,PPO-QP,20260806,30,241,6,114.27982506661363,-23.95303720181965,66.04696279818035,40.427885918825986,40.4278859315273,103.6409077162117,hard_qp_solution,-466.19021024583736,339.26333525313174,-200.0,114.27982506661363,125.0,90.0,-100.0,100.0,3.7999999999999996e-08,0.0,0.0,0.0
fixed,PPO-QP,20260806,30,241,7,103.6409077162117,-4.5721140684727,85.4278859315273,32.32357681963617,32.32357683251702,95.13470328660196,hard_qp_solution,-510.9856517212139,298.8354493216045,-200.0,103.6409077162117,125.0,89.0,-100.0,100.0,3.7999999999999996e-08,0.0,0.0,0.0
fixed,PPO-QP,20260806,30,241,8,95.13470328660196,-12.67642316748298,77.32357683251702,46.409725273025046,46.4097252851264,82.92161768525291,hard_qp_solution,-546.8012493195707,266.51187248908747,-200.0,95.13470328660196,125.0,88.0,-100.0,100.0,3.7999999999999996e-08,0.0,0.0,0.0
fixed,PPO-QP,20260806,30,241,9,82.92161768525291,1.4097252851263988,91.4097252851264,49.8408127337593,49.840812745342156,69.80561433121551,hard_qp_solution,-598.2247676410404,220.10214720396107,-200.0,82.92161768525291,125.0,87.0,-100.0,100.0,3.7999999999999996e-08,0.0,0.0,0.0
fixed,PPO-QP,20260806,30,241,10,69.80561433121551,4.840812745342156,94.84081274534216,55.70046230910517,55.700462320562785,55.14759793106741,hard_qp_solution,-653.4500449211979,170.26133445861893,-200.0,69.80561433121551,125.0,86.0,-100.0,100.0,3.7999999999999996e-08,0.0,0.0,0.0
fixed,PPO-QP,20260806,30,241,11,55.14759793106741,10.700462320562785,100.0,51.32308637675723,51.32308638953846,41.64152256539939,hard_qp_solution,-715.1680087112951,114.56087213805615,-200.0,55.14759793106741,125.0,85.0,-100.0,100.0,3.7999999999999996e-08,0.0,0.0,0.0
fixed,PPO-QP,20260806,30,241,12,41.64152256539939,6.32308638953846,63.23778574851769,48.11557521218743,48.11557522600241,28.97952908487244,hard_qp_solution,-772.0356944614763,63.23778574851769,-163.2377857485177,41.64152256539939,125.0,84.0,-100.0,63.23778574851769,3.7999999999999996e-08,0.0,0.0,0.0
fixed,PPO-QP,20260806,30,241,13,28.97952908487244,3.115575226002413,15.122210522515267,47.67491765473529,15.122210522515267,25.0,hard_qp_solution,-825.3493512215898,15.122210522515267,-115.12221052251527,28.97952908487244,125.0,83.0,-100.0,15.122210522515267,3.7999999999999996e-08,0.0,0.0,0.0
fixed,PPO-QP,20260806,30,241,14,25.0,-29.877789477484733,0.0,51.92805234785456,0.0,25.0,hard_qp_solution,-842.1052631578948,0.0,-100.0,25.0,125.0,82.0,-100.0,0.0,3.7999999999999996e-08,0.0,0.0,0.0
fixed,PPO-QP,20260806,30,241,15,25.0,-45.0,0.0,41.482614860763725,0.0,25.0,hard_qp_solution,-842.1052631578948,0.0,-100.0,25.0,125.0,81.0,-100.0,0.0,3.7999999999999996e-08,0.0,0.0,0.0
fixed,PPO-QP,20260806,30,241,16,25.0,-45.0,0.0,46.402377232112286,0.0,25.0,hard_qp_solution,-842.1052631578948,0.0,-100.0,25.0,125.0,80.0,-100.0,0.0,3.7999999999999996e-08,0.0,0.0,0.0
fixed,PPO-QP,20260806,30,241,17,25.0,-45.0,0.0,41.941967772776145,0.0,25.0,hard_qp_solution,-842.1052631578948,0.0,-100.0,25.0,125.0,79.0,-100.0,0.0,3.7999999999999996e-08,0.0,0.0,0.0
fixed,PPO-QP,20260806,30,241,18,25.0,-45.0,0.0,42.72936389998156,0.0,25.0,hard_qp_solution,-842.1052631578948,0.0,-100.0,25.0,125.0,78.0,-100.0,0.0,3.7999999999999996e-08,0.0,0.0,0.0
fixed,PPO-QP,20260806,30,241,19,25.0,-45.0,0.0,22.64628856062807,0.0,25.0,hard_qp_solution,-842.1052631578948,0.0,-100.0,25.0,125.0,77.0,-100.0,0.0,3.7999999999999996e-08,0.0,0.0,0.0
fixed,PPO-QP,20260806,30,241,20,25.0,-45.0,0.0,18.363750634883445,0.0,25.0,hard_qp_solution,-842.1052631578948,0.0,-100.0,25.0,125.0,76.0,-100.0,0.0,3.7999999999999996e-08,0.0,0.0,0.0
fixed,PPO-QP,20260806,30,241,21,25.0,-45.0,0.0,2.6321275993255075,0.0,25.0,hard_qp_solution,-842.1052631578948,0.0,-100.0,25.0,125.0,75.0,-100.0,0.0,3.7999999999999996e-08,0.0,0.0,0.0
fixed,PPO-QP,20260806,30,241,22,25.0,-45.0,0.0,-0.6133223557338574,-0.6133223368460858,25.145664055000946,hard_qp_solution,-842.1052631578948,0.0,-100.0,25.0,125.0,74.0,-100.0,0.0,3.7999999999999996e-08,0.0,0.0,0.0
fixed,PPO-QP,20260806,30,241,23,25.145664055000946,-45.61332233684609,0.5535234090035949,-9.618275184691232,-9.618275172076682,27.430004408369157,hard_qp_solution,-841.4919408210487,0.5535234090035949,-100.55352340900359,25.145664055000946,125.0,73.0,-100.0,0.5535234090035949,3.7999999999999996e-08,0.0,0.0,0.0
fixed,PPO-QP,20260806,30,241,24,27.430004408369157,-54.61827517207668,9.234016751802798,-1.3725564091214493,-1.3725563967112604,27.75598655258808,hard_qp_solution,-831.8736656489721,9.234016751802798,-109.2340167518028,27.430004408369157,125.0,72.0,-100.0,9.234016751802798,3.7999999999999996e-08,0.0,0.0,0.0
fixed,PPO-QP,20260806,30,241,25,27.75598655258808,-46.37255639671126,10.472748899834704,11.043041952543321,10.472748899834704,25.0,hard_qp_solution,-830.5011092522608,10.472748899834704,-110.4727488998347,27.75598655258808,125.0,71.0,-100.0,10.472748899834704,3.7999999999999996e-08,0.0,0.0,0.0
fixed,PPO-QP,20260806,30,241,26,25.0,-34.527251100165294,0.0,22.704327667545392,0.0,25.0,hard_qp_solution,-842.1052631578948,0.0,-100.0,25.0,125.0,70.0,-100.0,0.0,3.7999999999999996e-08,0.0,0.0,0.0
fixed,PPO-QP,20260806,30,241,27,25.0,-45.0,0.0,19.44222964959052,0.0,25.0,hard_qp_solution,-842.1052631578948,0.0,-100.0,25.0,125.0,69.0,-100.0,0.0,3.7999999999999996e-08,0.0,0.0,0.0
fixed,PPO-QP,20260806,30,241,28,25.0,-45.0,0.0,-1.4609306761206409,-1.4609306676010614,25.346971033555253,hard_qp_solution,-842.1052631578948,0.0,-100.0,25.0,125.0,68.0,-100.0,0.0,3.7999999999999996e-08,0.0,0.0,0.0
fixed,PPO-QP,20260806,30,241,29,25.346971033555253,-46.46093066760106,1.3184899275099602,-1.958139923411355,-1.9581399150845429,25.81202926338783,hard_qp_solution,-840.6443324902937,1.3184899275099602,-101.31848992750996,25.346971033555253,125.0,67.0,-100.0,1.3184899275099602,3.7999999999999996e-08,0.0,0.0,0.0
fixed,PPO-QP,20260806,30,241,30,25.81202926338783,-46.958139915084544,3.0857112008737593,-21.125671160340197,-21.125671152150222,30.829376162023507,hard_qp_solution,-838.6861925752091,3.0857112008737593,-103.08571120087376,25.81202926338783,125.0,66.0,-100.0,3.0857112008737593,3.7999999999999996e-08,0.0,0.0,0.0
fixed,PPO-QP,20260806,30,241,31,30.829376162023507,-66.12567115215022,22.151629415689328,6.3062718913831155,6.306271899513958,29.16983092530931,hard_qp_solution,-817.560521423059,22.151629415689328,-122.15162941568933,30.829376162023507,125.0,65.0,-100.0,22.151629415689328,3.7999999999999996e-08,0.0,0.0,0.0
fixed,PPO-QP,20260806,30,241,32,29.16983092530931,-38.69372810048604,15.845357516175374,-23.969554904875594,-23.9695548966797,34.86260021327074,hard_qp_solution,-824.5480803144872,15.845357516175374,-115.84535751617537,29.16983092530931,125.0,64.0,-100.0,15.845357516175374,3.7999999999999996e-08,0.0,0.0,0.0
fixed,PPO-QP,20260806,30,241,33,34.86260021327074,-68.9695548966797,21.0304451033203,-22.426536603102758,-22.42653659491031,40.188902654561936,hard_qp_solution,-800.5785254178074,37.47788081042881,-137.47788081042881,34.86260021327074,125.0,63.0,-100.0,37.47788081042881,3.7999999999999996e-08,0.0,0.0,0.0
fixed,PPO-QP,20260806,30,241,34,40.188902654561936,-67.42653659491032,22.57346340508969,-34.60971770636046,-34.60971769814177,48.4087106078706,hard_qp_solution,-778.1519888228971,57.71783008733535,-157.71783008733536,40.188902654561936,125.0,62.0,-100.0,57.71783008733535,3.7999999999999996e-08,0.0,0.0,0.0
fixed,PPO-QP,20260806,30,241,35,48.4087106078706,-79.60971769814176,10.390282301858228,-3.2288048091881167,-3.2288048010368677,49.17555174811686,hard_qp_solution,-743.5422711247554,88.9531003099083,-188.95310030990828,48.4087106078706,125.0,61.0,-100.0,88.9531003099083,3.7999999999999996e-08,0.0,0.0,0.0
fixed,PPO-QP,20260806,30,241,36,49.17555174811686,-48.228804801036866,41.771195198963134,-34.91055890813049,-34.91055889991092,57.466809486845705,hard_qp_solution,-740.3134663237186,91.86709664284406,-191.86709664284405,49.17555174811686,125.0,60.0,-100.0,91.86709664284406,3.7999999999999996e-08,0.0,0.0,0.0
fixed,PPO-QP,20260806,30,241,37,57.466809486845705,-79.91055889991091,10.089441100089083,-18.317667259808253,-18.317667251624467,61.81725545910652,hard_qp_solution,-705.4029074238076,123.37387605001368,-200.0,57.466809486845705,125.0,59.0,-100.0,100.0,3.7999999999999996e-08,0.0,0.0,0.0
fixed,PPO-QP,20260806,30,241,38,61.81725545910652,-63.31766725162447,26.682332748375533,-48.86530910130129,-48.86530909305184,73.42276636870633,hard_qp_solution,-687.0852401721831,139.90557074460477,-200.0,61.81725545910652,125.0,58.0,-100.0,100.0,3.7999999999999996e-08,0.0,0.0,0.0
fixed,PPO-QP,20260806,30,241,39,73.42276636870633,-93.86530909305185,-3.8653090930518417,-28.12031712194578,-28.12031711374077,80.10134168321977,hard_qp_solution,-638.2199310791312,184.00651220108406,-200.0,73.42276636870633,125.0,57.0,-100.0,100.0,3.7999999999999996e-08,0.0,0.0,0.0
fixed,PPO-QP,20260806,30,241,40,80.10134168321977,-73.12031711374077,16.87968288625923,-57.175580305404836,-57.17558029713709,93.68054200378982,hard_qp_solution,-610.0996139653905,209.38509839623512,-200.0,80.10134168321977,125.0,56.0,-100.0,100.0,3.7999999999999996e-08,0.0,0.0,0.0
fixed,PPO-QP,20260806,30,241,41,93.68054200378982,-100.0,-12.175580297137088,-53.69696412339054,-53.69696411513052,106.43357098113333,hard_qp_solution,-552.9240336682534,260.9860596144013,-200.0,93.68054200378982,125.0,55.0,-100.0,100.0,3.7999999999999996e-08,0.0,0.0,0.0
fixed,PPO-QP,20260806,30,241,42,106.43357098113333,-98.69696411513053,-8.69696411513052,-68.49030579514131,-68.49030578684913,122.70001860551,hard_qp_solution,-499.2270695531229,309.44756972830663,-200.0,106.43357098113333,125.0,54.0,-100.0,100.0,3.7999999999999996e-08,0.0,0.0,0.0
fixed,PPO-QP,20260806,30,241,43,122.70001860551,-100.0,-23.490305786849135,-44.91292171258889,-44.912921704233085,133.36683751026536,hard_qp_solution,-430.7367637662737,371.26007070093794,-200.0,122.70001860551,125.0,53.0,-100.0,100.0,3.7999999999999996e-08,0.0,0.0,0.0
fixed,PPO-QP,20260806,30,241,44,133.36683751026536,-89.91292170423309,0.08707829576691495,-48.05114163175637,-48.05114162363788,144.77898364587935,hard_qp_solution,-385.8238420620406,411.7939825390083,-200.0,133.36683751026536,125.0,52.0,-100.0,100.0,3.7999999999999996e-08,0.0,0.0,0.0
fixed,PPO-QP,20260806,30,241,45,144.77898364587935,-93.05114162363787,-3.051141623637882,-35.199851126359135,-35.19985111813869,153.13894828643728,hard_qp_solution,-337.77270043840275,455.1601378543415,-200.0,144.77898364587935,125.0,51.0,-100.0,100.0,3.7999999999999996e-08,0.0,0.0,0.0
fixed,PPO-QP,20260806,30,241,46,153.13894828643728,-80.1998511181387,9.800148881861311,-40.872806054585595,-40.87280604650966,162.84623972248332,hard_qp_solution,-302.5728493202641,486.9280034884616,-200.0,153.13894828643728,125.0,50.0,-100.0,100.0,3.7999999999999996e-08,0.0,0.0,0.0
fixed,PPO-QP,20260806,30,241,47,162.84623972248332,-85.87280604650965,4.127193953490341,-28.59128026080937,-28.5912802529739,169.6366687825646,hard_qp_solution,-261.7000432737545,523.8157109454365,-200.0,162.84623972248332,125.0,49.0,-100.0,100.0,3.7999999999999996e-08,0.0,0.0,0.0
fixed,PPO-QP,20260806,30,241,48,169.6366687825646,-73.5912802529739,16.4087197470261,-29.35797041673645,-29.357970408615873,176.60918675461087,hard_qp_solution,-233.1087630207806,549.6193413737456,-200.0,169.6366687825646,125.0,48.0,-100.0,100.0,3.7999999999999996e-08,0.0,0.0,0.0
fixed,PPO-QP,20260806,30,241,49,176.60918675461087,-74.35797040861587,15.642029591384127,-18.454187415012743,-18.454187406828083,180.99205626373254,hard_qp_solution,-203.75079261216476,576.1149096675213,-200.0,176.60918675461087,125.0,47.0,-100.0,100.0,3.7999999999999996e-08,0.0,0.0,0.0
fixed,PPO-QP,20260806,30,241,50,180.99205626373254,-63.45418740682808,26.545812593171917,-20.25070991344582,-20.250709905265303,185.80159986623303,hard_qp_solution,-185.2966052053367,592.7698138021836,-200.0,180.99205626373254,125.0,46.0,-100.0,100.0,3.7999999999999996e-08,0.0,0.0,0.0
fixed,PPO-QP,20260806,30,241,51,185.80159986623303,-65.2507099052653,24.749290094734697,-18.115934497490997,-18.11593448931052,190.10413430744427,hard_qp_solution,-165.04589530007144,611.0460794916855,-200.0,185.80159986623303,125.0,45.0,-100.0,100.0,3.7999999999999996e-08,0.0,0.0,0.0
fixed,PPO-QP,20260806,30,241,52,190.10413430744427,-63.11593448931052,26.88406551068948,-7.954028763827835,-7.9540287554501194,191.99321613686368,hard_qp_solution,-146.92996081076097,627.3957103682882,-200.0,190.10413430744427,125.0,44.0,-100.0,100.0,3.7999999999999996e-08,0.0,0.0,0.0
fixed,PPO-QP,20260806,30,241,53,191.99321613686368,-52.95402875545012,37.04597124454988,4.698223109140932,4.6982231174984195,190.75684163225884,hard_qp_solution,-138.97593205531084,634.574221320082,-200.0,191.99321613686368,125.0,43.0,-100.0,100.0,3.7999999999999996e-08,0.0,0.0,0.0
fixed,PPO-QP,20260806,30,241,54,190.75684163225884,-40.30177688250158,49.69822311749842,4.21303733625082,4.213037344657969,189.64814759419096,hard_qp_solution,-144.18171944312067,629.8759982025836,-200.0,190.75684163225884,125.0,42.0,-100.0,100.0,3.7999999999999996e-08,0.0,0.0,0.0
fixed,PPO-QP,20260806,30,241,55,189.64814759419096,-40.78696265534203,49.21303734465797,13.660367902343989,11.849085599638528,186.52996717323344,hard_qp_solution,-148.8499048665644,625.6629608579257,-200.0,189.64814759419096,125.0,41.0,-100.0,100.0,3.7999999999999996e-08,0.0,0.0,0.0
fixed,PPO-QP,20260806,30,241,56,186.52996717323344,-33.15091440036147,56.84908559963853,14.322630345062247,14.322630353461921,182.7608539223224,hard_qp_solution,-161.9790855863855,613.8138752582871,-200.0,186.52996717323344,125.0,40.0,-100.0,100.0,3.7999999999999996e-08,0.0,0.0,0.0
fixed,PPO-QP,20260806,30,241,57,182.7608539223224,-30.67736964653808,59.32263035346192,13.372664660513928,13.372664668921146,179.24173164102737,hard_qp_solution,-177.84903611653723,599.4912449048252,-200.0,182.7608539223224,125.0,39.0,-100.0,100.0,3.7999999999999996e-08,0.0,0.0,0.0
fixed,PPO-QP,20260806,30,241,58,179.24173164102737,-31.627335331078854,58.372664668921146,31.650695521140936,31.650695529400302,170.9126012385536,hard_qp_solution,-192.66639309041108,586.118580235904,-200.0,179.24173164102737,125.0,38.0,-100.0,100.0,3.7999999999999996e-08,0.0,0.0,0.0
fixed,PPO-QP,20260806,30,241,59,170.9126012385536,-13.349304470599698,76.65069552940031,11.146179829668947,11.146179838094124,167.97939601800252,hard_qp_solution,-227.73641583766903,554.4678847065037,-200.0,170.9126012385536,125.0,37.0,-100.0,100.0,3.7999999999999996e-08,0.0,0.0,0.0
fixed,PPO-QP,20260806,30,241,60,167.97939601800252,-33.85382016190587,56.14617983809413,-0.33317975738966665,-0.3331797488716006,168.05852620835952,hard_qp_solution,-240.08675360841048,543.3217048684096,-200.0,167.97939601800252,125.0,36.0,-100.0,100.0,3.7999999999999996e-08,0.0,0.0,0.0
fixed,PPO-QP,20260806,30,241,61,168.05852620835952,-45.3331797488716,44.6668202511284,-4.799100427645624,-4.799100419091508,169.19831255789376,hard_qp_solution,-239.75357385953885,543.6223995917661,-200.0,168.05852620835952,125.0,35.0,-100.0,100.0,3.7999999999999996e-08,0.0,0.0,0.0
fixed,PPO-QP,20260806,30,241,62,169.19831255789376,-49.79910041909151,40.20089958090849,24.800144415465986,24.800144423780846,162.67195876216195,hard_qp_solution,-234.95447344044734,547.9535877199962,-200.0,169.19831255789376,125.0,34.0,-100.0,100.0,3.7999999999999996e-08,0.0,0.0,0.0
fixed,PPO-QP,20260806,30,241,63,162.67195876216195,-20.199855576219154,69.80014442378085,8.208093279032443,8.208093287481407,160.51193421282474,hard_qp_solution,-262.43385784352864,523.1534432962154,-200.0,162.67195876216195,125.0,33.0,-100.0,100.0,3.7999999999999996e-08,0.0,0.0,0.0
fixed,PPO-QP,20260806,30,241,64,160.51193421282474,-36.791906712518596,53.208093287481404,-4.079071064660987,-4.079071056112524,161.48071358865147,hard_qp_solution,-271.52869805126426,514.945350008734,-200.0,160.51193421282474,125.0,32.0,-100.0,100.0,3.7999999999999996e-08,0.0,0.0,0.0
fixed,PPO-QP,20260806,30,241,65,161.48071358865147,-49.079071056112525,40.920928943887475,2.6002047524893057,7.842381912814228,159.41692887475298,hard_qp_solution,-267.44962699515173,518.6267116368756,-200.0,161.48071358865147,125.0,31.0,-100.0,100.0,3.7999999999999996e-08,0.0,0.0,0.0
fixed,PPO-QP,20260806,30,241,66,159.41692887475298,-37.157618087185774,52.842381912814226,21.165947233538805,21.16594724188314,153.84694275846795,hard_qp_solution,-276.1392468431454,510.7843297240613,-200.0,159.41692887475298,125.0,30.0,-100.0,100.0,3.7999999999999996e-08,0.0,0.0,0.0
fixed,PPO-QP,20260806,30,241,67,153.84694275846795,-23.83405275811686,66.16594724188315,-5.547044148569157,-5.547044140008837,155.16436574172005,hard_qp_solution,-299.5918199643455,489.61838248217816,-200.0,153.84694275846795,125.0,29.0,-100.0,100.0,3.7999999999999996e-08,0.0,0.0,0.0
fixed,PPO-QP,20260806,30,241,68,155.16436574172005,-50.547044140008836,39.452955859991164,-6.773512004713765,13.390461729004025,151.64056002356108,hard_qp_solution,-294.0447758243367,494.62458981853615,-200.0,155.16436574172005,125.0,28.0,-100.0,100.0,3.7999999999999996e-08,0.0,0.0,0.0
fixed,PPO-QP,20260806,30,241,69,151.64056002356108,-31.609538270995976,58.39046172900402,-9.48674466594913,27.38813029848317,144.43315731343392,hard_qp_solution,-308.8818525323744,481.2341280895321,-200.0,151.64056002356108,125.0,27.0,-100.0,100.0,3.7999999999999996e-08,0.0,0.0,0.0
fixed,PPO-QP,20260806,30,241,70,144.43315731343392,-17.61186970151683,72.38813029848316,-13.575385435660358,23.81527989066443,138.16597839483802,hard_qp_solution,-339.22881131185716,453.8459977910489,-200.0,144.43315731343392,125.0,26.0,-100.0,100.0,3.7999999999999996e-08,0.0,0.0,0.0
fixed,PPO-QP,20260806,30,241,71,138.16597839483802,-21.18472010933557,68.81527989066443,-20.95907080027436,19.787019399728496,132.9588680264884,hard_qp_solution,-365.6169330743663,430.03071790038445,-200.0,138.16597839483802,125.0,25.0,-100.0,100.0,3.7999999999999996e-08,0.0,0.0,0.0
fixed,PPO-QP,20260806,30,241,72,132.9588680264884,-25.212980600271504,64.78701939972849,7.119689675286629,7.119689688242559,131.0852654769509,hard_qp_solution,-387.54160830952253,410.2436985006559,-200.0,132.9588680264884,125.0,24.0,-100.0,100.0,3.7999999999999996e-08,0.0,0.0,0.0
fixed,PPO-QP,20260806,30,241,73,131.0852654769509,-37.88031031175744,52.11968968824256,1.5693289140089728,1.5693289259070826,130.67228418065955,hard_qp_solution,-395.43046114968047,403.12400881241336,-200.0,131.0852654769509,125.0,23.0,-100.0,100.0,3.7999999999999996e-08,0.0,0.0,0.0
fixed,PPO-QP,20260806,30,241,74,130.67228418065955,-43.43067107409292,46.56932892590708,9.65164913774558,9.651649150108453,128.13237650957836,hard_qp_solution,-397.169329765644,401.5546798865063,-200.0,130.67228418065955,125.0,22.0,-100.0,100.0,3.7999999999999996e-08,0.0,0.0,0.0
fixed,PPO-QP,20260806,30,241,75,128.13237650957836,-35.348350849891546,54.651649150108454,1.6525965214390936,1.652596533568347,127.69748268495512,hard_qp_solution,-407.8636778544069,391.90303073639774,-200.0,128.13237650957836,125.0,21.0,-100.0,100.0,3.7999999999999996e-08,0.0,0.0,0.0
fixed,PPO-QP,20260806,30,241,76,127.69748268495512,-43.34740346643165,46.65259653356835,13.845733488104994,13.84573350061804,124.05386860584511,hard_qp_solution,-409.69480974755743,390.2504342028294,-200.0,127.69748268495512,125.0,20.0,-100.0,100.0,3.7999999999999996e-08,0.0,0.0,0.0
fixed,PPO-QP,20260806,30,241,77,124.05386860584511,-31.15426649938196,58.84573350061804,11.80794243422288,11.807942446037794,120.94651533057201,hard_qp_solution,-425.03634271223115,376.4047007022114,-200.0,124.05386860584511,125.0,19.0,-100.0,100.0,3.7999999999999996e-08,0.0,0.0,0.0
fixed,PPO-QP,20260806,30,241,78,120.94651533057201,-33.19205755396221,56.80794244603779,4.7428859309884235,4.742885943052616,119.69838745082133,hard_qp_solution,-438.1199354502231,364.59675825617364,-200.0,120.94651533057201,125.0,18.0,-100.0,100.0,3.7999999999999996e-08,0.0,0.0,0.0
fixed,PPO-QP,20260806,30,241,79,119.69838745082133,-40.25711405694739,49.74288594305261,5.409005694960873,5.409005706940654,118.27496489636326,hard_qp_solution,-443.3752107333839,359.85387231312103,-200.0,119.69838745082133,125.0,17.0,-100.0,100.0,3.7999999999999996e-08,0.0,0.0,0.0
fixed,PPO-QP,20260806,30,241,80,118.27496489636326,-39.590994293059346,50.409005706940654,-7.0810606830817955,-7.081060670800392,119.95671680567835,hard_qp_solution,-449.36856885741787,354.44486660618037,-200.0,118.27496489636326,125.0,16.0,-100.0,100.0,3.7999999999999996e-08,0.0,0.0,0.0
fixed,PPO-QP,20260806,30,241,81,119.95671680567835,-52.08106067080039,37.91893932919961,-7.660113186368804,-7.66011317437637,121.77599368459275,hard_qp_solution,-442.28750818661746,360.8355238615777,-200.0,119.95671680567835,125.0,15.0,-100.0,100.0,3.7999999999999996e-08,0.0,0.0,0.0
fixed,PPO-QP,20260806,30,241,82,121.77599368459275,-52.66011317437637,37.33988682562363,-7.801421920203082,-7.80142190816714,123.62883138778244,hard_qp_solution,-434.6273950122411,367.7487760014524,-200.0,121.77599368459275,125.0,14.0,-100.0,100.0,3.7999999999999996e-08,0.0,0.0,0.0
fixed,PPO-QP,20260806,30,241,83,123.62883138778244,-52.80142190816714,37.19857809183286,-11.217214277670855,-11.21721426582714,126.29291977591639,hard_qp_solution,-426.82597310407397,374.7895592735733,-200.0,123.62883138778244,125.0,13.0,-100.0,100.0,3.7999999999999996e-08,0.0,0.0,0.0
fixed,PPO-QP,20260806,30,241,84,126.29291977591639,-56.21721426582714,33.78278573417286,-32.617803467403476,-32.61780345503692,134.03964809648767,hard_qp_solution,-415.6087588382468,384.9130951484823,-200.0,126.29291977591639,125.0,12.0,-100.0,100.0,3.7999999999999996e-08,0.0,0.0,0.0
fixed,PPO-QP,20260806,30,241,85,134.03964809648767,-77.61780345503692,12.38219654496308,-26.62057165289448,-26.62057164050427,140.36203386110742,hard_qp_solution,-382.99095538320984,414.3506627666531,-200.0,134.03964809648767,125.0,11.0,-100.0,100.0,3.7999999999999996e-08,0.0,0.0,0.0
fixed,PPO-QP,20260806,30,241,86,140.36203386110742,-71.62057164050427,18.37942835949573,-29.676896802691516,-29.676896790959184,147.41029684896023,hard_qp_solution,-356.3703837427056,438.3757286722082,-200.0,140.36203386110742,125.0,10.0,-100.0,100.0,3.7999999999999996e-08,0.0,0.0,0.0
fixed,PPO-QP,20260806,30,241,87,147.41029684896023,-74.67689679095918,15.323103209040816,-37.740950659133624,-37.740950647288344,156.3737726276912,hard_qp_solution,-326.6934869517464,465.15912802604885,-200.0,147.41029684896023,125.0,9.0,-100.0,100.0,3.7999999999999996e-08,0.0,0.0,0.0
fixed,PPO-QP,20260806,30,241,88,156.3737726276912,-82.74095064728834,7.259049352711656,-27.513918762375283,-27.513918749765665,162.90832833076055,hard_qp_solution,-288.9525363044581,499.2203359852266,-200.0,156.3737726276912,125.0,8.0,-100.0,100.0,3.7999999999999996e-08,0.0,0.0,0.0
fixed,PPO-QP,20260806,30,241,89,162.90832833076055,-72.51391874976566,17.486081250234335,-34.5887837978901,-34.58878378606344,171.12316447995062,hard_qp_solution,-261.4386175546924,524.05164765689,-200.0,162.90832833076055,125.0,7.0,-100.0,100.0,3.7999999999999996e-08,0.0,0.0,0.0
fixed,PPO-QP,20260806,30,241,90,171.12316447995062,-79.58878378606343,10.411216213936562,-35.04105677721899,-35.04105676456641,179.44541546153513,hard_qp_solution,-226.849833768629,555.2680250238124,-200.0,171.12316447995062,125.0,6.0,-100.0,100.0,3.7999999999999996e-08,0.0,0.0,0.0
fixed,PPO-QP,20260806,30,241,91,179.44541546153513,-80.0410567645664,9.958943235433587,-45.23228324870311,-45.23228323687849,190.1880827302938,hard_qp_solution,-191.8087770040626,567.8925787538335,-200.0,179.44541546153513,125.0,5.0,-100.0,100.0,3.7999999999999996e-08,0.0,0.0,0.0
fixed,PPO-QP,20260806,30,241,92,190.1880827302938,-57.93383448740566,-0.2322832368784873,-53.26733087873221,-53.26733086274247,202.83907381019512,hard_qp_solution,-57.93383448740566,518.4647143751164,-157.93383448740565,190.1880827302938,125.0,4.0,-100.0,100.0,3.7999999999999996e-08,0.0,0.0,0.0
fixed,PPO-QP,20260806,30,241,93,202.83907381019512,95.78848047874138,100.0,-48.08884152480862,95.78848047874138,177.63157894736844,hard_qp_solution,95.78848047874138,476.2884804787414,-4.211519521258623,202.83907381019512,125.0,3.0,-93.30916290444162,100.0,3.7999999999999996e-08,0.0,1.0,104.05581134148385
fixed,PPO-QP,20260806,30,241,94,177.63157894736844,100.0,100.0,-46.41722537570602,100.0,151.31578947368422,hard_qp_solution,100.00000000000003,290.25000000000006,2.842170943040401e-14,177.63157894736844,125.0,2.0,-100.0,100.0,3.7999999999999996e-08,1.0,0.0,0.0
fixed,PPO-QP,20260806,30,241,95,151.31578947368422,100.0,100.0,-47.458818559452745,100.0,125.0,hard_qp_solution,100.00000000000003,100.00000000000003,2.842170943040401e-14,151.31578947368422,125.0,1.0,-100.0,100.0,3.7999999999999996e-08,1.0,0.0,0.0
old,PPO-QP,20260806,30,248,0,125.0,-45.0,45.0,2.9856184327301425,2.9856185501761128,124.21431090784839,hard_qp_solution,-421.0526315789474,380.0,-200.0,,,,,,,,,
old,PPO-QP,20260806,30,248,1,124.21431090784839,-42.01438144982389,47.98561855017611,-1.8502325170705591,-1.8502323922575323,124.65374110100954,hard_qp_solution,-424.3607961774805,377.0143814498239,-200.0,,,,,,,,,
old,PPO-QP,20260806,30,248,2,124.65374110100954,-46.85023239225753,43.14976760774247,1.5150673796489,1.5150673816906788,124.25503915845937,hard_qp_solution,-422.510563785223,378.68421618383627,-200.0,,,,,,,,,
old,PPO-QP,20260806,30,248,3,124.25503915845937,-43.48493261830932,46.51506738169068,9.107203806518545,9.107203818768554,121.85840657457291,hard_qp_solution,-424.1893088064869,377.16914880214557,-200.0,,,,,,,,,
old,PPO-QP,20260806,30,248,4,121.85840657457291,-35.892796181231446,54.107203818768554,13.390959220042454,13.39095923200999,118.33446993457028,hard_qp_solution,-434.2803933702194,368.06194498337703,-200.0,,,,,,,,,
old,PPO-QP,20260806,30,248,5,118.33446993457028,-31.60904076799001,58.39095923200999,21.126125121039085,21.126125132990968,112.77496332062529,hard_qp_solution,-449.11802132812517,354.670985751367,-200.0,,,,,,,,,
old,PPO-QP,20260806,30,248,6,112.77496332062529,-23.873874867009032,66.12612513299096,29.877144973145462,29.87714498487427,104.91255674565838,hard_qp_solution,-472.52647022894615,333.5448606183761,-200.0,,,,,,,,,
old,PPO-QP,20260806,30,248,7,104.91255674565838,-15.12285501512573,74.87714498487426,31.54521469549538,31.545214707149576,96.61118445430323,hard_qp_solution,-505.6313400182805,303.6677156335018,-200.0,,,,,,,,,
old,PPO-QP,20260806,30,248,8,96.61118445430323,-13.454785292850424,76.54521470714957,44.050986221746555,44.05098623364541,85.01881965597549,hard_qp_solution,-540.5844865081971,272.12250092635225,-200.0,,,,,,,,,
old,PPO-QP,20260806,30,248,9,85.01881965597549,-0.9490137663545894,89.0509862336454,47.312745065119124,47.31274507666665,72.568097267379,hard_qp_solution,-589.3944435537874,228.07151469270687,-200.0,,,,,,,,,
old,PPO-QP,20260806,30,248,10,72.568097267379,2.3127450766666513,92.31274507666666,47.98595388381657,47.98595389576548,59.94021466323019,hard_qp_solution,-641.818537821562,180.7587696160402,-200.0,,,,,,,,,
old,PPO-QP,20260806,30,248,11,59.94021466323019,2.9859538957654834,92.98595389576548,46.32746234443543,46.327462356691704,47.748777200942904,hard_qp_solution,-694.9885698390308,132.77281572027474,-200.0,,,,,,,,,
old,PPO-QP,20260806,30,248,12,47.748777200942904,1.3274623566917043,86.44535336358302,52.908923899508466,52.90892391098871,33.82537617173535,hard_qp_solution,-746.3209381012931,86.44535336358302,-186.44535336358302,,,,,,,,,
old,PPO-QP,20260806,30,248,13,33.82537617173535,7.908923910988712,33.53642945259433,40.580402532348145,33.53642945259433,25.0,hard_qp_solution,-804.9457845400617,33.53642945259433,-133.53642945259432,,,,,,,,,
old,PPO-QP,20260806,30,248,14,25.0,-11.463570547405673,0.0,49.454605406533865,0.0,25.0,hard_qp_solution,-842.1052631578948,0.0,-100.0,,,,,,,,,
old,PPO-QP,20260806,30,248,15,25.0,-45.0,0.0,34.48156879150858,0.0,25.0,hard_qp_solution,-842.1052631578948,0.0,-100.0,,,,,,,,,
old,PPO-QP,20260806,30,248,16,25.0,-45.0,0.0,49.46668152937564,0.0,25.0,hard_qp_solution,-842.1052631578948,0.0,-100.0,,,,,,,,,
old,PPO-QP,20260806,30,248,17,25.0,-45.0,0.0,30.301018720966038,0.0,25.0,hard_qp_solution,-842.1052631578948,0.0,-100.0,,,,,,,,,
old,PPO-QP,20260806,30,248,18,25.0,-45.0,0.0,39.17244646951349,0.0,25.0,hard_qp_solution,-842.1052631578948,0.0,-100.0,,,,,,,,,
old,PPO-QP,20260806,30,248,19,25.0,-45.0,0.0,14.043883882691704,0.0,25.0,hard_qp_solution,-842.1052631578948,0.0,-100.0,,,,,,,,,
old,PPO-QP,20260806,30,248,20,25.0,-45.0,0.0,1.3608803187237961,0.0,25.0,hard_qp_solution,-842.1052631578948,0.0,-100.0,,,,,,,,,
old,PPO-QP,20260806,30,248,21,25.0,-45.0,0.0,-7.650888503270174,-7.650888489360121,26.81708601622303,hard_qp_solution,-842.1052631578948,0.0,-100.0,,,,,,,,,
old,PPO-QP,20260806,30,248,22,26.81708601622303,-52.65088848936012,6.904926861647513,-2.3371057097052605,-2.337105696628018,27.372148619172183,hard_qp_solution,-834.4543746685347,6.904926861647513,-106.90492686164751,,,,,,,,,
old,PPO-QP,20260806,30,248,23,27.372148619172183,-47.337105696628015,9.014164752854295,7.58970488505314,7.58970490139376,25.37485785564751,hard_qp_solution,-832.1172689719067,9.014164752854295,-109.0141647528543,,,,,,,,,
old,PPO-QP,20260806,30,248,24,25.37485785564751,-37.41029509860624,1.4244598514605336,8.932970287646754,1.4244598514605336,25.0,hard_qp_solution,-840.5269142920105,1.4244598514605336,-101.42445985146054,,,,,,,,,
old,PPO-QP,20260806,30,248,25,25.0,-43.57554014853947,0.0,18.22134933703775,0.0,25.0,hard_qp_solution,-842.1052631578948,0.0,-100.0,,,,,,,,,
old,PPO-QP,20260806,30,248,26,25.0,-45.0,0.0,14.84227839002915,0.0,25.0,hard_qp_solution,-842.1052631578948,0.0,-100.0,,,,,,,,,
old,PPO-QP,20260806,30,248,27,25.0,-45.0,0.0,18.21090043374845,0.0,25.0,hard_qp_solution,-842.1052631578948,0.0,-100.0,,,,,,,,,
old,PPO-QP,20260806,30,248,28,25.0,-45.0,0.0,-3.9690499563428725,-3.9690499480119934,25.942649362652848,hard_qp_solution,-842.1052631578948,0.0,-100.0,,,,,,,,,
old,PPO-QP,20260806,30,248,29,25.942649362652848,-48.96904994801199,3.582067578080821,10.268678774924451,3.5820675780808204,25.0,hard_qp_solution,-838.1362132098828,3.582067578080821,-103.58206757808082,,,,,,,,,
old,PPO-QP,20260806,30,248,30,25.0,-41.41793242191918,0.0,-13.218548889446973,-13.218548881213781,28.139405359288272,hard_qp_solution,-842.1052631578948,0.0,-100.0,,,,,,,,,
old,PPO-QP,20260806,30,248,31,28.139405359288272,-58.21854888121378,11.929740365295434,11.243941366534806,11.243941375016925,25.180473418494344,hard_qp_solution,-828.886714276681,11.929740365295434,-111.92974036529543,,,,,,,,,
old,PPO-QP,20260806,30,248,32,25.180473418494344,-33.756058624983076,0.6857989902785079,-16.499717171753854,-16.49971716356832,29.09915624484182,hard_qp_solution,-841.3453750800239,0.6857989902785079,-100.68579899027851,,,,,,,,,
old,PPO-QP,20260806,30,248,33,29.09915624484182,-61.49971716356832,15.57679373039891,-0.04860186360576721,-0.04860185546153752,29.110699185513933,hard_qp_solution,-824.8456579164555,15.57679373039891,-115.5767937303989,,,,,,,,,
old,PPO-QP,20260806,30,248,34,29.110699185513933,-45.048601855461534,15.620656904952947,-21.331562514095793,-21.331562505905428,34.17694528066647,hard_qp_solution,-824.797056060994,15.620656904952947,-115.62065690495295,,,,,,,,,
old,PPO-QP,20260806,30,248,35,34.17694528066647,-66.33156250590542,23.668437494094572,-8.377102997811319,-8.377102989648703,36.16650724070804,hard_qp_solution,-803.4654935550885,34.8723920665326,-134.8723920665326,,,,,,,,,
old,PPO-QP,20260806,30,248,36,36.16650724070804,-53.377102989648705,36.622897010351295,-28.961481829415252,-28.961481821208512,43.044859173245065,hard_qp_solution,-795.0883905654399,42.43272751469056,-142.43272751469055,,,,,,,,,
old,PPO-QP,20260806,30,248,37,43.044859173245065,-73.96148182120851,16.038518178791488,-27.153645037886115,-27.153645029683204,49.49384986779483,hard_qp_solution,-766.1269087442313,68.57046485833125,-168.57046485833126,,,,,,,,,
old,PPO-QP,20260806,30,248,38,49.49384986779483,-72.1536450296832,17.846354970316796,-26.785442312075425,-26.785442303873168,55.855392414964705,hard_qp_solution,-738.9732637145481,93.07662949762035,-193.07662949762033,,,,,,,,,
old,PPO-QP,20260806,30,248,39,55.855392414964705,-71.78544230387317,18.214557696126832,-18.78499024043344,-18.784990232248493,60.31682759512372,hard_qp_solution,-712.1878214106749,117.25049117686588,-200.0,,,,,,,,,
old,PPO-QP,20260806,30,248,40,60.31682759512372,-63.78499023224849,26.215009767751507,-31.530129695683108,-36.03628538218593,68.87544537339288,hard_qp_solution,-693.4028311784265,134.20394486147012,-200.0,,,,,,,,,
old,PPO-QP,20260806,30,248,41,68.87544537339288,-81.03628538218592,8.96371461781407,-39.951827659020374,-39.951827650790094,78.36400444045553,hard_qp_solution,-657.3665457962405,166.72669241889292,-200.0,,,,,,,,,
old,PPO-QP,20260806,30,248,42,78.36400444045553,-84.9518276507901,5.048172349209906,-56.14624571696096,-56.1462457088136,91.69873779629876,hard_qp_solution,-617.4147181454505,202.78321687373102,-200.0,,,,,,,,,
old,PPO-QP,20260806,30,248,43,91.69873779629876,-100.0,-11.146245708813602,-42.88711839629638,-42.88711838805931,101.88442841346284,hard_qp_solution,-561.2684724366368,253.45520362593527,-200.0,,,,,,,,,
old,PPO-QP,20260806,30,248,44,101.88442841346284,-87.8871183880593,2.1128816119406935,-34.23000064373294,-41.39259398159786,111.71516948409233,hard_qp_solution,-518.3813540485776,292.16082797115877,-200.0,,,,,,,,,
old,PPO-QP,20260806,30,248,45,111.71516948409233,-86.39259398159786,3.6074060184021377,-40.62772715180773,-57.88800357024964,125.46357033202662,hard_qp_solution,-476.9887600669797,329.5176440395508,-200.0,,,,,,,,,
old,PPO-QP,20260806,30,248,46,125.46357033202662,-100.0,-12.888003570249637,-39.14632403711113,-39.14632402903352,134.76082228892207,hard_qp_solution,-419.10075649673,381.76156726170115,-200.0,,,,,,,,,
old,PPO-QP,20260806,30,248,47,134.76082228892207,-84.14632402903352,5.853675970966478,-13.686206522081573,-83.14603251311607,154.50800501078714,phase2_solution,-379.95443246769656,417.09112469790387,-200.0,,,,,,,,,
old,PPO-QP,20260806,30,248,48,154.50800501078714,-100.0,-38.14603251311607,-12.338370739140046,-54.02117599535232,167.3380343096833,hard_qp_solution,-296.80839995458047,492.1304190409911,-200.0,,,,,,,,,
old,PPO-QP,20260806,30,248,49,167.3380343096833,-99.02117599535232,-9.021175995352323,-7.350158453025944,-46.58444502164147,178.40184000232315,hard_qp_solution,-242.78722395922819,540.8845303767965,-200.0,,,,,,,,,
old,PPO-QP,20260806,30,248,50,178.40184000232315,-91.58444502164147,-1.5844450216414714,-12.632743104670253,-24.40093945430157,184.19706312271978,hard_qp_solution,-196.20277893758671,582.9269920088279,-200.0,,,,,,,,,
old,PPO-QP,20260806,30,248,51,184.19706312271978,-69.40093945430158,20.59906054569843,2.978563541234309,-55.84481782474582,197.4602073560969,hard_qp_solution,-171.80183948328514,604.9488398663351,-200.0,,,,,,,,,
old,PPO-QP,20260806,30,248,52,197.4602073560969,-100.0,-10.844817824745817,-4.350816227553021,-10.844817824745817,200.03585158947402,hard_qp_solution,-115.95702165853936,655.3487879531682,-200.0,,,,,,,,,
old,PPO-QP,20260806,30,248,53,200.03585158947402,-55.84481782474582,34.15518217525418,4.000639386106554,4.000639394334222,198.98305174885976,hard_qp_solution,-105.1122038337936,665.1362360400012,-200.0,,,,,,,,,
old,PPO-QP,20260806,30,248,54,198.98305174885976,-40.99936060566578,49.00063939433422,15.59227110071874,6.8064696425807965,197.191875527128,hard_qp_solution,-109.54504526795888,661.1355966456671,-200.0,,,,,,,,,
old,PPO-QP,20260806,30,248,55,197.191875527128,-38.193530357419206,51.806469642580794,20.71306857674646,9.497386749439517,194.69256322464392,hard_qp_solution,-117.08683988577688,654.3291270030863,-200.0,,,,,,,,,
old,PPO-QP,20260806,30,248,56,194.69256322464392,-35.502613250560486,54.497386749439514,19.670652232743514,19.670652241099944,189.51607579277552,hard_qp_solution,-127.61026010676245,644.8317402536469,-200.0,,,,,,,,,
old,PPO-QP,20260806,30,248,57,189.51607579277552,-25.329347758900056,64.67065224109994,17.754935395984212,4.086517674761294,188.44067640468046,hard_qp_solution,-149.4059966619978,625.161088012547,-200.0,,,,,,,,,
old,PPO-QP,20260806,30,248,58,188.44067640468046,-40.913482325238704,49.086517674761296,38.27543305090249,8.748806619082655,186.13835887334292,hard_qp_solution,-153.93399408555598,621.0745703377858,-200.0,,,,,,,,,
old,PPO-QP,20260806,30,248,59,186.13835887334292,-36.25119338091734,53.74880661908266,21.85477451770117,21.854774526039712,180.38710241912196,hard_qp_solution,-163.6279626385561,612.3257637187031,-200.0,,,,,,,,,
old,PPO-QP,20260806,30,248,60,180.38710241912196,-23.145225473960288,66.8547745260397,4.553908572892591,4.553908581371273,179.18870542402425,hard_qp_solution,-187.84377928790755,590.4709891926634,-200.0,,,,,,,,,
old,PPO-QP,20260806,30,248,61,179.18870542402425,-40.446091418628725,49.553908581371275,7.4114716213611445,7.41147162981664,177.23831815301986,hard_qp_solution,-192.88966137252947,585.9170806112921,-200.0,,,,,,,,,
old,PPO-QP,20260806,30,248,62,177.23831815301986,-37.58852837018336,52.41147162981664,32.67356331430924,32.673563322560504,168.64001201550394,hard_qp_solution,-201.10181830307428,578.5056089814755,-200.0,,,,,,,,,
old,PPO-QP,20260806,30,248,63,168.64001201550394,-12.326436677439496,77.67356332256051,21.531596551520956,21.531596559862304,162.97380239448754,hard_qp_solution,-237.3052125662992,545.8320456589149,-200.0,,,,,,,,,
old,PPO-QP,20260806,30,248,64,162.97380239448754,-23.468403440137696,66.53159655986231,11.059762670772107,11.059762679198288,160.0633385315406,hard_qp_solution,-261.1629372863683,524.3004490990526,-200.0,,,,,,,,,
old,PPO-QP,20260806,30,248,65,160.0633385315406,-33.940237320801714,56.059762679198286,25.076329381288726,25.076329389601586,153.46430448164546,hard_qp_solution,-273.41752197246063,513.2406864198543,-200.0,,,,,,,,,
old,PPO-QP,20260806,30,248,66,153.46430448164546,-19.923670610398414,70.07632938960158,24.134218798757956,24.134218807078426,147.11319426925638,hard_qp_solution,-301.2029284983349,488.1643570302527,-200.0,,,,,,,,,
old,PPO-QP,20260806,30,248,67,147.11319426925638,-20.865781192921574,69.13421880707843,13.597275153798899,13.597275162204452,143.5349639634131,hard_qp_solution,-327.9444451820784,464.0301382231742,-200.0,,,,,,,,,
old,PPO-QP,20260806,30,248,68,143.5349639634131,-31.402724837795546,58.597275162204454,4.044295788860798,4.044295797318758,142.47067559569766,hard_qp_solution,-343.01067804878693,450.4328630609698,-200.0,,,,,,,,,
old,PPO-QP,20260806,30,248,69,142.47067559569766,-40.95570420268124,49.04429579731876,4.372655230738993,4.372655239191017,141.31997684854213,hard_qp_solution,-347.49189222864146,446.38856726365105,-200.0,,,,,,,,,
old,PPO-QP,20260806,30,248,70,141.31997684854213,-40.62734476080898,49.37265523919102,-6.234325691173308,-6.2343256826451965,142.80062919817036,hard_qp_solution,-352.3369395850858,442.0159120244601,-200.0,,,,,,,,,
old,PPO-QP,20260806,30,248,71,142.80062919817036,-51.2343256826452,38.7656743173548,5.905277129674104,5.905277138095149,141.24660889867164,hard_qp_solution,-346.1026139024406,447.6423909530473,-200.0,,,,,,,,,
old,PPO-QP,20260806,30,248,72,141.24660889867164,-39.09472286190485,50.90527713809515,11.060032981572006,11.060032993679718,138.33607390033487,hard_qp_solution,-352.645857268751,441.7371138149522,-200.0,,,,,,,,,
old,PPO-QP,20260806,30,248,73,138.33607390033487,-33.93996700632028,56.06003299367972,6.031766746755858,6.031766758617791,136.74876685859334,hard_qp_solution,-364.90074147227426,430.67708082127245,-200.0,,,,,,,,,
old,PPO-QP,20260806,30,248,74,136.74876685859334,-38.96823324138221,51.03176675861779,8.632410638708334,8.632410650716924,134.47707984524678,hard_qp_solution,-371.5841395427649,424.6453140626547,-200.0,,,,,,,,,
old,PPO-QP,20260806,30,248,75,134.47707984524678,-36.36758934928308,53.63241065071692,4.482031686894657,4.482031698769129,133.2975978192549,hard_qp_solution,-381.1491374936978,416.0129034119377,-200.0,,,,,,,,,
old,PPO-QP,20260806,30,248,76,133.2975978192549,-40.51796830123087,49.48203169876913,10.92439369847619,10.92439371067984,130.42275736907598,hard_qp_solution,-386.11537760313735,411.53087171316855,-200.0,,,,,,,,,
old,PPO-QP,20260806,30,248,77,130.42275736907598,-34.07560628932016,55.92439371067984,3.8642248657963743,3.8642248778390176,129.40585608543412,hard_qp_solution,-398.2199689723117,400.6064780024887,-200.0,,,,,,,,,
old,PPO-QP,20260806,30,248,78,129.40585608543412,-41.13577512216098,48.86422487783902,2.2018900691188903,2.2018900810417787,128.82641132726525,hard_qp_solution,-402.5016585876458,396.74225312464966,-200.0,,,,,,,,,
old,PPO-QP,20260806,30,248,79,128.82641132726525,-42.79810991895822,47.20189008104178,2.8933055752964574,2.8933055873628355,128.06501512006452,hard_qp_solution,-404.9414259904621,394.5403630436079,-200.0,,,,,,,,,
old,PPO-QP,20260806,30,248,80,128.06501512006452,-42.10669441263717,47.89330558736283,-0.15290529064333921,-0.15290527873119783,128.10133012376318,hard_qp_solution,-408.1473047576231,391.64705745624514,-200.0,,,,,,,,,
old,PPO-QP,20260806,30,248,81,128.10133012376318,-45.1529052787312,44.8470947212688,-5.83233355564851,-5.832333543689975,129.48650934038955,hard_qp_solution,-407.9943994788919,391.78505447030005,-200.0,,,,,,,,,
old,PPO-QP,20260806,30,248,82,129.48650934038955,-50.83233354368998,39.16766645631002,-4.680404413981264,-4.680404401626925,130.59810538577594,hard_qp_solution,-402.16206593520195,397.04873549348025,-200.0,,,,,,,,,
old,PPO-QP,20260806,30,248,83,130.59810538577594,-49.68040440162692,40.31959559837308,-5.420939392326206,-5.42093938011588,131.88557848855345,hard_qp_solution,-397.481661533575,401.27280046594854,-200.0,,,,,,,,,
old,PPO-QP,20260806,30,248,84,131.88557848855345,-50.42093938011588,39.57906061988412,-12.682440002235268,-12.682439990622587,134.89765798632632,hard_qp_solution,-392.06072215345915,406.16519825650306,-200.0,,,,,,,,,
old,PPO-QP,20260806,30,248,85,134.89765798632632,-57.68243999062258,32.31756000937742,-10.64632460340265,-10.646324591136906,137.42616007672135,hard_qp_solution,-379.37828216283657,417.61110034804,-200.0,,,,,,,,,
old,PPO-QP,20260806,30,248,86,137.42616007672135,-55.6463245911369,34.3536754088631,-11.963080132152196,-11.963080119904244,140.2673916051986,hard_qp_solution,-368.73195757169964,427.2194082915411,-200.0,,,,,,,,,
old,PPO-QP,20260806,30,248,87,140.2673916051986,-56.96308011990425,33.03691988009575,-13.142332460059752,-13.14233244788056,143.38869556157024,hard_qp_solution,-356.76887745179533,438.0160880997547,-200.0,,,,,,,,,
old,PPO-QP,20260806,30,248,88,143.38869556157024,-58.14233244788056,31.857667552119437,-12.647735961807088,-12.64773594951416,146.39253284957985,hard_qp_solution,-343.62654500391477,449.87704313396694,-200.0,,,,,,,,,
old,PPO-QP,20260806,30,248,89,146.39253284957985,-57.64773594951416,32.35226405048584,-16.80822311052014,-16.80822309841042,150.38448583545232,hard_qp_solution,-330.97880905440064,461.2916248284034,-200.0,,,,,,,,,
old,PPO-QP,20260806,30,248,90,150.38448583545232,-61.80822309841042,28.19177690158958,-17.728546890378883,-17.728546877911047,154.5950157189562,hard_qp_solution,-314.17058595599025,476.46104617471883,-200.0,,,,,,,,,
old,PPO-QP,20260806,30,248,91,154.5950157189562,-62.72854687791104,27.271453122088953,-17.080755848163943,-17.080755835622174,158.65169522991647,hard_qp_solution,-296.4420390780792,473.46105973203356,-200.0,,,,,,,,,
old,PPO-QP,20260806,30,248,92,158.65169522991647,-62.08075583562217,27.919244164377826,-20.361002607134242,-20.361002594890213,163.4874333462029,hard_qp_solution,-190.71862396267858,398.62644187368255,-200.0,,,,,,,,,
old,PPO-QP,20260806,30,248,93,163.4874333462029,-59.55429726806547,24.638997405109787,-19.66590722048227,-19.665907207765667,168.15808630804725,hard_qp_solution,-59.55429726806547,326.75224671557095,-159.55429726806545,,,,,,,,,
old,PPO-QP,20260806,30,248,94,168.15808630804725,64.00072797057949,100.0,-20.80806582675844,64.00072797057949,151.31578947368422,hard_qp_solution,64.00072797057949,254.25072797057953,-35.99927202942051,,,,,,,,,
old,PPO-QP,20260806,30,248,95,151.31578947368422,19.00072797057949,100.0,-21.747524701217266,19.00072797057949,146.31559790247908,hard_qp_solution,100.00000000000003,100.00000000000003,2.842170943040401e-14,,,,,,,,,
fixed,PPO-QP,20260806,30,248,0,125.0,-45.0,45.0,2.9856184327301425,2.9856185501761128,124.21431090784839,hard_qp_solution,-421.0526315789474,380.0,-200.0,125.0,125.0,96.0,-100.0,100.0,3.7999999999999996e-08,0.0,0.0,0.0
fixed,PPO-QP,20260806,30,248,1,124.21431090784839,-42.01438144982389,47.98561855017611,-1.8502325170705591,-1.8502323922575323,124.65374110100954,hard_qp_solution,-424.3607961774805,377.0143814498239,-200.0,124.21431090784839,125.0,95.0,-100.0,100.0,3.7999999999999996e-08,0.0,0.0,0.0
fixed,PPO-QP,20260806,30,248,2,124.65374110100954,-46.85023239225753,43.14976760774247,1.5150673796489,1.5150673816906788,124.25503915845937,hard_qp_solution,-422.510563785223,378.68421618383627,-200.0,124.65374110100954,125.0,94.0,-100.0,100.0,3.7999999999999996e-08,0.0,0.0,0.0
fixed,PPO-QP,20260806,30,248,3,124.25503915845937,-43.48493261830932,46.51506738169068,9.107203806518545,9.107203818768554,121.85840657457291,hard_qp_solution,-424.1893088064869,377.16914880214557,-200.0,124.25503915845937,125.0,93.0,-100.0,100.0,3.7999999999999996e-08,0.0,0.0,0.0
fixed,PPO-QP,20260806,30,248,4,121.85840657457291,-35.892796181231446,54.107203818768554,13.390959220042454,13.39095923200999,118.33446993457028,hard_qp_solution,-434.2803933702194,368.06194498337703,-200.0,121.85840657457291,125.0,92.0,-100.0,100.0,3.7999999999999996e-08,0.0,0.0,0.0
fixed,PPO-QP,20260806,30,248,5,118.33446993457028,-31.60904076799001,58.39095923200999,21.126125121039085,21.126125132990968,112.77496332062529,hard_qp_solution,-449.11802132812517,354.670985751367,-200.0,118.33446993457028,125.0,91.0,-100.0,100.0,3.7999999999999996e-08,0.0,0.0,0.0
fixed,PPO-QP,20260806,30,248,6,112.77496332062529,-23.873874867009032,66.12612513299096,29.877144973145462,29.87714498487427,104.91255674565838,hard_qp_solution,-472.52647022894615,333.5448606183761,-200.0,112.77496332062529,125.0,90.0,-100.0,100.0,3.7999999999999996e-08,0.0,0.0,0.0
fixed,PPO-QP,20260806,30,248,7,104.91255674565838,-15.12285501512573,74.87714498487426,31.54521469549538,31.545214707149576,96.61118445430323,hard_qp_solution,-505.6313400182805,303.6677156335018,-200.0,104.91255674565838,125.0,89.0,-100.0,100.0,3.7999999999999996e-08,0.0,0.0,0.0
fixed,PPO-QP,20260806,30,248,8,96.61118445430323,-13.454785292850424,76.54521470714957,44.050986221746555,44.05098623364541,85.01881965597549,hard_qp_solution,-540.5844865081971,272.12250092635225,-200.0,96.61118445430323,125.0,88.0,-100.0,100.0,3.7999999999999996e-08,0.0,0.0,0.0
fixed,PPO-QP,20260806,30,248,9,85.01881965597549,-0.9490137663545894,89.0509862336454,47.312745065119124,47.31274507666665,72.568097267379,hard_qp_solution,-589.3944435537874,228.07151469270687,-200.0,85.01881965597549,125.0,87.0,-100.0,100.0,3.7999999999999996e-08,0.0,0.0,0.0
fixed,PPO-QP,20260806,30,248,10,72.568097267379,2.3127450766666513,92.31274507666666,47.98595388381657,47.98595389576548,59.94021466323019,hard_qp_solution,-641.818537821562,180.7587696160402,-200.0,72.568097267379,125.0,86.0,-100.0,100.0,3.7999999999999996e-08,0.0,0.0,0.0
fixed,PPO-QP,20260806,30,248,11,59.94021466323019,2.9859538957654834,92.98595389576548,46.32746234443543,46.327462356691704,47.748777200942904,hard_qp_solution,-694.9885698390308,132.77281572027474,-200.0,59.94021466323019,125.0,85.0,-100.0,100.0,3.7999999999999996e-08,0.0,0.0,0.0
fixed,PPO-QP,20260806,30,248,12,47.748777200942904,1.3274623566917043,86.44535336358302,52.908923899508466,52.90892391098871,33.82537617173535,hard_qp_solution,-746.3209381012931,86.44535336358302,-186.44535336358302,47.748777200942904,125.0,84.0,-100.0,86.44535336358302,3.7999999999999996e-08,0.0,0.0,0.0
fixed,PPO-QP,20260806,30,248,13,33.82537617173535,7.908923910988712,33.53642945259433,40.580402532348145,33.53642945259433,25.0,hard_qp_solution,-804.9457845400617,33.53642945259433,-133.53642945259432,33.82537617173535,125.0,83.0,-100.0,33.53642945259433,3.7999999999999996e-08,0.0,0.0,0.0
fixed,PPO-QP,20260806,30,248,14,25.0,-11.463570547405673,0.0,49.454605406533865,0.0,25.0,hard_qp_solution,-842.1052631578948,0.0,-100.0,25.0,125.0,82.0,-100.0,0.0,3.7999999999999996e-08,0.0,0.0,0.0
fixed,PPO-QP,20260806,30,248,15,25.0,-45.0,0.0,34.48156879150858,0.0,25.0,hard_qp_solution,-842.1052631578948,0.0,-100.0,25.0,125.0,81.0,-100.0,0.0,3.7999999999999996e-08,0.0,0.0,0.0
fixed,PPO-QP,20260806,30,248,16,25.0,-45.0,0.0,49.46668152937564,0.0,25.0,hard_qp_solution,-842.1052631578948,0.0,-100.0,25.0,125.0,80.0,-100.0,0.0,3.7999999999999996e-08,0.0,0.0,0.0
fixed,PPO-QP,20260806,30,248,17,25.0,-45.0,0.0,30.301018720966038,0.0,25.0,hard_qp_solution,-842.1052631578948,0.0,-100.0,25.0,125.0,79.0,-100.0,0.0,3.7999999999999996e-08,0.0,0.0,0.0
fixed,PPO-QP,20260806,30,248,18,25.0,-45.0,0.0,39.17244646951349,0.0,25.0,hard_qp_solution,-842.1052631578948,0.0,-100.0,25.0,125.0,78.0,-100.0,0.0,3.7999999999999996e-08,0.0,0.0,0.0
fixed,PPO-QP,20260806,30,248,19,25.0,-45.0,0.0,14.043883882691704,0.0,25.0,hard_qp_solution,-842.1052631578948,0.0,-100.0,25.0,125.0,77.0,-100.0,0.0,3.7999999999999996e-08,0.0,0.0,0.0
fixed,PPO-QP,20260806,30,248,20,25.0,-45.0,0.0,1.3608803187237961,0.0,25.0,hard_qp_solution,-842.1052631578948,0.0,-100.0,25.0,125.0,76.0,-100.0,0.0,3.7999999999999996e-08,0.0,0.0,0.0
fixed,PPO-QP,20260806,30,248,21,25.0,-45.0,0.0,-7.650888503270174,-7.650888489360121,26.81708601622303,hard_qp_solution,-842.1052631578948,0.0,-100.0,25.0,125.0,75.0,-100.0,0.0,3.7999999999999996e-08,0.0,0.0,0.0
fixed,PPO-QP,20260806,30,248,22,26.81708601622303,-52.65088848936012,6.904926861647513,-2.3371057097052605,-2.337105696628018,27.372148619172183,hard_qp_solution,-834.4543746685347,6.904926861647513,-106.90492686164751,26.81708601622303,125.0,74.0,-100.0,6.904926861647513,3.7999999999999996e-08,0.0,0.0,0.0
fixed,PPO-QP,20260806,30,248,23,27.372148619172183,-47.337105696628015,9.014164752854295,7.58970488505314,7.58970490139376,25.37485785564751,hard_qp_solution,-832.1172689719067,9.014164752854295,-109.0141647528543,27.372148619172183,125.0,73.0,-100.0,9.014164752854295,3.7999999999999996e-08,0.0,0.0,0.0
fixed,PPO-QP,20260806,30,248,24,25.37485785564751,-37.41029509860624,1.4244598514605336,8.932970287646754,1.4244598514605336,25.0,hard_qp_solution,-840.5269142920105,1.4244598514605336,-101.42445985146054,25.37485785564751,125.0,72.0,-100.0,1.4244598514605336,3.7999999999999996e-08,0.0,0.0,0.0
fixed,PPO-QP,20260806,30,248,25,25.0,-43.57554014853947,0.0,18.22134933703775,0.0,25.0,hard_qp_solution,-842.1052631578948,0.0,-100.0,25.0,125.0,71.0,-100.0,0.0,3.7999999999999996e-08,0.0,0.0,0.0
fixed,PPO-QP,20260806,30,248,26,25.0,-45.0,0.0,14.84227839002915,0.0,25.0,hard_qp_solution,-842.1052631578948,0.0,-100.0,25.0,125.0,70.0,-100.0,0.0,3.7999999999999996e-08,0.0,0.0,0.0
fixed,PPO-QP,20260806,30,248,27,25.0,-45.0,0.0,18.21090043374845,0.0,25.0,hard_qp_solution,-842.1052631578948,0.0,-100.0,25.0,125.0,69.0,-100.0,0.0,3.7999999999999996e-08,0.0,0.0,0.0
fixed,PPO-QP,20260806,30,248,28,25.0,-45.0,0.0,-3.9690499563428725,-3.9690499480119934,25.942649362652848,hard_qp_solution,-842.1052631578948,0.0,-100.0,25.0,125.0,68.0,-100.0,0.0,3.7999999999999996e-08,0.0,0.0,0.0
fixed,PPO-QP,20260806,30,248,29,25.942649362652848,-48.96904994801199,3.582067578080821,10.268678774924451,3.5820675780808204,25.0,hard_qp_solution,-838.1362132098828,3.582067578080821,-103.58206757808082,25.942649362652848,125.0,67.0,-100.0,3.582067578080821,3.7999999999999996e-08,0.0,0.0,0.0
fixed,PPO-QP,20260806,30,248,30,25.0,-41.41793242191918,0.0,-13.218548889446973,-13.218548881213781,28.139405359288272,hard_qp_solution,-842.1052631578948,0.0,-100.0,25.0,125.0,66.0,-100.0,0.0,3.7999999999999996e-08,0.0,0.0,0.0
fixed,PPO-QP,20260806,30,248,31,28.139405359288272,-58.21854888121378,11.929740365295434,11.243941366534806,11.243941375016925,25.180473418494344,hard_qp_solution,-828.886714276681,11.929740365295434,-111.92974036529543,28.139405359288272,125.0,65.0,-100.0,11.929740365295434,3.7999999999999996e-08,0.0,0.0,0.0
fixed,PPO-QP,20260806,30,248,32,25.180473418494344,-33.756058624983076,0.6857989902785079,-16.499717171753854,-16.49971716356832,29.09915624484182,hard_qp_solution,-841.3453750800239,0.6857989902785079,-100.68579899027851,25.180473418494344,125.0,64.0,-100.0,0.6857989902785079,3.7999999999999996e-08,0.0,0.0,0.0
fixed,PPO-QP,20260806,30,248,33,29.09915624484182,-61.49971716356832,15.57679373039891,-0.04860186360576721,-0.04860185546153752,29.110699185513933,hard_qp_solution,-824.8456579164555,15.57679373039891,-115.5767937303989,29.09915624484182,125.0,63.0,-100.0,15.57679373039891,3.7999999999999996e-08,0.0,0.0,0.0
fixed,PPO-QP,20260806,30,248,34,29.110699185513933,-45.048601855461534,15.620656904952947,-21.331562514095793,-21.331562505905428,34.17694528066647,hard_qp_solution,-824.797056060994,15.620656904952947,-115.62065690495295,29.110699185513933,125.0,62.0,-100.0,15.620656904952947,3.7999999999999996e-08,0.0,0.0,0.0
fixed,PPO-QP,20260806,30,248,35,34.17694528066647,-66.33156250590542,23.668437494094572,-8.377102997811319,-8.377102989648703,36.16650724070804,hard_qp_solution,-803.4654935550885,34.8723920665326,-134.8723920665326,34.17694528066647,125.0,61.0,-100.0,34.8723920665326,3.7999999999999996e-08,0.0,0.0,0.0
fixed,PPO-QP,20260806,30,248,36,36.16650724070804,-53.377102989648705,36.622897010351295,-28.961481829415252,-28.961481821208512,43.044859173245065,hard_qp_solution,-795.0883905654399,42.43272751469056,-142.43272751469055,36.16650724070804,125.0,60.0,-100.0,42.43272751469056,3.7999999999999996e-08,0.0,0.0,0.0
fixed,PPO-QP,20260806,30,248,37,43.044859173245065,-73.96148182120851,16.038518178791488,-27.153645037886115,-27.153645029683204,49.49384986779483,hard_qp_solution,-766.1269087442313,68.57046485833125,-168.57046485833126,43.044859173245065,125.0,59.0,-100.0,68.57046485833125,3.7999999999999996e-08,0.0,0.0,0.0
fixed,PPO-QP,20260806,30,248,38,49.49384986779483,-72.1536450296832,17.846354970316796,-26.785442312075425,-26.785442303873168,55.855392414964705,hard_qp_solution,-738.9732637145481,93.07662949762035,-193.07662949762033,49.49384986779483,125.0,58.0,-100.0,93.07662949762035,3.7999999999999996e-08,0.0,0.0,0.0
fixed,PPO-QP,20260806,30,248,39,55.855392414964705,-71.78544230387317,18.214557696126832,-18.78499024043344,-18.784990232248493,60.31682759512372,hard_qp_solution,-712.1878214106749,117.25049117686588,-200.0,55.855392414964705,125.0,57.0,-100.0,100.0,3.7999999999999996e-08,0.0,0.0,0.0
fixed,PPO-QP,20260806,30,248,40,60.31682759512372,-63.78499023224849,26.215009767751507,-31.530129695683108,-36.03628538218593,68.87544537339288,hard_qp_solution,-693.4028311784265,134.20394486147012,-200.0,60.31682759512372,125.0,56.0,-100.0,100.0,3.7999999999999996e-08,0.0,0.0,0.0
fixed,PPO-QP,20260806,30,248,41,68.87544537339288,-81.03628538218592,8.96371461781407,-39.951827659020374,-39.951827650790094,78.36400444045553,hard_qp_solution,-657.3665457962405,166.72669241889292,-200.0,68.87544537339288,125.0,55.0,-100.0,100.0,3.7999999999999996e-08,0.0,0.0,0.0
fixed,PPO-QP,20260806,30,248,42,78.36400444045553,-84.9518276507901,5.048172349209906,-56.14624571696096,-56.1462457088136,91.69873779629876,hard_qp_solution,-617.4147181454505,202.78321687373102,-200.0,78.36400444045553,125.0,54.0,-100.0,100.0,3.7999999999999996e-08,0.0,0.0,0.0
fixed,PPO-QP,20260806,30,248,43,91.69873779629876,-100.0,-11.146245708813602,-42.88711839629638,-42.88711838805931,101.88442841346284,hard_qp_solution,-561.2684724366368,253.45520362593527,-200.0,91.69873779629876,125.0,53.0,-100.0,100.0,3.7999999999999996e-08,0.0,0.0,0.0
fixed,PPO-QP,20260806,30,248,44,101.88442841346284,-87.8871183880593,2.1128816119406935,-34.23000064373294,-41.39259398159786,111.71516948409233,hard_qp_solution,-518.3813540485776,292.16082797115877,-200.0,101.88442841346284,125.0,52.0,-100.0,100.0,3.7999999999999996e-08,0.0,0.0,0.0
fixed,PPO-QP,20260806,30,248,45,111.71516948409233,-86.39259398159786,3.6074060184021377,-40.62772715180773,-57.88800357024964,125.46357033202662,hard_qp_solution,-476.9887600669797,329.5176440395508,-200.0,111.71516948409233,125.0,51.0,-100.0,100.0,3.7999999999999996e-08,0.0,0.0,0.0
fixed,PPO-QP,20260806,30,248,46,125.46357033202662,-100.0,-12.888003570249637,-39.14632403711113,-39.14632402903352,134.76082228892207,hard_qp_solution,-419.10075649673,381.76156726170115,-200.0,125.46357033202662,125.0,50.0,-100.0,100.0,3.7999999999999996e-08,0.0,0.0,0.0
fixed,PPO-QP,20260806,30,248,47,134.76082228892207,-84.14632402903352,5.853675970966478,-13.686206522081573,-83.14603251311607,154.50800501078714,phase2_solution,-379.95443246769656,417.09112469790387,-200.0,134.76082228892207,125.0,49.0,-100.0,100.0,3.7999999999999996e-08,0.0,0.0,0.0
fixed,PPO-QP,20260806,30,248,48,154.50800501078714,-100.0,-38.14603251311607,-12.338370739140046,-54.02117599535232,167.3380343096833,hard_qp_solution,-296.80839995458047,492.1304190409911,-200.0,154.50800501078714,125.0,48.0,-100.0,100.0,3.7999999999999996e-08,0.0,0.0,0.0
fixed,PPO-QP,20260806,30,248,49,167.3380343096833,-99.02117599535232,-9.021175995352323,-7.350158453025944,-46.58444502164147,178.40184000232315,hard_qp_solution,-242.78722395922819,540.8845303767965,-200.0,167.3380343096833,125.0,47.0,-100.0,100.0,3.7999999999999996e-08,0.0,0.0,0.0
fixed,PPO-QP,20260806,30,248,50,178.40184000232315,-91.58444502164147,-1.5844450216414714,-12.632743104670253,-24.40093945430157,184.19706312271978,hard_qp_solution,-196.20277893758671,582.9269920088279,-200.0,178.40184000232315,125.0,46.0,-100.0,100.0,3.7999999999999996e-08,0.0,0.0,0.0
fixed,PPO-QP,20260806,30,248,51,184.19706312271978,-69.40093945430158,20.59906054569843,2.978563541234309,-55.84481782474582,197.4602073560969,hard_qp_solution,-171.80183948328514,604.9488398663351,-200.0,184.19706312271978,125.0,45.0,-100.0,100.0,3.7999999999999996e-08,0.0,0.0,0.0
fixed,PPO-QP,20260806,30,248,52,197.4602073560969,-100.0,-10.844817824745817,-4.350816227553021,-10.844817824745817,200.03585158947402,hard_qp_solution,-115.95702165853936,655.3487879531682,-200.0,197.4602073560969,125.0,44.0,-100.0,100.0,3.7999999999999996e-08,0.0,0.0,0.0
fixed,PPO-QP,20260806,30,248,53,200.03585158947402,-55.84481782474582,34.15518217525418,4.000639386106554,4.000639394334222,198.98305174885976,hard_qp_solution,-105.1122038337936,665.1362360400012,-200.0,200.03585158947402,125.0,43.0,-100.0,100.0,3.7999999999999996e-08,0.0,0.0,0.0
fixed,PPO-QP,20260806,30,248,54,198.98305174885976,-40.99936060566578,49.00063939433422,15.59227110071874,6.8064696425807965,197.191875527128,hard_qp_solution,-109.54504526795888,661.1355966456671,-200.0,198.98305174885976,125.0,42.0,-100.0,100.0,3.7999999999999996e-08,0.0,0.0,0.0
fixed,PPO-QP,20260806,30,248,55,197.191875527128,-38.193530357419206,51.806469642580794,20.71306857674646,9.497386749439517,194.69256322464392,hard_qp_solution,-117.08683988577688,654.3291270030863,-200.0,197.191875527128,125.0,41.0,-100.0,100.0,3.7999999999999996e-08,0.0,0.0,0.0
fixed,PPO-QP,20260806,30,248,56,194.69256322464392,-35.502613250560486,54.497386749439514,19.670652232743514,19.670652241099944,189.51607579277552,hard_qp_solution,-127.61026010676245,644.8317402536469,-200.0,194.69256322464392,125.0,40.0,-100.0,100.0,3.7999999999999996e-08,0.0,0.0,0.0
fixed,PPO-QP,20260806,30,248,57,189.51607579277552,-25.329347758900056,64.67065224109994,17.754935395984212,4.086517674761294,188.44067640468046,hard_qp_solution,-149.4059966619978,625.161088012547,-200.0,189.51607579277552,125.0,39.0,-100.0,100.0,3.7999999999999996e-08,0.0,0.0,0.0
fixed,PPO-QP,20260806,30,248,58,188.44067640468046,-40.913482325238704,49.086517674761296,38.27543305090249,8.748806619082655,186.13835887334292,hard_qp_solution,-153.93399408555598,621.0745703377858,-200.0,188.44067640468046,125.0,38.0,-100.0,100.0,3.7999999999999996e-08,0.0,0.0,0.0
fixed,PPO-QP,20260806,30,248,59,186.13835887334292,-36.25119338091734,53.74880661908266,21.85477451770117,21.854774526039712,180.38710241912196,hard_qp_solution,-163.6279626385561,612.3257637187031,-200.0,186.13835887334292,125.0,37.0,-100.0,100.0,3.7999999999999996e-08,0.0,0.0,0.0
fixed,PPO-QP,20260806,30,248,60,180.38710241912196,-23.145225473960288,66.8547745260397,4.553908572892591,4.553908581371273,179.18870542402425,hard_qp_solution,-187.84377928790755,590.4709891926634,-200.0,180.38710241912196,125.0,36.0,-100.0,100.0,3.7999999999999996e-08,0.0,0.0,0.0
fixed,PPO-QP,20260806,30,248,61,179.18870542402425,-40.446091418628725,49.553908581371275,7.4114716213611445,7.41147162981664,177.23831815301986,hard_qp_solution,-192.88966137252947,585.9170806112921,-200.0,179.18870542402425,125.0,35.0,-100.0,100.0,3.7999999999999996e-08,0.0,0.0,0.0
fixed,PPO-QP,20260806,30,248,62,177.23831815301986,-37.58852837018336,52.41147162981664,32.67356331430924,32.673563322560504,168.64001201550394,hard_qp_solution,-201.10181830307428,578.5056089814755,-200.0,177.23831815301986,125.0,34.0,-100.0,100.0,3.7999999999999996e-08,0.0,0.0,0.0
fixed,PPO-QP,20260806,30,248,63,168.64001201550394,-12.326436677439496,77.67356332256051,21.531596551520956,21.531596559862304,162.97380239448754,hard_qp_solution,-237.3052125662992,545.8320456589149,-200.0,168.64001201550394,125.0,33.0,-100.0,100.0,3.7999999999999996e-08,0.0,0.0,0.0
fixed,PPO-QP,20260806,30,248,64,162.97380239448754,-23.468403440137696,66.53159655986231,11.059762670772107,11.059762679198288,160.0633385315406,hard_qp_solution,-261.1629372863683,524.3004490990526,-200.0,162.97380239448754,125.0,32.0,-100.0,100.0,3.7999999999999996e-08,0.0,0.0,0.0
fixed,PPO-QP,20260806,30,248,65,160.0633385315406,-33.940237320801714,56.059762679198286,25.076329381288726,25.076329389601586,153.46430448164546,hard_qp_solution,-273.41752197246063,513.2406864198543,-200.0,160.0633385315406,125.0,31.0,-100.0,100.0,3.7999999999999996e-08,0.0,0.0,0.0
fixed,PPO-QP,20260806,30,248,66,153.46430448164546,-19.923670610398414,70.07632938960158,24.134218798757956,24.134218807078426,147.11319426925638,hard_qp_solution,-301.2029284983349,488.1643570302527,-200.0,153.46430448164546,125.0,30.0,-100.0,100.0,3.7999999999999996e-08,0.0,0.0,0.0
fixed,PPO-QP,20260806,30,248,67,147.11319426925638,-20.865781192921574,69.13421880707843,13.597275153798899,13.597275162204452,143.5349639634131,hard_qp_solution,-327.9444451820784,464.0301382231742,-200.0,147.11319426925638,125.0,29.0,-100.0,100.0,3.7999999999999996e-08,0.0,0.0,0.0
fixed,PPO-QP,20260806,30,248,68,143.5349639634131,-31.402724837795546,58.597275162204454,4.044295788860798,4.044295797318758,142.47067559569766,hard_qp_solution,-343.01067804878693,450.4328630609698,-200.0,143.5349639634131,125.0,28.0,-100.0,100.0,3.7999999999999996e-08,0.0,0.0,0.0
fixed,PPO-QP,20260806,30,248,69,142.47067559569766,-40.95570420268124,49.04429579731876,4.372655230738993,4.372655239191017,141.31997684854213,hard_qp_solution,-347.49189222864146,446.38856726365105,-200.0,142.47067559569766,125.0,27.0,-100.0,100.0,3.7999999999999996e-08,0.0,0.0,0.0
fixed,PPO-QP,20260806,30,248,70,141.31997684854213,-40.62734476080898,49.37265523919102,-6.234325691173308,-6.2343256826451965,142.80062919817036,hard_qp_solution,-352.3369395850858,442.0159120244601,-200.0,141.31997684854213,125.0,26.0,-100.0,100.0,3.7999999999999996e-08,0.0,0.0,0.0
fixed,PPO-QP,20260806,30,248,71,142.80062919817036,-51.2343256826452,38.7656743173548,5.905277129674104,5.905277138095149,141.24660889867164,hard_qp_solution,-346.1026139024406,447.6423909530473,-200.0,142.80062919817036,125.0,25.0,-100.0,100.0,3.7999999999999996e-08,0.0,0.0,0.0
fixed,PPO-QP,20260806,30,248,72,141.24660889867164,-39.09472286190485,50.90527713809515,11.060032981572006,11.060032993679718,138.33607390033487,hard_qp_solution,-352.645857268751,441.7371138149522,-200.0,141.24660889867164,125.0,24.0,-100.0,100.0,3.7999999999999996e-08,0.0,0.0,0.0
fixed,PPO-QP,20260806,30,248,73,138.33607390033487,-33.93996700632028,56.06003299367972,6.031766746755858,6.031766758617791,136.74876685859334,hard_qp_solution,-364.90074147227426,430.67708082127245,-200.0,138.33607390033487,125.0,23.0,-100.0,100.0,3.7999999999999996e-08,0.0,0.0,0.0
fixed,PPO-QP,20260806,30,248,74,136.74876685859334,-38.96823324138221,51.03176675861779,8.632410638708334,8.632410650716924,134.47707984524678,hard_qp_solution,-371.5841395427649,424.6453140626547,-200.0,136.74876685859334,125.0,22.0,-100.0,100.0,3.7999999999999996e-08,0.0,0.0,0.0
fixed,PPO-QP,20260806,30,248,75,134.47707984524678,-36.36758934928308,53.63241065071692,4.482031686894657,4.482031698769129,133.2975978192549,hard_qp_solution,-381.1491374936978,416.0129034119377,-200.0,134.47707984524678,125.0,21.0,-100.0,100.0,3.7999999999999996e-08,0.0,0.0,0.0
fixed,PPO-QP,20260806,30,248,76,133.2975978192549,-40.51796830123087,49.48203169876913,10.92439369847619,10.92439371067984,130.42275736907598,hard_qp_solution,-386.11537760313735,411.53087171316855,-200.0,133.2975978192549,125.0,20.0,-100.0,100.0,3.7999999999999996e-08,0.0,0.0,0.0
fixed,PPO-QP,20260806,30,248,77,130.42275736907598,-34.07560628932016,55.92439371067984,3.8642248657963743,3.8642248778390176,129.40585608543412,hard_qp_solution,-398.2199689723117,400.6064780024887,-200.0,130.42275736907598,125.0,19.0,-100.0,100.0,3.7999999999999996e-08,0.0,0.0,0.0
fixed,PPO-QP,20260806,30,248,78,129.40585608543412,-41.13577512216098,48.86422487783902,2.2018900691188903,2.2018900810417787,128.82641132726525,hard_qp_solution,-402.5016585876458,396.74225312464966,-200.0,129.40585608543412,125.0,18.0,-100.0,100.0,3.7999999999999996e-08,0.0,0.0,0.0
fixed,PPO-QP,20260806,30,248,79,128.82641132726525,-42.79810991895822,47.20189008104178,2.8933055752964574,2.8933055873628355,128.06501512006452,hard_qp_solution,-404.9414259904621,394.5403630436079,-200.0,128.82641132726525,125.0,17.0,-100.0,100.0,3.7999999999999996e-08,0.0,0.0,0.0
fixed,PPO-QP,20260806,30,248,80,128.06501512006452,-42.10669441263717,47.89330558736283,-0.15290529064333921,-0.15290527873119783,128.10133012376318,hard_qp_solution,-408.1473047576231,391.64705745624514,-200.0,128.06501512006452,125.0,16.0,-100.0,100.0,3.7999999999999996e-08,0.0,0.0,0.0
fixed,PPO-QP,20260806,30,248,81,128.10133012376318,-45.1529052787312,44.8470947212688,-5.83233355564851,-5.832333543689975,129.48650934038955,hard_qp_solution,-407.9943994788919,391.78505447030005,-200.0,128.10133012376318,125.0,15.0,-100.0,100.0,3.7999999999999996e-08,0.0,0.0,0.0
fixed,PPO-QP,20260806,30,248,82,129.48650934038955,-50.83233354368998,39.16766645631002,-4.680404413981264,-4.680404401626925,130.59810538577594,hard_qp_solution,-402.16206593520195,397.04873549348025,-200.0,129.48650934038955,125.0,14.0,-100.0,100.0,3.7999999999999996e-08,0.0,0.0,0.0
fixed,PPO-QP,20260806,30,248,83,130.59810538577594,-49.68040440162692,40.31959559837308,-5.420939392326206,-5.42093938011588,131.88557848855345,hard_qp_solution,-397.481661533575,401.27280046594854,-200.0,130.59810538577594,125.0,13.0,-100.0,100.0,3.7999999999999996e-08,0.0,0.0,0.0
fixed,PPO-QP,20260806,30,248,84,131.88557848855345,-50.42093938011588,39.57906061988412,-12.682440002235268,-12.682439990622587,134.89765798632632,hard_qp_solution,-392.06072215345915,406.16519825650306,-200.0,131.88557848855345,125.0,12.0,-100.0,100.0,3.7999999999999996e-08,0.0,0.0,0.0
fixed,PPO-QP,20260806,30,248,85,134.89765798632632,-57.68243999062258,32.31756000937742,-10.64632460340265,-10.646324591136906,137.42616007672135,hard_qp_solution,-379.37828216283657,417.61110034804,-200.0,134.89765798632632,125.0,11.0,-100.0,100.0,3.7999999999999996e-08,0.0,0.0,0.0
fixed,PPO-QP,20260806,30,248,86,137.42616007672135,-55.6463245911369,34.3536754088631,-11.963080132152196,-11.963080119904244,140.2673916051986,hard_qp_solution,-368.73195757169964,427.2194082915411,-200.0,137.42616007672135,125.0,10.0,-100.0,100.0,3.7999999999999996e-08,0.0,0.0,0.0
fixed,PPO-QP,20260806,30,248,87,140.2673916051986,-56.96308011990425,33.03691988009575,-13.142332460059752,-13.14233244788056,143.38869556157024,hard_qp_solution,-356.76887745179533,438.0160880997547,-200.0,140.2673916051986,125.0,9.0,-100.0,100.0,3.7999999999999996e-08,0.0,0.0,0.0
fixed,PPO-QP,20260806,30,248,88,143.38869556157024,-58.14233244788056,31.857667552119437,-12.647735961807088,-12.64773594951416,146.39253284957985,hard_qp_solution,-343.62654500391477,449.87704313396694,-200.0,143.38869556157024,125.0,8.0,-100.0,100.0,3.7999999999999996e-08,0.0,0.0,0.0
fixed,PPO-QP,20260806,30,248,89,146.39253284957985,-57.64773594951416,32.35226405048584,-16.80822311052014,-16.80822309841042,150.38448583545232,hard_qp_solution,-330.97880905440064,461.2916248284034,-200.0,146.39253284957985,125.0,7.0,-100.0,100.0,3.7999999999999996e-08,0.0,0.0,0.0
fixed,PPO-QP,20260806,30,248,90,150.38448583545232,-61.80822309841042,28.19177690158958,-17.728546890378883,-17.728546877911047,154.5950157189562,hard_qp_solution,-314.17058595599025,476.46104617471883,-200.0,150.38448583545232,125.0,6.0,-100.0,100.0,3.7999999999999996e-08,0.0,0.0,0.0
fixed,PPO-QP,20260806,30,248,91,154.5950157189562,-62.72854687791104,27.271453122088953,-17.080755848163943,-17.080755835622174,158.65169522991647,hard_qp_solution,-296.4420390780792,473.46105973203356,-200.0,154.5950157189562,125.0,5.0,-100.0,100.0,3.7999999999999996e-08,0.0,0.0,0.0
fixed,PPO-QP,20260806,30,248,92,158.65169522991647,-62.08075583562217,27.919244164377826,-20.361002607134242,-20.361002594890213,163.4874333462029,hard_qp_solution,-190.71862396267858,398.62644187368255,-200.0,158.65169522991647,125.0,4.0,-100.0,100.0,3.7999999999999996e-08,0.0,0.0,0.0
fixed,PPO-QP,20260806,30,248,93,163.4874333462029,-59.55429726806547,24.638997405109787,-19.66590722048227,-19.665907207765667,168.15808630804725,hard_qp_solution,-59.55429726806547,326.75224671557095,-159.55429726806545,163.4874333462029,125.0,3.0,-100.0,100.0,3.7999999999999996e-08,0.0,0.0,0.0
fixed,PPO-QP,20260806,30,248,94,168.15808630804725,64.00072797057949,100.0,-20.80806582675844,64.00072797057949,151.31578947368422,hard_qp_solution,64.00072797057949,254.25072797057953,-35.99927202942051,168.15808630804725,125.0,2.0,-100.0,100.0,3.7999999999999996e-08,0.0,1.0,38.66663517834516
fixed,PPO-QP,20260806,30,248,95,151.31578947368422,100.0,100.0,-21.747524701217266,100.0,125.0,hard_qp_solution,100.00000000000003,100.00000000000003,2.842170943040401e-14,151.31578947368422,125.0,1.0,-100.0,100.0,3.7999999999999996e-08,1.0,0.0,0.0
old,PPO-QP,20260806,30,249,0,125.0,-45.0,45.0,-2.9076498634775008,-2.90764973985214,125.69056681321489,hard_qp_solution,-421.0526315789474,380.0,-200.0,,,,,,,,,
old,PPO-QP,20260806,30,249,1,125.69056681321489,-47.90764973985214,42.09235026014786,-2.6596908574700584,-2.6596907363405267,126.32224336309577,hard_qp_solution,-418.14498183909524,382.6241538902166,-200.0,,,,,,,,,
old,PPO-QP,20260806,30,249,2,126.32224336309577,-47.65969073634053,42.34030926365947,-1.809130058524454,-1.809130056563234,126.75191175152953,hard_qp_solution,-415.4852911027547,385.0245247797639,-200.0,,,,,,,,,
old,PPO-QP,20260806,30,249,3,126.75191175152953,-46.809130056563234,43.190869943436766,-0.23461278261158622,-0.23461277072366393,126.8076322845764,hard_qp_solution,-413.67616104619145,386.6572646558122,-200.0,,,,,,,,,
old,PPO-QP,20260806,30,249,4,126.8076322845764,-45.234612770723665,44.765387229276335,9.278877143222553,9.278877155599012,124.36582250678718,hard_qp_solution,-413.4415482754678,386.8690026813903,-200.0,,,,,,,,,
old,PPO-QP,20260806,30,249,5,124.36582250678718,-35.72112284440099,54.27887715559901,7.432449178497648,7.4324491903146885,122.40991482512543,hard_qp_solution,-423.72285260300134,377.5901255257913,-200.0,,,,,,,,,
old,PPO-QP,20260806,30,249,6,122.40991482512543,-37.567550809685315,52.432449190314685,12.497760690709955,12.49776070276311,119.12103042966145,hard_qp_solution,-431.95825336789295,370.1576763354766,-200.0,,,,,,,,,
old,PPO-QP,20260806,30,249,7,119.12103042966145,-32.50223929723689,57.49776070276311,9.764899834463204,9.764899846217547,116.55131994381472,hard_qp_solution,-445.80618766458343,357.6599156327135,-200.0,,,,,,,,,
old,PPO-QP,20260806,30,249,8,116.55131994381472,-35.235100153782454,54.764899846217546,18.283799886294705,18.283799898397607,111.73979365476272,hard_qp_solution,-456.6260212892012,347.8950157864959,-200.0,,,,,,,,,
old,PPO-QP,20260806,30,249,9,111.73979365476272,-26.716200101602393,63.283799898397604,14.477059158314376,14.477059170126926,107.93004124157143,hard_qp_solution,-476.8850793483675,329.61121588809834,-200.0,,,,,,,,,
old,PPO-QP,20260806,30,249,10,107.93004124157143,-30.522940829873072,59.47705917012693,17.074467820952567,17.07446783272465,103.43676023295968,hard_qp_solution,-492.9261421407519,315.1341567179714,-200.0,,,,,,,,,
old,PPO-QP,20260806,30,249,11,103.43676023295968,-27.92553216727535,62.07446783272465,16.62367238603815,16.62367239781387,99.06210960195604,hard_qp_solution,-511.8452200717487,298.05968888524677,-200.0,,,,,,,,,
old,PPO-QP,20260806,30,249,12,99.06210960195604,-28.37632760218613,61.62367239781387,21.343528904538424,21.343528916275808,93.44539146609398,hard_qp_solution,-530.2648016759746,281.43601648743294,-200.0,,,,,,,,,
old,PPO-QP,20260806,30,249,13,93.44539146609398,-23.656471083724192,66.3435289162758,28.34630377697706,28.346303788657472,85.9858378374999,hard_qp_solution,-553.9141411953938,260.0924875711571,-200.0,,,,,,,,,
old,PPO-QP,20260806,30,249,14,85.9858378374999,-16.653696211342528,73.34630378865748,36.369397404411515,36.369397416026516,76.41494378065082,hard_qp_solution,-585.3227880526321,231.7461837824996,-200.0,,,,,,,,,
old,PPO-QP,20260806,30,249,15,76.41494378065082,-8.630602583973484,81.36939741602652,29.825525379313632,29.82552539190228,68.56612130909758,hard_qp_solution,-625.6212893446282,195.37678636647308,-200.0,,,,,,,,,
old,PPO-QP,20260806,30,249,16,68.56612130909758,-15.174474608097722,74.82552539190227,46.86521819741193,46.86521820983327,56.23316914861514,hard_qp_solution,-658.6689629090629,165.5512609745708,-200.0,,,,,,,,,
old,PPO-QP,20260806,30,249,17,56.23316914861514,1.865218209833273,91.86521820983327,47.31591587244218,47.315915884408724,43.78161233692863,hard_qp_solution,-710.5971825321468,118.68604276473752,-200.0,,,,,,,,,
old,PPO-QP,20260806,30,249,18,43.78161233692863,2.3159158844087244,71.3701268803288,50.2697095135033,50.269709526658644,30.552741408860566,hard_qp_solution,-763.0247901603005,71.3701268803288,-171.3701268803288,,,,,,,,,
old,PPO-QP,20260806,30,249,19,30.552741408860566,5.2697095266586444,21.10041735367015,31.545887966077853,21.10041735367015,25.0,hard_qp_solution,-818.7252993311134,21.10041735367015,-121.10041735367015,,,,,,,,,
old,PPO-QP,20260806,30,249,20,25.0,-23.89958264632985,0.0,32.69916979202562,0.0,25.0,hard_qp_solution,-842.1052631578948,0.0,-100.0,,,,,,,,,
old,PPO-QP,20260806,30,249,21,25.0,-45.0,0.0,34.48864723898821,0.0,25.0,hard_qp_solution,-842.1052631578948,0.0,-100.0,,,,,,,,,
old,PPO-QP,20260806,30,249,22,25.0,-45.0,0.0,29.978752865746216,0.0,25.0,hard_qp_solution,-842.1052631578948,0.0,-100.0,,,,,,,,,
old,PPO-QP,20260806,30,249,23,25.0,-45.0,0.0,19.7435167370496,0.0,25.0,hard_qp_solution,-842.1052631578948,0.0,-100.0,,,,,,,,,
old,PPO-QP,20260806,30,249,24,25.0,-45.0,0.0,42.431112583791666,0.0,25.0,hard_qp_solution,-842.1052631578948,0.0,-100.0,,,,,,,,,
old,PPO-QP,20260806,30,249,25,25.0,-45.0,0.0,35.764098945136794,0.0,25.0,hard_qp_solution,-842.1052631578948,0.0,-100.0,,,,,,,,,
old,PPO-QP,20260806,30,249,26,25.0,-45.0,0.0,41.34443095349416,0.0,25.0,hard_qp_solution,-842.1052631578948,0.0,-100.0,,,,,,,,,
old,PPO-QP,20260806,30,249,27,25.0,-45.0,0.0,20.661481702567613,0.0,25.0,hard_qp_solution,-842.1052631578948,0.0,-100.0,,,,,,,,,
old,PPO-QP,20260806,30,249,28,25.0,-45.0,0.0,-19.127734261242068,-19.127734253056463,29.54283688510091,hard_qp_solution,-842.1052631578948,0.0,-100.0,,,,,,,,,
old,PPO-QP,20260806,30,249,29,29.54283688510091,-64.12773425305646,17.26278016338346,-7.328952263118358,-7.328952254958289,31.283463045653505,hard_qp_solution,-822.9775289048383,17.26278016338346,-117.26278016338347,,,,,,,,,
old,PPO-QP,20260806,30,249,30,31.283463045653505,-52.32895225495829,23.87715957348332,-25.905529434138757,-25.905529425938624,37.436026284313925,hard_qp_solution,-815.64857664988,23.87715957348332,-123.87715957348331,,,,,,,,,
old,PPO-QP,20260806,30,249,31,37.436026284313925,-70.90552942593862,19.094470574061376,-4.915719006659762,-4.915718998504469,38.60350954645874,hard_qp_solution,-789.7430472239414,47.256899880392915,-147.25689988039292,,,,,,,,,
old,PPO-QP,20260806,30,249,32,38.60350954645874,-49.91571899850447,40.08428100149553,-24.108474499798348,-24.1084744916021,44.32927223821424,hard_qp_solution,-784.827328225437,51.69333627654321,-151.69333627654322,,,,,,,,,
old,PPO-QP,20260806,30,249,33,44.32927223821424,-69.1084744916021,20.8915255083979,-10.86247555774295,-10.8624755495752,46.90911018123835,hard_qp_solution,-760.7188537338349,73.4512345052141,-173.4512345052141,,,,,,,,,
old,PPO-QP,20260806,30,249,34,46.90911018123835,-55.8624755495752,34.1375244504248,-48.89467076998327,-48.894670761733444,58.52159448715004,hard_qp_solution,-749.8563781842596,83.25461868870572,-183.2546186887057,,,,,,,,,
old,PPO-QP,20260806,30,249,35,58.52159448715004,-93.89467076173344,-3.894670761733444,-34.50088668876518,-34.500886680546344,66.7155550737798,hard_qp_solution,-700.9617074225263,127.38205905117015,-200.0,,,,,,,,,
old,PPO-QP,20260806,30,249,36,66.7155550737798,-79.50088668054634,10.499113319453656,-35.65834869226432,-35.65834868404315,75.18441288624004,hard_qp_solution,-666.4608207419799,158.5191092803632,-200.0,,,,,,,,,
old,PPO-QP,20260806,30,249,37,75.18441288624004,-80.65834868404315,9.341651315956852,-34.36298043971549,-34.362980431497014,83.34562073872058,hard_qp_solution,-630.8024720579367,190.70076896771215,-200.0,,,,,,,,,
old,PPO-QP,20260806,30,249,38,83.34562073872058,-79.36298043149702,10.637019568502986,-43.88771337766592,-43.88771336942703,93.76895266395951,hard_qp_solution,-596.4394916264397,221.7133588071382,-200.0,,,,,,,,,
old,PPO-QP,20260806,30,249,39,93.76895266395951,-88.88771336942703,1.1122866305729673,-18.58497636488386,-18.584976356699503,98.18288454867564,hard_qp_solution,-552.5517782570126,261.3220201230461,-200.0,,,,,,,,,
old,PPO-QP,20260806,30,249,40,98.18288454867564,-63.5849763566995,26.415023643300497,-20.751115348180495,-20.75111534006758,103.1112744419417,hard_qp_solution,-533.966801900313,278.09496128496744,-200.0,,,,,,,,,
old,PPO-QP,20260806,30,249,41,103.1112744419417,-65.75111534006759,24.24888465993242,-32.03397932644628,-32.03397931823283,110.719344530022,hard_qp_solution,-513.2156865602454,296.82284287937847,-200.0,,,,,,,,,
old,PPO-QP,20260806,30,249,42,110.719344530022,-77.03397931823284,12.96602068176717,-48.40489179369864,-48.40489178557698,122.21550632909653,hard_qp_solution,-481.18170724201264,325.7335092140836,-200.0,,,,,,,,,
old,PPO-QP,20260806,30,249,43,122.21550632909653,-93.40489178557698,-3.4048917855769787,-31.248120610720115,-31.248120602508227,129.63693497219222,hard_qp_solution,-432.7768154564357,369.4189240505668,-200.0,,,,,,,,,
old,PPO-QP,20260806,30,249,44,129.63693497219222,-76.24812060250822,13.751879397491773,-39.872368761371426,-39.87236875314066,139.10662255106314,hard_qp_solution,-401.5286948539275,397.62035289433044,-200.0,,,,,,,,,
old,PPO-QP,20260806,30,249,45,139.10662255106314,-84.87236875314066,5.1276312468593375,-54.593259322224306,-54.59325931411626,152.07252163816574,hard_qp_solution,-361.65632610078677,433.6051656940399,-200.0,,,,,,,,,
old,PPO-QP,20260806,30,249,46,152.07252163816574,-99.59325931411627,-9.59325931411626,-40.135032160983855,-42.85987494547584,162.25174193771625,hard_qp_solution,-307.06306678667056,482.8755822250298,-200.0,,,,,,,,,
old,PPO-QP,20260806,30,249,47,162.25174193771625,-87.85987494547584,2.1401250545241624,-26.25354580864575,-49.21136314247178,173.9394406840533,hard_qp_solution,-264.2031918411948,521.5566193633217,-200.0,,,,,,,,,
old,PPO-QP,20260806,30,249,48,173.9394406840533,-94.21136314247178,-4.211363142471782,-22.824510544247282,-44.839146883243814,184.5887380688237,hard_qp_solution,-214.99182869872297,565.9698745994025,-200.0,,,,,,,,,
old,PPO-QP,20260806,30,249,49,184.5887380688237,-89.83914688324381,0.1608531167561864,-8.361386101052647,-47.45440189099331,195.8591585179346,hard_qp_solution,-170.1526818154792,606.43720466153,-200.0,,,,,,,,,
old,PPO-QP,20260806,30,249,50,195.8591585179346,-92.45440189099331,-2.45440189099331,-14.097175418225971,-47.14162196026229,207.05529373349688,hard_qp_solution,-122.69827992448595,649.2648023681514,-200.0,,,,,,,,,
old,PPO-QP,20260806,30,249,51,207.05529373349688,-75.55665796422366,-2.1416219602622917,-7.056860253877244,-7.056860245515967,208.73129804180692,hard_qp_solution,-75.55665796422366,691.8101161872881,-175.55665796422366,,,,,,,,,
old,PPO-QP,20260806,30,249,52,208.73129804180692,-52.05686024551596,37.94313975448404,-11.809049268399301,-38.486805001791026,217.87191422973228,hard_qp_solution,-68.4997977187077,698.1789325588662,-168.4997977187077,,,,,,,,,
old,PPO-QP,20260806,30,249,53,217.87191422973228,-30.012992716916703,6.513194998208974,10.655137148074925,-29.012690608977515,224.76242824936443,phase2_solution,-30.012992716916703,732.9132740729826,-130.0129927169167,,,,,,,,,
old,PPO-QP,20260806,30,249,54,224.76242824936443,-1.0003021079392296,15.987309391022485,10.105666990208997,1.6486387157705236,224.3285759557406,hard_qp_solution,-1.0003021079392296,759.0972273475849,-101.00030210793923,,,,,,,,,
old,PPO-QP,20260806,30,249,55,224.3285759557406,-2.827048607407984,46.648638715770524,17.515339828236513,-1.8270486779466035,224.7625000167529,phase2_solution,-2.827048607407984,757.4485886318142,-102.82704860740799,,,,,,,,,
old,PPO-QP,20260806,30,249,56,224.7625000167529,-0.9999999294614339,43.17295132205339,32.54172449439394,32.54172450264623,216.1988883055302,hard_qp_solution,-0.9999999294614339,759.0975000636611,-100.99999992946144,,,,,,,,,
old,PPO-QP,20260806,30,249,57,216.1988883055302,-12.458275497353767,77.54172450264623,23.143851814051793,23.143851822379993,210.10840098385125,hard_qp_solution,-37.05731239776756,726.5557755610148,-137.05731239776756,,,,,,,,,
old,PPO-QP,20260806,30,249,58,210.10840098385125,-21.856148177620007,68.14385182237999,28.255122000830763,17.643566878103023,205.465357068561,hard_qp_solution,-62.70146954167893,703.4119237386348,-162.70146954167893,,,,,,,,,
old,PPO-QP,20260806,30,249,59,205.465357068561,-27.356433121896977,62.64356687810302,22.6079049883159,22.607904996476073,199.5159083852778,hard_qp_solution,-82.25112813237477,685.7683568605318,-182.2511281323748,,,,,,,,,
old,PPO-QP,20260806,30,249,60,199.5159083852778,-22.392095003523927,67.60790499647607,11.592684761146906,11.592684769568645,196.46520186697026,hard_qp_solution,-107.30143837777764,663.1604518640556,-200.0,,,,,,,,,
old,PPO-QP,20260806,30,249,61,196.46520186697026,-33.40731523043135,56.59268476956865,15.061807325816407,15.061807334210059,192.5015683579676,hard_qp_solution,-120.14651845486206,651.567767094487,-200.0,,,,,,,,,
old,PPO-QP,20260806,30,249,62,192.5015683579676,-29.93819266578994,60.06180733421006,30.960106321202773,30.96010632946795,184.35417195547603,hard_qp_solution,-136.83550165066268,636.5059597602769,-200.0,,,,,,,,,
old,PPO-QP,20260806,30,249,63,184.35417195547603,-14.039893670532049,75.96010632946795,21.36604446438502,21.366044472727758,178.73152867317924,hard_qp_solution,-171.14032860852197,605.5458534308088,-200.0,,,,,,,,,
old,PPO-QP,20260806,30,249,64,178.73152867317924,-23.633955527272242,66.36604447272776,7.1134378166424,7.11343782510051,176.85957135078436,hard_qp_solution,-194.8146161129295,584.1798089580811,-200.0,,,,,,,,,
old,PPO-QP,20260806,30,249,65,176.85957135078436,-37.88656217489949,52.11343782510051,16.810779635501767,16.810779643881446,172.43568197081555,hard_qp_solution,-202.69654168090796,577.0663711329805,-200.0,,,,,,,,,
old,PPO-QP,20260806,30,249,66,172.43568197081555,-28.189220356118554,61.810779643881446,25.275926826410277,25.275926834721503,165.7841222774678,hard_qp_solution,-221.32344433340822,560.2555914890991,-200.0,,,,,,,,,
old,PPO-QP,20260806,30,249,67,165.7841222774678,-19.724073165278497,70.2759268347215,16.187919572856135,16.187919581240834,161.52414344029916,hard_qp_solution,-249.33001146329354,534.9796646543775,-200.0,,,,,,,,,
old,PPO-QP,20260806,30,249,68,161.52414344029916,-28.812080418759166,61.187919581240834,0.17069200021183176,0.17069200869946638,161.4792244906414,hard_qp_solution,-267.2667644618983,518.7917450731368,-200.0,,,,,,,,,
old,PPO-QP,20260806,30,249,69,161.4792244906414,-44.82930799130053,45.17069200869947,-0.3938552937987938,-0.39385528532945535,161.57276512090715,hard_qp_solution,-267.4558968815099,518.6210530644373,-200.0,,,,,,,,,
old,PPO-QP,20260806,30,249,70,161.57276512090715,-45.39385528532946,44.60614471467054,-3.134496308121347,-3.1344962996211043,162.31720799206715,hard_qp_solution,-267.06204159618045,518.9765074594471,-200.0,,,,,,,,,
old,PPO-QP,20260806,30,249,71,162.31720799206715,-48.134496299621105,41.865503700378895,4.205600476844669,4.205600485270494,161.21047102225913,hard_qp_solution,-263.92754529655934,521.8053903698551,-200.0,,,,,,,,,
old,PPO-QP,20260806,30,249,72,161.21047102225913,-40.794399514729506,49.205600485270494,4.033481710350902,4.033481722317789,160.14902846375443,hard_qp_solution,-268.58749043259314,517.5997898845847,-200.0,,,,,,,,,
old,PPO-QP,20260806,30,249,73,160.14902846375443,-40.96651827768221,49.03348172231779,5.386164930743477,5.386164942772812,158.73161663670896,hard_qp_solution,-273.05672225787606,513.5663081622669,-200.0,,,,,,,,,
old,PPO-QP,20260806,30,249,74,158.73161663670896,-39.61383505722719,50.38616494277281,6.027484010759777,6.027484022717105,157.14543663073079,hard_qp_solution,-279.0247720559623,508.180143219494,-200.0,,,,,,,,,
old,PPO-QP,20260806,30,249,75,157.14543663073079,-38.972515977282896,51.027484022717104,9.458676249288269,9.458676261327762,154.65631129880242,hard_qp_solution,-285.7034247127125,502.15265919677694,-200.0,,,,,,,,,
old,PPO-QP,20260806,30,249,76,154.65631129880242,-35.54132373867224,54.45867626132776,9.331518480643766,9.33151849247889,152.20064853762378,hard_qp_solution,-296.18395242609506,492.6939829354492,-200.0,,,,,,,,,
old,PPO-QP,20260806,30,249,77,152.20064853762378,-35.66848150752111,54.33151849247889,3.50337785766653,3.503377869549065,151.2787069930056,hard_qp_solution,-306.523585104742,483.36246444297035,-200.0,,,,,,,,,
old,PPO-QP,20260806,30,249,78,151.2787069930056,-41.49662213045094,48.50337786954906,3.3599224581666545,3.3599224701581956,150.39451686927978,hard_qp_solution,-310.40544423997636,479.85908657342134,-200.0,,,,,,,,,
old,PPO-QP,20260806,30,249,79,150.39451686927978,-41.640077529841804,48.359922470158196,9.440506680986918,9.440506693214923,147.91017300264429,hard_qp_solution,-314.12835002408514,476.4991641032632,-200.0,,,,,,,,,
old,PPO-QP,20260806,30,249,80,147.91017300264429,-35.55949330678508,54.44050669321492,3.623173128613984,3.623173140495428,146.95670638672445,hard_qp_solution,-324.58874525202407,467.0586574100483,-200.0,,,,,,,,,
old,PPO-QP,20260806,30,249,81,146.95670638672445,-41.376826859504575,48.623173140495425,-8.206259288406402,-8.206259275942953,148.9056929647609,hard_qp_solution,-328.60334152958126,463.4354842695529,-200.0,,,,,,,,,
old,PPO-QP,20260806,30,249,82,148.9056929647609,-53.206259275942955,36.793740724057045,-4.5354588454100275,-4.535458832904312,149.98286443757567,hard_qp_solution,-320.3970822536383,470.84163326609143,-200.0,,,,,,,,,
old,PPO-QP,20260806,30,249,83,149.98286443757567,-49.53545883290431,40.46454116709569,-12.50078016259349,-12.5007801507542,152.9517997233798,hard_qp_solution,-315.861623420734,474.93488486278756,-200.0,,,,,,,,,
old,PPO-QP,20260806,30,249,84,152.9517997233798,-57.500780150754196,32.499219849245804,-12.006675047275426,-12.006675034909549,155.80338504417082,hard_qp_solution,-303.36084326997985,486.2168389488432,-200.0,,,,,,,,,
old,PPO-QP,20260806,30,249,85,155.80338504417082,-57.00667503490955,32.99332496509045,-15.742229757864795,-15.742229745800035,159.54216460879834,hard_qp_solution,-291.35416823507023,497.0528631678491,-200.0,,,,,,,,,
old,PPO-QP,20260806,30,249,86,159.54216460879834,-60.74222974580003,29.257770254199965,-19.021331742347186,-19.021331730249607,164.05973089473264,hard_qp_solution,-275.61193848927013,511.2602255134337,-200.0,,,,,,,,,
old,PPO-QP,20260806,30,249,87,164.05973089473264,-64.02133173024961,25.978668269750393,-19.451430051082408,-19.451430038760183,168.67944552893817,hard_qp_solution,-256.5906067590205,528.426977399984,-200.0,,,,,,,,,
old,PPO-QP,20260806,30,249,88,168.67944552893817,-64.45143003876018,25.548569961239817,-14.477859042626745,-14.477859030200765,172.11793704861086,hard_qp_solution,-237.13917672026034,545.981893009965,-200.0,,,,,,,,,
old,PPO-QP,20260806,30,249,89,172.11793704861086,-59.47785903020076,30.522140969799235,-16.787131880696993,-16.787131868546524,176.10488086739065,hard_qp_solution,-222.66131769005958,559.0481607847212,-200.0,,,,,,,,,
old,PPO-QP,20260806,30,249,90,176.10488086739065,-61.787131868546524,28.212868131453476,-14.436889415832288,-14.43688940312336,179.53364210063245,hard_qp_solution,-205.87418582151307,574.1985472960845,-200.0,,,,,,,,,
old,PPO-QP,20260806,30,249,91,179.53364210063245,-59.43688940312336,30.56311059687664,-23.297945244822554,-23.29794523270674,185.0669040934003,hard_qp_solution,-191.4372964183897,568.2278399824032,-200.0,,,,,,,,,
old,PPO-QP,20260806,30,249,92,185.0669040934003,-68.29794523270674,21.70205476729326,-15.626978653904972,-15.62697864076957,188.77831152058306,hard_qp_solution,-79.49669190590457,499.0042355549211,-179.49669190590458,,,,,,,,,
old,PPO-QP,20260806,30,249,93,188.77831152058306,42.357583778215556,100.0,-22.725664361421003,42.357583778215556,177.63157894736844,hard_qp_solution,42.357583778215556,422.8575837782156,-57.642416221784444,,,,,,,,,
old,PPO-QP,20260806,30,249,94,177.63157894736844,-2.642416221784444,87.35758377821556,-19.51809041755581,-2.6424161569067515,178.25915278463378,hard_qp_solution,100.00000000000003,290.25000000000006,2.842170943040401e-14,,,,,,,,,
old,PPO-QP,20260806,30,249,95,178.25915278463378,-47.64241615690675,42.35758384309325,-27.40967372543293,-27.40967371166883,184.76895029115514,hard_qp_solution,202.38478058160837,202.38478058160837,102.38478058160837,,,,,,,,,
fixed,PPO-QP,20260806,30,249,0,125.0,-45.0,45.0,-2.9076498634775008,-2.90764973985214,125.69056681321489,hard_qp_solution,-421.0526315789474,380.0,-200.0,125.0,125.0,96.0,-100.0,100.0,3.7999999999999996e-08,0.0,0.0,0.0
fixed,PPO-QP,20260806,30,249,1,125.69056681321489,-47.90764973985214,42.09235026014786,-2.6596908574700584,-2.6596907363405267,126.32224336309577,hard_qp_solution,-418.14498183909524,382.6241538902166,-200.0,125.69056681321489,125.0,95.0,-100.0,100.0,3.7999999999999996e-08,0.0,0.0,0.0
fixed,PPO-QP,20260806,30,249,2,126.32224336309577,-47.65969073634053,42.34030926365947,-1.809130058524454,-1.809130056563234,126.75191175152953,hard_qp_solution,-415.4852911027547,385.0245247797639,-200.0,126.32224336309577,125.0,94.0,-100.0,100.0,3.7999999999999996e-08,0.0,0.0,0.0
fixed,PPO-QP,20260806,30,249,3,126.75191175152953,-46.809130056563234,43.190869943436766,-0.23461278261158622,-0.23461277072366393,126.8076322845764,hard_qp_solution,-413.67616104619145,386.6572646558122,-200.0,126.75191175152953,125.0,93.0,-100.0,100.0,3.7999999999999996e-08,0.0,0.0,0.0
fixed,PPO-QP,20260806,30,249,4,126.8076322845764,-45.234612770723665,44.765387229276335,9.278877143222553,9.278877155599012,124.36582250678718,hard_qp_solution,-413.4415482754678,386.8690026813903,-200.0,126.8076322845764,125.0,92.0,-100.0,100.0,3.7999999999999996e-08,0.0,0.0,0.0
fixed,PPO-QP,20260806,30,249,5,124.36582250678718,-35.72112284440099,54.27887715559901,7.432449178497648,7.4324491903146885,122.40991482512543,hard_qp_solution,-423.72285260300134,377.5901255257913,-200.0,124.36582250678718,125.0,91.0,-100.0,100.0,3.7999999999999996e-08,0.0,0.0,0.0
fixed,PPO-QP,20260806,30,249,6,122.40991482512543,-37.567550809685315,52.432449190314685,12.497760690709955,12.49776070276311,119.12103042966145,hard_qp_solution,-431.95825336789295,370.1576763354766,-200.0,122.40991482512543,125.0,90.0,-100.0,100.0,3.7999999999999996e-08,0.0,0.0,0.0
fixed,PPO-QP,20260806,30,249,7,119.12103042966145,-32.50223929723689,57.49776070276311,9.764899834463204,9.764899846217547,116.55131994381472,hard_qp_solution,-445.80618766458343,357.6599156327135,-200.0,119.12103042966145,125.0,89.0,-100.0,100.0,3.7999999999999996e-08,0.0,0.0,0.0
fixed,PPO-QP,20260806,30,249,8,116.55131994381472,-35.235100153782454,54.764899846217546,18.283799886294705,18.283799898397607,111.73979365476272,hard_qp_solution,-456.6260212892012,347.8950157864959,-200.0,116.55131994381472,125.0,88.0,-100.0,100.0,3.7999999999999996e-08,0.0,0.0,0.0
fixed,PPO-QP,20260806,30,249,9,111.73979365476272,-26.716200101602393,63.283799898397604,14.477059158314376,14.477059170126926,107.93004124157143,hard_qp_solution,-476.8850793483675,329.61121588809834,-200.0,111.73979365476272,125.0,87.0,-100.0,100.0,3.7999999999999996e-08,0.0,0.0,0.0
fixed,PPO-QP,20260806,30,249,10,107.93004124157143,-30.522940829873072,59.47705917012693,17.074467820952567,17.07446783272465,103.43676023295968,hard_qp_solution,-492.9261421407519,315.1341567179714,-200.0,107.93004124157143,125.0,86.0,-100.0,100.0,3.7999999999999996e-08,0.0,0.0,0.0
fixed,PPO-QP,20260806,30,249,11,103.43676023295968,-27.92553216727535,62.07446783272465,16.62367238603815,16.62367239781387,99.06210960195604,hard_qp_solution,-511.8452200717487,298.05968888524677,-200.0,103.43676023295968,125.0,85.0,-100.0,100.0,3.7999999999999996e-08,0.0,0.0,0.0
fixed,PPO-QP,20260806,30,249,12,99.06210960195604,-28.37632760218613,61.62367239781387,21.343528904538424,21.343528916275808,93.44539146609398,hard_qp_solution,-530.2648016759746,281.43601648743294,-200.0,99.06210960195604,125.0,84.0,-100.0,100.0,3.7999999999999996e-08,0.0,0.0,0.0
fixed,PPO-QP,20260806,30,249,13,93.44539146609398,-23.656471083724192,66.3435289162758,28.34630377697706,28.346303788657472,85.9858378374999,hard_qp_solution,-553.9141411953938,260.0924875711571,-200.0,93.44539146609398,125.0,83.0,-100.0,100.0,3.7999999999999996e-08,0.0,0.0,0.0
fixed,PPO-QP,20260806,30,249,14,85.9858378374999,-16.653696211342528,73.34630378865748,36.369397404411515,36.369397416026516,76.41494378065082,hard_qp_solution,-585.3227880526321,231.7461837824996,-200.0,85.9858378374999,125.0,82.0,-100.0,100.0,3.7999999999999996e-08,0.0,0.0,0.0
fixed,PPO-QP,20260806,30,249,15,76.41494378065082,-8.630602583973484,81.36939741602652,29.825525379313632,29.82552539190228,68.56612130909758,hard_qp_solution,-625.6212893446282,195.37678636647308,-200.0,76.41494378065082,125.0,81.0,-100.0,100.0,3.7999999999999996e-08,0.0,0.0,0.0
fixed,PPO-QP,20260806,30,249,16,68.56612130909758,-15.174474608097722,74.82552539190227,46.86521819741193,46.86521820983327,56.23316914861514,hard_qp_solution,-658.6689629090629,165.5512609745708,-200.0,68.56612130909758,125.0,80.0,-100.0,100.0,3.7999999999999996e-08,0.0,0.0,0.0
fixed,PPO-QP,20260806,30,249,17,56.23316914861514,1.865218209833273,91.86521820983327,47.31591587244218,47.315915884408724,43.78161233692863,hard_qp_solution,-710.5971825321468,118.68604276473752,-200.0,56.23316914861514,125.0,79.0,-100.0,100.0,3.7999999999999996e-08,0.0,0.0,0.0
fixed,PPO-QP,20260806,30,249,18,43.78161233692863,2.3159158844087244,71.3701268803288,50.2697095135033,50.269709526658644,30.552741408860566,hard_qp_solution,-763.0247901603005,71.3701268803288,-171.3701268803288,43.78161233692863,125.0,78.0,-100.0,71.3701268803288,3.7999999999999996e-08,0.0,0.0,0.0
fixed,PPO-QP,20260806,30,249,19,30.552741408860566,5.2697095266586444,21.10041735367015,31.545887966077853,21.10041735367015,25.0,hard_qp_solution,-818.7252993311134,21.10041735367015,-121.10041735367015,30.552741408860566,125.0,77.0,-100.0,21.10041735367015,3.7999999999999996e-08,0.0,0.0,0.0
fixed,PPO-QP,20260806,30,249,20,25.0,-23.89958264632985,0.0,32.69916979202562,0.0,25.0,hard_qp_solution,-842.1052631578948,0.0,-100.0,25.0,125.0,76.0,-100.0,0.0,3.7999999999999996e-08,0.0,0.0,0.0
fixed,PPO-QP,20260806,30,249,21,25.0,-45.0,0.0,34.48864723898821,0.0,25.0,hard_qp_solution,-842.1052631578948,0.0,-100.0,25.0,125.0,75.0,-100.0,0.0,3.7999999999999996e-08,0.0,0.0,0.0
fixed,PPO-QP,20260806,30,249,22,25.0,-45.0,0.0,29.978752865746216,0.0,25.0,hard_qp_solution,-842.1052631578948,0.0,-100.0,25.0,125.0,74.0,-100.0,0.0,3.7999999999999996e-08,0.0,0.0,0.0
fixed,PPO-QP,20260806,30,249,23,25.0,-45.0,0.0,19.7435167370496,0.0,25.0,hard_qp_solution,-842.1052631578948,0.0,-100.0,25.0,125.0,73.0,-100.0,0.0,3.7999999999999996e-08,0.0,0.0,0.0
fixed,PPO-QP,20260806,30,249,24,25.0,-45.0,0.0,42.431112583791666,0.0,25.0,hard_qp_solution,-842.1052631578948,0.0,-100.0,25.0,125.0,72.0,-100.0,0.0,3.7999999999999996e-08,0.0,0.0,0.0
fixed,PPO-QP,20260806,30,249,25,25.0,-45.0,0.0,35.764098945136794,0.0,25.0,hard_qp_solution,-842.1052631578948,0.0,-100.0,25.0,125.0,71.0,-100.0,0.0,3.7999999999999996e-08,0.0,0.0,0.0
fixed,PPO-QP,20260806,30,249,26,25.0,-45.0,0.0,41.34443095349416,0.0,25.0,hard_qp_solution,-842.1052631578948,0.0,-100.0,25.0,125.0,70.0,-100.0,0.0,3.7999999999999996e-08,0.0,0.0,0.0
fixed,PPO-QP,20260806,30,249,27,25.0,-45.0,0.0,20.661481702567613,0.0,25.0,hard_qp_solution,-842.1052631578948,0.0,-100.0,25.0,125.0,69.0,-100.0,0.0,3.7999999999999996e-08,0.0,0.0,0.0
fixed,PPO-QP,20260806,30,249,28,25.0,-45.0,0.0,-19.127734261242068,-19.127734253056463,29.54283688510091,hard_qp_solution,-842.1052631578948,0.0,-100.0,25.0,125.0,68.0,-100.0,0.0,3.7999999999999996e-08,0.0,0.0,0.0
fixed,PPO-QP,20260806,30,249,29,29.54283688510091,-64.12773425305646,17.26278016338346,-7.328952263118358,-7.328952254958289,31.283463045653505,hard_qp_solution,-822.9775289048383,17.26278016338346,-117.26278016338347,29.54283688510091,125.0,67.0,-100.0,17.26278016338346,3.7999999999999996e-08,0.0,0.0,0.0
fixed,PPO-QP,20260806,30,249,30,31.283463045653505,-52.32895225495829,23.87715957348332,-25.905529434138757,-25.905529425938624,37.436026284313925,hard_qp_solution,-815.64857664988,23.87715957348332,-123.87715957348331,31.283463045653505,125.0,66.0,-100.0,23.87715957348332,3.7999999999999996e-08,0.0,0.0,0.0
fixed,PPO-QP,20260806,30,249,31,37.436026284313925,-70.90552942593862,19.094470574061376,-4.915719006659762,-4.915718998504469,38.60350954645874,hard_qp_solution,-789.7430472239414,47.256899880392915,-147.25689988039292,37.436026284313925,125.0,65.0,-100.0,47.256899880392915,3.7999999999999996e-08,0.0,0.0,0.0
fixed,PPO-QP,20260806,30,249,32,38.60350954645874,-49.91571899850447,40.08428100149553,-24.108474499798348,-24.1084744916021,44.32927223821424,hard_qp_solution,-784.827328225437,51.69333627654321,-151.69333627654322,38.60350954645874,125.0,64.0,-100.0,51.69333627654321,3.7999999999999996e-08,0.0,0.0,0.0
fixed,PPO-QP,20260806,30,249,33,44.32927223821424,-69.1084744916021,20.8915255083979,-10.86247555774295,-10.8624755495752,46.90911018123835,hard_qp_solution,-760.7188537338349,73.4512345052141,-173.4512345052141,44.32927223821424,125.0,63.0,-100.0,73.4512345052141,3.7999999999999996e-08,0.0,0.0,0.0
fixed,PPO-QP,20260806,30,249,34,46.90911018123835,-55.8624755495752,34.1375244504248,-48.89467076998327,-48.894670761733444,58.52159448715004,hard_qp_solution,-749.8563781842596,83.25461868870572,-183.2546186887057,46.90911018123835,125.0,62.0,-100.0,83.25461868870572,3.7999999999999996e-08,0.0,0.0,0.0
fixed,PPO-QP,20260806,30,249,35,58.52159448715004,-93.89467076173344,-3.894670761733444,-34.50088668876518,-34.500886680546344,66.7155550737798,hard_qp_solution,-700.9617074225263,127.38205905117015,-200.0,58.52159448715004,125.0,61.0,-100.0,100.0,3.7999999999999996e-08,0.0,0.0,0.0
fixed,PPO-QP,20260806,30,249,36,66.7155550737798,-79.50088668054634,10.499113319453656,-35.65834869226432,-35.65834868404315,75.18441288624004,hard_qp_solution,-666.4608207419799,158.5191092803632,-200.0,66.7155550737798,125.0,60.0,-100.0,100.0,3.7999999999999996e-08,0.0,0.0,0.0
fixed,PPO-QP,20260806,30,249,37,75.18441288624004,-80.65834868404315,9.341651315956852,-34.36298043971549,-34.362980431497014,83.34562073872058,hard_qp_solution,-630.8024720579367,190.70076896771215,-200.0,75.18441288624004,125.0,59.0,-100.0,100.0,3.7999999999999996e-08,0.0,0.0,0.0
fixed,PPO-QP,20260806,30,249,38,83.34562073872058,-79.36298043149702,10.637019568502986,-43.88771337766592,-43.88771336942703,93.76895266395951,hard_qp_solution,-596.4394916264397,221.7133588071382,-200.0,83.34562073872058,125.0,58.0,-100.0,100.0,3.7999999999999996e-08,0.0,0.0,0.0
fixed,PPO-QP,20260806,30,249,39,93.76895266395951,-88.88771336942703,1.1122866305729673,-18.58497636488386,-18.584976356699503,98.18288454867564,hard_qp_solution,-552.5517782570126,261.3220201230461,-200.0,93.76895266395951,125.0,57.0,-100.0,100.0,3.7999999999999996e-08,0.0,0.0,0.0
fixed,PPO-QP,20260806,30,249,40,98.18288454867564,-63.5849763566995,26.415023643300497,-20.751115348180495,-20.75111534006758,103.1112744419417,hard_qp_solution,-533.966801900313,278.09496128496744,-200.0,98.18288454867564,125.0,56.0,-100.0,100.0,3.7999999999999996e-08,0.0,0.0,0.0
fixed,PPO-QP,20260806,30,249,41,103.1112744419417,-65.75111534006759,24.24888465993242,-32.03397932644628,-32.03397931823283,110.719344530022,hard_qp_solution,-513.2156865602454,296.82284287937847,-200.0,103.1112744419417,125.0,55.0,-100.0,100.0,3.7999999999999996e-08,0.0,0.0,0.0
fixed,PPO-QP,20260806,30,249,42,110.719344530022,-77.03397931823284,12.96602068176717,-48.40489179369864,-48.40489178557698,122.21550632909653,hard_qp_solution,-481.18170724201264,325.7335092140836,-200.0,110.719344530022,125.0,54.0,-100.0,100.0,3.7999999999999996e-08,0.0,0.0,0.0
fixed,PPO-QP,20260806,30,249,43,122.21550632909653,-93.40489178557698,-3.4048917855769787,-31.248120610720115,-31.248120602508227,129.63693497219222,hard_qp_solution,-432.7768154564357,369.4189240505668,-200.0,122.21550632909653,125.0,53.0,-100.0,100.0,3.7999999999999996e-08,0.0,0.0,0.0
fixed,PPO-QP,20260806,30,249,44,129.63693497219222,-76.24812060250822,13.751879397491773,-39.872368761371426,-39.87236875314066,139.10662255106314,hard_qp_solution,-401.5286948539275,397.62035289433044,-200.0,129.63693497219222,125.0,52.0,-100.0,100.0,3.7999999999999996e-08,0.0,0.0,0.0
fixed,PPO-QP,20260806,30,249,45,139.10662255106314,-84.87236875314066,5.1276312468593375,-54.593259322224306,-54.59325931411626,152.07252163816574,hard_qp_solution,-361.65632610078677,433.6051656940399,-200.0,139.10662255106314,125.0,51.0,-100.0,100.0,3.7999999999999996e-08,0.0,0.0,0.0
fixed,PPO-QP,20260806,30,249,46,152.07252163816574,-99.59325931411627,-9.59325931411626,-40.135032160983855,-42.85987494547584,162.25174193771625,hard_qp_solution,-307.06306678667056,482.8755822250298,-200.0,152.07252163816574,125.0,50.0,-100.0,100.0,3.7999999999999996e-08,0.0,0.0,0.0
fixed,PPO-QP,20260806,30,249,47,162.25174193771625,-87.85987494547584,2.1401250545241624,-26.25354580864575,-49.21136314247178,173.9394406840533,hard_qp_solution,-264.2031918411948,521.5566193633217,-200.0,162.25174193771625,125.0,49.0,-100.0,100.0,3.7999999999999996e-08,0.0,0.0,0.0
fixed,PPO-QP,20260806,30,249,48,173.9394406840533,-94.21136314247178,-4.211363142471782,-22.824510544247282,-44.839146883243814,184.5887380688237,hard_qp_solution,-214.99182869872297,565.9698745994025,-200.0,173.9394406840533,125.0,48.0,-100.0,100.0,3.7999999999999996e-08,0.0,0.0,0.0
fixed,PPO-QP,20260806,30,249,49,184.5887380688237,-89.83914688324381,0.1608531167561864,-8.361386101052647,-47.45440189099331,195.8591585179346,hard_qp_solution,-170.1526818154792,606.43720466153,-200.0,184.5887380688237,125.0,47.0,-100.0,100.0,3.7999999999999996e-08,0.0,0.0,0.0
fixed,PPO-QP,20260806,30,249,50,195.8591585179346,-92.45440189099331,-2.45440189099331,-14.097175418225971,-47.14162196026229,207.05529373349688,hard_qp_solution,-122.69827992448595,649.2648023681514,-200.0,195.8591585179346,125.0,46.0,-100.0,100.0,3.7999999999999996e-08,0.0,0.0,0.0
fixed,PPO-QP,20260806,30,249,51,207.05529373349688,-75.55665796422366,-2.1416219602622917,-7.056860253877244,-7.056860245515967,208.73129804180692,hard_qp_solution,-75.55665796422366,691.8101161872881,-175.55665796422366,207.05529373349688,125.0,45.0,-75.55665796422366,100.0,3.7999999999999996e-08,0.0,0.0,0.0
fixed,PPO-QP,20260806,30,249,52,208.73129804180692,-52.05686024551596,37.94313975448404,-11.809049268399301,-38.486805001791026,217.87191422973228,hard_qp_solution,-68.4997977187077,698.1789325588662,-168.4997977187077,208.73129804180692,125.0,44.0,-68.4997977187077,100.0,3.7999999999999996e-08,0.0,0.0,0.0
fixed,PPO-QP,20260806,30,249,53,217.87191422973228,-30.012992716916703,6.513194998208974,10.655137148074925,-29.012690608977515,224.76242824936443,phase2_solution,-30.012992716916703,732.9132740729826,-130.0129927169167,217.87191422973228,125.0,43.0,-30.012992716916703,100.0,3.7999999999999996e-08,0.0,0.0,0.0
fixed,PPO-QP,20260806,30,249,54,224.76242824936443,-1.0003021079392296,15.987309391022485,10.105666990208997,1.6486387157705236,224.3285759557406,hard_qp_solution,-1.0003021079392296,759.0972273475849,-101.00030210793923,224.76242824936443,125.0,42.0,-1.0003021079392296,100.0,3.7999999999999996e-08,0.0,0.0,0.0
fixed,PPO-QP,20260806,30,249,55,224.3285759557406,-2.827048607407984,46.648638715770524,17.515339828236513,-1.8270486779466035,224.7625000167529,phase2_solution,-2.827048607407984,757.4485886318142,-102.82704860740799,224.3285759557406,125.0,41.0,-2.827048607407984,100.0,3.7999999999999996e-08,0.0,0.0,0.0
fixed,PPO-QP,20260806,30,249,56,224.7625000167529,-0.9999999294614339,43.17295132205339,32.54172449439394,32.54172450264623,216.1988883055302,hard_qp_solution,-0.9999999294614339,759.0975000636611,-100.99999992946144,224.7625000167529,125.0,40.0,-0.9999999294614339,100.0,3.7999999999999996e-08,0.0,0.0,0.0
fixed,PPO-QP,20260806,30,249,57,216.1988883055302,-12.458275497353767,77.54172450264623,23.143851814051793,23.143851822379993,210.10840098385125,hard_qp_solution,-37.05731239776756,726.5557755610148,-137.05731239776756,216.1988883055302,125.0,39.0,-37.05731239776756,100.0,3.7999999999999996e-08,0.0,0.0,0.0
fixed,PPO-QP,20260806,30,249,58,210.10840098385125,-21.856148177620007,68.14385182237999,28.255122000830763,17.643566878103023,205.465357068561,hard_qp_solution,-62.70146954167893,703.4119237386348,-162.70146954167893,210.10840098385125,125.0,38.0,-62.70146954167893,100.0,3.7999999999999996e-08,0.0,0.0,0.0
fixed,PPO-QP,20260806,30,249,59,205.465357068561,-27.356433121896977,62.64356687810302,22.6079049883159,22.607904996476073,199.5159083852778,hard_qp_solution,-82.25112813237477,685.7683568605318,-182.2511281323748,205.465357068561,125.0,37.0,-82.25112813237477,100.0,3.7999999999999996e-08,0.0,0.0,0.0
fixed,PPO-QP,20260806,30,249,60,199.5159083852778,-22.392095003523927,67.60790499647607,11.592684761146906,11.592684769568645,196.46520186697026,hard_qp_solution,-107.30143837777764,663.1604518640556,-200.0,199.5159083852778,125.0,36.0,-100.0,100.0,3.7999999999999996e-08,0.0,0.0,0.0
fixed,PPO-QP,20260806,30,249,61,196.46520186697026,-33.40731523043135,56.59268476956865,15.061807325816407,15.061807334210059,192.5015683579676,hard_qp_solution,-120.14651845486206,651.567767094487,-200.0,196.46520186697026,125.0,35.0,-100.0,100.0,3.7999999999999996e-08,0.0,0.0,0.0
fixed,PPO-QP,20260806,30,249,62,192.5015683579676,-29.93819266578994,60.06180733421006,30.960106321202773,30.96010632946795,184.35417195547603,hard_qp_solution,-136.83550165066268,636.5059597602769,-200.0,192.5015683579676,125.0,34.0,-100.0,100.0,3.7999999999999996e-08,0.0,0.0,0.0
fixed,PPO-QP,20260806,30,249,63,184.35417195547603,-14.039893670532049,75.96010632946795,21.36604446438502,21.366044472727758,178.73152867317924,hard_qp_solution,-171.14032860852197,605.5458534308088,-200.0,184.35417195547603,125.0,33.0,-100.0,100.0,3.7999999999999996e-08,0.0,0.0,0.0
fixed,PPO-QP,20260806,30,249,64,178.73152867317924,-23.633955527272242,66.36604447272776,7.1134378166424,7.11343782510051,176.85957135078436,hard_qp_solution,-194.8146161129295,584.1798089580811,-200.0,178.73152867317924,125.0,32.0,-100.0,100.0,3.7999999999999996e-08,0.0,0.0,0.0
fixed,PPO-QP,20260806,30,249,65,176.85957135078436,-37.88656217489949,52.11343782510051,16.810779635501767,16.810779643881446,172.43568197081555,hard_qp_solution,-202.69654168090796,577.0663711329805,-200.0,176.85957135078436,125.0,31.0,-100.0,100.0,3.7999999999999996e-08,0.0,0.0,0.0
fixed,PPO-QP,20260806,30,249,66,172.43568197081555,-28.189220356118554,61.810779643881446,25.275926826410277,25.275926834721503,165.7841222774678,hard_qp_solution,-221.32344433340822,560.2555914890991,-200.0,172.43568197081555,125.0,30.0,-100.0,100.0,3.7999999999999996e-08,0.0,0.0,0.0
fixed,PPO-QP,20260806,30,249,67,165.7841222774678,-19.724073165278497,70.2759268347215,16.187919572856135,16.187919581240834,161.52414344029916,hard_qp_solution,-249.33001146329354,534.9796646543775,-200.0,165.7841222774678,125.0,29.0,-100.0,100.0,3.7999999999999996e-08,0.0,0.0,0.0
fixed,PPO-QP,20260806,30,249,68,161.52414344029916,-28.812080418759166,61.187919581240834,0.17069200021183176,0.17069200869946638,161.4792244906414,hard_qp_solution,-267.2667644618983,518.7917450731368,-200.0,161.52414344029916,125.0,28.0,-100.0,100.0,3.7999999999999996e-08,0.0,0.0,0.0
fixed,PPO-QP,20260806,30,249,69,161.4792244906414,-44.82930799130053,45.17069200869947,-0.3938552937987938,-0.39385528532945535,161.57276512090715,hard_qp_solution,-267.4558968815099,518.6210530644373,-200.0,161.4792244906414,125.0,27.0,-100.0,100.0,3.7999999999999996e-08,0.0,0.0,0.0
fixed,PPO-QP,20260806,30,249,70,161.57276512090715,-45.39385528532946,44.60614471467054,-3.134496308121347,-3.1344962996211043,162.31720799206715,hard_qp_solution,-267.06204159618045,518.9765074594471,-200.0,161.57276512090715,125.0,26.0,-100.0,100.0,3.7999999999999996e-08,0.0,0.0,0.0
fixed,PPO-QP,20260806,30,249,71,162.31720799206715,-48.134496299621105,41.865503700378895,4.205600476844669,4.205600485270494,161.21047102225913,hard_qp_solution,-263.92754529655934,521.8053903698551,-200.0,162.31720799206715,125.0,25.0,-100.0,100.0,3.7999999999999996e-08,0.0,0.0,0.0
fixed,PPO-QP,20260806,30,249,72,161.21047102225913,-40.794399514729506,49.205600485270494,4.033481710350902,4.033481722317789,160.14902846375443,hard_qp_solution,-268.58749043259314,517.5997898845847,-200.0,161.21047102225913,125.0,24.0,-100.0,100.0,3.7999999999999996e-08,0.0,0.0,0.0
fixed,PPO-QP,20260806,30,249,73,160.14902846375443,-40.96651827768221,49.03348172231779,5.386164930743477,5.386164942772812,158.73161663670896,hard_qp_solution,-273.05672225787606,513.5663081622669,-200.0,160.14902846375443,125.0,23.0,-100.0,100.0,3.7999999999999996e-08,0.0,0.0,0.0
fixed,PPO-QP,20260806,30,249,74,158.73161663670896,-39.61383505722719,50.38616494277281,6.027484010759777,6.027484022717105,157.14543663073079,hard_qp_solution,-279.0247720559623,508.180143219494,-200.0,158.73161663670896,125.0,22.0,-100.0,100.0,3.7999999999999996e-08,0.0,0.0,0.0
fixed,PPO-QP,20260806,30,249,75,157.14543663073079,-38.972515977282896,51.027484022717104,9.458676249288269,9.458676261327762,154.65631129880242,hard_qp_solution,-285.7034247127125,502.15265919677694,-200.0,157.14543663073079,125.0,21.0,-100.0,100.0,3.7999999999999996e-08,0.0,0.0,0.0
fixed,PPO-QP,20260806,30,249,76,154.65631129880242,-35.54132373867224,54.45867626132776,9.331518480643766,9.33151849247889,152.20064853762378,hard_qp_solution,-296.18395242609506,492.6939829354492,-200.0,154.65631129880242,125.0,20.0,-100.0,100.0,3.7999999999999996e-08,0.0,0.0,0.0
fixed,PPO-QP,20260806,30,249,77,152.20064853762378,-35.66848150752111,54.33151849247889,3.50337785766653,3.503377869549065,151.2787069930056,hard_qp_solution,-306.523585104742,483.36246444297035,-200.0,152.20064853762378,125.0,19.0,-100.0,100.0,3.7999999999999996e-08,0.0,0.0,0.0
fixed,PPO-QP,20260806,30,249,78,151.2787069930056,-41.49662213045094,48.50337786954906,3.3599224581666545,3.3599224701581956,150.39451686927978,hard_qp_solution,-310.40544423997636,479.85908657342134,-200.0,151.2787069930056,125.0,18.0,-100.0,100.0,3.7999999999999996e-08,0.0,0.0,0.0
fixed,PPO-QP,20260806,30,249,79,150.39451686927978,-41.640077529841804,48.359922470158196,9.440506680986918,9.440506693214923,147.91017300264429,hard_qp_solution,-314.12835002408514,476.4991641032632,-200.0,150.39451686927978,125.0,17.0,-100.0,100.0,3.7999999999999996e-08,0.0,0.0,0.0
fixed,PPO-QP,20260806,30,249,80,147.91017300264429,-35.55949330678508,54.44050669321492,3.623173128613984,3.623173140495428,146.95670638672445,hard_qp_solution,-324.58874525202407,467.0586574100483,-200.0,147.91017300264429,125.0,16.0,-100.0,100.0,3.7999999999999996e-08,0.0,0.0,0.0
fixed,PPO-QP,20260806,30,249,81,146.95670638672445,-41.376826859504575,48.623173140495425,-8.206259288406402,-8.206259275942953,148.9056929647609,hard_qp_solution,-328.60334152958126,463.4354842695529,-200.0,146.95670638672445,125.0,15.0,-100.0,100.0,3.7999999999999996e-08,0.0,0.0,0.0
fixed,PPO-QP,20260806,30,249,82,148.9056929647609,-53.206259275942955,36.793740724057045,-4.5354588454100275,-4.535458832904312,149.98286443757567,hard_qp_solution,-320.3970822536383,470.84163326609143,-200.0,148.9056929647609,125.0,14.0,-100.0,100.0,3.7999999999999996e-08,0.0,0.0,0.0
fixed,PPO-QP,20260806,30,249,83,149.98286443757567,-49.53545883290431,40.46454116709569,-12.50078016259349,-12.5007801507542,152.9517997233798,hard_qp_solution,-315.861623420734,474.93488486278756,-200.0,149.98286443757567,125.0,13.0,-100.0,100.0,3.7999999999999996e-08,0.0,0.0,0.0
fixed,PPO-QP,20260806,30,249,84,152.9517997233798,-57.500780150754196,32.499219849245804,-12.006675047275426,-12.006675034909549,155.80338504417082,hard_qp_solution,-303.36084326997985,486.2168389488432,-200.0,152.9517997233798,125.0,12.0,-100.0,100.0,3.7999999999999996e-08,0.0,0.0,0.0
fixed,PPO-QP,20260806,30,249,85,155.80338504417082,-57.00667503490955,32.99332496509045,-15.742229757864795,-15.742229745800035,159.54216460879834,hard_qp_solution,-291.35416823507023,497.0528631678491,-200.0,155.80338504417082,125.0,11.0,-100.0,100.0,3.7999999999999996e-08,0.0,0.0,0.0
fixed,PPO-QP,20260806,30,249,86,159.54216460879834,-60.74222974580003,29.257770254199965,-19.021331742347186,-19.021331730249607,164.05973089473264,hard_qp_solution,-275.61193848927013,511.2602255134337,-200.0,159.54216460879834,125.0,10.0,-100.0,100.0,3.7999999999999996e-08,0.0,0.0,0.0
fixed,PPO-QP,20260806,30,249,87,164.05973089473264,-64.02133173024961,25.978668269750393,-19.451430051082408,-19.451430038760183,168.67944552893817,hard_qp_solution,-256.5906067590205,528.426977399984,-200.0,164.05973089473264,125.0,9.0,-100.0,100.0,3.7999999999999996e-08,0.0,0.0,0.0
fixed,PPO-QP,20260806,30,249,88,168.67944552893817,-64.45143003876018,25.548569961239817,-14.477859042626745,-14.477859030200765,172.11793704861086,hard_qp_solution,-237.13917672026034,545.981893009965,-200.0,168.67944552893817,125.0,8.0,-100.0,100.0,3.7999999999999996e-08,0.0,0.0,0.0
fixed,PPO-QP,20260806,30,249,89,172.11793704861086,-59.47785903020076,30.522140969799235,-16.787131880696993,-16.787131868546524,176.10488086739065,hard_qp_solution,-222.66131769005958,559.0481607847212,-200.0,172.11793704861086,125.0,7.0,-100.0,100.0,3.7999999999999996e-08,0.0,0.0,0.0
fixed,PPO-QP,20260806,30,249,90,176.10488086739065,-61.787131868546524,28.212868131453476,-14.436889415832288,-14.43688940312336,179.53364210063245,hard_qp_solution,-205.87418582151307,574.1985472960845,-200.0,176.10488086739065,125.0,6.0,-100.0,100.0,3.7999999999999996e-08,0.0,0.0,0.0
fixed,PPO-QP,20260806,30,249,91,179.53364210063245,-59.43688940312336,30.56311059687664,-23.297945244822554,-23.29794523270674,185.0669040934003,hard_qp_solution,-191.4372964183897,568.2278399824032,-200.0,179.53364210063245,125.0,5.0,-100.0,100.0,3.7999999999999996e-08,0.0,0.0,0.0
fixed,PPO-QP,20260806,30,249,92,185.0669040934003,-68.29794523270674,21.70205476729326,-15.626978653904972,-15.62697864076957,188.77831152058306,hard_qp_solution,-79.49669190590457,499.0042355549211,-179.49669190590458,185.0669040934003,125.0,4.0,-100.0,100.0,3.7999999999999996e-08,0.0,0.0,0.0
fixed,PPO-QP,20260806,30,249,93,188.77831152058306,42.357583778215556,100.0,-22.725664361421003,42.357583778215556,177.63157894736844,hard_qp_solution,42.357583778215556,422.8575837782156,-57.642416221784444,188.77831152058306,125.0,3.0,-100.0,100.0,3.7999999999999996e-08,0.0,1.0,12.984562418985128
fixed,PPO-QP,20260806,30,249,94,177.63157894736844,100.0,100.0,-19.51809041755581,100.0,151.31578947368422,hard_qp_solution,100.00000000000003,290.25000000000006,2.842170943040401e-14,177.63157894736844,125.0,2.0,-100.0,100.0,3.7999999999999996e-08,1.0,1.0,12.642416221784444
fixed,PPO-QP,20260806,30,249,95,151.31578947368422,100.0,100.0,-20.97659563511329,100.0,125.0,hard_qp_solution,100.00000000000003,100.00000000000003,2.842170943040401e-14,151.31578947368422,125.0,1.0,-100.0,100.0,3.7999999999999996e-08,1.0,0.0,0.0
old,PPO-QP,20260806,30,261,0,125.0,-45.0,45.0,-2.907263840272899,-2.907263716648122,125.69047513270392,hard_qp_solution,-421.0526315789474,380.0,-200.0,,,,,,,,,
old,PPO-QP,20260806,30,261,1,125.69047513270392,-47.907263716648124,42.092736283351876,-1.2961966814446546,-1.2961965617447198,125.99832181611829,hard_qp_solution,-418.1453678622993,382.6238055042749,-200.0,,,,,,,,,
old,PPO-QP,20260806,30,261,2,125.99832181611829,-46.29619656174472,43.70380343825528,-2.342396216346886,-2.3423962144936956,126.55464091706054,hard_qp_solution,-416.8491713005546,383.7936229012495,-200.0,,,,,,,,,
old,PPO-QP,20260806,30,261,3,126.55464091706054,-47.3423962144937,42.6576037855063,1.7938330817586956,1.793833094106749,126.08257957650613,hard_qp_solution,-414.5067750860609,385.90763548483005,-200.0,,,,,,,,,
old,PPO-QP,20260806,30,261,4,126.08257957650613,-43.20616690589325,46.79383309410675,2.953489662457299,2.9534896745550583,125.30534545162323,hard_qp_solution,-416.4944017831321,384.11380239072327,-200.0,,,,,,,,,
old,PPO-QP,20260806,30,261,5,125.30534545162323,-42.04651032544494,47.95348967455506,13.242728535611075,13.242728548009774,121.82041688635749,hard_qp_solution,-419.7669665194812,381.1603127161682,-200.0,,,,,,,,,
old,PPO-QP,20260806,30,261,6,121.82041688635749,-31.757271451990228,58.24272854800977,25.177206803817402,25.177206815930433,115.19483614532317,hard_qp_solution,-434.440349952179,367.91758416815844,-200.0,,,,,,,,,
old,PPO-QP,20260806,30,261,7,115.19483614532317,-19.822793184069567,70.17720681593043,13.780240818695649,13.780240831622331,111.56845697910676,hard_qp_solution,-462.33753201969193,342.740377352228,-200.0,,,,,,,,,
old,PPO-QP,20260806,30,261,8,111.56845697910676,-31.21975916837767,58.78024083162233,27.605610170425187,27.6056101825904,104.30382272053033,hard_qp_solution,-477.60649693007684,328.96013652060566,-200.0,,,,,,,,,
old,PPO-QP,20260806,30,261,9,104.30382272053033,-17.3943898174096,72.6056101825904,26.427740353874025,26.427740365582096,97.3491542032719,hard_qp_solution,-508.1944306503986,301.35452633801526,-200.0,,,,,,,,,
old,PPO-QP,20260806,30,261,10,97.3491542032719,-18.572259634417904,71.4277403655821,41.32387854788795,41.323878560097484,86.47444931903571,hard_qp_solution,-537.4772454599079,274.9267859724332,-200.0,,,,,,,,,
old,PPO-QP,20260806,30,261,11,86.47444931903571,-3.6761214399025164,86.32387856009748,41.87712643377964,41.877126445599686,75.45415288598316,hard_qp_solution,-583.2654765514285,233.6029074123357,-200.0,,,,,,,,,
old,PPO-QP,20260806,30,261,12,75.45415288598316,-3.1228735544003143,86.87712644559969,55.85241978052887,55.85241979231963,60.756147677478,hard_qp_solution,-629.6667246905973,191.725780966736,-200.0,,,,,,,,,
old,PPO-QP,20260806,30,261,13,60.756147677478,10.85241979231963,100.0,53.39740496980389,53.397404982348974,46.70419899791248,hard_qp_solution,-691.553062410619,135.87336117441637,-200.0,,,,,,,,,
old,PPO-QP,20260806,30,261,14,46.70419899791248,8.397404982348974,82.47595619206741,57.832967580614316,57.83296759335468,31.484996999661245,hard_qp_solution,-750.7191621140528,82.47595619206741,-182.47595619206743,,,,,,,,,
old,PPO-QP,20260806,30,261,15,31.484996999661245,12.832967593354681,24.64298859871273,56.11601762727011,24.64298859871273,25.0,hard_qp_solution,-814.8000126330054,24.64298859871273,-124.64298859871273,,,,,,,,,
old,PPO-QP,20260806,30,261,16,25.0,-20.35701140128727,0.0,59.31461354324902,0.0,25.0,hard_qp_solution,-842.1052631578948,0.0,-100.0,,,,,,,,,
old,PPO-QP,20260806,30,261,17,25.0,-45.0,0.0,60.22897675368489,0.0,25.0,hard_qp_solution,-842.1052631578948,0.0,-100.0,,,,,,,,,
old,PPO-QP,20260806,30,261,18,25.0,-45.0,0.0,47.48654425136862,0.0,25.0,hard_qp_solution,-842.1052631578948,0.0,-100.0,,,,,,,,,
old,PPO-QP,20260806,30,261,19,25.0,-45.0,0.0,35.66982026673106,0.0,25.0,hard_qp_solution,-842.1052631578948,0.0,-100.0,,,,,,,,,
old,PPO-QP,20260806,30,261,20,25.0,-45.0,0.0,7.100679793915766,0.0,25.0,hard_qp_solution,-842.1052631578948,0.0,-100.0,,,,,,,,,
old,PPO-QP,20260806,30,261,21,25.0,-45.0,0.0,6.077971270005607,0.0,25.0,hard_qp_solution,-842.1052631578948,0.0,-100.0,,,,,,,,,
old,PPO-QP,20260806,30,261,22,25.0,-45.0,0.0,-0.42827278259755963,-0.4282727627677979,25.10171478115735,hard_qp_solution,-842.1052631578948,0.0,-100.0,,,,,,,,,
old,PPO-QP,20260806,30,261,23,25.10171478115735,-45.4282727627678,0.3865161683979359,9.99622880878809,0.3865161683979359,25.0,hard_qp_solution,-841.6769903951271,0.3865161683979359,-100.38651616839793,,,,,,,,,
old,PPO-QP,20260806,30,261,24,25.0,-44.61348383160207,0.0,-7.18328353466872,-7.183283520213229,26.706029836050643,hard_qp_solution,-842.1052631578948,0.0,-100.0,,,,,,,,,
old,PPO-QP,20260806,30,261,25,26.706029836050643,-52.18328352021323,6.4829133769924425,-5.857347470894457,-5.857347458922066,28.097149857544633,hard_qp_solution,-834.9219796376815,6.4829133769924425,-106.48291337699244,,,,,,,,,
old,PPO-QP,20260806,30,261,26,28.097149857544633,-50.857347458922064,11.769169458669603,-6.389360485015404,-6.389360473449004,29.614622969988773,hard_qp_solution,-829.0646321787596,11.769169458669603,-111.76916945866961,,,,,,,,,
old,PPO-QP,20260806,30,261,27,29.614622969988773,-51.389360473449,17.535567285957335,-1.6239638275959245,-1.6239638166890427,30.00031437645242,hard_qp_solution,-822.6752717053105,17.535567285957335,-117.53556728595734,,,,,,,,,
old,PPO-QP,20260806,30,261,28,30.00031437645242,-46.62396381668904,19.00119463051919,-8.629612235184096,-8.629612227021113,32.04984728036993,hard_qp_solution,-821.0513078886214,19.00119463051919,-119.0011946305192,,,,,,,,,
old,PPO-QP,20260806,30,261,29,32.04984728036993,-53.62961222702111,26.789419665405738,-7.039028315710803,-7.039028307551167,33.72161650341334,hard_qp_solution,-812.4216956616003,26.789419665405738,-126.78941966540575,,,,,,,,,
old,PPO-QP,20260806,30,261,30,33.72161650341334,-52.03902830755116,33.14214271297068,-7.632790779998904,-7.632790771838041,35.53440431172487,hard_qp_solution,-805.3826673540491,33.14214271297068,-133.14214271297067,,,,,,,,,
old,PPO-QP,20260806,30,261,31,35.53440431172487,-52.63279077183804,37.36720922816196,2.958328248549814,2.9583282566880373,34.75589687575433,hard_qp_solution,-797.7498765822111,40.03073638455451,-140.0307363845545,,,,,,,,,
old,PPO-QP,20260806,30,261,32,34.75589687575433,-42.041671743311966,37.07240812786646,-0.5637885474662974,-0.5637885393205124,34.88979665384295,hard_qp_solution,-801.0278026284028,37.07240812786646,-137.07240812786645,,,,,,,,,
old,PPO-QP,20260806,30,261,33,34.88979665384295,-45.56378853932051,37.58122728460321,0.7341150162158483,0.734115024358677,34.696608489538036,hard_qp_solution,-800.4640140890823,37.58122728460321,-137.58122728460322,,,,,,,,,
old,PPO-QP,20260806,30,261,34,34.696608489538036,-44.26588497564132,36.847112260244536,-11.240860983769373,-11.240860975600645,37.36631297124319,hard_qp_solution,-801.2774379387872,36.847112260244536,-136.84711226024453,,,,,,,,,
old,PPO-QP,20260806,30,261,35,37.36631297124319,-56.24086097560065,33.75913902439935,-19.770808012420815,-19.77080800423357,42.06187987224866,hard_qp_solution,-790.0365769631866,46.99198929072412,-146.99198929072412,,,,,,,,,
old,PPO-QP,20260806,30,261,36,42.06187987224866,-64.77080800423357,25.22919199576643,-24.83030309802636,-24.830303089925525,47.95907685610597,hard_qp_solution,-770.2657689589531,64.83514351454491,-164.8351435145449,,,,,,,,,
old,PPO-QP,20260806,30,261,37,47.95907685610597,-69.83030308992552,20.169696910074475,-37.943030122790034,-37.94303011456368,56.97054650831485,hard_qp_solution,-745.4354658690274,87.24449205320269,-187.2444920532027,,,,,,,,,
old,PPO-QP,20260806,30,261,38,56.97054650831485,-82.94303011456368,7.056969885436317,-37.758009470794626,-37.75800946256888,65.93807375567495,hard_qp_solution,-707.4924357544638,121.48807673159641,-200.0,,,,,,,,,
old,PPO-QP,20260806,30,261,39,65.93807375567495,-82.75800946256888,7.241990537431121,-23.30998737170393,-23.309987363509208,71.47419575450839,hard_qp_solution,-669.7344262918949,155.5646802715648,-200.0,,,,,,,,,
old,PPO-QP,20260806,30,261,40,71.47419575450839,-68.30998736350921,21.690012636490792,-24.622543500579777,-36.96910267164401,80.25435763902384,hard_qp_solution,-646.4244389283857,176.60194386713187,-200.0,,,,,,,,,
old,PPO-QP,20260806,30,261,41,80.25435763902384,-81.96910267164401,8.03089732835599,-33.65803959366604,-33.65803958554589,88.24814204059099,hard_qp_solution,-609.4553362567417,209.96655902829056,-200.0,,,,,,,,,
old,PPO-QP,20260806,30,261,42,88.24814204059099,-78.6580395855459,11.341960414454107,-33.60747828561678,-74.78208582480993,106.00888742398335,hard_qp_solution,-575.7972966711958,240.34293975424575,-200.0,,,,,,,,,
old,PPO-QP,20260806,30,261,43,106.00888742398335,-100.0,-29.782085824809926,-28.61568725832562,-41.4533350062411,115.85405448796561,hard_qp_solution,-501.0152108463859,307.8337722111367,-200.0,,,,,,,,,
old,PPO-QP,20260806,30,261,44,115.85405448796561,-86.4533350062411,3.5466649937589025,-25.669256517794242,-74.35290199329687,133.5128687113736,hard_qp_solution,-459.5618758401448,345.2454070542693,-200.0,,,,,,,,,
old,PPO-QP,20260806,30,261,45,133.5128687113736,-100.0,-29.352901993296868,-31.99756879748015,-60.333048926341974,147.84196783137983,hard_qp_solution,-385.208973846848,412.3489011032197,-200.0,,,,,,,,,
old,PPO-QP,20260806,30,261,46,147.84196783137983,-100.0,-15.333048926341974,-32.98444816303109,-43.19152405056688,158.09995479338946,hard_qp_solution,-324.875924920506,466.79947775924336,-200.0,,,,,,,,,
old,PPO-QP,20260806,30,261,47,158.09995479338946,-88.19152405056688,1.8084759494331166,-14.57427000619801,-20.762006253579067,163.03093127861447,hard_qp_solution,-281.6844008699391,505.7798282148799,-200.0,,,,,,,,,
old,PPO-QP,20260806,30,261,48,163.03093127861447,-65.76200625357907,24.237993746420933,-21.45638170132719,-21.456381692954487,168.12682193069116,hard_qp_solution,-260.9223946163601,524.517538858735,-200.0,,,,,,,,,
old,PPO-QP,20260806,30,261,49,168.12682193069116,-66.4563816929545,23.543618307045513,-3.4238710823709257,-61.47043371676766,182.72604993842347,hard_qp_solution,-239.46601292340563,543.8819233366264,-200.0,,,,,,,,,
old,PPO-QP,20260806,30,261,50,182.72604993842347,-100.0,-16.47043371676766,-2.2790892581997837,-42.22597470251629,192.75471893027108,hard_qp_solution,-177.995579206638,599.3589897660091,-200.0,,,,,,,,,
old,PPO-QP,20260806,30,261,51,192.75471893027108,-87.22597470251628,2.7740252974837105,3.900591372407737,2.7740252974837105,192.02471227303852,hard_qp_solution,-135.76960450412176,637.46793193503,-200.0,,,,,,,,,
old,PPO-QP,20260806,30,261,52,192.02471227303852,-42.22597470251629,47.77402529748371,-8.72632181291329,-8.726321804522168,194.09721370161253,hard_qp_solution,-138.843316745101,634.6939066375463,-200.0,,,,,,,,,
old,PPO-QP,20260806,30,261,53,194.09721370161253,-53.72632180452217,36.27367819547783,16.78937436133023,-22.885436204224245,199.5325048001158,hard_qp_solution,-130.11699494057882,642.5694120661276,-200.0,,,,,,,,,
old,PPO-QP,20260806,30,261,54,199.5325048001158,-67.88543620422425,22.114563795775755,9.672569638734148,1.6691394889085096,199.0932575661925,hard_qp_solution,-107.23155873635459,663.22351824044,-200.0,,,,,,,,,
old,PPO-QP,20260806,30,261,55,199.0932575661925,-43.33086051109149,46.66913948890851,29.431776904859657,11.506264521439206,196.06529321844533,hard_qp_solution,-109.0810207739263,661.5543787515315,-200.0,,,,,,,,,
old,PPO-QP,20260806,30,261,56,196.06529321844533,-33.493735478560794,56.506264521439206,19.061047265324937,19.0610472736863,191.04922814642262,hard_qp_solution,-121.83034434338808,650.0481142300922,-200.0,,,,,,,,,
old,PPO-QP,20260806,30,261,57,191.04922814642262,-25.9389527263137,64.0610472736863,24.906968684970437,24.906968693284373,184.49476270082147,hard_qp_solution,-142.95061833085214,630.9870669564059,-200.0,,,,,,,,,
old,PPO-QP,20260806,30,261,58,184.49476270082147,-20.093031306715627,69.90696869328437,36.39084102065792,36.39084102887906,174.91822558795855,hard_qp_solution,-170.54836757548856,606.0800982631215,-200.0,,,,,,,,,
old,PPO-QP,20260806,30,261,59,174.91822558795855,-8.60915897112094,81.39084102887907,18.646368837303758,18.64636884566833,170.0112864180458,hard_qp_solution,-210.87062910333245,569.6892572342424,-200.0,,,,,,,,,
old,PPO-QP,20260806,30,261,60,170.0112864180458,-26.35363115433167,63.646368845668334,8.693231911881451,8.69323192032669,167.72359380743353,hard_qp_solution,-231.53142560822818,551.042888388574,-200.0,,,,,,,,,
old,PPO-QP,20260806,30,261,61,167.72359380743353,-36.30676807967331,53.69323192032669,18.016556141703187,18.016556150072958,162.98239482057224,hard_qp_solution,-241.1638155476483,542.3496564682474,-200.0,,,,,,,,,
old,PPO-QP,20260806,30,261,62,162.98239482057224,-26.983443849927042,63.01655615007296,24.935140916075515,24.935140924389483,156.42051562994342,hard_qp_solution,-261.12675865022214,524.3331003181745,-200.0,,,,,,,,,
old,PPO-QP,20260806,30,261,63,156.42051562994342,-20.064859075610517,69.93514092438949,26.248588694757157,26.248588703060438,149.51299228703277,hard_qp_solution,-288.7557236633961,499.39795939378496,-200.0,,,,,,,,,
old,PPO-QP,20260806,30,261,64,149.51299228703277,-18.751411296939562,71.24858870306043,16.510164074277505,16.510164082659674,145.16821226528023,hard_qp_solution,-317.84003247565147,473.14937069072454,-200.0,,,,,,,,,
old,PPO-QP,20260806,30,261,65,145.16821226528023,-28.489835917340326,61.51016408265967,21.44154324915472,21.441543257496978,139.5257008817284,hard_qp_solution,-336.13384309355695,456.63920660806485,-200.0,,,,,,,,,
old,PPO-QP,20260806,30,261,66,139.5257008817284,-23.558456742503022,66.44154325749697,30.43922535300595,30.439225361275525,131.51537841823483,hard_qp_solution,-359.8917857611436,435.1976633505679,-200.0,,,,,,,,,
old,PPO-QP,20260806,30,261,67,131.51537841823483,-14.560774638724475,75.43922536127553,15.032808348567638,15.032808356961713,127.55937621903438,hard_qp_solution,-393.61945929164284,404.75843798929236,-200.0,,,,,,,,,
old,PPO-QP,20260806,30,261,68,127.55937621903438,-29.967191643038287,60.03280835696171,-0.43294478983609164,-0.43294478132756875,127.66220060459968,hard_qp_solution,-410.2763106566974,389.7256296323306,-200.0,,,,,,,,,
old,PPO-QP,20260806,30,261,69,127.66220060459968,-45.43294478132757,44.56705521867243,3.3254075820270472,3.325407590483462,126.78709334394614,hard_qp_solution,-409.8433658753698,390.11636229747876,-200.0,,,,,,,,,
old,PPO-QP,20260806,30,261,70,126.78709334394614,-41.674592409516535,48.325407590483465,-9.149999900590599,-9.14999989205214,128.96021831830853,hard_qp_solution,-413.52802802548996,386.7909547069953,-200.0,,,,,,,,,
old,PPO-QP,20260806,30,261,71,128.96021831830853,-54.149999892052136,35.850000107947864,-4.7813869451219775,-4.781386936611892,130.09579771575386,hard_qp_solution,-404.3780281334378,395.0488296095724,-200.0,,,,,,,,,
old,PPO-QP,20260806,30,261,72,130.09579771575386,-49.781386936611895,40.218613063388105,5.394765246919094,5.394765259573985,128.6761226474449,hard_qp_solution,-399.5966411968259,399.36403131986464,-200.0,,,,,,,,,
old,PPO-QP,20260806,30,261,73,128.6761226474449,-39.60523474042601,50.39476525957399,8.67072967119691,8.670729683251974,126.39435167816808,hard_qp_solution,-405.5742204318109,393.96926606029064,-200.0,,,,,,,,,
old,PPO-QP,20260806,30,261,74,126.39435167816808,-36.32927031674802,53.67072968325198,10.715264666656129,10.715264678555098,123.57454518381148,hard_qp_solution,-415.18167714455547,385.29853637703866,-200.0,,,,,,,,,
old,PPO-QP,20260806,30,261,75,123.57454518381148,-34.2847353214449,55.7152646785551,4.510594412263121,4.5105944241937275,122.38754665112891,hard_qp_solution,-427.054546594478,374.5832716984836,-200.0,,,,,,,,,
old,PPO-QP,20260806,30,261,76,122.38754665112891,-40.48940557580627,49.51059442419373,8.64246004727552,8.642460059392269,120.11321505655201,hard_qp_solution,-432.05243515314146,370.07267727428984,-200.0,,,,,,,,,
old,PPO-QP,20260806,30,261,77,120.11321505655201,-36.35753994060773,53.64246005939227,5.32926976243321,5.32926977430093,118.71077564226229,hard_qp_solution,-441.6285681829389,361.4302172148976,-200.0,,,,,,,,,
old,PPO-QP,20260806,30,261,78,118.71077564226229,-39.67073022569907,50.32926977430093,5.27409206975696,5.274092081690342,117.32285667339642,hard_qp_solution,-447.53357624310615,356.1009474405967,-200.0,,,,,,,,,
old,PPO-QP,20260806,30,261,79,117.32285667339642,-39.72590791830966,50.27409208169034,1.561341449637178,1.5613414615354981,116.91197734141339,hard_qp_solution,-453.3774455856993,350.82685535890636,-200.0,,,,,,,,,
old,PPO-QP,20260806,30,261,80,116.91197734141339,-43.4386585384645,46.5613414615355,-4.477094387951934,-4.4770943760045085,117.97528725571446,hard_qp_solution,-455.10746382562786,349.26551389737085,-200.0,,,,,,,,,
old,PPO-QP,20260806,30,261,81,117.97528725571446,-49.47709437600451,40.52290562399549,-6.8650823139611505,-6.865082301784186,119.6057443023882,hard_qp_solution,-450.63036944962334,353.30609157171494,-200.0,,,,,,,,,
old,PPO-QP,20260806,30,261,82,119.6057443023882,-51.865082301784184,38.134917698215816,-5.13913225078632,-5.139132238375687,120.82628820900243,hard_qp_solution,-443.76528714783916,359.50182834907514,-200.0,,,,,,,,,
old,PPO-QP,20260806,30,261,83,120.82628820900243,-50.13913223837569,39.86086776162431,-14.766532264063548,-14.766532252032308,124.3333396188601,hard_qp_solution,-438.6261549094635,364.1398951942092,-200.0,,,,,,,,,
old,PPO-QP,20260806,30,261,84,124.3333396188601,-59.766532252032306,30.233467747967694,-15.660374190210696,-15.660374177717834,128.0526784860681,hard_qp_solution,-423.8596226574312,377.46669055166836,-200.0,,,,,,,,,
old,PPO-QP,20260806,30,261,85,128.0526784860681,-60.660374177717834,29.339625822282166,-13.092384409503593,-13.092384396765294,131.16211978029983,hard_qp_solution,-408.19924847971333,391.6001782470587,-200.0,,,,,,,,,
old,PPO-QP,20260806,30,261,86,131.16211978029983,-58.0923843967653,31.907615603234706,-23.901341639723025,-23.901341627592178,136.83868841685296,hard_qp_solution,-395.1068640829481,403.41605516513937,-200.0,,,,,,,,,
old,PPO-QP,20260806,30,261,87,136.83868841685296,-68.90134162759217,21.098658372407822,-21.777731357749232,-21.777731344860296,142.0108996112573,hard_qp_solution,-371.20552245535595,424.98701598404125,-200.0,,,,,,,,,
old,PPO-QP,20260806,30,261,88,142.0108996112573,-66.7777313448603,23.222268655139704,-17.12745847850074,-17.127458465570502,146.07867099683028,hard_qp_solution,-349.42779111049566,444.64141852277766,-200.0,,,,,,,,,
old,PPO-QP,20260806,30,261,89,146.07867099683028,-62.1274584655705,27.872541534429498,-16.657933704773022,-16.657933692063366,150.03493024869533,hard_qp_solution,-332.30033264492516,460.09894978795506,-200.0,,,,,,,,,
old,PPO-QP,20260806,30,261,90,150.03493024869533,-61.65793369206337,28.342066307936634,-17.778318726043562,-17.778318713408904,154.25728094312996,hard_qp_solution,-315.64239895286175,475.1327349450422,-200.0,,,,,,,,,
old,PPO-QP,20260806,30,261,91,154.25728094312996,-62.77831871340891,27.221681286591096,-22.153914177528527,-22.1539141649773,159.51883555731206,hard_qp_solution,-297.86408023945285,472.1776675838938,-200.0,,,,,,,,,
old,PPO-QP,20260806,30,261,92,159.51883555731206,-67.1539141649773,22.8460858350227,-21.6697735292662,-21.66977351638659,164.66540676745387,hard_qp_solution,-187.06750679469715,401.9215751177858,-200.0,,,,,,,,,
old,PPO-QP,20260806,30,261,93,164.66540676745387,-54.59440917858765,23.33022648361341,-20.486881610411363,-20.486881597521943,169.53104114686533,hard_qp_solution,-54.59440917858765,331.22854571632473,-154.59440917858765,,,,,,,,,
old,PPO-QP,20260806,30,261,94,169.53104114686533,69.21795635808823,100.0,-26.369046657249896,69.21795635808823,151.31578947368422,hard_qp_solution,69.21795635808823,259.46795635808826,-30.78204364191177,,,,,,,,,
old,PPO-QP,20260806,30,261,95,151.31578947368422,24.21795635808823,100.0,-23.164757077617775,24.21795635808823,144.942643063661,hard_qp_solution,100.00000000000003,100.00000000000003,2.842170943040401e-14,,,,,,,,,
fixed,PPO-QP,20260806,30,261,0,125.0,-45.0,45.0,-2.907263840272899,-2.907263716648122,125.69047513270392,hard_qp_solution,-421.0526315789474,380.0,-200.0,125.0,125.0,96.0,-100.0,100.0,3.7999999999999996e-08,0.0,0.0,0.0
fixed,PPO-QP,20260806,30,261,1,125.69047513270392,-47.907263716648124,42.092736283351876,-1.2961966814446546,-1.2961965617447198,125.99832181611829,hard_qp_solution,-418.1453678622993,382.6238055042749,-200.0,125.69047513270392,125.0,95.0,-100.0,100.0,3.7999999999999996e-08,0.0,0.0,0.0
fixed,PPO-QP,20260806,30,261,2,125.99832181611829,-46.29619656174472,43.70380343825528,-2.342396216346886,-2.3423962144936956,126.55464091706054,hard_qp_solution,-416.8491713005546,383.7936229012495,-200.0,125.99832181611829,125.0,94.0,-100.0,100.0,3.7999999999999996e-08,0.0,0.0,0.0
fixed,PPO-QP,20260806,30,261,3,126.55464091706054,-47.3423962144937,42.6576037855063,1.7938330817586956,1.793833094106749,126.08257957650613,hard_qp_solution,-414.5067750860609,385.90763548483005,-200.0,126.55464091706054,125.0,93.0,-100.0,100.0,3.7999999999999996e-08,0.0,0.0,0.0
fixed,PPO-QP,20260806,30,261,4,126.08257957650613,-43.20616690589325,46.79383309410675,2.953489662457299,2.9534896745550583,125.30534545162323,hard_qp_solution,-416.4944017831321,384.11380239072327,-200.0,126.08257957650613,125.0,92.0,-100.0,100.0,3.7999999999999996e-08,0.0,0.0,0.0
fixed,PPO-QP,20260806,30,261,5,125.30534545162323,-42.04651032544494,47.95348967455506,13.242728535611075,13.242728548009774,121.82041688635749,hard_qp_solution,-419.7669665194812,381.1603127161682,-200.0,125.30534545162323,125.0,91.0,-100.0,100.0,3.7999999999999996e-08,0.0,0.0,0.0
fixed,PPO-QP,20260806,30,261,6,121.82041688635749,-31.757271451990228,58.24272854800977,25.177206803817402,25.177206815930433,115.19483614532317,hard_qp_solution,-434.440349952179,367.91758416815844,-200.0,121.82041688635749,125.0,90.0,-100.0,100.0,3.7999999999999996e-08,0.0,0.0,0.0
fixed,PPO-QP,20260806,30,261,7,115.19483614532317,-19.822793184069567,70.17720681593043,13.780240818695649,13.780240831622331,111.56845697910676,hard_qp_solution,-462.33753201969193,342.740377352228,-200.0,115.19483614532317,125.0,89.0,-100.0,100.0,3.7999999999999996e-08,0.0,0.0,0.0
fixed,PPO-QP,20260806,30,261,8,111.56845697910676,-31.21975916837767,58.78024083162233,27.605610170425187,27.6056101825904,104.30382272053033,hard_qp_solution,-477.60649693007684,328.96013652060566,-200.0,111.56845697910676,125.0,88.0,-100.0,100.0,3.7999999999999996e-08,0.0,0.0,0.0
fixed,PPO-QP,20260806,30,261,9,104.30382272053033,-17.3943898174096,72.6056101825904,26.427740353874025,26.427740365582096,97.3491542032719,hard_qp_solution,-508.1944306503986,301.35452633801526,-200.0,104.30382272053033,125.0,87.0,-100.0,100.0,3.7999999999999996e-08,0.0,0.0,0.0
fixed,PPO-QP,20260806,30,261,10,97.3491542032719,-18.572259634417904,71.4277403655821,41.32387854788795,41.323878560097484,86.47444931903571,hard_qp_solution,-537.4772454599079,274.9267859724332,-200.0,97.3491542032719,125.0,86.0,-100.0,100.0,3.7999999999999996e-08,0.0,0.0,0.0
fixed,PPO-QP,20260806,30,261,11,86.47444931903571,-3.6761214399025164,86.32387856009748,41.87712643377964,41.877126445599686,75.45415288598316,hard_qp_solution,-583.2654765514285,233.6029074123357,-200.0,86.47444931903571,125.0,85.0,-100.0,100.0,3.7999999999999996e-08,0.0,0.0,0.0
fixed,PPO-QP,20260806,30,261,12,75.45415288598316,-3.1228735544003143,86.87712644559969,55.85241978052887,55.85241979231963,60.756147677478,hard_qp_solution,-629.6667246905973,191.725780966736,-200.0,75.45415288598316,125.0,84.0,-100.0,100.0,3.7999999999999996e-08,0.0,0.0,0.0
fixed,PPO-QP,20260806,30,261,13,60.756147677478,10.85241979231963,100.0,53.39740496980389,53.397404982348974,46.70419899791248,hard_qp_solution,-691.553062410619,135.87336117441637,-200.0,60.756147677478,125.0,83.0,-100.0,100.0,3.7999999999999996e-08,0.0,0.0,0.0
fixed,PPO-QP,20260806,30,261,14,46.70419899791248,8.397404982348974,82.47595619206741,57.832967580614316,57.83296759335468,31.484996999661245,hard_qp_solution,-750.7191621140528,82.47595619206741,-182.47595619206743,46.70419899791248,125.0,82.0,-100.0,82.47595619206741,3.7999999999999996e-08,0.0,0.0,0.0
fixed,PPO-QP,20260806,30,261,15,31.484996999661245,12.832967593354681,24.64298859871273,56.11601762727011,24.64298859871273,25.0,hard_qp_solution,-814.8000126330054,24.64298859871273,-124.64298859871273,31.484996999661245,125.0,81.0,-100.0,24.64298859871273,3.7999999999999996e-08,0.0,0.0,0.0
fixed,PPO-QP,20260806,30,261,16,25.0,-20.35701140128727,0.0,59.31461354324902,0.0,25.0,hard_qp_solution,-842.1052631578948,0.0,-100.0,25.0,125.0,80.0,-100.0,0.0,3.7999999999999996e-08,0.0,0.0,0.0
fixed,PPO-QP,20260806,30,261,17,25.0,-45.0,0.0,60.22897675368489,0.0,25.0,hard_qp_solution,-842.1052631578948,0.0,-100.0,25.0,125.0,79.0,-100.0,0.0,3.7999999999999996e-08,0.0,0.0,0.0
fixed,PPO-QP,20260806,30,261,18,25.0,-45.0,0.0,47.48654425136862,0.0,25.0,hard_qp_solution,-842.1052631578948,0.0,-100.0,25.0,125.0,78.0,-100.0,0.0,3.7999999999999996e-08,0.0,0.0,0.0
fixed,PPO-QP,20260806,30,261,19,25.0,-45.0,0.0,35.66982026673106,0.0,25.0,hard_qp_solution,-842.1052631578948,0.0,-100.0,25.0,125.0,77.0,-100.0,0.0,3.7999999999999996e-08,0.0,0.0,0.0
fixed,PPO-QP,20260806,30,261,20,25.0,-45.0,0.0,7.100679793915766,0.0,25.0,hard_qp_solution,-842.1052631578948,0.0,-100.0,25.0,125.0,76.0,-100.0,0.0,3.7999999999999996e-08,0.0,0.0,0.0
fixed,PPO-QP,20260806,30,261,21,25.0,-45.0,0.0,6.077971270005607,0.0,25.0,hard_qp_solution,-842.1052631578948,0.0,-100.0,25.0,125.0,75.0,-100.0,0.0,3.7999999999999996e-08,0.0,0.0,0.0
fixed,PPO-QP,20260806,30,261,22,25.0,-45.0,0.0,-0.42827278259755963,-0.4282727627677979,25.10171478115735,hard_qp_solution,-842.1052631578948,0.0,-100.0,25.0,125.0,74.0,-100.0,0.0,3.7999999999999996e-08,0.0,0.0,0.0
fixed,PPO-QP,20260806,30,261,23,25.10171478115735,-45.4282727627678,0.3865161683979359,9.99622880878809,0.3865161683979359,25.0,hard_qp_solution,-841.6769903951271,0.3865161683979359,-100.38651616839793,25.10171478115735,125.0,73.0,-100.0,0.3865161683979359,3.7999999999999996e-08,0.0,0.0,0.0
fixed,PPO-QP,20260806,30,261,24,25.0,-44.61348383160207,0.0,-7.18328353466872,-7.183283520213229,26.706029836050643,hard_qp_solution,-842.1052631578948,0.0,-100.0,25.0,125.0,72.0,-100.0,0.0,3.7999999999999996e-08,0.0,0.0,0.0
fixed,PPO-QP,20260806,30,261,25,26.706029836050643,-52.18328352021323,6.4829133769924425,-5.857347470894457,-5.857347458922066,28.097149857544633,hard_qp_solution,-834.9219796376815,6.4829133769924425,-106.48291337699244,26.706029836050643,125.0,71.0,-100.0,6.4829133769924425,3.7999999999999996e-08,0.0,0.0,0.0
fixed,PPO-QP,20260806,30,261,26,28.097149857544633,-50.857347458922064,11.769169458669603,-6.389360485015404,-6.389360473449004,29.614622969988773,hard_qp_solution,-829.0646321787596,11.769169458669603,-111.76916945866961,28.097149857544633,125.0,70.0,-100.0,11.769169458669603,3.7999999999999996e-08,0.0,0.0,0.0
fixed,PPO-QP,20260806,30,261,27,29.614622969988773,-51.389360473449,17.535567285957335,-1.6239638275959245,-1.6239638166890427,30.00031437645242,hard_qp_solution,-822.6752717053105,17.535567285957335,-117.53556728595734,29.614622969988773,125.0,69.0,-100.0,17.535567285957335,3.7999999999999996e-08,0.0,0.0,0.0
fixed,PPO-QP,20260806,30,261,28,30.00031437645242,-46.62396381668904,19.00119463051919,-8.629612235184096,-8.629612227021113,32.04984728036993,hard_qp_solution,-821.0513078886214,19.00119463051919,-119.0011946305192,30.00031437645242,125.0,68.0,-100.0,19.00119463051919,3.7999999999999996e-08,0.0,0.0,0.0
fixed,PPO-QP,20260806,30,261,29,32.04984728036993,-53.62961222702111,26.789419665405738,-7.039028315710803,-7.039028307551167,33.72161650341334,hard_qp_solution,-812.4216956616003,26.789419665405738,-126.78941966540575,32.04984728036993,125.0,67.0,-100.0,26.789419665405738,3.7999999999999996e-08,0.0,0.0,0.0
fixed,PPO-QP,20260806,30,261,30,33.72161650341334,-52.03902830755116,33.14214271297068,-7.632790779998904,-7.632790771838041,35.53440431172487,hard_qp_solution,-805.3826673540491,33.14214271297068,-133.14214271297067,33.72161650341334,125.0,66.0,-100.0,33.14214271297068,3.7999999999999996e-08,0.0,0.0,0.0
fixed,PPO-QP,20260806,30,261,31,35.53440431172487,-52.63279077183804,37.36720922816196,2.958328248549814,2.9583282566880373,34.75589687575433,hard_qp_solution,-797.7498765822111,40.03073638455451,-140.0307363845545,35.53440431172487,125.0,65.0,-100.0,40.03073638455451,3.7999999999999996e-08,0.0,0.0,0.0
fixed,PPO-QP,20260806,30,261,32,34.75589687575433,-42.041671743311966,37.07240812786646,-0.5637885474662974,-0.5637885393205124,34.88979665384295,hard_qp_solution,-801.0278026284028,37.07240812786646,-137.07240812786645,34.75589687575433,125.0,64.0,-100.0,37.07240812786646,3.7999999999999996e-08,0.0,0.0,0.0
fixed,PPO-QP,20260806,30,261,33,34.88979665384295,-45.56378853932051,37.58122728460321,0.7341150162158483,0.734115024358677,34.696608489538036,hard_qp_solution,-800.4640140890823,37.58122728460321,-137.58122728460322,34.88979665384295,125.0,63.0,-100.0,37.58122728460321,3.7999999999999996e-08,0.0,0.0,0.0
fixed,PPO-QP,20260806,30,261,34,34.696608489538036,-44.26588497564132,36.847112260244536,-11.240860983769373,-11.240860975600645,37.36631297124319,hard_qp_solution,-801.2774379387872,36.847112260244536,-136.84711226024453,34.696608489538036,125.0,62.0,-100.0,36.847112260244536,3.7999999999999996e-08,0.0,0.0,0.0
fixed,PPO-QP,20260806,30,261,35,37.36631297124319,-56.24086097560065,33.75913902439935,-19.770808012420815,-19.77080800423357,42.06187987224866,hard_qp_solution,-790.0365769631866,46.99198929072412,-146.99198929072412,37.36631297124319,125.0,61.0,-100.0,46.99198929072412,3.7999999999999996e-08,0.0,0.0,0.0
fixed,PPO-QP,20260806,30,261,36,42.06187987224866,-64.77080800423357,25.22919199576643,-24.83030309802636,-24.830303089925525,47.95907685610597,hard_qp_solution,-770.2657689589531,64.83514351454491,-164.8351435145449,42.06187987224866,125.0,60.0,-100.0,64.83514351454491,3.7999999999999996e-08,0.0,0.0,0.0
fixed,PPO-QP,20260806,30,261,37,47.95907685610597,-69.83030308992552,20.169696910074475,-37.943030122790034,-37.94303011456368,56.97054650831485,hard_qp_solution,-745.4354658690274,87.24449205320269,-187.2444920532027,47.95907685610597,125.0,59.0,-100.0,87.24449205320269,3.7999999999999996e-08,0.0,0.0,0.0
fixed,PPO-QP,20260806,30,261,38,56.97054650831485,-82.94303011456368,7.056969885436317,-37.758009470794626,-37.75800946256888,65.93807375567495,hard_qp_solution,-707.4924357544638,121.48807673159641,-200.0,56.97054650831485,125.0,58.0,-100.0,100.0,3.7999999999999996e-08,0.0,0.0,0.0
fixed,PPO-QP,20260806,30,261,39,65.93807375567495,-82.75800946256888,7.241990537431121,-23.30998737170393,-23.309987363509208,71.47419575450839,hard_qp_solution,-669.7344262918949,155.5646802715648,-200.0,65.93807375567495,125.0,57.0,-100.0,100.0,3.7999999999999996e-08,0.0,0.0,0.0
fixed,PPO-QP,20260806,30,261,40,71.47419575450839,-68.30998736350921,21.690012636490792,-24.622543500579777,-36.96910267164401,80.25435763902384,hard_qp_solution,-646.4244389283857,176.60194386713187,-200.0,71.47419575450839,125.0,56.0,-100.0,100.0,3.7999999999999996e-08,0.0,0.0,0.0
fixed,PPO-QP,20260806,30,261,41,80.25435763902384,-81.96910267164401,8.03089732835599,-33.65803959366604,-33.65803958554589,88.24814204059099,hard_qp_solution,-609.4553362567417,209.96655902829056,-200.0,80.25435763902384,125.0,55.0,-100.0,100.0,3.7999999999999996e-08,0.0,0.0,0.0
fixed,PPO-QP,20260806,30,261,42,88.24814204059099,-78.6580395855459,11.341960414454107,-33.60747828561678,-74.78208582480993,106.00888742398335,hard_qp_solution,-575.7972966711958,240.34293975424575,-200.0,88.24814204059099,125.0,54.0,-100.0,100.0,3.7999999999999996e-08,0.0,0.0,0.0
fixed,PPO-QP,20260806,30,261,43,106.00888742398335,-100.0,-29.782085824809926,-28.61568725832562,-41.4533350062411,115.85405448796561,hard_qp_solution,-501.0152108463859,307.8337722111367,-200.0,106.00888742398335,125.0,53.0,-100.0,100.0,3.7999999999999996e-08,0.0,0.0,0.0
fixed,PPO-QP,20260806,30,261,44,115.85405448796561,-86.4533350062411,3.5466649937589025,-25.669256517794242,-74.35290199329687,133.5128687113736,hard_qp_solution,-459.5618758401448,345.2454070542693,-200.0,115.85405448796561,125.0,52.0,-100.0,100.0,3.7999999999999996e-08,0.0,0.0,0.0
fixed,PPO-QP,20260806,30,261,45,133.5128687113736,-100.0,-29.352901993296868,-31.99756879748015,-60.333048926341974,147.84196783137983,hard_qp_solution,-385.208973846848,412.3489011032197,-200.0,133.5128687113736,125.0,51.0,-100.0,100.0,3.7999999999999996e-08,0.0,0.0,0.0
fixed,PPO-QP,20260806,30,261,46,147.84196783137983,-100.0,-15.333048926341974,-32.98444816303109,-43.19152405056688,158.09995479338946,hard_qp_solution,-324.875924920506,466.79947775924336,-200.0,147.84196783137983,125.0,50.0,-100.0,100.0,3.7999999999999996e-08,0.0,0.0,0.0
fixed,PPO-QP,20260806,30,261,47,158.09995479338946,-88.19152405056688,1.8084759494331166,-14.57427000619801,-20.762006253579067,163.03093127861447,hard_qp_solution,-281.6844008699391,505.7798282148799,-200.0,158.09995479338946,125.0,49.0,-100.0,100.0,3.7999999999999996e-08,0.0,0.0,0.0
fixed,PPO-QP,20260806,30,261,48,163.03093127861447,-65.76200625357907,24.237993746420933,-21.45638170132719,-21.456381692954487,168.12682193069116,hard_qp_solution,-260.9223946163601,524.517538858735,-200.0,163.03093127861447,125.0,48.0,-100.0,100.0,3.7999999999999996e-08,0.0,0.0,0.0
fixed,PPO-QP,20260806,30,261,49,168.12682193069116,-66.4563816929545,23.543618307045513,-3.4238710823709257,-61.47043371676766,182.72604993842347,hard_qp_solution,-239.46601292340563,543.8819233366264,-200.0,168.12682193069116,125.0,47.0,-100.0,100.0,3.7999999999999996e-08,0.0,0.0,0.0
fixed,PPO-QP,20260806,30,261,50,182.72604993842347,-100.0,-16.47043371676766,-2.2790892581997837,-42.22597470251629,192.75471893027108,hard_qp_solution,-177.995579206638,599.3589897660091,-200.0,182.72604993842347,125.0,46.0,-100.0,100.0,3.7999999999999996e-08,0.0,0.0,0.0
fixed,PPO-QP,20260806,30,261,51,192.75471893027108,-87.22597470251628,2.7740252974837105,3.900591372407737,2.7740252974837105,192.02471227303852,hard_qp_solution,-135.76960450412176,637.46793193503,-200.0,192.75471893027108,125.0,45.0,-100.0,100.0,3.7999999999999996e-08,0.0,0.0,0.0
fixed,PPO-QP,20260806,30,261,52,192.02471227303852,-42.22597470251629,47.77402529748371,-8.72632181291329,-8.726321804522168,194.09721370161253,hard_qp_solution,-138.843316745101,634.6939066375463,-200.0,192.02471227303852,125.0,44.0,-100.0,100.0,3.7999999999999996e-08,0.0,0.0,0.0
fixed,PPO-QP,20260806,30,261,53,194.09721370161253,-53.72632180452217,36.27367819547783,16.78937436133023,-22.885436204224245,199.5325048001158,hard_qp_solution,-130.11699494057882,642.5694120661276,-200.0,194.09721370161253,125.0,43.0,-100.0,100.0,3.7999999999999996e-08,0.0,0.0,0.0
fixed,PPO-QP,20260806,30,261,54,199.5325048001158,-67.88543620422425,22.114563795775755,9.672569638734148,1.6691394889085096,199.0932575661925,hard_qp_solution,-107.23155873635459,663.22351824044,-200.0,199.5325048001158,125.0,42.0,-100.0,100.0,3.7999999999999996e-08,0.0,0.0,0.0
fixed,PPO-QP,20260806,30,261,55,199.0932575661925,-43.33086051109149,46.66913948890851,29.431776904859657,11.506264521439206,196.06529321844533,hard_qp_solution,-109.0810207739263,661.5543787515315,-200.0,199.0932575661925,125.0,41.0,-100.0,100.0,3.7999999999999996e-08,0.0,0.0,0.0
fixed,PPO-QP,20260806,30,261,56,196.06529321844533,-33.493735478560794,56.506264521439206,19.061047265324937,19.0610472736863,191.04922814642262,hard_qp_solution,-121.83034434338808,650.0481142300922,-200.0,196.06529321844533,125.0,40.0,-100.0,100.0,3.7999999999999996e-08,0.0,0.0,0.0
fixed,PPO-QP,20260806,30,261,57,191.04922814642262,-25.9389527263137,64.0610472736863,24.906968684970437,24.906968693284373,184.49476270082147,hard_qp_solution,-142.95061833085214,630.9870669564059,-200.0,191.04922814642262,125.0,39.0,-100.0,100.0,3.7999999999999996e-08,0.0,0.0,0.0
fixed,PPO-QP,20260806,30,261,58,184.49476270082147,-20.093031306715627,69.90696869328437,36.39084102065792,36.39084102887906,174.91822558795855,hard_qp_solution,-170.54836757548856,606.0800982631215,-200.0,184.49476270082147,125.0,38.0,-100.0,100.0,3.7999999999999996e-08,0.0,0.0,0.0
fixed,PPO-QP,20260806,30,261,59,174.91822558795855,-8.60915897112094,81.39084102887907,18.646368837303758,18.64636884566833,170.0112864180458,hard_qp_solution,-210.87062910333245,569.6892572342424,-200.0,174.91822558795855,125.0,37.0,-100.0,100.0,3.7999999999999996e-08,0.0,0.0,0.0
fixed,PPO-QP,20260806,30,261,60,170.0112864180458,-26.35363115433167,63.646368845668334,8.693231911881451,8.69323192032669,167.72359380743353,hard_qp_solution,-231.53142560822818,551.042888388574,-200.0,170.0112864180458,125.0,36.0,-100.0,100.0,3.7999999999999996e-08,0.0,0.0,0.0
fixed,PPO-QP,20260806,30,261,61,167.72359380743353,-36.30676807967331,53.69323192032669,18.016556141703187,18.016556150072958,162.98239482057224,hard_qp_solution,-241.1638155476483,542.3496564682474,-200.0,167.72359380743353,125.0,35.0,-100.0,100.0,3.7999999999999996e-08,0.0,0.0,0.0
fixed,PPO-QP,20260806,30,261,62,162.98239482057224,-26.983443849927042,63.01655615007296,24.935140916075515,24.935140924389483,156.42051562994342,hard_qp_solution,-261.12675865022214,524.3331003181745,-200.0,162.98239482057224,125.0,34.0,-100.0,100.0,3.7999999999999996e-08,0.0,0.0,0.0
fixed,PPO-QP,20260806,30,261,63,156.42051562994342,-20.064859075610517,69.93514092438949,26.248588694757157,26.248588703060438,149.51299228703277,hard_qp_solution,-288.7557236633961,499.39795939378496,-200.0,156.42051562994342,125.0,33.0,-100.0,100.0,3.7999999999999996e-08,0.0,0.0,0.0
fixed,PPO-QP,20260806,30,261,64,149.51299228703277,-18.751411296939562,71.24858870306043,16.510164074277505,16.510164082659674,145.16821226528023,hard_qp_solution,-317.84003247565147,473.14937069072454,-200.0,149.51299228703277,125.0,32.0,-100.0,100.0,3.7999999999999996e-08,0.0,0.0,0.0
fixed,PPO-QP,20260806,30,261,65,145.16821226528023,-28.489835917340326,61.51016408265967,21.44154324915472,21.441543257496978,139.5257008817284,hard_qp_solution,-336.13384309355695,456.63920660806485,-200.0,145.16821226528023,125.0,31.0,-100.0,100.0,3.7999999999999996e-08,0.0,0.0,0.0
fixed,PPO-QP,20260806,30,261,66,139.5257008817284,-23.558456742503022,66.44154325749697,30.43922535300595,30.439225361275525,131.51537841823483,hard_qp_solution,-359.8917857611436,435.1976633505679,-200.0,139.5257008817284,125.0,30.0,-100.0,100.0,3.7999999999999996e-08,0.0,0.0,0.0
fixed,PPO-QP,20260806,30,261,67,131.51537841823483,-14.560774638724475,75.43922536127553,15.032808348567638,15.032808356961713,127.55937621903438,hard_qp_solution,-393.61945929164284,404.75843798929236,-200.0,131.51537841823483,125.0,29.0,-100.0,100.0,3.7999999999999996e-08,0.0,0.0,0.0
fixed,PPO-QP,20260806,30,261,68,127.55937621903438,-29.967191643038287,60.03280835696171,-0.43294478983609164,-0.43294478132756875,127.66220060459968,hard_qp_solution,-410.2763106566974,389.7256296323306,-200.0,127.55937621903438,125.0,28.0,-100.0,100.0,3.7999999999999996e-08,0.0,0.0,0.0
fixed,PPO-QP,20260806,30,261,69,127.66220060459968,-45.43294478132757,44.56705521867243,3.3254075820270472,3.325407590483462,126.78709334394614,hard_qp_solution,-409.8433658753698,390.11636229747876,-200.0,127.66220060459968,125.0,27.0,-100.0,100.0,3.7999999999999996e-08,0.0,0.0,0.0
fixed,PPO-QP,20260806,30,261,70,126.78709334394614,-41.674592409516535,48.325407590483465,-9.149999900590599,-9.14999989205214,128.96021831830853,hard_qp_solution,-413.52802802548996,386.7909547069953,-200.0,126.78709334394614,125.0,26.0,-100.0,100.0,3.7999999999999996e-08,0.0,0.0,0.0
fixed,PPO-QP,20260806,30,261,71,128.96021831830853,-54.149999892052136,35.850000107947864,-4.7813869451219775,-4.781386936611892,130.09579771575386,hard_qp_solution,-404.3780281334378,395.0488296095724,-200.0,128.96021831830853,125.0,25.0,-100.0,100.0,3.7999999999999996e-08,0.0,0.0,0.0
fixed,PPO-QP,20260806,30,261,72,130.09579771575386,-49.781386936611895,40.218613063388105,5.394765246919094,5.394765259573985,128.6761226474449,hard_qp_solution,-399.5966411968259,399.36403131986464,-200.0,130.09579771575386,125.0,24.0,-100.0,100.0,3.7999999999999996e-08,0.0,0.0,0.0
fixed,PPO-QP,20260806,30,261,73,128.6761226474449,-39.60523474042601,50.39476525957399,8.67072967119691,8.670729683251974,126.39435167816808,hard_qp_solution,-405.5742204318109,393.96926606029064,-200.0,128.6761226474449,125.0,23.0,-100.0,100.0,3.7999999999999996e-08,0.0,0.0,0.0
fixed,PPO-QP,20260806,30,261,74,126.39435167816808,-36.32927031674802,53.67072968325198,10.715264666656129,10.715264678555098,123.57454518381148,hard_qp_solution,-415.18167714455547,385.29853637703866,-200.0,126.39435167816808,125.0,22.0,-100.0,100.0,3.7999999999999996e-08,0.0,0.0,0.0
fixed,PPO-QP,20260806,30,261,75,123.57454518381148,-34.2847353214449,55.7152646785551,4.510594412263121,4.5105944241937275,122.38754665112891,hard_qp_solution,-427.054546594478,374.5832716984836,-200.0,123.57454518381148,125.0,21.0,-100.0,100.0,3.7999999999999996e-08,0.0,0.0,0.0
fixed,PPO-QP,20260806,30,261,76,122.38754665112891,-40.48940557580627,49.51059442419373,8.64246004727552,8.642460059392269,120.11321505655201,hard_qp_solution,-432.05243515314146,370.07267727428984,-200.0,122.38754665112891,125.0,20.0,-100.0,100.0,3.7999999999999996e-08,0.0,0.0,0.0
fixed,PPO-QP,20260806,30,261,77,120.11321505655201,-36.35753994060773,53.64246005939227,5.32926976243321,5.32926977430093,118.71077564226229,hard_qp_solution,-441.6285681829389,361.4302172148976,-200.0,120.11321505655201,125.0,19.0,-100.0,100.0,3.7999999999999996e-08,0.0,0.0,0.0
fixed,PPO-QP,20260806,30,261,78,118.71077564226229,-39.67073022569907,50.32926977430093,5.27409206975696,5.274092081690342,117.32285667339642,hard_qp_solution,-447.53357624310615,356.1009474405967,-200.0,118.71077564226229,125.0,18.0,-100.0,100.0,3.7999999999999996e-08,0.0,0.0,0.0
fixed,PPO-QP,20260806,30,261,79,117.32285667339642,-39.72590791830966,50.27409208169034,1.561341449637178,1.5613414615354981,116.91197734141339,hard_qp_solution,-453.3774455856993,350.82685535890636,-200.0,117.32285667339642,125.0,17.0,-100.0,100.0,3.7999999999999996e-08,0.0,0.0,0.0
fixed,PPO-QP,20260806,30,261,80,116.91197734141339,-43.4386585384645,46.5613414615355,-4.477094387951934,-4.4770943760045085,117.97528725571446,hard_qp_solution,-455.10746382562786,349.26551389737085,-200.0,116.91197734141339,125.0,16.0,-100.0,100.0,3.7999999999999996e-08,0.0,0.0,0.0
fixed,PPO-QP,20260806,30,261,81,117.97528725571446,-49.47709437600451,40.52290562399549,-6.8650823139611505,-6.865082301784186,119.6057443023882,hard_qp_solution,-450.63036944962334,353.30609157171494,-200.0,117.97528725571446,125.0,15.0,-100.0,100.0,3.7999999999999996e-08,0.0,0.0,0.0
fixed,PPO-QP,20260806,30,261,82,119.6057443023882,-51.865082301784184,38.134917698215816,-5.13913225078632,-5.139132238375687,120.82628820900243,hard_qp_solution,-443.76528714783916,359.50182834907514,-200.0,119.6057443023882,125.0,14.0,-100.0,100.0,3.7999999999999996e-08,0.0,0.0,0.0
fixed,PPO-QP,20260806,30,261,83,120.82628820900243,-50.13913223837569,39.86086776162431,-14.766532264063548,-14.766532252032308,124.3333396188601,hard_qp_solution,-438.6261549094635,364.1398951942092,-200.0,120.82628820900243,125.0,13.0,-100.0,100.0,3.7999999999999996e-08,0.0,0.0,0.0
fixed,PPO-QP,20260806,30,261,84,124.3333396188601,-59.766532252032306,30.233467747967694,-15.660374190210696,-15.660374177717834,128.0526784860681,hard_qp_solution,-423.8596226574312,377.46669055166836,-200.0,124.3333396188601,125.0,12.0,-100.0,100.0,3.7999999999999996e-08,0.0,0.0,0.0
fixed,PPO-QP,20260806,30,261,85,128.0526784860681,-60.660374177717834,29.339625822282166,-13.092384409503593,-13.092384396765294,131.16211978029983,hard_qp_solution,-408.19924847971333,391.6001782470587,-200.0,128.0526784860681,125.0,11.0,-100.0,100.0,3.7999999999999996e-08,0.0,0.0,0.0
fixed,PPO-QP,20260806,30,261,86,131.16211978029983,-58.0923843967653,31.907615603234706,-23.901341639723025,-23.901341627592178,136.83868841685296,hard_qp_solution,-395.1068640829481,403.41605516513937,-200.0,131.16211978029983,125.0,10.0,-100.0,100.0,3.7999999999999996e-08,0.0,0.0,0.0
fixed,PPO-QP,20260806,30,261,87,136.83868841685296,-68.90134162759217,21.098658372407822,-21.777731357749232,-21.777731344860296,142.0108996112573,hard_qp_solution,-371.20552245535595,424.98701598404125,-200.0,136.83868841685296,125.0,9.0,-100.0,100.0,3.7999999999999996e-08,0.0,0.0,0.0
fixed,PPO-QP,20260806,30,261,88,142.0108996112573,-66.7777313448603,23.222268655139704,-17.12745847850074,-17.127458465570502,146.07867099683028,hard_qp_solution,-349.42779111049566,444.64141852277766,-200.0,142.0108996112573,125.0,8.0,-100.0,100.0,3.7999999999999996e-08,0.0,0.0,0.0
fixed,PPO-QP,20260806,30,261,89,146.07867099683028,-62.1274584655705,27.872541534429498,-16.657933704773022,-16.657933692063366,150.03493024869533,hard_qp_solution,-332.30033264492516,460.09894978795506,-200.0,146.07867099683028,125.0,7.0,-100.0,100.0,3.7999999999999996e-08,0.0,0.0,0.0
fixed,PPO-QP,20260806,30,261,90,150.03493024869533,-61.65793369206337,28.342066307936634,-17.778318726043562,-17.778318713408904,154.25728094312996,hard_qp_solution,-315.64239895286175,475.1327349450422,-200.0,150.03493024869533,125.0,6.0,-100.0,100.0,3.7999999999999996e-08,0.0,0.0,0.0
fixed,PPO-QP,20260806,30,261,91,154.25728094312996,-62.77831871340891,27.221681286591096,-22.153914177528527,-22.1539141649773,159.51883555731206,hard_qp_solution,-297.86408023945285,472.1776675838938,-200.0,154.25728094312996,125.0,5.0,-100.0,100.0,3.7999999999999996e-08,0.0,0.0,0.0
fixed,PPO-QP,20260806,30,261,92,159.51883555731206,-67.1539141649773,22.8460858350227,-21.6697735292662,-21.66977351638659,164.66540676745387,hard_qp_solution,-187.06750679469715,401.9215751177858,-200.0,159.51883555731206,125.0,4.0,-100.0,100.0,3.7999999999999996e-08,0.0,0.0,0.0
fixed,PPO-QP,20260806,30,261,93,164.66540676745387,-54.59440917858765,23.33022648361341,-20.486881610411363,-20.486881597521943,169.53104114686533,hard_qp_solution,-54.59440917858765,331.22854571632473,-154.59440917858765,164.66540676745387,125.0,3.0,-100.0,100.0,3.7999999999999996e-08,0.0,0.0,0.0
fixed,PPO-QP,20260806,30,261,94,169.53104114686533,69.21795635808823,100.0,-26.369046657249896,69.21795635808823,151.31578947368422,hard_qp_solution,69.21795635808823,259.46795635808826,-30.78204364191177,169.53104114686533,125.0,2.0,-100.0,100.0,3.7999999999999996e-08,0.0,1.0,44.704837955610174
fixed,PPO-QP,20260806,30,261,95,151.31578947368422,100.0,100.0,-23.164757077617775,100.0,125.0,hard_qp_solution,100.00000000000003,100.00000000000003,2.842170943040401e-14,151.31578947368422,125.0,1.0,-100.0,100.0,3.7999999999999996e-08,1.0,0.0,0.0
old,PPO-QP,20260806,30,262,0,125.0,-45.0,45.0,-8.309085161969403,-8.309085032680327,126.97340769526157,hard_qp_solution,-421.0526315789474,380.0,-200.0,,,,,,,,,
old,PPO-QP,20260806,30,262,1,126.97340769526157,-53.30908503268033,36.69091496731967,-1.2079596203603093,-1.2079595049071123,127.260298077677,hard_qp_solution,-412.7435465462671,387.49894924199396,-200.0,,,,,,,,,
old,PPO-QP,20260806,30,262,2,127.260298077677,-46.20795950490711,43.79204049509289,-3.8493858509303633,-3.8493858498836007,128.17452721702435,hard_qp_solution,-411.53558704136,388.5891326951726,-200.0,,,,,,,,,
old,PPO-QP,20260806,30,262,3,128.17452721702435,-48.8493858498836,41.1506141501164,3.6555120368099616,3.6555120493340825,127.21255036193644,hard_qp_solution,-407.68620119147647,392.0632034246925,-200.0,,,,,,,,,
old,PPO-QP,20260806,30,262,4,127.21255036193644,-41.344487950665915,48.655512049334085,8.349475742197027,8.349475754363603,125.0153199002618,hard_qp_solution,-411.73663005500447,388.40769137535847,-200.0,,,,,,,,,
old,PPO-QP,20260806,30,262,5,125.0153199002618,-36.6505242456364,53.3494757543636,8.538173908826254,8.538173920667976,122.76843202640181,hard_qp_solution,-420.9881267357398,380.0582156209948,-200.0,,,,,,,,,
old,PPO-QP,20260806,30,262,6,122.76843202640181,-36.46182607933203,53.53817392066797,12.380961796442143,12.380961808412511,119.51028418208273,hard_qp_solution,-430.44870725725553,371.5200417003269,-200.0,,,,,,,,,
old,PPO-QP,20260806,30,262,7,119.51028418208273,-32.61903819158749,57.38096180841251,11.412363910914681,11.412363922732824,116.50703051820567,hard_qp_solution,-444.1672244964938,359.1390798919144,-200.0,,,,,,,,,
old,PPO-QP,20260806,30,262,8,116.50703051820567,-33.58763607726718,56.41236392273282,8.4149197790668,8.414919790909478,114.29257794165053,hard_qp_solution,-456.8125030812393,347.7267159691815,-200.0,,,,,,,,,
old,PPO-QP,20260806,30,262,9,114.29257794165053,-36.58508020909052,53.41491979090948,13.8752076594782,13.87520767151311,110.64120750177867,hard_qp_solution,-466.1365139298925,339.311796178272,-200.0,,,,,,,,,
old,PPO-QP,20260806,30,262,10,110.64120750177867,-31.12479232848689,58.87520767151311,20.777615367739376,20.777615379643873,105.17341398081976,hard_qp_solution,-481.5107052556688,325.43658850675894,-200.0,,,,,,,,,
old,PPO-QP,20260806,30,262,11,105.17341398081976,-24.222384620356127,65.77761537964388,14.846105927262194,14.846105939400022,101.26654399676713,hard_qp_solution,-504.53299376496943,304.6589731271151,-200.0,,,,,,,,,
old,PPO-QP,20260806,30,262,12,101.26654399676713,-30.153894060599978,59.84610593940002,22.086949877254476,22.086949889138833,95.45418876278322,hard_qp_solution,-520.9829726451911,289.8128671877151,-200.0,,,,,,,,,
old,PPO-QP,20260806,30,262,13,95.45418876278322,-22.913050110861167,67.08694988913884,31.15778019601828,31.157780207727072,87.25477291864452,hard_qp_solution,-545.456047314597,267.72591729857623,-200.0,,,,,,,,,
old,PPO-QP,20260806,30,262,14,87.25477291864452,-13.842219792272928,76.15778020772707,46.4994626199755,46.49946263221349,75.01807222595676,hard_qp_solution,-579.9799035004443,236.56813709084918,-200.0,,,,,,,,,
old,PPO-QP,20260806,30,262,15,75.01807222595676,1.4994626322134934,91.4994626322135,43.696965840283106,43.696965852646876,63.518870685786524,hard_qp_solution,-631.5028537854453,190.06867445863566,-200.0,,,,,,,,,
old,PPO-QP,20260806,30,262,16,63.518870685786524,-1.3030341473531237,88.69696585264688,51.92969228520988,51.929692296698235,49.85316218665541,hard_qp_solution,-679.9205444808989,146.37170860598877,-200.0,,,,,,,,,
old,PPO-QP,20260806,30,262,17,49.85316218665541,6.929692296698235,94.44201630929055,48.573600750028724,48.57360076259224,37.07063567018377,hard_qp_solution,-737.4603697403983,94.44201630929055,-194.44201630929055,,,,,,,,,
old,PPO-QP,20260806,30,262,18,37.07063567018377,3.5736007625922426,45.86841554669832,55.515788648917095,45.86841554669832,25.0,hard_qp_solution,-791.2815340202789,45.86841554669832,-145.86841554669832,,,,,,,,,
old,PPO-QP,20260806,30,262,19,25.0,-100.0,0.0,42.659823191465435,0.0,25.0,hard_qp_solution,-842.1052631578948,0.0,-100.0,,,,,,,,,
old,PPO-QP,20260806,30,262,20,25.0,-45.0,0.0,53.67365403307897,0.0,25.0,hard_qp_solution,-842.1052631578948,0.0,-100.0,,,,,,,,,
old,PPO-QP,20260806,30,262,21,25.0,-45.0,0.0,34.32883909297408,0.0,25.0,hard_qp_solution,-842.1052631578948,0.0,-100.0,,,,,,,,,
old,PPO-QP,20260806,30,262,22,25.0,-45.0,0.0,35.92050463187064,0.0,25.0,hard_qp_solution,-842.1052631578948,0.0,-100.0,,,,,,,,,
old,PPO-QP,20260806,30,262,23,25.0,-45.0,0.0,2.4813116241697086,0.0,25.0,hard_qp_solution,-842.1052631578948,0.0,-100.0,,,,,,,,,
old,PPO-QP,20260806,30,262,24,25.0,-45.0,0.0,-2.887631148603802,-2.8876311326156974,25.68581239399623,hard_qp_solution,-842.1052631578948,0.0,-100.0,,,,,,,,,
old,PPO-QP,20260806,30,262,25,25.68581239399623,-47.887631132615695,2.606087097185673,-14.26728336538185,-14.26728335389672,29.0742921905467,hard_qp_solution,-839.217632025279,2.606087097185673,-102.60608709718568,,,,,,,,,
old,PPO-QP,20260806,30,262,26,29.0742921905467,-59.26728335389672,15.48231032407746,5.284376646256179,5.284376658638333,27.683666754062926,hard_qp_solution,-824.9503486713822,15.48231032407746,-115.48231032407746,,,,,,,,,
old,PPO-QP,20260806,30,262,27,27.683666754062926,-39.71562334136166,10.19793366543912,6.414716734107297,6.414716749403894,25.99558339895664,hard_qp_solution,-830.8056136671036,10.19793366543912,-110.19793366543912,,,,,,,,,
old,PPO-QP,20260806,30,262,28,25.99558339895664,-38.585283250596106,3.783216916035232,-22.96622784573867,-22.96622783754496,31.450062510373566,hard_qp_solution,-837.9133330570248,3.783216916035232,-103.78321691603523,,,,,,,,,
old,PPO-QP,20260806,30,262,29,31.450062510373566,-67.96622783754496,22.03377216245504,-24.40157257413525,-24.401572565938185,37.24543599478388,hard_qp_solution,-814.9471052194798,24.510237539419553,-124.51023753941955,,,,,,,,,
old,PPO-QP,20260806,30,262,30,37.24543599478388,-69.40157256593818,20.598427434061815,-40.04681815875316,-40.04681815052243,46.756555305532956,hard_qp_solution,-790.5455326535415,46.53265678017875,-146.53265678017874,,,,,,,,,
old,PPO-QP,20260806,30,262,31,46.756555305532956,-85.04681815052243,4.9531818494775735,-13.45416123787319,-13.45416122969958,49.951918597586605,hard_qp_solution,-750.4987145030191,82.67491016102522,-182.67491016102522,,,,,,,,,
old,PPO-QP,20260806,30,262,32,49.951918597586605,-58.45416122969958,31.54583877030042,-28.36180952031829,-28.361809512112718,56.687848356713374,hard_qp_solution,-737.0445532733196,94.8172906708291,-194.8172906708291,,,,,,,,,
old,PPO-QP,20260806,30,262,33,56.687848356713374,-73.36180951211271,16.638190487887282,-21.381053803647955,-21.381053795457564,61.765848633134546,hard_qp_solution,-708.6827437612069,120.41382375551082,-200.0,,,,,,,,,
old,PPO-QP,20260806,30,262,34,61.765848633134546,-66.38105379545756,23.618946204542436,-25.917771932781946,-25.917771924581867,67.92131946522274,hard_qp_solution,-687.3016899657493,139.71022480591128,-200.0,,,,,,,,,
old,PPO-QP,20260806,30,262,35,67.92131946522274,-70.91777192458187,19.082228075418133,-5.209892419730148,-5.20989241157438,69.15866891297165,hard_qp_solution,-661.3839180411675,163.1010139678464,-200.0,,,,,,,,,
old,PPO-QP,20260806,30,262,36,69.15866891297165,-50.20989241157438,39.79010758842562,-24.968815352460844,-24.96881534426249,75.08876255723399,hard_qp_solution,-656.1740256295931,167.80294186929225,-200.0,,,,,,,,,
old,PPO-QP,20260806,30,262,37,75.08876255723399,-69.9688153442625,20.03118465573751,-44.359682366125774,-44.3596823578857,85.62418711723184,hard_qp_solution,-631.2052102853306,190.33729771748915,-200.0,,,,,,,,,
old,PPO-QP,20260806,30,262,38,85.62418711723184,-89.3596823578857,0.6403176421142973,-48.83516134190847,-48.83516133365888,97.22253793397583,hard_qp_solution,-586.845527927445,230.371911045481,-200.0,,,,,,,,,
old,PPO-QP,20260806,30,262,39,97.22253793397583,-93.83516133365887,-3.8351613336588812,-28.30563163525624,-28.305631627050737,103.94512544540038,hard_qp_solution,-538.010366593786,274.44564414910815,-200.0,,,,,,,,,
old,PPO-QP,20260806,30,262,40,103.94512544540038,-73.30563162705073,16.694368372949263,-40.12850177848487,-40.1285017703164,113.47564461585053,hard_qp_solution,-509.70473496673526,299.9914766925214,-200.0,,,,,,,,,
old,PPO-QP,20260806,30,262,41,113.47564461585053,-85.1285017703164,4.871498229683603,-33.59983617448641,-33.59983616626959,121.45560570533955,hard_qp_solution,-469.57623319641885,336.207449540232,-200.0,,,,,,,,,
old,PPO-QP,20260806,30,262,42,121.45560570533955,-78.5998361662696,11.40016383373041,-33.74931913392864,-33.74931912571138,129.471068997696,hard_qp_solution,-435.97639703014926,366.53130168029026,-200.0,,,,,,,,,
old,PPO-QP,20260806,30,262,43,129.471068997696,-78.74931912571138,11.25068087428862,-21.815603822348212,-63.546018971819095,144.56324850350302,hard_qp_solution,-402.2270779044379,396.99006219124476,-200.0,,,,,,,,,
old,PPO-QP,20260806,30,262,44,144.56324850350302,-100.0,-18.546018971819095,-30.792945969729228,-30.792945961318622,151.8765731693162,hard_qp_solution,-338.6810589326189,454.34034431331145,-200.0,,,,,,,,,
old,PPO-QP,20260806,30,262,45,151.8765731693162,-75.79294596131862,14.207054038681378,-28.968554264561803,-28.96855425645752,158.75660480522487,hard_qp_solution,-307.8881129713002,482.13097804340157,-200.0,,,,,,,,,
old,PPO-QP,20260806,30,262,46,158.75660480522487,-73.96855425645752,16.03144574354248,-41.39573293581687,-41.39573292758297,168.58809137552583,hard_qp_solution,-278.91955871484265,508.2750982598545,-200.0,,,,,,,,,
old,PPO-QP,20260806,30,262,47,168.58809137552583,-86.39573292758297,3.6042670724170307,-26.346802954439525,-44.88257864892709,179.24770380464602,hard_qp_solution,-237.52382578725965,545.6347472269981,-200.0,,,,,,,,,
old,PPO-QP,20260806,30,262,48,179.24770380464602,-89.88257864892708,0.11742135107291318,-13.107255259815059,-52.93975569922323,191.82089578321154,hard_qp_solution,-192.64124713833255,586.1412744576548,-200.0,,,,,,,,,
old,PPO-QP,20260806,30,262,49,191.82089578321154,-97.93975569922323,-7.939755699223227,-0.7452664604572046,-22.6360279200102,197.19695241421397,hard_qp_solution,-139.7014914391093,633.9194039762039,-200.0,,,,,,,,,
old,PPO-QP,20260806,30,262,50,197.19695241421397,-67.6360279200102,22.3639720799898,-18.343040310019106,-18.34304030159522,201.55342448584284,hard_qp_solution,-117.06546351909908,654.3484191740131,-200.0,,,,,,,,,
old,PPO-QP,20260806,30,262,51,201.55342448584284,-63.343040301595224,26.65695969840478,4.588430198266942,4.5884302066354685,200.3459428525177,hard_qp_solution,-98.72242321750385,670.9030130462028,-198.72242321750383,,,,,,,,,
old,PPO-QP,20260806,30,262,52,200.3459428525177,-40.411569793364535,49.588430206635465,-2.234159999068196,-2.2341599905525396,200.87655585027395,hard_qp_solution,-103.80655641045176,666.3145828395673,-200.0,,,,,,,,,
old,PPO-QP,20260806,30,262,53,200.87655585027395,-47.23415999055254,42.76584000944746,7.564317365008384,7.564317373451901,198.885946015155,hard_qp_solution,-101.57239641989918,668.330912231041,-200.0,,,,,,,,,
old,PPO-QP,20260806,30,262,54,198.885946015155,-37.4356826265481,52.5643173734519,10.392459593262577,10.392459601694034,196.15108822523553,hard_qp_solution,-109.9539115151368,660.766594857589,-200.0,,,,,,,,,
old,PPO-QP,20260806,30,262,55,196.15108822523553,-34.607540398305964,55.392459601694036,19.58297052690509,19.582970535262113,190.99767492648235,hard_qp_solution,-121.46910220953464,650.374135255895,-200.0,,,,,,,,,
old,PPO-QP,20260806,30,262,56,190.99767492648235,-25.417029464737887,64.58297053526212,18.77764279629034,18.777642804654004,186.05618997788918,hard_qp_solution,-143.16768452007435,630.7911647206329,-200.0,,,,,,,,,
old,PPO-QP,20260806,30,262,57,186.05618997788918,-26.222357195345996,63.77764280465401,23.19632795046881,23.19632795879665,179.9518931466269,hard_qp_solution,-163.97393693520348,612.0135219159788,-200.0,,,,,,,,,
old,PPO-QP,20260806,30,262,58,179.9518931466269,-21.80367204120335,68.19632795879664,31.08836339164095,31.08836339990494,171.77074488349402,hard_qp_solution,-189.67623938262358,588.8171939571822,-200.0,,,,,,,,,
old,PPO-QP,20260806,30,262,59,171.77074488349402,-13.911636600095061,76.08836339990494,10.854853661176547,10.85485366960409,168.91420444412452,hard_qp_solution,-224.12317943791993,557.7288305572772,-200.0,,,,,,,,,
old,PPO-QP,20260806,30,262,60,168.91420444412452,-34.14514633039591,55.85485366960409,-0.7237505952632051,-0.7237505867419219,169.08609520847574,hard_qp_solution,-236.15071813000202,546.8739768876732,-200.0,,,,,,,,,
old,PPO-QP,20260806,30,262,61,169.08609520847574,-45.72375058674192,44.27624941325808,2.3670438070803,2.3670438155765527,168.46318894121876,hard_qp_solution,-235.42696754326005,547.5271617922078,-200.0,,,,,,,,,
old,PPO-QP,20260806,30,262,62,168.46318894121876,-42.63295618442345,47.36704381557655,26.304242930298084,26.30424293860084,161.5410197468501,hard_qp_solution,-238.04973077381575,545.1601179766312,-200.0,,,,,,,,,
old,PPO-QP,20260806,30,262,63,161.5410197468501,-18.69575706139916,71.30424293860084,11.56922858316365,11.56922859158556,158.49648590695918,hard_qp_solution,-267.1957063290522,518.8558750380304,-200.0,,,,,,,,,
old,PPO-QP,20260806,30,262,64,158.49648590695918,-33.430771408414444,56.569228591585556,9.006236296434718,9.006236304877522,156.1264237214651,hard_qp_solution,-280.01479618122454,507.2866464464449,-200.0,,,,,,,,,
old,PPO-QP,20260806,30,262,65,156.1264237214651,-35.99376369512248,54.00623630487752,26.196618715209365,26.196618723513136,149.23257668896164,hard_qp_solution,-289.99400538330485,498.28041014156736,-200.0,,,,,,,,,
old,PPO-QP,20260806,30,262,66,149.23257668896164,-18.803381276486864,71.19661872351314,19.887269693493653,19.88726970184849,143.99908466215942,hard_qp_solution,-319.02072973068783,472.0837914180542,-200.0,,,,,,,,,
old,PPO-QP,20260806,30,262,67,143.99908466215942,-25.11273029815151,64.88726970184848,11.373823117500566,11.373823125924234,141.00597331323198,hard_qp_solution,-341.056485633013,452.1965217162058,-200.0,,,,,,,,,
old,PPO-QP,20260806,30,262,68,141.00597331323198,-33.62617687407577,56.37382312592423,1.0688632576362167,1.0688632661414998,140.72469350635262,hard_qp_solution,-353.6590597337601,440.8226985902815,-200.0,,,,,,,,,
old,PPO-QP,20260806,30,262,69,140.72469350635262,-43.9311367338585,46.0688632661415,3.622962926153091,3.622962934624738,139.77128220776717,hard_qp_solution,-354.84339576272583,439.75383532413997,-200.0,,,,,,,,,
old,PPO-QP,20260806,30,262,70,139.77128220776717,-41.37703706537526,48.62296293462474,-6.433339914225476,-6.433339905687048,141.29920043536785,hard_qp_solution,-358.85775912519085,436.1308723895152,-200.0,,,,,,,,,
old,PPO-QP,20260806,30,262,71,141.29920043536785,-51.43333990568705,38.56666009431295,-2.036333513420973,-2.036333504929395,141.78282964278858,hard_qp_solution,-352.4244192195038,441.9369616543978,-200.0,,,,,,,,,
old,PPO-QP,20260806,30,262,72,141.78282964278858,-47.036333504929395,42.963666495070605,1.145107549137171,1.1451075614391912,141.481485547673,hard_qp_solution,-350.3880857145744,443.7747526425966,-200.0,,,,,,,,,
old,PPO-QP,20260806,30,262,73,141.481485547673,-43.85489243856081,46.14510756143919,10.304256070736058,10.304256083153335,138.76983921000107,hard_qp_solution,-351.6569029571663,442.6296450811574,-200.0,,,,,,,,,
old,PPO-QP,20260806,30,262,74,138.76983921000107,-34.695743916846666,55.304256083153334,6.25200833491318,6.252008346773387,137.12457385558702,hard_qp_solution,-363.07436122104815,432.32538899800403,-200.0,,,,,,,,,
old,PPO-QP,20260806,30,262,75,137.12457385558702,-38.74799165322661,51.25200834677339,1.540240688666773,1.5402407005652736,136.71924735543826,hard_qp_solution,-370.00179429226523,426.07338065123065,-200.0,,,,,,,,,
old,PPO-QP,20260806,30,262,76,136.71924735543826,-43.45975929943473,46.54024070056527,2.453966196071029,2.4539662081681772,136.07346677434137,hard_qp_solution,-371.70843218762843,424.5331399506654,-200.0,,,,,,,,,
old,PPO-QP,20260806,30,262,77,136.07346677434137,-42.546033791831825,47.453966208168175,4.0762721440387075,4.076272156131466,135.0007635753594,hard_qp_solution,-374.4275083185627,422.0791737424972,-200.0,,,,,,,,,
old,PPO-QP,20260806,30,262,78,135.0007635753594,-40.923727843868534,49.076272156131466,-0.7475368121587711,-0.7475368002416507,135.1783035654168,hard_qp_solution,-378.9441533669078,418.0029015863657,-200.0,,,,,,,,,
old,PPO-QP,20260806,30,262,79,135.1783035654168,-45.74753680024165,44.25246319975835,-0.4742517978334404,-0.47425178568312515,135.29093836451653,hard_qp_solution,-378.19661656666614,418.67755354858383,-200.0,,,,,,,,,
old,PPO-QP,20260806,30,262,80,135.29093836451653,-45.47425178568312,44.52574821431688,-10.112501547606666,-10.112501535515488,137.69265747920147,hard_qp_solution,-377.722364780983,419.1055657851628,-200.0,,,,,,,,,
old,PPO-QP,20260806,30,262,81,137.69265747920147,-55.11250153551549,34.88749846448451,-6.408368529955531,-6.408368517361924,139.21464500207492,hard_qp_solution,-367.6098632454675,428.2320984209656,-200.0,,,,,,,,,
old,PPO-QP,20260806,30,262,82,139.21464500207492,-51.40836851736192,38.59163148263808,-5.716515069184518,-5.7165150568278404,140.57231732807153,hard_qp_solution,-361.2014947281056,434.0156510078847,-200.0,,,,,,,,,
old,PPO-QP,20260806,30,262,83,140.57231732807153,-50.71651505682784,39.28348494317216,-13.318834068881936,-13.318834056939192,143.7355404165946,hard_qp_solution,-355.48497967127776,439.1748058466718,-200.0,,,,,,,,,
old,PPO-QP,20260806,30,262,84,143.7355404165946,-58.318834056939195,31.681165943060808,-13.58476288164852,-13.584762869094682,146.96192159800458,hard_qp_solution,-342.1661456143385,451.19505358305946,-200.0,,,,,,,,,
old,PPO-QP,20260806,30,262,85,146.96192159800458,-58.58476286909468,31.415237130905318,-13.984259961791013,-13.984259949233124,150.28318333594746,hard_qp_solution,-328.5813827452439,463.4553020724174,-200.0,,,,,,,,,
old,PPO-QP,20260806,30,262,86,150.28318333594746,-58.98425994923312,31.015740050766876,-20.90419950212212,-20.90419948980553,155.24793071477626,hard_qp_solution,-314.59712279601075,476.0760966766003,-200.0,,,,,,,,,
old,PPO-QP,20260806,30,262,87,155.24793071477626,-65.90419948980553,24.09580051019447,-20.233568218035515,-20.233568205191123,160.05340316350916,hard_qp_solution,-293.6929233062052,494.9421367161498,-200.0,,,,,,,,,
old,PPO-QP,20260806,30,262,88,160.05340316350916,-65.23356820519112,24.766431794808877,-15.162740972966143,-15.162740959980631,163.65455414150455,hard_qp_solution,-273.45935510101407,513.2029320213347,-200.0,,,,,,,,,
old,PPO-QP,20260806,30,262,89,163.65455414150455,-60.16274095998063,29.83725904001937,-19.511941999038385,-19.511941986574314,168.28864036331595,hard_qp_solution,-258.2966141410335,526.8873057377173,-200.0,,,,,,,,,
old,PPO-QP,20260806,30,262,90,168.28864036331595,-64.51194198657431,25.488058013425686,-18.238431915160426,-18.23843190234049,172.6202679401218,hard_qp_solution,-238.78467215445917,544.4968333806006,-200.0,,,,,,,,,
old,PPO-QP,20260806,30,262,91,172.6202679401218,-63.238431902340494,26.76156809765951,-29.62543311963035,-29.625433107461337,179.65630830314387,hard_qp_solution,-220.5462402521187,541.9570181724629,-200.0,,,,,,,,,
old,PPO-QP,20260806,30,262,92,179.65630830314387,-74.62543310746133,15.374566892538663,-23.30445155484747,-23.30445154149876,185.19111554424984,hard_qp_solution,-102.27814786487897,478.4439715519467,-200.0,,,,,,,,,
old,PPO-QP,20260806,30,262,93,185.19111554424984,28.726239068149322,100.0,-30.645023668543587,28.726239068149322,177.63157894736844,hard_qp_solution,28.726239068149322,409.22623906814937,-71.27376093185067,,,,,,,,,
old,PPO-QP,20260806,30,262,94,177.63157894736844,-16.273760931850678,73.72623906814933,-27.47828925640487,-16.273760834999237,181.49659714568077,hard_qp_solution,100.00000000000003,290.25000000000006,2.842170943040401e-14,,,,,,,,,
old,PPO-QP,20260806,30,262,95,181.49659714568077,-61.27376083499924,28.726239165000763,-37.8748301679675,-37.8748301547596,190.49186930743616,hard_qp_solution,214.6870691535869,214.6870691535869,114.68706915358689,,,,,,,,,
fixed,PPO-QP,20260806,30,262,0,125.0,-45.0,45.0,-8.309085161969403,-8.309085032680327,126.97340769526157,hard_qp_solution,-421.0526315789474,380.0,-200.0,125.0,125.0,96.0,-100.0,100.0,3.7999999999999996e-08,0.0,0.0,0.0
fixed,PPO-QP,20260806,30,262,1,126.97340769526157,-53.30908503268033,36.69091496731967,-1.2079596203603093,-1.2079595049071123,127.260298077677,hard_qp_solution,-412.7435465462671,387.49894924199396,-200.0,126.97340769526157,125.0,95.0,-100.0,100.0,3.7999999999999996e-08,0.0,0.0,0.0
fixed,PPO-QP,20260806,30,262,2,127.260298077677,-46.20795950490711,43.79204049509289,-3.8493858509303633,-3.8493858498836007,128.17452721702435,hard_qp_solution,-411.53558704136,388.5891326951726,-200.0,127.260298077677,125.0,94.0,-100.0,100.0,3.7999999999999996e-08,0.0,0.0,0.0
fixed,PPO-QP,20260806,30,262,3,128.17452721702435,-48.8493858498836,41.1506141501164,3.6555120368099616,3.6555120493340825,127.21255036193644,hard_qp_solution,-407.68620119147647,392.0632034246925,-200.0,128.17452721702435,125.0,93.0,-100.0,100.0,3.7999999999999996e-08,0.0,0.0,0.0
fixed,PPO-QP,20260806,30,262,4,127.21255036193644,-41.344487950665915,48.655512049334085,8.349475742197027,8.349475754363603,125.0153199002618,hard_qp_solution,-411.73663005500447,388.40769137535847,-200.0,127.21255036193644,125.0,92.0,-100.0,100.0,3.7999999999999996e-08,0.0,0.0,0.0
fixed,PPO-QP,20260806,30,262,5,125.0153199002618,-36.6505242456364,53.3494757543636,8.538173908826254,8.538173920667976,122.76843202640181,hard_qp_solution,-420.9881267357398,380.0582156209948,-200.0,125.0153199002618,125.0,91.0,-100.0,100.0,3.7999999999999996e-08,0.0,0.0,0.0
fixed,PPO-QP,20260806,30,262,6,122.76843202640181,-36.46182607933203,53.53817392066797,12.380961796442143,12.380961808412511,119.51028418208273,hard_qp_solution,-430.44870725725553,371.5200417003269,-200.0,122.76843202640181,125.0,90.0,-100.0,100.0,3.7999999999999996e-08,0.0,0.0,0.0
fixed,PPO-QP,20260806,30,262,7,119.51028418208273,-32.61903819158749,57.38096180841251,11.412363910914681,11.412363922732824,116.50703051820567,hard_qp_solution,-444.1672244964938,359.1390798919144,-200.0,119.51028418208273,125.0,89.0,-100.0,100.0,3.7999999999999996e-08,0.0,0.0,0.0
fixed,PPO-QP,20260806,30,262,8,116.50703051820567,-33.58763607726718,56.41236392273282,8.4149197790668,8.414919790909478,114.29257794165053,hard_qp_solution,-456.8125030812393,347.7267159691815,-200.0,116.50703051820567,125.0,88.0,-100.0,100.0,3.7999999999999996e-08,0.0,0.0,0.0
fixed,PPO-QP,20260806,30,262,9,114.29257794165053,-36.58508020909052,53.41491979090948,13.8752076594782,13.87520767151311,110.64120750177867,hard_qp_solution,-466.1365139298925,339.311796178272,-200.0,114.29257794165053,125.0,87.0,-100.0,100.0,3.7999999999999996e-08,0.0,0.0,0.0
fixed,PPO-QP,20260806,30,262,10,110.64120750177867,-31.12479232848689,58.87520767151311,20.777615367739376,20.777615379643873,105.17341398081976,hard_qp_solution,-481.5107052556688,325.43658850675894,-200.0,110.64120750177867,125.0,86.0,-100.0,100.0,3.7999999999999996e-08,0.0,0.0,0.0
fixed,PPO-QP,20260806,30,262,11,105.17341398081976,-24.222384620356127,65.77761537964388,14.846105927262194,14.846105939400022,101.26654399676713,hard_qp_solution,-504.53299376496943,304.6589731271151,-200.0,105.17341398081976,125.0,85.0,-100.0,100.0,3.7999999999999996e-08,0.0,0.0,0.0
fixed,PPO-QP,20260806,30,262,12,101.26654399676713,-30.153894060599978,59.84610593940002,22.086949877254476,22.086949889138833,95.45418876278322,hard_qp_solution,-520.9829726451911,289.8128671877151,-200.0,101.26654399676713,125.0,84.0,-100.0,100.0,3.7999999999999996e-08,0.0,0.0,0.0
fixed,PPO-QP,20260806,30,262,13,95.45418876278322,-22.913050110861167,67.08694988913884,31.15778019601828,31.157780207727072,87.25477291864452,hard_qp_solution,-545.456047314597,267.72591729857623,-200.0,95.45418876278322,125.0,83.0,-100.0,100.0,3.7999999999999996e-08,0.0,0.0,0.0
fixed,PPO-QP,20260806,30,262,14,87.25477291864452,-13.842219792272928,76.15778020772707,46.4994626199755,46.49946263221349,75.01807222595676,hard_qp_solution,-579.9799035004443,236.56813709084918,-200.0,87.25477291864452,125.0,82.0,-100.0,100.0,3.7999999999999996e-08,0.0,0.0,0.0
fixed,PPO-QP,20260806,30,262,15,75.01807222595676,1.4994626322134934,91.4994626322135,43.696965840283106,43.696965852646876,63.518870685786524,hard_qp_solution,-631.5028537854453,190.06867445863566,-200.0,75.01807222595676,125.0,81.0,-100.0,100.0,3.7999999999999996e-08,0.0,0.0,0.0
fixed,PPO-QP,20260806,30,262,16,63.518870685786524,-1.3030341473531237,88.69696585264688,51.92969228520988,51.929692296698235,49.85316218665541,hard_qp_solution,-679.9205444808989,146.37170860598877,-200.0,63.518870685786524,125.0,80.0,-100.0,100.0,3.7999999999999996e-08,0.0,0.0,0.0
fixed,PPO-QP,20260806,30,262,17,49.85316218665541,6.929692296698235,94.44201630929055,48.573600750028724,48.57360076259224,37.07063567018377,hard_qp_solution,-737.4603697403983,94.44201630929055,-194.44201630929055,49.85316218665541,125.0,79.0,-100.0,94.44201630929055,3.7999999999999996e-08,0.0,0.0,0.0
fixed,PPO-QP,20260806,30,262,18,37.07063567018377,3.5736007625922426,45.86841554669832,55.515788648917095,45.86841554669832,25.0,hard_qp_solution,-791.2815340202789,45.86841554669832,-145.86841554669832,37.07063567018377,125.0,78.0,-100.0,45.86841554669832,3.7999999999999996e-08,0.0,0.0,0.0
fixed,PPO-QP,20260806,30,262,19,25.0,-100.0,0.0,42.659823191465435,0.0,25.0,hard_qp_solution,-842.1052631578948,0.0,-100.0,25.0,125.0,77.0,-100.0,0.0,3.7999999999999996e-08,0.0,0.0,0.0
fixed,PPO-QP,20260806,30,262,20,25.0,-45.0,0.0,53.67365403307897,0.0,25.0,hard_qp_solution,-842.1052631578948,0.0,-100.0,25.0,125.0,76.0,-100.0,0.0,3.7999999999999996e-08,0.0,0.0,0.0
fixed,PPO-QP,20260806,30,262,21,25.0,-45.0,0.0,34.32883909297408,0.0,25.0,hard_qp_solution,-842.1052631578948,0.0,-100.0,25.0,125.0,75.0,-100.0,0.0,3.7999999999999996e-08,0.0,0.0,0.0
fixed,PPO-QP,20260806,30,262,22,25.0,-45.0,0.0,35.92050463187064,0.0,25.0,hard_qp_solution,-842.1052631578948,0.0,-100.0,25.0,125.0,74.0,-100.0,0.0,3.7999999999999996e-08,0.0,0.0,0.0
fixed,PPO-QP,20260806,30,262,23,25.0,-45.0,0.0,2.4813116241697086,0.0,25.0,hard_qp_solution,-842.1052631578948,0.0,-100.0,25.0,125.0,73.0,-100.0,0.0,3.7999999999999996e-08,0.0,0.0,0.0
fixed,PPO-QP,20260806,30,262,24,25.0,-45.0,0.0,-2.887631148603802,-2.8876311326156974,25.68581239399623,hard_qp_solution,-842.1052631578948,0.0,-100.0,25.0,125.0,72.0,-100.0,0.0,3.7999999999999996e-08,0.0,0.0,0.0
fixed,PPO-QP,20260806,30,262,25,25.68581239399623,-47.887631132615695,2.606087097185673,-14.26728336538185,-14.26728335389672,29.0742921905467,hard_qp_solution,-839.217632025279,2.606087097185673,-102.60608709718568,25.68581239399623,125.0,71.0,-100.0,2.606087097185673,3.7999999999999996e-08,0.0,0.0,0.0
fixed,PPO-QP,20260806,30,262,26,29.0742921905467,-59.26728335389672,15.48231032407746,5.284376646256179,5.284376658638333,27.683666754062926,hard_qp_solution,-824.9503486713822,15.48231032407746,-115.48231032407746,29.0742921905467,125.0,70.0,-100.0,15.48231032407746,3.7999999999999996e-08,0.0,0.0,0.0
fixed,PPO-QP,20260806,30,262,27,27.683666754062926,-39.71562334136166,10.19793366543912,6.414716734107297,6.414716749403894,25.99558339895664,hard_qp_solution,-830.8056136671036,10.19793366543912,-110.19793366543912,27.683666754062926,125.0,69.0,-100.0,10.19793366543912,3.7999999999999996e-08,0.0,0.0,0.0
fixed,PPO-QP,20260806,30,262,28,25.99558339895664,-38.585283250596106,3.783216916035232,-22.96622784573867,-22.96622783754496,31.450062510373566,hard_qp_solution,-837.9133330570248,3.783216916035232,-103.78321691603523,25.99558339895664,125.0,68.0,-100.0,3.783216916035232,3.7999999999999996e-08,0.0,0.0,0.0
fixed,PPO-QP,20260806,30,262,29,31.450062510373566,-67.96622783754496,22.03377216245504,-24.40157257413525,-24.401572565938185,37.24543599478388,hard_qp_solution,-814.9471052194798,24.510237539419553,-124.51023753941955,31.450062510373566,125.0,67.0,-100.0,24.510237539419553,3.7999999999999996e-08,0.0,0.0,0.0
fixed,PPO-QP,20260806,30,262,30,37.24543599478388,-69.40157256593818,20.598427434061815,-40.04681815875316,-40.04681815052243,46.756555305532956,hard_qp_solution,-790.5455326535415,46.53265678017875,-146.53265678017874,37.24543599478388,125.0,66.0,-100.0,46.53265678017875,3.7999999999999996e-08,0.0,0.0,0.0
fixed,PPO-QP,20260806,30,262,31,46.756555305532956,-85.04681815052243,4.9531818494775735,-13.45416123787319,-13.45416122969958,49.951918597586605,hard_qp_solution,-750.4987145030191,82.67491016102522,-182.67491016102522,46.756555305532956,125.0,65.0,-100.0,82.67491016102522,3.7999999999999996e-08,0.0,0.0,0.0
fixed,PPO-QP,20260806,30,262,32,49.951918597586605,-58.45416122969958,31.54583877030042,-28.36180952031829,-28.361809512112718,56.687848356713374,hard_qp_solution,-737.0445532733196,94.8172906708291,-194.8172906708291,49.951918597586605,125.0,64.0,-100.0,94.8172906708291,3.7999999999999996e-08,0.0,0.0,0.0
fixed,PPO-QP,20260806,30,262,33,56.687848356713374,-73.36180951211271,16.638190487887282,-21.381053803647955,-21.381053795457564,61.765848633134546,hard_qp_solution,-708.6827437612069,120.41382375551082,-200.0,56.687848356713374,125.0,63.0,-100.0,100.0,3.7999999999999996e-08,0.0,0.0,0.0
fixed,PPO-QP,20260806,30,262,34,61.765848633134546,-66.38105379545756,23.618946204542436,-25.917771932781946,-25.917771924581867,67.92131946522274,hard_qp_solution,-687.3016899657493,139.71022480591128,-200.0,61.765848633134546,125.0,62.0,-100.0,100.0,3.7999999999999996e-08,0.0,0.0,0.0
fixed,PPO-QP,20260806,30,262,35,67.92131946522274,-70.91777192458187,19.082228075418133,-5.209892419730148,-5.20989241157438,69.15866891297165,hard_qp_solution,-661.3839180411675,163.1010139678464,-200.0,67.92131946522274,125.0,61.0,-100.0,100.0,3.7999999999999996e-08,0.0,0.0,0.0
fixed,PPO-QP,20260806,30,262,36,69.15866891297165,-50.20989241157438,39.79010758842562,-24.968815352460844,-24.96881534426249,75.08876255723399,hard_qp_solution,-656.1740256295931,167.80294186929225,-200.0,69.15866891297165,125.0,60.0,-100.0,100.0,3.7999999999999996e-08,0.0,0.0,0.0
fixed,PPO-QP,20260806,30,262,37,75.08876255723399,-69.9688153442625,20.03118465573751,-44.359682366125774,-44.3596823578857,85.62418711723184,hard_qp_solution,-631.2052102853306,190.33729771748915,-200.0,75.08876255723399,125.0,59.0,-100.0,100.0,3.7999999999999996e-08,0.0,0.0,0.0
fixed,PPO-QP,20260806,30,262,38,85.62418711723184,-89.3596823578857,0.6403176421142973,-48.83516134190847,-48.83516133365888,97.22253793397583,hard_qp_solution,-586.845527927445,230.371911045481,-200.0,85.62418711723184,125.0,58.0,-100.0,100.0,3.7999999999999996e-08,0.0,0.0,0.0
fixed,PPO-QP,20260806,30,262,39,97.22253793397583,-93.83516133365887,-3.8351613336588812,-28.30563163525624,-28.305631627050737,103.94512544540038,hard_qp_solution,-538.010366593786,274.44564414910815,-200.0,97.22253793397583,125.0,57.0,-100.0,100.0,3.7999999999999996e-08,0.0,0.0,0.0
fixed,PPO-QP,20260806,30,262,40,103.94512544540038,-73.30563162705073,16.694368372949263,-40.12850177848487,-40.1285017703164,113.47564461585053,hard_qp_solution,-509.70473496673526,299.9914766925214,-200.0,103.94512544540038,125.0,56.0,-100.0,100.0,3.7999999999999996e-08,0.0,0.0,0.0
fixed,PPO-QP,20260806,30,262,41,113.47564461585053,-85.1285017703164,4.871498229683603,-33.59983617448641,-33.59983616626959,121.45560570533955,hard_qp_solution,-469.57623319641885,336.207449540232,-200.0,113.47564461585053,125.0,55.0,-100.0,100.0,3.7999999999999996e-08,0.0,0.0,0.0
fixed,PPO-QP,20260806,30,262,42,121.45560570533955,-78.5998361662696,11.40016383373041,-33.74931913392864,-33.74931912571138,129.471068997696,hard_qp_solution,-435.97639703014926,366.53130168029026,-200.0,121.45560570533955,125.0,54.0,-100.0,100.0,3.7999999999999996e-08,0.0,0.0,0.0
fixed,PPO-QP,20260806,30,262,43,129.471068997696,-78.74931912571138,11.25068087428862,-21.815603822348212,-63.546018971819095,144.56324850350302,hard_qp_solution,-402.2270779044379,396.99006219124476,-200.0,129.471068997696,125.0,53.0,-100.0,100.0,3.7999999999999996e-08,0.0,0.0,0.0
fixed,PPO-QP,20260806,30,262,44,144.56324850350302,-100.0,-18.546018971819095,-30.792945969729228,-30.792945961318622,151.8765731693162,hard_qp_solution,-338.6810589326189,454.34034431331145,-200.0,144.56324850350302,125.0,52.0,-100.0,100.0,3.7999999999999996e-08,0.0,0.0,0.0
fixed,PPO-QP,20260806,30,262,45,151.8765731693162,-75.79294596131862,14.207054038681378,-28.968554264561803,-28.96855425645752,158.75660480522487,hard_qp_solution,-307.8881129713002,482.13097804340157,-200.0,151.8765731693162,125.0,51.0,-100.0,100.0,3.7999999999999996e-08,0.0,0.0,0.0
fixed,PPO-QP,20260806,30,262,46,158.75660480522487,-73.96855425645752,16.03144574354248,-41.39573293581687,-41.39573292758297,168.58809137552583,hard_qp_solution,-278.91955871484265,508.2750982598545,-200.0,158.75660480522487,125.0,50.0,-100.0,100.0,3.7999999999999996e-08,0.0,0.0,0.0
fixed,PPO-QP,20260806,30,262,47,168.58809137552583,-86.39573292758297,3.6042670724170307,-26.346802954439525,-44.88257864892709,179.24770380464602,hard_qp_solution,-237.52382578725965,545.6347472269981,-200.0,168.58809137552583,125.0,49.0,-100.0,100.0,3.7999999999999996e-08,0.0,0.0,0.0
fixed,PPO-QP,20260806,30,262,48,179.24770380464602,-89.88257864892708,0.11742135107291318,-13.107255259815059,-52.93975569922323,191.82089578321154,hard_qp_solution,-192.64124713833255,586.1412744576548,-200.0,179.24770380464602,125.0,48.0,-100.0,100.0,3.7999999999999996e-08,0.0,0.0,0.0
fixed,PPO-QP,20260806,30,262,49,191.82089578321154,-97.93975569922323,-7.939755699223227,-0.7452664604572046,-22.6360279200102,197.19695241421397,hard_qp_solution,-139.7014914391093,633.9194039762039,-200.0,191.82089578321154,125.0,47.0,-100.0,100.0,3.7999999999999996e-08,0.0,0.0,0.0
fixed,PPO-QP,20260806,30,262,50,197.19695241421397,-67.6360279200102,22.3639720799898,-18.343040310019106,-18.34304030159522,201.55342448584284,hard_qp_solution,-117.06546351909908,654.3484191740131,-200.0,197.19695241421397,125.0,46.0,-100.0,100.0,3.7999999999999996e-08,0.0,0.0,0.0
fixed,PPO-QP,20260806,30,262,51,201.55342448584284,-63.343040301595224,26.65695969840478,4.588430198266942,4.5884302066354685,200.3459428525177,hard_qp_solution,-98.72242321750385,670.9030130462028,-198.72242321750383,201.55342448584284,125.0,45.0,-98.72242321750385,100.0,3.7999999999999996e-08,0.0,0.0,0.0
fixed,PPO-QP,20260806,30,262,52,200.3459428525177,-40.411569793364535,49.588430206635465,-2.234159999068196,-2.2341599905525396,200.87655585027395,hard_qp_solution,-103.80655641045176,666.3145828395673,-200.0,200.3459428525177,125.0,44.0,-100.0,100.0,3.7999999999999996e-08,0.0,0.0,0.0
fixed,PPO-QP,20260806,30,262,53,200.87655585027395,-47.23415999055254,42.76584000944746,7.564317365008384,7.564317373451901,198.885946015155,hard_qp_solution,-101.57239641989918,668.330912231041,-200.0,200.87655585027395,125.0,43.0,-100.0,100.0,3.7999999999999996e-08,0.0,0.0,0.0
fixed,PPO-QP,20260806,30,262,54,198.885946015155,-37.4356826265481,52.5643173734519,10.392459593262577,10.392459601694034,196.15108822523553,hard_qp_solution,-109.9539115151368,660.766594857589,-200.0,198.885946015155,125.0,42.0,-100.0,100.0,3.7999999999999996e-08,0.0,0.0,0.0
fixed,PPO-QP,20260806,30,262,55,196.15108822523553,-34.607540398305964,55.392459601694036,19.58297052690509,19.582970535262113,190.99767492648235,hard_qp_solution,-121.46910220953464,650.374135255895,-200.0,196.15108822523553,125.0,41.0,-100.0,100.0,3.7999999999999996e-08,0.0,0.0,0.0
fixed,PPO-QP,20260806,30,262,56,190.99767492648235,-25.417029464737887,64.58297053526212,18.77764279629034,18.777642804654004,186.05618997788918,hard_qp_solution,-143.16768452007435,630.7911647206329,-200.0,190.99767492648235,125.0,40.0,-100.0,100.0,3.7999999999999996e-08,0.0,0.0,0.0
fixed,PPO-QP,20260806,30,262,57,186.05618997788918,-26.222357195345996,63.77764280465401,23.19632795046881,23.19632795879665,179.9518931466269,hard_qp_solution,-163.97393693520348,612.0135219159788,-200.0,186.05618997788918,125.0,39.0,-100.0,100.0,3.7999999999999996e-08,0.0,0.0,0.0
fixed,PPO-QP,20260806,30,262,58,179.9518931466269,-21.80367204120335,68.19632795879664,31.08836339164095,31.08836339990494,171.77074488349402,hard_qp_solution,-189.67623938262358,588.8171939571822,-200.0,179.9518931466269,125.0,38.0,-100.0,100.0,3.7999999999999996e-08,0.0,0.0,0.0
fixed,PPO-QP,20260806,30,262,59,171.77074488349402,-13.911636600095061,76.08836339990494,10.854853661176547,10.85485366960409,168.91420444412452,hard_qp_solution,-224.12317943791993,557.7288305572772,-200.0,171.77074488349402,125.0,37.0,-100.0,100.0,3.7999999999999996e-08,0.0,0.0,0.0
fixed,PPO-QP,20260806,30,262,60,168.91420444412452,-34.14514633039591,55.85485366960409,-0.7237505952632051,-0.7237505867419219,169.08609520847574,hard_qp_solution,-236.15071813000202,546.8739768876732,-200.0,168.91420444412452,125.0,36.0,-100.0,100.0,3.7999999999999996e-08,0.0,0.0,0.0
fixed,PPO-QP,20260806,30,262,61,169.08609520847574,-45.72375058674192,44.27624941325808,2.3670438070803,2.3670438155765527,168.46318894121876,hard_qp_solution,-235.42696754326005,547.5271617922078,-200.0,169.08609520847574,125.0,35.0,-100.0,100.0,3.7999999999999996e-08,0.0,0.0,0.0
fixed,PPO-QP,20260806,30,262,62,168.46318894121876,-42.63295618442345,47.36704381557655,26.304242930298084,26.30424293860084,161.5410197468501,hard_qp_solution,-238.04973077381575,545.1601179766312,-200.0,168.46318894121876,125.0,34.0,-100.0,100.0,3.7999999999999996e-08,0.0,0.0,0.0
fixed,PPO-QP,20260806,30,262,63,161.5410197468501,-18.69575706139916,71.30424293860084,11.56922858316365,11.56922859158556,158.49648590695918,hard_qp_solution,-267.1957063290522,518.8558750380304,-200.0,161.5410197468501,125.0,33.0,-100.0,100.0,3.7999999999999996e-08,0.0,0.0,0.0
fixed,PPO-QP,20260806,30,262,64,158.49648590695918,-33.430771408414444,56.569228591585556,9.006236296434718,9.006236304877522,156.1264237214651,hard_qp_solution,-280.01479618122454,507.2866464464449,-200.0,158.49648590695918,125.0,32.0,-100.0,100.0,3.7999999999999996e-08,0.0,0.0,0.0
fixed,PPO-QP,20260806,30,262,65,156.1264237214651,-35.99376369512248,54.00623630487752,26.196618715209365,26.196618723513136,149.23257668896164,hard_qp_solution,-289.99400538330485,498.28041014156736,-200.0,156.1264237214651,125.0,31.0,-100.0,100.0,3.7999999999999996e-08,0.0,0.0,0.0
fixed,PPO-QP,20260806,30,262,66,149.23257668896164,-18.803381276486864,71.19661872351314,19.887269693493653,19.88726970184849,143.99908466215942,hard_qp_solution,-319.02072973068783,472.0837914180542,-200.0,149.23257668896164,125.0,30.0,-100.0,100.0,3.7999999999999996e-08,0.0,0.0,0.0
fixed,PPO-QP,20260806,30,262,67,143.99908466215942,-25.11273029815151,64.88726970184848,11.373823117500566,11.373823125924234,141.00597331323198,hard_qp_solution,-341.056485633013,452.1965217162058,-200.0,143.99908466215942,125.0,29.0,-100.0,100.0,3.7999999999999996e-08,0.0,0.0,0.0
fixed,PPO-QP,20260806,30,262,68,141.00597331323198,-33.62617687407577,56.37382312592423,1.0688632576362167,1.0688632661414998,140.72469350635262,hard_qp_solution,-353.6590597337601,440.8226985902815,-200.0,141.00597331323198,125.0,28.0,-100.0,100.0,3.7999999999999996e-08,0.0,0.0,0.0
fixed,PPO-QP,20260806,30,262,69,140.72469350635262,-43.9311367338585,46.0688632661415,3.622962926153091,3.622962934624738,139.77128220776717,hard_qp_solution,-354.84339576272583,439.75383532413997,-200.0,140.72469350635262,125.0,27.0,-100.0,100.0,3.7999999999999996e-08,0.0,0.0,0.0
fixed,PPO-QP,20260806,30,262,70,139.77128220776717,-41.37703706537526,48.62296293462474,-6.433339914225476,-6.433339905687048,141.29920043536785,hard_qp_solution,-358.85775912519085,436.1308723895152,-200.0,139.77128220776717,125.0,26.0,-100.0,100.0,3.7999999999999996e-08,0.0,0.0,0.0
fixed,PPO-QP,20260806,30,262,71,141.29920043536785,-51.43333990568705,38.56666009431295,-2.036333513420973,-2.036333504929395,141.78282964278858,hard_qp_solution,-352.4244192195038,441.9369616543978,-200.0,141.29920043536785,125.0,25.0,-100.0,100.0,3.7999999999999996e-08,0.0,0.0,0.0
fixed,PPO-QP,20260806,30,262,72,141.78282964278858,-47.036333504929395,42.963666495070605,1.145107549137171,1.1451075614391912,141.481485547673,hard_qp_solution,-350.3880857145744,443.7747526425966,-200.0,141.78282964278858,125.0,24.0,-100.0,100.0,3.7999999999999996e-08,0.0,0.0,0.0
fixed,PPO-QP,20260806,30,262,73,141.481485547673,-43.85489243856081,46.14510756143919,10.304256070736058,10.304256083153335,138.76983921000107,hard_qp_solution,-351.6569029571663,442.6296450811574,-200.0,141.481485547673,125.0,23.0,-100.0,100.0,3.7999999999999996e-08,0.0,0.0,0.0
fixed,PPO-QP,20260806,30,262,74,138.76983921000107,-34.695743916846666,55.304256083153334,6.25200833491318,6.252008346773387,137.12457385558702,hard_qp_solution,-363.07436122104815,432.32538899800403,-200.0,138.76983921000107,125.0,22.0,-100.0,100.0,3.7999999999999996e-08,0.0,0.0,0.0
fixed,PPO-QP,20260806,30,262,75,137.12457385558702,-38.74799165322661,51.25200834677339,1.540240688666773,1.5402407005652736,136.71924735543826,hard_qp_solution,-370.00179429226523,426.07338065123065,-200.0,137.12457385558702,125.0,21.0,-100.0,100.0,3.7999999999999996e-08,0.0,0.0,0.0
fixed,PPO-QP,20260806,30,262,76,136.71924735543826,-43.45975929943473,46.54024070056527,2.453966196071029,2.4539662081681772,136.07346677434137,hard_qp_solution,-371.70843218762843,424.5331399506654,-200.0,136.71924735543826,125.0,20.0,-100.0,100.0,3.7999999999999996e-08,0.0,0.0,0.0
fixed,PPO-QP,20260806,30,262,77,136.07346677434137,-42.546033791831825,47.453966208168175,4.0762721440387075,4.076272156131466,135.0007635753594,hard_qp_solution,-374.4275083185627,422.0791737424972,-200.0,136.07346677434137,125.0,19.0,-100.0,100.0,3.7999999999999996e-08,0.0,0.0,0.0
fixed,PPO-QP,20260806,30,262,78,135.0007635753594,-40.923727843868534,49.076272156131466,-0.7475368121587711,-0.7475368002416507,135.1783035654168,hard_qp_solution,-378.9441533669078,418.0029015863657,-200.0,135.0007635753594,125.0,18.0,-100.0,100.0,3.7999999999999996e-08,0.0,0.0,0.0
fixed,PPO-QP,20260806,30,262,79,135.1783035654168,-45.74753680024165,44.25246319975835,-0.4742517978334404,-0.47425178568312515,135.29093836451653,hard_qp_solution,-378.19661656666614,418.67755354858383,-200.0,135.1783035654168,125.0,17.0,-100.0,100.0,3.7999999999999996e-08,0.0,0.0,0.0
fixed,PPO-QP,20260806,30,262,80,135.29093836451653,-45.47425178568312,44.52574821431688,-10.112501547606666,-10.112501535515488,137.69265747920147,hard_qp_solution,-377.722364780983,419.1055657851628,-200.0,135.29093836451653,125.0,16.0,-100.0,100.0,3.7999999999999996e-08,0.0,0.0,0.0
fixed,PPO-QP,20260806,30,262,81,137.69265747920147,-55.11250153551549,34.88749846448451,-6.408368529955531,-6.408368517361924,139.21464500207492,hard_qp_solution,-367.6098632454675,428.2320984209656,-200.0,137.69265747920147,125.0,15.0,-100.0,100.0,3.7999999999999996e-08,0.0,0.0,0.0
fixed,PPO-QP,20260806,30,262,82,139.21464500207492,-51.40836851736192,38.59163148263808,-5.716515069184518,-5.7165150568278404,140.57231732807153,hard_qp_solution,-361.2014947281056,434.0156510078847,-200.0,139.21464500207492,125.0,14.0,-100.0,100.0,3.7999999999999996e-08,0.0,0.0,0.0
fixed,PPO-QP,20260806,30,262,83,140.57231732807153,-50.71651505682784,39.28348494317216,-13.318834068881936,-13.318834056939192,143.7355404165946,hard_qp_solution,-355.48497967127776,439.1748058466718,-200.0,140.57231732807153,125.0,13.0,-100.0,100.0,3.7999999999999996e-08,0.0,0.0,0.0
fixed,PPO-QP,20260806,30,262,84,143.7355404165946,-58.318834056939195,31.681165943060808,-13.58476288164852,-13.584762869094682,146.96192159800458,hard_qp_solution,-342.1661456143385,451.19505358305946,-200.0,143.7355404165946,125.0,12.0,-100.0,100.0,3.7999999999999996e-08,0.0,0.0,0.0
fixed,PPO-QP,20260806,30,262,85,146.96192159800458,-58.58476286909468,31.415237130905318,-13.984259961791013,-13.984259949233124,150.28318333594746,hard_qp_solution,-328.5813827452439,463.4553020724174,-200.0,146.96192159800458,125.0,11.0,-100.0,100.0,3.7999999999999996e-08,0.0,0.0,0.0
fixed,PPO-QP,20260806,30,262,86,150.28318333594746,-58.98425994923312,31.015740050766876,-20.90419950212212,-20.90419948980553,155.24793071477626,hard_qp_solution,-314.59712279601075,476.0760966766003,-200.0,150.28318333594746,125.0,10.0,-100.0,100.0,3.7999999999999996e-08,0.0,0.0,0.0
fixed,PPO-QP,20260806,30,262,87,155.24793071477626,-65.90419948980553,24.09580051019447,-20.233568218035515,-20.233568205191123,160.05340316350916,hard_qp_solution,-293.6929233062052,494.9421367161498,-200.0,155.24793071477626,125.0,9.0,-100.0,100.0,3.7999999999999996e-08,0.0,0.0,0.0
fixed,PPO-QP,20260806,30,262,88,160.05340316350916,-65.23356820519112,24.766431794808877,-15.162740972966143,-15.162740959980631,163.65455414150455,hard_qp_solution,-273.45935510101407,513.2029320213347,-200.0,160.05340316350916,125.0,8.0,-100.0,100.0,3.7999999999999996e-08,0.0,0.0,0.0
fixed,PPO-QP,20260806,30,262,89,163.65455414150455,-60.16274095998063,29.83725904001937,-19.511941999038385,-19.511941986574314,168.28864036331595,hard_qp_solution,-258.2966141410335,526.8873057377173,-200.0,163.65455414150455,125.0,7.0,-100.0,100.0,3.7999999999999996e-08,0.0,0.0,0.0
fixed,PPO-QP,20260806,30,262,90,168.28864036331595,-64.51194198657431,25.488058013425686,-18.238431915160426,-18.23843190234049,172.6202679401218,hard_qp_solution,-238.78467215445917,544.4968333806006,-200.0,168.28864036331595,125.0,6.0,-100.0,100.0,3.7999999999999996e-08,0.0,0.0,0.0
fixed,PPO-QP,20260806,30,262,91,172.6202679401218,-63.238431902340494,26.76156809765951,-29.62543311963035,-29.625433107461337,179.65630830314387,hard_qp_solution,-220.5462402521187,541.9570181724629,-200.0,172.6202679401218,125.0,5.0,-100.0,100.0,3.7999999999999996e-08,0.0,0.0,0.0
fixed,PPO-QP,20260806,30,262,92,179.65630830314387,-74.62543310746133,15.374566892538663,-23.30445155484747,-23.30445154149876,185.19111554424984,hard_qp_solution,-102.27814786487897,478.4439715519467,-200.0,179.65630830314387,125.0,4.0,-100.0,100.0,3.7999999999999996e-08,0.0,0.0,0.0
fixed,PPO-QP,20260806,30,262,93,185.19111554424984,28.726239068149322,100.0,-30.645023668543587,28.726239068149322,177.63157894736844,hard_qp_solution,28.726239068149322,409.22623906814937,-71.27376093185067,185.19111554424984,125.0,3.0,-100.0,100.0,3.7999999999999996e-08,0.0,1.0,7.030690609648083
fixed,PPO-QP,20260806,30,262,94,177.63157894736844,100.0,100.0,-27.47828925640487,100.0,151.31578947368422,hard_qp_solution,100.00000000000003,290.25000000000006,2.842170943040401e-14,177.63157894736844,125.0,2.0,-100.0,100.0,3.7999999999999996e-08,1.0,1.0,26.273760931850674
fixed,PPO-QP,20260806,30,262,95,151.31578947368422,100.0,100.0,-29.503132188378505,100.0,125.0,hard_qp_solution,100.00000000000003,100.00000000000003,2.842170943040401e-14,151.31578947368422,125.0,1.0,-100.0,100.0,3.7999999999999996e-08,1.0,0.0,0.0
old,PPO-QP,20260806,30,266,0,125.0,-45.0,45.0,-7.9818412054068295,-7.981841076460802,126.89568725565944,hard_qp_solution,-421.0526315789474,380.0,-200.0,,,,,,,,,
old,PPO-QP,20260806,30,266,1,126.89568725565944,-52.9818410764608,37.0181589235392,-4.473258763458586,-4.473258644329541,127.95808618368771,hard_qp_solution,-413.0707905024866,387.20361157150586,-200.0,,,,,,,,,
old,PPO-QP,20260806,30,266,2,127.95808618368771,-49.47325864432954,40.52674135567046,-5.724387266401585,-5.724387264718271,129.3176281590583,hard_qp_solution,-408.597531858157,391.2407274980133,-200.0,,,,,,,,,
old,PPO-QP,20260806,30,266,3,129.3176281590583,-50.724387264718274,39.275612735281726,0.3093847518493298,0.3093847643818511,129.23621111579993,hard_qp_solution,-402.8731445934387,396.4069870044215,-200.0,,,,,,,,,
old,PPO-QP,20260806,30,266,4,129.23621111579993,-44.69061523561815,45.30938476438185,3.4912559950488933,3.491256007271952,128.3174595349389,hard_qp_solution,-403.21595319663186,396.09760224003975,-200.0,,,,,,,,,
old,PPO-QP,20260806,30,266,5,128.3174595349389,-41.50874399272805,48.49125600727195,12.610566981340293,12.61056699367742,124.99888927344485,hard_qp_solution,-407.0843809055204,392.6063462327678,-200.0,,,,,,,,,
old,PPO-QP,20260806,30,266,6,124.99888927344485,-32.38943300632258,57.61056699367742,26.221508982930164,26.221508995127042,118.09849216946404,hard_qp_solution,-421.0573083223375,379.9957792390904,-200.0,,,,,,,,,
old,PPO-QP,20260806,30,266,7,118.09849216946404,-18.778491004872958,71.22150899512704,17.480864435345733,17.480864447965335,113.49826468315737,hard_qp_solution,-450.11161191804615,353.7742702439633,-200.0,,,,,,,,,
old,PPO-QP,20260806,30,266,8,113.49826468315737,-27.519135552034665,62.48086444796533,33.4018249223395,33.40182493469137,104.70831075297544,hard_qp_solution,-469.4809908077585,336.293405795998,-200.0,,,,,,,,,
old,PPO-QP,20260806,30,266,9,104.70831075297544,-11.59817506530863,78.40182493469138,28.48782762228409,28.487827634598222,97.21151400702854,hard_qp_solution,-506.4913231453666,302.89158086130664,-200.0,,,,,,,,,
old,PPO-QP,20260806,30,266,10,97.21151400702854,-16.512172365401778,73.48782763459822,35.16138964255577,35.16138965418079,87.95851672961254,hard_qp_solution,-538.0567831283009,274.40375322670843,-200.0,,,,,,,,,
old,PPO-QP,20260806,30,266,11,87.95851672961254,-9.838610345819212,80.1613896541808,40.10924839532176,40.1092484069064,77.40345135937402,hard_qp_solution,-577.0167716647893,239.24236357252764,-200.0,,,,,,,,,
old,PPO-QP,20260806,30,266,12,77.40345135937402,-4.890751593093597,85.1092484069064,50.80806889449173,50.80806890598932,64.03290691042946,hard_qp_solution,-621.4591521710569,199.13311516562126,-200.0,,,,,,,,,
old,PPO-QP,20260806,30,266,13,64.03290691042946,5.808068905989323,95.80806890598933,47.37058944970339,47.370589462250244,51.56696231510045,hard_qp_solution,-677.7561814297708,148.32504625963193,-200.0,,,,,,,,,
old,PPO-QP,20260806,30,266,14,51.56696231510045,2.370589462250244,92.37058946225025,40.77615600388467,40.77615601674317,40.836394942273294,hard_qp_solution,-730.244369199577,100.9544567973817,-200.0,,,,,,,,,
old,PPO-QP,20260806,30,266,15,40.836394942273294,-4.2238439832568275,60.178300780638516,27.415835683796193,27.415835697090124,33.621701337775896,hard_qp_solution,-775.4257055062177,60.178300780638516,-160.17830078063852,,,,,,,,,
old,PPO-QP,20260806,30,266,16,33.621701337775896,-17.584164302909876,32.762465083548406,32.67057218100077,32.67057220395128,25.024182336736082,hard_qp_solution,-805.803362788312,32.762465083548406,-132.76246508354842,,,,,,,,,
old,PPO-QP,20260806,30,266,17,25.024182336736082,-12.32942779604872,0.09189287959711265,26.85508142611397,0.09189287959711265,25.0,hard_qp_solution,-842.0034427926902,0.09189287959711265,-100.09189287959711,,,,,,,,,
old,PPO-QP,20260806,30,266,18,25.0,-44.90810712040289,0.0,29.739684514020475,0.0,25.0,hard_qp_solution,-842.1052631578948,0.0,-100.0,,,,,,,,,
old,PPO-QP,20260806,30,266,19,25.0,-45.0,0.0,16.329439526328716,0.0,25.0,hard_qp_solution,-842.1052631578948,0.0,-100.0,,,,,,,,,
old,PPO-QP,20260806,30,266,20,25.0,-45.0,0.0,22.234899937673436,0.0,25.0,hard_qp_solution,-842.1052631578948,0.0,-100.0,,,,,,,,,
old,PPO-QP,20260806,30,266,21,25.0,-45.0,0.0,-2.622782951196949,-2.62278293409475,25.622910946847504,hard_qp_solution,-842.1052631578948,0.0,-100.0,,,,,,,,,
old,PPO-QP,20260806,30,266,22,25.622910946847504,-47.62278293409475,2.3670615980205167,4.305719069242399,2.3670615980205167,25.0,hard_qp_solution,-839.4824802238,2.3670615980205167,-102.36706159802051,,,,,,,,,
old,PPO-QP,20260806,30,266,23,25.0,-42.63293840197948,0.0,-6.262000816457368,-6.262000801685614,26.487225190400334,hard_qp_solution,-842.1052631578948,0.0,-100.0,,,,,,,,,
old,PPO-QP,20260806,30,266,24,26.487225190400334,-51.262000801685616,5.65145572352127,10.36846149245358,5.65145572352127,25.0,hard_qp_solution,-835.8432623562092,5.65145572352127,-105.65145572352127,,,,,,,,,
old,PPO-QP,20260806,30,266,25,25.0,-39.348544276478734,0.0,8.318693662435486,0.0,25.0,hard_qp_solution,-842.1052631578948,0.0,-100.0,,,,,,,,,
old,PPO-QP,20260806,30,266,26,25.0,-45.0,0.0,18.84574837617367,0.0,25.0,hard_qp_solution,-842.1052631578948,0.0,-100.0,,,,,,,,,
old,PPO-QP,20260806,30,266,27,25.0,-45.0,0.0,-0.41012045128466124,-0.4101204313871427,25.097403602454445,hard_qp_solution,-842.1052631578948,0.0,-100.0,,,,,,,,,
old,PPO-QP,20260806,30,266,28,25.097403602454445,-45.41012043138714,0.3701336893268923,-4.197236645833323,-4.197236637512254,26.094247303863604,hard_qp_solution,-841.6951427265076,0.3701336893268923,-100.37013368932689,,,,,,,,,
old,PPO-QP,20260806,30,266,29,26.094247303863604,-49.197236637512255,4.158139754681694,9.277307908745094,4.158139754681694,25.0,hard_qp_solution,-837.4979060889955,4.158139754681694,-104.1581397546817,,,,,,,,,
old,PPO-QP,20260806,30,266,30,25.0,-40.84186024531831,0.0,11.754080383462746,0.0,25.0,hard_qp_solution,-842.1052631578948,0.0,-100.0,,,,,,,,,
old,PPO-QP,20260806,30,266,31,25.0,-45.0,0.0,27.88304920959339,0.0,25.0,hard_qp_solution,-842.1052631578948,0.0,-100.0,,,,,,,,,
old,PPO-QP,20260806,30,266,32,25.0,-45.0,0.0,10.170356723243097,-7.877644477351449,26.87094056337097,hard_qp_solution,-842.1052631578948,0.0,-100.0,,,,,,,,,
old,PPO-QP,20260806,30,266,33,26.87094056337097,-52.87764447735145,7.109574140809681,22.84128395923662,-38.39752031742847,35.99035163876023,hard_qp_solution,-834.2276186805434,7.109574140809681,-107.10957414080968,,,,,,,,,
old,PPO-QP,20260806,30,266,34,35.99035163876023,-83.39752031742847,6.602479682571527,-8.932097267342707,-20.134775581341806,40.77236083932891,hard_qp_solution,-795.8300983631149,41.763336227288875,-141.76333622728887,,,,,,,,,
old,PPO-QP,20260806,30,266,35,40.77236083932891,-65.13477558134181,24.865224418658194,15.92862435085387,-37.37237727847045,49.64830044296564,hard_qp_solution,-775.695322781773,59.93497118944986,-159.93497118944987,,,,,,,,,
old,PPO-QP,20260806,30,266,36,49.64830044296564,-82.37237727847045,7.627622721529548,-15.606920693125186,-65.33930125405548,65.16638449080382,hard_qp_solution,-738.3229455033025,93.66354168326943,-193.66354168326944,,,,,,,,,
old,PPO-QP,20260806,30,266,37,65.16638449080382,-100.0,-20.339301254055485,3.200900920893203,-81.69271210885715,84.56840361665739,hard_qp_solution,-672.9836442492472,152.6322610650545,-200.0,,,,,,,,,
old,PPO-QP,20260806,30,266,38,84.56840361665739,-100.0,-36.69271210885715,-28.288524380237806,-65.40542872101918,100.10219293789945,hard_qp_solution,-591.2909321403899,226.3599337432981,-200.0,,,,,,,,,
old,PPO-QP,20260806,30,266,39,100.10219293789945,-100.0,-20.405428721019177,9.893875965851707,-96.54026155409069,123.03050505699599,hard_qp_solution,-525.8855034193708,285.38833316401787,-200.0,,,,,,,,,
old,PPO-QP,20260806,30,266,40,123.03050505699599,-100.0,-51.54026155409069,-13.534433051613664,-98.99974608822657,146.5429447529498,phase2_solution,-429.34524186528006,372.51591921658473,-200.0,,,,,,,,,
old,PPO-QP,20260806,30,266,41,146.5429447529498,-100.0,-53.99974608822657,-5.923236373451966,-98.99912123437548,170.05523604611398,phase2_solution,-330.34549577705343,461.86319006120925,-200.0,,,,,,,,,
old,PPO-QP,20260806,30,266,42,170.05523604611398,-100.0,-53.99912123437548,-26.859765830959343,-98.99914922178303,193.56753398628746,phase2_solution,-231.346374542678,551.209896975233,-200.0,,,,,,,,,
old,PPO-QP,20260806,30,266,43,193.56753398628746,-100.0,-53.99914922178303,-6.536313811297921,-98.99916531698285,217.0798357490709,phase2_solution,-132.34722532089492,640.5566291478923,-200.0,,,,,,,,,
old,PPO-QP,20260806,30,266,44,217.0798357490709,-33.348060003912025,100.0,-9.231063923181509,-32.34813870931319,224.76251869253278,phase2_solution,-33.348060003912025,729.9033758464693,-133.34806000391202,,,,,,,,,
old,PPO-QP,20260806,30,266,45,224.76251869253278,-0.9999212945988228,12.65186129068681,-11.096536499922964,-0.999921294598823,225.0,phase2_solution,-0.9999212945988228,759.0975710316245,-100.99992129459882,,,,,,,,,
old,PPO-QP,20260806,30,266,46,225.0,-0.0,44.00007870540118,-27.86209815917812,-0.0,225.0,phase2_solution,0.0,760.0,-100.0,,,,,,,,,
old,PPO-QP,20260806,30,266,47,225.0,-0.0,45.0,-7.105277600516256,-0.0,225.0,phase2_solution,0.0,760.0,-100.0,,,,,,,,,
old,PPO-QP,20260806,30,266,48,225.0,-0.0,45.0,-2.2869842938691143,-0.0,225.0,phase2_solution,0.0,760.0,-100.0,,,,,,,,,
old,PPO-QP,20260806,30,266,49,225.0,-0.0,45.0,-3.3564500053690147,-0.0,225.0,phase2_solution,0.0,760.0,-100.0,,,,,,,,,
old,PPO-QP,20260806,30,266,50,225.0,-0.0,45.0,0.5352126225284815,-0.0,225.0,phase2_solution,0.0,760.0,-100.0,,,,,,,,,
old,PPO-QP,20260806,30,266,51,225.0,-0.0,45.0,16.106167489354306,1.0000017867586457,224.7368416350635,phase2_solution,0.0,760.0,-100.0,,,,,,,,,
old,PPO-QP,20260806,30,266,52,224.7368416350635,-1.1080352207852087,46.000001786758645,17.62757137734054,-0.10765063146923773,224.76240866003747,phase2_solution,-1.1080352207852087,758.9999982132413,-101.10803522078521,,,,,,,,,
old,PPO-QP,20260806,30,266,53,224.76240866003747,-1.0003845893159355,44.89234936853076,15.149951686120561,-0.00028712508658385266,224.76247685224553,phase2_solution,-1.0003845893159355,759.0971529081423,-101.00038458931594,,,,,,,,,
old,PPO-QP,20260806,30,266,54,224.76247685224553,-1.00009746422936,44.99971287491341,29.45401367346402,-9.723988049808596e-05,224.76249994671716,phase2_solution,-1.00009746422936,759.097412038533,-101.00009746422936,,,,,,,,,
old,PPO-QP,20260806,30,266,55,224.76249994671716,-1.0000002243488157,44.999902760119504,37.80015412169542,-0.0003772806113891947,224.76258955086237,phase2_solution,-1.0000002243488157,759.0974997975252,-101.00000022434881,,,,,,,,,
old,PPO-QP,20260806,30,266,56,224.76258955086237,-0.9996229437373778,44.99962271938861,42.94614805474908,0.00037590017110570895,224.76249062976473,phase2_solution,-0.9996229437373778,759.0978402932769,-100.99962294373738,,,,,,,,,
old,PPO-QP,20260806,30,266,57,224.76249062976473,-1.0000394536222015,45.00037590017111,40.103887761876926,-3.955623201254304e-05,224.76250002436984,phase2_solution,-1.0000394536222015,759.097464393106,-101.00003945362221,,,,,,,,,
old,PPO-QP,20260806,30,266,58,224.76250002436984,-0.9999998973901376,44.99996044376799,58.05414444503199,1.6828204180529776e-08,224.76250001994137,phase2_solution,-0.9999998973901376,759.0975000926054,-100.99999989739014,,,,,,,,,
old,PPO-QP,20260806,30,266,59,224.76250001994137,-0.9999999160363348,45.0000000168282,38.95700491741664,-1.5327227653447033e-06,224.76250038396302,phase2_solution,-0.9999999160363348,759.0975000757771,-100.99999991603633,,,,,,,,,
old,PPO-QP,20260806,30,266,60,224.76250038396302,-0.9999983833136197,44.99999846727724,29.635571957171276,29.635571965447284,216.96366565621372,hard_qp_solution,-0.9999983833136197,759.0975014590595,-100.99999838331362,,,,,,,,,
old,PPO-QP,20260806,30,266,61,216.96366565621372,-15.364428034552716,74.63557196544728,30.281974615834066,30.126927889027723,209.03552673804853,hard_qp_solution,-33.83719723699486,729.4619294936122,-133.83719723699485,,,,,,,,,
old,PPO-QP,20260806,30,266,62,209.03552673804853,-14.873072110972277,75.12692788902773,35.14740193408954,35.14740194232106,199.78621043743772,hard_qp_solution,-67.21883478716408,699.3350016045844,-167.2188347871641,,,,,,,,,
old,PPO-QP,20260806,30,266,63,199.78621043743772,-9.85259805767894,80.14740194232107,37.66411190827107,16.628809080656623,195.41020804779123,hard_qp_solution,-106.16332447394646,664.1875996622633,-200.0,,,,,,,,,
old,PPO-QP,20260806,30,266,64,195.41020804779123,-28.371190919343377,61.62880908065662,27.571905564421396,27.571905572714172,188.15444342339276,hard_qp_solution,-124.58859769351062,647.5587905816067,-200.0,,,,,,,,,
old,PPO-QP,20260806,30,266,65,188.15444342339276,-17.428094427285828,72.57190557271417,31.330394639441007,31.330394647703365,179.90960272662872,hard_qp_solution,-155.1391855857147,619.9868850088925,-200.0,,,,,,,,,
old,PPO-QP,20260806,30,266,66,179.90960272662872,-13.669605352296635,76.33039464770337,31.726056586541755,31.726056594800966,171.560640464839,hard_qp_solution,-189.85430430893172,588.6564903611891,-200.0,,,,,,,,,
old,PPO-QP,20260806,30,266,67,171.560640464839,-13.273943405199034,76.72605659480097,26.31397532576523,26.313975334068168,164.63591011376843,hard_qp_solution,-225.00782962173054,556.9304337663882,-200.0,,,,,,,,,
old,PPO-QP,20260806,30,266,68,164.63591011376843,-18.686024665931832,71.31397533406818,2.075767432397536,2.075767440896496,164.08965552405883,hard_qp_solution,-254.16458899465925,530.61645843232,-200.0,,,,,,,,,
old,PPO-QP,20260806,30,266,69,164.08965552405883,-42.9242325591035,47.0757674408965,1.3010608119607703,1.3010608204399134,163.74727109762728,hard_qp_solution,-256.4646083197523,528.5406909914235,-200.0,,,,,,,,,
old,PPO-QP,20260806,30,266,70,163.74727109762728,-43.698939179560085,46.301060820439915,-6.937054915794537,-6.9370549072851935,165.39482163810752,hard_qp_solution,-257.90622695735885,527.2396301709837,-200.0,,,,,,,,,
old,PPO-QP,20260806,30,266,71,165.39482163810752,-51.937054907285194,38.062945092714806,-4.068422287272981,-4.068422278787882,166.36107192931965,hard_qp_solution,-250.96917205007364,533.5003222248085,-200.0,,,,,,,,,
old,PPO-QP,20260806,30,266,72,166.36107192931965,-49.06842227878788,40.93157772121212,11.124916687888682,11.124916700706335,163.43346227123902,hard_qp_solution,-246.9007497712857,537.1720733314146,-200.0,,,,,,,,,
old,PPO-QP,20260806,30,266,73,163.43346227123902,-33.875083299293664,56.124916700706336,3.4854663280690548,3.485466340188946,162.51623428697877,hard_qp_solution,-259.2275272789936,526.0471566307083,-200.0,,,,,,,,,
old,PPO-QP,20260806,30,266,74,162.51623428697877,-41.51453365981105,48.48546634018895,6.7117156469356525,6.711715659053399,160.74999332406998,hard_qp_solution,-263.0895398442999,522.5616902905193,-200.0,,,,,,,,,
old,PPO-QP,20260806,30,266,75,160.74999332406998,-38.2882843409466,51.7117156590534,15.025364401794207,15.025364413992449,156.79595005722985,hard_qp_solution,-270.5263438986527,515.8499746314659,-200.0,,,,,,,,,
old,PPO-QP,20260806,30,266,76,156.79595005722985,-29.97463558600755,60.02536441399245,12.596945564590284,12.596945576398799,153.48096437923016,hard_qp_solution,-287.1749471274533,500.8246102174734,-200.0,,,,,,,,,
old,PPO-QP,20260806,30,266,77,153.48096437923016,-32.403054423601205,57.596945576398795,7.337902390797015,7.337902402654721,151.54993743116313,hard_qp_solution,-301.1327815611362,488.22766464107457,-200.0,,,,,,,,,
old,PPO-QP,20260806,30,266,78,151.54993743116313,-37.66209759734528,52.33790240265472,2.3614466382269392,2.3614466501188125,150.9285041021845,hard_qp_solution,-309.263421342471,480.88976223841985,-200.0,,,,,,,,,
old,PPO-QP,20260806,30,266,79,150.9285041021845,-42.638553349881185,47.361446650118815,3.0119035563868923,3.011903568446481,150.13589789996172,hard_qp_solution,-311.8799827276443,478.52831558830104,-200.0,,,,,,,,,
old,PPO-QP,20260806,30,266,80,150.13589789996172,-41.988096431553515,48.011903568446485,2.6905306743658883,2.6905306863674494,149.42786350881238,hard_qp_solution,-315.2172720001612,475.5164120198545,-200.0,,,,,,,,,
old,PPO-QP,20260806,30,266,81,149.42786350881238,-42.30946931363255,47.69053068636745,-7.961835811005884,-7.961835798711683,151.3187995110064,hard_qp_solution,-318.19846943657944,472.825881333487,-200.0,,,,,,,,,
old,PPO-QP,20260806,30,266,82,151.3187995110064,-52.96183579871168,37.03816420128832,-14.340724927867083,-14.340724915721081,154.72472167849017,hard_qp_solution,-310.2366336378678,480.0114381418243,-200.0,,,,,,,,,
old,PPO-QP,20260806,30,266,83,154.72472167849017,-59.34072491572108,30.659275084278917,-8.24343997689718,-8.24343996411756,156.6825386699681,hard_qp_solution,-295.89590872214666,492.95394237826264,-200.0,,,,,,,,,
old,PPO-QP,20260806,30,266,84,156.6825386699681,-53.243439964117556,36.756560035882444,-9.391028978956626,-9.391028966606637,158.91290804953718,hard_qp_solution,-287.6524687580291,500.39364694587874,-200.0,,,,,,,,,
old,PPO-QP,20260806,30,266,85,158.91290804953718,-54.39102896660664,35.60897103339336,-13.318684417106514,-13.318684404821186,162.0760955956822,hard_qp_solution,-278.2614397914224,508.86905058824124,-200.0,,,,,,,,,
old,PPO-QP,20260806,30,266,86,162.0760955956822,-58.318684404821184,31.681315595178816,-15.413619330698875,-15.41361931821294,165.73683018375777,hard_qp_solution,-264.9427553866013,520.8891632635923,-200.0,,,,,,,,,
old,PPO-QP,20260806,30,266,87,165.73683018375777,-60.41361931821294,29.586380681787062,-20.520203109867,-20.520203097422645,170.61037841939566,hard_qp_solution,-249.52913606838834,534.7999546982795,-200.0,,,,,,,,,
old,PPO-QP,20260806,30,266,88,170.61037841939566,-65.52020309742264,24.479796902577355,-9.5487922889931,-9.548792275778188,172.87821658489298,hard_qp_solution,-229.00893297096565,553.3194379937034,-200.0,,,,,,,,,
old,PPO-QP,20260806,30,266,89,172.87821658489298,-54.54879227577819,35.45120772422181,-14.076966425608378,-14.076966413339967,176.22149610806122,hard_qp_solution,-219.46014069518745,561.9372230225933,-200.0,,,,,,,,,
old,PPO-QP,20260806,30,266,90,176.22149610806122,-59.07696641333997,30.923033586660033,-28.11346860415979,-28.113468591844963,182.8984448986244,hard_qp_solution,-205.38317428184752,574.6416852106325,-200.0,,,,,,,,,
old,PPO-QP,20260806,30,266,91,182.8984448986244,-73.11346859184496,16.886531408155037,-25.302817413030137,-25.30281739986311,188.9078640310919,hard_qp_solution,-177.26970569000252,581.0140906147727,-200.0,,,,,,,,,
old,PPO-QP,20260806,30,266,92,188.9078640310919,-63.324229010361016,19.69718260013689,-33.414310607039184,-33.41431059451375,196.84376279728892,hard_qp_solution,-63.324229010361016,513.5998833181492,-163.32422901036102,,,,,,,,,
old,PPO-QP,20260806,30,266,93,196.84376279728892,73.00629862969781,100.0,-32.69541204952161,73.00629862969781,177.63157894736844,hard_qp_solution,73.00629862969781,453.5062986296979,-26.99370137030219,,,,,,,,,
old,PPO-QP,20260806,30,266,94,177.63157894736844,28.00629862969781,100.0,-28.045366170731572,28.006298629697813,170.26150036060585,hard_qp_solution,100.00000000000003,290.25000000000006,2.842170943040401e-14,,,,,,,,,
old,PPO-QP,20260806,30,266,95,170.26150036060585,-16.993701370302187,73.00629862969781,-33.03621924395054,-16.99370128737023,174.29750441635628,hard_qp_solution,171.99370137030223,171.99370137030223,71.99370137030223,,,,,,,,,
fixed,PPO-QP,20260806,30,266,0,125.0,-45.0,45.0,-7.9818412054068295,-7.981841076460802,126.89568725565944,hard_qp_solution,-421.0526315789474,380.0,-200.0,125.0,125.0,96.0,-100.0,100.0,3.7999999999999996e-08,0.0,0.0,0.0
fixed,PPO-QP,20260806,30,266,1,126.89568725565944,-52.9818410764608,37.0181589235392,-4.473258763458586,-4.473258644329541,127.95808618368771,hard_qp_solution,-413.0707905024866,387.20361157150586,-200.0,126.89568725565944,125.0,95.0,-100.0,100.0,3.7999999999999996e-08,0.0,0.0,0.0
fixed,PPO-QP,20260806,30,266,2,127.95808618368771,-49.47325864432954,40.52674135567046,-5.724387266401585,-5.724387264718271,129.3176281590583,hard_qp_solution,-408.597531858157,391.2407274980133,-200.0,127.95808618368771,125.0,94.0,-100.0,100.0,3.7999999999999996e-08,0.0,0.0,0.0
fixed,PPO-QP,20260806,30,266,3,129.3176281590583,-50.724387264718274,39.275612735281726,0.3093847518493298,0.3093847643818511,129.23621111579993,hard_qp_solution,-402.8731445934387,396.4069870044215,-200.0,129.3176281590583,125.0,93.0,-100.0,100.0,3.7999999999999996e-08,0.0,0.0,0.0
fixed,PPO-QP,20260806,30,266,4,129.23621111579993,-44.69061523561815,45.30938476438185,3.4912559950488933,3.491256007271952,128.3174595349389,hard_qp_solution,-403.21595319663186,396.09760224003975,-200.0,129.23621111579993,125.0,92.0,-100.0,100.0,3.7999999999999996e-08,0.0,0.0,0.0
fixed,PPO-QP,20260806,30,266,5,128.3174595349389,-41.50874399272805,48.49125600727195,12.610566981340293,12.61056699367742,124.99888927344485,hard_qp_solution,-407.0843809055204,392.6063462327678,-200.0,128.3174595349389,125.0,91.0,-100.0,100.0,3.7999999999999996e-08,0.0,0.0,0.0
fixed,PPO-QP,20260806,30,266,6,124.99888927344485,-32.38943300632258,57.61056699367742,26.221508982930164,26.221508995127042,118.09849216946404,hard_qp_solution,-421.0573083223375,379.9957792390904,-200.0,124.99888927344485,125.0,90.0,-100.0,100.0,3.7999999999999996e-08,0.0,0.0,0.0
fixed,PPO-QP,20260806,30,266,7,118.09849216946404,-18.778491004872958,71.22150899512704,17.480864435345733,17.480864447965335,113.49826468315737,hard_qp_solution,-450.11161191804615,353.7742702439633,-200.0,118.09849216946404,125.0,89.0,-100.0,100.0,3.7999999999999996e-08,0.0,0.0,0.0
fixed,PPO-QP,20260806,30,266,8,113.49826468315737,-27.519135552034665,62.48086444796533,33.4018249223395,33.40182493469137,104.70831075297544,hard_qp_solution,-469.4809908077585,336.293405795998,-200.0,113.49826468315737,125.0,88.0,-100.0,100.0,3.7999999999999996e-08,0.0,0.0,0.0
fixed,PPO-QP,20260806,30,266,9,104.70831075297544,-11.59817506530863,78.40182493469138,28.48782762228409,28.487827634598222,97.21151400702854,hard_qp_solution,-506.4913231453666,302.89158086130664,-200.0,104.70831075297544,125.0,87.0,-100.0,100.0,3.7999999999999996e-08,0.0,0.0,0.0
fixed,PPO-QP,20260806,30,266,10,97.21151400702854,-16.512172365401778,73.48782763459822,35.16138964255577,35.16138965418079,87.95851672961254,hard_qp_solution,-538.0567831283009,274.40375322670843,-200.0,97.21151400702854,125.0,86.0,-100.0,100.0,3.7999999999999996e-08,0.0,0.0,0.0
fixed,PPO-QP,20260806,30,266,11,87.95851672961254,-9.838610345819212,80.1613896541808,40.10924839532176,40.1092484069064,77.40345135937402,hard_qp_solution,-577.0167716647893,239.24236357252764,-200.0,87.95851672961254,125.0,85.0,-100.0,100.0,3.7999999999999996e-08,0.0,0.0,0.0
fixed,PPO-QP,20260806,30,266,12,77.40345135937402,-4.890751593093597,85.1092484069064,50.80806889449173,50.80806890598932,64.03290691042946,hard_qp_solution,-621.4591521710569,199.13311516562126,-200.0,77.40345135937402,125.0,84.0,-100.0,100.0,3.7999999999999996e-08,0.0,0.0,0.0
fixed,PPO-QP,20260806,30,266,13,64.03290691042946,5.808068905989323,95.80806890598933,47.37058944970339,47.370589462250244,51.56696231510045,hard_qp_solution,-677.7561814297708,148.32504625963193,-200.0,64.03290691042946,125.0,83.0,-100.0,100.0,3.7999999999999996e-08,0.0,0.0,0.0
fixed,PPO-QP,20260806,30,266,14,51.56696231510045,2.370589462250244,92.37058946225025,40.77615600388467,40.77615601674317,40.836394942273294,hard_qp_solution,-730.244369199577,100.9544567973817,-200.0,51.56696231510045,125.0,82.0,-100.0,100.0,3.7999999999999996e-08,0.0,0.0,0.0
fixed,PPO-QP,20260806,30,266,15,40.836394942273294,-4.2238439832568275,60.178300780638516,27.415835683796193,27.415835697090124,33.621701337775896,hard_qp_solution,-775.4257055062177,60.178300780638516,-160.17830078063852,40.836394942273294,125.0,81.0,-100.0,60.178300780638516,3.7999999999999996e-08,0.0,0.0,0.0
fixed,PPO-QP,20260806,30,266,16,33.621701337775896,-17.584164302909876,32.762465083548406,32.67057218100077,32.67057220395128,25.024182336736082,hard_qp_solution,-805.803362788312,32.762465083548406,-132.76246508354842,33.621701337775896,125.0,80.0,-100.0,32.762465083548406,3.7999999999999996e-08,0.0,0.0,0.0
fixed,PPO-QP,20260806,30,266,17,25.024182336736082,-12.32942779604872,0.09189287959711265,26.85508142611397,0.09189287959711265,25.0,hard_qp_solution,-842.0034427926902,0.09189287959711265,-100.09189287959711,25.024182336736082,125.0,79.0,-100.0,0.09189287959711265,3.7999999999999996e-08,0.0,0.0,0.0
fixed,PPO-QP,20260806,30,266,18,25.0,-44.90810712040289,0.0,29.739684514020475,0.0,25.0,hard_qp_solution,-842.1052631578948,0.0,-100.0,25.0,125.0,78.0,-100.0,0.0,3.7999999999999996e-08,0.0,0.0,0.0
fixed,PPO-QP,20260806,30,266,19,25.0,-45.0,0.0,16.329439526328716,0.0,25.0,hard_qp_solution,-842.1052631578948,0.0,-100.0,25.0,125.0,77.0,-100.0,0.0,3.7999999999999996e-08,0.0,0.0,0.0
fixed,PPO-QP,20260806,30,266,20,25.0,-45.0,0.0,22.234899937673436,0.0,25.0,hard_qp_solution,-842.1052631578948,0.0,-100.0,25.0,125.0,76.0,-100.0,0.0,3.7999999999999996e-08,0.0,0.0,0.0
fixed,PPO-QP,20260806,30,266,21,25.0,-45.0,0.0,-2.622782951196949,-2.62278293409475,25.622910946847504,hard_qp_solution,-842.1052631578948,0.0,-100.0,25.0,125.0,75.0,-100.0,0.0,3.7999999999999996e-08,0.0,0.0,0.0
fixed,PPO-QP,20260806,30,266,22,25.622910946847504,-47.62278293409475,2.3670615980205167,4.305719069242399,2.3670615980205167,25.0,hard_qp_solution,-839.4824802238,2.3670615980205167,-102.36706159802051,25.622910946847504,125.0,74.0,-100.0,2.3670615980205167,3.7999999999999996e-08,0.0,0.0,0.0
fixed,PPO-QP,20260806,30,266,23,25.0,-42.63293840197948,0.0,-6.262000816457368,-6.262000801685614,26.487225190400334,hard_qp_solution,-842.1052631578948,0.0,-100.0,25.0,125.0,73.0,-100.0,0.0,3.7999999999999996e-08,0.0,0.0,0.0
fixed,PPO-QP,20260806,30,266,24,26.487225190400334,-51.262000801685616,5.65145572352127,10.36846149245358,5.65145572352127,25.0,hard_qp_solution,-835.8432623562092,5.65145572352127,-105.65145572352127,26.487225190400334,125.0,72.0,-100.0,5.65145572352127,3.7999999999999996e-08,0.0,0.0,0.0
fixed,PPO-QP,20260806,30,266,25,25.0,-39.348544276478734,0.0,8.318693662435486,0.0,25.0,hard_qp_solution,-842.1052631578948,0.0,-100.0,25.0,125.0,71.0,-100.0,0.0,3.7999999999999996e-08,0.0,0.0,0.0
fixed,PPO-QP,20260806,30,266,26,25.0,-45.0,0.0,18.84574837617367,0.0,25.0,hard_qp_solution,-842.1052631578948,0.0,-100.0,25.0,125.0,70.0,-100.0,0.0,3.7999999999999996e-08,0.0,0.0,0.0
fixed,PPO-QP,20260806,30,266,27,25.0,-45.0,0.0,-0.41012045128466124,-0.4101204313871427,25.097403602454445,hard_qp_solution,-842.1052631578948,0.0,-100.0,25.0,125.0,69.0,-100.0,0.0,3.7999999999999996e-08,0.0,0.0,0.0
fixed,PPO-QP,20260806,30,266,28,25.097403602454445,-45.41012043138714,0.3701336893268923,-4.197236645833323,-4.197236637512254,26.094247303863604,hard_qp_solution,-841.6951427265076,0.3701336893268923,-100.37013368932689,25.097403602454445,125.0,68.0,-100.0,0.3701336893268923,3.7999999999999996e-08,0.0,0.0,0.0
fixed,PPO-QP,20260806,30,266,29,26.094247303863604,-49.197236637512255,4.158139754681694,9.277307908745094,4.158139754681694,25.0,hard_qp_solution,-837.4979060889955,4.158139754681694,-104.1581397546817,26.094247303863604,125.0,67.0,-100.0,4.158139754681694,3.7999999999999996e-08,0.0,0.0,0.0
fixed,PPO-QP,20260806,30,266,30,25.0,-40.84186024531831,0.0,11.754080383462746,0.0,25.0,hard_qp_solution,-842.1052631578948,0.0,-100.0,25.0,125.0,66.0,-100.0,0.0,3.7999999999999996e-08,0.0,0.0,0.0
fixed,PPO-QP,20260806,30,266,31,25.0,-45.0,0.0,27.88304920959339,0.0,25.0,hard_qp_solution,-842.1052631578948,0.0,-100.0,25.0,125.0,65.0,-100.0,0.0,3.7999999999999996e-08,0.0,0.0,0.0
fixed,PPO-QP,20260806,30,266,32,25.0,-45.0,0.0,10.170356723243097,-7.877644477351449,26.87094056337097,hard_qp_solution,-842.1052631578948,0.0,-100.0,25.0,125.0,64.0,-100.0,0.0,3.7999999999999996e-08,0.0,0.0,0.0
fixed,PPO-QP,20260806,30,266,33,26.87094056337097,-52.87764447735145,7.109574140809681,22.84128395923662,-38.39752031742847,35.99035163876023,hard_qp_solution,-834.2276186805434,7.109574140809681,-107.10957414080968,26.87094056337097,125.0,63.0,-100.0,7.109574140809681,3.7999999999999996e-08,0.0,0.0,0.0
fixed,PPO-QP,20260806,30,266,34,35.99035163876023,-83.39752031742847,6.602479682571527,-8.932097267342707,-20.134775581341806,40.77236083932891,hard_qp_solution,-795.8300983631149,41.763336227288875,-141.76333622728887,35.99035163876023,125.0,62.0,-100.0,41.763336227288875,3.7999999999999996e-08,0.0,0.0,0.0
fixed,PPO-QP,20260806,30,266,35,40.77236083932891,-65.13477558134181,24.865224418658194,15.92862435085387,-37.37237727847045,49.64830044296564,hard_qp_solution,-775.695322781773,59.93497118944986,-159.93497118944987,40.77236083932891,125.0,61.0,-100.0,59.93497118944986,3.7999999999999996e-08,0.0,0.0,0.0
fixed,PPO-QP,20260806,30,266,36,49.64830044296564,-82.37237727847045,7.627622721529548,-15.606920693125186,-65.33930125405548,65.16638449080382,hard_qp_solution,-738.3229455033025,93.66354168326943,-193.66354168326944,49.64830044296564,125.0,60.0,-100.0,93.66354168326943,3.7999999999999996e-08,0.0,0.0,0.0
fixed,PPO-QP,20260806,30,266,37,65.16638449080382,-100.0,-20.339301254055485,3.200900920893203,-81.69271210885715,84.56840361665739,hard_qp_solution,-672.9836442492472,152.6322610650545,-200.0,65.16638449080382,125.0,59.0,-100.0,100.0,3.7999999999999996e-08,0.0,0.0,0.0
fixed,PPO-QP,20260806,30,266,38,84.56840361665739,-100.0,-36.69271210885715,-28.288524380237806,-65.40542872101918,100.10219293789945,hard_qp_solution,-591.2909321403899,226.3599337432981,-200.0,84.56840361665739,125.0,58.0,-100.0,100.0,3.7999999999999996e-08,0.0,0.0,0.0
fixed,PPO-QP,20260806,30,266,39,100.10219293789945,-100.0,-20.405428721019177,9.893875965851707,-96.54026155409069,123.03050505699599,hard_qp_solution,-525.8855034193708,285.38833316401787,-200.0,100.10219293789945,125.0,57.0,-100.0,100.0,3.7999999999999996e-08,0.0,0.0,0.0
fixed,PPO-QP,20260806,30,266,40,123.03050505699599,-100.0,-51.54026155409069,-13.534433051613664,-98.99974608822657,146.5429447529498,phase2_solution,-429.34524186528006,372.51591921658473,-200.0,123.03050505699599,125.0,56.0,-100.0,100.0,3.7999999999999996e-08,0.0,0.0,0.0
fixed,PPO-QP,20260806,30,266,41,146.5429447529498,-100.0,-53.99974608822657,-5.923236373451966,-98.99912123437548,170.05523604611398,phase2_solution,-330.34549577705343,461.86319006120925,-200.0,146.5429447529498,125.0,55.0,-100.0,100.0,3.7999999999999996e-08,0.0,0.0,0.0
fixed,PPO-QP,20260806,30,266,42,170.05523604611398,-100.0,-53.99912123437548,-26.859765830959343,-98.99914922178303,193.56753398628746,phase2_solution,-231.346374542678,551.209896975233,-200.0,170.05523604611398,125.0,54.0,-100.0,100.0,3.7999999999999996e-08,0.0,0.0,0.0
fixed,PPO-QP,20260806,30,266,43,193.56753398628746,-100.0,-53.99914922178303,-6.536313811297921,-98.99916531698285,217.0798357490709,phase2_solution,-132.34722532089492,640.5566291478923,-200.0,193.56753398628746,125.0,53.0,-100.0,100.0,3.7999999999999996e-08,0.0,0.0,0.0
fixed,PPO-QP,20260806,30,266,44,217.0798357490709,-33.348060003912025,100.0,-9.231063923181509,-32.34813870931319,224.76251869253278,phase2_solution,-33.348060003912025,729.9033758464693,-133.34806000391202,217.0798357490709,125.0,52.0,-33.348060003912025,100.0,3.7999999999999996e-08,0.0,0.0,0.0
fixed,PPO-QP,20260806,30,266,45,224.76251869253278,-0.9999212945988228,12.65186129068681,-11.096536499922964,-0.999921294598823,225.0,phase2_solution,-0.9999212945988228,759.0975710316245,-100.99992129459882,224.76251869253278,125.0,51.0,-0.9999212945988228,100.0,3.7999999999999996e-08,0.0,0.0,0.0
fixed,PPO-QP,20260806,30,266,46,225.0,-0.0,44.00007870540118,-27.86209815917812,-0.0,225.0,phase2_solution,0.0,760.0,-100.0,225.0,125.0,50.0,-0.0,100.0,3.7999999999999996e-08,0.0,0.0,0.0
fixed,PPO-QP,20260806,30,266,47,225.0,-0.0,45.0,-7.105277600516256,-0.0,225.0,phase2_solution,0.0,760.0,-100.0,225.0,125.0,49.0,-0.0,100.0,3.7999999999999996e-08,0.0,0.0,0.0
fixed,PPO-QP,20260806,30,266,48,225.0,-0.0,45.0,-2.2869842938691143,-0.0,225.0,phase2_solution,0.0,760.0,-100.0,225.0,125.0,48.0,-0.0,100.0,3.7999999999999996e-08,0.0,0.0,0.0
fixed,PPO-QP,20260806,30,266,49,225.0,-0.0,45.0,-3.3564500053690147,-0.0,225.0,phase2_solution,0.0,760.0,-100.0,225.0,125.0,47.0,-0.0,100.0,3.7999999999999996e-08,0.0,0.0,0.0
fixed,PPO-QP,20260806,30,266,50,225.0,-0.0,45.0,0.5352126225284815,-0.0,225.0,phase2_solution,0.0,760.0,-100.0,225.0,125.0,46.0,-0.0,100.0,3.7999999999999996e-08,0.0,0.0,0.0
fixed,PPO-QP,20260806,30,266,51,225.0,-0.0,45.0,16.106167489354306,1.0000017867586457,224.7368416350635,phase2_solution,0.0,760.0,-100.0,225.0,125.0,45.0,-0.0,100.0,3.7999999999999996e-08,0.0,0.0,0.0
fixed,PPO-QP,20260806,30,266,52,224.7368416350635,-1.1080352207852087,46.000001786758645,17.62757137734054,-0.10765063146923773,224.76240866003747,phase2_solution,-1.1080352207852087,758.9999982132413,-101.10803522078521,224.7368416350635,125.0,44.0,-1.1080352207852087,100.0,3.7999999999999996e-08,0.0,0.0,0.0
fixed,PPO-QP,20260806,30,266,53,224.76240866003747,-1.0003845893159355,44.89234936853076,15.149951686120561,-0.00028712508658385266,224.76247685224553,phase2_solution,-1.0003845893159355,759.0971529081423,-101.00038458931594,224.76240866003747,125.0,43.0,-1.0003845893159355,100.0,3.7999999999999996e-08,0.0,0.0,0.0
fixed,PPO-QP,20260806,30,266,54,224.76247685224553,-1.00009746422936,44.99971287491341,29.45401367346402,-9.723988049808596e-05,224.76249994671716,phase2_solution,-1.00009746422936,759.097412038533,-101.00009746422936,224.76247685224553,125.0,42.0,-1.00009746422936,100.0,3.7999999999999996e-08,0.0,0.0,0.0
fixed,PPO-QP,20260806,30,266,55,224.76249994671716,-1.0000002243488157,44.999902760119504,37.80015412169542,-0.0003772806113891947,224.76258955086237,phase2_solution,-1.0000002243488157,759.0974997975252,-101.00000022434881,224.76249994671716,125.0,41.0,-1.0000002243488157,100.0,3.7999999999999996e-08,0.0,0.0,0.0
fixed,PPO-QP,20260806,30,266,56,224.76258955086237,-0.9996229437373778,44.99962271938861,42.94614805474908,0.00037590017110570895,224.76249062976473,phase2_solution,-0.9996229437373778,759.0978402932769,-100.99962294373738,224.76258955086237,125.0,40.0,-0.9996229437373778,100.0,3.7999999999999996e-08,0.0,0.0,0.0
fixed,PPO-QP,20260806,30,266,57,224.76249062976473,-1.0000394536222015,45.00037590017111,40.103887761876926,-3.955623201254304e-05,224.76250002436984,phase2_solution,-1.0000394536222015,759.097464393106,-101.00003945362221,224.76249062976473,125.0,39.0,-1.0000394536222015,100.0,3.7999999999999996e-08,0.0,0.0,0.0
fixed,PPO-QP,20260806,30,266,58,224.76250002436984,-0.9999998973901376,44.99996044376799,58.05414444503199,1.6828204180529776e-08,224.76250001994137,phase2_solution,-0.9999998973901376,759.0975000926054,-100.99999989739014,224.76250002436984,125.0,38.0,-0.9999998973901376,100.0,3.7999999999999996e-08,0.0,0.0,0.0
fixed,PPO-QP,20260806,30,266,59,224.76250001994137,-0.9999999160363348,45.0000000168282,38.95700491741664,-1.5327227653447033e-06,224.76250038396302,phase2_solution,-0.9999999160363348,759.0975000757771,-100.99999991603633,224.76250001994137,125.0,37.0,-0.9999999160363348,100.0,3.7999999999999996e-08,0.0,0.0,0.0
fixed,PPO-QP,20260806,30,266,60,224.76250038396302,-0.9999983833136197,44.99999846727724,29.635571957171276,29.635571965447284,216.96366565621372,hard_qp_solution,-0.9999983833136197,759.0975014590595,-100.99999838331362,224.76250038396302,125.0,36.0,-0.9999983833136197,100.0,3.7999999999999996e-08,0.0,0.0,0.0
fixed,PPO-QP,20260806,30,266,61,216.96366565621372,-15.364428034552716,74.63557196544728,30.281974615834066,30.126927889027723,209.03552673804853,hard_qp_solution,-33.83719723699486,729.4619294936122,-133.83719723699485,216.96366565621372,125.0,35.0,-33.83719723699486,100.0,3.7999999999999996e-08,0.0,0.0,0.0
fixed,PPO-QP,20260806,30,266,62,209.03552673804853,-14.873072110972277,75.12692788902773,35.14740193408954,35.14740194232106,199.78621043743772,hard_qp_solution,-67.21883478716408,699.3350016045844,-167.2188347871641,209.03552673804853,125.0,34.0,-67.21883478716408,100.0,3.7999999999999996e-08,0.0,0.0,0.0
fixed,PPO-QP,20260806,30,266,63,199.78621043743772,-9.85259805767894,80.14740194232107,37.66411190827107,16.628809080656623,195.41020804779123,hard_qp_solution,-106.16332447394646,664.1875996622633,-200.0,199.78621043743772,125.0,33.0,-100.0,100.0,3.7999999999999996e-08,0.0,0.0,0.0
fixed,PPO-QP,20260806,30,266,64,195.41020804779123,-28.371190919343377,61.62880908065662,27.571905564421396,27.571905572714172,188.15444342339276,hard_qp_solution,-124.58859769351062,647.5587905816067,-200.0,195.41020804779123,125.0,32.0,-100.0,100.0,3.7999999999999996e-08,0.0,0.0,0.0
fixed,PPO-QP,20260806,30,266,65,188.15444342339276,-17.428094427285828,72.57190557271417,31.330394639441007,31.330394647703365,179.90960272662872,hard_qp_solution,-155.1391855857147,619.9868850088925,-200.0,188.15444342339276,125.0,31.0,-100.0,100.0,3.7999999999999996e-08,0.0,0.0,0.0
fixed,PPO-QP,20260806,30,266,66,179.90960272662872,-13.669605352296635,76.33039464770337,31.726056586541755,31.726056594800966,171.560640464839,hard_qp_solution,-189.85430430893172,588.6564903611891,-200.0,179.90960272662872,125.0,30.0,-100.0,100.0,3.7999999999999996e-08,0.0,0.0,0.0
fixed,PPO-QP,20260806,30,266,67,171.560640464839,-13.273943405199034,76.72605659480097,26.31397532576523,26.313975334068168,164.63591011376843,hard_qp_solution,-225.00782962173054,556.9304337663882,-200.0,171.560640464839,125.0,29.0,-100.0,100.0,3.7999999999999996e-08,0.0,0.0,0.0
fixed,PPO-QP,20260806,30,266,68,164.63591011376843,-18.686024665931832,71.31397533406818,2.075767432397536,2.075767440896496,164.08965552405883,hard_qp_solution,-254.16458899465925,530.61645843232,-200.0,164.63591011376843,125.0,28.0,-100.0,100.0,3.7999999999999996e-08,0.0,0.0,0.0
fixed,PPO-QP,20260806,30,266,69,164.08965552405883,-42.9242325591035,47.0757674408965,1.3010608119607703,1.3010608204399134,163.74727109762728,hard_qp_solution,-256.4646083197523,528.5406909914235,-200.0,164.08965552405883,125.0,27.0,-100.0,100.0,3.7999999999999996e-08,0.0,0.0,0.0
fixed,PPO-QP,20260806,30,266,70,163.74727109762728,-43.698939179560085,46.301060820439915,-6.937054915794537,-6.9370549072851935,165.39482163810752,hard_qp_solution,-257.90622695735885,527.2396301709837,-200.0,163.74727109762728,125.0,26.0,-100.0,100.0,3.7999999999999996e-08,0.0,0.0,0.0
fixed,PPO-QP,20260806,30,266,71,165.39482163810752,-51.937054907285194,38.062945092714806,-4.068422287272981,-4.068422278787882,166.36107192931965,hard_qp_solution,-250.96917205007364,533.5003222248085,-200.0,165.39482163810752,125.0,25.0,-100.0,100.0,3.7999999999999996e-08,0.0,0.0,0.0
fixed,PPO-QP,20260806,30,266,72,166.36107192931965,-49.06842227878788,40.93157772121212,11.124916687888682,11.124916700706335,163.43346227123902,hard_qp_solution,-246.9007497712857,537.1720733314146,-200.0,166.36107192931965,125.0,24.0,-100.0,100.0,3.7999999999999996e-08,0.0,0.0,0.0
fixed,PPO-QP,20260806,30,266,73,163.43346227123902,-33.875083299293664,56.124916700706336,3.4854663280690548,3.485466340188946,162.51623428697877,hard_qp_solution,-259.2275272789936,526.0471566307083,-200.0,163.43346227123902,125.0,23.0,-100.0,100.0,3.7999999999999996e-08,0.0,0.0,0.0
fixed,PPO-QP,20260806,30,266,74,162.51623428697877,-41.51453365981105,48.48546634018895,6.7117156469356525,6.711715659053399,160.74999332406998,hard_qp_solution,-263.0895398442999,522.5616902905193,-200.0,162.51623428697877,125.0,22.0,-100.0,100.0,3.7999999999999996e-08,0.0,0.0,0.0
fixed,PPO-QP,20260806,30,266,75,160.74999332406998,-38.2882843409466,51.7117156590534,15.025364401794207,15.025364413992449,156.79595005722985,hard_qp_solution,-270.5263438986527,515.8499746314659,-200.0,160.74999332406998,125.0,21.0,-100.0,100.0,3.7999999999999996e-08,0.0,0.0,0.0
fixed,PPO-QP,20260806,30,266,76,156.79595005722985,-29.97463558600755,60.02536441399245,12.596945564590284,12.596945576398799,153.48096437923016,hard_qp_solution,-287.1749471274533,500.8246102174734,-200.0,156.79595005722985,125.0,20.0,-100.0,100.0,3.7999999999999996e-08,0.0,0.0,0.0
fixed,PPO-QP,20260806,30,266,77,153.48096437923016,-32.403054423601205,57.596945576398795,7.337902390797015,7.337902402654721,151.54993743116313,hard_qp_solution,-301.1327815611362,488.22766464107457,-200.0,153.48096437923016,125.0,19.0,-100.0,100.0,3.7999999999999996e-08,0.0,0.0,0.0
fixed,PPO-QP,20260806,30,266,78,151.54993743116313,-37.66209759734528,52.33790240265472,2.3614466382269392,2.3614466501188125,150.9285041021845,hard_qp_solution,-309.263421342471,480.88976223841985,-200.0,151.54993743116313,125.0,18.0,-100.0,100.0,3.7999999999999996e-08,0.0,0.0,0.0
fixed,PPO-QP,20260806,30,266,79,150.9285041021845,-42.638553349881185,47.361446650118815,3.0119035563868923,3.011903568446481,150.13589789996172,hard_qp_solution,-311.8799827276443,478.52831558830104,-200.0,150.9285041021845,125.0,17.0,-100.0,100.0,3.7999999999999996e-08,0.0,0.0,0.0
fixed,PPO-QP,20260806,30,266,80,150.13589789996172,-41.988096431553515,48.011903568446485,2.6905306743658883,2.6905306863674494,149.42786350881238,hard_qp_solution,-315.2172720001612,475.5164120198545,-200.0,150.13589789996172,125.0,16.0,-100.0,100.0,3.7999999999999996e-08,0.0,0.0,0.0
fixed,PPO-QP,20260806,30,266,81,149.42786350881238,-42.30946931363255,47.69053068636745,-7.961835811005884,-7.961835798711683,151.3187995110064,hard_qp_solution,-318.19846943657944,472.825881333487,-200.0,149.42786350881238,125.0,15.0,-100.0,100.0,3.7999999999999996e-08,0.0,0.0,0.0
fixed,PPO-QP,20260806,30,266,82,151.3187995110064,-52.96183579871168,37.03816420128832,-14.340724927867083,-14.340724915721081,154.72472167849017,hard_qp_solution,-310.2366336378678,480.0114381418243,-200.0,151.3187995110064,125.0,14.0,-100.0,100.0,3.7999999999999996e-08,0.0,0.0,0.0
fixed,PPO-QP,20260806,30,266,83,154.72472167849017,-59.34072491572108,30.659275084278917,-8.24343997689718,-8.24343996411756,156.6825386699681,hard_qp_solution,-295.89590872214666,492.95394237826264,-200.0,154.72472167849017,125.0,13.0,-100.0,100.0,3.7999999999999996e-08,0.0,0.0,0.0
fixed,PPO-QP,20260806,30,266,84,156.6825386699681,-53.243439964117556,36.756560035882444,-9.391028978956626,-9.391028966606637,158.91290804953718,hard_qp_solution,-287.6524687580291,500.39364694587874,-200.0,156.6825386699681,125.0,12.0,-100.0,100.0,3.7999999999999996e-08,0.0,0.0,0.0
fixed,PPO-QP,20260806,30,266,85,158.91290804953718,-54.39102896660664,35.60897103339336,-13.318684417106514,-13.318684404821186,162.0760955956822,hard_qp_solution,-278.2614397914224,508.86905058824124,-200.0,158.91290804953718,125.0,11.0,-100.0,100.0,3.7999999999999996e-08,0.0,0.0,0.0
fixed,PPO-QP,20260806,30,266,86,162.0760955956822,-58.318684404821184,31.681315595178816,-15.413619330698875,-15.41361931821294,165.73683018375777,hard_qp_solution,-264.9427553866013,520.8891632635923,-200.0,162.0760955956822,125.0,10.0,-100.0,100.0,3.7999999999999996e-08,0.0,0.0,0.0
fixed,PPO-QP,20260806,30,266,87,165.73683018375777,-60.41361931821294,29.586380681787062,-20.520203109867,-20.520203097422645,170.61037841939566,hard_qp_solution,-249.52913606838834,534.7999546982795,-200.0,165.73683018375777,125.0,9.0,-100.0,100.0,3.7999999999999996e-08,0.0,0.0,0.0
fixed,PPO-QP,20260806,30,266,88,170.61037841939566,-65.52020309742264,24.479796902577355,-9.5487922889931,-9.548792275778188,172.87821658489298,hard_qp_solution,-229.00893297096565,553.3194379937034,-200.0,170.61037841939566,125.0,8.0,-100.0,100.0,3.7999999999999996e-08,0.0,0.0,0.0
fixed,PPO-QP,20260806,30,266,89,172.87821658489298,-54.54879227577819,35.45120772422181,-14.076966425608378,-14.076966413339967,176.22149610806122,hard_qp_solution,-219.46014069518745,561.9372230225933,-200.0,172.87821658489298,125.0,7.0,-100.0,100.0,3.7999999999999996e-08,0.0,0.0,0.0
fixed,PPO-QP,20260806,30,266,90,176.22149610806122,-59.07696641333997,30.923033586660033,-28.11346860415979,-28.113468591844963,182.8984448986244,hard_qp_solution,-205.38317428184752,574.6416852106325,-200.0,176.22149610806122,125.0,6.0,-100.0,100.0,3.7999999999999996e-08,0.0,0.0,0.0
fixed,PPO-QP,20260806,30,266,91,182.8984448986244,-73.11346859184496,16.886531408155037,-25.302817413030137,-25.30281739986311,188.9078640310919,hard_qp_solution,-177.26970569000252,581.0140906147727,-200.0,182.8984448986244,125.0,5.0,-100.0,100.0,3.7999999999999996e-08,0.0,0.0,0.0
fixed,PPO-QP,20260806,30,266,92,188.9078640310919,-63.324229010361016,19.69718260013689,-33.414310607039184,-33.41431059451375,196.84376279728892,hard_qp_solution,-63.324229010361016,513.5998833181492,-163.32422901036102,188.9078640310919,125.0,4.0,-100.0,100.0,3.7999999999999996e-08,0.0,0.0,0.0
fixed,PPO-QP,20260806,30,266,93,196.84376279728892,73.00629862969781,100.0,-32.69541204952161,73.00629862969781,177.63157894736844,hard_qp_solution,73.00629862969781,453.5062986296979,-26.99370137030219,196.84376279728892,125.0,3.0,-100.0,100.0,3.7999999999999996e-08,0.0,1.0,61.42060922421156
fixed,PPO-QP,20260806,30,266,94,177.63157894736844,100.0,100.0,-28.045366170731572,100.0,151.31578947368422,hard_qp_solution,100.00000000000003,290.25000000000006,2.842170943040401e-14,177.63157894736844,125.0,2.0,-100.0,100.0,3.7999999999999996e-08,1.0,0.0,0.0
fixed,PPO-QP,20260806,30,266,95,151.31578947368422,100.0,100.0,-27.878660727998643,100.0,125.0,hard_qp_solution,100.00000000000003,100.00000000000003,2.842170943040401e-14,151.31578947368422,125.0,1.0,-100.0,100.0,3.7999999999999996e-08,1.0,0.0,0.0
old,PPO-QP,20260806,30,267,0,125.0,-45.0,45.0,-5.3196589135559895,-5.319658787401438,126.26341896200785,hard_qp_solution,-421.0526315789474,380.0,-200.0,,,,,,,,,
old,PPO-QP,20260806,30,267,1,126.26341896200785,-50.31965878740144,39.68034121259856,-11.156245766143384,-11.156245637959767,128.9130273010233,hard_qp_solution,-415.73297279154593,384.8009920556298,-200.0,,,,,,,,,
old,PPO-QP,20260806,30,267,2,128.9130273010233,-56.15624563795977,33.84375436204023,-5.617080194973421,-5.617080193878605,130.24708384706946,hard_qp_solution,-404.5767271535861,394.8695037438885,-200.0,,,,,,,,,
old,PPO-QP,20260806,30,267,3,130.24708384706946,-50.61708019387861,39.38291980612139,-8.35812514212728,-8.358125129924979,132.23213856542665,hard_qp_solution,-398.9596469597075,399.9389186188639,-200.0,,,,,,,,,
old,PPO-QP,20260806,30,267,4,132.23213856542665,-53.35812512992498,36.64187487007502,-3.559285920134951,-3.559285907559401,133.077468968472,hard_qp_solution,-390.60152182978254,407.48212654862124,-200.0,,,,,,,,,
old,PPO-QP,20260806,30,267,5,133.077468968472,-48.5592859075594,41.4407140924406,4.67594847540579,4.675948487947831,131.84695620848572,hard_qp_solution,-387.04223592222314,410.6943820801936,-200.0,,,,,,,,,
old,PPO-QP,20260806,30,267,6,131.84695620848572,-40.32405151205217,49.67594848794783,16.700900695706622,16.70090070811191,127.45198233792996,hard_qp_solution,-392.22334228006014,406.01843359224574,-200.0,,,,,,,,,
old,PPO-QP,20260806,30,267,7,127.45198233792996,-28.29909929188809,61.70090070811191,11.612192530900096,11.612192542834897,124.39614219507867,hard_qp_solution,-410.7284954192423,389.3175328841338,-200.0,,,,,,,,,
old,PPO-QP,20260806,30,267,8,124.39614219507867,-33.3878074571651,56.6121925428349,27.355639575153955,27.3556395875099,117.19728967204975,hard_qp_solution,-423.5951907575635,377.7053403412989,-200.0,,,,,,,,,
old,PPO-QP,20260806,30,267,9,117.19728967204975,-17.6443604124901,72.3556395875099,28.297242739082627,28.297242750763562,109.75064684290145,hard_qp_solution,-453.9061487492642,350.349700753789,-200.0,,,,,,,,,
old,PPO-QP,20260806,30,267,10,109.75064684290145,-16.702757249236438,73.29724275076356,29.431493757132348,29.43149376880395,102.00551690374252,hard_qp_solution,-485.26043434567816,322.0524580030255,-200.0,,,,,,,,,
old,PPO-QP,20260806,30,267,11,102.00551690374252,-15.56850623119605,74.43149376880395,29.83087416041206,29.830874172080353,94.15528685845821,hard_qp_solution,-517.8715077737157,292.62096423422156,-200.0,,,,,,,,,
old,PPO-QP,20260806,30,267,12,94.15528685845821,-15.169125827919647,74.83087417208036,42.847970907252595,42.8479709192514,82.87950503760258,hard_qp_solution,-550.9251079643865,262.7900900621412,-200.0,,,,,,,,,
old,PPO-QP,20260806,30,267,13,82.87950503760258,-2.152029080748598,87.8479709192514,43.119403467421186,43.1194034793135,71.53229359567798,hard_qp_solution,-598.4020840521996,219.94211914288982,-200.0,,,,,,,,,
old,PPO-QP,20260806,30,267,14,71.53229359567798,-1.8805965206865025,88.11940347931349,42.989783149467506,42.98978316141621,60.21919276372635,hard_qp_solution,-646.1798164392507,176.82271566357633,-200.0,,,,,,,,,
old,PPO-QP,20260806,30,267,15,60.21919276372635,-2.010216838583787,87.98978316141621,34.46702550966443,34.467025522659085,51.14892288934237,hard_qp_solution,-693.8139252053628,133.8329325021601,-200.0,,,,,,,,,
old,PPO-QP,20260806,30,267,16,51.14892288934237,-10.532974477340915,79.46702552265909,23.906693114946222,23.906693127991254,44.857687855660465,hard_qp_solution,-732.004535202769,99.365906979501,-199.365906979501,,,,,,,,,
old,PPO-QP,20260806,30,267,17,44.857687855660465,-21.093306872008746,68.90669312799125,20.374669705541326,20.37466971702943,39.49593266696851,hard_qp_solution,-758.4939458709034,75.45921385150976,-175.45921385150976,,,,,,,,,
old,PPO-QP,20260806,30,267,18,39.49593266696851,-24.62533028297057,55.084544134480325,8.12862980524452,8.1286298177797,37.35681955702648,hard_qp_solution,-781.0697571917116,55.084544134480325,-155.08454413448032,,,,,,,,,
old,PPO-QP,20260806,30,267,19,37.35681955702648,-36.8713701822203,46.955914316700635,21.41562800344527,21.41562801502161,31.72112797412606,hard_qp_solution,-790.0765492335728,46.955914316700635,-146.95591431670064,,,,,,,,,
old,PPO-QP,20260806,30,267,20,31.72112797412606,-23.58437198497839,25.54028630167902,9.09540997591329,9.095409988774538,29.327599029711706,hard_qp_solution,-813.8057769510482,25.54028630167902,-125.54028630167902,,,,,,,,,
old,PPO-QP,20260806,30,267,21,29.327599029711706,-35.904590011225466,16.444876312904483,11.843699133446446,11.843699149703504,26.210836095579204,hard_qp_solution,-823.8837935591087,16.444876312904483,-116.44487631290448,,,,,,,,,
old,PPO-QP,20260806,30,267,22,26.210836095579204,-33.156300850296496,4.6011771632009735,3.0882902923983,3.088290310102419,25.39812811923646,hard_qp_solution,-837.0070059133508,4.6011771632009735,-104.60117716320097,,,,,,,,,
old,PPO-QP,20260806,30,267,23,25.39812811923646,-41.91170968989758,1.51288685309855,15.10348427680605,1.51288685309855,25.0,hard_qp_solution,-840.4289342347939,1.51288685309855,-101.51288685309855,,,,,,,,,
old,PPO-QP,20260806,30,267,24,25.0,-43.48711314690145,0.0,9.954506718480022,0.0,25.0,hard_qp_solution,-842.1052631578948,0.0,-100.0,,,,,,,,,
old,PPO-QP,20260806,30,267,25,25.0,-45.0,0.0,12.186826378606176,0.0,25.0,hard_qp_solution,-842.1052631578948,0.0,-100.0,,,,,,,,,
old,PPO-QP,20260806,30,267,26,25.0,-45.0,0.0,14.124406135993933,0.0,25.0,hard_qp_solution,-842.1052631578948,0.0,-100.0,,,,,,,,,
old,PPO-QP,20260806,30,267,27,25.0,-45.0,0.0,16.30826140448495,0.0,25.0,hard_qp_solution,-842.1052631578948,0.0,-100.0,,,,,,,,,
old,PPO-QP,20260806,30,267,28,25.0,-45.0,0.0,12.497987257662475,0.0,25.0,hard_qp_solution,-842.1052631578948,0.0,-100.0,,,,,,,,,
old,PPO-QP,20260806,30,267,29,25.0,-45.0,0.0,4.928043597175737,0.0,25.0,hard_qp_solution,-842.1052631578948,0.0,-100.0,,,,,,,,,
old,PPO-QP,20260806,30,267,30,25.0,-45.0,0.0,17.831416666223355,0.0,25.0,hard_qp_solution,-842.1052631578948,0.0,-100.0,,,,,,,,,
old,PPO-QP,20260806,30,267,31,25.0,-45.0,0.0,-6.125654548658186,-6.125654540350195,26.45484295333317,hard_qp_solution,-842.1052631578948,0.0,-100.0,,,,,,,,,
old,PPO-QP,20260806,30,267,32,26.45484295333317,-51.1256545403502,5.528403222666046,11.65843507670425,5.528403222666046,25.0,hard_qp_solution,-835.9796086175445,5.528403222666046,-105.52840322266604,,,,,,,,,
old,PPO-QP,20260806,30,267,33,25.0,-39.47159677733396,0.0,8.516443026739102,0.0,25.0,hard_qp_solution,-842.1052631578948,0.0,-100.0,,,,,,,,,
old,PPO-QP,20260806,30,267,34,25.0,-45.0,0.0,4.46377406591484,0.0,25.0,hard_qp_solution,-842.1052631578948,0.0,-100.0,,,,,,,,,
old,PPO-QP,20260806,30,267,35,25.0,-45.0,0.0,6.314539068144056,0.0,25.0,hard_qp_solution,-842.1052631578948,0.0,-100.0,,,,,,,,,
old,PPO-QP,20260806,30,267,36,25.0,-45.0,0.0,-3.8029795555888963,-17.226020265038745,29.091179812946702,hard_qp_solution,-842.1052631578948,0.0,-100.0,,,,,,,,,
old,PPO-QP,20260806,30,267,37,29.091179812946702,-62.22602026503874,15.546483289197468,5.927297097669905,-33.76496629821325,37.110359308772345,hard_qp_solution,-824.879242892856,15.546483289197468,-115.54648328919747,,,,,,,,,
old,PPO-QP,20260806,30,267,38,37.110359308772345,-78.76496629821325,11.235033701786747,-20.809555995753318,-20.80955598790059,42.05262885589873,hard_qp_solution,-791.1142765946429,46.01936537333491,-146.0193653733349,,,,,,,,,
old,PPO-QP,20260806,30,267,39,42.05262885589873,-65.8095559879006,24.19044401209941,9.153364399839537,-28.99743772973038,48.9395203167097,hard_qp_solution,-770.3047206067423,64.79998965241518,-164.79998965241518,,,,,,,,,
old,PPO-QP,20260806,30,267,40,48.9395203167097,-73.99743772973038,16.00256227026962,-4.016144318490027,-61.272152550220795,63.49165654738714,hard_qp_solution,-741.3072828770119,90.97017720349685,-190.97017720349686,,,,,,,,,
old,PPO-QP,20260806,30,267,41,63.49165654738714,-100.0,-16.272152550220795,-1.3983881814180132,-27.88040788199469,70.11325341936087,hard_qp_solution,-680.035130326791,146.26829488007112,-200.0,,,,,,,,,
old,PPO-QP,20260806,30,267,42,70.11325341936087,-72.88040788199469,17.11959211800531,-23.145156349201724,-40.23053746491952,79.66800606727926,hard_qp_solution,-652.1547224447963,171.43036299357132,-200.0,,,,,,,,,
old,PPO-QP,20260806,30,267,43,79.66800606727926,-85.23053746491952,4.7694625350804785,4.806400502550663,-10.920080269756506,82.26152513134643,hard_qp_solution,-611.9241849798768,207.7384230556612,-200.0,,,,,,,,,
old,PPO-QP,20260806,30,267,44,82.26152513134643,-55.920080269756504,34.079919730243496,-12.009485827757114,-45.359110051083114,93.03431376847867,hard_qp_solution,-601.0041047101203,217.59379549911642,-200.0,,,,,,,,,
old,PPO-QP,20260806,30,267,45,93.03431376847867,-90.35911005108312,-0.359110051083114,-4.1632770785711966,-56.597360471750115,106.47618688051932,hard_qp_solution,-555.6449946590371,258.53039232021894,-200.0,,,,,,,,,
old,PPO-QP,20260806,30,267,46,106.47618688051932,-100.0,-11.597360471750115,-13.422894263036062,-46.36539467668858,117.48796811623286,hard_qp_solution,-499.0476341872871,309.6095101459734,-200.0,,,,,,,,,
old,PPO-QP,20260806,30,267,47,117.48796811623286,-91.36539467668858,-1.365394676688581,8.760467014668595,-57.11927748204825,131.05379651821931,hard_qp_solution,-452.6822395105985,351.45427884168487,-200.0,,,,,,,,,
old,PPO-QP,20260806,30,267,48,131.05379651821931,-100.0,-12.119277482048247,12.839675042518806,-81.90892083357254,150.5071652161928,hard_qp_solution,-395.56296202855026,403.00442676923336,-200.0,,,,,,,,,
old,PPO-QP,20260806,30,267,49,150.5071652161928,-100.0,-36.90892083357254,17.756832676160922,-57.394098526918725,164.138263616336,hard_qp_solution,-313.65404119497776,476.9272278215326,-200.0,,,,,,,,,
old,PPO-QP,20260806,30,267,50,164.138263616336,-100.0,-12.394098526918725,25.18001275916239,-58.99866962301085,178.15044765180107,hard_qp_solution,-256.259942668059,528.7254017420768,-200.0,,,,,,,,,
old,PPO-QP,20260806,30,267,51,178.15044765180107,-100.0,-13.998669623010848,20.921743646728846,-43.708039630310715,188.53110706399985,hard_qp_solution,-197.2612730450481,581.971701076844,-200.0,,,,,,,,,
old,PPO-QP,20260806,30,267,52,188.53110706399985,-88.70803963031071,1.291960369689285,24.797184933751225,-81.17321916025858,207.80974661456128,hard_qp_solution,-153.55323341473746,621.4182068431994,-200.0,,,,,,,,,
old,PPO-QP,20260806,30,267,53,207.80974661456128,-72.38001425447884,-36.17321916025858,34.482778741757755,-36.17321916025858,216.4008861651227,hard_qp_solution,-72.38001425447884,694.6770371353329,-172.38001425447885,,,,,,,,,
old,PPO-QP,20260806,30,267,54,216.4008861651227,-36.20679509422021,8.826780839741417,44.65814014724837,-19.76958945129243,221.09616365980466,hard_qp_solution,-36.20679509422021,727.3233674274662,-136.2067950942202,,,,,,,,,
old,PPO-QP,20260806,30,267,55,221.09616365980466,-16.43720564292775,25.23041054870757,35.42661850628556,-15.437175460078208,224.76249283157324,phase2_solution,-16.43720564292775,745.1654219072577,-116.43720564292775,,,,,,,,,
old,PPO-QP,20260806,30,267,56,224.76249283157324,-1.000030182849514,29.56282453992179,49.17904084240179,12.935401759370773,221.358439737002,hard_qp_solution,-1.000030182849514,759.0974727599782,-101.00003018284951,,,,,,,,,
old,PPO-QP,20260806,30,267,57,221.358439737002,-15.33288531788637,57.93540175937078,35.11779183017724,0.3838429720341998,221.25742842857193,hard_qp_solution,-15.33288531788637,746.1620710006075,-115.33288531788637,,,,,,,,,
old,PPO-QP,20260806,30,267,58,221.25742842857193,-15.758196090223464,45.3838429720342,52.24202296838406,16.134729326958674,217.0114470267407,hard_qp_solution,-15.758196090223464,745.7782280285733,-115.75819609022346,,,,,,,,,
old,PPO-QP,20260806,30,267,59,217.0114470267407,-28.865270673041326,61.13472932695868,38.286817822725595,12.154991243148089,213.81276512064912,hard_qp_solution,-33.63601251898648,729.6434987016147,-133.6360125189865,,,,,,,,,
old,PPO-QP,20260806,30,267,60,213.81276512064912,-32.84500875685191,57.15499124314809,26.464958771612086,26.464958779913637,206.84830228382975,hard_qp_solution,-47.10414686042477,717.4885074584666,-147.10414686042478,,,,,,,,,
old,PPO-QP,20260806,30,267,61,206.84830228382975,-18.535041220086363,71.46495877991364,27.672042290334904,27.672042298626653,199.56618588945432,hard_qp_solution,-76.42820091019051,691.0235486785531,-176.42820091019053,,,,,,,,,
old,PPO-QP,20260806,30,267,62,199.56618588945432,-17.327957701373347,72.67204229862665,51.65690087242795,51.65690088052584,185.9722646051054,hard_qp_solution,-107.08974362335024,663.3515063799264,-200.0,,,,,,,,,
old,PPO-QP,20260806,30,267,63,185.9722646051054,6.656900880525839,96.65690088052584,41.28398156768996,41.283981575871756,175.10805892724443,hard_qp_solution,-164.32730692587197,611.6946054994005,-200.0,,,,,,,,,
old,PPO-QP,20260806,30,267,64,175.10805892724443,-3.7160184241282437,86.28398157587176,23.143836247535766,23.143836255864304,169.01757570201698,hard_qp_solution,-210.07133083265504,570.4106239235288,-200.0,,,,,,,,,
old,PPO-QP,20260806,30,267,65,169.01757570201698,-21.856163744135696,68.1438362558643,28.855501962864977,28.85550197114727,161.42402255171507,hard_qp_solution,-235.71547072834954,547.2667876676645,-200.0,,,,,,,,,
old,PPO-QP,20260806,30,267,66,161.42402255171507,-16.14449802885273,73.85550197114728,36.19930730921865,36.19930731744152,151.8978890471252,hard_qp_solution,-267.68832609804184,518.4112856965172,-200.0,,,,,,,,,
old,PPO-QP,20260806,30,267,67,151.8978890471252,-8.800692682558477,81.19930731744152,21.868081763077758,21.868081771416556,146.1431306862261,hard_qp_solution,-307.79836190684125,482.21197837907573,-200.0,,,,,,,,,
old,PPO-QP,20260806,30,267,68,146.1431306862261,-23.131918228583444,66.86808177141656,3.017903559498565,3.017903567986539,145.34894553675596,hard_qp_solution,-332.02892342641644,460.3438966076592,-200.0,,,,,,,,,
old,PPO-QP,20260806,30,267,69,145.34894553675596,-41.98209643201346,48.01790356798654,-0.2847767472092466,-0.2847767387195624,145.41658001220185,hard_qp_solution,-335.37286089786966,457.32599303967265,-200.0,,,,,,,,,
old,PPO-QP,20260806,30,267,70,145.41658001220185,-45.284776738719565,44.715223261280435,-5.472752501752585,-5.472752493231817,146.7163587293444,hard_qp_solution,-335.0880841591501,457.583004046367,-200.0,,,,,,,,,
old,PPO-QP,20260806,30,267,71,146.7163587293444,-50.472752493231816,39.527247506768184,3.3994669742424057,3.399466982682948,145.82176215495414,hard_qp_solution,-329.61533166591835,462.5221631715087,-200.0,,,,,,,,,
old,PPO-QP,20260806,30,267,72,145.82176215495414,-41.600533017317055,48.399466982682945,13.129671804013821,13.129671816376398,142.36658536117088,hard_qp_solution,-333.38205408440365,459.1226961888257,-200.0,,,,,,,,,
old,PPO-QP,20260806,30,267,73,142.36658536117088,-31.870328183623602,58.1296718163764,6.744526506200112,6.744526518211089,140.59170996164164,hard_qp_solution,-347.9301669003332,445.9930243724493,-200.0,,,,,,,,,
old,PPO-QP,20260806,30,267,74,140.59170996164164,-38.25547348178891,51.74452651821109,16.606480773251036,16.606480785505788,136.22158343914012,hard_qp_solution,-355.4033264772984,439.2484978542382,-200.0,,,,,,,,,
old,PPO-QP,20260806,30,267,75,136.22158343914012,-28.393519214494212,61.60648078550579,14.970809858307632,14.9708098700968,132.28189663121992,hard_qp_solution,-373.80385920362056,422.64201706873246,-200.0,,,,,,,,,
old,PPO-QP,20260806,30,267,76,132.28189663121992,-30.0291901299032,59.9708098700968,8.74417769052497,8.74417770256036,129.9807972358093,hard_qp_solution,-390.3920141843372,407.67120719863567,-200.0,,,,,,,,,
old,PPO-QP,20260806,30,267,77,129.9807972358093,-36.255822297439636,53.744177702560364,10.25683831182469,10.256838323701245,127.2816292558879,hard_qp_solution,-400.0808537439609,398.9270294960753,-200.0,,,,,,,,,
old,PPO-QP,20260806,30,267,78,127.2816292558879,-34.743161676298755,55.256838323701245,10.22422055883628,10.224220570664015,124.59104489518685,hard_qp_solution,-411.4457715541562,388.670191172374,-200.0,,,,,,,,,
old,PPO-QP,20260806,30,267,79,124.59104489518685,-34.775779429335984,55.224220570664016,3.329360992295595,3.32936100430065,123.71489726247616,hard_qp_solution,-422.7745478097396,378.44597060171003,-200.0,,,,,,,,,
old,PPO-QP,20260806,30,267,80,123.71489726247616,-41.67063899569935,48.32936100430065,-1.5054065978927322,-1.5054065859693881,124.07243132664388,hard_qp_solution,-426.4635904737846,375.11660959740937,-200.0,,,,,,,,,
old,PPO-QP,20260806,30,267,81,124.07243132664388,-46.50540658596939,43.49459341403061,-6.229539687357964,-6.22953967536808,125.5519469995438,hard_qp_solution,-424.95818388781527,376.4752390412467,-200.0,,,,,,,,,
old,PPO-QP,20260806,30,267,82,125.5519469995438,-51.22953967536808,38.77046032463192,-2.812394345312168,-2.812394332860096,126.21989065359807,hard_qp_solution,-418.7286442124472,382.0973985982664,-200.0,,,,,,,,,
old,PPO-QP,20260806,30,267,83,126.21989065359807,-47.812394332860094,42.187605667139906,-11.385200335874517,-11.385200323870855,128.9238757305174,hard_qp_solution,-415.9162498795871,384.63558448367263,-200.0,,,,,,,,,
old,PPO-QP,20260806,30,267,84,128.9238757305174,-56.385200323870855,33.614799676129145,-14.479671463041537,-14.479671450998937,132.36279770012965,hard_qp_solution,-404.5310495557162,394.9107277759661,-200.0,,,,,,,,,
old,PPO-QP,20260806,30,267,85,132.36279770012965,-59.479671450998936,30.520328549001064,-14.756023888945885,-14.756023876393273,135.86735337077306,hard_qp_solution,-390.0513781047173,407.97863126049265,-200.0,,,,,,,,,
old,PPO-QP,20260806,30,267,86,135.86735337077306,-59.75602387639327,30.24397612360673,-13.227774843255164,-13.227774830586117,139.00894989303725,hard_qp_solution,-375.29535422832396,421.2959428089376,-200.0,,,,,,,,,
old,PPO-QP,20260806,30,267,87,139.00894989303725,-58.227774830586114,31.772225169413883,-16.549930517224396,-16.54993050480039,142.93955838792735,hard_qp_solution,-362.0675793977379,433.23400959354154,-200.0,,,,,,,,,
old,PPO-QP,20260806,30,267,88,142.93955838792735,-61.549930504800386,28.45006949519961,-13.485022719365725,-13.485022706606584,146.14225128074642,hard_qp_solution,-345.5176488929375,448.1703218741239,-200.0,,,,,,,,,
old,PPO-QP,20260806,30,267,89,146.14225128074642,-58.485022706606586,31.514977293393414,-18.603493750391614,-18.603493738012748,150.56058104352445,hard_qp_solution,-332.03262618633084,460.3405548668364,-200.0,,,,,,,,,
old,PPO-QP,20260806,30,267,90,150.56058104352445,-63.603493738012745,26.396506261987252,-10.840356436526259,-10.840356423495415,153.13516569410461,hard_qp_solution,-313.4291324483181,477.1302079653929,-200.0,,,,,,,,,
old,PPO-QP,20260806,30,267,91,153.13516569410461,-55.840356423495415,34.159643576504585,-20.13215790364919,-20.13215789151459,157.91655319333933,hard_qp_solution,-302.58877602482266,467.9136296375975,-200.0,,,,,,,,,
old,PPO-QP,20260806,30,267,92,157.91655319333933,-65.1321578915146,24.86784210848541,-27.846376970155127,-27.846376957648744,164.5300677207809,hard_qp_solution,-193.81395885352973,395.8329021346894,-200.0,,,,,,,,,
old,PPO-QP,20260806,30,267,93,164.5300677207809,-55.1642577961581,17.153623042351256,-24.20310170192001,-24.203101688934193,170.27830437190275,hard_qp_solution,-55.1642577961581,330.7142573389674,-155.1642577961581,,,,,,,,,
old,PPO-QP,20260806,30,267,94,170.27830437190275,72.0575566132304,100.0,-27.748877768903963,72.0575566132304,151.31578947368422,hard_qp_solution,72.0575566132304,262.3075566132304,-27.942443386769597,,,,,,,,,
old,PPO-QP,20260806,30,267,95,151.31578947368422,27.057556613230403,100.0,-17.544803292892126,27.057556613230403,144.19537983862358,hard_qp_solution,100.00000000000003,100.00000000000003,2.842170943040401e-14,,,,,,,,,
fixed,PPO-QP,20260806,30,267,0,125.0,-45.0,45.0,-5.3196589135559895,-5.319658787401438,126.26341896200785,hard_qp_solution,-421.0526315789474,380.0,-200.0,125.0,125.0,96.0,-100.0,100.0,3.7999999999999996e-08,0.0,0.0,0.0
fixed,PPO-QP,20260806,30,267,1,126.26341896200785,-50.31965878740144,39.68034121259856,-11.156245766143384,-11.156245637959767,128.9130273010233,hard_qp_solution,-415.73297279154593,384.8009920556298,-200.0,126.26341896200785,125.0,95.0,-100.0,100.0,3.7999999999999996e-08,0.0,0.0,0.0
fixed,PPO-QP,20260806,30,267,2,128.9130273010233,-56.15624563795977,33.84375436204023,-5.617080194973421,-5.617080193878605,130.24708384706946,hard_qp_solution,-404.5767271535861,394.8695037438885,-200.0,128.9130273010233,125.0,94.0,-100.0,100.0,3.7999999999999996e-08,0.0,0.0,0.0
fixed,PPO-QP,20260806,30,267,3,130.24708384706946,-50.61708019387861,39.38291980612139,-8.35812514212728,-8.358125129924979,132.23213856542665,hard_qp_solution,-398.9596469597075,399.9389186188639,-200.0,130.24708384706946,125.0,93.0,-100.0,100.0,3.7999999999999996e-08,0.0,0.0,0.0
fixed,PPO-QP,20260806,30,267,4,132.23213856542665,-53.35812512992498,36.64187487007502,-3.559285920134951,-3.559285907559401,133.077468968472,hard_qp_solution,-390.60152182978254,407.48212654862124,-200.0,132.23213856542665,125.0,92.0,-100.0,100.0,3.7999999999999996e-08,0.0,0.0,0.0
fixed,PPO-QP,20260806,30,267,5,133.077468968472,-48.5592859075594,41.4407140924406,4.67594847540579,4.675948487947831,131.84695620848572,hard_qp_solution,-387.04223592222314,410.6943820801936,-200.0,133.077468968472,125.0,91.0,-100.0,100.0,3.7999999999999996e-08,0.0,0.0,0.0
fixed,PPO-QP,20260806,30,267,6,131.84695620848572,-40.32405151205217,49.67594848794783,16.700900695706622,16.70090070811191,127.45198233792996,hard_qp_solution,-392.22334228006014,406.01843359224574,-200.0,131.84695620848572,125.0,90.0,-100.0,100.0,3.7999999999999996e-08,0.0,0.0,0.0
fixed,PPO-QP,20260806,30,267,7,127.45198233792996,-28.29909929188809,61.70090070811191,11.612192530900096,11.612192542834897,124.39614219507867,hard_qp_solution,-410.7284954192423,389.3175328841338,-200.0,127.45198233792996,125.0,89.0,-100.0,100.0,3.7999999999999996e-08,0.0,0.0,0.0
fixed,PPO-QP,20260806,30,267,8,124.39614219507867,-33.3878074571651,56.6121925428349,27.355639575153955,27.3556395875099,117.19728967204975,hard_qp_solution,-423.5951907575635,377.7053403412989,-200.0,124.39614219507867,125.0,88.0,-100.0,100.0,3.7999999999999996e-08,0.0,0.0,0.0
fixed,PPO-QP,20260806,30,267,9,117.19728967204975,-17.6443604124901,72.3556395875099,28.297242739082627,28.297242750763562,109.75064684290145,hard_qp_solution,-453.9061487492642,350.349700753789,-200.0,117.19728967204975,125.0,87.0,-100.0,100.0,3.7999999999999996e-08,0.0,0.0,0.0
fixed,PPO-QP,20260806,30,267,10,109.75064684290145,-16.702757249236438,73.29724275076356,29.431493757132348,29.43149376880395,102.00551690374252,hard_qp_solution,-485.26043434567816,322.0524580030255,-200.0,109.75064684290145,125.0,86.0,-100.0,100.0,3.7999999999999996e-08,0.0,0.0,0.0
fixed,PPO-QP,20260806,30,267,11,102.00551690374252,-15.56850623119605,74.43149376880395,29.83087416041206,29.830874172080353,94.15528685845821,hard_qp_solution,-517.8715077737157,292.62096423422156,-200.0,102.00551690374252,125.0,85.0,-100.0,100.0,3.7999999999999996e-08,0.0,0.0,0.0
fixed,PPO-QP,20260806,30,267,12,94.15528685845821,-15.169125827919647,74.83087417208036,42.847970907252595,42.8479709192514,82.87950503760258,hard_qp_solution,-550.9251079643865,262.7900900621412,-200.0,94.15528685845821,125.0,84.0,-100.0,100.0,3.7999999999999996e-08,0.0,0.0,0.0
fixed,PPO-QP,20260806,30,267,13,82.87950503760258,-2.152029080748598,87.8479709192514,43.119403467421186,43.1194034793135,71.53229359567798,hard_qp_solution,-598.4020840521996,219.94211914288982,-200.0,82.87950503760258,125.0,83.0,-100.0,100.0,3.7999999999999996e-08,0.0,0.0,0.0
fixed,PPO-QP,20260806,30,267,14,71.53229359567798,-1.8805965206865025,88.11940347931349,42.989783149467506,42.98978316141621,60.21919276372635,hard_qp_solution,-646.1798164392507,176.82271566357633,-200.0,71.53229359567798,125.0,82.0,-100.0,100.0,3.7999999999999996e-08,0.0,0.0,0.0
fixed,PPO-QP,20260806,30,267,15,60.21919276372635,-2.010216838583787,87.98978316141621,34.46702550966443,34.467025522659085,51.14892288934237,hard_qp_solution,-693.8139252053628,133.8329325021601,-200.0,60.21919276372635,125.0,81.0,-100.0,100.0,3.7999999999999996e-08,0.0,0.0,0.0
fixed,PPO-QP,20260806,30,267,16,51.14892288934237,-10.532974477340915,79.46702552265909,23.906693114946222,23.906693127991254,44.857687855660465,hard_qp_solution,-732.004535202769,99.365906979501,-199.365906979501,51.14892288934237,125.0,80.0,-100.0,99.365906979501,3.7999999999999996e-08,0.0,0.0,0.0
fixed,PPO-QP,20260806,30,267,17,44.857687855660465,-21.093306872008746,68.90669312799125,20.374669705541326,20.37466971702943,39.49593266696851,hard_qp_solution,-758.4939458709034,75.45921385150976,-175.45921385150976,44.857687855660465,125.0,79.0,-100.0,75.45921385150976,3.7999999999999996e-08,0.0,0.0,0.0
fixed,PPO-QP,20260806,30,267,18,39.49593266696851,-24.62533028297057,55.084544134480325,8.12862980524452,8.1286298177797,37.35681955702648,hard_qp_solution,-781.0697571917116,55.084544134480325,-155.08454413448032,39.49593266696851,125.0,78.0,-100.0,55.084544134480325,3.7999999999999996e-08,0.0,0.0,0.0
fixed,PPO-QP,20260806,30,267,19,37.35681955702648,-36.8713701822203,46.955914316700635,21.41562800344527,21.41562801502161,31.72112797412606,hard_qp_solution,-790.0765492335728,46.955914316700635,-146.95591431670064,37.35681955702648,125.0,77.0,-100.0,46.955914316700635,3.7999999999999996e-08,0.0,0.0,0.0
fixed,PPO-QP,20260806,30,267,20,31.72112797412606,-23.58437198497839,25.54028630167902,9.09540997591329,9.095409988774538,29.327599029711706,hard_qp_solution,-813.8057769510482,25.54028630167902,-125.54028630167902,31.72112797412606,125.0,76.0,-100.0,25.54028630167902,3.7999999999999996e-08,0.0,0.0,0.0
fixed,PPO-QP,20260806,30,267,21,29.327599029711706,-35.904590011225466,16.444876312904483,11.843699133446446,11.843699149703504,26.210836095579204,hard_qp_solution,-823.8837935591087,16.444876312904483,-116.44487631290448,29.327599029711706,125.0,75.0,-100.0,16.444876312904483,3.7999999999999996e-08,0.0,0.0,0.0
fixed,PPO-QP,20260806,30,267,22,26.210836095579204,-33.156300850296496,4.6011771632009735,3.0882902923983,3.088290310102419,25.39812811923646,hard_qp_solution,-837.0070059133508,4.6011771632009735,-104.60117716320097,26.210836095579204,125.0,74.0,-100.0,4.6011771632009735,3.7999999999999996e-08,0.0,0.0,0.0
fixed,PPO-QP,20260806,30,267,23,25.39812811923646,-41.91170968989758,1.51288685309855,15.10348427680605,1.51288685309855,25.0,hard_qp_solution,-840.4289342347939,1.51288685309855,-101.51288685309855,25.39812811923646,125.0,73.0,-100.0,1.51288685309855,3.7999999999999996e-08,0.0,0.0,0.0
fixed,PPO-QP,20260806,30,267,24,25.0,-43.48711314690145,0.0,9.954506718480022,0.0,25.0,hard_qp_solution,-842.1052631578948,0.0,-100.0,25.0,125.0,72.0,-100.0,0.0,3.7999999999999996e-08,0.0,0.0,0.0
fixed,PPO-QP,20260806,30,267,25,25.0,-45.0,0.0,12.186826378606176,0.0,25.0,hard_qp_solution,-842.1052631578948,0.0,-100.0,25.0,125.0,71.0,-100.0,0.0,3.7999999999999996e-08,0.0,0.0,0.0
fixed,PPO-QP,20260806,30,267,26,25.0,-45.0,0.0,14.124406135993933,0.0,25.0,hard_qp_solution,-842.1052631578948,0.0,-100.0,25.0,125.0,70.0,-100.0,0.0,3.7999999999999996e-08,0.0,0.0,0.0
fixed,PPO-QP,20260806,30,267,27,25.0,-45.0,0.0,16.30826140448495,0.0,25.0,hard_qp_solution,-842.1052631578948,0.0,-100.0,25.0,125.0,69.0,-100.0,0.0,3.7999999999999996e-08,0.0,0.0,0.0
fixed,PPO-QP,20260806,30,267,28,25.0,-45.0,0.0,12.497987257662475,0.0,25.0,hard_qp_solution,-842.1052631578948,0.0,-100.0,25.0,125.0,68.0,-100.0,0.0,3.7999999999999996e-08,0.0,0.0,0.0
fixed,PPO-QP,20260806,30,267,29,25.0,-45.0,0.0,4.928043597175737,0.0,25.0,hard_qp_solution,-842.1052631578948,0.0,-100.0,25.0,125.0,67.0,-100.0,0.0,3.7999999999999996e-08,0.0,0.0,0.0
fixed,PPO-QP,20260806,30,267,30,25.0,-45.0,0.0,17.831416666223355,0.0,25.0,hard_qp_solution,-842.1052631578948,0.0,-100.0,25.0,125.0,66.0,-100.0,0.0,3.7999999999999996e-08,0.0,0.0,0.0
fixed,PPO-QP,20260806,30,267,31,25.0,-45.0,0.0,-6.125654548658186,-6.125654540350195,26.45484295333317,hard_qp_solution,-842.1052631578948,0.0,-100.0,25.0,125.0,65.0,-100.0,0.0,3.7999999999999996e-08,0.0,0.0,0.0
fixed,PPO-QP,20260806,30,267,32,26.45484295333317,-51.1256545403502,5.528403222666046,11.65843507670425,5.528403222666046,25.0,hard_qp_solution,-835.9796086175445,5.528403222666046,-105.52840322266604,26.45484295333317,125.0,64.0,-100.0,5.528403222666046,3.7999999999999996e-08,0.0,0.0,0.0
fixed,PPO-QP,20260806,30,267,33,25.0,-39.47159677733396,0.0,8.516443026739102,0.0,25.0,hard_qp_solution,-842.1052631578948,0.0,-100.0,25.0,125.0,63.0,-100.0,0.0,3.7999999999999996e-08,0.0,0.0,0.0
fixed,PPO-QP,20260806,30,267,34,25.0,-45.0,0.0,4.46377406591484,0.0,25.0,hard_qp_solution,-842.1052631578948,0.0,-100.0,25.0,125.0,62.0,-100.0,0.0,3.7999999999999996e-08,0.0,0.0,0.0
fixed,PPO-QP,20260806,30,267,35,25.0,-45.0,0.0,6.314539068144056,0.0,25.0,hard_qp_solution,-842.1052631578948,0.0,-100.0,25.0,125.0,61.0,-100.0,0.0,3.7999999999999996e-08,0.0,0.0,0.0
fixed,PPO-QP,20260806,30,267,36,25.0,-45.0,0.0,-3.8029795555888963,-17.226020265038745,29.091179812946702,hard_qp_solution,-842.1052631578948,0.0,-100.0,25.0,125.0,60.0,-100.0,0.0,3.7999999999999996e-08,0.0,0.0,0.0
fixed,PPO-QP,20260806,30,267,37,29.091179812946702,-62.22602026503874,15.546483289197468,5.927297097669905,-33.76496629821325,37.110359308772345,hard_qp_solution,-824.879242892856,15.546483289197468,-115.54648328919747,29.091179812946702,125.0,59.0,-100.0,15.546483289197468,3.7999999999999996e-08,0.0,0.0,0.0
fixed,PPO-QP,20260806,30,267,38,37.110359308772345,-78.76496629821325,11.235033701786747,-20.809555995753318,-20.80955598790059,42.05262885589873,hard_qp_solution,-791.1142765946429,46.01936537333491,-146.0193653733349,37.110359308772345,125.0,58.0,-100.0,46.01936537333491,3.7999999999999996e-08,0.0,0.0,0.0
fixed,PPO-QP,20260806,30,267,39,42.05262885589873,-65.8095559879006,24.19044401209941,9.153364399839537,-28.99743772973038,48.9395203167097,hard_qp_solution,-770.3047206067423,64.79998965241518,-164.79998965241518,42.05262885589873,125.0,57.0,-100.0,64.79998965241518,3.7999999999999996e-08,0.0,0.0,0.0
fixed,PPO-QP,20260806,30,267,40,48.9395203167097,-73.99743772973038,16.00256227026962,-4.016144318490027,-61.272152550220795,63.49165654738714,hard_qp_solution,-741.3072828770119,90.97017720349685,-190.97017720349686,48.9395203167097,125.0,56.0,-100.0,90.97017720349685,3.7999999999999996e-08,0.0,0.0,0.0
fixed,PPO-QP,20260806,30,267,41,63.49165654738714,-100.0,-16.272152550220795,-1.3983881814180132,-27.88040788199469,70.11325341936087,hard_qp_solution,-680.035130326791,146.26829488007112,-200.0,63.49165654738714,125.0,55.0,-100.0,100.0,3.7999999999999996e-08,0.0,0.0,0.0
fixed,PPO-QP,20260806,30,267,42,70.11325341936087,-72.88040788199469,17.11959211800531,-23.145156349201724,-40.23053746491952,79.66800606727926,hard_qp_solution,-652.1547224447963,171.43036299357132,-200.0,70.11325341936087,125.0,54.0,-100.0,100.0,3.7999999999999996e-08,0.0,0.0,0.0
fixed,PPO-QP,20260806,30,267,43,79.66800606727926,-85.23053746491952,4.7694625350804785,4.806400502550663,-10.920080269756506,82.26152513134643,hard_qp_solution,-611.9241849798768,207.7384230556612,-200.0,79.66800606727926,125.0,53.0,-100.0,100.0,3.7999999999999996e-08,0.0,0.0,0.0
fixed,PPO-QP,20260806,30,267,44,82.26152513134643,-55.920080269756504,34.079919730243496,-12.009485827757114,-45.359110051083114,93.03431376847867,hard_qp_solution,-601.0041047101203,217.59379549911642,-200.0,82.26152513134643,125.0,52.0,-100.0,100.0,3.7999999999999996e-08,0.0,0.0,0.0
fixed,PPO-QP,20260806,30,267,45,93.03431376847867,-90.35911005108312,-0.359110051083114,-4.1632770785711966,-56.597360471750115,106.47618688051932,hard_qp_solution,-555.6449946590371,258.53039232021894,-200.0,93.03431376847867,125.0,51.0,-100.0,100.0,3.7999999999999996e-08,0.0,0.0,0.0
fixed,PPO-QP,20260806,30,267,46,106.47618688051932,-100.0,-11.597360471750115,-13.422894263036062,-46.36539467668858,117.48796811623286,hard_qp_solution,-499.0476341872871,309.6095101459734,-200.0,106.47618688051932,125.0,50.0,-100.0,100.0,3.7999999999999996e-08,0.0,0.0,0.0
fixed,PPO-QP,20260806,30,267,47,117.48796811623286,-91.36539467668858,-1.365394676688581,8.760467014668595,-57.11927748204825,131.05379651821931,hard_qp_solution,-452.6822395105985,351.45427884168487,-200.0,117.48796811623286,125.0,49.0,-100.0,100.0,3.7999999999999996e-08,0.0,0.0,0.0
fixed,PPO-QP,20260806,30,267,48,131.05379651821931,-100.0,-12.119277482048247,12.839675042518806,-81.90892083357254,150.5071652161928,hard_qp_solution,-395.56296202855026,403.00442676923336,-200.0,131.05379651821931,125.0,48.0,-100.0,100.0,3.7999999999999996e-08,0.0,0.0,0.0
fixed,PPO-QP,20260806,30,267,49,150.5071652161928,-100.0,-36.90892083357254,17.756832676160922,-57.394098526918725,164.138263616336,hard_qp_solution,-313.65404119497776,476.9272278215326,-200.0,150.5071652161928,125.0,47.0,-100.0,100.0,3.7999999999999996e-08,0.0,0.0,0.0
fixed,PPO-QP,20260806,30,267,50,164.138263616336,-100.0,-12.394098526918725,25.18001275916239,-58.99866962301085,178.15044765180107,hard_qp_solution,-256.259942668059,528.7254017420768,-200.0,164.138263616336,125.0,46.0,-100.0,100.0,3.7999999999999996e-08,0.0,0.0,0.0
fixed,PPO-QP,20260806,30,267,51,178.15044765180107,-100.0,-13.998669623010848,20.921743646728846,-43.708039630310715,188.53110706399985,hard_qp_solution,-197.2612730450481,581.971701076844,-200.0,178.15044765180107,125.0,45.0,-100.0,100.0,3.7999999999999996e-08,0.0,0.0,0.0
fixed,PPO-QP,20260806,30,267,52,188.53110706399985,-88.70803963031071,1.291960369689285,24.797184933751225,-81.17321916025858,207.80974661456128,hard_qp_solution,-153.55323341473746,621.4182068431994,-200.0,188.53110706399985,125.0,44.0,-100.0,100.0,3.7999999999999996e-08,0.0,0.0,0.0
fixed,PPO-QP,20260806,30,267,53,207.80974661456128,-72.38001425447884,-36.17321916025858,34.482778741757755,-36.17321916025858,216.4008861651227,hard_qp_solution,-72.38001425447884,694.6770371353329,-172.38001425447885,207.80974661456128,125.0,43.0,-72.38001425447884,100.0,3.7999999999999996e-08,0.0,0.0,0.0
fixed,PPO-QP,20260806,30,267,54,216.4008861651227,-36.20679509422021,8.826780839741417,44.65814014724837,-19.76958945129243,221.09616365980466,hard_qp_solution,-36.20679509422021,727.3233674274662,-136.2067950942202,216.4008861651227,125.0,42.0,-36.20679509422021,100.0,3.7999999999999996e-08,0.0,0.0,0.0
fixed,PPO-QP,20260806,30,267,55,221.09616365980466,-16.43720564292775,25.23041054870757,35.42661850628556,-15.437175460078208,224.76249283157324,phase2_solution,-16.43720564292775,745.1654219072577,-116.43720564292775,221.09616365980466,125.0,41.0,-16.43720564292775,100.0,3.7999999999999996e-08,0.0,0.0,0.0
fixed,PPO-QP,20260806,30,267,56,224.76249283157324,-1.000030182849514,29.56282453992179,49.17904084240179,12.935401759370773,221.358439737002,hard_qp_solution,-1.000030182849514,759.0974727599782,-101.00003018284951,224.76249283157324,125.0,40.0,-1.000030182849514,100.0,3.7999999999999996e-08,0.0,0.0,0.0
fixed,PPO-QP,20260806,30,267,57,221.358439737002,-15.33288531788637,57.93540175937078,35.11779183017724,0.3838429720341998,221.25742842857193,hard_qp_solution,-15.33288531788637,746.1620710006075,-115.33288531788637,221.358439737002,125.0,39.0,-15.33288531788637,100.0,3.7999999999999996e-08,0.0,0.0,0.0
fixed,PPO-QP,20260806,30,267,58,221.25742842857193,-15.758196090223464,45.3838429720342,52.24202296838406,16.134729326958674,217.0114470267407,hard_qp_solution,-15.758196090223464,745.7782280285733,-115.75819609022346,221.25742842857193,125.0,38.0,-15.758196090223464,100.0,3.7999999999999996e-08,0.0,0.0,0.0
fixed,PPO-QP,20260806,30,267,59,217.0114470267407,-28.865270673041326,61.13472932695868,38.286817822725595,12.154991243148089,213.81276512064912,hard_qp_solution,-33.63601251898648,729.6434987016147,-133.6360125189865,217.0114470267407,125.0,37.0,-33.63601251898648,100.0,3.7999999999999996e-08,0.0,0.0,0.0
fixed,PPO-QP,20260806,30,267,60,213.81276512064912,-32.84500875685191,57.15499124314809,26.464958771612086,26.464958779913637,206.84830228382975,hard_qp_solution,-47.10414686042477,717.4885074584666,-147.10414686042478,213.81276512064912,125.0,36.0,-47.10414686042477,100.0,3.7999999999999996e-08,0.0,0.0,0.0
fixed,PPO-QP,20260806,30,267,61,206.84830228382975,-18.535041220086363,71.46495877991364,27.672042290334904,27.672042298626653,199.56618588945432,hard_qp_solution,-76.42820091019051,691.0235486785531,-176.42820091019053,206.84830228382975,125.0,35.0,-76.42820091019051,100.0,3.7999999999999996e-08,0.0,0.0,0.0
fixed,PPO-QP,20260806,30,267,62,199.56618588945432,-17.327957701373347,72.67204229862665,51.65690087242795,51.65690088052584,185.9722646051054,hard_qp_solution,-107.08974362335024,663.3515063799264,-200.0,199.56618588945432,125.0,34.0,-100.0,100.0,3.7999999999999996e-08,0.0,0.0,0.0
fixed,PPO-QP,20260806,30,267,63,185.9722646051054,6.656900880525839,96.65690088052584,41.28398156768996,41.283981575871756,175.10805892724443,hard_qp_solution,-164.32730692587197,611.6946054994005,-200.0,185.9722646051054,125.0,33.0,-100.0,100.0,3.7999999999999996e-08,0.0,0.0,0.0
fixed,PPO-QP,20260806,30,267,64,175.10805892724443,-3.7160184241282437,86.28398157587176,23.143836247535766,23.143836255864304,169.01757570201698,hard_qp_solution,-210.07133083265504,570.4106239235288,-200.0,175.10805892724443,125.0,32.0,-100.0,100.0,3.7999999999999996e-08,0.0,0.0,0.0
fixed,PPO-QP,20260806,30,267,65,169.01757570201698,-21.856163744135696,68.1438362558643,28.855501962864977,28.85550197114727,161.42402255171507,hard_qp_solution,-235.71547072834954,547.2667876676645,-200.0,169.01757570201698,125.0,31.0,-100.0,100.0,3.7999999999999996e-08,0.0,0.0,0.0
fixed,PPO-QP,20260806,30,267,66,161.42402255171507,-16.14449802885273,73.85550197114728,36.19930730921865,36.19930731744152,151.8978890471252,hard_qp_solution,-267.68832609804184,518.4112856965172,-200.0,161.42402255171507,125.0,30.0,-100.0,100.0,3.7999999999999996e-08,0.0,0.0,0.0
fixed,PPO-QP,20260806,30,267,67,151.8978890471252,-8.800692682558477,81.19930731744152,21.868081763077758,21.868081771416556,146.1431306862261,hard_qp_solution,-307.79836190684125,482.21197837907573,-200.0,151.8978890471252,125.0,29.0,-100.0,100.0,3.7999999999999996e-08,0.0,0.0,0.0
fixed,PPO-QP,20260806,30,267,68,146.1431306862261,-23.131918228583444,66.86808177141656,3.017903559498565,3.017903567986539,145.34894553675596,hard_qp_solution,-332.02892342641644,460.3438966076592,-200.0,146.1431306862261,125.0,28.0,-100.0,100.0,3.7999999999999996e-08,0.0,0.0,0.0
fixed,PPO-QP,20260806,30,267,69,145.34894553675596,-41.98209643201346,48.01790356798654,-0.2847767472092466,-0.2847767387195624,145.41658001220185,hard_qp_solution,-335.37286089786966,457.32599303967265,-200.0,145.34894553675596,125.0,27.0,-100.0,100.0,3.7999999999999996e-08,0.0,0.0,0.0
fixed,PPO-QP,20260806,30,267,70,145.41658001220185,-45.284776738719565,44.715223261280435,-5.472752501752585,-5.472752493231817,146.7163587293444,hard_qp_solution,-335.0880841591501,457.583004046367,-200.0,145.41658001220185,125.0,26.0,-100.0,100.0,3.7999999999999996e-08,0.0,0.0,0.0
fixed,PPO-QP,20260806,30,267,71,146.7163587293444,-50.472752493231816,39.527247506768184,3.3994669742424057,3.399466982682948,145.82176215495414,hard_qp_solution,-329.61533166591835,462.5221631715087,-200.0,146.7163587293444,125.0,25.0,-100.0,100.0,3.7999999999999996e-08,0.0,0.0,0.0
fixed,PPO-QP,20260806,30,267,72,145.82176215495414,-41.600533017317055,48.399466982682945,13.129671804013821,13.129671816376398,142.36658536117088,hard_qp_solution,-333.38205408440365,459.1226961888257,-200.0,145.82176215495414,125.0,24.0,-100.0,100.0,3.7999999999999996e-08,0.0,0.0,0.0
fixed,PPO-QP,20260806,30,267,73,142.36658536117088,-31.870328183623602,58.1296718163764,6.744526506200112,6.744526518211089,140.59170996164164,hard_qp_solution,-347.9301669003332,445.9930243724493,-200.0,142.36658536117088,125.0,23.0,-100.0,100.0,3.7999999999999996e-08,0.0,0.0,0.0
fixed,PPO-QP,20260806,30,267,74,140.59170996164164,-38.25547348178891,51.74452651821109,16.606480773251036,16.606480785505788,136.22158343914012,hard_qp_solution,-355.4033264772984,439.2484978542382,-200.0,140.59170996164164,125.0,22.0,-100.0,100.0,3.7999999999999996e-08,0.0,0.0,0.0
fixed,PPO-QP,20260806,30,267,75,136.22158343914012,-28.393519214494212,61.60648078550579,14.970809858307632,14.9708098700968,132.28189663121992,hard_qp_solution,-373.80385920362056,422.64201706873246,-200.0,136.22158343914012,125.0,21.0,-100.0,100.0,3.7999999999999996e-08,0.0,0.0,0.0
fixed,PPO-QP,20260806,30,267,76,132.28189663121992,-30.0291901299032,59.9708098700968,8.74417769052497,8.74417770256036,129.9807972358093,hard_qp_solution,-390.3920141843372,407.67120719863567,-200.0,132.28189663121992,125.0,20.0,-100.0,100.0,3.7999999999999996e-08,0.0,0.0,0.0
fixed,PPO-QP,20260806,30,267,77,129.9807972358093,-36.255822297439636,53.744177702560364,10.25683831182469,10.256838323701245,127.2816292558879,hard_qp_solution,-400.0808537439609,398.9270294960753,-200.0,129.9807972358093,125.0,19.0,-100.0,100.0,3.7999999999999996e-08,0.0,0.0,0.0
fixed,PPO-QP,20260806,30,267,78,127.2816292558879,-34.743161676298755,55.256838323701245,10.22422055883628,10.224220570664015,124.59104489518685,hard_qp_solution,-411.4457715541562,388.670191172374,-200.0,127.2816292558879,125.0,18.0,-100.0,100.0,3.7999999999999996e-08,0.0,0.0,0.0
fixed,PPO-QP,20260806,30,267,79,124.59104489518685,-34.775779429335984,55.224220570664016,3.329360992295595,3.32936100430065,123.71489726247616,hard_qp_solution,-422.7745478097396,378.44597060171003,-200.0,124.59104489518685,125.0,17.0,-100.0,100.0,3.7999999999999996e-08,0.0,0.0,0.0
fixed,PPO-QP,20260806,30,267,80,123.71489726247616,-41.67063899569935,48.32936100430065,-1.5054065978927322,-1.5054065859693881,124.07243132664388,hard_qp_solution,-426.4635904737846,375.11660959740937,-200.0,123.71489726247616,125.0,16.0,-100.0,100.0,3.7999999999999996e-08,0.0,0.0,0.0
fixed,PPO-QP,20260806,30,267,81,124.07243132664388,-46.50540658596939,43.49459341403061,-6.229539687357964,-6.22953967536808,125.5519469995438,hard_qp_solution,-424.95818388781527,376.4752390412467,-200.0,124.07243132664388,125.0,15.0,-100.0,100.0,3.7999999999999996e-08,0.0,0.0,0.0
fixed,PPO-QP,20260806,30,267,82,125.5519469995438,-51.22953967536808,38.77046032463192,-2.812394345312168,-2.812394332860096,126.21989065359807,hard_qp_solution,-418.7286442124472,382.0973985982664,-200.0,125.5519469995438,125.0,14.0,-100.0,100.0,3.7999999999999996e-08,0.0,0.0,0.0
fixed,PPO-QP,20260806,30,267,83,126.21989065359807,-47.812394332860094,42.187605667139906,-11.385200335874517,-11.385200323870855,128.9238757305174,hard_qp_solution,-415.9162498795871,384.63558448367263,-200.0,126.21989065359807,125.0,13.0,-100.0,100.0,3.7999999999999996e-08,0.0,0.0,0.0
fixed,PPO-QP,20260806,30,267,84,128.9238757305174,-56.385200323870855,33.614799676129145,-14.479671463041537,-14.479671450998937,132.36279770012965,hard_qp_solution,-404.5310495557162,394.9107277759661,-200.0,128.9238757305174,125.0,12.0,-100.0,100.0,3.7999999999999996e-08,0.0,0.0,0.0
fixed,PPO-QP,20260806,30,267,85,132.36279770012965,-59.479671450998936,30.520328549001064,-14.756023888945885,-14.756023876393273,135.86735337077306,hard_qp_solution,-390.0513781047173,407.97863126049265,-200.0,132.36279770012965,125.0,11.0,-100.0,100.0,3.7999999999999996e-08,0.0,0.0,0.0
fixed,PPO-QP,20260806,30,267,86,135.86735337077306,-59.75602387639327,30.24397612360673,-13.227774843255164,-13.227774830586117,139.00894989303725,hard_qp_solution,-375.29535422832396,421.2959428089376,-200.0,135.86735337077306,125.0,10.0,-100.0,100.0,3.7999999999999996e-08,0.0,0.0,0.0
fixed,PPO-QP,20260806,30,267,87,139.00894989303725,-58.227774830586114,31.772225169413883,-16.549930517224396,-16.54993050480039,142.93955838792735,hard_qp_solution,-362.0675793977379,433.23400959354154,-200.0,139.00894989303725,125.0,9.0,-100.0,100.0,3.7999999999999996e-08,0.0,0.0,0.0
fixed,PPO-QP,20260806,30,267,88,142.93955838792735,-61.549930504800386,28.45006949519961,-13.485022719365725,-13.485022706606584,146.14225128074642,hard_qp_solution,-345.5176488929375,448.1703218741239,-200.0,142.93955838792735,125.0,8.0,-100.0,100.0,3.7999999999999996e-08,0.0,0.0,0.0
fixed,PPO-QP,20260806,30,267,89,146.14225128074642,-58.485022706606586,31.514977293393414,-18.603493750391614,-18.603493738012748,150.56058104352445,hard_qp_solution,-332.03262618633084,460.3405548668364,-200.0,146.14225128074642,125.0,7.0,-100.0,100.0,3.7999999999999996e-08,0.0,0.0,0.0
fixed,PPO-QP,20260806,30,267,90,150.56058104352445,-63.603493738012745,26.396506261987252,-10.840356436526259,-10.840356423495415,153.13516569410461,hard_qp_solution,-313.4291324483181,477.1302079653929,-200.0,150.56058104352445,125.0,6.0,-100.0,100.0,3.7999999999999996e-08,0.0,0.0,0.0
fixed,PPO-QP,20260806,30,267,91,153.13516569410461,-55.840356423495415,34.159643576504585,-20.13215790364919,-20.13215789151459,157.91655319333933,hard_qp_solution,-302.58877602482266,467.9136296375975,-200.0,153.13516569410461,125.0,5.0,-100.0,100.0,3.7999999999999996e-08,0.0,0.0,0.0
fixed,PPO-QP,20260806,30,267,92,157.91655319333933,-65.1321578915146,24.86784210848541,-27.846376970155127,-27.846376957648744,164.5300677207809,hard_qp_solution,-193.81395885352973,395.8329021346894,-200.0,157.91655319333933,125.0,4.0,-100.0,100.0,3.7999999999999996e-08,0.0,0.0,0.0
fixed,PPO-QP,20260806,30,267,93,164.5300677207809,-55.1642577961581,17.153623042351256,-24.20310170192001,-24.203101688934193,170.27830437190275,hard_qp_solution,-55.1642577961581,330.7142573389674,-155.1642577961581,164.5300677207809,125.0,3.0,-100.0,100.0,3.7999999999999996e-08,0.0,0.0,0.0
fixed,PPO-QP,20260806,30,267,94,170.27830437190275,72.0575566132304,100.0,-27.748877768903963,72.0575566132304,151.31578947368422,hard_qp_solution,72.0575566132304,262.3075566132304,-27.942443386769597,170.27830437190275,125.0,2.0,-100.0,100.0,3.7999999999999996e-08,0.0,1.0,51.2606583021646
fixed,PPO-QP,20260806,30,267,95,151.31578947368422,100.0,100.0,-17.544803292892126,100.0,125.0,hard_qp_solution,100.00000000000003,100.00000000000003,2.842170943040401e-14,151.31578947368422,125.0,1.0,-100.0,100.0,3.7999999999999996e-08,1.0,0.0,0.0
old,PPO-QP,20260806,30,280,0,125.0,-45.0,45.0,5.505913279213794,5.505913368401507,123.55107542936803,hard_qp_solution,-421.0526315789474,380.0,-200.0,,,,,,,,,
old,PPO-QP,20260806,30,280,1,123.55107542936803,-39.49408663159849,50.50591336840151,4.55583302453937,4.555833122083284,122.35217197618822,hard_qp_solution,-427.1533666131873,374.49408663159846,-200.0,,,,,,,,,
old,PPO-QP,20260806,30,280,2,122.35217197618822,-40.444166877916714,49.555833122083286,0.8012978051583864,0.801297806181185,122.14130413245633,hard_qp_solution,-432.2013811528917,369.9382535095152,-200.0,,,,,,,,,
old,PPO-QP,20260806,30,280,3,122.14130413245633,-44.19870219381882,45.80129780618118,0.7134074180077177,0.7134074297890601,121.95356533514341,hard_qp_solution,-433.0892457580786,369.136955703334,-200.0,,,,,,,,,
old,PPO-QP,20260806,30,280,4,121.95356533514341,-44.28659257021094,45.71340742978906,3.5666036107999304,3.56660362280495,121.01498543440526,hard_qp_solution,-433.8797249046593,368.42354827354495,-200.0,,,,,,,,,
old,PPO-QP,20260806,30,280,5,121.01498543440526,-41.43339637719505,48.56660362280495,20.996221930266778,20.996221942910726,115.48966387048138,hard_qp_solution,-437.8316402761884,364.85694465074,-200.0,,,,,,,,,
old,PPO-QP,20260806,30,280,6,115.48966387048138,-24.003778057089274,65.99622194291072,29.748082187763952,29.74808219949724,107.66122118640315,hard_qp_solution,-461.09615212428895,343.8607227078292,-200.0,,,,,,,,,
old,PPO-QP,20260806,30,280,7,107.66122118640315,-15.25191780050276,74.74808219949725,27.870927635634224,27.870927647480308,100.32676654232938,hard_qp_solution,-494.0580160572499,314.112640508332,-200.0,,,,,,,,,
old,PPO-QP,20260806,30,280,8,100.32676654232938,-17.129072352519692,72.8709276474803,46.31816265350181,46.31816266607866,88.13777636704552,hard_qp_solution,-524.9399303480868,286.24171286085164,-200.0,,,,,,,,,
old,PPO-QP,20260806,30,280,9,88.13777636704552,1.3181626660786634,91.31816266607866,36.631119183145536,36.631119196366036,78.49800815747551,hard_qp_solution,-576.2619942440189,239.92355019477296,-200.0,,,,,,,,,
old,PPO-QP,20260806,30,280,10,78.49800815747551,-8.368880803633964,81.63111919636603,44.00535819370915,44.005358205262034,66.91765073503814,hard_qp_solution,-616.8504919685242,203.29243099840693,-200.0,,,,,,,,,
old,PPO-QP,20260806,30,280,11,66.91765073503814,-0.9946417947379658,89.00535820526204,41.91235307283648,41.91235308505187,55.888084133708695,hard_qp_solution,-665.6098916419447,159.28707279314492,-200.0,,,,,,,,,
old,PPO-QP,20260806,30,280,12,55.888084133708695,-3.087646914948131,86.91235308505188,56.84966394641013,56.849663958350064,40.927646249932366,hard_qp_solution,-712.050172068595,117.37471970809304,-200.0,,,,,,,,,
old,PPO-QP,20260806,30,280,13,40.927646249932366,11.849663958350064,60.52505574974299,53.357970267026985,53.35797028168838,26.886075123172265,hard_qp_solution,-775.041489473969,60.52505574974299,-160.525055749743,,,,,,,,,
old,PPO-QP,20260806,30,280,14,26.886075123172265,-100.0,7.167085468054608,49.082186871400786,7.167085468054607,25.0,hard_qp_solution,-834.163894218222,7.167085468054608,-107.16708546805461,,,,,,,,,
old,PPO-QP,20260806,30,280,15,25.0,-37.83291453194539,0.0,32.40020438141091,0.0,25.0,hard_qp_solution,-842.1052631578948,0.0,-100.0,,,,,,,,,
old,PPO-QP,20260806,30,280,16,25.0,-45.0,0.0,29.48844277160988,0.0,25.0,hard_qp_solution,-842.1052631578948,0.0,-100.0,,,,,,,,,
old,PPO-QP,20260806,30,280,17,25.0,-45.0,0.0,18.67796807884783,0.0,25.0,hard_qp_solution,-842.1052631578948,0.0,-100.0,,,,,,,,,
old,PPO-QP,20260806,30,280,18,25.0,-45.0,0.0,17.922788277208028,0.0,25.0,hard_qp_solution,-842.1052631578948,0.0,-100.0,,,,,,,,,
old,PPO-QP,20260806,30,280,19,25.0,-45.0,0.0,12.725290680122948,0.0,25.0,hard_qp_solution,-842.1052631578948,0.0,-100.0,,,,,,,,,
old,PPO-QP,20260806,30,280,20,25.0,-45.0,0.0,11.72689326390083,0.0,25.0,hard_qp_solution,-842.1052631578948,0.0,-100.0,,,,,,,,,
old,PPO-QP,20260806,30,280,21,25.0,-45.0,0.0,10.793220002464222,0.0,25.0,hard_qp_solution,-842.1052631578948,0.0,-100.0,,,,,,,,,
old,PPO-QP,20260806,30,280,22,25.0,-45.0,0.0,-2.3316328944662,-2.331632877569092,25.55376280842266,hard_qp_solution,-842.1052631578948,0.0,-100.0,,,,,,,,,
old,PPO-QP,20260806,30,280,23,25.55376280842266,-47.33163287756909,2.104298672006112,-3.9842928204919623,-3.98429280573963,26.500032349785823,hard_qp_solution,-839.7736302803256,2.104298672006112,-102.10429867200611,,,,,,,,,
old,PPO-QP,20260806,30,280,24,26.500032349785823,-48.98429280573963,5.700122929186126,-0.5325102563763551,-0.5325102419629888,26.626503532252034,hard_qp_solution,-835.7893374745861,5.700122929186126,-105.70012292918612,,,,,,,,,
old,PPO-QP,20260806,30,280,25,26.626503532252034,-45.53251024196299,6.180713422557729,10.917061107902027,6.180713422557729,25.0,hard_qp_solution,-835.2568272326231,6.180713422557729,-106.18071342255773,,,,,,,,,
old,PPO-QP,20260806,30,280,26,25.0,-38.81928657744227,0.0,10.659599233808583,0.0,25.0,hard_qp_solution,-842.1052631578948,0.0,-100.0,,,,,,,,,
old,PPO-QP,20260806,30,280,27,25.0,-45.0,0.0,23.686417512425496,0.0,25.0,hard_qp_solution,-842.1052631578948,0.0,-100.0,,,,,,,,,
old,PPO-QP,20260806,30,280,28,25.0,-45.0,0.0,2.2460900055036546,0.0,25.0,hard_qp_solution,-842.1052631578948,0.0,-100.0,,,,,,,,,
old,PPO-QP,20260806,30,280,29,25.0,-45.0,0.0,6.79989627598775,0.0,25.0,hard_qp_solution,-842.1052631578948,0.0,-100.0,,,,,,,,,
old,PPO-QP,20260806,30,280,30,25.0,-45.0,0.0,2.9737266485503686,0.0,25.0,hard_qp_solution,-842.1052631578948,0.0,-100.0,,,,,,,,,
old,PPO-QP,20260806,30,280,31,25.0,-45.0,0.0,9.136195785782787,0.0,25.0,hard_qp_solution,-842.1052631578948,0.0,-100.0,,,,,,,,,
old,PPO-QP,20260806,30,280,32,25.0,-45.0,0.0,21.65585944181784,-32.937435352583236,32.82264089623852,hard_qp_solution,-842.1052631578948,0.0,-100.0,,,,,,,,,
old,PPO-QP,20260806,30,280,33,32.82264089623852,-77.93743535258324,12.062564647416764,7.927448615668544,-36.55319087291068,41.504023728554806,hard_qp_solution,-809.1678278053116,29.726035405706366,-129.72603540570637,,,,,,,,,
old,PPO-QP,20260806,30,280,34,41.504023728554806,-81.55319087291068,8.446809127089317,6.262629059134779,-39.93468438096603,50.988511269034234,hard_qp_solution,-772.6146369324008,62.71529016850826,-162.71529016850826,,,,,,,,,
old,PPO-QP,20260806,30,280,35,50.988511269034234,-84.93468438096603,5.065315619033967,9.380891421265526,-3.0598973066726534,51.71523687936899,hard_qp_solution,-732.6799525514349,98.75634282233008,-198.75634282233008,,,,,,,,,
old,PPO-QP,20260806,30,280,36,51.71523687936899,-48.05989730667265,41.94010269332735,14.215517557477868,-47.059773152473504,62.89193300308145,phase2_solution,-729.6200552447622,101.51790014160214,-200.0,,,,,,,,,
old,PPO-QP,20260806,30,280,37,62.89193300308145,-92.0597731524735,-2.059773152473504,-13.05996486545578,-84.7601759751902,83.02247479718912,hard_qp_solution,-682.5602820922886,143.9893454117095,-200.0,,,,,,,,,
old,PPO-QP,20260806,30,280,38,83.02247479718912,-100.0,-39.760175975190194,-15.735229695728615,-98.99908390484896,106.53475722459075,phase2_solution,-597.8001061170985,220.48540422931865,-200.0,,,,,,,,,
old,PPO-QP,20260806,30,280,39,106.53475722459075,-100.0,-53.99908390484896,-19.070779711365113,-90.54903949085666,128.0401541036692,hard_qp_solution,-498.8010222122495,309.8320774534448,-200.0,,,,,,,,,
old,PPO-QP,20260806,30,280,40,128.0401541036692,-100.0,-45.54903949085666,-18.165389067669445,-98.99950723359619,151.55253707164832,phase2_solution,-408.25198272139284,391.552585593943,-200.0,,,,,,,,,
old,PPO-QP,20260806,30,280,41,151.55253707164832,-100.0,-53.99950723359619,-21.86194085527472,-98.99898191995271,175.06479527763707,phase2_solution,-309.2524754877966,480.8996408722636,-200.0,,,,,,,,,
old,PPO-QP,20260806,30,280,42,175.06479527763707,-100.0,-53.99898191995271,-27.7009552871393,-98.99789002569173,198.57679415873886,phase2_solution,-210.25349356784392,570.2462220550209,-200.0,,,,,,,,,
old,PPO-QP,20260806,30,280,43,198.57679415873886,-100.0,-53.99789002569173,-12.13133686414891,-98.99913518911225,222.08908876615303,phase2_solution,-111.25560354215216,659.5918178032076,-200.0,,,,,,,,,
old,PPO-QP,20260806,30,280,44,222.08908876615303,-12.256468353039892,100.0,-8.044667951862099,-11.256543259566348,224.76251779030002,phase2_solution,-12.256468353039892,748.9385373113814,-112.25646835303989,,,,,,,,,
old,PPO-QP,20260806,30,280,45,224.76251779030002,-0.9999250934735852,33.74345674043365,-5.092728649553722,-0.9999250934735853,225.0,phase2_solution,-0.9999250934735852,759.0975676031401,-100.99992509347358,,,,,,,,,
old,PPO-QP,20260806,30,280,46,225.0,-0.0,44.000074906526415,-30.505903900033786,-0.0,225.0,phase2_solution,0.0,760.0,-100.0,,,,,,,,,
old,PPO-QP,20260806,30,280,47,225.0,-0.0,45.0,-4.541814124388098,-0.0,225.0,phase2_solution,0.0,760.0,-100.0,,,,,,,,,
old,PPO-QP,20260806,30,280,48,225.0,-0.0,45.0,-8.247121387317046,-0.0,225.0,phase2_solution,0.0,760.0,-100.0,,,,,,,,,
old,PPO-QP,20260806,30,280,49,225.0,-0.0,45.0,1.589727127317121,0.5432633525054894,224.85703595986698,phase2_solution,0.0,760.0,-100.0,,,,,,,,,
old,PPO-QP,20260806,30,280,50,224.85703595986698,-0.6019538531916767,45.54326335250549,5.467940387674454,0.39781923268568015,224.7523466881076,phase2_solution,-0.6019538531916767,759.4567366474945,-100.60195385319167,,,,,,,,,
old,PPO-QP,20260806,30,280,51,224.7523466881076,-1.0427507869153967,45.39781923268568,23.883556704543345,-0.042754508728687586,224.76250088393067,phase2_solution,-1.0427507869153967,759.0589174148088,-101.04275078691539,,,,,,,,,
old,PPO-QP,20260806,30,280,52,224.76250088393067,-0.9999962781866519,44.957245491271316,21.825308093848868,-0.0005900041347615873,224.76264100991267,phase2_solution,-0.9999962781866519,759.0975033589365,-100.99999627818666,,,,,,,,,
old,PPO-QP,20260806,30,280,53,224.76264100991267,-0.9994062740519153,44.999409995865236,28.5359234144953,0.0004914074197685555,224.76251169217062,phase2_solution,-0.9994062740519153,759.0980358376681,-100.99940627405192,,,,,,,,,
old,PPO-QP,20260806,30,280,54,224.76251169217062,-0.9999507698079183,45.000491407419766,38.39794933109221,0.0027158153312992262,224.76179700392555,phase2_solution,-0.9999507698079183,759.0975444302483,-100.99995076980792,,,,,,,,,
old,PPO-QP,20260806,30,280,55,224.76179700392555,-1.002959983471364,45.0027158153313,33.912294685053865,4.361408943909136e-06,224.76179585618635,phase2_solution,-1.002959983471364,759.0948286149171,-101.00295998347137,,,,,,,,,
old,PPO-QP,20260806,30,280,56,224.76179585618635,-1.0029648160574605,45.00000436140894,36.00779061952493,-0.0029649059062702146,224.7625000213391,phase2_solution,-1.0029648160574605,759.0948242535081,-101.00296481605746,,,,,,,,,
old,PPO-QP,20260806,30,280,57,224.7625000213391,-0.999999910151186,44.99703509409373,36.345554954965884,1.7981818897967355e-08,224.76250001660705,phase2_solution,-0.999999910151186,759.0975000810885,-100.99999991015119,,,,,,,,,
old,PPO-QP,20260806,30,280,58,224.76250001660705,-0.9999999300755822,45.00000001798182,55.41131977972199,-4.448914580657554e-09,224.76250001766365,phase2_solution,-0.9999999300755822,759.0975000631067,-100.99999993007559,,,,,,,,,
old,PPO-QP,20260806,30,280,59,224.76250001766365,-0.999999925626717,44.999999995551086,44.91374128780759,-1.5687197674284383e-06,224.7625003902346,phase2_solution,-0.999999925626717,759.0975000671218,-100.99999992562671,,,,,,,,,
old,PPO-QP,20260806,30,280,60,224.7625003902346,-0.9999983569069197,44.99999843128023,33.67611539689751,5.883201753407116,223.2142894024959,hard_qp_solution,-0.9999983569069197,759.0975014828915,-100.99999835690691,,,,,,,,,
old,PPO-QP,20260806,30,280,61,223.2142894024959,-7.518781463175186,50.883201753407114,39.42478577783186,38.60496892767619,213.05508705310743,hard_qp_solution,-7.518781463175186,753.2142997294843,-107.51878146317519,,,,,,,,,
old,PPO-QP,20260806,30,280,62,213.05508705310743,-6.39503107232381,83.6049689276762,45.349256550759556,18.001328155581948,208.31789543321744,hard_qp_solution,-50.294370302705566,714.6093308018081,-150.29437030270557,,,,,,,,,
old,PPO-QP,20260806,30,280,63,208.31789543321744,-26.998671844418052,63.001328155581945,43.566388628572916,24.28906438584349,201.92603638431126,hard_qp_solution,-70.2404402811897,696.6080026462263,-170.2404402811897,,,,,,,,,
old,PPO-QP,20260806,30,280,64,201.92603638431126,-20.71093561415651,69.28906438584349,18.269260226601382,18.26926023496941,197.1183363224772,hard_qp_solution,-97.15353101342627,672.3189382603828,-197.1535310134263,,,,,,,,,
old,PPO-QP,20260806,30,280,65,197.1183363224772,-26.73073976503059,63.26926023496941,19.490006684997173,19.490006693355262,191.98938719264686,hard_qp_solution,-117.39647864220125,654.0496780254133,-200.0,,,,,,,,,
old,PPO-QP,20260806,30,280,66,191.98938719264686,-25.509993306644738,64.49000669335527,31.326106091828347,31.326106100090733,183.74567506104404,hard_qp_solution,-138.99205392569743,634.5596713320581,-200.0,,,,,,,,,
old,PPO-QP,20260806,30,280,67,183.74567506104404,-13.673893899909267,76.32610610009073,18.727242980676163,18.727242989040487,178.81745322182286,hard_qp_solution,-173.70242079560404,603.2335652319673,-200.0,,,,,,,,,
old,PPO-QP,20260806,30,280,68,178.81745322182286,-26.272757010959513,63.72724298904049,-2.056867826067492,-2.056867817545399,179.3059593284899,hard_qp_solution,-194.45282853969323,584.5063222429268,-200.0,,,,,,,,,
old,PPO-QP,20260806,30,280,69,179.3059593284899,-47.056867817545395,42.943132182454605,-5.991783142540773,-5.991783134034471,180.7290078228231,hard_qp_solution,-192.39596072214778,586.3626454482616,-200.0,,,,,,,,,
old,PPO-QP,20260806,30,280,70,180.7290078228231,-50.99178313403447,39.00821686596553,-6.402989257428225,-6.402989248942154,182.24971776944685,hard_qp_solution,-186.4041775881133,591.7702297267277,-200.0,,,,,,,,,
old,PPO-QP,20260806,30,280,71,182.24971776944685,-51.402989248942156,38.597010751057844,-7.329583930231885,-7.329583921762698,183.9904939508655,hard_qp_solution,-180.0011883391712,597.548927523898,-200.0,,,,,,,,,
old,PPO-QP,20260806,30,280,72,183.9904939508655,-52.3295839217627,37.6704160782373,12.638479868927883,12.638479882033025,180.66457819243575,hard_qp_solution,-172.67160441740845,604.1638770132889,-200.0,,,,,,,,,
old,PPO-QP,20260806,30,280,73,180.66457819243575,-32.361520117966975,57.638479882033025,5.231234580475825,5.231234592602705,179.28793751017187,hard_qp_solution,-186.67546024237578,591.5253971312559,-200.0,,,,,,,,,
old,PPO-QP,20260806,30,280,74,179.28793751017187,-39.7687654073973,50.2312345926027,9.515639760062523,9.515639772160625,176.78382178065593,hard_qp_solution,-192.47184206243423,586.294162538653,-200.0,,,,,,,,,
old,PPO-QP,20260806,30,280,75,176.78382178065593,-35.484360227839375,54.515639772160625,15.91795397732011,15.917953989352778,172.59488652029992,hard_qp_solution,-203.01548723934349,576.7785227664925,-200.0,,,,,,,,,
old,PPO-QP,20260806,30,280,76,172.59488652029992,-29.082046010647222,60.91795398935278,7.990312960305814,7.990312972576599,170.49217258014818,hard_qp_solution,-220.65310938821085,560.8605687771396,-200.0,,,,,,,,,
old,PPO-QP,20260806,30,280,77,170.49217258014818,-37.0096870274234,52.9903129725766,10.554787116293014,10.554787128234228,167.71459702008653,hard_qp_solution,-229.50664176779716,552.870255804563,-200.0,,,,,,,,,
old,PPO-QP,20260806,30,280,78,167.71459702008653,-34.445212871765776,55.554787128234224,11.283002611773947,11.283002623593175,164.7453858033515,hard_qp_solution,-241.2016967575304,542.3154686763288,-200.0,,,,,,,,,
old,PPO-QP,20260806,30,280,79,164.7453858033515,-33.71699737640682,56.28300262359318,9.696628051830926,9.696628063663042,162.19364157607174,hard_qp_solution,-253.70363872273055,531.0324660527357,-200.0,,,,,,,,,
old,PPO-QP,20260806,30,280,80,162.19364157607174,-35.30337193633696,54.69662806366304,2.7964525637579682,2.79645257575096,161.4577330035057,hard_qp_solution,-264.44782494285585,521.3358379890726,-200.0,,,,,,,,,
old,PPO-QP,20260806,30,280,81,161.4577330035057,-42.20354742424904,47.79645257575096,-2.8447075819390535,-2.844707570004822,162.13335105138185,hard_qp_solution,-267.54638735366024,518.5393854133216,-200.0,,,,,,,,,
old,PPO-QP,20260806,30,280,82,162.13335105138185,-47.84470757000482,42.15529242999518,-5.929510451104174,-5.929510439035017,163.54160978065266,hard_qp_solution,-264.7016797836554,521.106733995251,-200.0,,,,,,,,,
old,PPO-QP,20260806,30,280,83,163.54160978065266,-50.92951043903501,39.07048956096499,-3.4542844641260047,-3.454284451923663,164.36200233798453,hard_qp_solution,-258.77216934462035,526.4581171664801,-200.0,,,,,,,,,
old,PPO-QP,20260806,30,280,84,164.36200233798453,-48.45428445192366,41.54571554807634,-7.12312492746847,-7.123124915584968,166.05374450543596,hard_qp_solution,-255.3178848926967,529.5756088843412,-200.0,,,,,,,,,
old,PPO-QP,20260806,30,280,85,166.05374450543596,-52.12312491558497,37.87687508441503,-12.309402058103274,-12.309402046144816,168.97722749139535,hard_qp_solution,-248.19475997711177,536.0042291206566,-200.0,,,,,,,,,
old,PPO-QP,20260806,30,280,86,168.97722749139535,-57.30940204614482,32.69059795385518,-18.371805821716862,-18.371805809840765,173.34053137123254,hard_qp_solution,-235.88535793096693,547.1134644673023,-200.0,,,,,,,,,
old,PPO-QP,20260806,30,280,87,173.34053137123254,-63.371805809840765,26.628194190159235,-20.062776934934053,-20.06277692254784,178.10544089033766,hard_qp_solution,-217.51355212112614,563.6940192106837,-200.0,,,,,,,,,
old,PPO-QP,20260806,30,280,88,178.10544089033766,-65.06277692254784,24.93722307745216,-18.97104104609482,-18.971041033609097,182.61106313581982,hard_qp_solution,-197.45077519857827,581.8006753832831,-200.0,,,,,,,,,
old,PPO-QP,20260806,30,280,89,182.61106313581982,-63.9710410336091,26.028958966390903,-15.776352642096542,-15.77635262941543,186.35794688530598,hard_qp_solution,-178.4797341649692,598.9220399161153,-200.0,,,,,,,,,
old,PPO-QP,20260806,30,280,90,186.35794688530598,-60.77635262941543,29.223647370584573,-22.44964739482085,-22.449647382671785,191.68973813869053,hard_qp_solution,-162.70338153555377,613.1601981641627,-200.0,,,,,,,,,
old,PPO-QP,20260806,30,280,91,191.68973813869053,-67.44964738267178,22.550352617328215,-24.18036624031949,-24.180366227744948,197.43257511777995,hard_qp_solution,-140.25373415288198,614.421004927024,-200.0,,,,,,,,,
old,PPO-QP,20260806,30,280,92,197.43257511777995,-27.430708645358663,20.819633772255052,-24.274973564117865,-24.274973545441558,203.1978813348223,hard_qp_solution,-27.430708645358663,545.9937854475638,-127.43070864535866,,,,,,,,,
old,PPO-QP,20260806,30,280,93,203.1978813348223,97.15194907232471,100.0,-30.785119375271623,97.15194907232471,177.63157894736844,hard_qp_solution,97.15194907232471,477.6519490723248,-2.8480509276752883,,,,,,,,,
old,PPO-QP,20260806,30,280,94,177.63157894736844,52.15194907232471,100.0,-28.56451496852191,52.15194907232471,163.90738182307246,hard_qp_solution,100.00000000000003,290.25000000000006,2.842170943040401e-14,,,,,,,,,
old,PPO-QP,20260806,30,280,95,163.90738182307246,7.151949072324712,97.15194907232471,-26.396230522047055,7.1519490819452844,162.02528995940264,hard_qp_solution,147.84805092767533,147.84805092767533,47.84805092767533,,,,,,,,,
fixed,PPO-QP,20260806,30,280,0,125.0,-45.0,45.0,5.505913279213794,5.505913368401507,123.55107542936803,hard_qp_solution,-421.0526315789474,380.0,-200.0,125.0,125.0,96.0,-100.0,100.0,3.7999999999999996e-08,0.0,0.0,0.0
fixed,PPO-QP,20260806,30,280,1,123.55107542936803,-39.49408663159849,50.50591336840151,4.55583302453937,4.555833122083284,122.35217197618822,hard_qp_solution,-427.1533666131873,374.49408663159846,-200.0,123.55107542936803,125.0,95.0,-100.0,100.0,3.7999999999999996e-08,0.0,0.0,0.0
fixed,PPO-QP,20260806,30,280,2,122.35217197618822,-40.444166877916714,49.555833122083286,0.8012978051583864,0.801297806181185,122.14130413245633,hard_qp_solution,-432.2013811528917,369.9382535095152,-200.0,122.35217197618822,125.0,94.0,-100.0,100.0,3.7999999999999996e-08,0.0,0.0,0.0
fixed,PPO-QP,20260806,30,280,3,122.14130413245633,-44.19870219381882,45.80129780618118,0.7134074180077177,0.7134074297890601,121.95356533514341,hard_qp_solution,-433.0892457580786,369.136955703334,-200.0,122.14130413245633,125.0,93.0,-100.0,100.0,3.7999999999999996e-08,0.0,0.0,0.0
fixed,PPO-QP,20260806,30,280,4,121.95356533514341,-44.28659257021094,45.71340742978906,3.5666036107999304,3.56660362280495,121.01498543440526,hard_qp_solution,-433.8797249046593,368.42354827354495,-200.0,121.95356533514341,125.0,92.0,-100.0,100.0,3.7999999999999996e-08,0.0,0.0,0.0
fixed,PPO-QP,20260806,30,280,5,121.01498543440526,-41.43339637719505,48.56660362280495,20.996221930266778,20.996221942910726,115.48966387048138,hard_qp_solution,-437.8316402761884,364.85694465074,-200.0,121.01498543440526,125.0,91.0,-100.0,100.0,3.7999999999999996e-08,0.0,0.0,0.0
fixed,PPO-QP,20260806,30,280,6,115.48966387048138,-24.003778057089274,65.99622194291072,29.748082187763952,29.74808219949724,107.66122118640315,hard_qp_solution,-461.09615212428895,343.8607227078292,-200.0,115.48966387048138,125.0,90.0,-100.0,100.0,3.7999999999999996e-08,0.0,0.0,0.0
fixed,PPO-QP,20260806,30,280,7,107.66122118640315,-15.25191780050276,74.74808219949725,27.870927635634224,27.870927647480308,100.32676654232938,hard_qp_solution,-494.0580160572499,314.112640508332,-200.0,107.66122118640315,125.0,89.0,-100.0,100.0,3.7999999999999996e-08,0.0,0.0,0.0
fixed,PPO-QP,20260806,30,280,8,100.32676654232938,-17.129072352519692,72.8709276474803,46.31816265350181,46.31816266607866,88.13777636704552,hard_qp_solution,-524.9399303480868,286.24171286085164,-200.0,100.32676654232938,125.0,88.0,-100.0,100.0,3.7999999999999996e-08,0.0,0.0,0.0
fixed,PPO-QP,20260806,30,280,9,88.13777636704552,1.3181626660786634,91.31816266607866,36.631119183145536,36.631119196366036,78.49800815747551,hard_qp_solution,-576.2619942440189,239.92355019477296,-200.0,88.13777636704552,125.0,87.0,-100.0,100.0,3.7999999999999996e-08,0.0,0.0,0.0
fixed,PPO-QP,20260806,30,280,10,78.49800815747551,-8.368880803633964,81.63111919636603,44.00535819370915,44.005358205262034,66.91765073503814,hard_qp_solution,-616.8504919685242,203.29243099840693,-200.0,78.49800815747551,125.0,86.0,-100.0,100.0,3.7999999999999996e-08,0.0,0.0,0.0
fixed,PPO-QP,20260806,30,280,11,66.91765073503814,-0.9946417947379658,89.00535820526204,41.91235307283648,41.91235308505187,55.888084133708695,hard_qp_solution,-665.6098916419447,159.28707279314492,-200.0,66.91765073503814,125.0,85.0,-100.0,100.0,3.7999999999999996e-08,0.0,0.0,0.0
fixed,PPO-QP,20260806,30,280,12,55.888084133708695,-3.087646914948131,86.91235308505188,56.84966394641013,56.849663958350064,40.927646249932366,hard_qp_solution,-712.050172068595,117.37471970809304,-200.0,55.888084133708695,125.0,84.0,-100.0,100.0,3.7999999999999996e-08,0.0,0.0,0.0
fixed,PPO-QP,20260806,30,280,13,40.927646249932366,11.849663958350064,60.52505574974299,53.357970267026985,53.35797028168838,26.886075123172265,hard_qp_solution,-775.041489473969,60.52505574974299,-160.525055749743,40.927646249932366,125.0,83.0,-100.0,60.52505574974299,3.7999999999999996e-08,0.0,0.0,0.0
fixed,PPO-QP,20260806,30,280,14,26.886075123172265,-100.0,7.167085468054608,49.082186871400786,7.167085468054607,25.0,hard_qp_solution,-834.163894218222,7.167085468054608,-107.16708546805461,26.886075123172265,125.0,82.0,-100.0,7.167085468054608,3.7999999999999996e-08,0.0,0.0,0.0
fixed,PPO-QP,20260806,30,280,15,25.0,-37.83291453194539,0.0,32.40020438141091,0.0,25.0,hard_qp_solution,-842.1052631578948,0.0,-100.0,25.0,125.0,81.0,-100.0,0.0,3.7999999999999996e-08,0.0,0.0,0.0
fixed,PPO-QP,20260806,30,280,16,25.0,-45.0,0.0,29.48844277160988,0.0,25.0,hard_qp_solution,-842.1052631578948,0.0,-100.0,25.0,125.0,80.0,-100.0,0.0,3.7999999999999996e-08,0.0,0.0,0.0
fixed,PPO-QP,20260806,30,280,17,25.0,-45.0,0.0,18.67796807884783,0.0,25.0,hard_qp_solution,-842.1052631578948,0.0,-100.0,25.0,125.0,79.0,-100.0,0.0,3.7999999999999996e-08,0.0,0.0,0.0
fixed,PPO-QP,20260806,30,280,18,25.0,-45.0,0.0,17.922788277208028,0.0,25.0,hard_qp_solution,-842.1052631578948,0.0,-100.0,25.0,125.0,78.0,-100.0,0.0,3.7999999999999996e-08,0.0,0.0,0.0
fixed,PPO-QP,20260806,30,280,19,25.0,-45.0,0.0,12.725290680122948,0.0,25.0,hard_qp_solution,-842.1052631578948,0.0,-100.0,25.0,125.0,77.0,-100.0,0.0,3.7999999999999996e-08,0.0,0.0,0.0
fixed,PPO-QP,20260806,30,280,20,25.0,-45.0,0.0,11.72689326390083,0.0,25.0,hard_qp_solution,-842.1052631578948,0.0,-100.0,25.0,125.0,76.0,-100.0,0.0,3.7999999999999996e-08,0.0,0.0,0.0
fixed,PPO-QP,20260806,30,280,21,25.0,-45.0,0.0,10.793220002464222,0.0,25.0,hard_qp_solution,-842.1052631578948,0.0,-100.0,25.0,125.0,75.0,-100.0,0.0,3.7999999999999996e-08,0.0,0.0,0.0
fixed,PPO-QP,20260806,30,280,22,25.0,-45.0,0.0,-2.3316328944662,-2.331632877569092,25.55376280842266,hard_qp_solution,-842.1052631578948,0.0,-100.0,25.0,125.0,74.0,-100.0,0.0,3.7999999999999996e-08,0.0,0.0,0.0
fixed,PPO-QP,20260806,30,280,23,25.55376280842266,-47.33163287756909,2.104298672006112,-3.9842928204919623,-3.98429280573963,26.500032349785823,hard_qp_solution,-839.7736302803256,2.104298672006112,-102.10429867200611,25.55376280842266,125.0,73.0,-100.0,2.104298672006112,3.7999999999999996e-08,0.0,0.0,0.0
fixed,PPO-QP,20260806,30,280,24,26.500032349785823,-48.98429280573963,5.700122929186126,-0.5325102563763551,-0.5325102419629888,26.626503532252034,hard_qp_solution,-835.7893374745861,5.700122929186126,-105.70012292918612,26.500032349785823,125.0,72.0,-100.0,5.700122929186126,3.7999999999999996e-08,0.0,0.0,0.0
fixed,PPO-QP,20260806,30,280,25,26.626503532252034,-45.53251024196299,6.180713422557729,10.917061107902027,6.180713422557729,25.0,hard_qp_solution,-835.2568272326231,6.180713422557729,-106.18071342255773,26.626503532252034,125.0,71.0,-100.0,6.180713422557729,3.7999999999999996e-08,0.0,0.0,0.0
fixed,PPO-QP,20260806,30,280,26,25.0,-38.81928657744227,0.0,10.659599233808583,0.0,25.0,hard_qp_solution,-842.1052631578948,0.0,-100.0,25.0,125.0,70.0,-100.0,0.0,3.7999999999999996e-08,0.0,0.0,0.0
fixed,PPO-QP,20260806,30,280,27,25.0,-45.0,0.0,23.686417512425496,0.0,25.0,hard_qp_solution,-842.1052631578948,0.0,-100.0,25.0,125.0,69.0,-100.0,0.0,3.7999999999999996e-08,0.0,0.0,0.0
fixed,PPO-QP,20260806,30,280,28,25.0,-45.0,0.0,2.2460900055036546,0.0,25.0,hard_qp_solution,-842.1052631578948,0.0,-100.0,25.0,125.0,68.0,-100.0,0.0,3.7999999999999996e-08,0.0,0.0,0.0
fixed,PPO-QP,20260806,30,280,29,25.0,-45.0,0.0,6.79989627598775,0.0,25.0,hard_qp_solution,-842.1052631578948,0.0,-100.0,25.0,125.0,67.0,-100.0,0.0,3.7999999999999996e-08,0.0,0.0,0.0
fixed,PPO-QP,20260806,30,280,30,25.0,-45.0,0.0,2.9737266485503686,0.0,25.0,hard_qp_solution,-842.1052631578948,0.0,-100.0,25.0,125.0,66.0,-100.0,0.0,3.7999999999999996e-08,0.0,0.0,0.0
fixed,PPO-QP,20260806,30,280,31,25.0,-45.0,0.0,9.136195785782787,0.0,25.0,hard_qp_solution,-842.1052631578948,0.0,-100.0,25.0,125.0,65.0,-100.0,0.0,3.7999999999999996e-08,0.0,0.0,0.0
fixed,PPO-QP,20260806,30,280,32,25.0,-45.0,0.0,21.65585944181784,-32.937435352583236,32.82264089623852,hard_qp_solution,-842.1052631578948,0.0,-100.0,25.0,125.0,64.0,-100.0,0.0,3.7999999999999996e-08,0.0,0.0,0.0
fixed,PPO-QP,20260806,30,280,33,32.82264089623852,-77.93743535258324,12.062564647416764,7.927448615668544,-36.55319087291068,41.504023728554806,hard_qp_solution,-809.1678278053116,29.726035405706366,-129.72603540570637,32.82264089623852,125.0,63.0,-100.0,29.726035405706366,3.7999999999999996e-08,0.0,0.0,0.0
fixed,PPO-QP,20260806,30,280,34,41.504023728554806,-81.55319087291068,8.446809127089317,6.262629059134779,-39.93468438096603,50.988511269034234,hard_qp_solution,-772.6146369324008,62.71529016850826,-162.71529016850826,41.504023728554806,125.0,62.0,-100.0,62.71529016850826,3.7999999999999996e-08,0.0,0.0,0.0
fixed,PPO-QP,20260806,30,280,35,50.988511269034234,-84.93468438096603,5.065315619033967,9.380891421265526,-3.0598973066726534,51.71523687936899,hard_qp_solution,-732.6799525514349,98.75634282233008,-198.75634282233008,50.988511269034234,125.0,61.0,-100.0,98.75634282233008,3.7999999999999996e-08,0.0,0.0,0.0
fixed,PPO-QP,20260806,30,280,36,51.71523687936899,-48.05989730667265,41.94010269332735,14.215517557477868,-47.059773152473504,62.89193300308145,phase2_solution,-729.6200552447622,101.51790014160214,-200.0,51.71523687936899,125.0,60.0,-100.0,100.0,3.7999999999999996e-08,0.0,0.0,0.0
fixed,PPO-QP,20260806,30,280,37,62.89193300308145,-92.0597731524735,-2.059773152473504,-13.05996486545578,-84.7601759751902,83.02247479718912,hard_qp_solution,-682.5602820922886,143.9893454117095,-200.0,62.89193300308145,125.0,59.0,-100.0,100.0,3.7999999999999996e-08,0.0,0.0,0.0
fixed,PPO-QP,20260806,30,280,38,83.02247479718912,-100.0,-39.760175975190194,-15.735229695728615,-98.99908390484896,106.53475722459075,phase2_solution,-597.8001061170985,220.48540422931865,-200.0,83.02247479718912,125.0,58.0,-100.0,100.0,3.7999999999999996e-08,0.0,0.0,0.0
fixed,PPO-QP,20260806,30,280,39,106.53475722459075,-100.0,-53.99908390484896,-19.070779711365113,-90.54903949085666,128.0401541036692,hard_qp_solution,-498.8010222122495,309.8320774534448,-200.0,106.53475722459075,125.0,57.0,-100.0,100.0,3.7999999999999996e-08,0.0,0.0,0.0
fixed,PPO-QP,20260806,30,280,40,128.0401541036692,-100.0,-45.54903949085666,-18.165389067669445,-98.99950723359619,151.55253707164832,phase2_solution,-408.25198272139284,391.552585593943,-200.0,128.0401541036692,125.0,56.0,-100.0,100.0,3.7999999999999996e-08,0.0,0.0,0.0
fixed,PPO-QP,20260806,30,280,41,151.55253707164832,-100.0,-53.99950723359619,-21.86194085527472,-98.99898191995271,175.06479527763707,phase2_solution,-309.2524754877966,480.8996408722636,-200.0,151.55253707164832,125.0,55.0,-100.0,100.0,3.7999999999999996e-08,0.0,0.0,0.0
fixed,PPO-QP,20260806,30,280,42,175.06479527763707,-100.0,-53.99898191995271,-27.7009552871393,-98.99789002569173,198.57679415873886,phase2_solution,-210.25349356784392,570.2462220550209,-200.0,175.06479527763707,125.0,54.0,-100.0,100.0,3.7999999999999996e-08,0.0,0.0,0.0
fixed,PPO-QP,20260806,30,280,43,198.57679415873886,-100.0,-53.99789002569173,-12.13133686414891,-98.99913518911225,222.08908876615303,phase2_solution,-111.25560354215216,659.5918178032076,-200.0,198.57679415873886,125.0,53.0,-100.0,100.0,3.7999999999999996e-08,0.0,0.0,0.0
fixed,PPO-QP,20260806,30,280,44,222.08908876615303,-12.256468353039892,100.0,-8.044667951862099,-11.256543259566348,224.76251779030002,phase2_solution,-12.256468353039892,748.9385373113814,-112.25646835303989,222.08908876615303,125.0,52.0,-12.256468353039892,100.0,3.7999999999999996e-08,0.0,0.0,0.0
fixed,PPO-QP,20260806,30,280,45,224.76251779030002,-0.9999250934735852,33.74345674043365,-5.092728649553722,-0.9999250934735853,225.0,phase2_solution,-0.9999250934735852,759.0975676031401,-100.99992509347358,224.76251779030002,125.0,51.0,-0.9999250934735852,100.0,3.7999999999999996e-08,0.0,0.0,0.0
fixed,PPO-QP,20260806,30,280,46,225.0,-0.0,44.000074906526415,-30.505903900033786,-0.0,225.0,phase2_solution,0.0,760.0,-100.0,225.0,125.0,50.0,-0.0,100.0,3.7999999999999996e-08,0.0,0.0,0.0
fixed,PPO-QP,20260806,30,280,47,225.0,-0.0,45.0,-4.541814124388098,-0.0,225.0,phase2_solution,0.0,760.0,-100.0,225.0,125.0,49.0,-0.0,100.0,3.7999999999999996e-08,0.0,0.0,0.0
fixed,PPO-QP,20260806,30,280,48,225.0,-0.0,45.0,-8.247121387317046,-0.0,225.0,phase2_solution,0.0,760.0,-100.0,225.0,125.0,48.0,-0.0,100.0,3.7999999999999996e-08,0.0,0.0,0.0
fixed,PPO-QP,20260806,30,280,49,225.0,-0.0,45.0,1.589727127317121,0.5432633525054894,224.85703595986698,phase2_solution,0.0,760.0,-100.0,225.0,125.0,47.0,-0.0,100.0,3.7999999999999996e-08,0.0,0.0,0.0
fixed,PPO-QP,20260806,30,280,50,224.85703595986698,-0.6019538531916767,45.54326335250549,5.467940387674454,0.39781923268568015,224.7523466881076,phase2_solution,-0.6019538531916767,759.4567366474945,-100.60195385319167,224.85703595986698,125.0,46.0,-0.6019538531916767,100.0,3.7999999999999996e-08,0.0,0.0,0.0
fixed,PPO-QP,20260806,30,280,51,224.7523466881076,-1.0427507869153967,45.39781923268568,23.883556704543345,-0.042754508728687586,224.76250088393067,phase2_solution,-1.0427507869153967,759.0589174148088,-101.04275078691539,224.7523466881076,125.0,45.0,-1.0427507869153967,100.0,3.7999999999999996e-08,0.0,0.0,0.0
fixed,PPO-QP,20260806,30,280,52,224.76250088393067,-0.9999962781866519,44.957245491271316,21.825308093848868,-0.0005900041347615873,224.76264100991267,phase2_solution,-0.9999962781866519,759.0975033589365,-100.99999627818666,224.76250088393067,125.0,44.0,-0.9999962781866519,100.0,3.7999999999999996e-08,0.0,0.0,0.0
fixed,PPO-QP,20260806,30,280,53,224.76264100991267,-0.9994062740519153,44.999409995865236,28.5359234144953,0.0004914074197685555,224.76251169217062,phase2_solution,-0.9994062740519153,759.0980358376681,-100.99940627405192,224.76264100991267,125.0,43.0,-0.9994062740519153,100.0,3.7999999999999996e-08,0.0,0.0,0.0
fixed,PPO-QP,20260806,30,280,54,224.76251169217062,-0.9999507698079183,45.000491407419766,38.39794933109221,0.0027158153312992262,224.76179700392555,phase2_solution,-0.9999507698079183,759.0975444302483,-100.99995076980792,224.76251169217062,125.0,42.0,-0.9999507698079183,100.0,3.7999999999999996e-08,0.0,0.0,0.0
fixed,PPO-QP,20260806,30,280,55,224.76179700392555,-1.002959983471364,45.0027158153313,33.912294685053865,4.361408943909136e-06,224.76179585618635,phase2_solution,-1.002959983471364,759.0948286149171,-101.00295998347137,224.76179700392555,125.0,41.0,-1.002959983471364,100.0,3.7999999999999996e-08,0.0,0.0,0.0
fixed,PPO-QP,20260806,30,280,56,224.76179585618635,-1.0029648160574605,45.00000436140894,36.00779061952493,-0.0029649059062702146,224.7625000213391,phase2_solution,-1.0029648160574605,759.0948242535081,-101.00296481605746,224.76179585618635,125.0,40.0,-1.0029648160574605,100.0,3.7999999999999996e-08,0.0,0.0,0.0
fixed,PPO-QP,20260806,30,280,57,224.7625000213391,-0.999999910151186,44.99703509409373,36.345554954965884,1.7981818897967355e-08,224.76250001660705,phase2_solution,-0.999999910151186,759.0975000810885,-100.99999991015119,224.7625000213391,125.0,39.0,-0.999999910151186,100.0,3.7999999999999996e-08,0.0,0.0,0.0
fixed,PPO-QP,20260806,30,280,58,224.76250001660705,-0.9999999300755822,45.00000001798182,55.41131977972199,-4.448914580657554e-09,224.76250001766365,phase2_solution,-0.9999999300755822,759.0975000631067,-100.99999993007559,224.76250001660705,125.0,38.0,-0.9999999300755822,100.0,3.7999999999999996e-08,0.0,0.0,0.0
fixed,PPO-QP,20260806,30,280,59,224.76250001766365,-0.999999925626717,44.999999995551086,44.91374128780759,-1.5687197674284383e-06,224.7625003902346,phase2_solution,-0.999999925626717,759.0975000671218,-100.99999992562671,224.76250001766365,125.0,37.0,-0.999999925626717,100.0,3.7999999999999996e-08,0.0,0.0,0.0
fixed,PPO-QP,20260806,30,280,60,224.7625003902346,-0.9999983569069197,44.99999843128023,33.67611539689751,5.883201753407116,223.2142894024959,hard_qp_solution,-0.9999983569069197,759.0975014828915,-100.99999835690691,224.7625003902346,125.0,36.0,-0.9999983569069197,100.0,3.7999999999999996e-08,0.0,0.0,0.0
fixed,PPO-QP,20260806,30,280,61,223.2142894024959,-7.518781463175186,50.883201753407114,39.42478577783186,38.60496892767619,213.05508705310743,hard_qp_solution,-7.518781463175186,753.2142997294843,-107.51878146317519,223.2142894024959,125.0,35.0,-7.518781463175186,100.0,3.7999999999999996e-08,0.0,0.0,0.0
fixed,PPO-QP,20260806,30,280,62,213.05508705310743,-6.39503107232381,83.6049689276762,45.349256550759556,18.001328155581948,208.31789543321744,hard_qp_solution,-50.294370302705566,714.6093308018081,-150.29437030270557,213.05508705310743,125.0,34.0,-50.294370302705566,100.0,3.7999999999999996e-08,0.0,0.0,0.0
fixed,PPO-QP,20260806,30,280,63,208.31789543321744,-26.998671844418052,63.001328155581945,43.566388628572916,24.28906438584349,201.92603638431126,hard_qp_solution,-70.2404402811897,696.6080026462263,-170.2404402811897,208.31789543321744,125.0,33.0,-70.2404402811897,100.0,3.7999999999999996e-08,0.0,0.0,0.0
fixed,PPO-QP,20260806,30,280,64,201.92603638431126,-20.71093561415651,69.28906438584349,18.269260226601382,18.26926023496941,197.1183363224772,hard_qp_solution,-97.15353101342627,672.3189382603828,-197.1535310134263,201.92603638431126,125.0,32.0,-97.15353101342627,100.0,3.7999999999999996e-08,0.0,0.0,0.0
fixed,PPO-QP,20260806,30,280,65,197.1183363224772,-26.73073976503059,63.26926023496941,19.490006684997173,19.490006693355262,191.98938719264686,hard_qp_solution,-117.39647864220125,654.0496780254133,-200.0,197.1183363224772,125.0,31.0,-100.0,100.0,3.7999999999999996e-08,0.0,0.0,0.0
fixed,PPO-QP,20260806,30,280,66,191.98938719264686,-25.509993306644738,64.49000669335527,31.326106091828347,31.326106100090733,183.74567506104404,hard_qp_solution,-138.99205392569743,634.5596713320581,-200.0,191.98938719264686,125.0,30.0,-100.0,100.0,3.7999999999999996e-08,0.0,0.0,0.0
fixed,PPO-QP,20260806,30,280,67,183.74567506104404,-13.673893899909267,76.32610610009073,18.727242980676163,18.727242989040487,178.81745322182286,hard_qp_solution,-173.70242079560404,603.2335652319673,-200.0,183.74567506104404,125.0,29.0,-100.0,100.0,3.7999999999999996e-08,0.0,0.0,0.0
fixed,PPO-QP,20260806,30,280,68,178.81745322182286,-26.272757010959513,63.72724298904049,-2.056867826067492,-2.056867817545399,179.3059593284899,hard_qp_solution,-194.45282853969323,584.5063222429268,-200.0,178.81745322182286,125.0,28.0,-100.0,100.0,3.7999999999999996e-08,0.0,0.0,0.0
fixed,PPO-QP,20260806,30,280,69,179.3059593284899,-47.056867817545395,42.943132182454605,-5.991783142540773,-5.991783134034471,180.7290078228231,hard_qp_solution,-192.39596072214778,586.3626454482616,-200.0,179.3059593284899,125.0,27.0,-100.0,100.0,3.7999999999999996e-08,0.0,0.0,0.0
fixed,PPO-QP,20260806,30,280,70,180.7290078228231,-50.99178313403447,39.00821686596553,-6.402989257428225,-6.402989248942154,182.24971776944685,hard_qp_solution,-186.4041775881133,591.7702297267277,-200.0,180.7290078228231,125.0,26.0,-100.0,100.0,3.7999999999999996e-08,0.0,0.0,0.0
fixed,PPO-QP,20260806,30,280,71,182.24971776944685,-51.402989248942156,38.597010751057844,-7.329583930231885,-7.329583921762698,183.9904939508655,hard_qp_solution,-180.0011883391712,597.548927523898,-200.0,182.24971776944685,125.0,25.0,-100.0,100.0,3.7999999999999996e-08,0.0,0.0,0.0
fixed,PPO-QP,20260806,30,280,72,183.9904939508655,-52.3295839217627,37.6704160782373,12.638479868927883,12.638479882033025,180.66457819243575,hard_qp_solution,-172.67160441740845,604.1638770132889,-200.0,183.9904939508655,125.0,24.0,-100.0,100.0,3.7999999999999996e-08,0.0,0.0,0.0
fixed,PPO-QP,20260806,30,280,73,180.66457819243575,-32.361520117966975,57.638479882033025,5.231234580475825,5.231234592602705,179.28793751017187,hard_qp_solution,-186.67546024237578,591.5253971312559,-200.0,180.66457819243575,125.0,23.0,-100.0,100.0,3.7999999999999996e-08,0.0,0.0,0.0
fixed,PPO-QP,20260806,30,280,74,179.28793751017187,-39.7687654073973,50.2312345926027,9.515639760062523,9.515639772160625,176.78382178065593,hard_qp_solution,-192.47184206243423,586.294162538653,-200.0,179.28793751017187,125.0,22.0,-100.0,100.0,3.7999999999999996e-08,0.0,0.0,0.0
fixed,PPO-QP,20260806,30,280,75,176.78382178065593,-35.484360227839375,54.515639772160625,15.91795397732011,15.917953989352778,172.59488652029992,hard_qp_solution,-203.01548723934349,576.7785227664925,-200.0,176.78382178065593,125.0,21.0,-100.0,100.0,3.7999999999999996e-08,0.0,0.0,0.0
fixed,PPO-QP,20260806,30,280,76,172.59488652029992,-29.082046010647222,60.91795398935278,7.990312960305814,7.990312972576599,170.49217258014818,hard_qp_solution,-220.65310938821085,560.8605687771396,-200.0,172.59488652029992,125.0,20.0,-100.0,100.0,3.7999999999999996e-08,0.0,0.0,0.0
fixed,PPO-QP,20260806,30,280,77,170.49217258014818,-37.0096870274234,52.9903129725766,10.554787116293014,10.554787128234228,167.71459702008653,hard_qp_solution,-229.50664176779716,552.870255804563,-200.0,170.49217258014818,125.0,19.0,-100.0,100.0,3.7999999999999996e-08,0.0,0.0,0.0
fixed,PPO-QP,20260806,30,280,78,167.71459702008653,-34.445212871765776,55.554787128234224,11.283002611773947,11.283002623593175,164.7453858033515,hard_qp_solution,-241.2016967575304,542.3154686763288,-200.0,167.71459702008653,125.0,18.0,-100.0,100.0,3.7999999999999996e-08,0.0,0.0,0.0
fixed,PPO-QP,20260806,30,280,79,164.7453858033515,-33.71699737640682,56.28300262359318,9.696628051830926,9.696628063663042,162.19364157607174,hard_qp_solution,-253.70363872273055,531.0324660527357,-200.0,164.7453858033515,125.0,17.0,-100.0,100.0,3.7999999999999996e-08,0.0,0.0,0.0
fixed,PPO-QP,20260806,30,280,80,162.19364157607174,-35.30337193633696,54.69662806366304,2.7964525637579682,2.79645257575096,161.4577330035057,hard_qp_solution,-264.44782494285585,521.3358379890726,-200.0,162.19364157607174,125.0,16.0,-100.0,100.0,3.7999999999999996e-08,0.0,0.0,0.0
fixed,PPO-QP,20260806,30,280,81,161.4577330035057,-42.20354742424904,47.79645257575096,-2.8447075819390535,-2.844707570004822,162.13335105138185,hard_qp_solution,-267.54638735366024,518.5393854133216,-200.0,161.4577330035057,125.0,15.0,-100.0,100.0,3.7999999999999996e-08,0.0,0.0,0.0
fixed,PPO-QP,20260806,30,280,82,162.13335105138185,-47.84470757000482,42.15529242999518,-5.929510451104174,-5.929510439035017,163.54160978065266,hard_qp_solution,-264.7016797836554,521.106733995251,-200.0,162.13335105138185,125.0,14.0,-100.0,100.0,3.7999999999999996e-08,0.0,0.0,0.0
fixed,PPO-QP,20260806,30,280,83,163.54160978065266,-50.92951043903501,39.07048956096499,-3.4542844641260047,-3.454284451923663,164.36200233798453,hard_qp_solution,-258.77216934462035,526.4581171664801,-200.0,163.54160978065266,125.0,13.0,-100.0,100.0,3.7999999999999996e-08,0.0,0.0,0.0
fixed,PPO-QP,20260806,30,280,84,164.36200233798453,-48.45428445192366,41.54571554807634,-7.12312492746847,-7.123124915584968,166.05374450543596,hard_qp_solution,-255.3178848926967,529.5756088843412,-200.0,164.36200233798453,125.0,12.0,-100.0,100.0,3.7999999999999996e-08,0.0,0.0,0.0
fixed,PPO-QP,20260806,30,280,85,166.05374450543596,-52.12312491558497,37.87687508441503,-12.309402058103274,-12.309402046144816,168.97722749139535,hard_qp_solution,-248.19475997711177,536.0042291206566,-200.0,166.05374450543596,125.0,11.0,-100.0,100.0,3.7999999999999996e-08,0.0,0.0,0.0
fixed,PPO-QP,20260806,30,280,86,168.97722749139535,-57.30940204614482,32.69059795385518,-18.371805821716862,-18.371805809840765,173.34053137123254,hard_qp_solution,-235.88535793096693,547.1134644673023,-200.0,168.97722749139535,125.0,10.0,-100.0,100.0,3.7999999999999996e-08,0.0,0.0,0.0
fixed,PPO-QP,20260806,30,280,87,173.34053137123254,-63.371805809840765,26.628194190159235,-20.062776934934053,-20.06277692254784,178.10544089033766,hard_qp_solution,-217.51355212112614,563.6940192106837,-200.0,173.34053137123254,125.0,9.0,-100.0,100.0,3.7999999999999996e-08,0.0,0.0,0.0
fixed,PPO-QP,20260806,30,280,88,178.10544089033766,-65.06277692254784,24.93722307745216,-18.97104104609482,-18.971041033609097,182.61106313581982,hard_qp_solution,-197.45077519857827,581.8006753832831,-200.0,178.10544089033766,125.0,8.0,-100.0,100.0,3.7999999999999996e-08,0.0,0.0,0.0
fixed,PPO-QP,20260806,30,280,89,182.61106313581982,-63.9710410336091,26.028958966390903,-15.776352642096542,-15.77635262941543,186.35794688530598,hard_qp_solution,-178.4797341649692,598.9220399161153,-200.0,182.61106313581982,125.0,7.0,-100.0,100.0,3.7999999999999996e-08,0.0,0.0,0.0
fixed,PPO-QP,20260806,30,280,90,186.35794688530598,-60.77635262941543,29.223647370584573,-22.44964739482085,-22.449647382671785,191.68973813869053,hard_qp_solution,-162.70338153555377,613.1601981641627,-200.0,186.35794688530598,125.0,6.0,-100.0,100.0,3.7999999999999996e-08,0.0,0.0,0.0
fixed,PPO-QP,20260806,30,280,91,191.68973813869053,-67.44964738267178,22.550352617328215,-24.18036624031949,-24.180366227744948,197.43257511777995,hard_qp_solution,-140.25373415288198,614.421004927024,-200.0,191.68973813869053,125.0,5.0,-100.0,100.0,3.7999999999999996e-08,0.0,0.0,0.0
fixed,PPO-QP,20260806,30,280,92,197.43257511777995,-27.430708645358663,20.819633772255052,-24.274973564117865,-24.274973545441558,203.1978813348223,hard_qp_solution,-27.430708645358663,545.9937854475638,-127.43070864535866,197.43257511777995,125.0,4.0,-100.0,100.0,3.7999999999999996e-08,0.0,0.0,0.0
fixed,PPO-QP,20260806,30,280,93,203.1978813348223,97.15194907232471,100.0,-30.785119375271623,97.15194907232471,177.63157894736844,hard_qp_solution,97.15194907232471,477.6519490723248,-2.8480509276752883,203.1978813348223,125.0,3.0,-91.79839437969552,100.0,3.7999999999999996e-08,0.0,1.0,76.42692261776627
fixed,PPO-QP,20260806,30,280,94,177.63157894736844,100.0,100.0,-28.56451496852191,100.0,151.31578947368422,hard_qp_solution,100.00000000000003,290.25000000000006,2.842170943040401e-14,177.63157894736844,125.0,2.0,-100.0,100.0,3.7999999999999996e-08,1.0,0.0,0.0
fixed,PPO-QP,20260806,30,280,95,151.31578947368422,100.0,100.0,-23.413667293290885,100.0,125.0,hard_qp_solution,100.00000000000003,100.00000000000003,2.842170943040401e-14,151.31578947368422,125.0,1.0,-100.0,100.0,3.7999999999999996e-08,1.0,0.0,0.0
old,PPO-QP,20260806,45,285,0,125.0,-45.0,45.0,-4.22661586523287,-4.226615768178124,126.0038212449423,hard_qp_solution,-421.0526315789474,380.0,-200.0,,,,,,,,,
old,PPO-QP,20260806,45,285,1,126.0038212449423,-49.22661576817812,40.77338423182188,-6.96974502509899,-6.969744946501523,127.65913566973641,hard_qp_solution,-416.82601581076926,383.8145207307807,-200.0,,,,,,,,,
old,PPO-QP,20260806,45,285,2,127.65913566973641,-51.96974494650152,38.03025505349848,-0.9426875352620396,-0.9426875334929511,127.883023958941,hard_qp_solution,-409.85627086426774,390.1047155449984,-200.0,,,,,,,,,
old,PPO-QP,20260806,45,285,3,127.883023958941,-45.94268753349295,44.05731246650705,-5.6155444846222995,-5.615544473513262,129.2167157714004,hard_qp_solution,-408.91358333077477,390.95549104397577,-200.0,,,,,,,,,
old,PPO-QP,20260806,45,285,4,129.2167157714004,-50.61554447351326,39.38445552648674,2.9140784922643364,2.9140785042299244,128.44985300712938,hard_qp_solution,-403.2980388572615,396.0235199313215,-200.0,,,,,,,,,
old,PPO-QP,20260806,45,285,5,128.44985300712938,-42.08592149577007,47.91407850422993,-3.545350653801645,-3.5453506426745864,129.2918737847646,hard_qp_solution,-406.5269347068237,393.1094414270916,-200.0,,,,,,,,,
old,PPO-QP,20260806,45,285,6,129.2918737847646,-48.545350642674585,41.454649357325415,5.7694173571513225,5.769417369313036,127.773606055998,hard_qp_solution,-402.9815840641491,396.30912038210545,-200.0,,,,,,,,,
old,PPO-QP,20260806,45,285,7,127.773606055998,-39.23058263068697,50.76941736931303,1.9199288162290145,1.9199288274916861,127.26836162771072,hard_qp_solution,-409.37429029053476,390.5397030127924,-200.0,,,,,,,,,
old,PPO-QP,20260806,45,285,8,127.26836162771072,-43.08007117250831,46.91992882749169,12.670492773441957,12.670492785802685,123.93402142092054,hard_qp_solution,-411.50163525174435,388.6197741853007,-200.0,,,,,,,,,
old,PPO-QP,20260806,45,285,9,123.93402142092054,-32.329507214197314,57.670492785802686,4.487291618939597,4.487291631109415,122.75315520220754,hard_qp_solution,-425.5409624382293,375.94928139949803,-200.0,,,,,,,,,
old,PPO-QP,20260806,45,285,10,122.75315520220754,-40.512708368890586,49.487291631109414,9.02362982464676,9.023629836779524,120.37851577147609,hard_qp_solution,-430.51303072754723,371.4619897683886,-200.0,,,,,,,,,
old,PPO-QP,20260806,45,285,11,120.37851577147609,-35.97637016322048,54.02362983677952,10.298087196348286,10.298087208178872,117.66849282195534,hard_qp_solution,-440.5115125411533,362.4383599316091,-200.0,,,,,,,,,
old,PPO-QP,20260806,45,285,12,117.66849282195534,-34.70191279182113,55.29808720817887,6.601009320348481,6.6010093322048515,115.93138510295407,hard_qp_solution,-451.92213548650386,352.14027272343026,-200.0,,,,,,,,,
old,PPO-QP,20260806,45,285,13,115.93138510295407,-38.39899066779515,51.60100933220485,4.707865665750909,4.707865677488093,114.69247308256246,hard_qp_solution,-459.23627325071976,345.53926339122546,-200.0,,,,,,,,,
old,PPO-QP,20260806,45,285,14,114.69247308256246,-40.292134322511906,49.707865677488094,5.940648306381573,5.9406483183841114,113.12914457772453,hard_qp_solution,-464.4527449155265,340.8313977137373,-200.0,,,,,,,,,
old,PPO-QP,20260806,45,285,15,113.12914457772453,-39.05935168161589,50.94064831838411,5.548808704947065,5.5488087167863185,111.66893175751761,hard_qp_solution,-471.0351807253704,334.8907493953532,-200.0,,,,,,,,,
old,PPO-QP,20260806,45,285,16,111.66893175751761,-39.45119128321368,50.54880871678632,7.951328753402491,7.951328765372795,109.57647681926161,hard_qp_solution,-477.18344523150483,329.3419406785669,-200.0,,,,,,,,,
old,PPO-QP,20260806,45,285,17,109.57647681926161,-37.04867123462721,52.95132876537279,16.628777678687353,16.62877769085801,105.20048269008845,hard_qp_solution,-485.99378181363534,321.3906119131941,-200.0,,,,,,,,,
old,PPO-QP,20260806,45,285,18,105.20048269008845,-28.37122230914199,61.62877769085801,17.559676411430395,17.55967642319875,100.5795152102993,hard_qp_solution,-504.4190202522592,304.7618342223361,-200.0,,,,,,,,,
old,PPO-QP,20260806,45,285,19,100.5795152102993,-27.44032357680125,62.55967642319875,10.52783016578345,10.527830177511603,97.80903358463836,hard_qp_solution,-523.8757254303188,287.20215779913735,-200.0,,,,,,,,,
old,PPO-QP,20260806,45,285,20,97.80903358463836,-34.4721698224884,55.5278301775116,7.382604278192171,7.382604289936534,95.86624298202348,hard_qp_solution,-535.5409112225753,276.67432762162576,-200.0,,,,,,,,,
old,PPO-QP,20260806,45,285,21,95.86624298202348,-37.61739571006346,52.38260428993654,18.40293062826127,18.402930640538145,91.02336649767133,hard_qp_solution,-543.7210821809538,269.2917233316892,-200.0,,,,,,,,,
old,PPO-QP,20260806,45,285,22,91.02336649767133,-26.597069359461855,63.402930640538145,24.841759097744852,24.841759109427983,84.4860614688745,hard_qp_solution,-564.1121410624365,250.88879269115105,-200.0,,,,,,,,,
old,PPO-QP,20260806,45,285,23,84.4860614688745,-20.158240890572017,69.84175910942798,29.659174430305324,29.659174441974994,76.6810155630916,hard_qp_solution,-591.6376359205285,226.04703358172307,-200.0,,,,,,,,,
old,PPO-QP,20260806,45,285,24,76.6810155630916,-15.340825558025006,74.659174441975,53.667510414540764,53.66751042747641,62.557986503229394,hard_qp_solution,-624.5009871027722,196.3878591397481,-200.0,,,,,,,,,
old,PPO-QP,20260806,45,285,25,62.557986503229394,8.667510427476408,98.6675104274764,52.31043028727257,52.31043029962766,48.792083792801066,hard_qp_solution,-683.9663726179815,142.7203487122717,-200.0,,,,,,,,,
old,PPO-QP,20260806,45,285,26,48.792083792801066,7.3104302996276616,90.40991841264405,65.19154728227915,65.19154729486083,31.636413452048217,hard_qp_solution,-741.9280682408377,90.40991841264405,-190.40991841264406,,,,,,,,,
old,PPO-QP,20260806,45,285,27,31.636413452048217,20.191547294860825,25.21837111778322,46.138189832258455,25.21837111778322,25.0,hard_qp_solution,-814.1624696755865,25.21837111778322,-125.21837111778322,,,,,,,,,
old,PPO-QP,20260806,45,285,28,25.0,-19.78162888221678,0.0,2.586093511320457,0.0,25.0,hard_qp_solution,-842.1052631578948,0.0,-100.0,,,,,,,,,
old,PPO-QP,20260806,45,285,29,25.0,-45.0,0.0,-5.408313727507282,-5.408313719190625,26.284474508307774,hard_qp_solution,-842.1052631578948,0.0,-100.0,,,,,,,,,
old,PPO-QP,20260806,45,285,30,26.284474508307774,-50.40831371919062,4.881003131569541,-23.72784342658582,-23.72784341838951,31.919837320175283,hard_qp_solution,-836.6969494387042,4.881003131569541,-104.88100313156954,,,,,,,,,
old,PPO-QP,20260806,45,285,31,31.919837320175283,-68.72784341838951,21.27215658161049,-28.8559000268065,-28.855900018598845,38.77311357459251,hard_qp_solution,-812.9691060203147,26.295381816666072,-126.29538181666607,,,,,,,,,
old,PPO-QP,20260806,45,285,32,38.77311357459251,-73.85590001859885,16.144099981401155,-41.36415014123042,-41.364150132996166,48.597099231179094,hard_qp_solution,-784.1132060017158,52.337831583451525,-152.33783158345153,,,,,,,,,
old,PPO-QP,20260806,45,285,33,48.597099231179094,-86.36415013299617,3.6358498670038344,-28.407183158157828,-28.40718314995163,55.343805229292606,hard_qp_solution,-742.7490558687197,89.66897707848055,-189.66897707848057,,,,,,,,,
old,PPO-QP,20260806,45,285,34,55.343805229292606,-73.40718314995163,16.59281685004837,-39.47206806269655,-39.47206805446638,64.71842139222836,hard_qp_solution,-714.3418727187681,115.3064598713119,-200.0,,,,,,,,,
old,PPO-QP,20260806,45,285,35,64.71842139222836,-84.47206805446638,5.5279319455336235,-9.133430132570131,-9.13343012439939,66.88761104677322,hard_qp_solution,-674.8698046643016,150.93000129046777,-200.0,,,,,,,,,
old,PPO-QP,20260806,45,285,36,66.88761104677322,-54.13343012439939,35.86656987560061,10.889312063672223,2.704649855355147,66.17586108483765,hard_qp_solution,-665.7363745399024,159.1729219777382,-200.0,,,,,,,,,
old,PPO-QP,20260806,45,285,37,66.17586108483765,-42.29535014464485,47.70464985535515,-4.531728957961147,-13.467563786560891,69.37440748414586,hard_qp_solution,-668.7332164848941,156.46827212238307,-200.0,,,,,,,,,
old,PPO-QP,20260806,45,285,38,69.37440748414586,-58.46756378656089,31.53243621343911,-29.67952931151874,-29.67952930330957,76.42329569368188,hard_qp_solution,-655.2656526983332,168.62274843975428,-200.0,,,,,,,,,
old,PPO-QP,20260806,45,285,39,76.42329569368188,-74.67952930330958,15.320470696690428,-19.85292600805895,-42.10455654845562,86.42312787394009,hard_qp_solution,-625.5861233950236,195.40852363599114,-200.0,,,,,,,,,
old,PPO-QP,20260806,45,285,40,86.42312787394009,-87.10455654845562,2.8954434515443808,-29.31384019450507,-29.31384018621725,93.38516491816668,hard_qp_solution,-583.4815668465682,233.40788592097232,-200.0,,,,,,,,,
old,PPO-QP,20260806,45,285,41,93.38516491816668,-74.31384018621725,15.686159813782751,-32.44004534078234,-56.10955670080284,106.71118463460735,hard_qp_solution,-554.1677266603508,259.86362668903337,-200.0,,,,,,,,,
old,PPO-QP,20260806,45,285,42,106.71118463460735,-100.0,-11.109556700802841,-34.99058467803939,-34.99058466988045,115.02144849370396,hard_qp_solution,-498.058169959548,310.5025016115079,-200.0,,,,,,,,,
old,PPO-QP,20260806,45,285,43,115.02144849370396,-79.99058466988045,10.009415330119552,-5.488661150157322,-18.85441206065594,119.49937135810974,hard_qp_solution,-463.0675852896676,342.081504276075,-200.0,,,,,,,,,
old,PPO-QP,20260806,45,285,44,119.49937135810974,-63.85441206065594,26.14558793934406,2.5164220906610617,-28.84325552656437,126.34964454566878,hard_qp_solution,-444.21317322901166,359.097611160817,-200.0,,,,,,,,,
old,PPO-QP,20260806,45,285,45,126.34964454566878,-73.84325552656438,16.15674447343563,11.466808939617271,-30.651900019101603,133.6294708002054,hard_qp_solution,-415.36991770244725,385.1286492735413,-200.0,,,,,,,,,
old,PPO-QP,20260806,45,285,46,133.6294708002054,-75.6519000191016,14.348099980898397,9.032777147668511,-27.474888207554354,140.15475674949957,hard_qp_solution,-384.71801768334564,412.79198904078055,-200.0,,,,,,,,,
old,PPO-QP,20260806,45,285,47,140.15475674949957,-72.47488820755436,17.525111792445646,11.118255665205815,-13.481449351564025,143.35660097049603,hard_qp_solution,-357.2431294757913,437.58807564809837,-200.0,,,,,,,,,
old,PPO-QP,20260806,45,285,48,143.35660097049603,-58.481449351564024,31.518550648435976,9.418671854713477,9.418671863011163,140.87800311180888,hard_qp_solution,-343.76168012422727,449.7550836878849,-200.0,,,,,,,,,
old,PPO-QP,20260806,45,285,49,140.87800311180888,-35.58132813698884,54.41867186301116,0.7284619904788775,0.7284619988724328,140.68630258578983,hard_qp_solution,-354.19788163448897,440.3364118248737,-200.0,,,,,,,,,
old,PPO-QP,20260806,45,285,50,140.68630258578983,-44.27153800112757,45.72846199887243,17.44041316651994,17.154011685379526,136.17208898437417,hard_qp_solution,-355.00504174404284,439.60794982600135,-200.0,,,,,,,,,
old,PPO-QP,20260806,45,285,51,136.17208898437417,-27.845988314620474,62.15401168537953,18.827175427308703,18.82717543567206,131.21756913288152,hard_qp_solution,-374.01225690789823,422.4539381406218,-200.0,,,,,,,,,
old,PPO-QP,20260806,45,285,52,131.21756913288152,-26.17282456432794,63.82717543567206,17.02081098515473,17.020810993532713,126.73840834510976,hard_qp_solution,-394.8733931247094,403.6267627049498,-200.0,,,,,,,,,
old,PPO-QP,20260806,45,285,53,126.73840834510976,-27.979189006467287,62.02081099353271,20.074072569736042,20.074072578089275,121.45575766666522,hard_qp_solution,-413.7330174942747,386.60595171141705,-200.0,,,,,,,,,
old,PPO-QP,20260806,45,285,54,121.45575766666522,-24.925927421910725,65.07407257808927,30.90149004019573,30.901490048461365,113.32378660128064,hard_qp_solution,-435.97575719298857,366.53187913332783,-200.0,,,,,,,,,
old,PPO-QP,20260806,45,285,55,113.32378660128064,-14.098509951538635,75.90149004846137,9.269213337267411,9.269213345708055,110.88451993135747,hard_qp_solution,-470.21563536302887,335.6303890848664,-200.0,,,,,,,,,
old,PPO-QP,20260806,45,285,56,110.88451993135747,-35.73078665429195,54.26921334570805,11.473098656630052,11.473098665023354,107.86528344056185,hard_qp_solution,-480.48623186796857,326.3611757391584,-200.0,,,,,,,,,
old,PPO-QP,20260806,45,285,57,107.86528344056185,-33.52690133497664,56.47309866502336,11.820070354979894,11.820070363399841,104.75473860808822,hard_qp_solution,-493.1988065660554,314.888077074135,-200.0,,,,,,,,,
old,PPO-QP,20260806,45,285,58,104.75473860808822,-33.17992963660016,56.82007036339984,7.039678601806636,7.039678610265238,102.90219160538683,hard_qp_solution,-506.2958374396286,303.06800671073523,-200.0,,,,,,,,,
old,PPO-QP,20260806,45,285,59,102.90219160538683,-37.96032138973476,52.03967861026524,5.519347265693302,5.519347274164191,101.44973179639625,hard_qp_solution,-514.0960353457397,296.02832810046993,-200.0,,,,,,,,,
old,PPO-QP,20260806,45,285,60,101.44973179639625,-39.48065272583581,50.51934727416419,-7.629366773982622,-7.6293667654053765,103.26170640318003,hard_qp_solution,-520.2116555941211,290.50898082630573,-200.0,,,,,,,,,
old,PPO-QP,20260806,45,285,61,103.26170640318003,-52.62936676540538,37.37063323459462,-4.036236089964502,-4.036236081416325,104.22031247251641,hard_qp_solution,-512.5822888287157,297.3944843320841,-200.0,,,,,,,,,
old,PPO-QP,20260806,45,285,62,104.22031247251641,-49.03623608141633,40.96376391858367,4.639381844292405,4.639381852770471,102.99942251126103,hard_qp_solution,-508.54605274729937,301.03718739556234,-200.0,,,,,,,,,
old,PPO-QP,20260806,45,285,63,102.99942251126103,-40.36061814722953,49.63938185277047,2.202763035651521,2.2027630441492483,102.4197480259586,hard_qp_solution,-513.6866420578483,296.3978055427919,-200.0,,,,,,,,,
old,PPO-QP,20260806,45,285,64,102.4197480259586,-42.79723695585075,47.20276304414925,-5.564372062425428,-5.5643720538649,103.7412863887515,hard_qp_solution,-516.1273767328059,294.19504249864264,-200.0,,,,,,,,,
old,PPO-QP,20260806,45,285,65,103.7412863887515,-50.5643720538649,39.4356279461351,-0.6046814766493064,-0.6046814681369831,103.88489823743404,hard_qp_solution,-510.56300467894107,299.2168882772557,-200.0,,,,,,,,,
old,PPO-QP,20260806,45,285,66,103.88489823743404,-45.60468146813698,44.39531853186302,-2.0480966172688757,-2.0480966087453925,104.37132118201107,hard_qp_solution,-509.95832321080405,299.76261330224935,-200.0,,,,,,,,,
old,PPO-QP,20260806,45,285,67,104.37132118201107,-47.04809660874539,42.95190339125461,-0.9581049223023625,-0.958104913816449,104.59887109904248,hard_qp_solution,-507.9102266020587,301.6110204916421,-200.0,,,,,,,,,
old,PPO-QP,20260806,45,285,68,104.59887109904248,-45.95810491381645,44.04189508618355,-5.582520007582499,-5.582519999126488,105.92471959883503,hard_qp_solution,-506.9521216882422,302.4757101763614,-200.0,,,,,,,,,
old,PPO-QP,20260806,45,285,69,105.92471959883503,-50.58251999912649,39.41748000087351,-6.313646370276994,-6.313646361819453,107.42421060976714,hard_qp_solution,-501.3696016891157,307.5139344755731,-200.0,,,,,,,,,
old,PPO-QP,20260806,45,285,70,107.42421060976714,-51.31364636181945,38.68635363818055,-14.972063599880828,-14.97206359138663,110.98007571272147,hard_qp_solution,-495.05595532729626,313.21200031711516,-200.0,,,,,,,,,
old,PPO-QP,20260806,45,285,71,110.98007571272147,-59.97206359138663,30.02793640861337,-6.659642238500364,-6.659642230058925,112.56174074236047,hard_qp_solution,-480.0838917359096,326.7242877083416,-200.0,,,,,,,,,
old,PPO-QP,20260806,45,285,72,112.56174074236047,-51.65964223005892,38.34035776994108,-4.808808739632344,-4.808808727280005,113.70383281508947,hard_qp_solution,-473.4242495058507,332.7346148209698,-200.0,,,,,,,,,
old,PPO-QP,20260806,45,285,73,113.70383281508947,-49.80880872728,40.19119127272,3.147395665769069,3.1473956781507613,112.87557079452348,hard_qp_solution,-468.6154407785707,337.07456469733995,-200.0,,,,,,,,,
old,PPO-QP,20260806,45,285,74,112.87557079452348,-41.85260432184924,48.14739567815076,6.4865283784933485,6.486528390613845,111.16858963909878,hard_qp_solution,-472.1028598125327,333.9271690191892,-200.0,,,,,,,,,
old,PPO-QP,20260806,45,285,75,111.16858963909878,-38.51347160938616,51.48652839061384,2.436066729318058,2.436066741090124,110.52751944407507,hard_qp_solution,-479.29014888800515,327.44064062857535,-200.0,,,,,,,,,
old,PPO-QP,20260806,45,285,76,110.52751944407507,-42.56393325890988,47.43606674109012,2.048552250208511,2.048552262099068,109.98842674352268,hard_qp_solution,-481.9893918144208,325.00457388748526,-200.0,,,,,,,,,
old,PPO-QP,20260806,45,285,77,109.98842674352268,-42.951447737900935,47.048552262099065,3.2252570424481473,3.225257054272141,109.13967488713527,hard_qp_solution,-484.25925581674664,322.95602162538614,-200.0,,,,,,,,,
old,PPO-QP,20260806,45,285,78,109.13967488713527,-41.77474294572786,48.22525705427214,0.9262201926912554,0.926220204612024,108.89593272802685,hard_qp_solution,-487.83294784364097,319.73076457111404,-200.0,,,,,,,,,
old,PPO-QP,20260806,45,285,79,108.89593272802685,-44.07377979538798,45.92622020461202,-2.7366860354538907,-2.7366860238017074,109.54589565867975,hard_qp_solution,-488.8592306188343,318.804544366502,-200.0,,,,,,,,,
old,PPO-QP,20260806,45,285,80,109.54589565867975,-47.73668602380171,42.26331397619829,-2.2332308695809115,-2.233230857958328,110.07628798744486,hard_qp_solution,-486.12254459503265,321.27440350298303,-200.0,,,,,,,,,
old,PPO-QP,20260806,45,285,81,110.07628798744486,-47.233230857958326,42.766769142041674,-7.920869932379839,-7.920869921038283,111.95749459369145,hard_qp_solution,-483.8893137370743,323.28989435229045,-200.0,,,,,,,,,
old,PPO-QP,20260806,45,285,82,111.95749459369145,-52.92086992103828,37.07913007896172,-2.806921807238329,-2.8069217956436794,112.62413852015682,hard_qp_solution,-475.96844381603603,330.4384794560275,-200.0,,,,,,,,,
old,PPO-QP,20260806,45,285,83,112.62413852015682,-47.80692179564368,42.19307820435632,-8.314974801157506,-8.314974789963658,114.59894503277319,hard_qp_solution,-473.16152202039234,332.9717263765959,-200.0,,,,,,,,,
old,PPO-QP,20260806,45,285,84,114.59894503277319,-53.31497478996366,36.68502521003634,-9.833172154967253,-9.833172143535442,116.93432341686285,hard_qp_solution,-464.8465472304287,340.4759911245381,-200.0,,,,,,,,,
old,PPO-QP,20260806,45,285,85,116.93432341686285,-54.83317214353544,35.16682785646456,-16.42826548368906,-16.428265472556735,120.83603646659508,hard_qp_solution,-455.0133750868933,349.3504289840788,-200.0,,,,,,,,,
old,PPO-QP,20260806,45,285,86,120.83603646659508,-61.42826547255673,28.571734527443265,-13.737514221397392,-13.73751420977384,124.09869609141636,hard_qp_solution,-438.58510961433655,364.17693857306125,-200.0,,,,,,,,,
old,PPO-QP,20260806,45,285,87,124.09869609141636,-58.73751420977384,31.262485790226158,-19.9493824779179,-19.94938246654135,128.83667442721992,hard_qp_solution,-424.84759540456275,376.5750451473821,-200.0,,,,,,,,,
old,PPO-QP,20260806,45,285,88,128.83667442721992,-64.94938246654135,25.05061753345865,-17.50943023436187,-17.509430222682493,132.99516410510702,hard_qp_solution,-404.8982129380214,394.57936282343564,-200.0,,,,,,,,,
old,PPO-QP,20260806,45,285,89,132.99516410510702,-62.5094302226825,27.490569777317507,-21.157245422965474,-21.157245411586985,138.02000989035892,hard_qp_solution,-387.3887827153389,410.3816235994067,-200.0,,,,,,,,,
old,PPO-QP,20260806,45,285,90,138.02000989035892,-66.15724541158698,23.842754588413015,-20.408097443302733,-20.408097431382053,142.86693303031217,hard_qp_solution,-366.2315373037519,429.4760375833639,-200.0,,,,,,,,,
old,PPO-QP,20260806,45,285,91,142.86693303031217,-65.40809743138206,24.591902568617947,-19.57324097033042,-19.57324095857898,147.51557775797468,hard_qp_solution,-345.8234398723698,428.8943455151862,-200.0,,,,,,,,,
old,PPO-QP,20260806,45,285,92,147.51557775797468,-64.57324095857898,25.42675904142102,-27.43310998231764,-27.43310997088915,154.03094137606087,hard_qp_solution,-237.60753963401243,356.3091954803038,-200.0,,,,,,,,,
old,PPO-QP,20260806,45,285,93,154.03094137606087,-72.43310997088915,17.56689002911085,-26.882836821354772,-26.882836809504184,160.4156151183181,hard_qp_solution,-99.3711055634003,290.81757722903126,-199.3711055634003,,,,,,,,,
old,PPO-QP,20260806,45,285,94,160.4156151183181,34.57933744960875,100.0,-34.554482745133456,34.57933744960875,151.31578947368422,hard_qp_solution,34.57933744960875,224.82933744960877,-65.42066255039126,,,,,,,,,
old,PPO-QP,20260806,45,285,95,151.31578947368422,-10.42066255039125,79.57933744960874,-30.104807894068365,-10.420662488709418,153.7906968147527,hard_qp_solution,100.00000000000003,100.00000000000003,2.842170943040401e-14,,,,,,,,,
fixed,PPO-QP,20260806,45,285,0,125.0,-45.0,45.0,-4.22661586523287,-4.226615768178124,126.0038212449423,hard_qp_solution,-421.0526315789474,380.0,-200.0,125.0,125.0,96.0,-100.0,100.0,3.7999999999999996e-08,0.0,0.0,0.0
fixed,PPO-QP,20260806,45,285,1,126.0038212449423,-49.22661576817812,40.77338423182188,-6.96974502509899,-6.969744946501523,127.65913566973641,hard_qp_solution,-416.82601581076926,383.8145207307807,-200.0,126.0038212449423,125.0,95.0,-100.0,100.0,3.7999999999999996e-08,0.0,0.0,0.0
fixed,PPO-QP,20260806,45,285,2,127.65913566973641,-51.96974494650152,38.03025505349848,-0.9426875352620396,-0.9426875334929511,127.883023958941,hard_qp_solution,-409.85627086426774,390.1047155449984,-200.0,127.65913566973641,125.0,94.0,-100.0,100.0,3.7999999999999996e-08,0.0,0.0,0.0
fixed,PPO-QP,20260806,45,285,3,127.883023958941,-45.94268753349295,44.05731246650705,-5.6155444846222995,-5.615544473513262,129.2167157714004,hard_qp_solution,-408.91358333077477,390.95549104397577,-200.0,127.883023958941,125.0,93.0,-100.0,100.0,3.7999999999999996e-08,0.0,0.0,0.0
fixed,PPO-QP,20260806,45,285,4,129.2167157714004,-50.61554447351326,39.38445552648674,2.9140784922643364,2.9140785042299244,128.44985300712938,hard_qp_solution,-403.2980388572615,396.0235199313215,-200.0,129.2167157714004,125.0,92.0,-100.0,100.0,3.7999999999999996e-08,0.0,0.0,0.0
fixed,PPO-QP,20260806,45,285,5,128.44985300712938,-42.08592149577007,47.91407850422993,-3.545350653801645,-3.5453506426745864,129.2918737847646,hard_qp_solution,-406.5269347068237,393.1094414270916,-200.0,128.44985300712938,125.0,91.0,-100.0,100.0,3.7999999999999996e-08,0.0,0.0,0.0
fixed,PPO-QP,20260806,45,285,6,129.2918737847646,-48.545350642674585,41.454649357325415,5.7694173571513225,5.769417369313036,127.773606055998,hard_qp_solution,-402.9815840641491,396.30912038210545,-200.0,129.2918737847646,125.0,90.0,-100.0,100.0,3.7999999999999996e-08,0.0,0.0,0.0
fixed,PPO-QP,20260806,45,285,7,127.773606055998,-39.23058263068697,50.76941736931303,1.9199288162290145,1.9199288274916861,127.26836162771072,hard_qp_solution,-409.37429029053476,390.5397030127924,-200.0,127.773606055998,125.0,89.0,-100.0,100.0,3.7999999999999996e-08,0.0,0.0,0.0
fixed,PPO-QP,20260806,45,285,8,127.26836162771072,-43.08007117250831,46.91992882749169,12.670492773441957,12.670492785802685,123.93402142092054,hard_qp_solution,-411.50163525174435,388.6197741853007,-200.0,127.26836162771072,125.0,88.0,-100.0,100.0,3.7999999999999996e-08,0.0,0.0,0.0
fixed,PPO-QP,20260806,45,285,9,123.93402142092054,-32.329507214197314,57.670492785802686,4.487291618939597,4.487291631109415,122.75315520220754,hard_qp_solution,-425.5409624382293,375.94928139949803,-200.0,123.93402142092054,125.0,87.0,-100.0,100.0,3.7999999999999996e-08,0.0,0.0,0.0
fixed,PPO-QP,20260806,45,285,10,122.75315520220754,-40.512708368890586,49.487291631109414,9.02362982464676,9.023629836779524,120.37851577147609,hard_qp_solution,-430.51303072754723,371.4619897683886,-200.0,122.75315520220754,125.0,86.0,-100.0,100.0,3.7999999999999996e-08,0.0,0.0,0.0
fixed,PPO-QP,20260806,45,285,11,120.37851577147609,-35.97637016322048,54.02362983677952,10.298087196348286,10.298087208178872,117.66849282195534,hard_qp_solution,-440.5115125411533,362.4383599316091,-200.0,120.37851577147609,125.0,85.0,-100.0,100.0,3.7999999999999996e-08,0.0,0.0,0.0
fixed,PPO-QP,20260806,45,285,12,117.66849282195534,-34.70191279182113,55.29808720817887,6.601009320348481,6.6010093322048515,115.93138510295407,hard_qp_solution,-451.92213548650386,352.14027272343026,-200.0,117.66849282195534,125.0,84.0,-100.0,100.0,3.7999999999999996e-08,0.0,0.0,0.0
fixed,PPO-QP,20260806,45,285,13,115.93138510295407,-38.39899066779515,51.60100933220485,4.707865665750909,4.707865677488093,114.69247308256246,hard_qp_solution,-459.23627325071976,345.53926339122546,-200.0,115.93138510295407,125.0,83.0,-100.0,100.0,3.7999999999999996e-08,0.0,0.0,0.0
fixed,PPO-QP,20260806,45,285,14,114.69247308256246,-40.292134322511906,49.707865677488094,5.940648306381573,5.9406483183841114,113.12914457772453,hard_qp_solution,-464.4527449155265,340.8313977137373,-200.0,114.69247308256246,125.0,82.0,-100.0,100.0,3.7999999999999996e-08,0.0,0.0,0.0
fixed,PPO-QP,20260806,45,285,15,113.12914457772453,-39.05935168161589,50.94064831838411,5.548808704947065,5.5488087167863185,111.66893175751761,hard_qp_solution,-471.0351807253704,334.8907493953532,-200.0,113.12914457772453,125.0,81.0,-100.0,100.0,3.7999999999999996e-08,0.0,0.0,0.0
fixed,PPO-QP,20260806,45,285,16,111.66893175751761,-39.45119128321368,50.54880871678632,7.951328753402491,7.951328765372795,109.57647681926161,hard_qp_solution,-477.18344523150483,329.3419406785669,-200.0,111.66893175751761,125.0,80.0,-100.0,100.0,3.7999999999999996e-08,0.0,0.0,0.0
fixed,PPO-QP,20260806,45,285,17,109.57647681926161,-37.04867123462721,52.95132876537279,16.628777678687353,16.62877769085801,105.20048269008845,hard_qp_solution,-485.99378181363534,321.3906119131941,-200.0,109.57647681926161,125.0,79.0,-100.0,100.0,3.7999999999999996e-08,0.0,0.0,0.0
fixed,PPO-QP,20260806,45,285,18,105.20048269008845,-28.37122230914199,61.62877769085801,17.559676411430395,17.55967642319875,100.5795152102993,hard_qp_solution,-504.4190202522592,304.7618342223361,-200.0,105.20048269008845,125.0,78.0,-100.0,100.0,3.7999999999999996e-08,0.0,0.0,0.0
fixed,PPO-QP,20260806,45,285,19,100.5795152102993,-27.44032357680125,62.55967642319875,10.52783016578345,10.527830177511603,97.80903358463836,hard_qp_solution,-523.8757254303188,287.20215779913735,-200.0,100.5795152102993,125.0,77.0,-100.0,100.0,3.7999999999999996e-08,0.0,0.0,0.0
fixed,PPO-QP,20260806,45,285,20,97.80903358463836,-34.4721698224884,55.5278301775116,7.382604278192171,7.382604289936534,95.86624298202348,hard_qp_solution,-535.5409112225753,276.67432762162576,-200.0,97.80903358463836,125.0,76.0,-100.0,100.0,3.7999999999999996e-08,0.0,0.0,0.0
fixed,PPO-QP,20260806,45,285,21,95.86624298202348,-37.61739571006346,52.38260428993654,18.40293062826127,18.402930640538145,91.02336649767133,hard_qp_solution,-543.7210821809538,269.2917233316892,-200.0,95.86624298202348,125.0,75.0,-100.0,100.0,3.7999999999999996e-08,0.0,0.0,0.0
fixed,PPO-QP,20260806,45,285,22,91.02336649767133,-26.597069359461855,63.402930640538145,24.841759097744852,24.841759109427983,84.4860614688745,hard_qp_solution,-564.1121410624365,250.88879269115105,-200.0,91.02336649767133,125.0,74.0,-100.0,100.0,3.7999999999999996e-08,0.0,0.0,0.0
fixed,PPO-QP,20260806,45,285,23,84.4860614688745,-20.158240890572017,69.84175910942798,29.659174430305324,29.659174441974994,76.6810155630916,hard_qp_solution,-591.6376359205285,226.04703358172307,-200.0,84.4860614688745,125.0,73.0,-100.0,100.0,3.7999999999999996e-08,0.0,0.0,0.0
fixed,PPO-QP,20260806,45,285,24,76.6810155630916,-15.340825558025006,74.659174441975,53.667510414540764,53.66751042747641,62.557986503229394,hard_qp_solution,-624.5009871027722,196.3878591397481,-200.0,76.6810155630916,125.0,72.0,-100.0,100.0,3.7999999999999996e-08,0.0,0.0,0.0
fixed,PPO-QP,20260806,45,285,25,62.557986503229394,8.667510427476408,98.6675104274764,52.31043028727257,52.31043029962766,48.792083792801066,hard_qp_solution,-683.9663726179815,142.7203487122717,-200.0,62.557986503229394,125.0,71.0,-100.0,100.0,3.7999999999999996e-08,0.0,0.0,0.0
fixed,PPO-QP,20260806,45,285,26,48.792083792801066,7.3104302996276616,90.40991841264405,65.19154728227915,65.19154729486083,31.636413452048217,hard_qp_solution,-741.9280682408377,90.40991841264405,-190.40991841264406,48.792083792801066,125.0,70.0,-100.0,90.40991841264405,3.7999999999999996e-08,0.0,0.0,0.0
fixed,PPO-QP,20260806,45,285,27,31.636413452048217,20.191547294860825,25.21837111778322,46.138189832258455,25.21837111778322,25.0,hard_qp_solution,-814.1624696755865,25.21837111778322,-125.21837111778322,31.636413452048217,125.0,69.0,-100.0,25.21837111778322,3.7999999999999996e-08,0.0,0.0,0.0
fixed,PPO-QP,20260806,45,285,28,25.0,-19.78162888221678,0.0,2.586093511320457,0.0,25.0,hard_qp_solution,-842.1052631578948,0.0,-100.0,25.0,125.0,68.0,-100.0,0.0,3.7999999999999996e-08,0.0,0.0,0.0
fixed,PPO-QP,20260806,45,285,29,25.0,-45.0,0.0,-5.408313727507282,-5.408313719190625,26.284474508307774,hard_qp_solution,-842.1052631578948,0.0,-100.0,25.0,125.0,67.0,-100.0,0.0,3.7999999999999996e-08,0.0,0.0,0.0
fixed,PPO-QP,20260806,45,285,30,26.284474508307774,-50.40831371919062,4.881003131569541,-23.72784342658582,-23.72784341838951,31.919837320175283,hard_qp_solution,-836.6969494387042,4.881003131569541,-104.88100313156954,26.284474508307774,125.0,66.0,-100.0,4.881003131569541,3.7999999999999996e-08,0.0,0.0,0.0
fixed,PPO-QP,20260806,45,285,31,31.919837320175283,-68.72784341838951,21.27215658161049,-28.8559000268065,-28.855900018598845,38.77311357459251,hard_qp_solution,-812.9691060203147,26.295381816666072,-126.29538181666607,31.919837320175283,125.0,65.0,-100.0,26.295381816666072,3.7999999999999996e-08,0.0,0.0,0.0
fixed,PPO-QP,20260806,45,285,32,38.77311357459251,-73.85590001859885,16.144099981401155,-41.36415014123042,-41.364150132996166,48.597099231179094,hard_qp_solution,-784.1132060017158,52.337831583451525,-152.33783158345153,38.77311357459251,125.0,64.0,-100.0,52.337831583451525,3.7999999999999996e-08,0.0,0.0,0.0
fixed,PPO-QP,20260806,45,285,33,48.597099231179094,-86.36415013299617,3.6358498670038344,-28.407183158157828,-28.40718314995163,55.343805229292606,hard_qp_solution,-742.7490558687197,89.66897707848055,-189.66897707848057,48.597099231179094,125.0,63.0,-100.0,89.66897707848055,3.7999999999999996e-08,0.0,0.0,0.0
fixed,PPO-QP,20260806,45,285,34,55.343805229292606,-73.40718314995163,16.59281685004837,-39.47206806269655,-39.47206805446638,64.71842139222836,hard_qp_solution,-714.3418727187681,115.3064598713119,-200.0,55.343805229292606,125.0,62.0,-100.0,100.0,3.7999999999999996e-08,0.0,0.0,0.0
fixed,PPO-QP,20260806,45,285,35,64.71842139222836,-84.47206805446638,5.5279319455336235,-9.133430132570131,-9.13343012439939,66.88761104677322,hard_qp_solution,-674.8698046643016,150.93000129046777,-200.0,64.71842139222836,125.0,61.0,-100.0,100.0,3.7999999999999996e-08,0.0,0.0,0.0
fixed,PPO-QP,20260806,45,285,36,66.88761104677322,-54.13343012439939,35.86656987560061,10.889312063672223,2.704649855355147,66.17586108483765,hard_qp_solution,-665.7363745399024,159.1729219777382,-200.0,66.88761104677322,125.0,60.0,-100.0,100.0,3.7999999999999996e-08,0.0,0.0,0.0
fixed,PPO-QP,20260806,45,285,37,66.17586108483765,-42.29535014464485,47.70464985535515,-4.531728957961147,-13.467563786560891,69.37440748414586,hard_qp_solution,-668.7332164848941,156.46827212238307,-200.0,66.17586108483765,125.0,59.0,-100.0,100.0,3.7999999999999996e-08,0.0,0.0,0.0
fixed,PPO-QP,20260806,45,285,38,69.37440748414586,-58.46756378656089,31.53243621343911,-29.67952931151874,-29.67952930330957,76.42329569368188,hard_qp_solution,-655.2656526983332,168.62274843975428,-200.0,69.37440748414586,125.0,58.0,-100.0,100.0,3.7999999999999996e-08,0.0,0.0,0.0
fixed,PPO-QP,20260806,45,285,39,76.42329569368188,-74.67952930330958,15.320470696690428,-19.85292600805895,-42.10455654845562,86.42312787394009,hard_qp_solution,-625.5861233950236,195.40852363599114,-200.0,76.42329569368188,125.0,57.0,-100.0,100.0,3.7999999999999996e-08,0.0,0.0,0.0
fixed,PPO-QP,20260806,45,285,40,86.42312787394009,-87.10455654845562,2.8954434515443808,-29.31384019450507,-29.31384018621725,93.38516491816668,hard_qp_solution,-583.4815668465682,233.40788592097232,-200.0,86.42312787394009,125.0,56.0,-100.0,100.0,3.7999999999999996e-08,0.0,0.0,0.0
fixed,PPO-QP,20260806,45,285,41,93.38516491816668,-74.31384018621725,15.686159813782751,-32.44004534078234,-56.10955670080284,106.71118463460735,hard_qp_solution,-554.1677266603508,259.86362668903337,-200.0,93.38516491816668,125.0,55.0,-100.0,100.0,3.7999999999999996e-08,0.0,0.0,0.0
fixed,PPO-QP,20260806,45,285,42,106.71118463460735,-100.0,-11.109556700802841,-34.99058467803939,-34.99058466988045,115.02144849370396,hard_qp_solution,-498.058169959548,310.5025016115079,-200.0,106.71118463460735,125.0,54.0,-100.0,100.0,3.7999999999999996e-08,0.0,0.0,0.0
fixed,PPO-QP,20260806,45,285,43,115.02144849370396,-79.99058466988045,10.009415330119552,-5.488661150157322,-18.85441206065594,119.49937135810974,hard_qp_solution,-463.0675852896676,342.081504276075,-200.0,115.02144849370396,125.0,53.0,-100.0,100.0,3.7999999999999996e-08,0.0,0.0,0.0
fixed,PPO-QP,20260806,45,285,44,119.49937135810974,-63.85441206065594,26.14558793934406,2.5164220906610617,-28.84325552656437,126.34964454566878,hard_qp_solution,-444.21317322901166,359.097611160817,-200.0,119.49937135810974,125.0,52.0,-100.0,100.0,3.7999999999999996e-08,0.0,0.0,0.0
fixed,PPO-QP,20260806,45,285,45,126.34964454566878,-73.84325552656438,16.15674447343563,11.466808939617271,-30.651900019101603,133.6294708002054,hard_qp_solution,-415.36991770244725,385.1286492735413,-200.0,126.34964454566878,125.0,51.0,-100.0,100.0,3.7999999999999996e-08,0.0,0.0,0.0
fixed,PPO-QP,20260806,45,285,46,133.6294708002054,-75.6519000191016,14.348099980898397,9.032777147668511,-27.474888207554354,140.15475674949957,hard_qp_solution,-384.71801768334564,412.79198904078055,-200.0,133.6294708002054,125.0,50.0,-100.0,100.0,3.7999999999999996e-08,0.0,0.0,0.0
fixed,PPO-QP,20260806,45,285,47,140.15475674949957,-72.47488820755436,17.525111792445646,11.118255665205815,-13.481449351564025,143.35660097049603,hard_qp_solution,-357.2431294757913,437.58807564809837,-200.0,140.15475674949957,125.0,49.0,-100.0,100.0,3.7999999999999996e-08,0.0,0.0,0.0
fixed,PPO-QP,20260806,45,285,48,143.35660097049603,-58.481449351564024,31.518550648435976,9.418671854713477,9.418671863011163,140.87800311180888,hard_qp_solution,-343.76168012422727,449.7550836878849,-200.0,143.35660097049603,125.0,48.0,-100.0,100.0,3.7999999999999996e-08,0.0,0.0,0.0
fixed,PPO-QP,20260806,45,285,49,140.87800311180888,-35.58132813698884,54.41867186301116,0.7284619904788775,0.7284619988724328,140.68630258578983,hard_qp_solution,-354.19788163448897,440.3364118248737,-200.0,140.87800311180888,125.0,47.0,-100.0,100.0,3.7999999999999996e-08,0.0,0.0,0.0
fixed,PPO-QP,20260806,45,285,50,140.68630258578983,-44.27153800112757,45.72846199887243,17.44041316651994,17.154011685379526,136.17208898437417,hard_qp_solution,-355.00504174404284,439.60794982600135,-200.0,140.68630258578983,125.0,46.0,-100.0,100.0,3.7999999999999996e-08,0.0,0.0,0.0
fixed,PPO-QP,20260806,45,285,51,136.17208898437417,-27.845988314620474,62.15401168537953,18.827175427308703,18.82717543567206,131.21756913288152,hard_qp_solution,-374.01225690789823,422.4539381406218,-200.0,136.17208898437417,125.0,45.0,-100.0,100.0,3.7999999999999996e-08,0.0,0.0,0.0
fixed,PPO-QP,20260806,45,285,52,131.21756913288152,-26.17282456432794,63.82717543567206,17.02081098515473,17.020810993532713,126.73840834510976,hard_qp_solution,-394.8733931247094,403.6267627049498,-200.0,131.21756913288152,125.0,44.0,-100.0,100.0,3.7999999999999996e-08,0.0,0.0,0.0
fixed,PPO-QP,20260806,45,285,53,126.73840834510976,-27.979189006467287,62.02081099353271,20.074072569736042,20.074072578089275,121.45575766666522,hard_qp_solution,-413.7330174942747,386.60595171141705,-200.0,126.73840834510976,125.0,43.0,-100.0,100.0,3.7999999999999996e-08,0.0,0.0,0.0
fixed,PPO-QP,20260806,45,285,54,121.45575766666522,-24.925927421910725,65.07407257808927,30.90149004019573,30.901490048461365,113.32378660128064,hard_qp_solution,-435.97575719298857,366.53187913332783,-200.0,121.45575766666522,125.0,42.0,-100.0,100.0,3.7999999999999996e-08,0.0,0.0,0.0
fixed,PPO-QP,20260806,45,285,55,113.32378660128064,-14.098509951538635,75.90149004846137,9.269213337267411,9.269213345708055,110.88451993135747,hard_qp_solution,-470.21563536302887,335.6303890848664,-200.0,113.32378660128064,125.0,41.0,-100.0,100.0,3.7999999999999996e-08,0.0,0.0,0.0
fixed,PPO-QP,20260806,45,285,56,110.88451993135747,-35.73078665429195,54.26921334570805,11.473098656630052,11.473098665023354,107.86528344056185,hard_qp_solution,-480.48623186796857,326.3611757391584,-200.0,110.88451993135747,125.0,40.0,-100.0,100.0,3.7999999999999996e-08,0.0,0.0,0.0
fixed,PPO-QP,20260806,45,285,57,107.86528344056185,-33.52690133497664,56.47309866502336,11.820070354979894,11.820070363399841,104.75473860808822,hard_qp_solution,-493.1988065660554,314.888077074135,-200.0,107.86528344056185,125.0,39.0,-100.0,100.0,3.7999999999999996e-08,0.0,0.0,0.0
fixed,PPO-QP,20260806,45,285,58,104.75473860808822,-33.17992963660016,56.82007036339984,7.039678601806636,7.039678610265238,102.90219160538683,hard_qp_solution,-506.2958374396286,303.06800671073523,-200.0,104.75473860808822,125.0,38.0,-100.0,100.0,3.7999999999999996e-08,0.0,0.0,0.0
fixed,PPO-QP,20260806,45,285,59,102.90219160538683,-37.96032138973476,52.03967861026524,5.519347265693302,5.519347274164191,101.44973179639625,hard_qp_solution,-514.0960353457397,296.02832810046993,-200.0,102.90219160538683,125.0,37.0,-100.0,100.0,3.7999999999999996e-08,0.0,0.0,0.0
fixed,PPO-QP,20260806,45,285,60,101.44973179639625,-39.48065272583581,50.51934727416419,-7.629366773982622,-7.6293667654053765,103.26170640318003,hard_qp_solution,-520.2116555941211,290.50898082630573,-200.0,101.44973179639625,125.0,36.0,-100.0,100.0,3.7999999999999996e-08,0.0,0.0,0.0
fixed,PPO-QP,20260806,45,285,61,103.26170640318003,-52.62936676540538,37.37063323459462,-4.036236089964502,-4.036236081416325,104.22031247251641,hard_qp_solution,-512.5822888287157,297.3944843320841,-200.0,103.26170640318003,125.0,35.0,-100.0,100.0,3.7999999999999996e-08,0.0,0.0,0.0
fixed,PPO-QP,20260806,45,285,62,104.22031247251641,-49.03623608141633,40.96376391858367,4.639381844292405,4.639381852770471,102.99942251126103,hard_qp_solution,-508.54605274729937,301.03718739556234,-200.0,104.22031247251641,125.0,34.0,-100.0,100.0,3.7999999999999996e-08,0.0,0.0,0.0
fixed,PPO-QP,20260806,45,285,63,102.99942251126103,-40.36061814722953,49.63938185277047,2.202763035651521,2.2027630441492483,102.4197480259586,hard_qp_solution,-513.6866420578483,296.3978055427919,-200.0,102.99942251126103,125.0,33.0,-100.0,100.0,3.7999999999999996e-08,0.0,0.0,0.0
fixed,PPO-QP,20260806,45,285,64,102.4197480259586,-42.79723695585075,47.20276304414925,-5.564372062425428,-5.5643720538649,103.7412863887515,hard_qp_solution,-516.1273767328059,294.19504249864264,-200.0,102.4197480259586,125.0,32.0,-100.0,100.0,3.7999999999999996e-08,0.0,0.0,0.0
fixed,PPO-QP,20260806,45,285,65,103.7412863887515,-50.5643720538649,39.4356279461351,-0.6046814766493064,-0.6046814681369831,103.88489823743404,hard_qp_solution,-510.56300467894107,299.2168882772557,-200.0,103.7412863887515,125.0,31.0,-100.0,100.0,3.7999999999999996e-08,0.0,0.0,0.0
fixed,PPO-QP,20260806,45,285,66,103.88489823743404,-45.60468146813698,44.39531853186302,-2.0480966172688757,-2.0480966087453925,104.37132118201107,hard_qp_solution,-509.95832321080405,299.76261330224935,-200.0,103.88489823743404,125.0,30.0,-100.0,100.0,3.7999999999999996e-08,0.0,0.0,0.0
fixed,PPO-QP,20260806,45,285,67,104.37132118201107,-47.04809660874539,42.95190339125461,-0.9581049223023625,-0.958104913816449,104.59887109904248,hard_qp_solution,-507.9102266020587,301.6110204916421,-200.0,104.37132118201107,125.0,29.0,-100.0,100.0,3.7999999999999996e-08,0.0,0.0,0.0
fixed,PPO-QP,20260806,45,285,68,104.59887109904248,-45.95810491381645,44.04189508618355,-5.582520007582499,-5.582519999126488,105.92471959883503,hard_qp_solution,-506.9521216882422,302.4757101763614,-200.0,104.59887109904248,125.0,28.0,-100.0,100.0,3.7999999999999996e-08,0.0,0.0,0.0
fixed,PPO-QP,20260806,45,285,69,105.92471959883503,-50.58251999912649,39.41748000087351,-6.313646370276994,-6.313646361819453,107.42421060976714,hard_qp_solution,-501.3696016891157,307.5139344755731,-200.0,105.92471959883503,125.0,27.0,-100.0,100.0,3.7999999999999996e-08,0.0,0.0,0.0
fixed,PPO-QP,20260806,45,285,70,107.42421060976714,-51.31364636181945,38.68635363818055,-14.972063599880828,-14.97206359138663,110.98007571272147,hard_qp_solution,-495.05595532729626,313.21200031711516,-200.0,107.42421060976714,125.0,26.0,-100.0,100.0,3.7999999999999996e-08,0.0,0.0,0.0
fixed,PPO-QP,20260806,45,285,71,110.98007571272147,-59.97206359138663,30.02793640861337,-6.659642238500364,-6.659642230058925,112.56174074236047,hard_qp_solution,-480.0838917359096,326.7242877083416,-200.0,110.98007571272147,125.0,25.0,-100.0,100.0,3.7999999999999996e-08,0.0,0.0,0.0
fixed,PPO-QP,20260806,45,285,72,112.56174074236047,-51.65964223005892,38.34035776994108,-4.808808739632344,-4.808808727280005,113.70383281508947,hard_qp_solution,-473.4242495058507,332.7346148209698,-200.0,112.56174074236047,125.0,24.0,-100.0,100.0,3.7999999999999996e-08,0.0,0.0,0.0
fixed,PPO-QP,20260806,45,285,73,113.70383281508947,-49.80880872728,40.19119127272,3.147395665769069,3.1473956781507613,112.87557079452348,hard_qp_solution,-468.6154407785707,337.07456469733995,-200.0,113.70383281508947,125.0,23.0,-100.0,100.0,3.7999999999999996e-08,0.0,0.0,0.0
fixed,PPO-QP,20260806,45,285,74,112.87557079452348,-41.85260432184924,48.14739567815076,6.4865283784933485,6.486528390613845,111.16858963909878,hard_qp_solution,-472.1028598125327,333.9271690191892,-200.0,112.87557079452348,125.0,22.0,-100.0,100.0,3.7999999999999996e-08,0.0,0.0,0.0
fixed,PPO-QP,20260806,45,285,75,111.16858963909878,-38.51347160938616,51.48652839061384,2.436066729318058,2.436066741090124,110.52751944407507,hard_qp_solution,-479.29014888800515,327.44064062857535,-200.0,111.16858963909878,125.0,21.0,-100.0,100.0,3.7999999999999996e-08,0.0,0.0,0.0
fixed,PPO-QP,20260806,45,285,76,110.52751944407507,-42.56393325890988,47.43606674109012,2.048552250208511,2.048552262099068,109.98842674352268,hard_qp_solution,-481.9893918144208,325.00457388748526,-200.0,110.52751944407507,125.0,20.0,-100.0,100.0,3.7999999999999996e-08,0.0,0.0,0.0
fixed,PPO-QP,20260806,45,285,77,109.98842674352268,-42.951447737900935,47.048552262099065,3.2252570424481473,3.225257054272141,109.13967488713527,hard_qp_solution,-484.25925581674664,322.95602162538614,-200.0,109.98842674352268,125.0,19.0,-100.0,100.0,3.7999999999999996e-08,0.0,0.0,0.0
fixed,PPO-QP,20260806,45,285,78,109.13967488713527,-41.77474294572786,48.22525705427214,0.9262201926912554,0.926220204612024,108.89593272802685,hard_qp_solution,-487.83294784364097,319.73076457111404,-200.0,109.13967488713527,125.0,18.0,-100.0,100.0,3.7999999999999996e-08,0.0,0.0,0.0
fixed,PPO-QP,20260806,45,285,79,108.89593272802685,-44.07377979538798,45.92622020461202,-2.7366860354538907,-2.7366860238017074,109.54589565867975,hard_qp_solution,-488.8592306188343,318.804544366502,-200.0,108.89593272802685,125.0,17.0,-100.0,100.0,3.7999999999999996e-08,0.0,0.0,0.0
fixed,PPO-QP,20260806,45,285,80,109.54589565867975,-47.73668602380171,42.26331397619829,-2.2332308695809115,-2.233230857958328,110.07628798744486,hard_qp_solution,-486.12254459503265,321.27440350298303,-200.0,109.54589565867975,125.0,16.0,-100.0,100.0,3.7999999999999996e-08,0.0,0.0,0.0
fixed,PPO-QP,20260806,45,285,81,110.07628798744486,-47.233230857958326,42.766769142041674,-7.920869932379839,-7.920869921038283,111.95749459369145,hard_qp_solution,-483.8893137370743,323.28989435229045,-200.0,110.07628798744486,125.0,15.0,-100.0,100.0,3.7999999999999996e-08,0.0,0.0,0.0
fixed,PPO-QP,20260806,45,285,82,111.95749459369145,-52.92086992103828,37.07913007896172,-2.806921807238329,-2.8069217956436794,112.62413852015682,hard_qp_solution,-475.96844381603603,330.4384794560275,-200.0,111.95749459369145,125.0,14.0,-100.0,100.0,3.7999999999999996e-08,0.0,0.0,0.0
fixed,PPO-QP,20260806,45,285,83,112.62413852015682,-47.80692179564368,42.19307820435632,-8.314974801157506,-8.314974789963658,114.59894503277319,hard_qp_solution,-473.16152202039234,332.9717263765959,-200.0,112.62413852015682,125.0,13.0,-100.0,100.0,3.7999999999999996e-08,0.0,0.0,0.0
fixed,PPO-QP,20260806,45,285,84,114.59894503277319,-53.31497478996366,36.68502521003634,-9.833172154967253,-9.833172143535442,116.93432341686285,hard_qp_solution,-464.8465472304287,340.4759911245381,-200.0,114.59894503277319,125.0,12.0,-100.0,100.0,3.7999999999999996e-08,0.0,0.0,0.0
fixed,PPO-QP,20260806,45,285,85,116.93432341686285,-54.83317214353544,35.16682785646456,-16.42826548368906,-16.428265472556735,120.83603646659508,hard_qp_solution,-455.0133750868933,349.3504289840788,-200.0,116.93432341686285,125.0,11.0,-100.0,100.0,3.7999999999999996e-08,0.0,0.0,0.0
fixed,PPO-QP,20260806,45,285,86,120.83603646659508,-61.42826547255673,28.571734527443265,-13.737514221397392,-13.73751420977384,124.09869609141636,hard_qp_solution,-438.58510961433655,364.17693857306125,-200.0,120.83603646659508,125.0,10.0,-100.0,100.0,3.7999999999999996e-08,0.0,0.0,0.0
fixed,PPO-QP,20260806,45,285,87,124.09869609141636,-58.73751420977384,31.262485790226158,-19.9493824779179,-19.94938246654135,128.83667442721992,hard_qp_solution,-424.84759540456275,376.5750451473821,-200.0,124.09869609141636,125.0,9.0,-100.0,100.0,3.7999999999999996e-08,0.0,0.0,0.0
fixed,PPO-QP,20260806,45,285,88,128.83667442721992,-64.94938246654135,25.05061753345865,-17.50943023436187,-17.509430222682493,132.99516410510702,hard_qp_solution,-404.8982129380214,394.57936282343564,-200.0,128.83667442721992,125.0,8.0,-100.0,100.0,3.7999999999999996e-08,0.0,0.0,0.0
fixed,PPO-QP,20260806,45,285,89,132.99516410510702,-62.5094302226825,27.490569777317507,-21.157245422965474,-21.157245411586985,138.02000989035892,hard_qp_solution,-387.3887827153389,410.3816235994067,-200.0,132.99516410510702,125.0,7.0,-100.0,100.0,3.7999999999999996e-08,0.0,0.0,0.0
fixed,PPO-QP,20260806,45,285,90,138.02000989035892,-66.15724541158698,23.842754588413015,-20.408097443302733,-20.408097431382053,142.86693303031217,hard_qp_solution,-366.2315373037519,429.4760375833639,-200.0,138.02000989035892,125.0,6.0,-100.0,100.0,3.7999999999999996e-08,0.0,0.0,0.0
fixed,PPO-QP,20260806,45,285,91,142.86693303031217,-65.40809743138206,24.591902568617947,-19.57324097033042,-19.57324095857898,147.51557775797468,hard_qp_solution,-345.8234398723698,428.8943455151862,-200.0,142.86693303031217,125.0,5.0,-100.0,100.0,3.7999999999999996e-08,0.0,0.0,0.0
fixed,PPO-QP,20260806,45,285,92,147.51557775797468,-64.57324095857898,25.42675904142102,-27.43310998231764,-27.43310997088915,154.03094137606087,hard_qp_solution,-237.60753963401243,356.3091954803038,-200.0,147.51557775797468,125.0,4.0,-100.0,100.0,3.7999999999999996e-08,0.0,0.0,0.0
fixed,PPO-QP,20260806,45,285,93,154.03094137606087,-72.43310997088915,17.56689002911085,-26.882836821354772,-26.882836809504184,160.4156151183181,hard_qp_solution,-99.3711055634003,290.81757722903126,-199.3711055634003,154.03094137606087,125.0,3.0,-100.0,100.0,3.7999999999999996e-08,0.0,0.0,0.0
fixed,PPO-QP,20260806,45,285,94,160.4156151183181,34.57933744960875,100.0,-34.554482745133456,34.57933744960875,151.31578947368422,hard_qp_solution,34.57933744960875,224.82933744960877,-65.42066255039126,160.4156151183181,125.0,2.0,-100.0,100.0,3.7999999999999996e-08,0.0,1.0,16.462174259112935
fixed,PPO-QP,20260806,45,285,95,151.31578947368422,100.0,100.0,-30.104807894068365,100.0,125.0,hard_qp_solution,100.00000000000003,100.00000000000003,2.842170943040401e-14,151.31578947368422,125.0,1.0,-100.0,100.0,3.7999999999999996e-08,1.0,1.0,20.420662550391256
