controller,seed,episode,update,transition,endpoint_minimum_violation_kw,endpoint_infeasible,feasible_state_violation,extra_excess_energy_kwh_step,power_lower_kw,power_upper_kw,ev_lower_fraction,ev_upper_fraction,base_load_minus_pv_kw,lighting_kw,day,step,soc_kwh,target_kwh,remaining_steps,physical_lower_kw,physical_upper_kw,terminal_lower_kw,terminal_upper_kw,terminal_physical_gap_kw,tolerance_kw,terminal_roundoff_repair,terminal_ramp_relaxation,terminal_ramp_gap_kw,terminal_target_conflict_step
PPO-QP-no-penalty,20260806,0,1,93,0,0,0,0.0,-100.0,-79.80720890497678,0.0,1.9728759366917833e-11,111.81848596317624,30.0,207,92,34.795787885068016,125.0,4,-100.0,37.22399396325846,-712.2171812041457,-79.80720890497678,-20.192791095023225,3.7999999999999996e-08,0,1,41.545278547626786,0
PPO-QP-no-penalty,20260806,1,1,190,0,0,0,0.0,-100.0,-59.60077653706776,0.0,1.9835703450136558e-11,96.15816401928808,30.0,9,93,63.34481557244641,125.0,3,-100.0,100.0,-481.2074247365138,-59.60077653706776,-40.39922346293224,3.7999999999999996e-08,0,1,12.597309433509409,0
PPO-QP-no-penalty,20260806,2,1,286,0,0,0,0.0,-100.0,-72.8927741070279,0.0,1.9904289327854485e-11,105.16110436655725,30.0,4,93,60.18796614958087,125.0,3,-100.0,100.0,-494.499422306474,-72.8927741070279,-27.107225892972096,3.7999999999999996e-08,0,1,29.91687255509158,0
PPO-QP-no-penalty,20260806,3,1,382,0,0,0,0.0,88.45346663464031,100.0,0.0,1.9977530740789007e-11,72.30693989180492,30.0,42,93,200.9088070091159,125.0,3,-100.0,100.0,88.45346663464031,468.95346663464034,-11.546533365359693,3.7999999999999996e-08,0,1,60.747961796526205,0
PPO-QP-no-penalty,20260806,4,1,477,0,0,0,0.0,79.99999998673945,100.0,0.0,1.932161467858388e-11,103.71614153679448,30.0,125,92,224.99999999651038,125.0,4,-1.469312624785265e-08,100.0,79.99999998673945,650.7499999867395,-20.000000013260546,3.7999999999999996e-08,0,1,45.42620315491846,0
PPO-QP-no-penalty,20260806,6,2,670,0,0,0,0.0,99.99999993640891,100.0,0.0,2.0011747814407953e-11,72.84750702871138,30.0,14,93,203.94736840431815,125.0,3,-88.64265935023936,100.0,99.99999993640891,480.499999936409,-6.35910879509538e-08,3.7999999999999996e-08,0,1,55.578588744787794,0
PPO-QP-no-penalty,20260806,7,2,765,0,0,0,0.0,80.0,100.0,0.0,1.9561526472718547e-11,97.38139037467363,30.0,112,92,225.0,125.0,4,-0.0,100.0,80.0,650.75,-20.0,3.7999999999999996e-08,0,1,35.00000003124162,0
PPO-QP-no-penalty,20260806,8,2,861,0,0,0,0.0,80.0,100.0,0.0,1.9527387114711323e-11,97.11329274490448,30.0,224,92,225.0,125.0,4,-0.0,100.0,80.0,650.75,-20.0,3.7999999999999996e-08,0,1,57.99120020754907,0
PPO-QP-no-penalty,20260806,10,3,1053,0,0,0,0.0,50.798445163344695,100.0,0.0,1.9692458774756005e-11,88.64779970570982,30.0,89,92,217.31538030614334,125.0,4,-32.35629344781752,100.0,50.798445163344695,621.5484451633447,-49.201554836655305,3.7999999999999996e-08,0,1,34.85569927581962,0
PPO-QP-no-penalty,20260806,10,3,1054,0,0,0,0.0,99.99999999999991,100.0,0.0,1.9692458774756005e-11,93.0802710230249,30.0,89,93,203.94736842105263,125.0,3,-88.6426592797784,100.0,99.99999999999991,480.5,-8.526512829121202e-14,3.7999999999999996e-08,0,1,4.20155483665522,0
PPO-QP-no-penalty,20260806,11,3,1150,0,0,0,0.0,-100.0,-100.0,0.0,2.006093809588568e-11,77.44550971994893,30.0,41,93,53.75,125.0,3,-100.0,100.0,-521.6066481994461,-100.0,0.0,3.7999999999999996e-08,0,1,63.90268892195935,0
PPO-QP-no-penalty,20260806,12,3,1247,0,0,0,0.0,-100.0,-96.07857068222398,0.0,1.989733933172033e-11,101.33264597924469,30.0,232,94,78.4313394629718,125.0,2,-100.0,100.0,-306.88189478194704,-96.07857068222398,-3.921429317776017,3.7999999999999996e-08,0,1,55.63761736136361,0
PPO-QP-no-penalty,20260806,13,3,1342,0,0,0,0.0,-100.0,-91.35591767147727,0.0,2.0085448119525987e-11,99.78115727120958,30.0,191,93,55.80296955302415,125.0,3,-100.0,100.0,-512.9625658709233,-91.35591767147727,-8.644082328522728,3.7999999999999996e-08,0,1,17.921776177542924,0
PPO-QP-no-penalty,20260806,14,3,1437,0,0,0,0.0,-100.0,-80.93502425671578,0.0,0.0,105.40884051002003,30.0,169,92,34.52793173903,125.0,4,-100.0,36.20614060831401,-713.3449965558848,-80.93502425671578,-19.064975743284222,3.7999999999999996e-08,0,1,40.538258571423874,0
PPO-QP-no-penalty,20260806,15,3,1536,0,0,0,0.0,99.999999998036,99.999999998036,0.0,0.0,93.67462378534276,30.0,71,95,151.31578947316737,125.0,1,-100.0,100.0,99.999999998036,99.999999998036,0.0,3.7999999999999996e-08,0,1,75.9294380259507,0
PPO-QP-no-penalty,20260806,16,4,1629,0,0,0,0.0,-100.0,-61.023721063022315,0.0,1.9962242969739918e-11,103.92254966074705,30.0,229,92,39.2568662475322,125.0,4,-100.0,54.17609174062236,-693.4336933621913,-61.023721063022315,-38.976278936977685,3.7999999999999996e-08,0,1,6.979248030741623,0
PPO-QP-no-penalty,20260806,17,4,1726,0,0,0,0.0,-100.0,-43.757389807434194,0.0,2.0002743905678245e-11,115.26966085518991,30.0,198,93,67.10761992073438,125.0,3,-100.0,100.0,-465.36403800688026,-43.757389807434194,-56.242610192565806,3.7999999999999996e-08,0,1,32.40115662576726,0
PPO-QP-no-penalty,20260806,17,4,1727,0,0,0,0.0,-100.0,-100.0,0.0,1.983793129767264e-11,106.97702640405747,30.0,198,94,77.5,125.0,2,-100.0,100.0,-310.80332409972306,-100.0,0.0,3.7999999999999996e-08,0,1,11.242610192565806,0
PPO-QP-no-penalty,20260806,18,4,1821,0,0,0,0.0,-100.0,-90.49265124025274,0.0,1.9956765869485102e-11,109.97109181636901,30.0,185,92,32.257995330439975,125.0,4,-100.0,27.580382255671903,-722.9026235394218,-90.49265124025274,-9.50734875974726,3.7999999999999996e-08,0,1,31.24176950176824,0
PPO-QP-no-penalty,20260806,19,4,1918,0,0,0,0.0,-100.0,-71.94402099312215,0.0,0.0,110.8019174029225,30.0,212,93,60.41329501413349,125.0,3,-100.0,100.0,-493.5506691925682,-71.94402099312215,-28.05597900687785,3.7999999999999996e-08,0,1,12.195380170291628,0
PPO-QP-no-penalty,20260806,21,5,2109,0,0,0,0.0,-100.0,-100.0,0.0,1.9963090439982048e-11,109.23909068749569,30.0,157,92,30.0,125.0,4,-100.0,19.0,-732.409972299169,-100.0,0.0,3.7999999999999996e-08,0,1,45.78978793126741,0
PPO-QP-no-penalty,20260806,22,5,2205,0,0,0,0.0,-100.0,-89.00848477743901,0.0,1.9981309199816148e-11,108.13271811924119,30.0,232,92,32.61048486535824,125.0,4,-100.0,28.919842488361304,-721.418457076608,-89.00848477743901,-10.991515222560992,3.7999999999999996e-08,0,1,62.9592347472865,0
PPO-QP-no-penalty,20260806,23,5,2303,0,0,0,0.0,99.99999994360631,100.0,0.0,1.9969951618274233e-11,107.53891596635177,30.0,233,94,177.631578932528,125.0,2,-100.0,100.0,99.99999994360631,290.2499999436063,-5.639368794163602e-08,3.7999999999999996e-08,0,1,49.34430262536865,0
PPO-QP-no-penalty,20260806,24,5,2397,0,0,0,0.0,-100.0,-64.50583421345851,0.0,1.4304113449270517e-11,101.49658100152236,30.0,177,92,38.429864374303605,125.0,4,-100.0,51.0334846223537,-696.9158065126275,-64.50583421345851,-35.49416578654149,3.7999999999999996e-08,0,1,10.41807337835803,0
PPO-QP-no-penalty,20260806,25,5,2493,0,0,0,0.0,-100.0,-100.0,0.0,1.9945719150390082e-11,93.95418866591038,30.0,94,92,30.0,125.0,4,-100.0,19.0,-732.409972299169,-100.0,0.0,3.7999999999999996e-08,0,1,33.94736842105263,0
PPO-QP-no-penalty,20260806,26,6,2591,0,0,0,0.0,99.9999999665252,100.0,0.0,1.998035440801497e-11,94.53210385971187,30.0,224,94,177.63157893855927,125.0,2,-100.0,100.0,99.9999999665252,290.2499999665252,-3.3474805150035536e-08,3.7999999999999996e-08,0,1,77.35763501010057,0
PPO-QP-no-penalty,20260806,27,6,2687,0,0,0,0.0,100.0,100.0,0.0,1.9587342858784496e-11,90.42961966506067,30.0,72,94,177.63157894736844,125.0,2,-100.0,100.0,100.00000000000003,290.25000000000006,2.842170943040401e-14,3.7999999999999996e-08,1,1,45.3895480806968,0
PPO-QP-no-penalty,20260806,27,6,2688,0,0,0,0.0,100.0,100.0,1.1102230246251566e-17,1.1102230246251566e-17,82.25336332736374,30.0,72,95,151.31578947368422,125.0,1,-100.0,100.0,100.00000000000003,100.00000000000003,2.842170943040401e-14,3.7999999999999996e-08,1,0,0.0,0
PPO-QP-no-penalty,20260806,29,6,2880,0,0,0,0.0,55.75015241108869,55.75015241108869,1.9796923359886403e-11,1.9796923359886403e-11,103.52484058826954,30.0,219,95,139.67109273976018,125.0,1,-100.0,100.0,55.75015241108869,55.75015241108869,0.0,3.7999999999999996e-08,0,1,4.873654509018657,0
PPO-QP-no-penalty,20260806,30,6,2975,0,0,0,0.0,12.939490869933927,100.0,0.0,2.0190057033649585e-11,83.61428885308872,30.0,63,94,154.72091864998262,125.0,2,-100.0,100.0,12.939490869933927,203.18949086993396,-87.06050913006607,3.7999999999999996e-08,0,1,21.504092132910998,0
PPO-QP-no-penalty,20260806,30,6,2976,0,0,0,0.0,99.99999998249088,99.99999998249088,2.0190057033649585e-11,2.0190057033649585e-11,84.8263551992391,30.0,63,95,151.31578946907655,125.0,1,-100.0,100.0,99.99999998249088,99.99999998249088,0.0,3.7999999999999996e-08,0,1,42.06050909504777,0
PPO-QP-no-penalty,20260806,31,6,3071,0,0,0,0.0,-100.0,-84.4532760240626,0.0,1.9703024397207023e-11,94.34652088573726,30.0,100,94,81.19234694428513,125.0,2,-100.0,100.0,-295.25660012378563,-84.4532760240626,-15.546723975937397,3.7999999999999996e-08,0,1,75.87812429611782,0
PPO-QP-no-penalty,20260806,32,7,3167,0,0,0,0.0,99.99999996408941,100.0,0.0,1.9987082359544198e-11,117.14602300204837,30.0,195,94,177.63157893791828,125.0,2,-100.0,100.0,99.99999996408941,290.24999996408945,-3.5910588280785305e-08,3.7999999999999996e-08,0,1,72.3086752256995,0
PPO-QP-no-penalty,20260806,33,7,3263,0,0,0,0.0,-100.0,-100.0,0.0,1.9714530008485555e-11,111.14380741557956,30.0,220,94,77.5,125.0,2,-100.0,100.0,-310.80332409972306,-100.0,0.0,3.7999999999999996e-08,0,1,18.56143544138466,0
PPO-QP-no-penalty,20260806,34,7,3357,0,0,0,0.0,-100.0,-100.0,0.0,1.9847986217532328e-11,100.89617127432541,30.0,141,92,30.0,125.0,4,-100.0,19.0,-732.409972299169,-100.0,0.0,3.7999999999999996e-08,0,1,33.94736842105263,0
PPO-QP-no-penalty,20260806,35,7,3455,0,0,0,0.0,-100.0,-98.9214527215563,0.0,1.995643650332113e-11,96.47664528576733,30.0,26,94,77.75615497863038,125.0,2,-100.0,100.0,-309.72477682127936,-98.9214527215563,-1.0785472784436934,3.7999999999999996e-08,0,1,59.29706180792865,0
PPO-QP-no-penalty,20260806,36,7,3549,0,0,0,0.0,-100.0,-100.0,0.0,0.0,107.24698631088836,30.0,156,92,30.0,125.0,4,-100.0,19.0,-732.409972299169,-100.0,0.0,3.7999999999999996e-08,0,1,33.94736842105263,0
PPO-QP-no-penalty,20260806,37,8,3646,0,0,0,0.0,-100.0,-36.83344560065956,0.0,1.989961898966423e-11,95.98202910859557,30.0,58,93,68.75205666984336,125.0,3,-100.0,100.0,-458.4400938001056,-36.83344560065956,-63.16655439934044,3.7999999999999996e-08,0,1,20.14568440711122,0
PPO-QP-no-penalty,20260806,37,8,3647,0,0,0,0.0,-100.0,-94.86581030356373,0.0,1.989961898966423e-11,99.42323290786734,30.0,58,94,78.71937005290361,125.0,2,-100.0,100.0,-305.66913440328676,-94.86581030356373,-5.134189696436266,3.7999999999999996e-08,0,1,7.898175006467923,0
PPO-QP-no-penalty,20260806,38,8,3742,0,0,0,0.0,-100.0,-100.0,0.0,1.9922360057951966e-11,104.08615387966258,30.0,194,93,53.75,125.0,3,-100.0,100.0,-521.6066481994461,-100.0,0.0,3.7999999999999996e-08,0,1,26.243771886719713,0
PPO-QP-no-penalty,20260806,39,8,3838,0,0,0,0.0,-100.0,-55.11427676295835,0.0,1.9905806632654808e-11,87.03497415625367,30.0,84,93,64.4103592687974,125.0,3,-100.0,100.0,-476.7209249624044,-55.11427676295835,-44.88572323704165,3.7999999999999996e-08,0,1,20.8079397044475,0
PPO-QP-no-penalty,20260806,40,8,3933,0,0,0,0.0,32.01486335799335,100.0,0.0,1.9879468441767283e-11,102.9635056064629,30.0,189,92,212.37233246262983,125.0,4,-53.16912647313757,100.0,32.01486335799335,602.7648633579934,-67.98513664200665,3.7999999999999996e-08,0,1,22.576193480045553,0
PPO-QP-no-penalty,20260806,40,8,3934,0,0,0,0.0,99.99999994699996,100.0,0.0,1.9879468441767283e-11,111.13810535641457,30.0,189,93,203.94736840710527,125.0,3,-88.64265933850412,100.0,99.99999994699996,480.499999947,-5.300003635966277e-08,3.7999999999999996e-08,0,1,22.985136536006678,0
PPO-QP-no-penalty,20260806,41,8,4029,0,0,0,0.0,-100.0,-100.0,0.0,1.949698550755367e-11,93.83291616695745,30.0,124,92,30.0,125.0,4,-100.0,19.0,-732.409972299169,-100.0,0.0,3.7999999999999996e-08,0,1,33.94736842105263,0
PPO-QP-no-penalty,20260806,42,9,4126,0,0,0,0.0,-100.0,-47.305774582102316,0.0,1.9985613164408277e-11,93.05624500225221,30.0,75,93,66.2648785367507,125.0,3,-100.0,100.0,-468.9124227815484,-47.305774582102316,-52.694225417897684,3.7999999999999996e-08,0,1,15.559536071171387,0
PPO-QP-no-penalty,20260806,42,9,4127,0,0,0,0.0,-100.0,-100.0,0.0,1.9985613164408277e-11,89.04681828971898,30.0,75,94,77.5,125.0,2,-100.0,100.0,-310.80332409972306,-100.0,0.0,3.7999999999999996e-08,0,1,7.694225417897684,0
PPO-QP-no-penalty,20260806,43,9,4222,0,0,0,0.0,-100.0,-58.64461116499788,0.0,0.0,107.7041036294139,30.0,207,93,63.571904848313004,125.0,3,-100.0,100.0,-480.2512593644439,-58.64461116499788,-41.35538883500212,3.7999999999999996e-08,0,1,25.4010601725575,0
PPO-QP-no-penalty,20260806,44,9,4317,0,0,0,0.0,-100.0,-70.28515656275246,0.0,1.977120319314925e-11,102.02181808763575,30.0,44,92,37.05727531634629,125.0,4,-100.0,45.81764620211591,-702.6951288619215,-70.28515656275246,-29.714843437247538,3.7999999999999996e-08,0,1,2.3581819337927215,0
PPO-QP-no-penalty,20260806,45,9,4413,0,0,0,0.0,-100.0,-100.0,0.0,1.9903186506316692e-11,105.7846855565606,30.0,4,92,30.0,125.0,4,-100.0,19.0,-732.409972299169,-100.0,0.0,3.7999999999999996e-08,0,1,33.94736842105263,0
PPO-QP-no-penalty,20260806,46,9,4508,0,0,0,0.0,-100.0,-21.05263157894737,0.0,1.9854188663496567e-11,90.6692644260116,30.0,49,91,25.0,125.0,5,-100.0,0.0,-842.1052631578948,-21.05263157894737,-78.94736842105263,3.7999999999999996e-08,0,1,4.725320002132779,0
PPO-QP-no-penalty,20260806,46,9,4509,0,0,0,0.0,-100.0,-100.0,0.0,1.9854188663496567e-11,83.30942638550725,30.0,49,92,30.0,125.0,4,-100.0,19.0,-732.409972299169,-100.0,0.0,3.7999999999999996e-08,0,1,33.94736842105263,0
PPO-QP-no-penalty,20260806,47,9,4606,0,0,0,0.0,75.60562176884852,100.0,0.0,1.9653549158486308e-11,96.32662082951012,30.0,62,93,197.52779520232858,125.0,3,-100.0,100.0,75.60562176884852,456.10562176884855,-24.394378231151478,3.7999999999999996e-08,0,1,53.715712803082916,0
PPO-QP-no-penalty,20260806,48,10,4702,0,0,0,0.0,-100.0,-84.16534753029163,0.0,2.008347562328557e-11,106.69589121017174,30.0,199,93,57.51072996155574,125.0,3,-100.0,100.0,-505.7719957297377,-84.16534753029163,-15.834652469708374,3.7999999999999996e-08,0,1,55.20398595989204,0
PPO-QP-no-penalty,20260806,49,10,4797,0,0,0,0.0,-100.0,-82.42431850062178,0.0,2.0002381232823532e-11,100.9288157550295,30.0,155,92,34.17422435610233,125.0,4,-100.0,34.862052553188846,-714.8342907997909,-82.42431850062178,-17.57568149937822,3.7999999999999996e-08,0,1,6.115942389848826,0
PPO-QP-no-penalty,20260806,50,10,4895,0,0,0,0.0,-100.0,-100.0,0.0,1.9570052985547667e-11,97.12876099946345,30.0,115,94,77.5,125.0,2,-100.0,100.0,-310.80332409972306,-100.0,0.0,3.7999999999999996e-08,0,1,65.13496921544288,0
PPO-QP-no-penalty,20260806,51,10,4989,0,0,0,0.0,79.99999993840197,100.0,0.0,1.4802973661668754e-17,107.26565595594029,30.0,39,92,224.99999998379,125.0,4,-6.825267088348291e-08,100.0,79.99999993840197,650.749999938402,-20.00000006159803,3.7999999999999996e-08,0,1,34.99999992810565,0
PPO-QP-no-penalty,20260806,52,10,5086,0,0,0,0.0,-100.0,-45.8477674982214,0.0,2.0100728489088245e-11,111.13810535641457,30.0,189,93,66.61115521917242,125.0,3,-100.0,100.0,-467.45441569766746,-45.8477674982214,-54.1522325017786,3.7999999999999996e-08,0,1,2.252362706647169,0
PPO-QP-no-penalty,20260806,52,10,5087,0,0,0,0.0,-100.0,-100.0,0.0,1.9802300540069003e-11,111.60525712456784,30.0,189,94,77.5,125.0,2,-100.0,100.0,-310.80332409972306,-100.0,0.0,3.7999999999999996e-08,0,1,9.152232501778599,0
PPO-QP-no-penalty,20260806,53,11,5181,0,0,0,0.0,-100.0,-100.0,0.0,1.9940434488792866e-11,103.60264311293285,30.0,198,92,30.0,125.0,4,-100.0,19.0,-732.409972299169,-100.0,0.0,3.7999999999999996e-08,0,1,33.94736842105263,0
PPO-QP-no-penalty,20260806,54,11,5277,0,0,0,0.0,79.99999997968938,100.0,0.0,1.934937765568634e-11,109.65240546778003,30.0,206,92,224.9999999946551,125.0,4,-2.250484804359363e-08,100.0,79.99999997968938,650.7499999796894,-20.000000020310623,3.7999999999999996e-08,0,1,34.99999995937879,0
PPO-QP-no-penalty,20260806,55,11,5373,0,0,0,0.0,-100.0,-100.0,0.0,1.985597982330963e-11,97.15497237735016,30.0,17,92,30.0,125.0,4,-100.0,19.0,-732.409972299169,-100.0,0.0,3.7999999999999996e-08,0,1,40.65000689481829,0
PPO-QP-no-penalty,20260806,56,11,5469,0,0,0,0.0,-100.0,-84.93709492621335,0.0,2.2204460492503132e-17,115.68383100969456,30.0,208,92,33.57743995502433,125.0,4,-100.0,32.594271829092456,-717.3470672253823,-84.93709492621335,-15.062905073786652,3.7999999999999996e-08,0,1,3.821558273479326,0
PPO-QP-no-penalty,20260806,57,11,5566,0,0,0,0.0,99.99999999999991,100.0,0.0,1.977306096634379e-11,95.34226821255214,30.0,121,93,203.94736842105263,125.0,3,-88.6426592797784,100.0,99.99999999999991,480.5,-8.526512829121202e-14,3.7999999999999996e-08,0,1,36.90244786931552,0
PPO-QP-no-penalty,20260806,58,12,5661,0,0,0,0.0,-100.0,-65.76211298530217,0.0,1.9895041170059358e-11,104.00758986645744,30.0,9,92,38.131498165990735,125.0,4,-100.0,49.89969303076479,-698.1720852844712,-65.76211298530217,-34.23788701469783,3.7999999999999996e-08,0,1,9.94422732591481,0
PPO-QP-no-penalty,20260806,60,12,5853,0,0,0,0.0,-100.0,-100.0,0.0,1.9931415777089494e-11,90.43588685788883,30.0,93,92,30.0,125.0,4,-100.0,19.0,-732.409972299169,-100.0,0.0,3.7999999999999996e-08,0,1,33.94736842105263,0
PPO-QP-no-penalty,20260806,61,12,5952,0,0,0,0.0,100.0,100.0,0.0,0.0,111.29242176433362,30.0,189,95,151.31578947368422,125.0,1,-100.0,100.0,100.00000000000003,100.00000000000003,2.842170943040401e-14,3.7999999999999996e-08,1,1,65.37970527999015,0
PPO-QP-no-penalty,20260806,62,12,6045,0,0,0,0.0,-100.0,-100.0,0.0,1.9836158641576655e-11,94.14081101762508,30.0,115,92,30.0,125.0,4,-100.0,19.0,-732.409972299169,-100.0,0.0,3.7999999999999996e-08,0,1,33.94736842105263,0
PPO-QP-no-penalty,20260806,63,12,6141,0,0,0,0.0,-100.0,-100.0,0.0,0.0,105.45166917558011,30.0,213,92,30.0,125.0,4,-100.0,19.0,-732.409972299169,-100.0,0.0,3.7999999999999996e-08,0,1,33.94736842105263,0
PPO-QP-no-penalty,20260806,64,13,6237,0,0,0,0.0,-100.0,-90.64465046308271,0.0,1.996227627643066e-11,93.19234625977204,30.0,43,92,32.221895515017856,125.0,4,-100.0,27.44320295706785,-723.0546227622517,-90.64465046308271,-9.355349536917288,3.7999999999999996e-08,0,1,37.90497469816036,0
PPO-QP-no-penalty,20260806,65,13,6334,0,0,0,0.0,-100.0,-75.01727364178575,0.0,1.986113125814389e-11,99.3009107073132,30.0,32,93,59.683397510075885,125.0,3,-100.0,100.0,-496.62392184123183,-75.01727364178575,-24.98272635821425,3.7999999999999996e-08,0,1,30.34211539389245,0
PPO-QP-no-penalty,20260806,66,13,6429,0,0,0,0.0,42.38039252712049,100.0,0.0,1.9476797952222568e-11,102.62518138191051,30.0,134,92,215.10010329661065,125.0,4,-41.6837755932183,100.0,42.38039252712049,613.1303925271204,-57.61960747287951,3.7999999999999996e-08,0,1,19.903702035983873,0
PPO-QP-no-penalty,20260806,66,13,6430,0,0,0,0.0,99.99999999999991,100.0,0.0,1.9476797952222568e-11,102.53696747123217,30.0,134,93,203.94736842105263,125.0,3,-88.6426592797784,100.0,99.99999999999991,480.5,-8.526512829121202e-14,3.7999999999999996e-08,0,1,12.619607472879423,0
PPO-QP-no-penalty,20260806,67,13,6526,0,0,0,0.0,-100.0,-100.0,0.0,1.9961932107293024e-11,96.15816401928808,30.0,9,93,53.75,125.0,3,-100.0,100.0,-521.6066481994461,-100.0,0.0,3.7999999999999996e-08,0,1,59.42236179422842,0
PPO-QP-no-penalty,20260806,68,13,6623,0,0,0,0.0,98.14630755124017,100.0,0.0,1.9358152118324294e-11,113.58835657207044,30.0,165,94,177.1437651450632,125.0,2,-100.0,100.0,98.14630755124017,288.39630755124017,-1.8536924487598299,3.7999999999999996e-08,0,1,99.5564536211839,0
PPO-QP-no-penalty,20260806,68,13,6624,0,0,0,0.0,100.0,100.0,1.9358152118324294e-11,1.9358152118324294e-11,115.50746958334938,30.0,165,95,151.31578947368422,125.0,1,-100.0,100.0,100.00000000000003,100.00000000000003,2.842170943040401e-14,3.7999999999999996e-08,1,0,0.0,0
PPO-QP-no-penalty,20260806,69,14,6717,0,0,0,0.0,-100.0,-100.0,0.0,2.0000438342530438e-11,91.87996057561233,30.0,84,92,30.0,125.0,4,-100.0,19.0,-732.409972299169,-100.0,0.0,3.7999999999999996e-08,0,1,33.94736842105263,0
PPO-QP-no-penalty,20260806,70,14,6815,0,0,0,0.0,-100.0,-100.0,0.0,1.966579121770451e-11,109.7006032391297,30.0,227,94,77.5,125.0,2,-100.0,100.0,-310.80332409972306,-100.0,0.0,3.7999999999999996e-08,0,1,40.468295945843835,0
PPO-QP-no-penalty,20260806,72,14,7005,0,0,0,0.0,-100.0,-100.0,0.0,1.9952798672543775e-11,93.83291616695745,30.0,124,92,30.0,125.0,4,-100.0,19.0,-732.409972299169,-100.0,0.0,3.7999999999999996e-08,0,1,33.94736842105263,0
PPO-QP-no-penalty,20260806,73,14,7101,0,0,0,0.0,-100.0,-86.44577778215607,0.0,0.0,83.44779529038792,30.0,14,92,33.219127776737935,125.0,4,-100.0,31.23268555160415,-718.855750081325,-86.44577778215607,-13.554222217843929,3.7999999999999996e-08,0,1,65.45633002715117,0
PPO-QP-no-penalty,20260806,75,15,7295,0,0,0,0.0,99.99999998093747,100.0,0.0,1.9671460756616928e-11,107.58971472481791,30.0,38,94,177.63157894235198,125.0,2,-100.0,100.0,99.99999998093747,290.2499999809375,-1.906252578010026e-08,3.7999999999999996e-08,0,1,9.013133095746582,0
PPO-QP-no-penalty,20260806,76,15,7389,0,0,0,0.0,79.99999999830264,100.0,0.0,0.0,85.8202729697167,30.0,61,92,224.99999999955332,125.0,4,-1.8807393069820186e-09,100.0,79.99999999830264,650.7499999983027,-20.00000000169736,3.7999999999999996e-08,0,1,35.00000007383353,0
PPO-QP-no-penalty,20260806,77,15,7485,0,0,0,0.0,-100.0,-84.44180836146629,0.0,1.9860350401283237e-11,100.89617127432541,30.0,141,92,33.69507051415176,125.0,4,-100.0,33.04126795377668,-716.8517806606353,-84.44180836146629,-15.558191638533714,3.7999999999999996e-08,0,1,38.82165072825653,0
PPO-QP-no-penalty,20260806,78,15,7584,0,0,0,0.0,-100.0,-100.0,2.003439266336689e-11,2.003439266336689e-11,106.50042626761032,30.0,142,95,101.25,125.0,1,-100.0,100.0,-100.0,-100.0,0.0,3.7999999999999996e-08,0,1,20.70518956724156,0
PPO-QP-no-penalty,20260806,79,15,7678,0,0,0,0.0,99.999999970176,100.0,0.0,1.9542826616240442e-11,101.70442983329418,30.0,228,93,203.94736841320423,125.0,3,-88.64265931282429,100.0,99.999999970176,480.4999999701761,-2.9823993941135996e-08,3.7999999999999996e-08,0,1,10.517734400028715,0
PPO-QP-no-penalty,20260806,80,16,7773,0,0,0,0.0,-100.0,-100.0,0.0,1.9863414616831203e-11,96.01676559852008,30.0,37,92,30.0,125.0,4,-100.0,19.0,-732.409972299169,-100.0,0.0,3.7999999999999996e-08,0,1,33.94736842105263,0
PPO-QP-no-penalty,20260806,81,16,7870,0,0,0,0.0,99.99999999999991,100.0,0.0,1.9334152797275315e-11,98.55318654268454,30.0,185,93,203.94736842105263,125.0,3,-88.6426592797784,100.0,99.99999999999991,480.5,-8.526512829121202e-14,3.7999999999999996e-08,0,1,63.253588036257554,0
PPO-QP-no-penalty,20260806,83,16,8061,0,0,0,0.0,71.18924114236732,100.0,0.0,1.9394615543196398e-11,100.69676510316452,30.0,2,92,222.6813792479914,125.0,4,-9.762613692667784,100.0,71.18924114236732,641.9392411423673,-28.810758857632678,3.7999999999999996e-08,0,1,30.155633629476192,0
PPO-QP-no-penalty,20260806,84,16,8157,0,0,0,0.0,45.976579697476446,100.0,0.0,0.0,105.4474935426842,30.0,52,92,216.04646834144117,125.0,4,-37.69908066761613,100.0,45.976579697476446,616.7265796974764,-54.023420302523554,3.7999999999999996e-08,0,1,17.021520242219154,0
PPO-QP-no-penalty,20260806,84,16,8158,0,0,0,0.0,99.99999998014722,100.0,0.0,0.0,109.19146160138277,30.0,52,93,203.94736841582824,125.0,3,-88.64265930177585,100.0,99.99999998014722,480.49999998014727,-1.9852777199957927e-08,3.7999999999999996e-08,0,1,9.02342026281812,0
PPO-QP-no-penalty,20260806,86,17,8348,0,0,0,0.0,-100.0,-21.05263157894737,0.0,1.9724362883740317e-11,111.81547870985146,30.0,129,91,25.0,125.0,5,-100.0,0.0,-842.1052631578948,-21.05263157894737,-78.94736842105263,3.7999999999999996e-08,0,1,7.326084587507253,0
PPO-QP-no-penalty,20260806,86,17,8349,0,0,0,0.0,-100.0,-100.0,0.0,1.9724362883740317e-11,99.79980532597651,30.0,129,92,30.0,125.0,4,-100.0,19.0,-732.409972299169,-100.0,0.0,3.7999999999999996e-08,0,1,33.94736842105263,0
PPO-QP-no-penalty,20260806,87,17,8446,0,0,0,0.0,51.35107863140736,100.0,0.0,0.0,92.62189690926756,30.0,61,93,191.14502069247564,125.0,3,-100.0,100.0,51.35107863140736,431.8510786314074,-48.64892136859264,3.7999999999999996e-08,0,1,3.1479244378822244,0
PPO-QP-no-penalty,20260806,87,17,8447,0,0,0,0.0,99.40480439920472,100.0,0.0,0.0,90.68469473010323,30.0,61,94,177.47494852610652,125.0,2,-100.0,100.0,99.40480439920472,289.65480439920475,-0.5951956007952788,3.7999999999999996e-08,0,1,2.45853016700201,0
PPO-QP-no-penalty,20260806,88,17,8542,0,0,0,0.0,99.9999999638113,100.0,0.0,2.0152231735200605e-11,82.5547321212297,30.0,20,93,203.9473684115293,125.0,3,-88.64265931987659,100.0,99.9999999638113,480.4999999638114,-3.618869470756181e-08,3.7999999999999996e-08,0,1,63.74154380556867,0
PPO-QP-no-penalty,20260806,89,17,8637,0,0,0,0.0,-100.0,-100.0,0.0,1.988476790633816e-11,81.88761466839229,30.0,41,92,30.0,125.0,4,-100.0,19.0,-732.409972299169,-100.0,0.0,3.7999999999999996e-08,0,1,33.94736842105263,0
PPO-QP-no-penalty,20260806,90,18,8733,0,0,0,0.0,-100.0,-100.0,0.0,1.9915369353640246e-11,105.46834623074572,30.0,204,92,30.0,125.0,4,-100.0,19.0,-732.409972299169,-100.0,0.0,3.7999999999999996e-08,0,1,33.94736842105263,0
PPO-QP-no-penalty,20260806,91,18,8829,0,0,0,0.0,-100.0,-100.0,0.0,1.9903915552769527e-11,100.54978970845178,30.0,29,92,30.0,125.0,4,-100.0,19.0,-732.409972299169,-100.0,0.0,3.7999999999999996e-08,0,1,66.94312165940038,0
PPO-QP-no-penalty,20260806,92,18,8927,0,0,0,0.0,-100.0,-49.26453310860295,0.0,1.959001109478701e-11,94.05197713050227,30.0,71,94,89.5496733867068,125.0,2,-100.0,100.0,-260.06785720832596,-49.26453310860295,-50.73546689139705,3.7999999999999996e-08,0,1,12.547968812893373,0
PPO-QP-no-penalty,20260806,92,18,8928,0,0,0,0.0,-100.0,-100.0,1.959001109478701e-11,1.959001109478701e-11,93.67462378534276,30.0,71,95,101.25,125.0,1,-100.0,100.0,-100.0,-100.0,0.0,3.7999999999999996e-08,0,1,5.735466891397053,0
PPO-QP-no-penalty,20260806,93,18,9021,0,0,0,0.0,79.99999999314066,100.0,0.0,1.9678429256468158e-11,104.874570453267,30.0,238,92,224.9999999981949,125.0,4,-7.60038394793427e-09,100.0,79.99999999314066,650.7499999931406,-20.000000006859338,3.7999999999999996e-08,0,1,34.99999998628135,0
PPO-QP-no-penalty,20260806,94,18,9117,0,0,0,0.0,79.999999938675,100.0,0.0,1.9788903848905193e-11,93.40953184232814,30.0,135,92,224.99999998386184,125.0,4,-6.795014422478792e-08,100.0,79.999999938675,650.7499999386749,-20.000000061324997,3.7999999999999996e-08,0,1,52.93074026598888,0
PPO-QP-no-penalty,20260806,95,18,9213,0,0,0,0.0,23.533505628272046,100.0,0.0,1.983285017696327e-11,87.04250902822423,30.0,70,92,210.14039621796633,125.0,4,-62.566752766457576,100.0,23.533505628272046,594.283505628272,-76.46649437172795,3.7999999999999996e-08,0,1,13.286051269986793,0
PPO-QP-no-penalty,20260806,95,18,9214,0,0,0,0.0,99.99999997448411,100.0,0.0,1.983285017696327e-11,88.43599637710813,30.0,70,93,203.94736841433794,125.0,3,-88.64265930805077,100.0,99.99999997448411,480.4999999744842,-2.5515888069094217e-08,3.7999999999999996e-08,0,1,31.466494320696214,0
PPO-QP-no-penalty,20260806,96,19,9310,0,0,0,0.0,99.99999996843479,100.0,0.0,1.992302619176674e-11,103.48563850580446,30.0,202,93,203.94736841274602,125.0,3,-88.64265931475362,100.0,99.99999996843479,480.49999996843485,-3.156520733682555e-08,3.7999999999999996e-08,0,1,106.27715605580309,0
PPO-QP-no-penalty,20260806,97,19,9405,0,0,0,0.0,-100.0,-100.0,0.0,1.9897820428364336e-11,105.33033672677433,30.0,183,92,30.0,125.0,4,-100.0,19.0,-732.409972299169,-100.0,0.0,3.7999999999999996e-08,0,1,33.94736842105263,0
PPO-QP-no-penalty,20260806,98,19,9502,0,0,0,0.0,99.99999999999991,100.0,0.0,1.9156202550144978e-11,92.62189690926756,30.0,61,93,203.94736842105263,125.0,3,-88.6426592797784,100.0,99.99999999999991,480.5,-8.526512829121202e-14,3.7999999999999996e-08,0,1,29.322784683222878,0
PPO-QP-no-penalty,20260806,99,19,9597,0,0,0,0.0,-100.0,-100.0,0.0,1.9471428173526798e-11,99.96667633583264,30.0,97,92,30.0,125.0,4,-100.0,19.0,-732.409972299169,-100.0,0.0,3.7999999999999996e-08,0,1,33.94736842105263,0
PPO-QP-no-penalty,20260806,100,19,9693,0,0,0,0.0,-100.0,-100.0,0.0,1.979987285238849e-11,105.46954824232857,30.0,143,92,30.0,125.0,4,-100.0,19.0,-732.409972299169,-100.0,0.0,3.7999999999999996e-08,0,1,50.121041282443514,0
PPO-QP-no-penalty,20260806,101,20,9789,0,0,0,0.0,-100.0,-100.0,0.0,0.0,102.75890329454388,30.0,187,92,30.0,125.0,4,-100.0,19.0,-732.409972299169,-100.0,0.0,3.7999999999999996e-08,0,1,40.468889703712016,0
PPO-QP-no-penalty,20260806,102,20,9885,0,0,0,0.0,41.82049366213058,100.0,0.0,1.9943665237794526e-11,113.11894463632069,30.0,200,92,214.95276149003436,125.0,4,-42.30416214722374,100.0,41.82049366213058,612.5704936621305,-58.17950633786942,3.7999999999999996e-08,0,1,39.178603750023505,0
PPO-QP-no-penalty,20260806,102,20,9886,0,0,0,0.0,99.99999999999991,100.0,0.0,1.962880598801083e-11,106.6192801959036,30.0,200,93,203.94736842105263,125.0,3,-88.6426592797784,100.0,99.99999999999991,480.5,-8.526512829121202e-14,3.7999999999999996e-08,0,1,13.179506337869327,0
PPO-QP-no-penalty,20260806,103,20,9981,0,0,0,0.0,-100.0,-97.76702769535675,0.0,2.0013827632207418e-11,100.89617127432541,30.0,141,92,30.530330922352775,125.0,4,-100.0,21.015257504940543,-730.1769999945258,-97.76702769535675,-2.232972304643255,3.7999999999999996e-08,0,1,64.49718572130567,0
PPO-QP-no-penalty,20260806,104,20,10079,0,0,0,0.0,62.537014114896415,100.0,0.0,2.0009682799582153e-11,105.9884047813646,30.0,182,94,167.77289845128854,125.0,2,-100.0,100.0,62.537014114896415,252.78701411489644,-37.462985885103585,3.7999999999999996e-08,0,1,30.550660252566928,0
PPO-QP-no-penalty,20260806,105,20,10175,0,0,0,0.0,-100.0,-100.0,0.0,0.0,103.88694945879809,30.0,197,94,77.5,125.0,2,-100.0,100.0,-310.80332409972306,-100.0,0.0,3.7999999999999996e-08,0,1,18.630359651628652,0
PPO-QP-no-penalty,20260806,106,21,10272,0,0,0,0.0,58.844540722215626,58.844540722215626,0.0,0.0,95.71960186641236,30.0,88,95,140.48540545321464,125.0,1,-100.0,100.0,58.844540722215626,58.844540722215626,0.0,3.7999999999999996e-08,0,1,31.29678351461488,0
PPO-QP-no-penalty,20260806,107,21,10365,0,0,0,0.0,-100.0,-89.28139726560633,0.0,1.9935357068826913e-11,98.98452005268396,30.0,24,92,32.545668149418496,125.0,4,-100.0,28.673538967790286,-721.6913695647753,-89.28139726560633,-10.71860273439367,3.7999999999999996e-08,0,1,60.069747917546,0
PPO-QP-no-penalty,20260806,108,21,10461,0,0,0,0.0,-100.0,-100.0,0.0,1.9678762323375545e-11,106.54959711280397,30.0,197,92,30.0,125.0,4,-100.0,19.0,-732.409972299169,-100.0,0.0,3.7999999999999996e-08,0,1,33.94736842105263,0
PPO-QP-no-penalty,20260806,109,21,10560,0,0,0,0.0,-100.0,-100.0,2.004595008505324e-11,2.004595008505324e-11,100.77730152946528,30.0,130,95,101.25,125.0,1,-100.0,100.0,-100.0,-100.0,0.0,3.7999999999999996e-08,0,1,28.292479462457706,0
PPO-QP-no-penalty,20260806,111,21,10749,0,0,0,0.0,80.0,100.0,0.0,5.921189464667501e-17,102.40925487505093,30.0,131,92,225.0,125.0,4,-0.0,100.0,80.0,650.75,-20.0,3.7999999999999996e-08,0,1,54.90103726938969,0
PPO-QP-no-penalty,20260806,112,22,10845,0,0,0,0.0,79.99999995692743,100.0,0.0,1.9594270650458157e-11,103.74738027439993,30.0,54,92,224.9999999886651,125.0,4,-4.772585414588991e-08,100.0,79.99999995692743,650.7499999569274,-20.000000043072575,3.7999999999999996e-08,0,1,34.999999943633505,0
PPO-QP-no-penalty,20260806,113,22,10944,0,0,0,0.0,-46.566591115884265,-46.566591115884265,1.9665872634059647e-11,1.9665872634059647e-11,111.29242176433362,30.0,189,95,113.94043460997749,125.0,1,-100.0,100.0,-46.566591115884265,-46.566591115884265,0.0,3.7999999999999996e-08,0,1,10.653659283675026,0
PPO-QP-no-penalty,20260806,114,22,11039,0,0,0,0.0,29.990247132418453,100.0,0.0,1.9887872830063694e-11,110.39901075536456,30.0,54,94,159.20795977168908,125.0,2,-100.0,100.0,29.990247132418453,220.2402471324185,-70.00975286758154,3.7999999999999996e-08,0,1,4.128859675628583,0
PPO-QP-no-penalty,20260806,114,22,11040,0,0,0,0.0,100.0,100.0,1.9470539995107097e-11,1.9470539995107097e-11,99.39443643869204,30.0,54,95,151.31578947368422,125.0,1,-100.0,100.0,100.00000000000003,100.00000000000003,2.842170943040401e-14,3.7999999999999996e-08,1,1,25.00975286758154,0
PPO-QP-no-penalty,20260806,115,22,11135,0,0,0,0.0,25.45052548819002,100.0,0.0,2.004075794204141e-11,100.00430923329893,30.0,175,94,158.01329618110265,125.0,2,-100.0,100.0,25.45052548819002,215.70052548819004,-74.54947451180998,3.7999999999999996e-08,0,1,6.167988480830022,0
PPO-QP-no-penalty,20260806,115,22,11136,0,0,0,0.0,100.0,100.0,1.948331496137712e-11,1.948331496137712e-11,103.23439338990089,30.0,175,95,151.31578947368422,125.0,1,-100.0,100.0,100.00000000000003,100.00000000000003,2.842170943040401e-14,3.7999999999999996e-08,1,1,29.549474511809976,0
PPO-QP-no-penalty,20260806,117,23,11325,0,0,0,0.0,79.99999996279271,100.0,0.0,1.974596042231269e-11,104.9255458245251,30.0,233,92,224.9999999902086,125.0,4,-4.122691614994485e-08,100.0,79.99999996279271,650.7499999627927,-20.000000037207286,3.7999999999999996e-08,0,1,34.99999997830825,0
PPO-QP-no-penalty,20260806,118,23,11421,0,0,0,0.0,79.99999992329944,100.0,0.0,2.0157608915383208e-11,81.39778407810832,30.0,6,92,224.99999997981564,125.0,4,-8.498677504432731e-08,100.0,79.99999992329944,650.7499999232994,-20.00000007670056,3.7999999999999996e-08,0,1,39.95211014899825,0
PPO-QP-no-penalty,20260806,119,23,11520,0,0,0,0.0,99.99999994864689,99.99999994864689,2.0027213221140983e-11,2.0027213221140983e-11,104.1606128269002,30.0,157,95,151.31578946017024,125.0,1,-100.0,100.0,99.99999994864689,99.99999994864689,0.0,3.7999999999999996e-08,0,1,48.47541518687136,0
PPO-QP-no-penalty,20260806,120,23,11613,0,0,0,0.0,-100.0,-100.0,0.0,0.0,99.05485532187399,30.0,36,92,30.0,125.0,4,-100.0,19.0,-732.409972299169,-100.0,0.0,3.7999999999999996e-08,0,1,74.72028979647452,0
PPO-QP-no-penalty,20260806,121,23,11710,0,0,0,0.0,-100.0,-69.17942556341997,0.0,1.9881559361796992e-11,103.16493012343189,30.0,176,93,61.06988642868776,125.0,3,-100.0,100.0,-490.786073762866,-69.17942556341997,-30.82057443658003,3.7999999999999996e-08,0,1,13.792533932967324,0
PPO-QP-no-penalty,20260806,122,24,11805,0,0,0,0.0,-100.0,-99.8563103676841,0.0,1.9819967889134204e-11,73.4818515278711,30.0,56,92,30.034126287675026,125.0,4,-100.0,19.129679893165097,-732.266282666853,-99.8563103676841,-0.1436896323158976,3.7999999999999996e-08,0,1,76.33913032041518,0
PPO-QP-no-penalty,20260806,123,24,11903,0,0,0,0.0,99.99999996489652,100.0,0.0,1.994461262810887e-11,93.92581129726868,30.0,144,94,177.63157893813067,125.0,2,-100.0,100.0,99.99999996489652,290.2499999648965,-3.510348278723541e-08,3.7999999999999996e-08,0,1,21.884218557703846,0
PPO-QP-no-penalty,20260806,124,24,11999,0,0,0,0.0,-100.0,-63.90042037082074,0.0,1.9838878687986987e-11,98.10420513562481,30.0,96,94,86.07365016193008,125.0,2,-100.0,100.0,-274.70374447054377,-63.90042037082074,-36.09957962917926,3.7999999999999996e-08,0,1,6.444764611888786,0
PPO-QP-no-penalty,20260806,126,24,12190,0,0,0,0.0,-100.0,-41.15222767841858,0.0,1.9848304481466054e-11,90.70458365351324,30.0,64,93,67.72634592637559,125.0,3,-100.0,100.0,-462.7588758778647,-41.15222767841858,-58.84777232158142,3.7999999999999996e-08,0,1,20.767125870383392,0
PPO-QP-no-penalty,20260806,126,24,12191,0,0,0,0.0,-100.0,-100.0,0.0,1.9848304481466054e-11,88.24171282024469,30.0,64,94,77.5,125.0,2,-100.0,100.0,-310.80332409972306,-100.0,0.0,3.7999999999999996e-08,0,1,13.847772321581417,0
PPO-QP-no-penalty,20260806,127,24,12285,0,0,0,0.0,-100.0,-100.0,0.0,2.0092760788514852e-11,93.58051686509125,30.0,76,92,30.0,125.0,4,-100.0,19.0,-732.409972299169,-100.0,0.0,3.7999999999999996e-08,0,1,40.14056590240307,0
PPO-QP-no-penalty,20260806,128,25,12381,0,0,0,0.0,-100.0,-43.571434648193545,0.0,1.971929656600461e-11,97.57557280168987,30.0,75,92,43.401784271054034,125.0,4,-100.0,69.92678023000532,-675.9814069473625,-43.571434648193545,-56.428565351806455,3.7999999999999996e-08,0,1,23.237387475212255,0
PPO-QP-no-penalty,20260806,128,25,12382,0,0,0,0.0,-100.0,-100.0,0.0,1.971929656600461e-11,93.05624500225221,30.0,75,93,53.75,125.0,3,-100.0,100.0,-521.6066481994461,-100.0,0.0,3.7999999999999996e-08,0,1,11.428565351806455,0
PPO-QP-no-penalty,20260806,129,25,12479,0,0,0,0.0,56.44156225448281,100.0,0.0,1.9646155073142307e-11,102.452431233944,30.0,192,94,166.16883217223233,125.0,2,-100.0,100.0,56.44156225448281,246.69156225448285,-43.55843774551719,3.7999999999999996e-08,0,1,18.695382249257257,0
PPO-QP-no-penalty,20260806,130,25,12573,0,0,0,0.0,-100.0,-100.0,0.0,1.9875553055233772e-11,105.46954824232857,30.0,143,92,30.0,125.0,4,-100.0,19.0,-732.409972299169,-100.0,0.0,3.7999999999999996e-08,0,1,41.952005494437046,0
PPO-QP-no-penalty,20260806,131,25,12670,0,0,0,0.0,-100.0,-33.824398219123495,0.0,1.971049619816275e-11,92.27251843008824,30.0,68,93,69.46670542295817,125.0,3,-100.0,100.0,-455.43104641856957,-33.824398219123495,-66.1756017808765,3.7999999999999996e-08,0,1,7.791664297236235,0
PPO-QP-no-penalty,20260806,131,25,12671,0,0,0,0.0,-100.0,-100.0,0.0,1.971049619816275e-11,93.16178700053828,30.0,68,94,77.5,125.0,2,-100.0,100.0,-310.80332409972306,-100.0,0.0,3.7999999999999996e-08,0,1,21.175601780876505,0
PPO-QP-no-penalty,20260806,132,25,12765,0,0,0,0.0,-100.0,-100.0,0.0,0.0,102.31891501836098,30.0,162,92,30.0,125.0,4,-100.0,19.0,-732.409972299169,-100.0,0.0,3.7999999999999996e-08,0,1,51.8755543818818,0
PPO-QP-no-penalty,20260806,133,26,12861,0,0,0,0.0,-100.0,-100.0,0.0,1.9874054254150528e-11,94.0077774045799,30.0,78,92,30.0,125.0,4,-100.0,19.0,-732.409972299169,-100.0,0.0,3.7999999999999996e-08,0,1,33.94736842105263,0
PPO-QP-no-penalty,20260806,134,26,12959,0,0,0,0.0,71.79393280936667,100.0,0.0,2.0009153593273745e-11,98.07403190952535,30.0,111,94,170.20892968667545,125.0,2,-100.0,100.0,71.79393280936667,262.0439328093667,-28.206067190633334,3.7999999999999996e-08,0,1,0.3538902929021077,0
PPO-QP-no-penalty,20260806,135,26,13054,0,0,0,0.0,-100.0,-100.0,0.0,1.9818691132655885e-11,101.35072457662416,30.0,142,93,53.75,125.0,3,-100.0,100.0,-521.6066481994461,-100.0,0.0,3.7999999999999996e-08,0,1,22.126598338189638,0
PPO-QP-no-penalty,20260806,136,26,13149,0,0,0,0.0,-100.0,-100.0,0.0,0.0,100.54978970845178,30.0,29,92,30.0,125.0,4,-100.0,19.0,-732.409972299169,-100.0,0.0,3.7999999999999996e-08,0,1,33.94736842105263,0
PPO-QP-no-penalty,20260806,137,26,13247,0,0,0,0.0,61.86989475574673,100.0,0.0,1.9824638227324462e-11,104.01884775415509,30.0,47,94,167.59734072519652,125.0,2,-100.0,100.0,61.86989475574673,252.11989475574674,-38.13010524425327,3.7999999999999996e-08,0,1,28.35759405473908,0
PPO-QP-no-penalty,20260806,138,27,13343,0,0,0,0.0,99.99999997387692,100.0,0.0,1.960864063714022e-11,94.34652088573726,30.0,100,94,177.63157894049394,125.0,2,-100.0,100.0,99.99999997387692,290.2499999738769,-2.6123075258510653e-08,3.7999999999999996e-08,0,1,17.54253330899742,0
PPO-QP-no-penalty,20260806,139,27,13437,0,0,0,0.0,79.99999992288589,100.0,0.0,1.9467324049079102e-11,105.94011237910321,30.0,184,92,224.9999999797068,125.0,4,-8.544499283552318e-08,100.0,79.99999992288589,650.7499999228859,-20.00000007711411,3.7999999999999996e-08,0,1,34.99999987695005,0
PPO-QP-no-penalty,20260806,140,27,13533,0,0,0,0.0,-100.0,-100.0,0.0,1.9944431291681516e-11,93.90241884913648,30.0,99,92,30.0,125.0,4,-100.0,19.0,-732.409972299169,-100.0,0.0,3.7999999999999996e-08,0,1,33.94736842105263,0
PPO-QP-no-penalty,20260806,141,27,13631,0,0,0,0.0,-100.0,-100.0,0.0,1.9891754909906467e-11,96.52773558687234,30.0,97,94,77.5,125.0,2,-100.0,100.0,-310.80332409972306,-100.0,0.0,3.7999999999999996e-08,0,1,35.4983710789821,0
PPO-QP-no-penalty,20260806,142,27,13726,0,0,0,0.0,99.99999999999991,100.0,0.0,1.915196889967774e-11,107.54986172243478,30.0,171,93,203.94736842105263,125.0,3,-88.6426592797784,100.0,99.99999999999991,480.5,-8.526512829121202e-14,3.7999999999999996e-08,0,1,13.450891418965028,0
PPO-QP-no-penalty,20260806,143,27,13822,0,0,0,0.0,75.77730417581836,100.0,0.0,1.993631926211492e-11,106.11220090714811,30.0,39,93,197.5729747831101,125.0,3,-100.0,100.0,75.77730417581836,456.2773041758184,-24.222695824181642,3.7999999999999996e-08,0,1,40.66343967722742,0
PPO-QP-no-penalty,20260806,144,28,13920,0,0,0,0.0,-90.7415991370466,-90.7415991370466,1.9852253174690305e-11,1.9852253174690305e-11,70.35508198085125,30.0,0,95,103.44887020495143,125.0,1,-100.0,100.0,-90.7415991370466,-90.7415991370466,0.0,3.7999999999999996e-08,0,1,42.63477878058872,0
PPO-QP-no-penalty,20260806,145,28,14013,0,0,0,0.0,-100.0,-100.0,0.0,1.998933241154077e-11,92.94233251117724,30.0,1,92,30.0,125.0,4,-100.0,19.0,-732.409972299169,-100.0,0.0,3.7999999999999996e-08,0,1,71.61370627339362,0
PPO-QP-no-penalty,20260806,146,28,14112,0,0,0,0.0,99.9999999865319,99.9999999865319,0.0,0.0,113.44800280676209,30.0,201,95,151.31578947013998,125.0,1,-100.0,100.0,99.9999999865319,99.9999999865319,0.0,3.7999999999999996e-08,0,1,7.325063982098754,0
PPO-QP-no-penalty,20260806,147,28,14205,0,0,0,0.0,-100.0,-100.0,0.0,1.984405972876857e-11,92.01794582118721,30.0,127,92,30.0,125.0,4,-100.0,19.0,-732.409972299169,-100.0,0.0,3.7999999999999996e-08,0,1,33.94736842105263,0
PPO-QP-no-penalty,20260806,148,28,14301,0,0,0,0.0,-100.0,-100.0,0.0,1.9958286875028837e-11,95.87781493241873,30.0,133,92,30.0,125.0,4,-100.0,19.0,-732.409972299169,-100.0,0.0,3.7999999999999996e-08,0,1,33.94736842105263,0
PPO-QP-no-penalty,20260806,149,29,14396,0,0,0,0.0,-100.0,-15.253369166977677,0.0,2.0006048669548213e-11,84.44384789804906,30.0,63,91,26.3773248228428,125.0,5,-100.0,5.233834326802646,-836.3060007459251,-15.253369166977677,-84.74663083302232,3.7999999999999996e-08,0,1,14.89859811002205,0
PPO-QP-no-penalty,20260806,149,29,14397,0,0,0,0.0,-100.0,-100.0,0.0,1.9823361470846143e-11,84.73391284961718,30.0,63,92,30.0,125.0,4,-100.0,19.0,-732.409972299169,-100.0,0.0,3.7999999999999996e-08,0,1,39.74663083302232,0
PPO-QP-no-penalty,20260806,150,29,14493,0,0,0,0.0,-100.0,-41.08553003048081,0.0,2.0062655240830434e-11,88.96023354870242,30.0,72,92,43.99218661776081,125.0,4,-100.0,72.17030914749107,-673.4955023296498,-41.08553003048081,-58.91446996951919,3.7999999999999996e-08,0,1,27.033781266602332,0
PPO-QP-no-penalty,20260806,150,29,14494,0,0,0,0.0,-100.0,-100.0,0.0,2.0062655240830434e-11,90.18660400484819,30.0,72,93,53.75,125.0,3,-100.0,100.0,-521.6066481994461,-100.0,0.0,3.7999999999999996e-08,0,1,13.914469969519189,0
PPO-QP-no-penalty,20260806,151,29,14589,0,0,0,0.0,-100.0,-100.0,0.0,2.960594732333751e-17,93.90241884913648,30.0,99,92,30.0,125.0,4,-100.0,19.0,-732.409972299169,-100.0,0.0,3.7999999999999996e-08,0,1,51.02332456553929,0
PPO-QP-no-penalty,20260806,152,29,14685,0,0,0,0.0,-100.0,-100.0,0.0,1.9587620414540652e-11,104.874570453267,30.0,238,92,30.0,125.0,4,-100.0,19.0,-732.409972299169,-100.0,0.0,3.7999999999999996e-08,0,1,33.94736842105263,0
PPO-QP-no-penalty,20260806,153,29,14784,0,0,0,0.0,99.99999997121154,99.99999997121154,1.9524282190985787e-11,1.9524282190985787e-11,106.72076587104695,30.0,39,95,151.3157894661083,125.0,1,-100.0,100.0,99.99999997121154,99.99999997121154,0.0,3.7999999999999996e-08,0,1,38.03661779190794,0
PPO-QP-no-penalty,20260806,154,30,14877,0,0,0,0.0,-100.0,-100.0,0.0,1.9945149235904105e-11,82.89185109276251,30.0,91,92,30.0,125.0,4,-100.0,19.0,-732.409972299169,-100.0,0.0,3.7999999999999996e-08,0,1,38.96903611250168,0
PPO-QP-no-penalty,20260806,155,30,14973,0,0,0,0.0,-100.0,-49.889489880732036,0.0,1.9930046502025788e-11,87.53223352510913,30.0,59,92,41.90124615332614,125.0,4,-100.0,64.22473538263934,-682.2994621799011,-49.889489880732036,-50.110510119267964,3.7999999999999996e-08,0,1,14.796038239284705,0
PPO-QP-no-penalty,20260806,155,30,14974,0,0,0,0.0,-100.0,-100.0,0.0,1.9930046502025788e-11,89.33837538279131,30.0,59,93,53.75,125.0,3,-100.0,100.0,-521.6066481994461,-100.0,0.0,3.7999999999999996e-08,0,1,5.110510119267957,0
PPO-QP-no-penalty,20260806,156,30,15072,0,0,0,0.0,-100.0,-100.0,1.9537815809655967e-11,1.9537815809655967e-11,115.34371363799067,30.0,203,95,101.25,125.0,1,-100.0,100.0,-100.0,-100.0,0.0,3.7999999999999996e-08,0,1,36.6220390221759,0
PPO-QP-no-penalty,20260806,157,30,15167,0,0,0,0.0,39.18856386299561,100.0,0.0,1.9376678039861873e-11,106.89045384159233,30.0,201,94,161.62856943763043,125.0,2,-100.0,100.0,39.18856386299561,229.43856386299564,-60.81143613700439,3.7999999999999996e-08,0,1,18.118898583767034,0
PPO-QP-no-penalty,20260806,157,30,15168,0,0,0,0.0,99.99999994796097,99.99999994796097,1.9376678039861873e-11,1.9376678039861873e-11,113.44800280676209,30.0,201,95,151.31578945998973,125.0,1,-100.0,100.0,99.99999994796097,99.99999994796097,0.0,3.7999999999999996e-08,0,1,15.811436032926267,0
PPO-QP-no-penalty,20260806,158,30,15263,0,0,0,0.0,100.0,100.0,0.0,1.9429761503412617e-11,92.26172078517747,30.0,135,94,177.63157894736844,125.0,2,-100.0,100.0,100.00000000000003,290.25000000000006,2.842170943040401e-14,3.7999999999999996e-08,1,1,51.896759494790686,0
PPO-QP-no-penalty,20260806,158,30,15264,0,0,0,0.0,100.0,100.0,2.590520390792032e-17,2.590520390792032e-17,104.48349887566546,30.0,135,95,151.31578947368422,125.0,1,-100.0,100.0,100.00000000000003,100.00000000000003,2.842170943040401e-14,3.7999999999999996e-08,1,0,0.0,0
PPO-QP-no-penalty,20260806,159,30,15357,0,0,0,0.0,-100.0,-100.0,0.0,1.9912486474519635e-11,99.96667633583264,30.0,97,92,30.0,125.0,4,-100.0,19.0,-732.409972299169,-100.0,0.0,3.7999999999999996e-08,0,1,33.94736842105263,0
PPO-QP-no-penalty,20260806,160,31,15453,0,0,0,0.0,-100.0,-100.0,0.0,1.9841417397969963e-11,98.98452005268396,30.0,24,92,30.0,125.0,4,-100.0,19.0,-732.409972299169,-100.0,0.0,3.7999999999999996e-08,0,1,33.94736842105263,0
PPO-QP-no-penalty,20260806,161,31,15550,0,0,0,0.0,99.99999998735056,100.0,0.0,0.0,102.52273777671692,30.0,46,93,203.94736841772385,125.0,3,-88.64265929379431,100.0,99.99999998735056,480.49999998735063,-1.2649437053369184e-08,3.7999999999999996e-08,0,1,55.998852811137105,0
PPO-QP-no-penalty,20260806,162,31,15647,0,0,0,0.0,60.86349305420214,100.0,0.0,2.0074023924602595e-11,88.46914937708672,30.0,87,94,167.33249817215847,125.0,2,-100.0,100.0,60.86349305420214,251.11349305420217,-39.13650694579786,3.7999999999999996e-08,0,1,20.74234997257888,0
PPO-QP-no-penalty,20260806,163,31,15741,0,0,0,0.0,-100.0,-100.0,0.0,0.0,101.49658100152236,30.0,177,92,30.0,125.0,4,-100.0,19.0,-732.409972299169,-100.0,0.0,3.7999999999999996e-08,0,1,33.94736842105263,0
PPO-QP-no-penalty,20260806,164,31,15837,0,0,0,0.0,-100.0,-100.0,0.0,1.984749401865808e-11,104.76339971089588,30.0,25,92,30.0,125.0,4,-100.0,19.0,-732.409972299169,-100.0,0.0,3.7999999999999996e-08,0,1,33.94736842105263,0
PPO-QP-no-penalty,20260806,165,32,15934,0,0,0,0.0,99.99999999528399,100.0,0.0,0.0,109.56105546453871,30.0,167,93,203.9473684198116,125.0,3,-88.64265928500382,100.0,99.99999999528399,480.49999999528404,-4.716014245786937e-09,3.7999999999999996e-08,0,1,29.663898334992524,0
PPO-QP-no-penalty,20260806,166,32,16030,0,0,0,0.0,87.40415397930506,100.0,0.0,1.9876122969719746e-11,96.81059091494842,30.0,133,93,200.63267209981714,125.0,3,-100.0,100.0,87.40415397930506,467.90415397930514,-12.595846020694935,3.7999999999999996e-08,0,1,72.24929856910165,0
PPO-QP-no-penalty,20260806,166,32,16031,0,0,0,0.0,100.0,100.0,0.0,1.9635149062224856e-11,99.05641885596692,30.0,133,94,177.63157894736844,125.0,2,-100.0,100.0,100.00000000000003,290.25000000000006,2.842170943040401e-14,3.7999999999999996e-08,1,0,0.0,0
PPO-QP-no-penalty,20260806,166,32,16032,0,0,0,0.0,100.0,100.0,2.2204460492503132e-17,2.2204460492503132e-17,96.35204174398058,30.0,133,95,151.31578947368422,125.0,1,-100.0,100.0,100.00000000000003,100.00000000000003,2.842170943040401e-14,3.7999999999999996e-08,1,0,0.0,0
PPO-QP-no-penalty,20260806,167,32,16125,0,0,0,0.0,79.99999991634213,100.0,0.0,2.0035095804615822e-11,83.01996185755443,30.0,27,92,224.99999997798477,125.0,4,-9.269570000469685e-08,100.0,79.99999991634213,650.7499999163421,-20.000000083657866,3.7999999999999996e-08,0,1,75.49046335337262,0
PPO-QP-no-penalty,20260806,168,32,16221,0,0,0,0.0,-100.0,-100.0,0.0,1.9923074301431144e-11,94.0077774045799,30.0,78,92,30.0,125.0,4,-100.0,19.0,-732.409972299169,-100.0,0.0,3.7999999999999996e-08,0,1,55.21095740215037,0
PPO-QP-no-penalty,20260806,169,32,16319,0,0,0,0.0,82.8130104982425,100.0,0.0,2.000283642426363e-11,99.71537828597718,30.0,124,94,173.10868697322172,125.0,2,-100.0,100.0,82.8130104982425,273.06301049824253,-17.186989501757495,3.7999999999999996e-08,0,1,82.58963072839316,0
PPO-QP-no-penalty,20260806,169,32,16320,0,0,0,0.0,100.0,100.0,1.9310723390712306e-11,1.9310723390712306e-11,99.21829071742484,30.0,124,95,151.31578947368422,125.0,1,-100.0,100.0,100.00000000000003,100.00000000000003,2.842170943040401e-14,3.7999999999999996e-08,1,0,0.0,0
PPO-QP-no-penalty,20260806,170,33,16415,0,0,0,0.0,100.0,100.0,0.0,2.0036457678192695e-11,90.54910632470822,30.0,74,94,177.63157894736844,125.0,2,-100.0,100.0,100.00000000000003,290.25000000000006,2.842170943040401e-14,3.7999999999999996e-08,1,1,62.60201386425096,0
PPO-QP-no-penalty,20260806,170,33,16416,0,0,0,0.0,100.0,100.0,0.0,0.0,92.73075651120654,30.0,74,95,151.31578947368422,125.0,1,-100.0,100.0,100.00000000000003,100.00000000000003,2.842170943040401e-14,3.7999999999999996e-08,1,0,0.0,0
PPO-QP-no-penalty,20260806,171,33,16509,0,0,0,0.0,79.99999992858616,100.0,0.0,1.9908637701367602e-11,103.03986682541994,30.0,194,92,224.99999998120688,125.0,4,-7.912891114277667e-08,100.0,79.99999992858616,650.7499999285861,-20.000000071413837,3.7999999999999996e-08,0,1,47.83444813700066,0
PPO-QP-no-penalty,20260806,172,33,16607,0,0,0,0.0,100.0,100.0,0.0,1.9399715167622845e-11,108.58091190835204,30.0,32,94,177.63157894736844,125.0,2,-100.0,100.0,100.00000000000003,290.25000000000006,2.842170943040401e-14,3.7999999999999996e-08,1,1,28.871177911851944,0
PPO-QP-no-penalty,20260806,172,33,16608,0,0,0,0.0,100.0,100.0,1.1102230246251566e-17,1.1102230246251566e-17,102.48818270925534,30.0,32,95,151.31578947368422,125.0,1,-100.0,100.0,100.00000000000003,100.00000000000003,2.842170943040401e-14,3.7999999999999996e-08,1,0,0.0,0
PPO-QP-no-penalty,20260806,173,33,16702,0,0,0,0.0,95.74280178671282,100.0,0.0,2.0108433436879143e-11,96.0714534583978,30.0,114,93,202.82705310176655,125.0,3,-93.35977641361453,100.0,95.74280178671282,476.2428017867129,-4.257198213287182,3.7999999999999996e-08,0,1,72.71608212300018,0
PPO-QP-no-penalty,20260806,173,33,16703,0,0,0,0.0,100.0,100.0,0.0,1.920138122576039e-11,97.55340025114839,30.0,114,94,177.63157894736844,125.0,2,-100.0,100.0,100.00000000000003,290.25000000000006,2.842170943040401e-14,3.7999999999999996e-08,1,0,0.0,0
PPO-QP-no-penalty,20260806,173,33,16704,0,0,0,0.0,100.0,100.0,1.850371707708594e-17,1.850371707708594e-17,102.06236313825379,30.0,114,95,151.31578947368422,125.0,1,-100.0,100.0,100.00000000000003,100.00000000000003,2.842170943040401e-14,3.7999999999999996e-08,1,0,0.0,0
PPO-QP-no-penalty,20260806,174,33,16798,0,0,0,0.0,-100.0,-100.0,0.0,0.0,96.32662082951012,30.0,62,93,53.75,125.0,3,-100.0,100.0,-521.6066481994461,-100.0,0.0,3.7999999999999996e-08,0,1,104.88899106403738,0
PPO-QP-no-penalty,20260806,175,33,16895,0,0,0,0.0,96.2011292434025,100.0,0.0,1.9925161520717438e-11,106.89045384159233,30.0,201,94,176.63187611668488,125.0,2,-100.0,100.0,96.2011292434025,286.45112924340253,-3.798870756597495,3.7999999999999996e-08,0,1,47.791086769469835,0
PPO-QP-no-penalty,20260806,176,34,16992,0,0,0,0.0,-84.02903814169278,-84.02903814169278,1.990441515313061e-11,1.990441515313061e-11,100.24332300014112,30.0,139,95,105.04310344134797,125.0,1,-100.0,100.0,-84.02903814169278,-84.02903814169278,0.0,3.7999999999999996e-08,0,1,20.43327173341332,0
PPO-QP-no-penalty,20260806,177,34,17086,0,0,0,0.0,-100.0,-99.99999999459278,0.0,1.9410106855133337e-11,104.13210560679474,30.0,239,93,53.750000001284214,125.0,3,-100.0,100.0,-521.6066481940389,-99.99999999459278,-5.407216008279647e-09,3.7999999999999996e-08,0,1,15.737216471549033,0
PPO-QP-no-penalty,20260806,178,34,17182,0,0,0,0.0,56.877991967343235,100.0,0.0,1.9997888530317218e-11,107.46297213669892,30.0,158,93,192.5994715703535,125.0,3,-100.0,100.0,56.877991967343235,437.3779919673433,-43.122008032656765,3.7999999999999996e-08,0,1,0.7651534128919124,0
PPO-QP-no-penalty,20260806,178,34,17183,0,0,0,0.0,100.0,100.0,0.0,1.9039155437402164e-11,111.719660613103,30.0,158,94,177.63157894736844,125.0,2,-100.0,100.0,100.00000000000003,290.25000000000006,2.842170943040401e-14,3.7999999999999996e-08,1,0,0.0,0
PPO-QP-no-penalty,20260806,178,34,17184,0,0,0,0.0,100.0,100.0,0.0,0.0,103.95353264461838,30.0,158,95,151.31578947368422,125.0,1,-100.0,100.0,100.00000000000003,100.00000000000003,2.842170943040401e-14,3.7999999999999996e-08,1,0,0.0,0
PPO-QP-no-penalty,20260806,179,34,17278,0,0,0,0.0,82.71822911926834,100.0,0.0,0.0,115.26966085518991,30.0,198,93,199.39953397875485,125.0,3,-100.0,100.0,82.71822911926834,463.2182291192684,-17.281770880731656,3.7999999999999996e-08,0,1,66.63379208154261,0
PPO-QP-no-penalty,20260806,180,34,17374,0,0,0,0.0,-100.0,-99.99999999611317,0.0,1.99916194709715e-11,95.33463599850847,30.0,127,93,53.75000000092312,125.0,3,-100.0,100.0,-521.6066481955593,-99.99999999611317,-3.886825084009615e-09,3.7999999999999996e-08,0,1,1.9280726644540636,0
PPO-QP-no-penalty,20260806,181,35,17469,0,0,0,0.0,64.44870322069,100.0,0.0,1.9994650379828725e-11,99.69693547047898,30.0,137,92,220.90755347912895,125.0,4,-17.23135377208863,100.0,64.44870322069,635.1987032206899,-35.55129677930999,3.7999999999999996e-08,0,1,19.637261200445117,0
PPO-QP-no-penalty,20260806,182,35,17567,0,0,0,0.0,99.99999996170483,100.0,0.0,2.010094313220634e-11,108.57087584908598,30.0,230,94,177.63157893729075,125.0,2,-100.0,100.0,99.99999996170483,290.2499999617049,-3.82951697019962e-08,3.7999999999999996e-08,0,1,56.60631851992841,0
PPO-QP-no-penalty,20260806,183,35,17661,0,0,0,0.0,80.0,100.0,0.0,1.935374453291653e-11,95.85085952656725,30.0,3,92,225.0,125.0,4,-0.0,100.0,80.0,650.75,-20.0,3.7999999999999996e-08,0,1,35.0,0
PPO-QP-no-penalty,20260806,184,35,17758,0,0,0,0.0,32.1027072872115,100.0,0.0,1.9972253480678623e-11,105.43103898020233,30.0,236,93,186.0796598124241,125.0,3,-100.0,100.0,32.1027072872115,412.60270728721156,-67.8972927127885,3.7999999999999996e-08,0,1,36.26945625660957,0
PPO-QP-no-penalty,20260806,184,35,17759,0,0,0,0.0,99.99999998213447,100.0,0.0,1.9907471967191746e-11,105.83662005224109,30.0,236,94,177.63157894266698,125.0,2,-100.0,100.0,99.99999998213447,290.2499999821345,-1.786553127658408e-08,3.7999999999999996e-08,0,1,22.897292677057422,0
PPO-QP-no-penalty,20260806,185,35,17856,0,0,0,0.0,60.04133484456009,60.04133484456009,1.9414569951692328e-11,1.9414569951692328e-11,94.21536131305797,30.0,94,95,140.80035127488424,125.0,1,-100.0,100.0,60.04133484456009,60.04133484456009,0.0,3.7999999999999996e-08,0,1,16.305496994289285,0
PPO-QP-no-penalty,20260806,186,36,17949,0,0,0,0.0,80.0,100.0,0.0,1.923235644814743e-11,100.07999755036212,30.0,172,92,225.0,125.0,4,-0.0,100.0,80.0,650.75,-20.0,3.7999999999999996e-08,0,1,35.0,0
PPO-QP-no-penalty,20260806,187,36,18047,0,0,0,0.0,79.74068724456973,100.0,0.0,1.9865205776644265e-11,98.56853105204726,30.0,141,94,172.30018085383415,125.0,2,-100.0,100.0,79.74068724456973,269.99068724456976,-20.259312755430273,3.7999999999999996e-08,0,1,60.99986058725028,0
PPO-QP-no-penalty,20260806,187,36,18048,0,0,0,0.0,100.0,100.0,1.9482955989265823e-11,1.9482955989265823e-11,95.16279735919247,30.0,141,95,151.31578947368422,125.0,1,-100.0,100.0,100.00000000000003,100.00000000000003,2.842170943040401e-14,3.7999999999999996e-08,1,0,0.0,0
PPO-QP-no-penalty,20260806,188,36,18142,0,0,0,0.0,52.06118482222552,100.0,0.0,2.016981766791067e-11,79.86883924503913,30.0,13,93,191.33189074269094,125.0,3,-100.0,100.0,52.06118482222552,432.5611848222256,-47.93881517777448,3.7999999999999996e-08,0,1,33.18248405011204,0
PPO-QP-no-penalty,20260806,188,36,18143,0,0,0,0.0,99.99999998647952,100.0,0.0,1.9836861782825586e-11,73.24774864864321,30.0,13,94,177.6315789438104,125.0,2,-100.0,100.0,99.99999998647952,290.24999998647957,-1.3520477182282775e-08,3.7999999999999996e-08,0,1,2.9388151507334754,0
PPO-QP-no-penalty,20260806,189,36,18240,0,0,0,0.0,100.0,100.0,1.9425653678221504e-11,1.9425653678221504e-11,74.04478817789831,30.0,28,95,151.31578947368422,125.0,1,-100.0,100.0,100.00000000000003,100.00000000000003,2.842170943040401e-14,3.7999999999999996e-08,1,1,27.196155078786788,0
PPO-QP-no-penalty,20260806,190,36,18333,0,0,0,0.0,66.46082256931591,100.0,0.0,0.0,90.68725573509818,30.0,146,92,221.4370585708726,125.0,4,-15.00185864895744,100.0,66.46082256931591,637.2108225693158,-33.53917743068409,3.7999999999999996e-08,0,1,25.466337949974715,0
PPO-QP-no-penalty,20260806,191,36,18430,0,0,0,0.0,99.22251386356423,100.0,0.0,2.0008598481761433e-11,98.7918044273275,30.0,136,93,203.74276680620113,125.0,3,-89.50413976336365,100.0,99.22251386356423,479.7225138635643,-0.777486136435769,3.7999999999999996e-08,0,1,83.07992012084829,0
PPO-QP-no-penalty,20260806,191,36,18431,0,0,0,0.0,100.0,100.0,0.0,1.9332916748974562e-11,103.26589185063467,30.0,136,94,177.63157894736844,125.0,2,-100.0,100.0,100.00000000000003,290.25000000000006,2.842170943040401e-14,3.7999999999999996e-08,1,0,0.0,0
PPO-QP-no-penalty,20260806,191,36,18432,0,0,0,0.0,100.0,100.0,0.0,0.0,96.65845446283465,30.0,136,95,151.31578947368422,125.0,1,-100.0,100.0,100.00000000000003,100.00000000000003,2.842170943040401e-14,3.7999999999999996e-08,1,0,0.0,0
PPO-QP-no-penalty,20260806,192,37,18525,0,0,0,0.0,80.0,100.0,0.0,1.9449612291092913e-11,93.40953184232814,30.0,135,92,225.0,125.0,4,-0.0,100.0,80.0,650.75,-20.0,3.7999999999999996e-08,0,1,35.0,0
PPO-QP-no-penalty,20260806,193,37,18621,0,0,0,0.0,79.99999994418637,100.0,0.0,1.9211972753415316e-11,110.34769251483871,30.0,219,92,224.9999999853122,125.0,4,-6.184336598380469e-08,100.0,79.99999994418637,650.7499999441864,-20.00000005581363,3.7999999999999996e-08,0,1,34.999999967796384,0
PPO-QP-no-penalty,20260806,194,37,18717,0,0,0,0.0,79.99999994342257,100.0,0.0,1.957763210806244e-11,94.86775162328135,30.0,67,92,224.9999999851112,125.0,4,-6.26896747378755e-08,100.0,79.99999994342257,650.7499999434225,-20.000000056577434,3.7999999999999996e-08,0,1,34.99999988773022,0
PPO-QP-no-penalty,20260806,196,37,18912,0,0,0,0.0,73.53264623785796,73.53264623785796,1.9271835978903103e-11,1.9271835978903103e-11,83.67513795166056,30.0,77,95,144.35069637838367,125.0,1,-100.0,100.0,73.53264623785796,73.53264623785796,0.0,3.7999999999999996e-08,0,1,48.11635082981071,0
PPO-QP-no-penalty,20260806,197,38,19005,0,0,0,0.0,79.99999997793445,100.0,0.0,1.9210462850101825e-11,108.22393721596258,30.0,209,92,224.99999999419327,125.0,4,-2.444937165005525e-08,100.0,79.99999997793445,650.7499999779344,-20.00000002206555,3.7999999999999996e-08,0,1,34.999999955868944,0
PPO-QP-no-penalty,20260806,198,38,19101,0,0,0,0.0,80.0,100.0,0.0,1.915242039037442e-11,95.87558463372099,30.0,46,92,225.0,125.0,4,-0.0,100.0,80.0,650.75,-20.0,3.7999999999999996e-08,0,1,35.00000003739088,0
PPO-QP-no-penalty,20260806,199,38,19197,0,0,0,0.0,69.16373414775548,100.0,0.0,1.9697539895465372e-11,100.53597211255874,30.0,10,92,222.1483510915146,125.0,4,-12.006942772570111,100.0,69.16373414775548,639.9137341477555,-30.836265852244523,3.7999999999999996e-08,0,1,13.327468340864172,0
PPO-QP-no-penalty,20260806,200,38,19293,0,0,0,0.0,-100.0,-100.0,0.0,2.000366169004527e-11,99.44808768061047,30.0,106,92,30.0,125.0,4,-100.0,19.0,-732.409972299169,-100.0,0.0,3.7999999999999996e-08,0,1,72.25459780705998,0
PPO-QP-no-penalty,20260806,201,38,19389,0,0,0,0.0,80.0,100.0,0.0,1.9197373320641495e-11,106.54959711280397,30.0,197,92,225.0,125.0,4,-0.0,100.0,80.0,650.75,-20.0,3.7999999999999996e-08,0,1,35.00000000835694,0
PPO-QP-no-penalty,20260806,202,39,19485,0,0,0,0.0,79.99999999707691,100.0,0.0,2.008958184992101e-11,93.11517390836408,30.0,96,92,224.99999999923077,125.0,4,-3.2388781715110925e-09,100.0,79.99999999707691,650.7499999970769,-20.000000002923088,3.7999999999999996e-08,0,1,35.00000004422406,0
PPO-QP-no-penalty,20260806,203,39,19582,0,0,0,0.0,99.99999998674608,100.0,0.0,2.0107819113472184e-11,91.61530419953996,30.0,112,93,203.94736841756477,125.0,3,-88.64265929446411,100.0,99.99999998674608,480.4999999867461,-1.3253924180389731e-08,3.7999999999999996e-08,0,1,99.26021634321248,0
PPO-QP-no-penalty,20260806,204,39,19677,0,0,0,0.0,79.99999999584752,100.0,0.0,1.962160064058101e-11,108.3505698228186,30.0,161,92,224.99999999890724,125.0,4,-4.601085828127045e-09,100.0,79.99999999584752,650.7499999958475,-20.000000004152483,3.7999999999999996e-08,0,1,34.99999999169503,0
PPO-QP-no-penalty,20260806,205,39,19774,0,0,0,0.0,36.154923882592364,100.0,0.0,2.0069919800154896e-11,117.98798056571603,30.0,205,93,187.14603260068222,125.0,3,-100.0,100.0,36.154923882592364,416.6549238825924,-63.845076117407636,3.7999999999999996e-08,0,1,2.2468561767343544,0
PPO-QP-no-penalty,20260806,205,39,19775,0,0,0,0.0,100.0,100.0,0.0,1.9629771882042253e-11,102.0386202739094,30.0,205,94,177.63157894736844,125.0,2,-100.0,100.0,100.00000000000003,290.25000000000006,2.842170943040401e-14,3.7999999999999996e-08,1,1,18.845076117407643,0
PPO-QP-no-penalty,20260806,205,39,19776,0,0,0,0.0,100.0,100.0,0.0,0.0,113.32074946010913,30.0,205,95,151.31578947368422,125.0,1,-100.0,100.0,100.00000000000003,100.00000000000003,2.842170943040401e-14,3.7999999999999996e-08,1,0,0.0,0
PPO-QP-no-penalty,20260806,206,39,19869,0,0,0,0.0,79.99999998634146,100.0,0.0,1.921046655084524e-11,107.24698631088836,30.0,156,92,224.99999999640565,125.0,4,-1.5134111507857024e-08,100.0,79.99999998634146,650.7499999863414,-20.000000013658536,3.7999999999999996e-08,0,1,34.99999997268296,0
PPO-QP-no-penalty,20260806,207,39,19965,0,0,0,0.0,79.99999998319136,100.0,0.0,1.9410906215711065e-11,100.12765026961917,30.0,111,92,224.99999999557667,125.0,4,-1.862453676662163e-08,100.0,79.99999998319136,650.7499999831913,-20.00000001680864,3.7999999999999996e-08,0,1,35.00000000132609,0
PPO-QP-no-penalty,20260806,208,40,20063,0,0,0,0.0,100.0,100.0,0.0,1.9482008598951477e-11,94.34652088573726,30.0,100,94,177.63157894736844,125.0,2,-100.0,100.0,100.00000000000003,290.25000000000006,2.842170943040401e-14,3.7999999999999996e-08,1,1,41.89029509012818,0
PPO-QP-no-penalty,20260806,208,40,20064,0,0,0,0.0,100.0,100.0,0.0,0.0,93.32902847412842,30.0,100,95,151.31578947368422,125.0,1,-100.0,100.0,100.00000000000003,100.00000000000003,2.842170943040401e-14,3.7999999999999996e-08,1,0,0.0,0
PPO-QP-no-penalty,20260806,209,40,20157,0,0,0,0.0,80.0,100.0,0.0,1.8883672403546825e-11,103.52373239298403,30.0,11,92,225.0,125.0,4,-0.0,100.0,80.0,650.75,-20.0,3.7999999999999996e-08,0,1,35.000000015296024,0
PPO-QP-no-penalty,20260806,210,40,20253,0,0,0,0.0,79.99999998509382,100.0,0.0,1.9367633422954592e-11,95.87558463372099,30.0,46,92,224.99999999607732,125.0,4,-1.6516543454551875e-08,100.0,79.99999998509382,650.7499999850938,-20.000000014906178,3.7999999999999996e-08,0,1,34.99999997018761,0
PPO-QP-no-penalty,20260806,211,40,20349,0,0,0,0.0,64.96842716545311,100.0,0.0,2.0058421590363197e-11,92.19664912634585,30.0,74,92,221.04432293827713,125.0,4,-16.655482365148913,100.0,64.96842716545311,635.718427165453,-35.03157283454689,3.7999999999999996e-08,0,1,62.57441149215406,0
PPO-QP-no-penalty,20260806,212,40,20445,0,0,0,0.0,-100.0,-55.45021501818661,0.0,2.001575571952685e-11,99.05485532187399,30.0,36,92,40.58057393318068,125.0,4,-100.0,59.20618094608658,-687.8601873173556,-55.45021501818661,-44.54978498181339,3.7999999999999996e-08,0,1,37.919588295314185,0
PPO-QP-no-penalty,20260806,213,41,20542,0,0,0,0.0,-100.0,-86.75540372949561,0.0,0.0,77.44550971994893,30.0,41,93,56.89559161424479,125.0,3,-100.0,100.0,-508.3620519289417,-86.75540372949561,-13.244596270504388,3.7999999999999996e-08,0,1,6.931420917312636,0
PPO-QP-no-penalty,20260806,214,41,20637,0,0,0,0.0,80.0,100.0,0.0,1.908540362786463e-11,107.24698631088836,30.0,156,92,225.0,125.0,4,-0.0,100.0,80.0,650.75,-20.0,3.7999999999999996e-08,0,1,35.0000000675289,0
PPO-QP-no-penalty,20260806,215,41,20736,0,0,0,0.0,-94.08754170672499,-94.08754170672499,1.9927078505806623e-11,1.9927078505806623e-11,116.50287351544199,30.0,213,95,102.65420884465281,125.0,1,-100.0,100.0,-94.08754170672499,-94.08754170672499,0.0,3.7999999999999996e-08,0,1,12.903710237464551,0
PPO-QP-no-penalty,20260806,216,41,20831,0,0,0,0.0,-100.0,-100.0,0.0,1.978121740483137e-11,96.40834849370343,30.0,162,94,77.5,125.0,2,-100.0,100.0,-310.80332409972306,-100.0,0.0,3.7999999999999996e-08,0,1,24.40710409347264,0
PPO-QP-no-penalty,20260806,217,41,20925,0,0,0,0.0,34.0094644562476,100.0,0.0,1.94533056330215e-11,102.98408042338848,30.0,178,92,212.8972274884862,125.0,4,-50.95904215374228,100.0,34.0094644562476,604.7594644562475,-65.9905355437524,3.7999999999999996e-08,0,1,4.252402046776943,0
PPO-QP-no-penalty,20260806,217,41,20926,0,0,0,0.0,99.99999999999991,100.0,0.0,1.94533056330215e-11,102.04337710097198,30.0,178,93,203.94736842105263,125.0,3,-88.6426592797784,100.0,99.99999999999991,480.5,-8.526512829121202e-14,3.7999999999999996e-08,0,1,20.990535543752316,0
PPO-QP-no-penalty,20260806,219,42,21117,0,0,0,0.0,79.99999994687174,100.0,0.0,1.9371622824356414e-11,109.00381953646375,30.0,159,92,224.99999998601888,125.0,4,-5.8867882264741256e-08,100.0,79.99999994687174,650.7499999468718,-20.00000005312826,3.7999999999999996e-08,0,1,34.99999990653897,0
PPO-QP-no-penalty,20260806,220,42,21213,0,0,0,0.0,27.120746161022666,100.0,0.0,1.997210175019859e-11,91.87996057561233,30.0,84,92,211.08440688447965,125.0,4,-58.59197101271727,100.0,27.120746161022666,597.8707461610227,-72.87925383897733,3.7999999999999996e-08,0,1,2.5683165481724224,0
PPO-QP-no-penalty,20260806,220,42,21214,0,0,0,0.0,99.99999997377768,100.0,0.0,1.997210175019859e-11,87.03497415625367,30.0,84,93,203.94736841415204,125.0,3,-88.64265930883353,100.0,99.99999997377768,480.49999997377773,-2.6222323867841624e-08,3.7999999999999996e-08,0,1,27.87925378653277,0
PPO-QP-no-penalty,20260806,221,42,21309,0,0,0,0.0,79.99999999024533,100.0,0.0,1.9756925725052574e-11,103.56165061739479,30.0,235,92,224.99999999743298,125.0,4,-1.0808506838082778e-08,100.0,79.99999999024533,650.7499999902453,-20.00000000975467,3.7999999999999996e-08,0,1,35.00000005992057,0
PPO-QP-no-penalty,20260806,222,42,21405,0,0,0,0.0,79.99999995222801,100.0,0.0,1.938210703045229e-11,100.58254270570778,30.0,153,92,224.99999998742842,125.0,4,-5.2932950654250914e-08,100.0,79.99999995222801,650.749999952228,-20.00000004777199,3.7999999999999996e-08,0,1,34.99999995562043,0
PPO-QP-no-penalty,20260806,223,42,21501,0,0,0,0.0,79.9999999593173,100.0,0.0,1.939519655991262e-11,103.52373239298403,30.0,11,92,224.99999998929403,125.0,4,-4.5077788519464727e-08,100.0,79.9999999593173,650.7499999593173,-20.000000040682707,3.7999999999999996e-08,0,1,34.99999993402624,0
PPO-QP-no-penalty,20260806,224,43,21597,0,0,0,0.0,78.53622787905509,100.0,0.0,1.947630575334832e-11,99.1738371645239,30.0,108,92,224.61479681027765,125.0,4,-1.621908167251987,100.0,78.53622787905509,649.2862278790551,-21.46377212094491,3.7999999999999996e-08,0,1,32.07245580202895,0
PPO-QP-no-penalty,20260806,225,43,21694,0,0,0,0.0,-100.0,-100.0,0.0,1.9905736318529912e-11,96.23652084088039,30.0,22,93,53.75,125.0,3,-100.0,100.0,-521.6066481994461,-100.0,0.0,3.7999999999999996e-08,0,1,22.160431912162238,0
PPO-QP-no-penalty,20260806,226,43,21792,0,0,0,0.0,100.0,100.0,1.9391614240286496e-11,1.9391614240286496e-11,70.35508198085125,30.0,0,95,151.31578947368422,125.0,1,-100.0,100.0,100.00000000000003,100.00000000000003,2.842170943040401e-14,3.7999999999999996e-08,1,1,80.16113190879017,0
PPO-QP-no-penalty,20260806,227,43,21886,0,0,0,0.0,99.99999999999991,100.0,0.0,1.914577385520033e-11,109.19146160138277,30.0,52,93,203.94736842105263,125.0,3,-88.6426592797784,100.0,99.99999999999991,480.5,-8.526512829121202e-14,3.7999999999999996e-08,0,1,19.999999960037883,0
PPO-QP-no-penalty,20260806,228,43,21981,0,0,0,0.0,79.9999999442152,100.0,0.0,1.962417265725473e-11,97.84049651637996,30.0,114,92,224.9999999853198,125.0,4,-6.181141399888715e-08,100.0,79.9999999442152,650.7499999442151,-20.000000055784795,3.7999999999999996e-08,0,1,34.999999967035976,0
PPO-QP-no-penalty,20260806,229,44,22078,0,0,0,0.0,99.99999999999991,100.0,0.0,1.931057536097569e-11,98.83380875699144,30.0,129,93,203.94736842105263,125.0,3,-88.6426592797784,100.0,99.99999999999991,480.5,-8.526512829121202e-14,3.7999999999999996e-08,0,1,22.104384852229543,0
PPO-QP-no-penalty,20260806,230,44,22173,0,0,0,0.0,80.0,100.0,0.0,1.9356227731748276e-11,91.86532092092294,30.0,121,92,225.0,125.0,4,-0.0,100.0,80.0,650.75,-20.0,3.7999999999999996e-08,0,1,35.0,0
PPO-QP-no-penalty,20260806,231,44,22272,0,0,0,0.0,66.03774871899996,66.03774871899996,1.983102571045947e-11,1.983102571045947e-11,94.60646830148582,30.0,62,95,142.37835492605262,125.0,1,-100.0,100.0,66.03774871899996,66.03774871899996,0.0,3.7999999999999996e-08,0,1,30.78801166067013,0
PPO-QP-no-penalty,20260806,232,44,22366,0,0,0,0.0,-100.0,-100.0,0.0,1.998243052507102e-11,104.2178582717603,30.0,211,93,53.75,125.0,3,-100.0,100.0,-521.6066481994461,-100.0,0.0,3.7999999999999996e-08,0,1,28.72524465986747,0
PPO-QP-no-penalty,20260806,233,44,22461,0,0,0,0.0,79.9999999812202,100.0,0.0,1.941179069338735e-11,98.39027437785774,30.0,5,92,224.99999999505795,125.0,4,-2.0808640424787118e-08,100.0,79.9999999812202,650.7499999812202,-20.0000000187798,3.7999999999999996e-08,0,1,34.99999999500695,0
PPO-QP-no-penalty,20260806,234,45,22559,0,0,0,0.0,99.99999992971698,100.0,0.0,1.9922844855339386e-11,83.61428885308872,30.0,63,94,177.6315789288729,125.0,2,-100.0,100.0,99.99999992971698,290.249999929717,-7.028302206890658e-08,3.7999999999999996e-08,0,1,104.69090197205787,0
PPO-QP-no-penalty,20260806,235,45,22653,0,0,0,0.0,79.99999992731357,100.0,0.0,2.025886865671585e-11,93.95418866591038,30.0,94,92,224.999999980872,125.0,4,-8.05389869415912e-08,100.0,79.99999992731357,650.7499999273135,-20.000000072686433,3.7999999999999996e-08,0,1,50.02194721548007,0
PPO-QP-no-penalty,20260806,236,45,22752,0,0,0,0.0,30.22400658717818,30.22400658717818,2.0047785653787286e-11,2.0047785653787286e-11,113.32074946010913,30.0,205,95,132.95368594399426,125.0,1,-100.0,100.0,30.22400658717818,30.22400658717818,0.0,3.7999999999999996e-08,0,1,21.409770759789964,0
PPO-QP-no-penalty,20260806,237,45,22845,0,0,0,0.0,80.0,100.0,0.0,1.939129597635277e-11,111.07898321111968,30.0,203,92,225.0,125.0,4,-0.0,100.0,80.0,650.75,-20.0,3.7999999999999996e-08,0,1,35.0,0
PPO-QP-no-penalty,20260806,238,45,22941,0,0,0,0.0,79.99999997029079,100.0,0.0,0.0,93.65665261795868,30.0,73,92,224.99999999218178,125.0,4,-3.291880171960465e-08,100.0,79.99999997029079,650.7499999702908,-20.000000029709213,3.7999999999999996e-08,0,1,40.66731228673134,0
PPO-QP-no-penalty,20260806,239,45,23037,0,0,0,0.0,80.0,100.0,0.0,1.896872658946336e-11,103.74738027439993,30.0,54,92,225.0,125.0,4,-0.0,100.0,80.0,650.75,-20.0,3.7999999999999996e-08,0,1,35.0,0
PPO-QP-no-penalty,20260806,240,46,23133,0,0,0,0.0,79.99999996478093,100.0,0.0,0.0,95.64219345576147,30.0,149,92,224.99999999073182,125.0,4,-3.902390457561093e-08,100.0,79.99999996478093,650.7499999647808,-20.000000035219074,3.7999999999999996e-08,0,1,37.782207521265704,0
PPO-QP-no-penalty,20260806,241,46,23232,0,0,0,0.0,47.89256262202086,47.89256262202086,2.001770971205019e-11,2.001770971205019e-11,94.8441178493977,30.0,81,95,137.60330595316339,125.0,1,-100.0,100.0,47.89256262202086,47.89256262202086,0.0,3.7999999999999996e-08,0,1,20.796366318327514,0
PPO-QP-no-penalty,20260806,242,46,23325,0,0,0,0.0,79.99999994781676,100.0,0.0,1.9465836350226102e-11,94.29020215225974,30.0,81,92,224.99999998626757,125.0,4,-5.782076665414743e-08,100.0,79.99999994781676,650.7499999478167,-20.00000005218324,3.7999999999999996e-08,0,1,34.99999989563349,0
PPO-QP-no-penalty,20260806,243,46,23421,0,0,0,0.0,74.25974141329645,100.0,0.0,1.9641099857636844e-11,99.02691431499208,30.0,144,92,223.48940563507801,125.0,4,-6.360397325987306,100.0,74.25974141329645,645.0097414132964,-25.740258586703547,3.7999999999999996e-08,0,1,62.66703524461642,0
PPO-QP-no-penalty,20260806,244,46,23517,0,0,0,0.0,-100.0,-60.08165457959903,0.0,1.9837772165705776e-11,101.76595014465538,30.0,18,92,39.48060703734523,125.0,4,-100.0,55.026306741911874,-692.491626878768,-60.08165457959903,-39.91834542040097,3.7999999999999996e-08,0,1,2.6656819401762846,0
PPO-QP-no-penalty,20260806,245,47,23613,0,0,0,0.0,79.9999999891707,100.0,0.0,1.927794220553854e-11,101.21404399016883,30.0,40,92,224.99999999715018,125.0,4,-1.1999226875272336e-08,100.0,79.9999999891707,650.7499999891706,-20.000000010829297,3.7999999999999996e-08,0,1,34.99999997834139,0
PPO-QP-no-penalty,20260806,246,47,23710,0,0,0,0.0,-100.0,-100.0,0.0,1.9286731471150156e-11,101.66684169308782,30.0,141,93,53.75,125.0,3,-100.0,100.0,-521.6066481994461,-100.0,0.0,3.7999999999999996e-08,0,1,55.88580740801464,0
PPO-QP-no-penalty,20260806,247,47,23806,0,0,0,0.0,-100.0,-100.0,0.0,1.993072373807081e-11,101.66684169308782,30.0,141,93,53.75,125.0,3,-100.0,100.0,-521.6066481994461,-100.0,0.0,3.7999999999999996e-08,0,1,42.36418707649235,0
PPO-QP-no-penalty,20260806,248,47,23902,0,0,0,0.0,99.99999999999991,100.0,0.0,1.950108963200137e-11,99.15947579016638,30.0,153,93,203.94736842105263,125.0,3,-88.6426592797784,100.0,99.99999999999991,480.5,-8.526512829121202e-14,3.7999999999999996e-08,0,1,66.9889419091241,0
PPO-QP-no-penalty,20260806,249,47,23997,0,0,0,0.0,80.0,100.0,0.0,1.9070071447894557e-11,81.88761466839229,30.0,41,92,225.0,125.0,4,-0.0,100.0,80.0,650.75,-20.0,3.7999999999999996e-08,0,1,35.0,0
PPO-QP-no-penalty,20260806,250,48,24093,0,0,0,0.0,79.99999994537656,100.0,0.0,0.0,93.21260719239173,30.0,66,92,224.9999999856254,125.0,4,-6.052459866623394e-08,100.0,79.99999994537656,650.7499999453765,-20.00000005462344,3.7999999999999996e-08,0,1,43.81414141104004,0
PPO-QP-no-penalty,20260806,251,48,24190,0,0,0,0.0,46.36504087392298,100.0,0.0,0.0,101.86199729368201,30.0,234,93,189.83290549313764,125.0,3,-100.0,100.0,46.36504087392298,426.865040873923,-53.63495912607702,3.7999999999999996e-08,0,1,17.357181651743876,0
PPO-QP-no-penalty,20260806,251,48,24191,0,0,0,0.0,100.0,100.0,0.0,0.0,109.69634660342778,30.0,234,94,177.63157894736844,125.0,2,-100.0,100.0,100.00000000000003,290.25000000000006,2.842170943040401e-14,3.7999999999999996e-08,1,1,8.634959126077021,0
PPO-QP-no-penalty,20260806,251,48,24192,0,0,0,0.0,100.0,100.0,0.0,0.0,103.80359048865076,30.0,234,95,151.31578947368422,125.0,1,-100.0,100.0,100.00000000000003,100.00000000000003,2.842170943040401e-14,3.7999999999999996e-08,1,0,0.0,0
PPO-QP-no-penalty,20260806,252,48,24285,0,0,0,0.0,80.0,100.0,0.0,1.901854969806512e-11,100.69676510316452,30.0,2,92,225.0,125.0,4,-0.0,100.0,80.0,650.75,-20.0,3.7999999999999996e-08,0,1,35.000000061584636,0
PPO-QP-no-penalty,20260806,253,48,24381,0,0,0,0.0,49.08420375318659,100.0,0.0,1.996935579858435e-11,106.24062507747706,30.0,199,92,216.86426414557542,125.0,4,-34.25572991336666,100.0,49.08420375318659,619.8342037531866,-50.91579624681341,3.7999999999999996e-08,0,1,10.735219149479349,0
PPO-QP-no-penalty,20260806,253,48,24382,0,0,0,0.0,99.9999999952274,100.0,0.0,1.972033277416093e-11,106.69589121017174,30.0,199,93,203.9473684197967,125.0,3,-88.64265928506651,100.0,99.9999999952274,480.4999999952274,-4.772601869262871e-09,3.7999999999999996e-08,0,1,5.915796237268239,0
PPO-QP-no-penalty,20260806,254,48,24477,0,0,0,0.0,63.37878679307304,100.0,0.0,1.9719026411735287e-11,95.87781493241873,30.0,133,92,220.6259965244929,125.0,4,-18.416856738977245,100.0,63.37878679307304,634.128786793073,-36.62121320692696,3.7999999999999996e-08,0,1,1.7575736063754732,0
PPO-QP-no-penalty,20260806,255,48,24573,0,0,0,0.0,47.532737469124356,100.0,0.0,1.98943306273236e-11,101.49658100152236,30.0,177,92,216.4559835445064,125.0,4,-35.974806128394064,100.0,47.532737469124356,618.2827374691243,-52.467262530875644,3.7999999999999996e-08,0,1,5.992493877226508,0
PPO-QP-no-penalty,20260806,255,48,24574,0,0,0,0.0,99.99999999999991,100.0,0.0,1.9585244537267955e-11,99.0701443351402,30.0,177,93,203.94736842105263,125.0,3,-88.6426592797784,100.0,99.99999999999991,480.5,-8.526512829121202e-14,3.7999999999999996e-08,0,1,7.4672625308755585,0
PPO-QP-no-penalty,20260806,257,49,24766,0,0,0,0.0,99.99999992533887,100.0,0.0,1.993730365986342e-11,96.0714534583978,30.0,114,93,203.947368401405,125.0,3,-88.64265936250533,100.0,99.99999992533887,480.49999992533895,-7.466113061127544e-08,3.7999999999999996e-08,0,1,83.35938849243296,0
PPO-QP-no-penalty,20260806,258,49,24861,0,0,0,0.0,79.99999993242814,100.0,0.0,1.9572654608168703e-11,104.874570453267,30.0,238,92,224.99999998221793,125.0,4,-7.487187758670188e-08,100.0,79.99999993242814,650.7499999324281,-20.00000006757186,3.7999999999999996e-08,0,1,34.99999989622434,0
PPO-QP-no-penalty,20260806,259,49,24957,0,0,0,0.0,-100.0,-100.0,0.0,1.9931593412773434e-11,98.38002215283956,30.0,50,92,30.0,125.0,4,-100.0,19.0,-732.409972299169,-100.0,0.0,3.7999999999999996e-08,0,1,41.08370773964995,0
PPO-QP-no-penalty,20260806,260,49,25053,0,0,0,0.0,-100.0,-100.0,0.0,1.9813239937604975e-11,92.01794582118721,30.0,127,92,30.0,125.0,4,-100.0,19.0,-732.409972299169,-100.0,0.0,3.7999999999999996e-08,0,1,33.94736842105263,0
PPO-QP-no-penalty,20260806,261,50,25149,0,0,0,0.0,35.380757774388165,100.0,0.0,1.9856497927387786e-11,89.4498133195773,30.0,82,92,213.25809415115478,125.0,4,-49.43960357408514,100.0,35.380757774388165,606.1307577743881,-64.61924222561183,3.7999999999999996e-08,0,1,38.91008891708692,0
PPO-QP-no-penalty,20260806,261,50,25150,0,0,0,0.0,99.99999999999991,100.0,0.0,1.9574112701074378e-11,94.04399918668715,30.0,82,93,203.94736842105263,125.0,3,-88.6426592797784,100.0,99.99999999999991,480.5,-8.526512829121202e-14,3.7999999999999996e-08,0,1,19.619242225611742,0
PPO-QP-no-penalty,20260806,262,50,25248,0,0,0,0.0,100.0,100.0,1.932450495919132e-11,1.932450495919132e-11,81.4188104098952,30.0,41,95,151.31578947368422,125.0,1,-100.0,100.0,100.00000000000003,100.00000000000003,2.842170943040401e-14,3.7999999999999996e-08,1,1,6.6262246732676005,0
PPO-QP-no-penalty,20260806,263,50,25342,0,0,0,0.0,99.15333227515731,100.0,0.0,1.9995734697649445e-11,106.27341279528608,30.0,190,93,203.72456112504142,125.0,3,-89.5807952629835,100.0,99.15333227515731,479.65333227515737,-0.846667724842689,3.7999999999999996e-08,0,1,44.16834586540922,0
PPO-QP-no-penalty,20260806,263,50,25343,0,0,0,0.0,100.0,100.0,0.0,1.919848354366612e-11,99.61750950348657,30.0,190,94,177.63157894736844,125.0,2,-100.0,100.0,100.00000000000003,290.25000000000006,2.842170943040401e-14,3.7999999999999996e-08,1,0,0.0,0
PPO-QP-no-penalty,20260806,263,50,25344,0,0,0,0.0,100.0,100.0,7.401486830834377e-18,7.401486830834377e-18,105.98249381751977,30.0,190,95,151.31578947368422,125.0,1,-100.0,100.0,100.00000000000003,100.00000000000003,2.842170943040401e-14,3.7999999999999996e-08,1,0,0.0,0
PPO-QP-no-penalty,20260806,264,50,25437,0,0,0,0.0,-100.0,-87.90203119123927,0.0,1.987663367231107e-11,90.43588685788883,30.0,93,92,32.87326759208067,125.0,4,-100.0,29.918416849906556,-720.3120034904083,-87.90203119123927,-12.097968808760726,3.7999999999999996e-08,0,1,62.54754212201129,0
PPO-QP-no-penalty,20260806,265,50,25533,0,0,0,0.0,79.99999993861981,100.0,0.0,0.0,106.24062507747706,30.0,199,92,224.99999998384732,125.0,4,-6.801129577644659e-08,100.0,79.99999993861981,650.7499999386198,-20.00000006138019,3.7999999999999996e-08,0,1,34.99999987723956,0
PPO-QP-no-penalty,20260806,266,51,25630,0,0,0,0.0,-100.0,-48.21414573000676,0.0,1.9981901318762615e-11,114.67215735740426,30.0,182,93,66.0491403891234,125.0,3,-100.0,100.0,-469.82079392945286,-48.21414573000676,-51.78585426999324,3.7999999999999996e-08,0,1,3.6713789614069157,0
PPO-QP-no-penalty,20260806,266,51,25631,0,0,0,0.0,-100.0,-97.13566303493789,0.0,1.9981901318762615e-11,105.9884047813646,30.0,182,94,78.18028002920225,125.0,2,-100.0,100.0,-307.9389871346609,-97.13566303493789,-2.864336965062108,3.7999999999999996e-08,0,1,1.0571803398690065,0
PPO-QP-no-penalty,20260806,267,51,25725,0,0,0,0.0,79.99999996709661,100.0,0.0,1.9241093903351233e-11,85.8202729697167,30.0,61,92,224.9999999913412,125.0,4,-3.64580524834118e-08,100.0,79.99999996709661,650.7499999670965,-20.000000032903387,3.7999999999999996e-08,0,1,34.99999998547592,0
PPO-QP-no-penalty,20260806,268,51,25821,0,0,0,0.0,79.99999999034523,100.0,0.0,1.9770870126241864e-11,112.54618120928845,30.0,212,92,224.99999999745927,125.0,4,-1.0697811759248572e-08,100.0,79.99999999034523,650.7499999903451,-20.00000000965477,3.7999999999999996e-08,0,1,35.00000002293458,0
PPO-QP-no-penalty,20260806,269,51,25918,0,0,0,0.0,99.99999997922586,100.0,0.0,1.9501204355047245e-11,110.4943430456338,30.0,157,93,203.94736841558577,125.0,3,-88.64265930279676,100.0,99.99999997922586,480.4999999792259,-2.077413796541805e-08,3.7999999999999996e-08,0,1,56.04083135081092,0
PPO-QP-no-penalty,20260806,270,51,26013,0,0,0,0.0,-100.0,-100.0,0.0,1.997899993592493e-11,92.01794582118721,30.0,127,92,30.0,125.0,4,-100.0,19.0,-732.409972299169,-100.0,0.0,3.7999999999999996e-08,0,1,38.87112486819824,0
PPO-QP-no-penalty,20260806,271,51,26111,0,0,0,0.0,-100.0,-100.0,0.0,0.0,96.86462635843155,30.0,12,94,77.5,125.0,2,-100.0,100.0,-310.80332409972306,-100.0,0.0,3.7999999999999996e-08,0,1,23.435462385366634,0
PPO-QP-no-penalty,20260806,274,52,26399,0,0,0,0.0,81.33959825654769,100.0,0.0,0.0,109.78876866424572,30.0,218,94,172.72094690961782,125.0,2,-100.0,100.0,81.33959825654769,271.58959825654773,-18.66040174345231,3.7999999999999996e-08,0,1,74.39465051237316,0
PPO-QP-no-penalty,20260806,275,52,26493,0,0,0,0.0,-100.0,-94.92209420689599,0.0,1.9529022843300935e-11,105.33033672677433,30.0,183,92,31.206002625862205,125.0,4,-100.0,23.582809978276376,-727.332066506065,-94.92209420689599,-5.077905793104009,3.7999999999999996e-08,0,1,67.367738779669,0
PPO-QP-no-penalty,20260806,276,52,26589,0,0,0,0.0,73.5579926631969,100.0,0.0,1.9988758796311383e-11,98.39027437785774,30.0,5,92,223.3047349113676,125.0,4,-7.137958267925881,100.0,73.5579926631969,644.3079926631968,-26.4420073368031,3.7999999999999996e-08,0,1,22.115985349209552,0
PPO-QP-no-penalty,20260806,277,53,26685,0,0,0,0.0,-100.0,-100.0,0.0,1.956563429790966e-11,94.0077774045799,30.0,78,92,30.0,125.0,4,-100.0,19.0,-732.409972299169,-100.0,0.0,3.7999999999999996e-08,0,1,52.14636403499308,0
PPO-QP-no-penalty,20260806,278,53,26783,0,0,0,0.0,55.650911352897054,100.0,0.0,1.9914995578555288e-11,93.92581129726868,30.0,144,94,165.96076614549924,125.0,2,-100.0,100.0,55.650911352897054,245.90091135289708,-44.349088647102946,3.7999999999999996e-08,0,1,34.93413832259229,0
PPO-QP-no-penalty,20260806,278,53,26784,0,0,0,0.0,100.0,100.0,1.9558114387289532e-11,1.9558114387289532e-11,99.34887965396273,30.0,144,95,151.31578947368422,125.0,1,-100.0,100.0,100.00000000000003,100.00000000000003,2.842170943040401e-14,3.7999999999999996e-08,1,0,0.0,0
PPO-QP-no-penalty,20260806,279,53,26877,0,0,0,0.0,-100.0,-100.0,0.0,1.9697506588774635e-11,102.9635056064629,30.0,189,92,30.0,125.0,4,-100.0,19.0,-732.409972299169,-100.0,0.0,3.7999999999999996e-08,0,1,33.94736842105263,0
PPO-QP-no-penalty,20260806,280,53,26975,0,0,0,0.0,99.99999996553956,100.0,0.0,1.9883169185182698e-11,99.43316356210373,30.0,150,94,177.6315789382999,125.0,2,-100.0,100.0,99.99999996553956,290.2499999655396,-3.4460441611372516e-08,3.7999999999999996e-08,0,1,103.40937887205592,0
PPO-QP-no-penalty,20260806,281,53,27071,0,0,0,0.0,50.823470478447206,100.0,0.0,1.982790228301686e-11,94.81906665231655,30.0,149,94,164.69038696801243,125.0,2,-100.0,100.0,50.823470478447206,241.07347047844723,-49.176529521552794,3.7999999999999996e-08,0,1,33.80879279280984,0
PPO-QP-no-penalty,20260806,281,53,27072,0,0,0,0.0,99.99999997130905,99.99999997130905,1.982790228301686e-11,1.982790228301686e-11,98.90026546933511,30.0,149,95,151.31578946613396,125.0,1,-100.0,100.0,99.99999997130905,99.99999997130905,0.0,3.7999999999999996e-08,0,1,4.176529464170898,0
PPO-QP-no-penalty,20260806,282,54,27165,0,0,0,0.0,-100.0,-100.0,0.0,1.987322158688206e-11,98.98452005268396,30.0,24,92,30.0,125.0,4,-100.0,19.0,-732.409972299169,-100.0,0.0,3.7999999999999996e-08,0,1,33.94736842105263,0
PPO-QP-no-penalty,20260806,283,54,27261,0,0,0,0.0,-100.0,-100.0,0.0,1.9902253918976007e-11,81.88761466839229,30.0,41,92,30.0,125.0,4,-100.0,19.0,-732.409972299169,-100.0,0.0,3.7999999999999996e-08,0,1,43.67728794900593,0
PPO-QP-no-penalty,20260806,285,54,27455,0,0,0,0.0,99.99999995474774,100.0,0.0,2.0150385064236312e-11,101.93605544451918,30.0,170,94,177.63157893545994,125.0,2,-100.0,100.0,99.99999995474774,290.24999995474775,-4.5252264158079925e-08,3.7999999999999996e-08,0,1,50.506456951128925,0
PPO-QP-no-penalty,20260806,286,54,27549,0,0,0,0.0,-100.0,-100.0,0.0,1.9927045199115886e-11,105.96302933422132,30.0,211,92,30.0,125.0,4,-100.0,19.0,-732.409972299169,-100.0,0.0,3.7999999999999996e-08,0,1,33.94736842105263,0
PPO-QP-no-penalty,20260806,287,54,27647,0,0,0,0.0,22.475236466797927,100.0,0.0,1.9919762136074344e-11,111.60525712456784,30.0,189,94,157.23032538599946,125.0,2,-100.0,100.0,22.475236466797927,212.72523646679795,-77.52476353320208,3.7999999999999996e-08,0,1,4.541522387114355,0
PPO-QP-no-penalty,20260806,287,54,27648,0,0,0,0.0,100.0,100.0,1.9648867718065806e-11,1.9648867718065806e-11,111.29242176433362,30.0,189,95,151.31578947368422,125.0,1,-100.0,100.0,100.00000000000003,100.00000000000003,2.842170943040401e-14,3.7999999999999996e-08,1,1,32.524763533202076,0
PPO-QP-no-penalty,20260806,288,55,27742,0,0,0,0.0,54.26288498660818,100.0,0.0,1.9566219015369295e-11,104.20652800874184,30.0,229,93,191.91128552279164,125.0,3,-100.0,100.0,54.26288498660818,434.76288498660824,-45.73711501339182,3.7999999999999996e-08,0,1,27.0826369639736,0
PPO-QP-no-penalty,20260806,288,55,27743,0,0,0,0.0,99.99999999759989,100.0,0.0,1.94225561559828e-11,104.78206419233967,30.0,229,94,177.63157894673682,125.0,2,-100.0,100.0,99.99999999759989,290.2499999975999,-2.400113885414612e-09,3.7999999999999996e-08,0,1,0.737115008591573,0
PPO-QP-no-penalty,20260806,289,55,27839,0,0,0,0.0,-100.0,-100.0,0.0,1.9932196633950146e-11,85.97040524429327,30.0,73,94,77.5,125.0,2,-100.0,100.0,-310.80332409972306,-100.0,0.0,3.7999999999999996e-08,0,1,65.70790238239657,0
PPO-QP-no-penalty,20260806,290,55,27933,0,0,0,0.0,-100.0,-74.30773869227794,0.0,2.0090366407525075e-11,113.6679028833153,30.0,168,92,36.10191206058399,125.0,4,-100.0,42.18726583021917,-706.7177109914469,-74.30773869227794,-25.692261307722063,3.7999999999999996e-08,0,1,24.785041710506498,0
PPO-QP-no-penalty,20260806,291,55,28031,0,0,0,0.0,99.99999997766349,100.0,0.0,1.9440105081258707e-11,102.52167842222252,30.0,153,94,177.6315789414904,125.0,2,-100.0,100.0,99.99999997766349,290.2499999776635,-2.2336507754516788e-08,3.7999999999999996e-08,0,1,52.648328445210254,0
PPO-QP-no-penalty,20260806,292,55,28127,0,0,0,0.0,-100.0,-100.0,0.0,0.0,113.58835657207044,30.0,165,94,77.5,125.0,2,-100.0,100.0,-310.80332409972306,-100.0,0.0,3.7999999999999996e-08,0,1,3.2858208209299136,0
PPO-QP-no-penalty,20260806,293,56,28221,0,0,0,0.0,-100.0,-100.0,0.0,1.993306630865277e-11,88.96023354870242,30.0,72,92,30.0,125.0,4,-100.0,19.0,-732.409972299169,-100.0,0.0,3.7999999999999996e-08,0,1,33.94736842105263,0
PPO-QP-no-penalty,20260806,294,56,28318,0,0,0,0.0,-100.0,-100.0,0.0,1.9892639387582753e-11,100.44471356357231,30.0,130,93,53.75,125.0,3,-100.0,100.0,-521.6066481994461,-100.0,0.0,3.7999999999999996e-08,0,1,60.438839278946624,0
PPO-QP-no-penalty,20260806,295,56,28413,0,0,0,0.0,-100.0,-100.0,0.0,1.9448835134975676e-11,103.03986682541994,30.0,194,92,30.0,125.0,4,-100.0,19.0,-732.409972299169,-100.0,0.0,3.7999999999999996e-08,0,1,55.42808377119571,0
PPO-QP-no-penalty,20260806,296,56,28509,0,0,0,0.0,-100.0,-100.0,0.0,1.9969492726090722e-11,93.4850457571753,30.0,83,92,30.0,125.0,4,-100.0,19.0,-732.409972299169,-100.0,0.0,3.7999999999999996e-08,0,1,33.94736842105263,0
PPO-QP-no-penalty,20260806,297,56,28607,0,0,0,0.0,-100.0,-26.210777997922488,0.0,2.0082728073115656e-11,91.78340758432084,30.0,88,94,95.02494022549341,125.0,2,-100.0,100.0,-237.01410209764552,-26.210777997922488,-73.78922200207751,3.7999999999999996e-08,0,1,9.636559060895937,0
PPO-QP-no-penalty,20260806,297,56,28608,0,0,0,0.0,-100.0,-100.0,2.0082728073115656e-11,2.0082728073115656e-11,95.71960186641236,30.0,88,95,101.25,125.0,1,-100.0,100.0,-100.0,-100.0,0.0,3.7999999999999996e-08,0,1,28.78922200207751,0
PPO-QP-no-penalty,20260806,298,57,28703,0,0,0,0.0,-100.0,-26.929818472174308,0.0,1.9866845205977294e-11,101.30178961448586,30.0,125,94,94.8541681128586,125.0,2,-100.0,100.0,-237.73314257189736,-26.929818472174308,-73.0701815278257,3.7999999999999996e-08,0,1,25.207069797325726,0
PPO-QP-no-penalty,20260806,298,57,28704,0,0,0,0.0,-100.0,-100.0,1.9866845205977294e-11,1.9866845205977294e-11,107.3295728390021,30.0,125,95,101.25,125.0,1,-100.0,100.0,-100.0,-100.0,0.0,3.7999999999999996e-08,0,1,28.070181527825696,0
PPO-QP-no-penalty,20260806,299,57,28797,0,0,0,0.0,-100.0,-100.0,0.0,1.9841905896100798e-11,83.30942638550725,30.0,49,92,30.0,125.0,4,-100.0,19.0,-732.409972299169,-100.0,0.0,3.7999999999999996e-08,0,1,33.94736842105263,0
PPO-QP-no-penalty,20260806,300,57,28893,0,0,0,0.0,-100.0,-100.0,0.0,1.9888994155318566e-11,105.46954824232857,30.0,143,92,30.0,125.0,4,-100.0,19.0,-732.409972299169,-100.0,0.0,3.7999999999999996e-08,0,1,33.94736842105263,0
PPO-QP-no-penalty,20260806,301,57,28989,0,0,0,0.0,-100.0,-90.48295191091215,0.0,1.98612052730122e-11,104.96059298132022,30.0,58,92,32.260298921158366,125.0,4,-100.0,27.58913590040179,-722.8929242100812,-90.48295191091215,-9.51704808908785,3.7999999999999996e-08,0,1,14.913272242876914,0
PPO-QP-no-penalty,20260806,302,57,29087,0,0,0,0.0,100.0,100.0,0.0,1.9160906195025974e-11,102.452431233944,30.0,192,94,177.63157894736844,125.0,2,-100.0,100.0,100.00000000000003,290.25000000000006,2.842170943040401e-14,3.7999999999999996e-08,1,1,63.397861898136426,0
PPO-QP-no-penalty,20260806,302,57,29088,0,0,0,0.0,100.0,100.0,1.1102230246251566e-17,1.1102230246251566e-17,104.62519943078026,30.0,192,95,151.31578947368422,125.0,1,-100.0,100.0,100.00000000000003,100.00000000000003,2.842170943040401e-14,3.7999999999999996e-08,1,0,0.0,0
PPO-QP-no-penalty,20260806,303,57,29182,0,0,0,0.0,-100.0,-69.05412430441677,0.0,2.0014715810627118e-11,101.28941006389363,30.0,11,93,61.09964547770102,125.0,3,-100.0,100.0,-490.66077250386286,-69.05412430441677,-30.945875695583226,3.7999999999999996e-08,0,1,30.169084520566045,0
PPO-QP-no-penalty,20260806,304,58,29279,0,0,0,0.0,-100.0,-36.68129784250326,0.0,1.996162864633296e-11,103.26589185063467,30.0,136,94,92.53819176240548,125.0,2,-100.0,100.0,-247.4846219422263,-36.68129784250326,-63.31870215749674,3.7999999999999996e-08,0,1,25.863724240015898,0
PPO-QP-no-penalty,20260806,304,58,29280,0,0,0,0.0,-100.0,-100.0,1.996162864633296e-11,1.996162864633296e-11,96.65845446283465,30.0,136,95,101.25,125.0,1,-100.0,100.0,-100.0,-100.0,0.0,3.7999999999999996e-08,0,1,18.318702157496745,0
PPO-QP-no-penalty,20260806,305,58,29373,0,0,0,0.0,-100.0,-36.6570557546367,0.0,1.997051043052996e-11,106.43851663116271,30.0,225,92,45.043949258273784,125.0,4,-100.0,76.16700718144038,-669.0670280538056,-36.6570557546367,-63.3429442453633,3.7999999999999996e-08,0,1,20.540517155333788,0
PPO-QP-no-penalty,20260806,305,58,29374,0,0,0,0.0,-100.0,-100.0,0.0,1.997051043052996e-11,99.77048088770964,30.0,225,93,53.75,125.0,3,-100.0,100.0,-521.6066481994461,-100.0,0.0,3.7999999999999996e-08,0,1,18.3429442453633,0
PPO-QP-no-penalty,20260806,306,58,29472,0,0,0,0.0,98.68936145215503,98.68936145215503,2.0009986260542214e-11,2.0009986260542214e-11,100.2152291626295,30.0,115,95,150.97088459267238,125.0,1,-100.0,100.0,98.68936145215503,98.68936145215503,0.0,3.7999999999999996e-08,0,1,28.4065342251194,0
PPO-QP-no-penalty,20260806,307,58,29565,0,0,0,0.0,-100.0,-100.0,0.0,1.9878002947374777e-11,105.46954824232857,30.0,143,92,30.0,125.0,4,-100.0,19.0,-732.409972299169,-100.0,0.0,3.7999999999999996e-08,0,1,52.92946767707273,0
PPO-QP-no-penalty,20260806,308,58,29661,0,0,0,0.0,-100.0,-100.0,0.0,2.0025399856867428e-11,88.96023354870242,30.0,72,92,30.0,125.0,4,-100.0,19.0,-732.409972299169,-100.0,0.0,3.7999999999999996e-08,0,1,33.94736842105263,0
PPO-QP-no-penalty,20260806,309,59,29757,0,0,0,0.0,-100.0,-97.89578375363779,0.0,1.9915184316469473e-11,105.46834623074572,30.0,204,92,30.499751358511027,125.0,4,-100.0,20.899055162341902,-730.3057560528068,-97.89578375363779,-2.1042162463622134,3.7999999999999996e-08,0,1,29.73893592832819,0
PPO-QP-no-penalty,20260806,310,59,29856,0,0,0,0.0,-71.11208345037151,-71.11208345037151,2.0209226884541445e-11,2.0209226884541445e-11,109.9055045078366,30.0,206,95,108.11088018053677,125.0,1,-100.0,100.0,-71.11208345037151,-71.11208345037151,0.0,3.7999999999999996e-08,0,1,33.004612419980845,0
PPO-QP-no-penalty,20260806,311,59,29951,0,0,0,0.0,-100.0,-47.748586691008384,0.0,1.7012461809666016e-11,112.35089219499217,30.0,167,94,89.90971066088551,125.0,2,-100.0,100.0,-258.5519107907314,-47.748586691008384,-52.251413308991616,3.7999999999999996e-08,0,1,22.535845881662873,0
PPO-QP-no-penalty,20260806,311,59,29952,0,0,0,0.0,-100.0,-100.0,1.7012461809666016e-11,1.7012461809666016e-11,110.58275662238893,30.0,167,95,101.25,125.0,1,-100.0,100.0,-100.0,-100.0,0.0,3.7999999999999996e-08,0,1,7.251413308991616,0
PPO-QP-no-penalty,20260806,312,59,30045,0,0,0,0.0,-100.0,-100.0,0.0,1.998734141158328e-11,92.94233251117724,30.0,1,92,30.0,125.0,4,-100.0,19.0,-732.409972299169,-100.0,0.0,3.7999999999999996e-08,0,1,33.94736842105263,0
PPO-QP-no-penalty,20260806,315,60,30333,0,0,0,0.0,-100.0,-100.0,0.0,1.9815423376220073e-11,112.16735870136588,30.0,181,92,30.0,125.0,4,-100.0,19.0,-732.409972299169,-100.0,0.0,3.7999999999999996e-08,0,1,33.94736842105263,0
PPO-QP-no-penalty,20260806,316,60,30430,0,0,0,0.0,-100.0,-100.0,0.0,1.9979799296502657e-11,99.5543541108162,30.0,120,93,53.75,125.0,3,-100.0,100.0,-521.6066481994461,-100.0,0.0,3.7999999999999996e-08,0,1,6.9095082437519295,0
PPO-QP-no-penalty,20260806,317,60,30526,0,0,0,0.0,-100.0,-68.1404382423092,0.0,2.0009075877662023e-11,100.52487628982759,30.0,179,93,61.31664591745157,125.0,3,-100.0,100.0,-489.7470864417553,-68.1404382423092,-31.8595617576908,3.7999999999999996e-08,0,1,28.357283155665044,0
PPO-QP-no-penalty,20260806,318,60,30621,0,0,0,0.0,-100.0,-100.0,0.0,1.9887587872820708e-11,105.33033672677433,30.0,183,92,30.0,125.0,4,-100.0,19.0,-732.409972299169,-100.0,0.0,3.7999999999999996e-08,0,1,58.49531408200088,0
PPO-QP-no-penalty,20260806,319,60,30717,0,0,0,0.0,-100.0,-100.0,0.0,1.9948387386392597e-11,83.04178651529132,30.0,55,92,30.0,125.0,4,-100.0,19.0,-732.409972299169,-100.0,0.0,3.7999999999999996e-08,0,1,33.94736842105263,0
PPO-QP-no-penalty,20260806,320,61,30813,0,0,0,0.0,-100.0,-100.0,0.0,1.987967198265513e-11,102.98408042338848,30.0,178,92,30.0,125.0,4,-100.0,19.0,-732.409972299169,-100.0,0.0,3.7999999999999996e-08,0,1,33.94736842105263,0
PPO-QP-no-penalty,20260806,321,61,30912,0,0,0,0.0,99.99999995518385,99.99999995518385,2.0051993399050615e-11,2.0051993399050615e-11,110.42307449343555,30.0,187,95,151.3157894618905,125.0,1,-100.0,100.0,99.99999995518385,99.99999995518385,0.0,3.7999999999999996e-08,0,1,33.74554934590114,0
PPO-QP-no-penalty,20260806,322,61,31005,0,0,0,0.0,-100.0,-100.0,0.0,1.984698331606675e-11,92.94233251117724,30.0,1,92,30.0,125.0,4,-100.0,19.0,-732.409972299169,-100.0,0.0,3.7999999999999996e-08,0,1,33.94736842105263,0
PPO-QP-no-penalty,20260806,323,61,31101,0,0,0,0.0,-100.0,-36.25398808232714,0.0,2.005335527262749e-11,100.24751861636082,30.0,107,92,45.139677830447305,125.0,4,-100.0,76.53077575569975,-668.663960381496,-36.25398808232714,-63.74601191767286,3.7999999999999996e-08,0,1,9.543435837337281,0
PPO-QP-no-penalty,20260806,323,61,31102,0,0,0,0.0,-100.0,-97.38230985040155,0.0,2.005335527262749e-11,97.06069346599763,30.0,107,93,54.37170141052963,125.0,3,-100.0,100.0,-518.9889580498476,-97.38230985040155,-2.6176901495984453,3.7999999999999996e-08,0,1,13.51063161847597,0
PPO-QP-no-penalty,20260806,324,61,31197,0,0,0,0.0,-100.0,-100.0,0.0,1.9448901748357154e-11,102.98408042338848,30.0,178,92,30.0,125.0,4,-100.0,19.0,-732.409972299169,-100.0,0.0,3.7999999999999996e-08,0,1,33.94736842105263,0
PPO-QP-no-penalty,20260806,325,62,31293,0,0,0,0.0,-100.0,-100.0,0.0,1.9940456693253356e-11,99.69693547047898,30.0,137,92,30.0,125.0,4,-100.0,19.0,-732.409972299169,-100.0,0.0,3.7999999999999996e-08,0,1,33.94736842105263,0
PPO-QP-no-penalty,20260806,326,62,31389,0,0,0,0.0,-100.0,-100.0,0.0,1.9848434007485592e-11,99.96667633583264,30.0,97,92,30.0,125.0,4,-100.0,19.0,-732.409972299169,-100.0,0.0,3.7999999999999996e-08,0,1,33.94736842105263,0
PPO-QP-no-penalty,20260806,327,62,31485,0,0,0,0.0,-100.0,-93.42711675475198,0.0,0.0,100.83889927295647,30.0,31,92,31.561059770746407,125.0,4,-100.0,24.932027128836346,-725.837089053921,-93.42711675475198,-6.572883245248022,3.7999999999999996e-08,0,1,20.801601930556572,0
PPO-QP-no-penalty,20260806,328,62,31583,0,0,0,0.0,-100.0,-81.96740971684652,0.0,1.990408578696664e-11,110.12603222173522,30.0,156,94,81.78274019224895,125.0,2,-100.0,100.0,-292.7707338165696,-81.96740971684652,-18.032590283153482,3.7999999999999996e-08,0,1,69.89204589297034,0
PPO-QP-no-penalty,20260806,330,63,31773,0,0,0,0.0,-100.0,-100.0,0.0,1.9921223929723433e-11,98.93643937105452,30.0,191,92,30.0,125.0,4,-100.0,19.0,-732.409972299169,-100.0,0.0,3.7999999999999996e-08,0,1,38.5137956549943,0
PPO-QP-no-penalty,20260806,331,63,31869,0,0,0,0.0,-100.0,-100.0,0.0,1.988694764420984e-11,101.5466799515969,30.0,16,92,30.0,125.0,4,-100.0,19.0,-732.409972299169,-100.0,0.0,3.7999999999999996e-08,0,1,45.126389911325475,0
PPO-QP-no-penalty,20260806,332,63,31965,0,0,0,0.0,-100.0,-100.0,0.0,1.987878380423543e-11,94.29020215225974,30.0,81,92,30.0,125.0,4,-100.0,19.0,-732.409972299169,-100.0,0.0,3.7999999999999996e-08,0,1,33.94736842105263,0
PPO-QP-no-penalty,20260806,333,63,32061,0,0,0,0.0,-100.0,-100.0,0.0,1.9853866698819426e-11,102.76821325956304,30.0,139,92,30.0,125.0,4,-100.0,19.0,-732.409972299169,-100.0,0.0,3.7999999999999996e-08,0,1,66.18816283903793,0
PPO-QP-no-penalty,20260806,334,63,32157,0,0,0,0.0,-100.0,-100.0,0.0,1.998607205659179e-11,81.88761466839229,30.0,41,92,30.0,125.0,4,-100.0,19.0,-732.409972299169,-100.0,0.0,3.7999999999999996e-08,0,1,33.94736842105263,0
PPO-QP-no-penalty,20260806,335,63,32255,0,0,0,0.0,-100.0,-100.0,0.0,1.9935727143168456e-11,99.43316356210373,30.0,150,94,77.5,125.0,2,-100.0,100.0,-310.80332409972306,-100.0,0.0,3.7999999999999996e-08,0,1,15.998566385789758,0
PPO-QP-no-penalty,20260806,336,64,32349,0,0,0,0.0,-100.0,-100.0,0.0,1.980063150478865e-11,98.93643937105452,30.0,191,92,30.0,125.0,4,-100.0,19.0,-732.409972299169,-100.0,0.0,3.7999999999999996e-08,0,1,33.94736842105263,0
PPO-QP-no-penalty,20260806,337,64,32445,0,0,0,0.0,-100.0,-100.0,0.0,1.9583701327263724e-11,102.02181808763575,30.0,44,92,30.0,125.0,4,-100.0,19.0,-732.409972299169,-100.0,0.0,3.7999999999999996e-08,0,1,33.94736842105263,0
PPO-QP-no-penalty,20260806,338,64,32541,0,0,0,0.0,-100.0,-100.0,0.0,1.9770159583506104e-11,73.92145614413825,30.0,13,92,30.0,125.0,4,-100.0,19.0,-732.409972299169,-100.0,0.0,3.7999999999999996e-08,0,1,33.94736842105263,0
PPO-QP-no-penalty,20260806,339,64,32640,0,0,0,0.0,-44.77988069531457,-44.77988069531457,2.0011377740066413e-11,2.0011377740066413e-11,106.06609383587255,30.0,40,95,114.36477833486279,125.0,1,-100.0,100.0,-44.77988069531457,-44.77988069531457,0.0,3.7999999999999996e-08,0,1,24.775994541497504,0
PPO-QP-no-penalty,20260806,340,64,32733,0,0,0,0.0,-100.0,-100.0,0.0,1.9882488248394262e-11,110.34769251483871,30.0,219,92,30.0,125.0,4,-100.0,19.0,-732.409972299169,-100.0,0.0,3.7999999999999996e-08,0,1,54.97180950607462,0
PPO-QP-no-penalty,20260806,341,65,32829,0,0,0,0.0,-100.0,-100.0,0.0,1.978190574310664e-11,101.10748378887497,30.0,110,92,30.0,125.0,4,-100.0,19.0,-732.409972299169,-100.0,0.0,3.7999999999999996e-08,0,1,33.94736842105263,0
PPO-QP-no-penalty,20260806,342,65,32925,0,0,0,0.0,-100.0,-100.0,0.0,1.850371707708594e-17,115.68383100969456,30.0,208,92,30.0,125.0,4,-100.0,19.0,-732.409972299169,-100.0,0.0,3.7999999999999996e-08,0,1,33.94736842105263,0
PPO-QP-no-penalty,20260806,343,65,33021,0,0,0,0.0,-100.0,-100.0,0.0,1.9877447835862464e-11,84.73391284961718,30.0,63,92,30.0,125.0,4,-100.0,19.0,-732.409972299169,-100.0,0.0,3.7999999999999996e-08,0,1,42.44281228700733,0
PPO-QP-no-penalty,20260806,344,65,33117,0,0,0,0.0,-100.0,-98.93546120416723,0.0,1.9722934396781965e-11,107.24698631088836,30.0,156,92,30.252827964010287,125.0,4,-100.0,19.960746263239088,-731.3454335033362,-98.93546120416723,-1.0645387958327746,3.7999999999999996e-08,0,1,81.43872799728916,0
PPO-QP-no-penalty,20260806,345,65,33213,0,0,0,0.0,-100.0,-100.0,0.0,2.0044558605529044e-11,100.9288157550295,30.0,155,92,30.0,125.0,4,-100.0,19.0,-732.409972299169,-100.0,0.0,3.7999999999999996e-08,0,1,39.52437481395977,0
PPO-QP-no-penalty,20260806,346,66,33309,0,0,0,0.0,-100.0,-100.0,0.0,1.9776458248799145e-11,100.48692081466652,30.0,32,92,30.0,125.0,4,-100.0,19.0,-732.409972299169,-100.0,0.0,3.7999999999999996e-08,0,1,33.94736842105263,0
PPO-QP-no-penalty,20260806,347,66,33405,0,0,0,0.0,-100.0,-100.0,0.0,1.9866852607464126e-11,87.61049049163246,30.0,101,92,30.0,125.0,4,-100.0,19.0,-732.409972299169,-100.0,0.0,3.7999999999999996e-08,0,1,33.94736842105263,0
PPO-QP-no-penalty,20260806,348,66,33501,0,0,0,0.0,-100.0,-100.0,0.0,1.9970732475134886e-11,99.1738371645239,30.0,108,92,30.0,125.0,4,-100.0,19.0,-732.409972299169,-100.0,0.0,3.7999999999999996e-08,0,1,33.94736842105263,0
PPO-QP-no-penalty,20260806,349,66,33597,0,0,0,0.0,-100.0,-100.0,0.0,0.0,110.34769251483871,30.0,219,92,30.0,125.0,4,-100.0,19.0,-732.409972299169,-100.0,0.0,3.7999999999999996e-08,0,1,37.868365210308426,0
PPO-QP-no-penalty,20260806,350,66,33693,0,0,0,0.0,-100.0,-98.43598670322147,0.0,1.972527326662051e-11,110.48753847270052,30.0,160,92,30.371453157984902,125.0,4,-100.0,20.41152200034263,-730.8459590023904,-98.43598670322147,-1.5640132967785263,3.7999999999999996e-08,0,1,30.819341827495577,0
PPO-QP-no-penalty,20260806,351,66,33789,0,0,0,0.0,-100.0,-100.0,0.0,1.9960766373117168e-11,104.64145612587045,30.0,171,92,30.0,125.0,4,-100.0,19.0,-732.409972299169,-100.0,0.0,3.7999999999999996e-08,0,1,33.94736842105263,0
PPO-QP-no-penalty,20260806,352,67,33885,0,0,0,0.0,-100.0,-100.0,0.0,2.0007095979934774e-11,85.8202729697167,30.0,61,92,30.0,125.0,4,-100.0,19.0,-732.409972299169,-100.0,0.0,3.7999999999999996e-08,0,1,33.94736842105263,0
PPO-QP-no-penalty,20260806,353,67,33981,0,0,0,0.0,-100.0,-100.0,0.0,2.0018264823562504e-11,102.11370682986832,30.0,188,92,30.0,125.0,4,-100.0,19.0,-732.409972299169,-100.0,0.0,3.7999999999999996e-08,0,1,33.94736842105263,0
PPO-QP-no-penalty,20260806,354,67,34077,0,0,0,0.0,-100.0,-100.0,0.0,1.9853085841958774e-11,94.29020215225974,30.0,81,92,30.0,125.0,4,-100.0,19.0,-732.409972299169,-100.0,0.0,3.7999999999999996e-08,0,1,33.94736842105263,0
PPO-QP-no-penalty,20260806,355,67,34173,0,0,0,0.0,-100.0,-100.0,0.0,0.0,109.97109181636901,30.0,185,92,30.0,125.0,4,-100.0,19.0,-732.409972299169,-100.0,0.0,3.7999999999999996e-08,0,1,33.94736842105263,0
PPO-QP-no-penalty,20260806,356,67,34269,0,0,0,0.0,-100.0,-100.0,0.0,0.0,97.15497237735016,30.0,17,92,30.0,125.0,4,-100.0,19.0,-732.409972299169,-100.0,0.0,3.7999999999999996e-08,0,1,33.94736842105263,0
PPO-QP-no-penalty,20260806,357,68,34365,0,0,0,0.0,-100.0,-100.0,0.0,1.998525419229698e-11,109.23909068749569,30.0,157,92,30.0,125.0,4,-100.0,19.0,-732.409972299169,-100.0,0.0,3.7999999999999996e-08,0,1,33.94736842105263,0
PPO-QP-no-penalty,20260806,358,68,34461,0,0,0,0.0,-100.0,-100.0,0.0,0.0,108.98309588157623,30.0,165,92,30.0,125.0,4,-100.0,19.0,-732.409972299169,-100.0,0.0,3.7999999999999996e-08,0,1,33.94736842105263,0
PPO-QP-no-penalty,20260806,359,68,34557,0,0,0,0.0,-100.0,-100.0,0.0,1.9933732442467545e-11,112.16735870136588,30.0,181,92,30.0,125.0,4,-100.0,19.0,-732.409972299169,-100.0,0.0,3.7999999999999996e-08,0,1,33.94736842105263,0
PPO-QP-no-penalty,20260806,360,68,34653,0,0,0,0.0,-100.0,-100.0,0.0,1.9963490120270914e-11,108.3505698228186,30.0,161,92,30.0,125.0,4,-100.0,19.0,-732.409972299169,-100.0,0.0,3.7999999999999996e-08,0,1,33.94736842105263,0
PPO-QP-no-penalty,20260806,361,68,34749,0,0,0,0.0,-100.0,-100.0,0.0,2.0107082665532516e-11,104.06273500373985,30.0,192,92,30.0,125.0,4,-100.0,19.0,-732.409972299169,-100.0,0.0,3.7999999999999996e-08,0,1,41.566589358346334,0
PPO-QP-no-penalty,20260806,362,69,34845,0,0,0,0.0,-100.0,-100.0,0.0,1.9912479073032802e-11,93.11517390836408,30.0,96,92,30.0,125.0,4,-100.0,19.0,-732.409972299169,-100.0,0.0,3.7999999999999996e-08,0,1,33.94736842105263,0
PPO-QP-no-penalty,20260806,363,69,34941,0,0,0,0.0,-100.0,-100.0,0.0,1.9927877866384355e-11,98.38002215283956,30.0,50,92,30.0,125.0,4,-100.0,19.0,-732.409972299169,-100.0,0.0,3.7999999999999996e-08,0,1,33.94736842105263,0
PPO-QP-no-penalty,20260806,364,69,35037,0,0,0,0.0,-100.0,-100.0,0.0,1.9926164422183015e-11,109.9284297131466,30.0,221,92,30.0,125.0,4,-100.0,19.0,-732.409972299169,-100.0,0.0,3.7999999999999996e-08,0,1,33.94736842105263,0
PPO-QP-no-penalty,20260806,365,69,35133,0,0,0,0.0,-100.0,-100.0,0.0,1.986676749036557e-11,102.31891501836098,30.0,162,92,30.0,125.0,4,-100.0,19.0,-732.409972299169,-100.0,0.0,3.7999999999999996e-08,0,1,33.94736842105263,0
PPO-QP-no-penalty,20260806,366,69,35229,0,0,0,0.0,-100.0,-100.0,0.0,1.9925487186137996e-11,93.65825683373826,30.0,147,92,30.0,125.0,4,-100.0,19.0,-732.409972299169,-100.0,0.0,3.7999999999999996e-08,0,1,33.94736842105263,0
PPO-QP-no-penalty,20260806,367,69,35325,0,0,0,0.0,-100.0,-100.0,0.0,2.001130742594152e-11,96.85699797452907,30.0,26,92,30.0,125.0,4,-100.0,19.0,-732.409972299169,-100.0,0.0,3.7999999999999996e-08,0,1,33.94736842105263,0
PPO-QP-no-penalty,20260806,368,70,35421,0,0,0,0.0,-100.0,-100.0,0.0,1.999166017914907e-11,98.60021436873261,30.0,138,92,30.0,125.0,4,-100.0,19.0,-732.409972299169,-100.0,0.0,3.7999999999999996e-08,0,1,33.94736842105263,0
PPO-QP-no-penalty,20260806,369,70,35517,0,0,0,0.0,-100.0,-100.0,0.0,1.986076118380235e-11,89.55801861089178,30.0,102,92,30.0,125.0,4,-100.0,19.0,-732.409972299169,-100.0,0.0,3.7999999999999996e-08,0,1,37.45813851957863,0
PPO-QP-no-penalty,20260806,370,70,35613,0,0,0,0.0,-100.0,-100.0,0.0,1.99120460860532e-11,91.03882991970426,30.0,95,92,30.0,125.0,4,-100.0,19.0,-732.409972299169,-100.0,0.0,3.7999999999999996e-08,0,1,35.4076365303568,0
PPO-QP-no-penalty,20260806,371,70,35709,0,0,0,0.0,-100.0,-87.6678187481628,0.0,1.9937203739791206e-11,92.94233251117724,30.0,1,92,32.928893047311334,125.0,4,-100.0,30.12979357978307,-720.0777910473319,-87.6678187481628,-12.332181251837198,3.7999999999999996e-08,0,1,37.117766139329774,0
PPO-QP-no-penalty,20260806,372,70,35805,0,0,0,0.0,-100.0,-100.0,0.0,1.9887073469485966e-11,102.34785609960065,30.0,23,92,30.0,125.0,4,-100.0,19.0,-732.409972299169,-100.0,0.0,3.7999999999999996e-08,0,1,33.94736842105263,0
PPO-QP-no-penalty,20260806,373,71,35901,0,0,0,0.0,-100.0,-100.0,0.0,1.985408874342435e-11,98.39027437785774,30.0,5,92,30.0,125.0,4,-100.0,19.0,-732.409972299169,-100.0,0.0,3.7999999999999996e-08,0,1,33.94736842105263,0
PPO-QP-no-penalty,20260806,374,71,35997,0,0,0,0.0,-100.0,-100.0,0.0,1.9890148787264175e-11,99.83051753648506,30.0,190,92,30.0,125.0,4,-100.0,19.0,-732.409972299169,-100.0,0.0,3.7999999999999996e-08,0,1,33.94736842105263,0
PPO-QP-no-penalty,20260806,375,71,36095,0,0,0,0.0,-100.0,-100.0,0.0,1.996938910527509e-11,112.99743715597447,30.0,166,94,77.5,125.0,2,-100.0,100.0,-310.80332409972306,-100.0,0.0,3.7999999999999996e-08,0,1,108.10125660000014,0
PPO-QP-no-penalty,20260806,376,71,36189,0,0,0,0.0,-100.0,-100.0,0.0,1.9851168856869585e-11,104.96059298132022,30.0,58,92,30.0,125.0,4,-100.0,19.0,-732.409972299169,-100.0,0.0,3.7999999999999996e-08,0,1,33.94736842105263,0
PPO-QP-no-penalty,20260806,377,71,36285,0,0,0,0.0,-100.0,-100.0,0.0,1.994647040130341e-11,99.51338637734993,30.0,140,92,30.0,125.0,4,-100.0,19.0,-732.409972299169,-100.0,0.0,3.7999999999999996e-08,0,1,33.94736842105263,0
PPO-QP-no-penalty,20260806,378,72,36381,0,0,0,0.0,-100.0,-100.0,0.0,1.9933762048414868e-11,115.68383100969456,30.0,208,92,30.0,125.0,4,-100.0,19.0,-732.409972299169,-100.0,0.0,3.7999999999999996e-08,0,1,33.94736842105263,0
PPO-QP-no-penalty,20260806,379,72,36477,0,0,0,0.0,-100.0,-100.0,0.0,1.9952473007123216e-11,80.32125119024646,30.0,20,92,30.0,125.0,4,-100.0,19.0,-732.409972299169,-100.0,0.0,3.7999999999999996e-08,0,1,33.94736842105263,0
PPO-QP-no-penalty,20260806,380,72,36573,0,0,0,0.0,-100.0,-100.0,0.0,1.9930542401643455e-11,94.11350934331959,30.0,103,92,30.0,125.0,4,-100.0,19.0,-732.409972299169,-100.0,0.0,3.7999999999999996e-08,0,1,33.94736842105263,0
PPO-QP-no-penalty,20260806,381,72,36669,0,0,0,0.0,-100.0,-100.0,0.0,1.983890829393431e-11,87.56950904514152,30.0,98,92,30.0,125.0,4,-100.0,19.0,-732.409972299169,-100.0,0.0,3.7999999999999996e-08,0,1,33.94736842105263,0
PPO-QP-no-penalty,20260806,382,72,36765,0,0,0,0.0,-100.0,-100.0,0.0,1.9912275532144957e-11,93.58051686509125,30.0,76,92,30.0,125.0,4,-100.0,19.0,-732.409972299169,-100.0,0.0,3.7999999999999996e-08,0,1,33.94736842105263,0
PPO-QP-no-penalty,20260806,383,72,36861,0,0,0,0.0,-100.0,-100.0,0.0,1.9897246813134947e-11,92.19664912634585,30.0,74,92,30.0,125.0,4,-100.0,19.0,-732.409972299169,-100.0,0.0,3.7999999999999996e-08,0,1,33.94736842105263,0
PPO-QP-no-penalty,20260806,384,73,36957,0,0,0,0.0,-100.0,-100.0,0.0,1.9929180528066582e-11,102.17123510480714,30.0,231,92,30.0,125.0,4,-100.0,19.0,-732.409972299169,-100.0,0.0,3.7999999999999996e-08,0,1,33.94736842105263,0
PPO-QP-no-penalty,20260806,385,73,37053,0,0,0,0.0,-100.0,-100.0,0.0,0.0,94.29020215225974,30.0,81,92,30.0,125.0,4,-100.0,19.0,-732.409972299169,-100.0,0.0,3.7999999999999996e-08,0,1,33.94736842105263,0
PPO-QP-no-penalty,20260806,386,73,37149,0,0,0,0.0,-100.0,-100.0,0.0,2.005646389709644e-11,104.23250747221446,30.0,226,92,30.0,125.0,4,-100.0,19.0,-732.409972299169,-100.0,0.0,3.7999999999999996e-08,0,1,55.3627499800583,0
PPO-QP-no-penalty,20260806,387,73,37245,0,0,0,0.0,-100.0,-100.0,0.0,2.0061489506654578e-11,98.38002215283956,30.0,50,92,30.0,125.0,4,-100.0,19.0,-732.409972299169,-100.0,0.0,3.7999999999999996e-08,0,1,33.94736842105263,0
PPO-QP-no-penalty,20260806,388,73,37341,0,0,0,0.0,-100.0,-100.0,0.0,1.9958416401048376e-11,73.92145614413825,30.0,13,92,30.0,125.0,4,-100.0,19.0,-732.409972299169,-100.0,0.0,3.7999999999999996e-08,0,1,33.94736842105263,0
PPO-QP-no-penalty,20260806,389,74,37437,0,0,0,0.0,-100.0,-100.0,0.0,1.986370697556102e-11,99.05485532187399,30.0,36,92,30.0,125.0,4,-100.0,19.0,-732.409972299169,-100.0,0.0,3.7999999999999996e-08,0,1,33.94736842105263,0
PPO-QP-no-penalty,20260806,390,74,37533,0,0,0,0.0,-100.0,-100.0,0.0,1.9939612923754644e-11,91.85584163919535,30.0,100,92,30.0,125.0,4,-100.0,19.0,-732.409972299169,-100.0,0.0,3.7999999999999996e-08,0,1,33.94736842105263,0
PPO-QP-no-penalty,20260806,391,74,37629,0,0,0,0.0,-100.0,-100.0,0.0,1.9859155061160057e-11,101.7500204535244,30.0,123,92,30.0,125.0,4,-100.0,19.0,-732.409972299169,-100.0,0.0,3.7999999999999996e-08,0,1,33.94736842105263,0
PPO-QP-no-penalty,20260806,392,74,37725,0,0,0,0.0,-100.0,-100.0,0.0,1.99419073846722e-11,114.98663326839446,30.0,182,92,30.0,125.0,4,-100.0,19.0,-732.409972299169,-100.0,0.0,3.7999999999999996e-08,0,1,33.94736842105263,0
PPO-QP-no-penalty,20260806,393,74,37822,0,0,0,0.0,-100.0,-100.0,0.0,0.0,95.9408612110994,30.0,103,93,53.75,125.0,3,-100.0,100.0,-521.6066481994461,-100.0,0.0,3.7999999999999996e-08,0,1,84.95715822165806,0
PPO-QP-no-penalty,20260806,394,75,37917,0,0,0,0.0,-100.0,-100.0,0.0,1.998416617373285e-11,95.24953877379312,30.0,64,92,30.0,125.0,4,-100.0,19.0,-732.409972299169,-100.0,0.0,3.7999999999999996e-08,0,1,33.94736842105263,0
PPO-QP-no-penalty,20260806,395,75,38013,0,0,0,0.0,-100.0,-100.0,0.0,2.0007451251302655e-11,100.53597211255874,30.0,10,92,30.0,125.0,4,-100.0,19.0,-732.409972299169,-100.0,0.0,3.7999999999999996e-08,0,1,33.94736842105263,0
PPO-QP-no-penalty,20260806,396,75,38109,0,0,0,0.0,-100.0,-100.0,0.0,1.9880948739133448e-11,109.00845018424536,30.0,186,92,30.0,125.0,4,-100.0,19.0,-732.409972299169,-100.0,0.0,3.7999999999999996e-08,0,1,33.94736842105263,0
PPO-QP-no-penalty,20260806,397,75,38205,0,0,0,0.0,-100.0,-100.0,0.0,1.9965732770780658e-11,93.65825683373826,30.0,147,92,30.0,125.0,4,-100.0,19.0,-732.409972299169,-100.0,0.0,3.7999999999999996e-08,0,1,33.94736842105263,0
PPO-QP-no-penalty,20260806,398,75,38301,0,0,0,0.0,-100.0,-100.0,0.0,1.9813909772163168e-11,89.04411420168975,30.0,119,92,30.0,125.0,4,-100.0,19.0,-732.409972299169,-100.0,0.0,3.7999999999999996e-08,0,1,33.94736842105263,0
PPO-QP-no-penalty,20260806,399,75,38397,0,0,0,0.0,-100.0,-100.0,0.0,1.993875805202568e-11,83.30546343049515,30.0,77,92,30.0,125.0,4,-100.0,19.0,-732.409972299169,-100.0,0.0,3.7999999999999996e-08,0,1,33.94736842105263,0
PPO-QP-no-penalty,20260806,400,76,38493,0,0,0,0.0,-100.0,-100.0,0.0,2.000244784620501e-11,94.11350934331959,30.0,103,92,30.0,125.0,4,-100.0,19.0,-732.409972299169,-100.0,0.0,3.7999999999999996e-08,0,1,33.94736842105263,0
PPO-QP-no-penalty,20260806,401,76,38589,0,0,0,0.0,-100.0,-100.0,0.0,1.99620468303389e-11,107.26565595594029,30.0,39,92,30.0,125.0,4,-100.0,19.0,-732.409972299169,-100.0,0.0,3.7999999999999996e-08,0,1,33.94736842105263,0
PPO-QP-no-penalty,20260806,402,76,38685,0,0,0,0.0,-100.0,-100.0,0.0,0.0,108.22393721596258,30.0,209,92,30.0,125.0,4,-100.0,19.0,-732.409972299169,-100.0,0.0,3.7999999999999996e-08,0,1,81.63040439687371,0
PPO-QP-no-penalty,20260806,403,76,38781,0,0,0,0.0,-100.0,-100.0,0.0,2.0066726058587392e-11,103.27932168487578,30.0,12,92,30.0,125.0,4,-100.0,19.0,-732.409972299169,-100.0,0.0,3.7999999999999996e-08,0,1,33.94736842105263,0
PPO-QP-no-penalty,20260806,404,76,38877,0,0,0,0.0,-100.0,-100.0,0.0,1.9842845884928315e-11,105.46834623074572,30.0,204,92,30.0,125.0,4,-100.0,19.0,-732.409972299169,-100.0,0.0,3.7999999999999996e-08,0,1,33.94736842105263,0
PPO-QP-no-penalty,20260806,405,77,38973,0,0,0,0.0,-100.0,-100.0,0.0,1.9877544055191265e-11,94.92530164324614,30.0,109,92,30.0,125.0,4,-100.0,19.0,-732.409972299169,-100.0,0.0,3.7999999999999996e-08,0,1,33.94736842105263,0
PPO-QP-no-penalty,20260806,406,77,39069,0,0,0,0.0,-100.0,-100.0,0.0,2.0079060636390978e-11,83.30942638550725,30.0,49,92,30.0,125.0,4,-100.0,19.0,-732.409972299169,-100.0,0.0,3.7999999999999996e-08,0,1,33.94736842105263,0
PPO-QP-no-penalty,20260806,407,77,39165,0,0,0,0.0,-100.0,-100.0,0.0,1.9908060385394796e-11,88.96023354870242,30.0,72,92,30.0,125.0,4,-100.0,19.0,-732.409972299169,-100.0,0.0,3.7999999999999996e-08,0,1,33.94736842105263,0
PPO-QP-no-penalty,20260806,408,77,39261,0,0,0,0.0,-100.0,-99.5712557421789,0.0,2.0102212487197827e-11,87.01349732194478,30.0,60,92,30.101826761232513,125.0,4,-100.0,19.386941692683546,-731.9812280413479,-99.5712557421789,-0.42874425782109427,3.7999999999999996e-08,0,1,33.08987990541043,0
PPO-QP-no-penalty,20260806,409,77,39357,0,0,0,0.0,-100.0,-100.0,0.0,1.9900832833504485e-11,105.7846855565606,30.0,4,92,30.0,125.0,4,-100.0,19.0,-732.409972299169,-100.0,0.0,3.7999999999999996e-08,0,1,33.94736842105263,0
PPO-QP-no-penalty,20260806,410,78,39453,0,0,0,0.0,-100.0,-100.0,0.0,1.9987563456188204e-11,93.19234625977204,30.0,43,92,30.0,125.0,4,-100.0,19.0,-732.409972299169,-100.0,0.0,3.7999999999999996e-08,0,1,33.94736842105263,0
PPO-QP-no-penalty,20260806,411,78,39549,0,0,0,0.0,-100.0,-100.0,0.0,1.9939231747182854e-11,81.39778407810832,30.0,6,92,30.0,125.0,4,-100.0,19.0,-732.409972299169,-100.0,0.0,3.7999999999999996e-08,0,1,54.957404590139824,0
PPO-QP-no-penalty,20260806,412,78,39645,0,0,0,0.0,-100.0,-55.015569488376684,0.0,1.987559376341134e-11,110.10922097309025,30.0,167,92,40.68380224651054,125.0,4,-100.0,59.598448536740044,-687.4255417875456,-55.015569488376684,-44.984430511623316,3.7999999999999996e-08,0,1,52.22436756615854,0
PPO-QP-no-penalty,20260806,413,78,39741,0,0,0,0.0,-100.0,-100.0,0.0,1.9939990399583016e-11,88.20043028629402,30.0,48,92,30.0,125.0,4,-100.0,19.0,-732.409972299169,-100.0,0.0,3.7999999999999996e-08,0,1,33.94736842105263,0
PPO-QP-no-penalty,20260806,414,78,39837,0,0,0,0.0,-100.0,-100.0,0.0,1.9906017575029486e-11,108.88773156390575,30.0,47,92,30.0,125.0,4,-100.0,19.0,-732.409972299169,-100.0,0.0,3.7999999999999996e-08,0,1,33.94736842105263,0
PPO-QP-no-penalty,20260806,415,78,39933,0,0,0,0.0,-100.0,-100.0,0.0,1.997387070555116e-11,100.07914421571272,30.0,180,92,30.0,125.0,4,-100.0,19.0,-732.409972299169,-100.0,0.0,3.7999999999999996e-08,0,1,33.94736842105263,0
PPO-QP-no-penalty,20260806,416,79,40029,0,0,0,0.0,-100.0,-100.0,0.0,0.0,108.98309588157623,30.0,165,92,30.0,125.0,4,-100.0,19.0,-732.409972299169,-100.0,0.0,3.7999999999999996e-08,0,1,33.94736842105263,0
PPO-QP-no-penalty,20260806,417,79,40125,0,0,0,0.0,-100.0,-100.0,0.0,1.9859850800922155e-11,107.61759070352285,30.0,152,92,30.0,125.0,4,-100.0,19.0,-732.409972299169,-100.0,0.0,3.7999999999999996e-08,0,1,33.94736842105263,0
PPO-QP-no-penalty,20260806,418,79,40221,0,0,0,0.0,-100.0,-100.0,0.0,1.9988362816765932e-11,103.74738027439993,30.0,54,92,30.0,125.0,4,-100.0,19.0,-732.409972299169,-100.0,0.0,3.7999999999999996e-08,0,1,33.94736842105263,0
PPO-QP-no-penalty,20260806,419,79,40317,0,0,0,0.0,-100.0,-100.0,0.0,1.9940264254595754e-11,95.06128279232206,30.0,126,92,30.0,125.0,4,-100.0,19.0,-732.409972299169,-100.0,0.0,3.7999999999999996e-08,0,1,33.94736842105263,0
PPO-QP-no-penalty,20260806,420,79,40413,0,0,0,0.0,-100.0,-100.0,0.0,1.9913011980084624e-11,87.56950904514152,30.0,98,92,30.0,125.0,4,-100.0,19.0,-732.409972299169,-100.0,0.0,3.7999999999999996e-08,0,1,33.94736842105263,0
PPO-QP-no-penalty,20260806,421,80,40509,0,0,0,0.0,-100.0,-100.0,0.0,1.98939235455479e-11,103.27932168487578,30.0,12,92,30.0,125.0,4,-100.0,19.0,-732.409972299169,-100.0,0.0,3.7999999999999996e-08,0,1,33.94736842105263,0
PPO-QP-no-penalty,20260806,422,80,40605,0,0,0,0.0,-100.0,-100.0,0.0,1.9955744464302446e-11,105.49799693923116,30.0,228,92,30.0,125.0,4,-100.0,19.0,-732.409972299169,-100.0,0.0,3.7999999999999996e-08,0,1,33.94736842105263,0
PPO-QP-no-penalty,20260806,423,80,40701,0,0,0,0.0,-100.0,-100.0,0.0,1.995785758879265e-11,103.27932168487578,30.0,12,92,30.0,125.0,4,-100.0,19.0,-732.409972299169,-100.0,0.0,3.7999999999999996e-08,0,1,33.94736842105263,0
PPO-QP-no-penalty,20260806,424,80,40797,0,0,0,0.0,-100.0,-100.0,0.0,1.989666949716214e-11,114.98663326839446,30.0,182,92,30.0,125.0,4,-100.0,19.0,-732.409972299169,-100.0,0.0,3.7999999999999996e-08,0,1,33.94736842105263,0
PPO-QP-no-penalty,20260806,425,80,40893,0,0,0,0.0,-100.0,-100.0,0.0,1.9785317828535652e-11,105.49799693923116,30.0,228,92,30.0,125.0,4,-100.0,19.0,-732.409972299169,-100.0,0.0,3.7999999999999996e-08,0,1,33.94736842105263,0
PPO-QP-no-penalty,20260806,426,81,40989,0,0,0,0.0,-100.0,-100.0,0.0,2.0088875007928664e-11,109.25196286046445,30.0,158,92,30.0,125.0,4,-100.0,19.0,-732.409972299169,-100.0,0.0,3.7999999999999996e-08,0,1,33.94736842105263,0
PPO-QP-no-penalty,20260806,427,81,41085,0,0,0,0.0,-100.0,-100.0,0.0,1.9570223219744775e-11,95.87558463372099,30.0,46,92,30.0,125.0,4,-100.0,19.0,-732.409972299169,-100.0,0.0,3.7999999999999996e-08,0,1,33.94736842105263,0
PPO-QP-no-penalty,20260806,428,81,41181,0,0,0,0.0,-100.0,-100.0,0.0,1.9880930235416372e-11,98.60021436873261,30.0,138,92,30.0,125.0,4,-100.0,19.0,-732.409972299169,-100.0,0.0,3.7999999999999996e-08,0,1,33.94736842105263,0
PPO-QP-no-penalty,20260806,429,81,41277,0,0,0,0.0,-100.0,-100.0,0.0,1.9897024768530022e-11,100.53597211255874,30.0,10,92,30.0,125.0,4,-100.0,19.0,-732.409972299169,-100.0,0.0,3.7999999999999996e-08,0,1,33.94736842105263,0
PPO-QP-no-penalty,20260806,430,81,41373,0,0,0,0.0,-100.0,-100.0,0.0,1.967939144975617e-11,90.64375549933027,30.0,80,92,30.0,125.0,4,-100.0,19.0,-732.409972299169,-100.0,0.0,3.7999999999999996e-08,0,1,33.94736842105263,0
PPO-QP-no-penalty,20260806,431,81,41469,0,0,0,0.0,-100.0,-100.0,0.0,2.0035173520227544e-11,114.05868659417193,30.0,202,92,30.0,125.0,4,-100.0,19.0,-732.409972299169,-100.0,0.0,3.7999999999999996e-08,0,1,61.91376297550236,0
PPO-QP-no-penalty,20260806,432,82,41565,0,0,0,0.0,-100.0,-100.0,0.0,1.9871637668700258e-11,105.07840638717109,30.0,239,92,30.0,125.0,4,-100.0,19.0,-732.409972299169,-100.0,0.0,3.7999999999999996e-08,0,1,33.94736842105263,0
PPO-QP-no-penalty,20260806,433,82,41661,0,0,0,0.0,-100.0,-100.0,0.0,1.984347871205235e-11,73.92145614413825,30.0,13,92,30.0,125.0,4,-100.0,19.0,-732.409972299169,-100.0,0.0,3.7999999999999996e-08,0,1,33.94736842105263,0
PPO-QP-no-penalty,20260806,434,82,41757,0,0,0,0.0,-100.0,-100.0,0.0,2.000541214168076e-11,105.7846855565606,30.0,4,92,30.0,125.0,4,-100.0,19.0,-732.409972299169,-100.0,0.0,3.7999999999999996e-08,0,1,33.94736842105263,0
PPO-QP-no-penalty,20260806,435,82,41853,0,0,0,0.0,-100.0,-100.0,0.0,1.999768498942937e-11,88.96023354870242,30.0,72,92,30.0,125.0,4,-100.0,19.0,-732.409972299169,-100.0,0.0,3.7999999999999996e-08,0,1,33.94736842105263,0
PPO-QP-no-penalty,20260806,436,82,41949,0,0,0,0.0,-100.0,-100.0,0.0,1.9942584620717223e-11,95.24953877379312,30.0,64,92,30.0,125.0,4,-100.0,19.0,-732.409972299169,-100.0,0.0,3.7999999999999996e-08,0,1,33.94736842105263,0
PPO-QP-no-penalty,20260806,437,83,42045,0,0,0,0.0,-100.0,-100.0,0.0,1.9772106174542613e-11,99.02691431499208,30.0,144,92,30.0,125.0,4,-100.0,19.0,-732.409972299169,-100.0,0.0,3.7999999999999996e-08,0,1,33.94736842105263,0
PPO-QP-no-penalty,20260806,438,83,42141,0,0,0,0.0,-100.0,-100.0,0.0,1.9949686347331407e-11,93.65665261795868,30.0,73,92,30.0,125.0,4,-100.0,19.0,-732.409972299169,-100.0,0.0,3.7999999999999996e-08,0,1,37.63676163518873,0
PPO-QP-no-penalty,20260806,439,83,42237,0,0,0,0.0,-100.0,-100.0,0.0,1.9782538570230675e-11,89.55801861089178,30.0,102,92,30.0,125.0,4,-100.0,19.0,-732.409972299169,-100.0,0.0,3.7999999999999996e-08,0,1,39.58173313628687,0
PPO-QP-no-penalty,20260806,440,83,42334,0,0,0,0.0,-100.0,-100.0,0.0,2.0080218969080002e-11,105.89638008603899,30.0,206,93,53.75,125.0,3,-100.0,100.0,-521.6066481994461,-100.0,0.0,3.7999999999999996e-08,0,1,131.95278331355328,0
PPO-QP-no-penalty,20260806,441,83,42429,0,0,0,0.0,-100.0,-100.0,0.0,1.990337154348746e-11,89.55801861089178,30.0,102,92,30.0,125.0,4,-100.0,19.0,-732.409972299169,-100.0,0.0,3.7999999999999996e-08,0,1,33.94736842105263,0
PPO-QP-no-penalty,20260806,442,84,42525,0,0,0,0.0,-100.0,-100.0,0.0,1.9898209006422955e-11,101.76595014465538,30.0,18,92,30.0,125.0,4,-100.0,19.0,-732.409972299169,-100.0,0.0,3.7999999999999996e-08,0,1,45.721322775219356,0
PPO-QP-no-penalty,20260806,443,84,42621,0,0,0,0.0,-100.0,-100.0,0.0,1.984652442388324e-11,109.25196286046445,30.0,158,92,30.0,125.0,4,-100.0,19.0,-732.409972299169,-100.0,0.0,3.7999999999999996e-08,0,1,33.94736842105263,0
PPO-QP-no-penalty,20260806,444,84,42717,0,0,0,0.0,-100.0,-100.0,0.0,1.9925202228895007e-11,100.24854400666918,30.0,170,92,30.0,125.0,4,-100.0,19.0,-732.409972299169,-100.0,0.0,3.7999999999999996e-08,0,1,33.94736842105263,0
PPO-QP-no-penalty,20260806,445,84,42813,0,0,0,0.0,-100.0,-100.0,0.0,1.9913000877854378e-11,92.05160546747763,30.0,120,92,30.0,125.0,4,-100.0,19.0,-732.409972299169,-100.0,0.0,3.7999999999999996e-08,0,1,33.94736842105263,0
PPO-QP-no-penalty,20260806,446,84,42909,0,0,0,0.0,-100.0,-78.53015372844715,0.0,2.006866524813707e-11,105.49799693923116,30.0,228,92,35.0990884894938,125.0,4,-100.0,38.37653626007645,-710.9401260276162,-78.53015372844715,-21.469846271552854,3.7999999999999996e-08,0,1,48.42448017303968,0
PPO-QP-no-penalty,20260806,447,84,43005,0,0,0,0.0,-100.0,-100.0,0.0,1.998073558458676e-11,112.2379934511449,30.0,220,92,30.0,125.0,4,-100.0,19.0,-732.409972299169,-100.0,0.0,3.7999999999999996e-08,0,1,33.94736842105263,0
PPO-QP-no-penalty,20260806,448,85,43101,0,0,0,0.0,-100.0,-100.0,0.0,1.9963382798711866e-11,99.44808768061047,30.0,106,92,30.0,125.0,4,-100.0,19.0,-732.409972299169,-100.0,0.0,3.7999999999999996e-08,0,1,33.94736842105263,0
PPO-QP-no-penalty,20260806,449,85,43197,0,0,0,0.0,-100.0,-100.0,0.0,1.9953394492233657e-11,93.90241884913648,30.0,99,92,30.0,125.0,4,-100.0,19.0,-732.409972299169,-100.0,0.0,3.7999999999999996e-08,0,1,33.94736842105263,0
PPO-QP-no-penalty,20260806,450,85,43293,0,0,0,0.0,-100.0,-100.0,0.0,1.9830100524605616e-11,102.11370682986832,30.0,188,92,30.0,125.0,4,-100.0,19.0,-732.409972299169,-100.0,0.0,3.7999999999999996e-08,0,1,33.94736842105263,0
PPO-QP-no-penalty,20260806,451,85,43389,0,0,0,0.0,-100.0,-100.0,0.0,1.992617922515668e-11,96.58075138170044,30.0,179,92,30.0,125.0,4,-100.0,19.0,-732.409972299169,-100.0,0.0,3.7999999999999996e-08,0,1,33.94736842105263,0
PPO-QP-no-penalty,20260806,452,85,43485,0,0,0,0.0,-100.0,-100.0,0.0,1.997579139138376e-11,98.38002215283956,30.0,50,92,30.0,125.0,4,-100.0,19.0,-732.409972299169,-100.0,0.0,3.7999999999999996e-08,0,1,33.94736842105263,0
PPO-QP-no-penalty,20260806,453,86,43581,0,0,0,0.0,-100.0,-100.0,0.0,1.9979455127365022e-11,103.92254966074705,30.0,229,92,30.0,125.0,4,-100.0,19.0,-732.409972299169,-100.0,0.0,3.7999999999999996e-08,0,1,33.94736842105263,0
PPO-QP-no-penalty,20260806,454,86,43677,0,0,0,0.0,-100.0,-100.0,0.0,1.9979680872713365e-11,98.10037487022021,30.0,132,92,30.0,125.0,4,-100.0,19.0,-732.409972299169,-100.0,0.0,3.7999999999999996e-08,0,1,33.94736842105263,0
PPO-QP-no-penalty,20260806,455,86,43773,0,0,0,0.0,-100.0,-100.0,0.0,2.0108599970332836e-11,93.40953184232814,30.0,135,92,30.0,125.0,4,-100.0,19.0,-732.409972299169,-100.0,0.0,3.7999999999999996e-08,0,1,33.94736842105263,0
PPO-QP-no-penalty,20260806,456,86,43869,0,0,0,0.0,-100.0,-100.0,0.0,1.9970554839450945e-11,97.7759754231541,30.0,122,92,30.0,125.0,4,-100.0,19.0,-732.409972299169,-100.0,0.0,3.7999999999999996e-08,0,1,33.94736842105263,0
PPO-QP-no-penalty,20260806,457,86,43965,0,0,0,0.0,-100.0,-100.0,0.0,1.9975843201791576e-11,95.87781493241873,30.0,133,92,30.0,125.0,4,-100.0,19.0,-732.409972299169,-100.0,0.0,3.7999999999999996e-08,0,1,33.94736842105263,0
PPO-QP-no-penalty,20260806,458,87,44061,0,0,0,0.0,-100.0,-100.0,0.0,1.9875760296865033e-11,92.94233251117724,30.0,1,92,30.0,125.0,4,-100.0,19.0,-732.409972299169,-100.0,0.0,3.7999999999999996e-08,0,1,33.94736842105263,0
PPO-QP-no-penalty,20260806,459,87,44157,0,0,0,0.0,-100.0,-100.0,0.0,1.990682803783746e-11,102.9635056064629,30.0,189,92,30.0,125.0,4,-100.0,19.0,-732.409972299169,-100.0,0.0,3.7999999999999996e-08,0,1,33.94736842105263,0
PPO-QP-no-penalty,20260806,460,87,44253,0,0,0,0.0,-100.0,-100.0,0.0,1.983931167496659e-11,103.63968225208008,30.0,38,92,30.0,125.0,4,-100.0,19.0,-732.409972299169,-100.0,0.0,3.7999999999999996e-08,0,1,33.94736842105263,0
PPO-QP-no-penalty,20260806,461,87,44349,0,0,0,0.0,-100.0,-100.0,0.0,1.9815327156891272e-11,100.12765026961917,30.0,111,92,30.0,125.0,4,-100.0,19.0,-732.409972299169,-100.0,0.0,3.7999999999999996e-08,0,1,33.94736842105263,0
PPO-QP-no-penalty,20260806,462,87,44445,0,0,0,0.0,-100.0,-100.0,0.0,1.9996200991319786e-11,99.02691431499208,30.0,144,92,30.0,125.0,4,-100.0,19.0,-732.409972299169,-100.0,0.0,3.7999999999999996e-08,0,1,33.94736842105263,0
PPO-QP-no-penalty,20260806,463,87,44541,0,0,0,0.0,-100.0,-100.0,0.0,2.002801628246213e-11,96.25561346436216,30.0,8,92,30.0,125.0,4,-100.0,19.0,-732.409972299169,-100.0,0.0,3.7999999999999996e-08,0,1,33.94736842105263,0
PPO-QP-no-penalty,20260806,464,88,44637,0,0,0,0.0,-100.0,-100.0,0.0,2.00127433143867e-11,103.60264311293285,30.0,198,92,30.0,125.0,4,-100.0,19.0,-732.409972299169,-100.0,0.0,3.7999999999999996e-08,0,1,33.94736842105263,0
PPO-QP-no-penalty,20260806,465,88,44733,0,0,0,0.0,-100.0,-100.0,0.0,1.983619564901081e-11,90.43588685788883,30.0,93,92,30.0,125.0,4,-100.0,19.0,-732.409972299169,-100.0,0.0,3.7999999999999996e-08,0,1,45.46443578154843,0
PPO-QP-no-penalty,20260806,466,88,44829,0,0,0,0.0,-100.0,-100.0,0.0,1.9933110717573754e-11,92.19664912634585,30.0,74,92,30.0,125.0,4,-100.0,19.0,-732.409972299169,-100.0,0.0,3.7999999999999996e-08,0,1,33.94736842105263,0
PPO-QP-no-penalty,20260806,467,88,44925,0,0,0,0.0,-100.0,-100.0,0.0,2.0074142348391887e-11,112.50095741162527,30.0,230,92,30.0,125.0,4,-100.0,19.0,-732.409972299169,-100.0,0.0,3.7999999999999996e-08,0,1,33.94736842105263,0
PPO-QP-no-penalty,20260806,468,88,45021,0,0,0,0.0,-100.0,-100.0,0.0,1.9898612387455235e-11,91.87996057561233,30.0,84,92,30.0,125.0,4,-100.0,19.0,-732.409972299169,-100.0,0.0,3.7999999999999996e-08,0,1,33.94736842105263,0
PPO-QP-no-penalty,20260806,469,89,45117,0,0,0,0.0,-100.0,-100.0,0.0,2.000497545395774e-11,98.98452005268396,30.0,24,92,30.0,125.0,4,-100.0,19.0,-732.409972299169,-100.0,0.0,3.7999999999999996e-08,0,1,33.94736842105263,0
PPO-QP-no-penalty,20260806,470,89,45213,0,0,0,0.0,-100.0,-100.0,0.0,1.9824593818403478e-11,93.40953184232814,30.0,135,92,30.0,125.0,4,-100.0,19.0,-732.409972299169,-100.0,0.0,3.7999999999999996e-08,0,1,33.94736842105263,0
PPO-QP-no-penalty,20260806,471,89,45309,0,0,0,0.0,-100.0,-92.8182180760112,0.0,1.995662894197873e-11,100.69676510316452,30.0,2,92,31.70567320694734,125.0,4,-100.0,25.481558186399884,-725.2281903751801,-92.8182180760112,-7.181781923988794,3.7999999999999996e-08,0,1,69.32762627007122,0
PPO-QP-no-penalty,20260806,472,89,45405,0,0,0,0.0,-100.0,-100.0,0.0,2.0004050268103887e-11,92.24150315024411,30.0,69,92,30.0,125.0,4,-100.0,19.0,-732.409972299169,-100.0,0.0,3.7999999999999996e-08,0,1,33.94736842105263,0
PPO-QP-no-penalty,20260806,473,89,45501,0,0,0,0.0,-100.0,-100.0,0.0,1.9945918990534513e-11,103.76593309393455,30.0,130,92,30.0,125.0,4,-100.0,19.0,-732.409972299169,-100.0,0.0,3.7999999999999996e-08,0,1,33.94736842105263,0
PPO-QP-no-penalty,20260806,474,90,45597,0,0,0,0.0,-100.0,-100.0,0.0,1.995471565763296e-11,113.92297184986944,30.0,217,92,30.0,125.0,4,-100.0,19.0,-732.409972299169,-100.0,0.0,3.7999999999999996e-08,0,1,33.94736842105263,0
PPO-QP-no-penalty,20260806,475,90,45693,0,0,0,0.0,-100.0,-100.0,0.0,1.9906846541554537e-11,101.21404399016883,30.0,40,92,30.0,125.0,4,-100.0,19.0,-732.409972299169,-100.0,0.0,3.7999999999999996e-08,0,1,68.06594874813152,0
PPO-QP-no-penalty,20260806,476,90,45789,0,0,0,0.0,-100.0,-100.0,0.0,2.0016255319887932e-11,89.06749358209602,30.0,92,92,30.0,125.0,4,-100.0,19.0,-732.409972299169,-100.0,0.0,3.7999999999999996e-08,0,1,33.94736842105263,0
PPO-QP-no-penalty,20260806,477,90,45885,0,0,0,0.0,-100.0,-100.0,0.0,1.994384657422188e-11,100.83889927295647,30.0,31,92,30.0,125.0,4,-100.0,19.0,-732.409972299169,-100.0,0.0,3.7999999999999996e-08,0,1,33.94736842105263,0
PPO-QP-no-penalty,20260806,478,90,45981,0,0,0,0.0,-100.0,-100.0,0.0,1.993439857628232e-11,100.24854400666918,30.0,170,92,30.0,125.0,4,-100.0,19.0,-732.409972299169,-100.0,0.0,3.7999999999999996e-08,0,1,33.94736842105263,0
PPO-QP-no-penalty,20260806,479,90,46077,0,0,0,0.0,-100.0,-100.0,0.0,1.9669410544764786e-11,94.14081101762508,30.0,115,92,30.0,125.0,4,-100.0,19.0,-732.409972299169,-100.0,0.0,3.7999999999999996e-08,0,1,41.903765274871226,0
