controller,seed,episode,update,transition,endpoint_minimum_violation_kw,endpoint_infeasible,feasible_state_violation,extra_excess_energy_kwh_step,power_lower_kw,power_upper_kw,ev_lower_fraction,ev_upper_fraction,base_load_minus_pv_kw,lighting_kw,day,step,soc_kwh,target_kwh,remaining_steps,physical_lower_kw,physical_upper_kw,terminal_lower_kw,terminal_upper_kw,terminal_physical_gap_kw,tolerance_kw,terminal_roundoff_repair,terminal_ramp_relaxation,terminal_ramp_gap_kw,terminal_target_conflict_step
PPO-QP-no-penalty,20260809,0,1,93,0,0,0,0.0,-100.0,-100.0,0.0,1.9948879585266846e-11,111.07898321111968,30.0,203,92,30.0,125.0,4,-100.0,19.0,-732.409972299169,-100.0,0.0,3.7999999999999996e-08,0,1,33.94736842105263,0
PPO-QP-no-penalty,20260809,1,1,189,0,0,0,0.0,-100.0,-100.0,0.0,1.990608788915438e-11,103.63968225208008,30.0,38,92,30.0,125.0,4,-100.0,19.0,-732.409972299169,-100.0,0.0,3.7999999999999996e-08,0,1,33.94736842105263,0
PPO-QP-no-penalty,20260809,2,1,285,0,0,0,0.0,-100.0,-100.0,0.0,1.988056016107483e-11,77.39593317848316,30.0,42,92,30.0,125.0,4,-100.0,19.0,-732.409972299169,-100.0,0.0,3.7999999999999996e-08,0,1,33.94736842105263,0
PPO-QP-no-penalty,20260809,3,1,381,0,0,0,0.0,-100.0,-100.0,0.0,1.998735621455694e-11,90.43588685788883,30.0,93,92,30.0,125.0,4,-100.0,19.0,-732.409972299169,-100.0,0.0,3.7999999999999996e-08,0,1,33.94736842105263,0
PPO-QP-no-penalty,20260809,4,1,477,0,0,0,0.0,-100.0,-100.0,0.0,1.9890278313283717e-11,100.49931148378674,30.0,174,92,30.0,125.0,4,-100.0,19.0,-732.409972299169,-100.0,0.0,3.7999999999999996e-08,0,1,33.94736842105263,0
PPO-QP-no-penalty,20260809,5,2,573,0,0,0,0.0,-100.0,-100.0,0.0,1.996665055514768e-11,111.37033894980843,30.0,201,92,30.0,125.0,4,-100.0,19.0,-732.409972299169,-100.0,0.0,3.7999999999999996e-08,0,1,33.94736842105263,0
PPO-QP-no-penalty,20260809,6,2,669,0,0,0,0.0,-100.0,-100.0,0.0,1.9798322240897428e-11,103.52373239298403,30.0,11,92,30.0,125.0,4,-100.0,19.0,-732.409972299169,-100.0,0.0,3.7999999999999996e-08,0,1,33.94736842105263,0
PPO-QP-no-penalty,20260809,7,2,765,0,0,0,0.0,-100.0,-100.0,0.0,1.9930309254808283e-11,99.69693547047898,30.0,137,92,30.0,125.0,4,-100.0,19.0,-732.409972299169,-100.0,0.0,3.7999999999999996e-08,0,1,33.94736842105263,0
PPO-QP-no-penalty,20260809,8,2,861,0,0,0,0.0,-100.0,-100.0,0.0,2.002014110047412e-11,92.88476102773205,30.0,105,92,30.0,125.0,4,-100.0,19.0,-732.409972299169,-100.0,0.0,3.7999999999999996e-08,0,1,33.94736842105263,0
PPO-QP-no-penalty,20260809,9,2,957,0,0,0,0.0,-100.0,-100.0,0.0,1.9963182958567435e-11,93.19234625977204,30.0,43,92,30.0,125.0,4,-100.0,19.0,-732.409972299169,-100.0,0.0,3.7999999999999996e-08,0,1,33.94736842105263,0
PPO-QP-no-penalty,20260809,10,3,1053,0,0,0,0.0,-100.0,-100.0,0.0,1.9703409274522224e-11,100.83889927295647,30.0,31,92,30.0,125.0,4,-100.0,19.0,-732.409972299169,-100.0,0.0,3.7999999999999996e-08,0,1,33.94736842105263,0
PPO-QP-no-penalty,20260809,11,3,1149,0,0,0,0.0,-100.0,-100.0,0.0,0.0,76.26011533638224,30.0,28,92,30.0,125.0,4,-100.0,19.0,-732.409972299169,-100.0,0.0,3.7999999999999996e-08,0,1,33.94736842105263,0
PPO-QP-no-penalty,20260809,12,3,1245,0,0,0,0.0,-100.0,-100.0,0.0,2.009024058224895e-11,112.24190410144651,30.0,216,92,30.0,125.0,4,-100.0,19.0,-732.409972299169,-100.0,0.0,3.7999999999999996e-08,0,1,33.94736842105263,0
PPO-QP-no-penalty,20260809,13,3,1341,0,0,0,0.0,-100.0,-100.0,0.0,1.9889545566087464e-11,117.29831760304205,30.0,210,92,30.0,125.0,4,-100.0,19.0,-732.409972299169,-100.0,0.0,3.7999999999999996e-08,0,1,33.94736842105263,0
PPO-QP-no-penalty,20260809,14,3,1437,0,0,0,0.0,-100.0,-100.0,0.0,2.0077302783268654e-11,93.11517390836408,30.0,96,92,30.0,125.0,4,-100.0,19.0,-732.409972299169,-100.0,0.0,3.7999999999999996e-08,0,1,33.94736842105263,0
PPO-QP-no-penalty,20260809,15,3,1533,0,0,0,0.0,-100.0,-100.0,0.0,1.9867193075858343e-11,91.86532092092294,30.0,121,92,30.0,125.0,4,-100.0,19.0,-732.409972299169,-100.0,0.0,3.7999999999999996e-08,0,1,33.94736842105263,0
PPO-QP-no-penalty,20260809,16,4,1629,0,0,0,0.0,-100.0,-100.0,0.0,1.993301079750154e-11,101.5466799515969,30.0,16,92,30.0,125.0,4,-100.0,19.0,-732.409972299169,-100.0,0.0,3.7999999999999996e-08,0,1,33.94736842105263,0
PPO-QP-no-penalty,20260809,17,4,1725,0,0,0,0.0,-100.0,-100.0,0.0,1.9867089455042713e-11,95.08737753583918,30.0,148,92,30.0,125.0,4,-100.0,19.0,-732.409972299169,-100.0,0.0,3.7999999999999996e-08,0,1,33.94736842105263,0
PPO-QP-no-penalty,20260809,18,4,1821,0,0,0,0.0,-100.0,-100.0,0.0,2.001222150956513e-11,95.64219345576147,30.0,149,92,30.0,125.0,4,-100.0,19.0,-732.409972299169,-100.0,0.0,3.7999999999999996e-08,0,1,33.94736842105263,0
PPO-QP-no-penalty,20260809,19,4,1917,0,0,0,0.0,-100.0,-100.0,0.0,2.0077632149432627e-11,95.06128279232206,30.0,126,92,30.0,125.0,4,-100.0,19.0,-732.409972299169,-100.0,0.0,3.7999999999999996e-08,0,1,33.94736842105263,0
PPO-QP-no-penalty,20260809,20,4,2013,0,0,0,0.0,-100.0,-100.0,0.0,1.9853851895845765e-11,100.53597211255874,30.0,10,92,30.0,125.0,4,-100.0,19.0,-732.409972299169,-100.0,0.0,3.7999999999999996e-08,0,1,33.94736842105263,0
PPO-QP-no-penalty,20260809,21,5,2109,0,0,0,0.0,-100.0,-100.0,0.0,2.008680259161603e-11,101.3762952084312,30.0,30,92,30.0,125.0,4,-100.0,19.0,-732.409972299169,-100.0,0.0,3.7999999999999996e-08,0,1,33.94736842105263,0
PPO-QP-no-penalty,20260809,22,5,2205,0,0,0,0.0,-100.0,-100.0,0.0,1.9898012867021938e-11,103.71614153679448,30.0,125,92,30.0,125.0,4,-100.0,19.0,-732.409972299169,-100.0,0.0,3.7999999999999996e-08,0,1,33.94736842105263,0
PPO-QP-no-penalty,20260809,23,5,2301,0,0,0,0.0,-100.0,-100.0,0.0,2.0057670339449865e-11,109.23909068749569,30.0,157,92,30.0,125.0,4,-100.0,19.0,-732.409972299169,-100.0,0.0,3.7999999999999996e-08,0,1,33.94736842105263,0
PPO-QP-no-penalty,20260809,24,5,2397,0,0,0,0.0,-100.0,-100.0,0.0,2.0063639638578935e-11,106.24062507747706,30.0,199,92,30.0,125.0,4,-100.0,19.0,-732.409972299169,-100.0,0.0,3.7999999999999996e-08,0,1,33.94736842105263,0
PPO-QP-no-penalty,20260809,25,5,2493,0,0,0,0.0,-100.0,-100.0,0.0,1.9948146838070593e-11,101.5466799515969,30.0,16,92,30.0,125.0,4,-100.0,19.0,-732.409972299169,-100.0,0.0,3.7999999999999996e-08,0,1,33.94736842105263,0
PPO-QP-no-penalty,20260809,26,6,2589,0,0,0,0.0,-100.0,-100.0,0.0,1.9979196075325945e-11,82.89185109276251,30.0,91,92,30.0,125.0,4,-100.0,19.0,-732.409972299169,-100.0,0.0,3.7999999999999996e-08,0,1,33.94736842105263,0
PPO-QP-no-penalty,20260809,27,6,2685,0,0,0,0.0,-100.0,-100.0,0.0,1.9982652569675945e-11,76.26011533638224,30.0,28,92,30.0,125.0,4,-100.0,19.0,-732.409972299169,-100.0,0.0,3.7999999999999996e-08,0,1,33.94736842105263,0
PPO-QP-no-penalty,20260809,28,6,2781,0,0,0,0.0,-100.0,-100.0,0.0,1.9957435704043292e-11,104.76339971089588,30.0,25,92,30.0,125.0,4,-100.0,19.0,-732.409972299169,-100.0,0.0,3.7999999999999996e-08,0,1,33.94736842105263,0
PPO-QP-no-penalty,20260809,29,6,2877,0,0,0,0.0,-100.0,-100.0,0.0,1.98944749563168e-11,99.79980532597651,30.0,129,92,30.0,125.0,4,-100.0,19.0,-732.409972299169,-100.0,0.0,3.7999999999999996e-08,0,1,33.94736842105263,0
PPO-QP-no-penalty,20260809,30,6,2973,0,0,0,0.0,-100.0,-100.0,0.0,0.0,95.87558463372099,30.0,46,92,30.0,125.0,4,-100.0,19.0,-732.409972299169,-100.0,0.0,3.7999999999999996e-08,0,1,33.94736842105263,0
PPO-QP-no-penalty,20260809,31,6,3069,0,0,0,0.0,-100.0,-100.0,0.0,1.9801926764984045e-11,103.35487004591415,30.0,223,92,30.0,125.0,4,-100.0,19.0,-732.409972299169,-100.0,0.0,3.7999999999999996e-08,0,1,33.94736842105263,0
PPO-QP-no-penalty,20260809,32,7,3165,0,0,0,0.0,-100.0,-100.0,0.0,1.992997248715748e-11,93.65665261795868,30.0,73,92,30.0,125.0,4,-100.0,19.0,-732.409972299169,-100.0,0.0,3.7999999999999996e-08,0,1,33.94736842105263,0
PPO-QP-no-penalty,20260809,33,7,3261,0,0,0,0.0,-100.0,-100.0,0.0,1.986089811130872e-11,98.38002215283956,30.0,50,92,30.0,125.0,4,-100.0,19.0,-732.409972299169,-100.0,0.0,3.7999999999999996e-08,0,1,33.94736842105263,0
PPO-QP-no-penalty,20260809,34,7,3357,0,0,0,0.0,-100.0,-100.0,0.0,1.9928088808759033e-11,94.29020215225974,30.0,81,92,30.0,125.0,4,-100.0,19.0,-732.409972299169,-100.0,0.0,3.7999999999999996e-08,0,1,33.94736842105263,0
PPO-QP-no-penalty,20260809,35,7,3453,0,0,0,0.0,-100.0,-100.0,0.0,1.9837416894337898e-11,93.95418866591038,30.0,94,92,30.0,125.0,4,-100.0,19.0,-732.409972299169,-100.0,0.0,3.7999999999999996e-08,0,1,33.94736842105263,0
PPO-QP-no-penalty,20260809,36,7,3549,0,0,0,0.0,-100.0,-100.0,0.0,1.9820767249711935e-11,92.24150315024411,30.0,69,92,30.0,125.0,4,-100.0,19.0,-732.409972299169,-100.0,0.0,3.7999999999999996e-08,0,1,33.94736842105263,0
PPO-QP-no-penalty,20260809,37,8,3645,0,0,0,0.0,-100.0,-100.0,0.0,1.9828842271844376e-11,102.98408042338848,30.0,178,92,30.0,125.0,4,-100.0,19.0,-732.409972299169,-100.0,0.0,3.7999999999999996e-08,0,1,33.94736842105263,0
PPO-QP-no-penalty,20260809,38,8,3741,0,0,0,0.0,-100.0,-100.0,0.0,1.9855657858632488e-11,99.05485532187399,30.0,36,92,30.0,125.0,4,-100.0,19.0,-732.409972299169,-100.0,0.0,3.7999999999999996e-08,0,1,33.94736842105263,0
PPO-QP-no-penalty,20260809,39,8,3837,0,0,0,0.0,-100.0,-100.0,0.0,2.0069842084543175e-11,101.3762952084312,30.0,30,92,30.0,125.0,4,-100.0,19.0,-732.409972299169,-100.0,0.0,3.7999999999999996e-08,0,1,33.94736842105263,0
PPO-QP-no-penalty,20260809,40,8,3933,0,0,0,0.0,-100.0,-100.0,0.0,2.0035425170779795e-11,103.63968225208008,30.0,38,92,30.0,125.0,4,-100.0,19.0,-732.409972299169,-100.0,0.0,3.7999999999999996e-08,0,1,33.94736842105263,0
PPO-QP-no-penalty,20260809,41,8,4029,0,0,0,0.0,-100.0,-100.0,0.0,0.0,91.9647476534924,30.0,62,92,30.0,125.0,4,-100.0,19.0,-732.409972299169,-100.0,0.0,3.7999999999999996e-08,0,1,33.94736842105263,0
PPO-QP-no-penalty,20260809,42,9,4125,0,0,0,0.0,-100.0,-100.0,0.0,1.9995790208800677e-11,102.40925487505093,30.0,131,92,30.0,125.0,4,-100.0,19.0,-732.409972299169,-100.0,0.0,3.7999999999999996e-08,0,1,33.94736842105263,0
PPO-QP-no-penalty,20260809,43,9,4221,0,0,0,0.0,-100.0,-100.0,0.0,1.995870505903478e-11,95.09537857069627,30.0,117,92,30.0,125.0,4,-100.0,19.0,-732.409972299169,-100.0,0.0,3.7999999999999996e-08,0,1,33.94736842105263,0
PPO-QP-no-penalty,20260809,44,9,4317,0,0,0,0.0,-100.0,-100.0,0.0,1.9888550066108716e-11,104.76339971089588,30.0,25,92,30.0,125.0,4,-100.0,19.0,-732.409972299169,-100.0,0.0,3.7999999999999996e-08,0,1,33.94736842105263,0
PPO-QP-no-penalty,20260809,45,9,4413,0,0,0,0.0,-100.0,-100.0,0.0,0.0,93.4850457571753,30.0,83,92,30.0,125.0,4,-100.0,19.0,-732.409972299169,-100.0,0.0,3.7999999999999996e-08,0,1,33.94736842105263,0
PPO-QP-no-penalty,20260809,46,9,4509,0,0,0,0.0,-100.0,-100.0,0.0,1.9941259754574502e-11,96.01676559852008,30.0,37,92,30.0,125.0,4,-100.0,19.0,-732.409972299169,-100.0,0.0,3.7999999999999996e-08,0,1,33.94736842105263,0
PPO-QP-no-penalty,20260809,47,9,4605,0,0,0,0.0,-100.0,-100.0,0.0,0.0,115.68383100969456,30.0,208,92,30.0,125.0,4,-100.0,19.0,-732.409972299169,-100.0,0.0,3.7999999999999996e-08,0,1,33.94736842105263,0
PPO-QP-no-penalty,20260809,48,10,4701,0,0,0,0.0,-100.0,-100.0,0.0,1.974331439077067e-11,100.48692081466652,30.0,32,92,30.0,125.0,4,-100.0,19.0,-732.409972299169,-100.0,0.0,3.7999999999999996e-08,0,1,33.94736842105263,0
PPO-QP-no-penalty,20260809,49,10,4797,0,0,0,0.0,-100.0,-100.0,0.0,1.9963231068231834e-11,102.75890329454388,30.0,187,92,30.0,125.0,4,-100.0,19.0,-732.409972299169,-100.0,0.0,3.7999999999999996e-08,0,1,33.94736842105263,0
PPO-QP-no-penalty,20260809,50,10,4893,0,0,0,0.0,-100.0,-100.0,0.0,1.9764689884738118e-11,101.49658100152236,30.0,177,92,30.0,125.0,4,-100.0,19.0,-732.409972299169,-100.0,0.0,3.7999999999999996e-08,0,1,33.94736842105263,0
PPO-QP-no-penalty,20260809,51,10,4989,0,0,0,0.0,-100.0,-100.0,0.0,1.9897750114239443e-11,96.58075138170044,30.0,179,92,30.0,125.0,4,-100.0,19.0,-732.409972299169,-100.0,0.0,3.7999999999999996e-08,0,1,33.94736842105263,0
PPO-QP-no-penalty,20260809,52,10,5085,0,0,0,0.0,-100.0,-100.0,0.0,1.9917856253215405e-11,115.68383100969456,30.0,208,92,30.0,125.0,4,-100.0,19.0,-732.409972299169,-100.0,0.0,3.7999999999999996e-08,0,1,33.94736842105263,0
PPO-QP-no-penalty,20260809,53,11,5181,0,0,0,0.0,-100.0,-100.0,0.0,1.999174159550421e-11,85.8202729697167,30.0,61,92,30.0,125.0,4,-100.0,19.0,-732.409972299169,-100.0,0.0,3.7999999999999996e-08,0,1,33.94736842105263,0
PPO-QP-no-penalty,20260809,54,11,5277,0,0,0,0.0,-100.0,-100.0,0.0,2.001212158949291e-11,102.76821325956304,30.0,139,92,30.0,125.0,4,-100.0,19.0,-732.409972299169,-100.0,0.0,3.7999999999999996e-08,0,1,33.94736842105263,0
PPO-QP-no-penalty,20260809,55,11,5373,0,0,0,0.0,-100.0,-100.0,0.0,1.9888017159056897e-11,110.10922097309025,30.0,167,92,30.0,125.0,4,-100.0,19.0,-732.409972299169,-100.0,0.0,3.7999999999999996e-08,0,1,33.94736842105263,0
PPO-QP-no-penalty,20260809,56,11,5469,0,0,0,0.0,-100.0,-100.0,0.0,1.9872925527408824e-11,96.25561346436216,30.0,8,92,30.0,125.0,4,-100.0,19.0,-732.409972299169,-100.0,0.0,3.7999999999999996e-08,0,1,33.94736842105263,0
PPO-QP-no-penalty,20260809,57,11,5565,0,0,0,0.0,-100.0,-100.0,0.0,2.0048041005082952e-11,84.83495531338835,30.0,21,92,30.0,125.0,4,-100.0,19.0,-732.409972299169,-100.0,0.0,3.7999999999999996e-08,0,1,33.94736842105263,0
PPO-QP-no-penalty,20260809,58,12,5661,0,0,0,0.0,-100.0,-100.0,0.0,2.0113777310371005e-11,99.17660338336258,30.0,113,92,30.0,125.0,4,-100.0,19.0,-732.409972299169,-100.0,0.0,3.7999999999999996e-08,0,1,33.94736842105263,0
PPO-QP-no-penalty,20260809,59,12,5757,0,0,0,0.0,-100.0,-100.0,0.0,1.9958016720759513e-11,113.92297184986944,30.0,217,92,30.0,125.0,4,-100.0,19.0,-732.409972299169,-100.0,0.0,3.7999999999999996e-08,0,1,33.94736842105263,0
PPO-QP-no-penalty,20260809,60,12,5853,0,0,0,0.0,-100.0,-100.0,0.0,1.998234910871588e-11,102.62518138191051,30.0,134,92,30.0,125.0,4,-100.0,19.0,-732.409972299169,-100.0,0.0,3.7999999999999996e-08,0,1,33.94736842105263,0
PPO-QP-no-penalty,20260809,61,12,5949,0,0,0,0.0,-100.0,-100.0,0.0,1.985867766525947e-11,105.49799693923116,30.0,228,92,30.0,125.0,4,-100.0,19.0,-732.409972299169,-100.0,0.0,3.7999999999999996e-08,0,1,33.94736842105263,0
PPO-QP-no-penalty,20260809,62,12,6045,0,0,0,0.0,-100.0,-100.0,0.0,2.0064720255656234e-11,93.90241884913648,30.0,99,92,30.0,125.0,4,-100.0,19.0,-732.409972299169,-100.0,0.0,3.7999999999999996e-08,0,1,33.94736842105263,0
PPO-QP-no-penalty,20260809,63,12,6141,0,0,0,0.0,-100.0,-100.0,0.0,1.9855957618849138e-11,91.86532092092294,30.0,121,92,30.0,125.0,4,-100.0,19.0,-732.409972299169,-100.0,0.0,3.7999999999999996e-08,0,1,33.94736842105263,0
PPO-QP-no-penalty,20260809,64,13,6237,0,0,0,0.0,-100.0,-100.0,0.0,2.001078932186336e-11,71.42695793285735,30.0,0,92,30.0,125.0,4,-100.0,19.0,-732.409972299169,-100.0,0.0,3.7999999999999996e-08,0,1,33.94736842105263,0
PPO-QP-no-penalty,20260809,65,13,6333,0,0,0,0.0,-100.0,-100.0,0.0,2.010577260236346e-11,107.24698631088836,30.0,156,92,30.0,125.0,4,-100.0,19.0,-732.409972299169,-100.0,0.0,3.7999999999999996e-08,0,1,33.94736842105263,0
PPO-QP-no-penalty,20260809,66,13,6429,0,0,0,0.0,-100.0,-100.0,0.0,2.007564485021855e-11,73.92145614413825,30.0,13,92,30.0,125.0,4,-100.0,19.0,-732.409972299169,-100.0,0.0,3.7999999999999996e-08,0,1,33.94736842105263,0
PPO-QP-no-penalty,20260809,67,13,6525,0,0,0,0.0,-100.0,-100.0,0.0,1.9861257083420013e-11,106.24062507747706,30.0,199,92,30.0,125.0,4,-100.0,19.0,-732.409972299169,-100.0,0.0,3.7999999999999996e-08,0,1,33.94736842105263,0
PPO-QP-no-penalty,20260809,68,13,6621,0,0,0,0.0,-100.0,-100.0,0.0,2.0004005859182903e-11,99.83051753648506,30.0,190,92,30.0,125.0,4,-100.0,19.0,-732.409972299169,-100.0,0.0,3.7999999999999996e-08,0,1,33.94736842105263,0
PPO-QP-no-penalty,20260809,69,14,6717,0,0,0,0.0,-100.0,-100.0,0.0,1.986553144206482e-11,102.84941180769906,30.0,173,92,30.0,125.0,4,-100.0,19.0,-732.409972299169,-100.0,0.0,3.7999999999999996e-08,0,1,33.94736842105263,0
PPO-QP-no-penalty,20260809,70,14,6813,0,0,0,0.0,-100.0,-100.0,0.0,1.9929546901664707e-11,91.87996057561233,30.0,84,92,30.0,125.0,4,-100.0,19.0,-732.409972299169,-100.0,0.0,3.7999999999999996e-08,0,1,33.94736842105263,0
PPO-QP-no-penalty,20260809,71,14,6909,0,0,0,0.0,-100.0,-100.0,0.0,1.996585119456995e-11,100.78780511344941,30.0,45,92,30.0,125.0,4,-100.0,19.0,-732.409972299169,-100.0,0.0,3.7999999999999996e-08,0,1,33.94736842105263,0
PPO-QP-no-penalty,20260809,72,14,7005,0,0,0,0.0,-100.0,-100.0,0.0,1.9954082830508923e-11,99.05485532187399,30.0,36,92,30.0,125.0,4,-100.0,19.0,-732.409972299169,-100.0,0.0,3.7999999999999996e-08,0,1,33.94736842105263,0
PPO-QP-no-penalty,20260809,73,14,7101,0,0,0,0.0,-100.0,-100.0,0.0,1.9706532701964836e-11,102.40925487505093,30.0,131,92,30.0,125.0,4,-100.0,19.0,-732.409972299169,-100.0,0.0,3.7999999999999996e-08,0,1,33.94736842105263,0
PPO-QP-no-penalty,20260809,74,15,7197,0,0,0,0.0,-100.0,-100.0,0.0,2.007179977780993e-11,113.6679028833153,30.0,168,92,30.0,125.0,4,-100.0,19.0,-732.409972299169,-100.0,0.0,3.7999999999999996e-08,0,1,33.94736842105263,0
PPO-QP-no-penalty,20260809,75,15,7293,0,0,0,0.0,-100.0,-100.0,0.0,1.865583983592008e-11,102.31891501836098,30.0,162,92,30.0,125.0,4,-100.0,19.0,-732.409972299169,-100.0,0.0,3.7999999999999996e-08,0,1,33.94736842105263,0
PPO-QP-no-penalty,20260809,76,15,7389,0,0,0,0.0,-100.0,-100.0,0.0,2.014414561083792e-11,107.24698631088836,30.0,156,92,30.0,125.0,4,-100.0,19.0,-732.409972299169,-100.0,0.0,3.7999999999999996e-08,0,1,33.94736842105263,0
PPO-QP-no-penalty,20260809,77,15,7485,0,0,0,0.0,-100.0,-100.0,0.0,1.975016076608919e-11,101.5466799515969,30.0,16,92,30.0,125.0,4,-100.0,19.0,-732.409972299169,-100.0,0.0,3.7999999999999996e-08,0,1,33.94736842105263,0
PPO-QP-no-penalty,20260809,78,15,7581,0,0,0,0.0,-100.0,-100.0,0.0,1.9992607569463416e-11,93.95418866591038,30.0,94,92,30.0,125.0,4,-100.0,19.0,-732.409972299169,-100.0,0.0,3.7999999999999996e-08,0,1,33.94736842105263,0
PPO-QP-no-penalty,20260809,79,15,7677,0,0,0,0.0,-100.0,-100.0,0.0,2.003155049242385e-11,104.06273500373985,30.0,192,92,30.0,125.0,4,-100.0,19.0,-732.409972299169,-100.0,0.0,3.7999999999999996e-08,0,1,33.94736842105263,0
PPO-QP-no-penalty,20260809,80,16,7773,0,0,0,0.0,-100.0,-100.0,0.0,1.9865672070314608e-11,99.79980532597651,30.0,129,92,30.0,125.0,4,-100.0,19.0,-732.409972299169,-100.0,0.0,3.7999999999999996e-08,0,1,33.94736842105263,0
PPO-QP-no-penalty,20260809,81,16,7869,0,0,0,0.0,-100.0,-100.0,0.0,2.0070671051068226e-11,99.79980532597651,30.0,129,92,30.0,125.0,4,-100.0,19.0,-732.409972299169,-100.0,0.0,3.7999999999999996e-08,0,1,33.94736842105263,0
PPO-QP-no-penalty,20260809,82,16,7965,0,0,0,0.0,-100.0,-100.0,0.0,2.008228768464922e-11,89.55801861089178,30.0,102,92,30.0,125.0,4,-100.0,19.0,-732.409972299169,-100.0,0.0,3.7999999999999996e-08,0,1,33.94736842105263,0
PPO-QP-no-penalty,20260809,83,16,8061,0,0,0,0.0,-100.0,-100.0,0.0,1.9919684420462622e-11,102.31891501836098,30.0,162,92,30.0,125.0,4,-100.0,19.0,-732.409972299169,-100.0,0.0,3.7999999999999996e-08,0,1,33.94736842105263,0
PPO-QP-no-penalty,20260809,84,16,8157,0,0,0,0.0,-100.0,-100.0,0.0,1.9905469865004002e-11,98.04912306783665,30.0,136,92,30.0,125.0,4,-100.0,19.0,-732.409972299169,-100.0,0.0,3.7999999999999996e-08,0,1,33.94736842105263,0
PPO-QP-no-penalty,20260809,85,17,8253,0,0,0,0.0,-100.0,-100.0,0.0,2.0114876431165386e-11,82.89185109276251,30.0,91,92,30.0,125.0,4,-100.0,19.0,-732.409972299169,-100.0,0.0,3.7999999999999996e-08,0,1,33.94736842105263,0
PPO-QP-no-penalty,20260809,86,17,8349,0,0,0,0.0,-100.0,-100.0,0.0,2.0143568294865114e-11,105.94011237910321,30.0,184,92,30.0,125.0,4,-100.0,19.0,-732.409972299169,-100.0,0.0,3.7999999999999996e-08,0,1,33.94736842105263,0
PPO-QP-no-penalty,20260809,87,17,8445,0,0,0,0.0,-100.0,-100.0,0.0,2.000953106910212e-11,99.51338637734993,30.0,140,92,30.0,125.0,4,-100.0,19.0,-732.409972299169,-100.0,0.0,3.7999999999999996e-08,0,1,33.94736842105263,0
PPO-QP-no-penalty,20260809,88,17,8541,0,0,0,0.0,-100.0,-100.0,0.0,1.9994546759013095e-11,100.58254270570778,30.0,153,92,30.0,125.0,4,-100.0,19.0,-732.409972299169,-100.0,0.0,3.7999999999999996e-08,0,1,33.94736842105263,0
PPO-QP-no-penalty,20260809,89,17,8637,0,0,0,0.0,-100.0,-100.0,0.0,1.992425483858066e-11,100.58254270570778,30.0,153,92,30.0,125.0,4,-100.0,19.0,-732.409972299169,-100.0,0.0,3.7999999999999996e-08,0,1,33.94736842105263,0
PPO-QP-no-penalty,20260809,90,18,8733,0,0,0,0.0,-100.0,-100.0,0.0,1.9997833019165986e-11,93.11517390836408,30.0,96,92,30.0,125.0,4,-100.0,19.0,-732.409972299169,-100.0,0.0,3.7999999999999996e-08,0,1,33.94736842105263,0
PPO-QP-no-penalty,20260809,91,18,8829,0,0,0,0.0,-100.0,-100.0,0.0,1.9931500894188048e-11,102.84941180769906,30.0,173,92,30.0,125.0,4,-100.0,19.0,-732.409972299169,-100.0,0.0,3.7999999999999996e-08,0,1,33.94736842105263,0
PPO-QP-no-penalty,20260809,92,18,8925,0,0,0,0.0,-100.0,-100.0,0.0,2.003890016884687e-11,102.76821325956304,30.0,139,92,30.0,125.0,4,-100.0,19.0,-732.409972299169,-100.0,0.0,3.7999999999999996e-08,0,1,33.94736842105263,0
PPO-QP-no-penalty,20260809,93,18,9021,0,0,0,0.0,-100.0,-100.0,0.0,1.9974973527088955e-11,111.81848596317624,30.0,207,92,30.0,125.0,4,-100.0,19.0,-732.409972299169,-100.0,0.0,3.7999999999999996e-08,0,1,33.94736842105263,0
PPO-QP-no-penalty,20260809,94,18,9117,0,0,0,0.0,-100.0,-100.0,0.0,1.9986730788919735e-11,109.9284297131466,30.0,221,92,30.0,125.0,4,-100.0,19.0,-732.409972299169,-100.0,0.0,3.7999999999999996e-08,0,1,33.94736842105263,0
PPO-QP-no-penalty,20260809,95,18,9213,0,0,0,0.0,-100.0,-100.0,0.0,1.5708334633046662e-11,73.4818515278711,30.0,56,92,30.0,125.0,4,-100.0,19.0,-732.409972299169,-100.0,0.0,3.7999999999999996e-08,0,1,33.94736842105263,0
PPO-QP-no-penalty,20260809,96,19,9309,0,0,0,0.0,-100.0,-100.0,0.0,1.9837457602515465e-11,93.83291616695745,30.0,124,92,30.0,125.0,4,-100.0,19.0,-732.409972299169,-100.0,0.0,3.7999999999999996e-08,0,1,33.94736842105263,0
PPO-QP-no-penalty,20260809,97,19,9405,0,0,0,0.0,-100.0,-100.0,0.0,1.9845517821674244e-11,97.38139037467363,30.0,112,92,30.0,125.0,4,-100.0,19.0,-732.409972299169,-100.0,0.0,3.7999999999999996e-08,0,1,33.94736842105263,0
PPO-QP-no-penalty,20260809,98,19,9501,0,0,0,0.0,-100.0,-100.0,0.0,1.978803417420257e-11,93.83291616695745,30.0,124,92,30.0,125.0,4,-100.0,19.0,-732.409972299169,-100.0,0.0,3.7999999999999996e-08,0,1,33.94736842105263,0
PPO-QP-no-penalty,20260809,99,19,9597,0,0,0,0.0,-100.0,-100.0,0.0,1.9894560073415353e-11,107.22965812391051,30.0,150,92,30.0,125.0,4,-100.0,19.0,-732.409972299169,-100.0,0.0,3.7999999999999996e-08,0,1,33.94736842105263,0
PPO-QP-no-penalty,20260809,100,19,9693,0,0,0,0.0,-100.0,-100.0,0.0,1.9874642672353578e-11,97.15497237735016,30.0,17,92,30.0,125.0,4,-100.0,19.0,-732.409972299169,-100.0,0.0,3.7999999999999996e-08,0,1,33.94736842105263,0
PPO-QP-no-penalty,20260809,101,20,9789,0,0,0,0.0,-100.0,-100.0,0.0,1.9817251543467287e-11,83.01996185755443,30.0,27,92,30.0,125.0,4,-100.0,19.0,-732.409972299169,-100.0,0.0,3.7999999999999996e-08,0,1,33.94736842105263,0
PPO-QP-no-penalty,20260809,102,20,9885,0,0,0,0.0,-100.0,-100.0,0.0,1.992997248715748e-11,94.86775162328135,30.0,67,92,30.0,125.0,4,-100.0,19.0,-732.409972299169,-100.0,0.0,3.7999999999999996e-08,0,1,33.94736842105263,0
PPO-QP-no-penalty,20260809,103,20,9981,0,0,0,0.0,-100.0,-100.0,0.0,1.9967616449179103e-11,93.83291616695745,30.0,124,92,30.0,125.0,4,-100.0,19.0,-732.409972299169,-100.0,0.0,3.7999999999999996e-08,0,1,33.94736842105263,0
PPO-QP-no-penalty,20260809,104,20,10077,0,0,0,0.0,-100.0,-100.0,0.0,2.0004879234628938e-11,93.65825683373826,30.0,147,92,30.0,125.0,4,-100.0,19.0,-732.409972299169,-100.0,0.0,3.7999999999999996e-08,0,1,33.94736842105263,0
PPO-QP-no-penalty,20260809,105,20,10173,0,0,0,0.0,-100.0,-100.0,0.0,1.9914140706826326e-11,100.83889927295647,30.0,31,92,30.0,125.0,4,-100.0,19.0,-732.409972299169,-100.0,0.0,3.7999999999999996e-08,0,1,33.94736842105263,0
PPO-QP-no-penalty,20260809,106,21,10269,0,0,0,0.0,-100.0,-100.0,0.0,1.988485672418013e-11,99.79980532597651,30.0,129,92,30.0,125.0,4,-100.0,19.0,-732.409972299169,-100.0,0.0,3.7999999999999996e-08,0,1,33.94736842105263,0
PPO-QP-no-penalty,20260809,107,21,10365,0,0,0,0.0,-100.0,-100.0,0.0,1.9655255201200815e-11,105.46954824232857,30.0,143,92,30.0,125.0,4,-100.0,19.0,-732.409972299169,-100.0,0.0,3.7999999999999996e-08,0,1,33.94736842105263,0
PPO-QP-no-penalty,20260809,108,21,10461,0,0,0,0.0,-100.0,-100.0,0.0,1.991117271060716e-11,101.5466799515969,30.0,16,92,30.0,125.0,4,-100.0,19.0,-732.409972299169,-100.0,0.0,3.7999999999999996e-08,0,1,33.94736842105263,0
PPO-QP-no-penalty,20260809,109,21,10557,0,0,0,0.0,-100.0,-100.0,0.0,1.8912153324871875e-11,96.25561346436216,30.0,8,92,30.0,125.0,4,-100.0,19.0,-732.409972299169,-100.0,0.0,3.7999999999999996e-08,0,1,33.94736842105263,0
PPO-QP-no-penalty,20260809,110,21,10653,0,0,0,0.0,-100.0,-100.0,0.0,2.960594732333751e-17,100.24751861636082,30.0,107,92,30.0,125.0,4,-100.0,19.0,-732.409972299169,-100.0,0.0,3.7999999999999996e-08,0,1,33.94736842105263,0
PPO-QP-no-penalty,20260809,111,21,10749,0,0,0,0.0,-100.0,-100.0,0.0,1.995968945678328e-11,95.06128279232206,30.0,126,92,30.0,125.0,4,-100.0,19.0,-732.409972299169,-100.0,0.0,3.7999999999999996e-08,0,1,33.94736842105263,0
PPO-QP-no-penalty,20260809,112,22,10845,0,0,0,0.0,-100.0,-100.0,0.0,2.010597244250789e-11,99.02691431499208,30.0,144,92,30.0,125.0,4,-100.0,19.0,-732.409972299169,-100.0,0.0,3.7999999999999996e-08,0,1,33.94736842105263,0
PPO-QP-no-penalty,20260809,113,22,10941,0,0,0,0.0,-100.0,-100.0,0.0,1.9978356006570644e-11,97.3102387833523,30.0,104,92,30.0,125.0,4,-100.0,19.0,-732.409972299169,-100.0,0.0,3.7999999999999996e-08,0,1,33.94736842105263,0
PPO-QP-no-penalty,20260809,114,22,11037,0,0,0,0.0,-100.0,-100.0,0.0,1.9812407270336506e-11,107.22965812391051,30.0,150,92,30.0,125.0,4,-100.0,19.0,-732.409972299169,-100.0,0.0,3.7999999999999996e-08,0,1,33.94736842105263,0
PPO-QP-no-penalty,20260809,115,22,11133,0,0,0,0.0,-100.0,-100.0,0.0,2.0037427272967535e-11,103.03986682541994,30.0,194,92,30.0,125.0,4,-100.0,19.0,-732.409972299169,-100.0,0.0,3.7999999999999996e-08,0,1,33.94736842105263,0
PPO-QP-no-penalty,20260809,116,22,11229,0,0,0,0.0,-100.0,-100.0,0.0,1.986617167067569e-11,89.4498133195773,30.0,82,92,30.0,125.0,4,-100.0,19.0,-732.409972299169,-100.0,0.0,3.7999999999999996e-08,0,1,33.94736842105263,0
PPO-QP-no-penalty,20260809,117,23,11325,0,0,0,0.0,-100.0,-100.0,0.0,2.005379196035051e-11,106.53263417041393,30.0,236,92,30.0,125.0,4,-100.0,19.0,-732.409972299169,-100.0,0.0,3.7999999999999996e-08,0,1,33.94736842105263,0
PPO-QP-no-penalty,20260809,118,23,11421,0,0,0,0.0,-100.0,-100.0,0.0,1.9970206969569896e-11,113.11894463632069,30.0,200,92,30.0,125.0,4,-100.0,19.0,-732.409972299169,-100.0,0.0,3.7999999999999996e-08,0,1,33.94736842105263,0
PPO-QP-no-penalty,20260809,119,23,11517,0,0,0,0.0,-100.0,-100.0,0.0,1.9783312025604498e-11,107.24698631088836,30.0,156,92,30.0,125.0,4,-100.0,19.0,-732.409972299169,-100.0,0.0,3.7999999999999996e-08,0,1,33.94736842105263,0
PPO-QP-no-penalty,20260809,120,23,11613,0,0,0,0.0,-100.0,-100.0,0.0,0.0,115.3687027071826,30.0,164,92,30.0,125.0,4,-100.0,19.0,-732.409972299169,-100.0,0.0,3.7999999999999996e-08,0,1,33.94736842105263,0
PPO-QP-no-penalty,20260809,121,23,11709,0,0,0,0.0,-100.0,-100.0,0.0,1.9899833632782323e-11,103.27932168487578,30.0,12,92,30.0,125.0,4,-100.0,19.0,-732.409972299169,-100.0,0.0,3.7999999999999996e-08,0,1,33.94736842105263,0
PPO-QP-no-penalty,20260809,122,24,11805,0,0,0,0.0,-100.0,-100.0,0.0,1.9910177210628412e-11,90.43588685788883,30.0,93,92,30.0,125.0,4,-100.0,19.0,-732.409972299169,-100.0,0.0,3.7999999999999996e-08,0,1,33.94736842105263,0
PPO-QP-no-penalty,20260809,123,24,11901,0,0,0,0.0,-100.0,-100.0,0.0,1.9928510693508392e-11,102.40925487505093,30.0,131,92,30.0,125.0,4,-100.0,19.0,-732.409972299169,-100.0,0.0,3.7999999999999996e-08,0,1,33.94736842105263,0
PPO-QP-no-penalty,20260809,124,24,11997,0,0,0,0.0,-100.0,-100.0,0.0,2.003299748309928e-11,107.22965812391051,30.0,150,92,30.0,125.0,4,-100.0,19.0,-732.409972299169,-100.0,0.0,3.7999999999999996e-08,0,1,33.94736842105263,0
PPO-QP-no-penalty,20260809,125,24,12093,0,0,0,0.0,-100.0,-100.0,0.0,1.9997507353745428e-11,112.24190410144651,30.0,216,92,30.0,125.0,4,-100.0,19.0,-732.409972299169,-100.0,0.0,3.7999999999999996e-08,0,1,33.94736842105263,0
PPO-QP-no-penalty,20260809,126,24,12189,0,0,0,0.0,-100.0,-100.0,0.0,1.982157031103308e-11,93.19234625977204,30.0,43,92,30.0,125.0,4,-100.0,19.0,-732.409972299169,-100.0,0.0,3.7999999999999996e-08,0,1,33.94736842105263,0
PPO-QP-no-penalty,20260809,127,24,12285,0,0,0,0.0,-100.0,-100.0,0.0,1.99042449189335e-11,95.24953877379312,30.0,64,92,30.0,125.0,4,-100.0,19.0,-732.409972299169,-100.0,0.0,3.7999999999999996e-08,0,1,33.94736842105263,0
PPO-QP-no-penalty,20260809,128,25,12381,0,0,0,0.0,-100.0,-100.0,0.0,1.709982525947377e-11,93.65665261795868,30.0,73,92,30.0,125.0,4,-100.0,19.0,-732.409972299169,-100.0,0.0,3.7999999999999996e-08,0,1,33.94736842105263,0
PPO-QP-no-penalty,20260809,129,25,12477,0,0,0,0.0,-100.0,-100.0,0.0,1.99164869781517e-11,112.50095741162527,30.0,230,92,30.0,125.0,4,-100.0,19.0,-732.409972299169,-100.0,0.0,3.7999999999999996e-08,0,1,33.94736842105263,0
PPO-QP-no-penalty,20260809,130,25,12573,0,0,0,0.0,-100.0,-100.0,0.0,1.760342242344374e-11,98.21813398146197,30.0,68,92,30.0,125.0,4,-100.0,19.0,-732.409972299169,-100.0,0.0,3.7999999999999996e-08,0,1,33.94736842105263,0
PPO-QP-no-penalty,20260809,131,25,12669,0,0,0,0.0,-100.0,-100.0,0.0,1.990351587248066e-11,99.1738371645239,30.0,108,92,30.0,125.0,4,-100.0,19.0,-732.409972299169,-100.0,0.0,3.7999999999999996e-08,0,1,33.94736842105263,0
PPO-QP-no-penalty,20260809,132,25,12765,0,0,0,0.0,-100.0,-100.0,0.0,1.9914255429872203e-11,100.48692081466652,30.0,32,92,30.0,125.0,4,-100.0,19.0,-732.409972299169,-100.0,0.0,3.7999999999999996e-08,0,1,33.94736842105263,0
PPO-QP-no-penalty,20260809,133,26,12861,0,0,0,0.0,-100.0,-100.0,0.0,1.9868636365790356e-11,92.24150315024411,30.0,69,92,30.0,125.0,4,-100.0,19.0,-732.409972299169,-100.0,0.0,3.7999999999999996e-08,0,1,33.94736842105263,0
PPO-QP-no-penalty,20260809,134,26,12957,0,0,0,0.0,-100.0,-100.0,0.0,2.0182396494779672e-11,106.54959711280397,30.0,197,92,30.0,125.0,4,-100.0,19.0,-732.409972299169,-100.0,0.0,3.7999999999999996e-08,0,1,33.94736842105263,0
PPO-QP-no-penalty,20260809,135,26,13053,0,0,0,0.0,-100.0,-100.0,0.0,1.9844744366300424e-11,109.25196286046445,30.0,158,92,30.0,125.0,4,-100.0,19.0,-732.409972299169,-100.0,0.0,3.7999999999999996e-08,0,1,33.94736842105263,0
PPO-QP-no-penalty,20260809,136,26,13149,0,0,0,0.0,-100.0,-100.0,0.0,2.0014671401706134e-11,94.29020215225974,30.0,81,92,30.0,125.0,4,-100.0,19.0,-732.409972299169,-100.0,0.0,3.7999999999999996e-08,0,1,33.94736842105263,0
PPO-QP-no-penalty,20260809,137,26,13245,0,0,0,0.0,-100.0,-100.0,0.0,0.0,100.89617127432541,30.0,141,92,30.0,125.0,4,-100.0,19.0,-732.409972299169,-100.0,0.0,3.7999999999999996e-08,0,1,33.94736842105263,0
PPO-QP-no-penalty,20260809,138,27,13341,0,0,0,0.0,-100.0,-100.0,0.0,2.0034729431017694e-11,104.23250747221446,30.0,226,92,30.0,125.0,4,-100.0,19.0,-732.409972299169,-100.0,0.0,3.7999999999999996e-08,0,1,33.94736842105263,0
PPO-QP-no-penalty,20260809,139,27,13437,0,0,0,0.0,-100.0,-100.0,0.0,0.0,106.52560817321435,30.0,227,92,30.0,125.0,4,-100.0,19.0,-732.409972299169,-100.0,0.0,3.7999999999999996e-08,0,1,33.94736842105263,0
PPO-QP-no-penalty,20260809,140,27,13533,0,0,0,0.0,-100.0,-100.0,0.0,1.9870390518169265e-11,109.00381953646375,30.0,159,92,30.0,125.0,4,-100.0,19.0,-732.409972299169,-100.0,0.0,3.7999999999999996e-08,0,1,33.94736842105263,0
PPO-QP-no-penalty,20260809,141,27,13629,0,0,0,0.0,-100.0,-100.0,0.0,0.0,115.3687027071826,30.0,164,92,30.0,125.0,4,-100.0,19.0,-732.409972299169,-100.0,0.0,3.7999999999999996e-08,0,1,33.94736842105263,0
PPO-QP-no-penalty,20260809,142,27,13725,0,0,0,0.0,-100.0,-100.0,0.0,1.9949197849200572e-11,100.24854400666918,30.0,170,92,30.0,125.0,4,-100.0,19.0,-732.409972299169,-100.0,0.0,3.7999999999999996e-08,0,1,33.94736842105263,0
PPO-QP-no-penalty,20260809,143,27,13821,0,0,0,0.0,-100.0,-100.0,0.0,1.9783089980999573e-11,105.7846855565606,30.0,4,92,30.0,125.0,4,-100.0,19.0,-732.409972299169,-100.0,0.0,3.7999999999999996e-08,0,1,33.94736842105263,0
PPO-QP-no-penalty,20260809,144,28,13917,0,0,0,0.0,-100.0,-100.0,0.0,1.966953637004091e-11,95.06128279232206,30.0,126,92,30.0,125.0,4,-100.0,19.0,-732.409972299169,-100.0,0.0,3.7999999999999996e-08,0,1,33.94736842105263,0
PPO-QP-no-penalty,20260809,145,28,14013,0,0,0,0.0,-100.0,-100.0,0.0,2.0014849037390074e-11,117.29831760304205,30.0,210,92,30.0,125.0,4,-100.0,19.0,-732.409972299169,-100.0,0.0,3.7999999999999996e-08,0,1,33.94736842105263,0
PPO-QP-no-penalty,20260809,146,28,14109,0,0,0,0.0,-100.0,-100.0,0.0,2.0109721295587708e-11,99.87102241438964,30.0,19,92,30.0,125.0,4,-100.0,19.0,-732.409972299169,-100.0,0.0,3.7999999999999996e-08,0,1,33.94736842105263,0
PPO-QP-no-penalty,20260809,147,28,14205,0,0,0,0.0,-100.0,-100.0,0.0,1.973905853584294e-11,100.24751861636082,30.0,107,92,30.0,125.0,4,-100.0,19.0,-732.409972299169,-100.0,0.0,3.7999999999999996e-08,0,1,33.94736842105263,0
PPO-QP-no-penalty,20260809,148,28,14301,0,0,0,0.0,-100.0,-100.0,0.0,2.008126257872315e-11,92.94233251117724,30.0,1,92,30.0,125.0,4,-100.0,19.0,-732.409972299169,-100.0,0.0,3.7999999999999996e-08,0,1,33.94736842105263,0
PPO-QP-no-penalty,20260809,149,29,14397,0,0,0,0.0,-100.0,-100.0,0.0,1.6260700193745e-11,94.29611872771302,30.0,88,92,30.0,125.0,4,-100.0,19.0,-732.409972299169,-100.0,0.0,3.7999999999999996e-08,0,1,33.94736842105263,0
PPO-QP-no-penalty,20260809,150,29,14493,0,0,0,0.0,-100.0,-100.0,0.0,1.994046409474019e-11,83.01996185755443,30.0,27,92,30.0,125.0,4,-100.0,19.0,-732.409972299169,-100.0,0.0,3.7999999999999996e-08,0,1,33.94736842105263,0
PPO-QP-no-penalty,20260809,151,29,14589,0,0,0,0.0,-100.0,-100.0,0.0,1.987554565374694e-11,101.10748378887497,30.0,110,92,30.0,125.0,4,-100.0,19.0,-732.409972299169,-100.0,0.0,3.7999999999999996e-08,0,1,33.94736842105263,0
PPO-QP-no-penalty,20260809,152,29,14685,0,0,0,0.0,-100.0,-100.0,0.0,1.99776010549139e-11,112.63083730657955,30.0,166,92,30.0,125.0,4,-100.0,19.0,-732.409972299169,-100.0,0.0,3.7999999999999996e-08,0,1,33.94736842105263,0
PPO-QP-no-penalty,20260809,153,29,14781,0,0,0,0.0,-100.0,-100.0,0.0,2.0001959348074175e-11,90.96640864829209,30.0,87,92,30.0,125.0,4,-100.0,19.0,-732.409972299169,-100.0,0.0,3.7999999999999996e-08,0,1,33.94736842105263,0
PPO-QP-no-penalty,20260809,154,30,14877,0,0,0,0.0,-100.0,-100.0,0.0,1.9754523942575966e-11,98.10037487022021,30.0,132,92,30.0,125.0,4,-100.0,19.0,-732.409972299169,-100.0,0.0,3.7999999999999996e-08,0,1,33.94736842105263,0
PPO-QP-no-penalty,20260809,155,30,14973,0,0,0,0.0,-100.0,-100.0,0.0,1.9519841298887287e-11,83.44779529038792,30.0,14,92,30.0,125.0,4,-100.0,19.0,-732.409972299169,-100.0,0.0,3.7999999999999996e-08,0,1,33.94736842105263,0
PPO-QP-no-penalty,20260809,156,30,15069,0,0,0,0.0,-100.0,-100.0,0.0,1.9892421043721242e-11,101.10748378887497,30.0,110,92,30.0,125.0,4,-100.0,19.0,-732.409972299169,-100.0,0.0,3.7999999999999996e-08,0,1,33.94736842105263,0
PPO-QP-no-penalty,20260809,157,30,15165,0,0,0,0.0,-100.0,-100.0,0.0,1.9955500215237027e-11,95.64219345576147,30.0,149,92,30.0,125.0,4,-100.0,19.0,-732.409972299169,-100.0,0.0,3.7999999999999996e-08,0,1,33.94736842105263,0
PPO-QP-no-penalty,20260809,158,30,15261,0,0,0,0.0,-100.0,-100.0,0.0,1.9372548010210266e-11,95.06128279232206,30.0,126,92,30.0,125.0,4,-100.0,19.0,-732.409972299169,-100.0,0.0,3.7999999999999996e-08,0,1,33.94736842105263,0
PPO-QP-no-penalty,20260809,159,30,15357,0,0,0,0.0,-100.0,-100.0,0.0,1.9771288310247805e-11,95.08737753583918,30.0,148,92,30.0,125.0,4,-100.0,19.0,-732.409972299169,-100.0,0.0,3.7999999999999996e-08,0,1,33.94736842105263,0
PPO-QP-no-penalty,20260809,160,31,15453,0,0,0,0.0,-100.0,-100.0,0.0,1.9818424679129976e-11,99.79980532597651,30.0,129,92,30.0,125.0,4,-100.0,19.0,-732.409972299169,-100.0,0.0,3.7999999999999996e-08,0,1,33.94736842105263,0
PPO-QP-no-penalty,20260809,161,31,15549,0,0,0,0.0,-100.0,-100.0,0.0,1.9886329620059465e-11,105.96302933422132,30.0,211,92,30.0,125.0,4,-100.0,19.0,-732.409972299169,-100.0,0.0,3.7999999999999996e-08,0,1,33.94736842105263,0
PPO-QP-no-penalty,20260809,162,31,15645,0,0,0,0.0,-100.0,-100.0,0.0,1.9117718519368055e-11,98.39027437785774,30.0,5,92,30.0,125.0,4,-100.0,19.0,-732.409972299169,-100.0,0.0,3.7999999999999996e-08,0,1,33.94736842105263,0
PPO-QP-no-penalty,20260809,163,31,15741,0,0,0,0.0,-100.0,-100.0,0.0,1.975902774731253e-11,103.74738027439993,30.0,54,92,30.0,125.0,4,-100.0,19.0,-732.409972299169,-100.0,0.0,3.7999999999999996e-08,0,1,33.94736842105263,0
PPO-QP-no-penalty,20260809,164,31,15837,0,0,0,0.0,-100.0,-100.0,0.0,1.9851435310395498e-11,112.82024492984584,30.0,205,92,30.0,125.0,4,-100.0,19.0,-732.409972299169,-100.0,0.0,3.7999999999999996e-08,0,1,33.94736842105263,0
PPO-QP-no-penalty,20260809,165,32,15933,0,0,0,0.0,-100.0,-100.0,0.0,1.9759801202686353e-11,81.88761466839229,30.0,41,92,30.0,125.0,4,-100.0,19.0,-732.409972299169,-100.0,0.0,3.7999999999999996e-08,0,1,33.94736842105263,0
PPO-QP-no-penalty,20260809,166,32,16029,0,0,0,0.0,-100.0,-100.0,0.0,1.988638883195411e-11,104.06273500373985,30.0,192,92,30.0,125.0,4,-100.0,19.0,-732.409972299169,-100.0,0.0,3.7999999999999996e-08,0,1,33.94736842105263,0
PPO-QP-no-penalty,20260809,167,32,16125,0,0,0,0.0,-100.0,-100.0,0.0,1.9746419314496202e-11,101.3762952084312,30.0,30,92,30.0,125.0,4,-100.0,19.0,-732.409972299169,-100.0,0.0,3.7999999999999996e-08,0,1,33.94736842105263,0
PPO-QP-no-penalty,20260809,168,32,16221,0,0,0,0.0,-100.0,-100.0,0.0,1.9825215543297265e-11,83.01996185755443,30.0,27,92,30.0,125.0,4,-100.0,19.0,-732.409972299169,-100.0,0.0,3.7999999999999996e-08,0,1,33.94736842105263,0
PPO-QP-no-penalty,20260809,169,32,16317,0,0,0,0.0,-100.0,-100.0,0.0,1.9788629993892452e-11,112.50095741162527,30.0,230,92,30.0,125.0,4,-100.0,19.0,-732.409972299169,-100.0,0.0,3.7999999999999996e-08,0,1,33.94736842105263,0
PPO-QP-no-penalty,20260809,170,33,16413,0,0,0,0.0,-100.0,-100.0,0.0,1.990097346175427e-11,99.02691431499208,30.0,144,92,30.0,125.0,4,-100.0,19.0,-732.409972299169,-100.0,0.0,3.7999999999999996e-08,0,1,33.94736842105263,0
PPO-QP-no-penalty,20260809,171,33,16509,0,0,0,0.0,-100.0,-100.0,0.0,1.9793207813497323e-11,95.87558463372099,30.0,46,92,30.0,125.0,4,-100.0,19.0,-732.409972299169,-100.0,0.0,3.7999999999999996e-08,0,1,33.94736842105263,0
PPO-QP-no-penalty,20260809,172,33,16605,0,0,0,0.0,-100.0,-100.0,0.0,1.9918096801537406e-11,101.76595014465538,30.0,18,92,30.0,125.0,4,-100.0,19.0,-732.409972299169,-100.0,0.0,3.7999999999999996e-08,0,1,33.94736842105263,0
PPO-QP-no-penalty,20260809,173,33,16701,0,0,0,0.0,-100.0,-100.0,0.0,1.9928673526218668e-11,100.49931148378674,30.0,174,92,30.0,125.0,4,-100.0,19.0,-732.409972299169,-100.0,0.0,3.7999999999999996e-08,0,1,33.94736842105263,0
PPO-QP-no-penalty,20260809,174,33,16797,0,0,0,0.0,-100.0,-100.0,0.0,1.9838275466810272e-11,88.51136863994178,30.0,79,92,30.0,125.0,4,-100.0,19.0,-732.409972299169,-100.0,0.0,3.7999999999999996e-08,0,1,33.94736842105263,0
PPO-QP-no-penalty,20260809,175,33,16893,0,0,0,0.0,-100.0,-100.0,0.0,1.9752170269763762e-11,100.24751861636082,30.0,107,92,30.0,125.0,4,-100.0,19.0,-732.409972299169,-100.0,0.0,3.7999999999999996e-08,0,1,33.94736842105263,0
PPO-QP-no-penalty,20260809,176,34,16989,0,0,0,0.0,-100.0,-100.0,0.0,1.9872011443785215e-11,106.24062507747706,30.0,199,92,30.0,125.0,4,-100.0,19.0,-732.409972299169,-100.0,0.0,3.7999999999999996e-08,0,1,33.94736842105263,0
PPO-QP-no-penalty,20260809,177,34,17085,0,0,0,0.0,-100.0,-100.0,0.0,1.992394027539035e-11,109.9284297131466,30.0,221,92,30.0,125.0,4,-100.0,19.0,-732.409972299169,-100.0,0.0,3.7999999999999996e-08,0,1,33.94736842105263,0
PPO-QP-no-penalty,20260809,178,34,17181,0,0,0,0.0,-100.0,-100.0,0.0,1.648985762751446e-11,96.58075138170044,30.0,179,92,30.0,125.0,4,-100.0,19.0,-732.409972299169,-100.0,0.0,3.7999999999999996e-08,0,1,33.94736842105263,0
PPO-QP-no-penalty,20260809,179,34,17277,0,0,0,0.0,-100.0,-100.0,0.0,1.984204282360717e-11,93.65665261795868,30.0,73,92,30.0,125.0,4,-100.0,19.0,-732.409972299169,-100.0,0.0,3.7999999999999996e-08,0,1,33.94736842105263,0
PPO-QP-no-penalty,20260809,180,34,17373,0,0,0,0.0,-100.0,-100.0,0.0,1.9918333649115993e-11,98.10037487022021,30.0,132,92,30.0,125.0,4,-100.0,19.0,-732.409972299169,-100.0,0.0,3.7999999999999996e-08,0,1,33.94736842105263,0
PPO-QP-no-penalty,20260809,181,35,17469,0,0,0,0.0,-100.0,-100.0,0.0,1.997980669798949e-11,84.83495531338835,30.0,21,92,30.0,125.0,4,-100.0,19.0,-732.409972299169,-100.0,0.0,3.7999999999999996e-08,0,1,33.94736842105263,0
PPO-QP-no-penalty,20260809,182,35,17565,0,0,0,0.0,-100.0,-100.0,0.0,1.967230082537223e-11,87.53223352510913,30.0,59,92,30.0,125.0,4,-100.0,19.0,-732.409972299169,-100.0,0.0,3.7999999999999996e-08,0,1,33.94736842105263,0
PPO-QP-no-penalty,20260809,183,35,17661,0,0,0,0.0,-100.0,-100.0,0.0,1.9941962895823433e-11,114.98663326839446,30.0,182,92,30.0,125.0,4,-100.0,19.0,-732.409972299169,-100.0,0.0,3.7999999999999996e-08,0,1,33.94736842105263,0
PPO-QP-no-penalty,20260809,184,35,17757,0,0,0,0.0,-100.0,-100.0,0.0,1.9925376163835533e-11,94.92530164324614,30.0,109,92,30.0,125.0,4,-100.0,19.0,-732.409972299169,-100.0,0.0,3.7999999999999996e-08,0,1,33.94736842105263,0
PPO-QP-no-penalty,20260809,185,35,17853,0,0,0,0.0,-100.0,-100.0,0.0,1.98349929074008e-11,104.42171889899856,30.0,154,92,30.0,125.0,4,-100.0,19.0,-732.409972299169,-100.0,0.0,3.7999999999999996e-08,0,1,33.94736842105263,0
PPO-QP-no-penalty,20260809,186,36,17949,0,0,0,0.0,-100.0,-100.0,0.0,0.0,103.27932168487578,30.0,12,92,30.0,125.0,4,-100.0,19.0,-732.409972299169,-100.0,0.0,3.7999999999999996e-08,0,1,33.94736842105263,0
PPO-QP-no-penalty,20260809,187,36,18045,0,0,0,0.0,-100.0,-100.0,0.0,1.974947242781392e-11,87.04250902822423,30.0,70,92,30.0,125.0,4,-100.0,19.0,-732.409972299169,-100.0,0.0,3.7999999999999996e-08,0,1,33.94736842105263,0
PPO-QP-no-penalty,20260809,188,36,18141,0,0,0,0.0,-100.0,-100.0,0.0,2.0014760219548102e-11,99.51338637734993,30.0,140,92,30.0,125.0,4,-100.0,19.0,-732.409972299169,-100.0,0.0,3.7999999999999996e-08,0,1,33.94736842105263,0
PPO-QP-no-penalty,20260809,189,36,18237,0,0,0,0.0,-100.0,-100.0,0.0,1.9856209269401386e-11,97.38139037467363,30.0,112,92,30.0,125.0,4,-100.0,19.0,-732.409972299169,-100.0,0.0,3.7999999999999996e-08,0,1,33.94736842105263,0
PPO-QP-no-penalty,20260809,190,36,18333,0,0,0,0.0,-100.0,-100.0,0.0,2.0032930869717803e-11,84.73391284961718,30.0,63,92,30.0,125.0,4,-100.0,19.0,-732.409972299169,-100.0,0.0,3.7999999999999996e-08,0,1,33.94736842105263,0
PPO-QP-no-penalty,20260809,191,36,18429,0,0,0,0.0,-100.0,-100.0,0.0,0.0,83.44779529038792,30.0,14,92,30.0,125.0,4,-100.0,19.0,-732.409972299169,-100.0,0.0,3.7999999999999996e-08,0,1,33.94736842105263,0
PPO-QP-no-penalty,20260809,192,37,18525,0,0,0,0.0,-100.0,-100.0,0.0,0.0,76.26011533638224,30.0,28,92,30.0,125.0,4,-100.0,19.0,-732.409972299169,-100.0,0.0,3.7999999999999996e-08,0,1,33.94736842105263,0
PPO-QP-no-penalty,20260809,193,37,18621,0,0,0,0.0,-100.0,-100.0,0.0,0.0,83.44779529038792,30.0,14,92,30.0,125.0,4,-100.0,19.0,-732.409972299169,-100.0,0.0,3.7999999999999996e-08,0,1,33.94736842105263,0
PPO-QP-no-penalty,20260809,194,37,18717,0,0,0,0.0,-100.0,-100.0,0.0,1.9912553087901113e-11,93.40953184232814,30.0,135,92,30.0,125.0,4,-100.0,19.0,-732.409972299169,-100.0,0.0,3.7999999999999996e-08,0,1,33.94736842105263,0
PPO-QP-no-penalty,20260809,195,37,18813,0,0,0,0.0,-100.0,-100.0,0.0,1.985365205570133e-11,104.30825886118944,30.0,22,92,30.0,125.0,4,-100.0,19.0,-732.409972299169,-100.0,0.0,3.7999999999999996e-08,0,1,33.94736842105263,0
PPO-QP-no-penalty,20260809,196,37,18909,0,0,0,0.0,-100.0,-100.0,0.0,1.996998492496497e-11,109.9284297131466,30.0,221,92,30.0,125.0,4,-100.0,19.0,-732.409972299169,-100.0,0.0,3.7999999999999996e-08,0,1,33.94736842105263,0
PPO-QP-no-penalty,20260809,197,38,19005,0,0,0,0.0,-100.0,-100.0,0.0,1.9860872206104812e-11,87.56950904514152,30.0,98,92,30.0,125.0,4,-100.0,19.0,-732.409972299169,-100.0,0.0,3.7999999999999996e-08,0,1,33.94736842105263,0
PPO-QP-no-penalty,20260809,198,38,19101,0,0,0,0.0,-100.0,-100.0,0.0,1.9818554205149514e-11,102.84941180769906,30.0,173,92,30.0,125.0,4,-100.0,19.0,-732.409972299169,-100.0,0.0,3.7999999999999996e-08,0,1,33.94736842105263,0
PPO-QP-no-penalty,20260809,199,38,19197,0,0,0,0.0,-100.0,-100.0,0.0,1.7106627225871306e-11,92.88476102773205,30.0,105,92,30.0,125.0,4,-100.0,19.0,-732.409972299169,-100.0,0.0,3.7999999999999996e-08,0,1,33.94736842105263,0
PPO-QP-no-penalty,20260809,200,38,19293,0,0,0,0.0,-100.0,-100.0,0.0,1.9949630836180175e-11,94.29611872771302,30.0,88,92,30.0,125.0,4,-100.0,19.0,-732.409972299169,-100.0,0.0,3.7999999999999996e-08,0,1,33.94736842105263,0
PPO-QP-no-penalty,20260809,201,38,19389,0,0,0,0.0,-100.0,-100.0,0.0,1.9589548501860085e-11,110.10922097309025,30.0,167,92,30.0,125.0,4,-100.0,19.0,-732.409972299169,-100.0,0.0,3.7999999999999996e-08,0,1,33.94736842105263,0
PPO-QP-no-penalty,20260809,202,39,19485,0,0,0,0.0,-100.0,-100.0,0.0,2.005855481712615e-11,89.4498133195773,30.0,82,92,30.0,125.0,4,-100.0,19.0,-732.409972299169,-100.0,0.0,3.7999999999999996e-08,0,1,33.94736842105263,0
PPO-QP-no-penalty,20260809,203,39,19581,0,0,0,0.0,-100.0,-100.0,0.0,1.9811926173692504e-11,100.43147422329041,30.0,118,92,30.0,125.0,4,-100.0,19.0,-732.409972299169,-100.0,0.0,3.7999999999999996e-08,0,1,33.94736842105263,0
PPO-QP-no-penalty,20260809,204,39,19677,0,0,0,0.0,-100.0,-100.0,0.0,1.9869087856487038e-11,101.76595014465538,30.0,18,92,30.0,125.0,4,-100.0,19.0,-732.409972299169,-100.0,0.0,3.7999999999999996e-08,0,1,33.94736842105263,0
PPO-QP-no-penalty,20260809,205,39,19773,0,0,0,0.0,-100.0,-100.0,0.0,1.991369291687306e-11,107.26565595594029,30.0,39,92,30.0,125.0,4,-100.0,19.0,-732.409972299169,-100.0,0.0,3.7999999999999996e-08,0,1,33.94736842105263,0
PPO-QP-no-penalty,20260809,206,39,19869,0,0,0,0.0,-100.0,-100.0,0.0,1.9850813585501707e-11,70.68740403315702,30.0,7,92,30.0,125.0,4,-100.0,19.0,-732.409972299169,-100.0,0.0,3.7999999999999996e-08,0,1,33.94736842105263,0
PPO-QP-no-penalty,20260809,207,39,19965,0,0,0,0.0,-100.0,-100.0,0.0,1.9747585048672058e-11,112.82024492984584,30.0,205,92,30.0,125.0,4,-100.0,19.0,-732.409972299169,-100.0,0.0,3.7999999999999996e-08,0,1,33.94736842105263,0
PPO-QP-no-penalty,20260809,208,40,20061,0,0,0,0.0,-100.0,-100.0,0.0,1.9754387015069598e-11,91.87996057561233,30.0,84,92,30.0,125.0,4,-100.0,19.0,-732.409972299169,-100.0,0.0,3.7999999999999996e-08,0,1,33.94736842105263,0
PPO-QP-no-penalty,20260809,209,40,20157,0,0,0,0.0,-100.0,-100.0,0.0,1.9869824304426706e-11,105.46954824232857,30.0,143,92,30.0,125.0,4,-100.0,19.0,-732.409972299169,-100.0,0.0,3.7999999999999996e-08,0,1,33.94736842105263,0
PPO-QP-no-penalty,20260809,210,40,20253,0,0,0,0.0,-100.0,-100.0,0.0,1.9831688143530832e-11,97.38139037467363,30.0,112,92,30.0,125.0,4,-100.0,19.0,-732.409972299169,-100.0,0.0,3.7999999999999996e-08,0,1,33.94736842105263,0
PPO-QP-no-penalty,20260809,211,40,20349,0,0,0,0.0,-100.0,-100.0,0.0,0.0,91.03882991970426,30.0,95,92,30.0,125.0,4,-100.0,19.0,-732.409972299169,-100.0,0.0,3.7999999999999996e-08,0,1,33.94736842105263,0
PPO-QP-no-penalty,20260809,212,40,20445,0,0,0,0.0,-100.0,-100.0,0.0,2.0056056815320743e-11,92.94233251117724,30.0,1,92,30.0,125.0,4,-100.0,19.0,-732.409972299169,-100.0,0.0,3.7999999999999996e-08,0,1,33.94736842105263,0
PPO-QP-no-penalty,20260809,213,41,20541,0,0,0,0.0,-100.0,-100.0,0.0,1.6437839978067358e-11,93.90241884913648,30.0,99,92,30.0,125.0,4,-100.0,19.0,-732.409972299169,-100.0,0.0,3.7999999999999996e-08,0,1,33.94736842105263,0
PPO-QP-no-penalty,20260809,214,41,20637,0,0,0,0.0,-100.0,-100.0,0.0,1.9687281434717836e-11,96.25561346436216,30.0,8,92,30.0,125.0,4,-100.0,19.0,-732.409972299169,-100.0,0.0,3.7999999999999996e-08,0,1,33.94736842105263,0
PPO-QP-no-penalty,20260809,215,41,20733,0,0,0,0.0,-100.0,-100.0,0.0,1.9779429945761724e-11,100.07914421571272,30.0,180,92,30.0,125.0,4,-100.0,19.0,-732.409972299169,-100.0,0.0,3.7999999999999996e-08,0,1,33.94736842105263,0
PPO-QP-no-penalty,20260809,216,41,20829,0,0,0,0.0,-100.0,-100.0,0.0,1.983554801891311e-11,98.10037487022021,30.0,132,92,30.0,125.0,4,-100.0,19.0,-732.409972299169,-100.0,0.0,3.7999999999999996e-08,0,1,33.94736842105263,0
PPO-QP-no-penalty,20260809,217,41,20925,0,0,0,0.0,-100.0,-100.0,0.0,0.0,109.00381953646375,30.0,159,92,30.0,125.0,4,-100.0,19.0,-732.409972299169,-100.0,0.0,3.7999999999999996e-08,0,1,33.94736842105263,0
PPO-QP-no-penalty,20260809,218,42,21021,0,0,0,0.0,-100.0,-100.0,0.0,1.9957998217042434e-11,108.88773156390575,30.0,47,92,30.0,125.0,4,-100.0,19.0,-732.409972299169,-100.0,0.0,3.7999999999999996e-08,0,1,33.94736842105263,0
PPO-QP-no-penalty,20260809,219,42,21117,0,0,0,0.0,-100.0,-100.0,0.0,1.99657438730109e-11,97.11329274490448,30.0,224,92,30.0,125.0,4,-100.0,19.0,-732.409972299169,-100.0,0.0,3.7999999999999996e-08,0,1,33.94736842105263,0
PPO-QP-no-penalty,20260809,220,42,21213,0,0,0,0.0,-100.0,-100.0,0.0,3.2630268857284743e-12,108.98309588157623,30.0,165,92,30.0,125.0,4,-100.0,19.0,-732.409972299169,-100.0,0.0,3.7999999999999996e-08,0,1,33.94736842105263,0
PPO-QP-no-penalty,20260809,221,42,21309,0,0,0,0.0,-100.0,-100.0,0.0,1.989428991914603e-11,104.42171889899856,30.0,154,92,30.0,125.0,4,-100.0,19.0,-732.409972299169,-100.0,0.0,3.7999999999999996e-08,0,1,33.94736842105263,0
PPO-QP-no-penalty,20260809,222,42,21405,0,0,0,0.0,-100.0,-100.0,0.0,1.990307178327081e-11,102.31891501836098,30.0,162,92,30.0,125.0,4,-100.0,19.0,-732.409972299169,-100.0,0.0,3.7999999999999996e-08,0,1,33.94736842105263,0
PPO-QP-no-penalty,20260809,223,42,21501,0,0,0,0.0,-100.0,-100.0,0.0,1.982560042061247e-11,99.87102241438964,30.0,19,92,30.0,125.0,4,-100.0,19.0,-732.409972299169,-100.0,0.0,3.7999999999999996e-08,0,1,33.94736842105263,0
PPO-QP-no-penalty,20260809,224,43,21597,0,0,0,0.0,-100.0,-100.0,0.0,1.988313587849196e-11,114.98663326839446,30.0,182,92,30.0,125.0,4,-100.0,19.0,-732.409972299169,-100.0,0.0,3.7999999999999996e-08,0,1,33.94736842105263,0
PPO-QP-no-penalty,20260809,225,43,21693,0,0,0,0.0,-100.0,-100.0,0.0,1.9988103764726855e-11,109.25196286046445,30.0,158,92,30.0,125.0,4,-100.0,19.0,-732.409972299169,-100.0,0.0,3.7999999999999996e-08,0,1,33.94736842105263,0
PPO-QP-no-penalty,20260809,226,43,21789,0,0,0,0.0,-100.0,-100.0,0.0,1.984981068403613e-11,106.13850935359314,30.0,234,92,30.0,125.0,4,-100.0,19.0,-732.409972299169,-100.0,0.0,3.7999999999999996e-08,0,1,33.94736842105263,0
PPO-QP-no-penalty,20260809,227,43,21885,0,0,0,0.0,-100.0,-100.0,0.0,1.8151602443339244e-11,114.05868659417193,30.0,202,92,30.0,125.0,4,-100.0,19.0,-732.409972299169,-100.0,0.0,3.7999999999999996e-08,0,1,33.94736842105263,0
PPO-QP-no-penalty,20260809,228,43,21981,0,0,0,0.0,-100.0,-100.0,0.0,1.988584852341546e-11,89.4498133195773,30.0,82,92,30.0,125.0,4,-100.0,19.0,-732.409972299169,-100.0,0.0,3.7999999999999996e-08,0,1,33.94736842105263,0
PPO-QP-no-penalty,20260809,229,44,22077,0,0,0,0.0,-100.0,-100.0,0.0,1.9801515982464936e-11,89.4498133195773,30.0,82,92,30.0,125.0,4,-100.0,19.0,-732.409972299169,-100.0,0.0,3.7999999999999996e-08,0,1,33.94736842105263,0
PPO-QP-no-penalty,20260809,230,44,22173,0,0,0,0.0,-100.0,-100.0,0.0,1.8610553838745622e-11,93.65825683373826,30.0,147,92,30.0,125.0,4,-100.0,19.0,-732.409972299169,-100.0,0.0,3.7999999999999996e-08,0,1,33.94736842105263,0
PPO-QP-no-penalty,20260809,231,44,22269,0,0,0,0.0,-100.0,-100.0,0.0,1.999698924966727e-11,109.23909068749569,30.0,157,92,30.0,125.0,4,-100.0,19.0,-732.409972299169,-100.0,0.0,3.7999999999999996e-08,0,1,33.94736842105263,0
PPO-QP-no-penalty,20260809,232,44,22365,0,0,0,0.0,-100.0,-100.0,0.0,2.0024160107823264e-11,91.86532092092294,30.0,121,92,30.0,125.0,4,-100.0,19.0,-732.409972299169,-100.0,0.0,3.7999999999999996e-08,0,1,33.94736842105263,0
PPO-QP-no-penalty,20260809,233,44,22461,0,0,0,0.0,-100.0,-100.0,0.0,1.9654030255130313e-11,96.58075138170044,30.0,179,92,30.0,125.0,4,-100.0,19.0,-732.409972299169,-100.0,0.0,3.7999999999999996e-08,0,1,33.94736842105263,0
PPO-QP-no-penalty,20260809,234,45,22557,0,0,0,0.0,-100.0,-100.0,0.0,1.9848996520484737e-11,109.25196286046445,30.0,158,92,30.0,125.0,4,-100.0,19.0,-732.409972299169,-100.0,0.0,3.7999999999999996e-08,0,1,33.94736842105263,0
PPO-QP-no-penalty,20260809,235,45,22653,0,0,0,0.0,-100.0,-100.0,0.0,1.981580455279186e-11,106.49212326251488,30.0,33,92,30.0,125.0,4,-100.0,19.0,-732.409972299169,-100.0,0.0,3.7999999999999996e-08,0,1,33.94736842105263,0
PPO-QP-no-penalty,20260809,236,45,22749,0,0,0,0.0,-100.0,-100.0,0.0,1.9754087254852948e-11,99.08924403023656,30.0,237,92,30.0,125.0,4,-100.0,19.0,-732.409972299169,-100.0,0.0,3.7999999999999996e-08,0,1,33.94736842105263,0
PPO-QP-no-penalty,20260809,237,45,22845,0,0,0,0.0,-100.0,-100.0,0.0,1.9765896327091544e-11,83.44779529038792,30.0,14,92,30.0,125.0,4,-100.0,19.0,-732.409972299169,-100.0,0.0,3.7999999999999996e-08,0,1,33.94736842105263,0
PPO-QP-no-penalty,20260809,238,45,22941,0,0,0,0.0,-100.0,-100.0,0.0,1.9915369353640246e-11,108.3505698228186,30.0,161,92,30.0,125.0,4,-100.0,19.0,-732.409972299169,-100.0,0.0,3.7999999999999996e-08,0,1,33.94736842105263,0
PPO-QP-no-penalty,20260809,239,45,23037,0,0,0,0.0,-100.0,-100.0,0.0,1.990185423868714e-11,100.48692081466652,30.0,32,92,30.0,125.0,4,-100.0,19.0,-732.409972299169,-100.0,0.0,3.7999999999999996e-08,0,1,33.94736842105263,0
PPO-QP-no-penalty,20260809,240,46,23133,0,0,0,0.0,-100.0,-100.0,0.0,1.9916150210500898e-11,99.02691431499208,30.0,144,92,30.0,125.0,4,-100.0,19.0,-732.409972299169,-100.0,0.0,3.7999999999999996e-08,0,1,33.94736842105263,0
PPO-QP-no-penalty,20260809,241,46,23229,0,0,0,0.0,-100.0,-100.0,0.0,1.983136617885369e-11,107.22965812391051,30.0,150,92,30.0,125.0,4,-100.0,19.0,-732.409972299169,-100.0,0.0,3.7999999999999996e-08,0,1,33.94736842105263,0
PPO-QP-no-penalty,20260809,242,46,23325,0,0,0,0.0,-100.0,-100.0,0.0,2.0082739175345902e-11,80.32125119024646,30.0,20,92,30.0,125.0,4,-100.0,19.0,-732.409972299169,-100.0,0.0,3.7999999999999996e-08,0,1,33.94736842105263,0
PPO-QP-no-penalty,20260809,243,46,23421,0,0,0,0.0,-100.0,-100.0,0.0,2.0004642387050352e-11,102.02181808763575,30.0,44,92,30.0,125.0,4,-100.0,19.0,-732.409972299169,-100.0,0.0,3.7999999999999996e-08,0,1,33.94736842105263,0
PPO-QP-no-penalty,20260809,244,46,23517,0,0,0,0.0,-100.0,-100.0,0.0,1.997197222417905e-11,95.06128279232206,30.0,126,92,30.0,125.0,4,-100.0,19.0,-732.409972299169,-100.0,0.0,3.7999999999999996e-08,0,1,33.94736842105263,0
PPO-QP-no-penalty,20260809,245,47,23613,0,0,0,0.0,-100.0,-100.0,0.0,1.9884964045739178e-11,84.83495531338835,30.0,21,92,30.0,125.0,4,-100.0,19.0,-732.409972299169,-100.0,0.0,3.7999999999999996e-08,0,1,33.94736842105263,0
PPO-QP-no-penalty,20260809,246,47,23709,0,0,0,0.0,-100.0,-100.0,0.0,1.954559847305859e-11,105.40884051002003,30.0,169,92,30.0,125.0,4,-100.0,19.0,-732.409972299169,-100.0,0.0,3.7999999999999996e-08,0,1,33.94736842105263,0
PPO-QP-no-penalty,20260809,247,47,23805,0,0,0,0.0,-100.0,-100.0,0.0,1.984587679378554e-11,105.46954824232857,30.0,143,92,30.0,125.0,4,-100.0,19.0,-732.409972299169,-100.0,0.0,3.7999999999999996e-08,0,1,33.94736842105263,0
PPO-QP-no-penalty,20260809,248,47,23901,0,0,0,0.0,-100.0,-100.0,0.0,1.977987773571499e-11,109.97109181636901,30.0,185,92,30.0,125.0,4,-100.0,19.0,-732.409972299169,-100.0,0.0,3.7999999999999996e-08,0,1,33.94736842105263,0
PPO-QP-no-penalty,20260809,249,47,23997,0,0,0,0.0,-100.0,-100.0,0.0,1.9950167443975412e-11,104.9255458245251,30.0,233,92,30.0,125.0,4,-100.0,19.0,-732.409972299169,-100.0,0.0,3.7999999999999996e-08,0,1,33.94736842105263,0
PPO-QP-no-penalty,20260809,250,48,24093,0,0,0,0.0,-100.0,-100.0,0.0,1.9677888947929507e-11,104.64145612587045,30.0,171,92,30.0,125.0,4,-100.0,19.0,-732.409972299169,-100.0,0.0,3.7999999999999996e-08,0,1,33.94736842105263,0
PPO-QP-no-penalty,20260809,251,48,24189,0,0,0,0.0,-100.0,-100.0,0.0,1.97518186991393e-11,110.95905457206057,30.0,193,92,30.0,125.0,4,-100.0,19.0,-732.409972299169,-100.0,0.0,3.7999999999999996e-08,0,1,33.94736842105263,0
PPO-QP-no-penalty,20260809,252,48,24285,0,0,0,0.0,-100.0,-100.0,0.0,1.9943742953406247e-11,96.01676559852008,30.0,37,92,30.0,125.0,4,-100.0,19.0,-732.409972299169,-100.0,0.0,3.7999999999999996e-08,0,1,33.94736842105263,0
PPO-QP-no-penalty,20260809,253,48,24381,0,0,0,0.0,-100.0,-100.0,0.0,1.9655081266260292e-11,101.21404399016883,30.0,40,92,30.0,125.0,4,-100.0,19.0,-732.409972299169,-100.0,0.0,3.7999999999999996e-08,0,1,33.94736842105263,0
PPO-QP-no-penalty,20260809,254,48,24477,0,0,0,0.0,-100.0,-100.0,0.0,1.9856982724775206e-11,101.76595014465538,30.0,18,92,30.0,125.0,4,-100.0,19.0,-732.409972299169,-100.0,0.0,3.7999999999999996e-08,0,1,33.94736842105263,0
PPO-QP-no-penalty,20260809,255,48,24573,0,0,0,0.0,-100.0,-100.0,0.0,1.9863629259949296e-11,100.24854400666918,30.0,170,92,30.0,125.0,4,-100.0,19.0,-732.409972299169,-100.0,0.0,3.7999999999999996e-08,0,1,33.94736842105263,0
PPO-QP-no-penalty,20260809,256,49,24669,0,0,0,0.0,-100.0,-100.0,0.0,1.9865516639091158e-11,100.53597211255874,30.0,10,92,30.0,125.0,4,-100.0,19.0,-732.409972299169,-100.0,0.0,3.7999999999999996e-08,0,1,33.94736842105263,0
PPO-QP-no-penalty,20260809,257,49,24765,0,0,0,0.0,-100.0,-100.0,0.0,1.970980045840065e-11,96.58075138170044,30.0,179,92,30.0,125.0,4,-100.0,19.0,-732.409972299169,-100.0,0.0,3.7999999999999996e-08,0,1,33.94736842105263,0
PPO-QP-no-penalty,20260809,258,49,24861,0,0,0,0.0,-100.0,-100.0,0.0,2.0074882497074972e-11,102.40925487505093,30.0,131,92,30.0,125.0,4,-100.0,19.0,-732.409972299169,-100.0,0.0,3.7999999999999996e-08,0,1,33.94736842105263,0
PPO-QP-no-penalty,20260809,259,49,24957,0,0,0,0.0,-100.0,-100.0,0.0,1.985587250175058e-11,105.7846855565606,30.0,4,92,30.0,125.0,4,-100.0,19.0,-732.409972299169,-100.0,0.0,3.7999999999999996e-08,0,1,33.94736842105263,0
PPO-QP-no-penalty,20260809,260,49,25053,0,0,0,0.0,-100.0,-100.0,0.0,2.0081277381696814e-11,93.19234625977204,30.0,43,92,30.0,125.0,4,-100.0,19.0,-732.409972299169,-100.0,0.0,3.7999999999999996e-08,0,1,33.94736842105263,0
PPO-QP-no-penalty,20260809,261,50,25149,0,0,0,0.0,-100.0,-100.0,0.0,1.9665432245593215e-11,102.9635056064629,30.0,189,92,30.0,125.0,4,-100.0,19.0,-732.409972299169,-100.0,0.0,3.7999999999999996e-08,0,1,33.94736842105263,0
PPO-QP-no-penalty,20260809,262,50,25245,0,0,0,0.0,-100.0,-100.0,0.0,1.975087130882495e-11,99.08924403023656,30.0,237,92,30.0,125.0,4,-100.0,19.0,-732.409972299169,-100.0,0.0,3.7999999999999996e-08,0,1,33.94736842105263,0
PPO-QP-no-penalty,20260809,263,50,25341,0,0,0,0.0,-100.0,-100.0,0.0,1.9988329510075194e-11,96.58075138170044,30.0,179,92,30.0,125.0,4,-100.0,19.0,-732.409972299169,-100.0,0.0,3.7999999999999996e-08,0,1,33.94736842105263,0
PPO-QP-no-penalty,20260809,264,50,25437,0,0,0,0.0,-100.0,-100.0,0.0,1.983660643152992e-11,110.48753847270052,30.0,160,92,30.0,125.0,4,-100.0,19.0,-732.409972299169,-100.0,0.0,3.7999999999999996e-08,0,1,33.94736842105263,0
PPO-QP-no-penalty,20260809,265,50,25533,0,0,0,0.0,-100.0,-100.0,0.0,2.007473076659494e-11,89.4498133195773,30.0,82,92,30.0,125.0,4,-100.0,19.0,-732.409972299169,-100.0,0.0,3.7999999999999996e-08,0,1,33.94736842105263,0
PPO-QP-no-penalty,20260809,266,51,25629,0,0,0,0.0,-100.0,-100.0,0.0,1.9597556910611048e-11,100.24751861636082,30.0,107,92,30.0,125.0,4,-100.0,19.0,-732.409972299169,-100.0,0.0,3.7999999999999996e-08,0,1,33.94736842105263,0
PPO-QP-no-penalty,20260809,267,51,25725,0,0,0,0.0,-100.0,-100.0,0.0,1.9889719501027987e-11,93.95418866591038,30.0,94,92,30.0,125.0,4,-100.0,19.0,-732.409972299169,-100.0,0.0,3.7999999999999996e-08,0,1,33.94736842105263,0
PPO-QP-no-penalty,20260809,268,51,25821,0,0,0,0.0,-100.0,-100.0,0.0,1.9755945028047488e-11,99.83051753648506,30.0,190,92,30.0,125.0,4,-100.0,19.0,-732.409972299169,-100.0,0.0,3.7999999999999996e-08,0,1,33.94736842105263,0
PPO-QP-no-penalty,20260809,269,51,25917,0,0,0,0.0,-100.0,-100.0,0.0,2.001179222332894e-11,99.1738371645239,30.0,108,92,30.0,125.0,4,-100.0,19.0,-732.409972299169,-100.0,0.0,3.7999999999999996e-08,0,1,33.94736842105263,0
PPO-QP-no-penalty,20260809,270,51,26013,0,0,0,0.0,-100.0,-100.0,0.0,1.9880260400858182e-11,109.00381953646375,30.0,159,92,30.0,125.0,4,-100.0,19.0,-732.409972299169,-100.0,0.0,3.7999999999999996e-08,0,1,33.94736842105263,0
PPO-QP-no-penalty,20260809,271,51,26109,0,0,0,0.0,-100.0,-100.0,0.0,2.0075259972903344e-11,110.10922097309025,30.0,167,92,30.0,125.0,4,-100.0,19.0,-732.409972299169,-100.0,0.0,3.7999999999999996e-08,0,1,33.94736842105263,0
PPO-QP-no-penalty,20260809,272,52,26205,0,0,0,0.0,-100.0,-100.0,0.0,1.996261304408146e-11,99.51338637734993,30.0,140,92,30.0,125.0,4,-100.0,19.0,-732.409972299169,-100.0,0.0,3.7999999999999996e-08,0,1,33.94736842105263,0
PPO-QP-no-penalty,20260809,273,52,26301,0,0,0,0.0,-100.0,-100.0,0.0,1.977180271358255e-11,104.76339971089588,30.0,25,92,30.0,125.0,4,-100.0,19.0,-732.409972299169,-100.0,0.0,3.7999999999999996e-08,0,1,33.94736842105263,0
PPO-QP-no-penalty,20260809,274,52,26397,0,0,0,0.0,-100.0,-100.0,0.0,1.9907953063835748e-11,104.96059298132022,30.0,58,92,30.0,125.0,4,-100.0,19.0,-732.409972299169,-100.0,0.0,3.7999999999999996e-08,0,1,33.94736842105263,0
PPO-QP-no-penalty,20260809,275,52,26493,0,0,0,0.0,-100.0,-100.0,0.0,2.0133709514406444e-11,94.11350934331959,30.0,103,92,30.0,125.0,4,-100.0,19.0,-732.409972299169,-100.0,0.0,3.7999999999999996e-08,0,1,33.94736842105263,0
PPO-QP-no-penalty,20260809,276,52,26589,0,0,0,0.0,-100.0,-100.0,0.0,1.9916894059927395e-11,101.10748378887497,30.0,110,92,30.0,125.0,4,-100.0,19.0,-732.409972299169,-100.0,0.0,3.7999999999999996e-08,0,1,33.94736842105263,0
PPO-QP-no-penalty,20260809,277,53,26685,0,0,0,0.0,-100.0,-100.0,0.0,1.9884257203746833e-11,100.48692081466652,30.0,32,92,30.0,125.0,4,-100.0,19.0,-732.409972299169,-100.0,0.0,3.7999999999999996e-08,0,1,33.94736842105263,0
PPO-QP-no-penalty,20260809,278,53,26781,0,0,0,0.0,-100.0,-100.0,0.0,1.900600787863027e-11,92.05160546747763,30.0,120,92,30.0,125.0,4,-100.0,19.0,-732.409972299169,-100.0,0.0,3.7999999999999996e-08,0,1,33.94736842105263,0
PPO-QP-no-penalty,20260809,279,53,26877,0,0,0,0.0,-100.0,-100.0,0.0,2.000235902836304e-11,104.874570453267,30.0,238,92,30.0,125.0,4,-100.0,19.0,-732.409972299169,-100.0,0.0,3.7999999999999996e-08,0,1,33.94736842105263,0
PPO-QP-no-penalty,20260809,280,53,26973,0,0,0,0.0,-100.0,-100.0,0.0,1.9888383532655022e-11,104.76339971089588,30.0,25,92,30.0,125.0,4,-100.0,19.0,-732.409972299169,-100.0,0.0,3.7999999999999996e-08,0,1,33.94736842105263,0
PPO-QP-no-penalty,20260809,281,53,27069,0,0,0,0.0,-100.0,-100.0,0.0,1.981329174801279e-11,90.96640864829209,30.0,87,92,30.0,125.0,4,-100.0,19.0,-732.409972299169,-100.0,0.0,3.7999999999999996e-08,0,1,33.94736842105263,0
PPO-QP-no-penalty,20260809,282,54,27165,0,0,0,0.0,-100.0,-100.0,0.0,1.9926449379426003e-11,109.65240546778003,30.0,206,92,30.0,125.0,4,-100.0,19.0,-732.409972299169,-100.0,0.0,3.7999999999999996e-08,0,1,33.94736842105263,0
PPO-QP-no-penalty,20260809,283,54,27261,0,0,0,0.0,-100.0,-100.0,0.0,1.9934150626473487e-11,96.25561346436216,30.0,8,92,30.0,125.0,4,-100.0,19.0,-732.409972299169,-100.0,0.0,3.7999999999999996e-08,0,1,33.94736842105263,0
PPO-QP-no-penalty,20260809,284,54,27357,0,0,0,0.0,-100.0,-100.0,0.0,1.991642406551364e-11,111.81848596317624,30.0,207,92,30.0,125.0,4,-100.0,19.0,-732.409972299169,-100.0,0.0,3.7999999999999996e-08,0,1,33.94736842105263,0
PPO-QP-no-penalty,20260809,285,54,27453,0,0,0,0.0,-100.0,-100.0,0.0,2.004599079323081e-11,109.00845018424536,30.0,186,92,30.0,125.0,4,-100.0,19.0,-732.409972299169,-100.0,0.0,3.7999999999999996e-08,0,1,33.94736842105263,0
PPO-QP-no-penalty,20260809,286,54,27549,0,0,0,0.0,-100.0,-100.0,0.0,1.9776473051772806e-11,115.68383100969456,30.0,208,92,30.0,125.0,4,-100.0,19.0,-732.409972299169,-100.0,0.0,3.7999999999999996e-08,0,1,33.94736842105263,0
PPO-QP-no-penalty,20260809,287,54,27645,0,0,0,0.0,-100.0,-100.0,0.0,2.0142939168484494e-11,111.37033894980843,30.0,201,92,30.0,125.0,4,-100.0,19.0,-732.409972299169,-100.0,0.0,3.7999999999999996e-08,0,1,33.94736842105263,0
PPO-QP-no-penalty,20260809,288,55,27741,0,0,0,0.0,-100.0,-100.0,0.0,1.9887669289175848e-11,109.97109181636901,30.0,185,92,30.0,125.0,4,-100.0,19.0,-732.409972299169,-100.0,0.0,3.7999999999999996e-08,0,1,33.94736842105263,0
PPO-QP-no-penalty,20260809,289,55,27837,0,0,0,0.0,-100.0,-100.0,0.0,2.015937416999236e-11,89.55801861089178,30.0,102,92,30.0,125.0,4,-100.0,19.0,-732.409972299169,-100.0,0.0,3.7999999999999996e-08,0,1,33.94736842105263,0
PPO-QP-no-penalty,20260809,290,55,27933,0,0,0,0.0,-100.0,-100.0,0.0,1.9727656545380037e-11,95.64219345576147,30.0,149,92,30.0,125.0,4,-100.0,19.0,-732.409972299169,-100.0,0.0,3.7999999999999996e-08,0,1,33.94736842105263,0
PPO-QP-no-penalty,20260809,291,55,28029,0,0,0,0.0,-100.0,-100.0,0.0,1.984754952980931e-11,102.10435203642338,30.0,53,92,30.0,125.0,4,-100.0,19.0,-732.409972299169,-100.0,0.0,3.7999999999999996e-08,0,1,33.94736842105263,0
PPO-QP-no-penalty,20260809,292,55,28125,0,0,0,0.0,-100.0,-100.0,0.0,1.947632055632198e-11,105.33033672677433,30.0,183,92,30.0,125.0,4,-100.0,19.0,-732.409972299169,-100.0,0.0,3.7999999999999996e-08,0,1,33.94736842105263,0
PPO-QP-no-penalty,20260809,293,56,28221,0,0,0,0.0,-100.0,-100.0,0.0,2.0070130742529575e-11,113.11894463632069,30.0,200,92,30.0,125.0,4,-100.0,19.0,-732.409972299169,-100.0,0.0,3.7999999999999996e-08,0,1,33.94736842105263,0
PPO-QP-no-penalty,20260809,294,56,28317,0,0,0,0.0,-100.0,-100.0,0.0,2.0084456320290657e-11,104.9255458245251,30.0,233,92,30.0,125.0,4,-100.0,19.0,-732.409972299169,-100.0,0.0,3.7999999999999996e-08,0,1,33.94736842105263,0
PPO-QP-no-penalty,20260809,295,56,28413,0,0,0,0.0,-100.0,-100.0,0.0,1.9935679033504054e-11,92.01794582118721,30.0,127,92,30.0,125.0,4,-100.0,19.0,-732.409972299169,-100.0,0.0,3.7999999999999996e-08,0,1,33.94736842105263,0
PPO-QP-no-penalty,20260809,296,56,28509,0,0,0,0.0,-100.0,-100.0,0.0,1.9675638895932934e-11,97.3102387833523,30.0,104,92,30.0,125.0,4,-100.0,19.0,-732.409972299169,-100.0,0.0,3.7999999999999996e-08,0,1,33.94736842105263,0
PPO-QP-no-penalty,20260809,297,56,28605,0,0,0,0.0,-100.0,-100.0,0.0,1.992439916757386e-11,101.10748378887497,30.0,110,92,30.0,125.0,4,-100.0,19.0,-732.409972299169,-100.0,0.0,3.7999999999999996e-08,0,1,33.94736842105263,0
PPO-QP-no-penalty,20260809,298,57,28701,0,0,0,0.0,-100.0,-100.0,0.0,1.9923033593253574e-11,112.63083730657955,30.0,166,92,30.0,125.0,4,-100.0,19.0,-732.409972299169,-100.0,0.0,3.7999999999999996e-08,0,1,33.94736842105263,0
PPO-QP-no-penalty,20260809,299,57,28797,0,0,0,0.0,-100.0,-100.0,0.0,1.9935619821609408e-11,84.73391284961718,30.0,63,92,30.0,125.0,4,-100.0,19.0,-732.409972299169,-100.0,0.0,3.7999999999999996e-08,0,1,33.94736842105263,0
PPO-QP-no-penalty,20260809,300,57,28893,0,0,0,0.0,-100.0,-100.0,0.0,2.960594732333751e-17,92.24150315024411,30.0,69,92,30.0,125.0,4,-100.0,19.0,-732.409972299169,-100.0,0.0,3.7999999999999996e-08,0,1,33.94736842105263,0
PPO-QP-no-penalty,20260809,301,57,28989,0,0,0,0.0,-100.0,-100.0,0.0,1.990642465680518e-11,84.83495531338835,30.0,21,92,30.0,125.0,4,-100.0,19.0,-732.409972299169,-100.0,0.0,3.7999999999999996e-08,0,1,33.94736842105263,0
PPO-QP-no-penalty,20260809,302,57,29085,0,0,0,0.0,-100.0,-100.0,0.0,1.9869317302578792e-11,94.11350934331959,30.0,103,92,30.0,125.0,4,-100.0,19.0,-732.409972299169,-100.0,0.0,3.7999999999999996e-08,0,1,33.94736842105263,0
PPO-QP-no-penalty,20260809,303,57,29181,0,0,0,0.0,-100.0,-100.0,0.0,1.951991901449901e-11,87.56950904514152,30.0,98,92,30.0,125.0,4,-100.0,19.0,-732.409972299169,-100.0,0.0,3.7999999999999996e-08,0,1,33.94736842105263,0
PPO-QP-no-penalty,20260809,304,58,29277,0,0,0,0.0,-100.0,-100.0,0.0,1.983105161566338e-11,100.53597211255874,30.0,10,92,30.0,125.0,4,-100.0,19.0,-732.409972299169,-100.0,0.0,3.7999999999999996e-08,0,1,33.94736842105263,0
PPO-QP-no-penalty,20260809,305,58,29373,0,0,0,0.0,-100.0,-100.0,0.0,1.9848252671058237e-11,81.88761466839229,30.0,41,92,30.0,125.0,4,-100.0,19.0,-732.409972299169,-100.0,0.0,3.7999999999999996e-08,0,1,33.94736842105263,0
PPO-QP-no-penalty,20260809,306,58,29469,0,0,0,0.0,-100.0,-100.0,0.0,1.9853000724860217e-11,83.01996185755443,30.0,27,92,30.0,125.0,4,-100.0,19.0,-732.409972299169,-100.0,0.0,3.7999999999999996e-08,0,1,33.94736842105263,0
PPO-QP-no-penalty,20260809,307,58,29565,0,0,0,0.0,-100.0,-100.0,0.0,1.9766703089156105e-11,76.26011533638224,30.0,28,92,30.0,125.0,4,-100.0,19.0,-732.409972299169,-100.0,0.0,3.7999999999999996e-08,0,1,33.94736842105263,0
PPO-QP-no-penalty,20260809,308,58,29661,0,0,0,0.0,-100.0,-100.0,0.0,1.95311026611004e-11,111.81848596317624,30.0,207,92,30.0,125.0,4,-100.0,19.0,-732.409972299169,-100.0,0.0,3.7999999999999996e-08,0,1,33.94736842105263,0
PPO-QP-no-penalty,20260809,309,59,29757,0,0,0,0.0,-100.0,-100.0,0.0,2.0025344345716196e-11,98.21813398146197,30.0,68,92,30.0,125.0,4,-100.0,19.0,-732.409972299169,-100.0,0.0,3.7999999999999996e-08,0,1,33.94736842105263,0
PPO-QP-no-penalty,20260809,310,59,29853,0,0,0,0.0,-100.0,-100.0,0.0,1.9886477649796083e-11,99.96667633583264,30.0,97,92,30.0,125.0,4,-100.0,19.0,-732.409972299169,-100.0,0.0,3.7999999999999996e-08,0,1,33.94736842105263,0
PPO-QP-no-penalty,20260809,311,59,29949,0,0,0,0.0,-100.0,-100.0,0.0,2.0010352634140342e-11,99.51338637734993,30.0,140,92,30.0,125.0,4,-100.0,19.0,-732.409972299169,-100.0,0.0,3.7999999999999996e-08,0,1,33.94736842105263,0
PPO-QP-no-penalty,20260809,312,59,30045,0,0,0,0.0,-100.0,-100.0,0.0,1.9935460689642543e-11,112.63083730657955,30.0,166,92,30.0,125.0,4,-100.0,19.0,-732.409972299169,-100.0,0.0,3.7999999999999996e-08,0,1,33.94736842105263,0
PPO-QP-no-penalty,20260809,313,59,30141,0,0,0,0.0,-100.0,-100.0,0.0,1.986817377286343e-11,98.21813398146197,30.0,68,92,30.0,125.0,4,-100.0,19.0,-732.409972299169,-100.0,0.0,3.7999999999999996e-08,0,1,33.94736842105263,0
PPO-QP-no-penalty,20260809,314,60,30237,0,0,0,0.0,-100.0,-100.0,0.0,1.987411716678859e-11,105.40884051002003,30.0,169,92,30.0,125.0,4,-100.0,19.0,-732.409972299169,-100.0,0.0,3.7999999999999996e-08,0,1,33.94736842105263,0
PPO-QP-no-penalty,20260809,315,60,30333,0,0,0,0.0,-100.0,-100.0,0.0,0.0,87.66406128442175,30.0,34,92,30.0,125.0,4,-100.0,19.0,-732.409972299169,-100.0,0.0,3.7999999999999996e-08,0,1,33.94736842105263,0
PPO-QP-no-penalty,20260809,316,60,30429,0,0,0,0.0,-100.0,-100.0,0.0,1.9804461774223607e-11,103.35487004591415,30.0,223,92,30.0,125.0,4,-100.0,19.0,-732.409972299169,-100.0,0.0,3.7999999999999996e-08,0,1,33.94736842105263,0
PPO-QP-no-penalty,20260809,317,60,30525,0,0,0,0.0,-100.0,-100.0,0.0,1.9604913988520897e-11,109.23909068749569,30.0,157,92,30.0,125.0,4,-100.0,19.0,-732.409972299169,-100.0,0.0,3.7999999999999996e-08,0,1,33.94736842105263,0
PPO-QP-no-penalty,20260809,318,60,30621,0,0,0,0.0,-100.0,-100.0,0.0,0.0,101.7500204535244,30.0,123,92,30.0,125.0,4,-100.0,19.0,-732.409972299169,-100.0,0.0,3.7999999999999996e-08,0,1,33.94736842105263,0
PPO-QP-no-penalty,20260809,319,60,30717,0,0,0,0.0,-100.0,-100.0,0.0,1.9925427974243347e-11,71.42695793285735,30.0,0,92,30.0,125.0,4,-100.0,19.0,-732.409972299169,-100.0,0.0,3.7999999999999996e-08,0,1,33.94736842105263,0
PPO-QP-no-penalty,20260809,320,61,30813,0,0,0,0.0,-100.0,-100.0,0.0,1.9913341346248594e-11,91.9647476534924,30.0,62,92,30.0,125.0,4,-100.0,19.0,-732.409972299169,-100.0,0.0,3.7999999999999996e-08,0,1,33.94736842105263,0
PPO-QP-no-penalty,20260809,321,61,30909,0,0,0,0.0,-100.0,-100.0,0.0,1.9799850647927998e-11,93.83291616695745,30.0,124,92,30.0,125.0,4,-100.0,19.0,-732.409972299169,-100.0,0.0,3.7999999999999996e-08,0,1,33.94736842105263,0
PPO-QP-no-penalty,20260809,322,61,31005,0,0,0,0.0,-100.0,-100.0,0.0,1.9698161620359163e-11,83.01996185755443,30.0,27,92,30.0,125.0,4,-100.0,19.0,-732.409972299169,-100.0,0.0,3.7999999999999996e-08,0,1,33.94736842105263,0
PPO-QP-no-penalty,20260809,323,61,31101,0,0,0,0.0,-100.0,-100.0,0.0,1.9667811823609326e-11,92.05160546747763,30.0,120,92,30.0,125.0,4,-100.0,19.0,-732.409972299169,-100.0,0.0,3.7999999999999996e-08,0,1,33.94736842105263,0
PPO-QP-no-penalty,20260809,324,61,31197,0,0,0,0.0,-100.0,-100.0,0.0,2.003401518753852e-11,98.21813398146197,30.0,68,92,30.0,125.0,4,-100.0,19.0,-732.409972299169,-100.0,0.0,3.7999999999999996e-08,0,1,33.94736842105263,0
PPO-QP-no-penalty,20260809,325,62,31293,0,0,0,0.0,-100.0,-100.0,0.0,1.939498561753794e-11,107.26565595594029,30.0,39,92,30.0,125.0,4,-100.0,19.0,-732.409972299169,-100.0,0.0,3.7999999999999996e-08,0,1,33.94736842105263,0
PPO-QP-no-penalty,20260809,326,62,31389,0,0,0,0.0,-100.0,-100.0,0.0,1.98886906943585e-11,87.61049049163246,30.0,101,92,30.0,125.0,4,-100.0,19.0,-732.409972299169,-100.0,0.0,3.7999999999999996e-08,0,1,33.94736842105263,0
PPO-QP-no-penalty,20260809,327,62,31485,0,0,0,0.0,-100.0,-100.0,0.0,1.9817332959822426e-11,103.52373239298403,30.0,11,92,30.0,125.0,4,-100.0,19.0,-732.409972299169,-100.0,0.0,3.7999999999999996e-08,0,1,33.94736842105263,0
PPO-QP-no-penalty,20260809,328,62,31581,0,0,0,0.0,-100.0,-100.0,0.0,1.9788852038497377e-11,94.86775162328135,30.0,67,92,30.0,125.0,4,-100.0,19.0,-732.409972299169,-100.0,0.0,3.7999999999999996e-08,0,1,33.94736842105263,0
PPO-QP-no-penalty,20260809,329,62,31677,0,0,0,0.0,-100.0,-100.0,0.0,1.9990168779552655e-11,100.83889927295647,30.0,31,92,30.0,125.0,4,-100.0,19.0,-732.409972299169,-100.0,0.0,3.7999999999999996e-08,0,1,33.94736842105263,0
PPO-QP-no-penalty,20260809,330,63,31773,0,0,0,0.0,-100.0,-100.0,0.0,2.0005349229042697e-11,101.21404399016883,30.0,40,92,30.0,125.0,4,-100.0,19.0,-732.409972299169,-100.0,0.0,3.7999999999999996e-08,0,1,33.94736842105263,0
PPO-QP-no-penalty,20260809,331,63,31869,0,0,0,0.0,-100.0,-100.0,0.0,1.961017644565762e-11,117.29831760304205,30.0,210,92,30.0,125.0,4,-100.0,19.0,-732.409972299169,-100.0,0.0,3.7999999999999996e-08,0,1,33.94736842105263,0
PPO-QP-no-penalty,20260809,332,63,31965,0,0,0,0.0,-100.0,-100.0,0.0,1.7171053467990305e-11,104.874570453267,30.0,238,92,30.0,125.0,4,-100.0,19.0,-732.409972299169,-100.0,0.0,3.7999999999999996e-08,0,1,33.94736842105263,0
PPO-QP-no-penalty,20260809,333,63,32061,0,0,0,0.0,-100.0,-100.0,0.0,1.9806515686819164e-11,95.24953877379312,30.0,64,92,30.0,125.0,4,-100.0,19.0,-732.409972299169,-100.0,0.0,3.7999999999999996e-08,0,1,33.94736842105263,0
PPO-QP-no-penalty,20260809,334,63,32157,0,0,0,0.0,-100.0,-100.0,0.0,1.994716614106551e-11,70.83217175061809,30.0,35,92,30.0,125.0,4,-100.0,19.0,-732.409972299169,-100.0,0.0,3.7999999999999996e-08,0,1,33.94736842105263,0
PPO-QP-no-penalty,20260809,335,63,32253,0,0,0,0.0,-100.0,-100.0,0.0,1.962360644351217e-11,112.50095741162527,30.0,230,92,30.0,125.0,4,-100.0,19.0,-732.409972299169,-100.0,0.0,3.7999999999999996e-08,0,1,33.94736842105263,0
PPO-QP-no-penalty,20260809,336,64,32349,0,0,0,0.0,-100.0,-100.0,0.0,1.9755245587541972e-11,96.58075138170044,30.0,179,92,30.0,125.0,4,-100.0,19.0,-732.409972299169,-100.0,0.0,3.7999999999999996e-08,0,1,33.94736842105263,0
PPO-QP-no-penalty,20260809,337,64,32445,0,0,0,0.0,-100.0,-100.0,0.0,1.9665424844106382e-11,83.44779529038792,30.0,14,92,30.0,125.0,4,-100.0,19.0,-732.409972299169,-100.0,0.0,3.7999999999999996e-08,0,1,33.94736842105263,0
PPO-QP-no-penalty,20260809,338,64,32541,0,0,0,0.0,-100.0,-100.0,0.0,1.987470558499164e-11,83.30942638550725,30.0,49,92,30.0,125.0,4,-100.0,19.0,-732.409972299169,-100.0,0.0,3.7999999999999996e-08,0,1,33.94736842105263,0
PPO-QP-no-penalty,20260809,339,64,32637,0,0,0,0.0,-100.0,-100.0,0.0,1.9589185829005375e-11,87.66406128442175,30.0,34,92,30.0,125.0,4,-100.0,19.0,-732.409972299169,-100.0,0.0,3.7999999999999996e-08,0,1,33.94736842105263,0
PPO-QP-no-penalty,20260809,340,64,32733,0,0,0,0.0,-100.0,-100.0,0.0,1.9825282156678743e-11,95.85085952656725,30.0,3,92,30.0,125.0,4,-100.0,19.0,-732.409972299169,-100.0,0.0,3.7999999999999996e-08,0,1,33.94736842105263,0
PPO-QP-no-penalty,20260809,341,65,32829,0,0,0,0.0,-100.0,-100.0,0.0,1.975959396105509e-11,104.23250747221446,30.0,226,92,30.0,125.0,4,-100.0,19.0,-732.409972299169,-100.0,0.0,3.7999999999999996e-08,0,1,33.94736842105263,0
PPO-QP-no-penalty,20260809,342,65,32925,0,0,0,0.0,-100.0,-100.0,0.0,2.0102867518782355e-11,95.87558463372099,30.0,46,92,30.0,125.0,4,-100.0,19.0,-732.409972299169,-100.0,0.0,3.7999999999999996e-08,0,1,33.94736842105263,0
PPO-QP-no-penalty,20260809,343,65,33021,0,0,0,0.0,-100.0,-100.0,0.0,1.9303810402012307e-11,107.61759070352285,30.0,152,92,30.0,125.0,4,-100.0,19.0,-732.409972299169,-100.0,0.0,3.7999999999999996e-08,0,1,33.94736842105263,0
PPO-QP-no-penalty,20260809,344,65,33117,0,0,0,0.0,-100.0,-100.0,0.0,1.9865461127939927e-11,104.64145612587045,30.0,171,92,30.0,125.0,4,-100.0,19.0,-732.409972299169,-100.0,0.0,3.7999999999999996e-08,0,1,33.94736842105263,0
PPO-QP-no-penalty,20260809,345,65,33213,0,0,0,0.0,-100.0,-100.0,0.0,1.9573305939009817e-11,114.05868659417193,30.0,202,92,30.0,125.0,4,-100.0,19.0,-732.409972299169,-100.0,0.0,3.7999999999999996e-08,0,1,33.94736842105263,0
PPO-QP-no-penalty,20260809,346,66,33309,0,0,0,0.0,-100.0,-100.0,0.0,0.0,89.55801861089178,30.0,102,92,30.0,125.0,4,-100.0,19.0,-732.409972299169,-100.0,0.0,3.7999999999999996e-08,0,1,33.94736842105263,0
PPO-QP-no-penalty,20260809,347,66,33405,0,0,0,0.0,-100.0,-100.0,0.0,1.982194408611804e-11,95.24953877379312,30.0,64,92,30.0,125.0,4,-100.0,19.0,-732.409972299169,-100.0,0.0,3.7999999999999996e-08,0,1,33.94736842105263,0
PPO-QP-no-penalty,20260809,348,66,33501,0,0,0,0.0,-100.0,-100.0,0.0,1.989411228346209e-11,94.92530164324614,30.0,109,92,30.0,125.0,4,-100.0,19.0,-732.409972299169,-100.0,0.0,3.7999999999999996e-08,0,1,33.94736842105263,0
PPO-QP-no-penalty,20260809,349,66,33597,0,0,0,0.0,-100.0,-100.0,0.0,1.9951851282229426e-11,99.51338637734993,30.0,140,92,30.0,125.0,4,-100.0,19.0,-732.409972299169,-100.0,0.0,3.7999999999999996e-08,0,1,33.94736842105263,0
PPO-QP-no-penalty,20260809,350,66,33693,0,0,0,0.0,-100.0,-100.0,0.0,2.0049798858205273e-11,104.42171889899856,30.0,154,92,30.0,125.0,4,-100.0,19.0,-732.409972299169,-100.0,0.0,3.7999999999999996e-08,0,1,33.94736842105263,0
PPO-QP-no-penalty,20260809,351,66,33789,0,0,0,0.0,-100.0,-100.0,0.0,1.997441101408981e-11,112.54618120928845,30.0,212,92,30.0,125.0,4,-100.0,19.0,-732.409972299169,-100.0,0.0,3.7999999999999996e-08,0,1,33.94736842105263,0
PPO-QP-no-penalty,20260809,352,67,33885,0,0,0,0.0,-100.0,-100.0,0.0,1.9852501124499136e-11,109.9284297131466,30.0,221,92,30.0,125.0,4,-100.0,19.0,-732.409972299169,-100.0,0.0,3.7999999999999996e-08,0,1,33.94736842105263,0
PPO-QP-no-penalty,20260809,353,67,33981,0,0,0,0.0,-100.0,-100.0,0.0,1.9929476587539814e-11,90.43588685788883,30.0,93,92,30.0,125.0,4,-100.0,19.0,-732.409972299169,-100.0,0.0,3.7999999999999996e-08,0,1,33.94736842105263,0
PPO-QP-no-penalty,20260809,354,67,34077,0,0,0,0.0,-100.0,-100.0,0.0,1.9839944502090628e-11,96.32255108936515,30.0,15,92,30.0,125.0,4,-100.0,19.0,-732.409972299169,-100.0,0.0,3.7999999999999996e-08,0,1,33.94736842105263,0
PPO-QP-no-penalty,20260809,355,67,34173,0,0,0,0.0,-100.0,-100.0,0.0,1.9592142722994293e-11,93.40953184232814,30.0,135,92,30.0,125.0,4,-100.0,19.0,-732.409972299169,-100.0,0.0,3.7999999999999996e-08,0,1,33.94736842105263,0
PPO-QP-no-penalty,20260809,356,67,34269,0,0,0,0.0,-100.0,-100.0,0.0,1.9770570366025217e-11,101.3762952084312,30.0,30,92,30.0,125.0,4,-100.0,19.0,-732.409972299169,-100.0,0.0,3.7999999999999996e-08,0,1,33.94736842105263,0
PPO-QP-no-penalty,20260809,357,68,34365,0,0,0,0.0,-100.0,-100.0,0.0,1.9830078320145125e-11,111.07898321111968,30.0,203,92,30.0,125.0,4,-100.0,19.0,-732.409972299169,-100.0,0.0,3.7999999999999996e-08,0,1,33.94736842105263,0
PPO-QP-no-penalty,20260809,358,68,34461,0,0,0,0.0,-100.0,-100.0,0.0,2.0007865734565183e-11,113.11894463632069,30.0,200,92,30.0,125.0,4,-100.0,19.0,-732.409972299169,-100.0,0.0,3.7999999999999996e-08,0,1,33.94736842105263,0
PPO-QP-no-penalty,20260809,359,68,34557,0,0,0,0.0,-100.0,-100.0,0.0,1.962043120566174e-11,99.52151171969736,30.0,51,92,30.0,125.0,4,-100.0,19.0,-732.409972299169,-100.0,0.0,3.7999999999999996e-08,0,1,33.94736842105263,0
PPO-QP-no-penalty,20260809,360,68,34653,0,0,0,0.0,-100.0,-100.0,0.0,1.996503703101856e-11,89.55801861089178,30.0,102,92,30.0,125.0,4,-100.0,19.0,-732.409972299169,-100.0,0.0,3.7999999999999996e-08,0,1,33.94736842105263,0
PPO-QP-no-penalty,20260809,361,68,34749,0,0,0,0.0,-100.0,-100.0,0.0,1.9745727275477522e-11,100.07914421571272,30.0,180,92,30.0,125.0,4,-100.0,19.0,-732.409972299169,-100.0,0.0,3.7999999999999996e-08,0,1,33.94736842105263,0
PPO-QP-no-penalty,20260809,362,69,34845,0,0,0,0.0,-100.0,-100.0,0.0,1.981877624975444e-11,73.4818515278711,30.0,56,92,30.0,125.0,4,-100.0,19.0,-732.409972299169,-100.0,0.0,3.7999999999999996e-08,0,1,33.94736842105263,0
PPO-QP-no-penalty,20260809,363,69,34941,0,0,0,0.0,-100.0,-100.0,0.0,1.9611271865708583e-11,109.23909068749569,30.0,157,92,30.0,125.0,4,-100.0,19.0,-732.409972299169,-100.0,0.0,3.7999999999999996e-08,0,1,33.94736842105263,0
PPO-QP-no-penalty,20260809,364,69,35037,0,0,0,0.0,-100.0,-100.0,0.0,1.9838919396164557e-11,107.24698631088836,30.0,156,92,30.0,125.0,4,-100.0,19.0,-732.409972299169,-100.0,0.0,3.7999999999999996e-08,0,1,33.94736842105263,0
PPO-QP-no-penalty,20260809,365,69,35133,0,0,0,0.0,-100.0,-100.0,0.0,1.9962361393529213e-11,91.03882991970426,30.0,95,92,30.0,125.0,4,-100.0,19.0,-732.409972299169,-100.0,0.0,3.7999999999999996e-08,0,1,33.94736842105263,0
PPO-QP-no-penalty,20260809,366,69,35229,0,0,0,0.0,-100.0,-100.0,0.0,1.9749864706615958e-11,98.93233912322364,30.0,128,92,30.0,125.0,4,-100.0,19.0,-732.409972299169,-100.0,0.0,3.7999999999999996e-08,0,1,33.94736842105263,0
PPO-QP-no-penalty,20260809,367,69,35325,0,0,0,0.0,-100.0,-100.0,0.0,1.9900318430169742e-11,88.64779970570982,30.0,89,92,30.0,125.0,4,-100.0,19.0,-732.409972299169,-100.0,0.0,3.7999999999999996e-08,0,1,33.94736842105263,0
PPO-QP-no-penalty,20260809,368,70,35421,0,0,0,0.0,-100.0,-100.0,0.0,1.969406859814171e-11,96.58075138170044,30.0,179,92,30.0,125.0,4,-100.0,19.0,-732.409972299169,-100.0,0.0,3.7999999999999996e-08,0,1,33.94736842105263,0
PPO-QP-no-penalty,20260809,369,70,35517,0,0,0,0.0,-100.0,-100.0,0.0,1.9793329938030033e-11,90.68725573509818,30.0,146,92,30.0,125.0,4,-100.0,19.0,-732.409972299169,-100.0,0.0,3.7999999999999996e-08,0,1,33.94736842105263,0
PPO-QP-no-penalty,20260809,370,70,35613,0,0,0,0.0,-100.0,-100.0,0.0,1.961683038231854e-11,112.63083730657955,30.0,166,92,30.0,125.0,4,-100.0,19.0,-732.409972299169,-100.0,0.0,3.7999999999999996e-08,0,1,33.94736842105263,0
PPO-QP-no-penalty,20260809,371,70,35709,0,0,0,0.0,-100.0,-100.0,0.0,1.9892668993530076e-11,91.85584163919535,30.0,100,92,30.0,125.0,4,-100.0,19.0,-732.409972299169,-100.0,0.0,3.7999999999999996e-08,0,1,33.94736842105263,0
PPO-QP-no-penalty,20260809,372,70,35805,0,0,0,0.0,-100.0,-100.0,0.0,1.6469481334269175e-11,93.83291616695745,30.0,124,92,30.0,125.0,4,-100.0,19.0,-732.409972299169,-100.0,0.0,3.7999999999999996e-08,0,1,33.94736842105263,0
PPO-QP-no-penalty,20260809,373,71,35901,0,0,0,0.0,-100.0,-100.0,0.0,1.9643505340856868e-11,105.07840638717109,30.0,239,92,30.0,125.0,4,-100.0,19.0,-732.409972299169,-100.0,0.0,3.7999999999999996e-08,0,1,33.94736842105263,0
PPO-QP-no-penalty,20260809,374,71,35997,0,0,0,0.0,-100.0,-100.0,0.0,1.9680649702517408e-11,92.94233251117724,30.0,1,92,30.0,125.0,4,-100.0,19.0,-732.409972299169,-100.0,0.0,3.7999999999999996e-08,0,1,33.94736842105263,0
PPO-QP-no-penalty,20260809,375,71,36093,0,0,0,0.0,-100.0,-100.0,0.0,0.0,100.12765026961917,30.0,111,92,30.0,125.0,4,-100.0,19.0,-732.409972299169,-100.0,0.0,3.7999999999999996e-08,0,1,33.94736842105263,0
PPO-QP-no-penalty,20260809,376,71,36189,0,0,0,0.0,-100.0,-100.0,0.0,1.971776445823063e-11,106.78624934180647,30.0,218,92,30.0,125.0,4,-100.0,19.0,-732.409972299169,-100.0,0.0,3.7999999999999996e-08,0,1,33.94736842105263,0
PPO-QP-no-penalty,20260809,377,71,36285,0,0,0,0.0,-100.0,-100.0,0.0,0.0,100.00130821074683,30.0,222,92,30.0,125.0,4,-100.0,19.0,-732.409972299169,-100.0,0.0,3.7999999999999996e-08,0,1,33.94736842105263,0
PPO-QP-no-penalty,20260809,378,72,36381,0,0,0,0.0,-100.0,-100.0,0.0,1.9655410632424265e-11,98.04912306783665,30.0,136,92,30.0,125.0,4,-100.0,19.0,-732.409972299169,-100.0,0.0,3.7999999999999996e-08,0,1,33.94736842105263,0
PPO-QP-no-penalty,20260809,379,72,36477,0,0,0,0.0,-100.0,-100.0,0.0,0.0,89.82960521821806,30.0,90,92,30.0,125.0,4,-100.0,19.0,-732.409972299169,-100.0,0.0,3.7999999999999996e-08,0,1,33.94736842105263,0
PPO-QP-no-penalty,20260809,380,72,36573,0,0,0,0.0,-100.0,-100.0,0.0,1.98717671947198e-11,101.7500204535244,30.0,123,92,30.0,125.0,4,-100.0,19.0,-732.409972299169,-100.0,0.0,3.7999999999999996e-08,0,1,33.94736842105263,0
PPO-QP-no-penalty,20260809,381,72,36669,0,0,0,0.0,-100.0,-100.0,0.0,1.989394945075181e-11,93.11517390836408,30.0,96,92,30.0,125.0,4,-100.0,19.0,-732.409972299169,-100.0,0.0,3.7999999999999996e-08,0,1,33.94736842105263,0
PPO-QP-no-penalty,20260809,382,72,36765,0,0,0,0.0,-100.0,-100.0,0.0,1.9740805286735016e-11,99.83051753648506,30.0,190,92,30.0,125.0,4,-100.0,19.0,-732.409972299169,-100.0,0.0,3.7999999999999996e-08,0,1,33.94736842105263,0
PPO-QP-no-penalty,20260809,383,72,36861,0,0,0,0.0,-100.0,-100.0,0.0,2.0100206684266673e-11,96.85699797452907,30.0,26,92,30.0,125.0,4,-100.0,19.0,-732.409972299169,-100.0,0.0,3.7999999999999996e-08,0,1,33.94736842105263,0
PPO-QP-no-penalty,20260809,384,73,36957,0,0,0,0.0,-100.0,-100.0,0.0,1.986214896258313e-11,94.29611872771302,30.0,88,92,30.0,125.0,4,-100.0,19.0,-732.409972299169,-100.0,0.0,3.7999999999999996e-08,0,1,33.94736842105263,0
PPO-QP-no-penalty,20260809,385,73,37053,0,0,0,0.0,-100.0,-100.0,0.0,1.9968182662921662e-11,100.49931148378674,30.0,174,92,30.0,125.0,4,-100.0,19.0,-732.409972299169,-100.0,0.0,3.7999999999999996e-08,0,1,33.94736842105263,0
PPO-QP-no-penalty,20260809,386,73,37149,0,0,0,0.0,-100.0,-100.0,0.0,2.0071174352172725e-11,107.24698631088836,30.0,156,92,30.0,125.0,4,-100.0,19.0,-732.409972299169,-100.0,0.0,3.7999999999999996e-08,0,1,33.94736842105263,0
PPO-QP-no-penalty,20260809,387,73,37245,0,0,0,0.0,-100.0,-100.0,0.0,1.9683025579790105e-11,110.10922097309025,30.0,167,92,30.0,125.0,4,-100.0,19.0,-732.409972299169,-100.0,0.0,3.7999999999999996e-08,0,1,33.94736842105263,0
PPO-QP-no-penalty,20260809,388,73,37341,0,0,0,0.0,-100.0,-100.0,0.0,1.9943069418104643e-11,96.32255108936515,30.0,15,92,30.0,125.0,4,-100.0,19.0,-732.409972299169,-100.0,0.0,3.7999999999999996e-08,0,1,33.94736842105263,0
PPO-QP-no-penalty,20260809,389,74,37437,0,0,0,0.0,-100.0,-100.0,0.0,1.9775544165175536e-11,106.52560817321435,30.0,227,92,30.0,125.0,4,-100.0,19.0,-732.409972299169,-100.0,0.0,3.7999999999999996e-08,0,1,33.94736842105263,0
PPO-QP-no-penalty,20260809,390,74,37533,0,0,0,0.0,-100.0,-100.0,0.0,1.9772372628068525e-11,97.3102387833523,30.0,104,92,30.0,125.0,4,-100.0,19.0,-732.409972299169,-100.0,0.0,3.7999999999999996e-08,0,1,33.94736842105263,0
PPO-QP-no-penalty,20260809,391,74,37629,0,0,0,0.0,-100.0,-100.0,0.0,1.9673699706383254e-11,93.40953184232814,30.0,135,92,30.0,125.0,4,-100.0,19.0,-732.409972299169,-100.0,0.0,3.7999999999999996e-08,0,1,33.94736842105263,0
PPO-QP-no-penalty,20260809,392,74,37725,0,0,0,0.0,-100.0,-100.0,0.0,1.975751044251221e-11,93.95418866591038,30.0,94,92,30.0,125.0,4,-100.0,19.0,-732.409972299169,-100.0,0.0,3.7999999999999996e-08,0,1,33.94736842105263,0
PPO-QP-no-penalty,20260809,393,74,37821,0,0,0,0.0,-100.0,-100.0,0.0,1.9946929293486923e-11,102.98408042338848,30.0,178,92,30.0,125.0,4,-100.0,19.0,-732.409972299169,-100.0,0.0,3.7999999999999996e-08,0,1,33.94736842105263,0
PPO-QP-no-penalty,20260809,394,75,37917,0,0,0,0.0,-100.0,-100.0,0.0,1.9768172284292026e-11,106.13850935359314,30.0,234,92,30.0,125.0,4,-100.0,19.0,-732.409972299169,-100.0,0.0,3.7999999999999996e-08,0,1,33.94736842105263,0
PPO-QP-no-penalty,20260809,395,75,38013,0,0,0,0.0,-100.0,-100.0,0.0,1.9769093769402463e-11,103.52373239298403,30.0,11,92,30.0,125.0,4,-100.0,19.0,-732.409972299169,-100.0,0.0,3.7999999999999996e-08,0,1,33.94736842105263,0
PPO-QP-no-penalty,20260809,396,75,38109,0,0,0,0.0,-100.0,-100.0,0.0,2.0000360626918716e-11,87.01349732194478,30.0,60,92,30.0,125.0,4,-100.0,19.0,-732.409972299169,-100.0,0.0,3.7999999999999996e-08,0,1,33.94736842105263,0
PPO-QP-no-penalty,20260809,397,75,38205,0,0,0,0.0,-100.0,-100.0,0.0,1.990611009361487e-11,107.24698631088836,30.0,156,92,30.0,125.0,4,-100.0,19.0,-732.409972299169,-100.0,0.0,3.7999999999999996e-08,0,1,33.94736842105263,0
PPO-QP-no-penalty,20260809,398,75,38301,0,0,0,0.0,-100.0,-100.0,0.0,1.989629202133377e-11,93.11517390836408,30.0,96,92,30.0,125.0,4,-100.0,19.0,-732.409972299169,-100.0,0.0,3.7999999999999996e-08,0,1,33.94736842105263,0
PPO-QP-no-penalty,20260809,399,75,38397,0,0,0,0.0,-100.0,-100.0,0.0,1.9798114999266168e-11,97.38139037467363,30.0,112,92,30.0,125.0,4,-100.0,19.0,-732.409972299169,-100.0,0.0,3.7999999999999996e-08,0,1,33.94736842105263,0
PPO-QP-no-penalty,20260809,400,76,38493,0,0,0,0.0,-100.0,-100.0,0.0,1.9633591049246963e-11,76.26011533638224,30.0,28,92,30.0,125.0,4,-100.0,19.0,-732.409972299169,-100.0,0.0,3.7999999999999996e-08,0,1,33.94736842105263,0
PPO-QP-no-penalty,20260809,401,76,38589,0,0,0,0.0,-100.0,-100.0,0.0,1.9693210025669334e-11,103.71614153679448,30.0,125,92,30.0,125.0,4,-100.0,19.0,-732.409972299169,-100.0,0.0,3.7999999999999996e-08,0,1,33.94736842105263,0
PPO-QP-no-penalty,20260809,402,76,38685,0,0,0,0.0,-100.0,-100.0,0.0,1.988312847700513e-11,99.52151171969736,30.0,51,92,30.0,125.0,4,-100.0,19.0,-732.409972299169,-100.0,0.0,3.7999999999999996e-08,0,1,33.94736842105263,0
PPO-QP-no-penalty,20260809,403,76,38781,0,0,0,0.0,-100.0,-100.0,0.0,1.9702650622122066e-11,100.49931148378674,30.0,174,92,30.0,125.0,4,-100.0,19.0,-732.409972299169,-100.0,0.0,3.7999999999999996e-08,0,1,33.94736842105263,0
PPO-QP-no-penalty,20260809,404,76,38877,0,0,0,0.0,-100.0,-100.0,0.0,1.9528105058933912e-11,92.94233251117724,30.0,1,92,30.0,125.0,4,-100.0,19.0,-732.409972299169,-100.0,0.0,3.7999999999999996e-08,0,1,33.94736842105263,0
PPO-QP-no-penalty,20260809,405,77,38973,0,0,0,0.0,-100.0,-100.0,0.0,2.007746191523552e-11,110.48753847270052,30.0,160,92,30.0,125.0,4,-100.0,19.0,-732.409972299169,-100.0,0.0,3.7999999999999996e-08,0,1,33.94736842105263,0
PPO-QP-no-penalty,20260809,406,77,39069,0,0,0,0.0,-100.0,-100.0,0.0,1.9886977250157164e-11,102.98408042338848,30.0,178,92,30.0,125.0,4,-100.0,19.0,-732.409972299169,-100.0,0.0,3.7999999999999996e-08,0,1,33.94736842105263,0
PPO-QP-no-penalty,20260809,407,77,39165,0,0,0,0.0,-100.0,-100.0,0.0,1.9834896688071998e-11,87.04250902822423,30.0,70,92,30.0,125.0,4,-100.0,19.0,-732.409972299169,-100.0,0.0,3.7999999999999996e-08,0,1,33.94736842105263,0
PPO-QP-no-penalty,20260809,408,77,39261,0,0,0,0.0,-100.0,-100.0,0.0,1.974606034238491e-11,98.21813398146197,30.0,68,92,30.0,125.0,4,-100.0,19.0,-732.409972299169,-100.0,0.0,3.7999999999999996e-08,0,1,33.94736842105263,0
PPO-QP-no-penalty,20260809,409,77,39357,0,0,0,0.0,-100.0,-100.0,0.0,1.9731583034143795e-11,100.78780511344941,30.0,45,92,30.0,125.0,4,-100.0,19.0,-732.409972299169,-100.0,0.0,3.7999999999999996e-08,0,1,33.94736842105263,0
PPO-QP-no-penalty,20260809,410,78,39453,0,0,0,0.0,-100.0,-100.0,0.0,2.004009550897005e-11,102.75890329454388,30.0,187,92,30.0,125.0,4,-100.0,19.0,-732.409972299169,-100.0,0.0,3.7999999999999996e-08,0,1,33.94736842105263,0
PPO-QP-no-penalty,20260809,411,78,39549,0,0,0,0.0,-100.0,-100.0,0.0,1.9817473588072212e-11,83.30546343049515,30.0,77,92,30.0,125.0,4,-100.0,19.0,-732.409972299169,-100.0,0.0,3.7999999999999996e-08,0,1,33.94736842105263,0
PPO-QP-no-penalty,20260809,412,78,39645,0,0,0,0.0,-100.0,-100.0,0.0,2.0062248159054736e-11,106.53263417041393,30.0,236,92,30.0,125.0,4,-100.0,19.0,-732.409972299169,-100.0,0.0,3.7999999999999996e-08,0,1,33.94736842105263,0
PPO-QP-no-penalty,20260809,413,78,39741,0,0,0,0.0,-100.0,-100.0,0.0,1.6838560175832147e-11,114.98663326839446,30.0,182,92,30.0,125.0,4,-100.0,19.0,-732.409972299169,-100.0,0.0,3.7999999999999996e-08,0,1,33.94736842105263,0
PPO-QP-no-penalty,20260809,414,78,39837,0,0,0,0.0,-100.0,-100.0,0.0,1.973359623856178e-11,98.39027437785774,30.0,5,92,30.0,125.0,4,-100.0,19.0,-732.409972299169,-100.0,0.0,3.7999999999999996e-08,0,1,33.94736842105263,0
PPO-QP-no-penalty,20260809,415,78,39933,0,0,0,0.0,-100.0,-100.0,0.0,1.9905606792510373e-11,105.94011237910321,30.0,184,92,30.0,125.0,4,-100.0,19.0,-732.409972299169,-100.0,0.0,3.7999999999999996e-08,0,1,33.94736842105263,0
PPO-QP-no-penalty,20260809,416,79,40029,0,0,0,0.0,-100.0,-100.0,0.0,1.571307528536181e-11,98.21813398146197,30.0,68,92,30.0,125.0,4,-100.0,19.0,-732.409972299169,-100.0,0.0,3.7999999999999996e-08,0,1,33.94736842105263,0
PPO-QP-no-penalty,20260809,417,79,40125,0,0,0,0.0,-100.0,-100.0,0.0,1.9919788041278252e-11,99.02691431499208,30.0,144,92,30.0,125.0,4,-100.0,19.0,-732.409972299169,-100.0,0.0,3.7999999999999996e-08,0,1,33.94736842105263,0
PPO-QP-no-penalty,20260809,418,79,40221,0,0,0,0.0,-100.0,-100.0,0.0,1.9980191575304693e-11,114.34738680718065,30.0,214,92,30.0,125.0,4,-100.0,19.0,-732.409972299169,-100.0,0.0,3.7999999999999996e-08,0,1,33.94736842105263,0
PPO-QP-no-penalty,20260809,419,79,40317,0,0,0,0.0,-100.0,-100.0,0.0,1.9933540003809943e-11,89.55801861089178,30.0,102,92,30.0,125.0,4,-100.0,19.0,-732.409972299169,-100.0,0.0,3.7999999999999996e-08,0,1,33.94736842105263,0
PPO-QP-no-penalty,20260809,420,79,40413,0,0,0,0.0,-100.0,-100.0,0.0,1.987082350514887e-11,109.25196286046445,30.0,158,92,30.0,125.0,4,-100.0,19.0,-732.409972299169,-100.0,0.0,3.7999999999999996e-08,0,1,33.94736842105263,0
PPO-QP-no-penalty,20260809,421,80,40509,0,0,0,0.0,-100.0,-100.0,0.0,1.956171521063273e-11,100.53597211255874,30.0,10,92,30.0,125.0,4,-100.0,19.0,-732.409972299169,-100.0,0.0,3.7999999999999996e-08,0,1,33.94736842105263,0
PPO-QP-no-penalty,20260809,422,80,40605,0,0,0,0.0,-100.0,-100.0,0.0,1.9859569544422585e-11,107.24698631088836,30.0,156,92,30.0,125.0,4,-100.0,19.0,-732.409972299169,-100.0,0.0,3.7999999999999996e-08,0,1,33.94736842105263,0
PPO-QP-no-penalty,20260809,423,80,40701,0,0,0,0.0,-100.0,-100.0,0.0,1.9857967122523707e-11,100.53597211255874,30.0,10,92,30.0,125.0,4,-100.0,19.0,-732.409972299169,-100.0,0.0,3.7999999999999996e-08,0,1,33.94736842105263,0
PPO-QP-no-penalty,20260809,424,80,40797,0,0,0,0.0,-100.0,-100.0,0.0,1.996429318159206e-11,105.07840638717109,30.0,239,92,30.0,125.0,4,-100.0,19.0,-732.409972299169,-100.0,0.0,3.7999999999999996e-08,0,1,33.94736842105263,0
PPO-QP-no-penalty,20260809,425,80,40893,0,0,0,0.0,-100.0,-100.0,0.0,1.9865190973670603e-11,105.46954824232857,30.0,143,92,30.0,125.0,4,-100.0,19.0,-732.409972299169,-100.0,0.0,3.7999999999999996e-08,0,1,33.94736842105263,0
PPO-QP-no-penalty,20260809,426,81,40989,0,0,0,0.0,-100.0,-100.0,0.0,1.9818635621504654e-11,106.78624934180647,30.0,218,92,30.0,125.0,4,-100.0,19.0,-732.409972299169,-100.0,0.0,3.7999999999999996e-08,0,1,33.94736842105263,0
PPO-QP-no-penalty,20260809,427,81,41085,0,0,0,0.0,-100.0,-100.0,0.0,1.9899567179256413e-11,107.26565595594029,30.0,39,92,30.0,125.0,4,-100.0,19.0,-732.409972299169,-100.0,0.0,3.7999999999999996e-08,0,1,33.94736842105263,0
PPO-QP-no-penalty,20260809,428,81,41181,0,0,0,0.0,-100.0,-100.0,0.0,1.9727279069551665e-11,102.84941180769906,30.0,173,92,30.0,125.0,4,-100.0,19.0,-732.409972299169,-100.0,0.0,3.7999999999999996e-08,0,1,33.94736842105263,0
PPO-QP-no-penalty,20260809,429,81,41277,0,0,0,0.0,-100.0,-100.0,0.0,1.9880904330212464e-11,89.55801861089178,30.0,102,92,30.0,125.0,4,-100.0,19.0,-732.409972299169,-100.0,0.0,3.7999999999999996e-08,0,1,33.94736842105263,0
PPO-QP-no-penalty,20260809,430,81,41373,0,0,0,0.0,-100.0,-100.0,0.0,1.9953031819378944e-11,107.24698631088836,30.0,156,92,30.0,125.0,4,-100.0,19.0,-732.409972299169,-100.0,0.0,3.7999999999999996e-08,0,1,33.94736842105263,0
PPO-QP-no-penalty,20260809,431,81,41469,0,0,0,0.0,-100.0,-100.0,0.0,1.9927885267871184e-11,94.29020215225974,30.0,81,92,30.0,125.0,4,-100.0,19.0,-732.409972299169,-100.0,0.0,3.7999999999999996e-08,0,1,33.94736842105263,0
PPO-QP-no-penalty,20260809,432,82,41565,0,0,0,0.0,-100.0,-100.0,0.0,1.958432675290093e-11,98.10549359535615,30.0,151,92,30.0,125.0,4,-100.0,19.0,-732.409972299169,-100.0,0.0,3.7999999999999996e-08,0,1,33.94736842105263,0
PPO-QP-no-penalty,20260809,433,82,41661,0,0,0,0.0,-100.0,-100.0,0.0,1.9543622276074756e-11,106.78624934180647,30.0,218,92,30.0,125.0,4,-100.0,19.0,-732.409972299169,-100.0,0.0,3.7999999999999996e-08,0,1,33.94736842105263,0
PPO-QP-no-penalty,20260809,434,82,41757,0,0,0,0.0,-100.0,-100.0,0.0,1.9672648695253278e-11,107.26565595594029,30.0,39,92,30.0,125.0,4,-100.0,19.0,-732.409972299169,-100.0,0.0,3.7999999999999996e-08,0,1,33.94736842105263,0
PPO-QP-no-penalty,20260809,435,82,41853,0,0,0,0.0,-100.0,-100.0,0.0,1.9718885783485498e-11,103.71614153679448,30.0,125,92,30.0,125.0,4,-100.0,19.0,-732.409972299169,-100.0,0.0,3.7999999999999996e-08,0,1,33.94736842105263,0
PPO-QP-no-penalty,20260809,436,82,41949,0,0,0,0.0,-100.0,-100.0,0.0,1.9909699814727825e-11,111.37033894980843,30.0,201,92,30.0,125.0,4,-100.0,19.0,-732.409972299169,-100.0,0.0,3.7999999999999996e-08,0,1,33.94736842105263,0
PPO-QP-no-penalty,20260809,437,83,42045,0,0,0,0.0,-100.0,-100.0,0.0,1.679955434023365e-11,98.38002215283956,30.0,50,92,30.0,125.0,4,-100.0,19.0,-732.409972299169,-100.0,0.0,3.7999999999999996e-08,0,1,33.94736842105263,0
PPO-QP-no-penalty,20260809,438,83,42141,0,0,0,0.0,-100.0,-100.0,0.0,1.975426489053689e-11,110.25536271311508,30.0,196,92,30.0,125.0,4,-100.0,19.0,-732.409972299169,-100.0,0.0,3.7999999999999996e-08,0,1,33.94736842105263,0
PPO-QP-no-penalty,20260809,439,83,42237,0,0,0,0.0,-100.0,-100.0,0.0,1.669126688715513e-11,83.30546343049515,30.0,77,92,30.0,125.0,4,-100.0,19.0,-732.409972299169,-100.0,0.0,3.7999999999999996e-08,0,1,33.94736842105263,0
PPO-QP-no-penalty,20260809,440,83,42333,0,0,0,0.0,-100.0,-100.0,0.0,1.9709212040197598e-11,100.89617127432541,30.0,141,92,30.0,125.0,4,-100.0,19.0,-732.409972299169,-100.0,0.0,3.7999999999999996e-08,0,1,33.94736842105263,0
PPO-QP-no-penalty,20260809,441,83,42429,0,0,0,0.0,-100.0,-100.0,0.0,1.4383535103708785e-11,113.92297184986944,30.0,217,92,30.0,125.0,4,-100.0,19.0,-732.409972299169,-100.0,0.0,3.7999999999999996e-08,0,1,33.94736842105263,0
PPO-QP-no-penalty,20260809,442,84,42525,0,0,0,0.0,-100.0,-100.0,0.0,1.9585259340241617e-11,110.25536271311508,30.0,196,92,30.0,125.0,4,-100.0,19.0,-732.409972299169,-100.0,0.0,3.7999999999999996e-08,0,1,33.94736842105263,0
PPO-QP-no-penalty,20260809,443,84,42621,0,0,0,0.0,-100.0,-100.0,0.0,1.972240519047356e-11,88.96023354870242,30.0,72,92,30.0,125.0,4,-100.0,19.0,-732.409972299169,-100.0,0.0,3.7999999999999996e-08,0,1,33.94736842105263,0
PPO-QP-no-penalty,20260809,444,84,42717,0,0,0,0.0,-100.0,-100.0,0.0,0.0,106.24062507747706,30.0,199,92,30.0,125.0,4,-100.0,19.0,-732.409972299169,-100.0,0.0,3.7999999999999996e-08,0,1,33.94736842105263,0
PPO-QP-no-penalty,20260809,445,84,42813,0,0,0,0.0,-100.0,-100.0,0.0,1.920588873124037e-11,98.04912306783665,30.0,136,92,30.0,125.0,4,-100.0,19.0,-732.409972299169,-100.0,0.0,3.7999999999999996e-08,0,1,33.94736842105263,0
PPO-QP-no-penalty,20260809,446,84,42909,0,0,0,0.0,-100.0,-100.0,0.0,1.7084189618543634e-11,117.29831760304205,30.0,210,92,30.0,125.0,4,-100.0,19.0,-732.409972299169,-100.0,0.0,3.7999999999999996e-08,0,1,33.94736842105263,0
PPO-QP-no-penalty,20260809,447,84,43005,0,0,0,0.0,-100.0,-100.0,0.0,1.9744779885163173e-11,101.21404399016883,30.0,40,92,30.0,125.0,4,-100.0,19.0,-732.409972299169,-100.0,0.0,3.7999999999999996e-08,0,1,33.94736842105263,0
PPO-QP-no-penalty,20260809,448,85,43101,0,0,0,0.0,-100.0,-100.0,0.0,0.0,99.96667633583264,30.0,97,92,30.0,125.0,4,-100.0,19.0,-732.409972299169,-100.0,0.0,3.7999999999999996e-08,0,1,33.94736842105263,0
PPO-QP-no-penalty,20260809,449,85,43197,0,0,0,0.0,-100.0,-100.0,0.0,1.9756844308697435e-11,89.82960521821806,30.0,90,92,30.0,125.0,4,-100.0,19.0,-732.409972299169,-100.0,0.0,3.7999999999999996e-08,0,1,33.94736842105263,0
PPO-QP-no-penalty,20260809,450,85,43293,0,0,0,0.0,-100.0,-100.0,0.0,1.9517461720871172e-11,98.10549359535615,30.0,151,92,30.0,125.0,4,-100.0,19.0,-732.409972299169,-100.0,0.0,3.7999999999999996e-08,0,1,33.94736842105263,0
PPO-QP-no-penalty,20260809,451,85,43389,0,0,0,0.0,-100.0,-100.0,0.0,1.959466292926019e-11,99.08924403023656,30.0,237,92,30.0,125.0,4,-100.0,19.0,-732.409972299169,-100.0,0.0,3.7999999999999996e-08,0,1,33.94736842105263,0
PPO-QP-no-penalty,20260809,452,85,43485,0,0,0,0.0,-100.0,-100.0,0.0,1.9866908118615358e-11,106.54959711280397,30.0,197,92,30.0,125.0,4,-100.0,19.0,-732.409972299169,-100.0,0.0,3.7999999999999996e-08,0,1,33.94736842105263,0
PPO-QP-no-penalty,20260809,453,86,43581,0,0,0,0.0,-100.0,-100.0,0.0,1.9933062607909355e-11,107.24698631088836,30.0,156,92,30.0,125.0,4,-100.0,19.0,-732.409972299169,-100.0,0.0,3.7999999999999996e-08,0,1,33.94736842105263,0
PPO-QP-no-penalty,20260809,454,86,43677,0,0,0,0.0,-100.0,-100.0,0.0,1.9750353204746792e-11,83.30942638550725,30.0,49,92,30.0,125.0,4,-100.0,19.0,-732.409972299169,-100.0,0.0,3.7999999999999996e-08,0,1,33.94736842105263,0
PPO-QP-no-penalty,20260809,455,86,43773,0,0,0,0.0,-100.0,-100.0,0.0,1.9787804728110815e-11,109.25196286046445,30.0,158,92,30.0,125.0,4,-100.0,19.0,-732.409972299169,-100.0,0.0,3.7999999999999996e-08,0,1,33.94736842105263,0
PPO-QP-no-penalty,20260809,456,86,43869,0,0,0,0.0,-100.0,-100.0,0.0,1.9688395358485876e-11,109.76789593316256,30.0,195,92,30.0,125.0,4,-100.0,19.0,-732.409972299169,-100.0,0.0,3.7999999999999996e-08,0,1,33.94736842105263,0
PPO-QP-no-penalty,20260809,457,86,43965,0,0,0,0.0,-100.0,-100.0,0.0,1.966144654493481e-11,105.7846855565606,30.0,4,92,30.0,125.0,4,-100.0,19.0,-732.409972299169,-100.0,0.0,3.7999999999999996e-08,0,1,33.94736842105263,0
PPO-QP-no-penalty,20260809,458,87,44061,0,0,0,0.0,-100.0,-100.0,0.0,1.9749294792129984e-11,111.81848596317624,30.0,207,92,30.0,125.0,4,-100.0,19.0,-732.409972299169,-100.0,0.0,3.7999999999999996e-08,0,1,33.94736842105263,0
PPO-QP-no-penalty,20260809,459,87,44157,0,0,0,0.0,-100.0,-100.0,0.0,0.0,83.44779529038792,30.0,14,92,30.0,125.0,4,-100.0,19.0,-732.409972299169,-100.0,0.0,3.7999999999999996e-08,0,1,33.94736842105263,0
PPO-QP-no-penalty,20260809,460,87,44253,0,0,0,0.0,-100.0,-100.0,0.0,1.973446961400782e-11,113.6679028833153,30.0,168,92,30.0,125.0,4,-100.0,19.0,-732.409972299169,-100.0,0.0,3.7999999999999996e-08,0,1,33.94736842105263,0
PPO-QP-no-penalty,20260809,461,87,44349,0,0,0,0.0,-100.0,-100.0,0.0,1.977605856851028e-11,98.38002215283956,30.0,50,92,30.0,125.0,4,-100.0,19.0,-732.409972299169,-100.0,0.0,3.7999999999999996e-08,0,1,33.94736842105263,0
PPO-QP-no-penalty,20260809,462,87,44445,0,0,0,0.0,-100.0,-100.0,0.0,1.973634219017602e-11,102.62518138191051,30.0,134,92,30.0,125.0,4,-100.0,19.0,-732.409972299169,-100.0,0.0,3.7999999999999996e-08,0,1,33.94736842105263,0
PPO-QP-no-penalty,20260809,463,87,44541,0,0,0,0.0,-100.0,-100.0,0.0,1.9825241448501173e-11,100.83889927295647,30.0,31,92,30.0,125.0,4,-100.0,19.0,-732.409972299169,-100.0,0.0,3.7999999999999996e-08,0,1,33.94736842105263,0
PPO-QP-no-penalty,20260809,464,88,44637,0,0,0,0.0,-100.0,-100.0,0.0,1.9856793986861022e-11,104.76339971089588,30.0,25,92,30.0,125.0,4,-100.0,19.0,-732.409972299169,-100.0,0.0,3.7999999999999996e-08,0,1,33.94736842105263,0
PPO-QP-no-penalty,20260809,465,88,44733,0,0,0,0.0,-100.0,-100.0,0.0,1.9971232075495967e-11,117.29831760304205,30.0,210,92,30.0,125.0,4,-100.0,19.0,-732.409972299169,-100.0,0.0,3.7999999999999996e-08,0,1,33.94736842105263,0
PPO-QP-no-penalty,20260809,466,88,44829,0,0,0,0.0,-100.0,-100.0,0.0,1.5484339736341704e-11,73.4818515278711,30.0,56,92,30.0,125.0,4,-100.0,19.0,-732.409972299169,-100.0,0.0,3.7999999999999996e-08,0,1,33.94736842105263,0
PPO-QP-no-penalty,20260809,467,88,44925,0,0,0,0.0,-100.0,-100.0,0.0,1.50308062292955e-11,92.01794582118721,30.0,127,92,30.0,125.0,4,-100.0,19.0,-732.409972299169,-100.0,0.0,3.7999999999999996e-08,0,1,33.94736842105263,0
PPO-QP-no-penalty,20260809,468,88,45021,0,0,0,0.0,-100.0,-100.0,0.0,1.992092046876337e-11,100.83889927295647,30.0,31,92,30.0,125.0,4,-100.0,19.0,-732.409972299169,-100.0,0.0,3.7999999999999996e-08,0,1,33.94736842105263,0
PPO-QP-no-penalty,20260809,469,89,45117,0,0,0,0.0,-100.0,-100.0,0.0,1.6908541233817687e-11,106.78624934180647,30.0,218,92,30.0,125.0,4,-100.0,19.0,-732.409972299169,-100.0,0.0,3.7999999999999996e-08,0,1,33.94736842105263,0
PPO-QP-no-penalty,20260809,470,89,45213,0,0,0,0.0,-100.0,-100.0,0.0,1.9747625756849628e-11,107.26565595594029,30.0,39,92,30.0,125.0,4,-100.0,19.0,-732.409972299169,-100.0,0.0,3.7999999999999996e-08,0,1,33.94736842105263,0
PPO-QP-no-penalty,20260809,471,89,45309,0,0,0,0.0,-100.0,-100.0,0.0,1.9643249989561202e-11,93.4850457571753,30.0,83,92,30.0,125.0,4,-100.0,19.0,-732.409972299169,-100.0,0.0,3.7999999999999996e-08,0,1,33.94736842105263,0
PPO-QP-no-penalty,20260809,472,89,45405,0,0,0,0.0,-100.0,-100.0,0.0,1.9748129057954127e-11,103.71614153679448,30.0,125,92,30.0,125.0,4,-100.0,19.0,-732.409972299169,-100.0,0.0,3.7999999999999996e-08,0,1,33.94736842105263,0
PPO-QP-no-penalty,20260809,473,89,45501,0,0,0,0.0,-100.0,-100.0,0.0,1.9850813585501707e-11,109.28789200484522,30.0,176,92,30.0,125.0,4,-100.0,19.0,-732.409972299169,-100.0,0.0,3.7999999999999996e-08,0,1,33.94736842105263,0
PPO-QP-no-penalty,20260809,474,90,45597,0,0,0,0.0,-100.0,-100.0,0.0,0.0,91.86532092092294,30.0,121,92,30.0,125.0,4,-100.0,19.0,-732.409972299169,-100.0,0.0,3.7999999999999996e-08,0,1,33.94736842105263,0
PPO-QP-no-penalty,20260809,475,90,45693,0,0,0,0.0,-100.0,-100.0,0.0,1.9700459782020138e-11,112.63083730657955,30.0,166,92,30.0,125.0,4,-100.0,19.0,-732.409972299169,-100.0,0.0,3.7999999999999996e-08,0,1,33.94736842105263,0
PPO-QP-no-penalty,20260809,476,90,45789,0,0,0,0.0,-100.0,-100.0,0.0,1.9780340328641918e-11,112.50095741162527,30.0,230,92,30.0,125.0,4,-100.0,19.0,-732.409972299169,-100.0,0.0,3.7999999999999996e-08,0,1,33.94736842105263,0
PPO-QP-no-penalty,20260809,477,90,45885,0,0,0,0.0,-100.0,-100.0,0.0,1.7938080650499918e-11,100.07999755036212,30.0,172,92,30.0,125.0,4,-100.0,19.0,-732.409972299169,-100.0,0.0,3.7999999999999996e-08,0,1,33.94736842105263,0
PPO-QP-no-penalty,20260809,478,90,45981,0,0,0,0.0,-100.0,-100.0,0.0,0.0,108.98309588157623,30.0,165,92,30.0,125.0,4,-100.0,19.0,-732.409972299169,-100.0,0.0,3.7999999999999996e-08,0,1,33.94736842105263,0
PPO-QP-no-penalty,20260809,479,90,46077,0,0,0,0.0,-100.0,-100.0,0.0,1.979546156623731e-11,92.88476102773205,30.0,105,92,30.0,125.0,4,-100.0,19.0,-732.409972299169,-100.0,0.0,3.7999999999999996e-08,0,1,33.94736842105263,0
