controller,seed,episode,update,transition,endpoint_minimum_violation_kw,endpoint_infeasible,feasible_state_violation,extra_excess_energy_kwh_step,power_lower_kw,power_upper_kw,ev_lower_fraction,ev_upper_fraction,base_load_minus_pv_kw,lighting_kw,day,step,soc_kwh,target_kwh,remaining_steps,physical_lower_kw,physical_upper_kw,terminal_lower_kw,terminal_upper_kw,terminal_physical_gap_kw,tolerance_kw,terminal_roundoff_repair,terminal_ramp_relaxation,terminal_ramp_gap_kw,terminal_target_conflict_step
PPO-QP-no-penalty,20260805,0,1,93,0,0,0,0.0,-100.0,-100.0,0.0,2.0063569324454043e-11,108.88773156390575,30.0,47,92,30.0,125.0,4,-100.0,19.0,-732.409972299169,-100.0,0.0,3.7999999999999996e-08,0,1,33.94736842105263,0
PPO-QP-no-penalty,20260805,1,1,189,0,0,0,0.0,-100.0,-100.0,0.0,1.9993765902152443e-11,93.40953184232814,30.0,135,92,30.0,125.0,4,-100.0,19.0,-732.409972299169,-100.0,0.0,3.7999999999999996e-08,0,1,33.94736842105263,0
PPO-QP-no-penalty,20260805,2,1,285,0,0,0,0.0,-100.0,-100.0,0.0,0.0,105.94011237910321,30.0,184,92,30.0,125.0,4,-100.0,19.0,-732.409972299169,-100.0,0.0,3.7999999999999996e-08,0,1,33.94736842105263,0
PPO-QP-no-penalty,20260805,3,1,381,0,0,0,0.0,-100.0,-100.0,0.0,2.0005645288515932e-11,108.88773156390575,30.0,47,92,30.0,125.0,4,-100.0,19.0,-732.409972299169,-100.0,0.0,3.7999999999999996e-08,0,1,33.94736842105263,0
PPO-QP-no-penalty,20260805,4,1,477,0,0,0,0.0,-100.0,-100.0,0.0,1.999455045975651e-11,92.94233251117724,30.0,1,92,30.0,125.0,4,-100.0,19.0,-732.409972299169,-100.0,0.0,3.7999999999999996e-08,0,1,33.94736842105263,0
PPO-QP-no-penalty,20260805,5,2,573,0,0,0,0.0,-100.0,-100.0,0.0,1.9885282309672904e-11,100.07914421571272,30.0,180,92,30.0,125.0,4,-100.0,19.0,-732.409972299169,-100.0,0.0,3.7999999999999996e-08,0,1,33.94736842105263,0
PPO-QP-no-penalty,20260805,6,2,669,0,0,0,0.0,-100.0,-100.0,0.0,2.012831012976335e-11,109.25196286046445,30.0,158,92,30.0,125.0,4,-100.0,19.0,-732.409972299169,-100.0,0.0,3.7999999999999996e-08,0,1,33.94736842105263,0
PPO-QP-no-penalty,20260805,7,2,765,0,0,0,0.0,-100.0,-100.0,0.0,1.995701752003735e-11,87.53223352510913,30.0,59,92,30.0,125.0,4,-100.0,19.0,-732.409972299169,-100.0,0.0,3.7999999999999996e-08,0,1,33.94736842105263,0
PPO-QP-no-penalty,20260805,8,2,861,0,0,0,0.0,-100.0,-100.0,0.0,2.000248855438258e-11,101.21404399016883,30.0,40,92,30.0,125.0,4,-100.0,19.0,-732.409972299169,-100.0,0.0,3.7999999999999996e-08,0,1,33.94736842105263,0
PPO-QP-no-penalty,20260805,9,2,957,0,0,0,0.0,-100.0,-100.0,0.0,2.01471654174649e-11,85.8202729697167,30.0,61,92,30.0,125.0,4,-100.0,19.0,-732.409972299169,-100.0,0.0,3.7999999999999996e-08,0,1,33.94736842105263,0
PPO-QP-no-penalty,20260805,10,3,1053,0,0,0,0.0,-100.0,-100.0,0.0,1.9837724056041377e-11,107.24698631088836,30.0,156,92,30.0,125.0,4,-100.0,19.0,-732.409972299169,-100.0,0.0,3.7999999999999996e-08,0,1,33.94736842105263,0
PPO-QP-no-penalty,20260805,11,3,1149,0,0,0,0.0,-100.0,-100.0,0.0,1.996663575217402e-11,104.76339971089588,30.0,25,92,30.0,125.0,4,-100.0,19.0,-732.409972299169,-100.0,0.0,3.7999999999999996e-08,0,1,33.94736842105263,0
PPO-QP-no-penalty,20260805,12,3,1245,0,0,0,0.0,-100.0,-100.0,0.0,2.002177312832032e-11,83.44779529038792,30.0,14,92,30.0,125.0,4,-100.0,19.0,-732.409972299169,-100.0,0.0,3.7999999999999996e-08,0,1,33.94736842105263,0
PPO-QP-no-penalty,20260805,13,3,1341,0,0,0,0.0,-100.0,-100.0,0.0,2.0144752532758047e-11,101.76595014465538,30.0,18,92,30.0,125.0,4,-100.0,19.0,-732.409972299169,-100.0,0.0,3.7999999999999996e-08,0,1,33.94736842105263,0
PPO-QP-no-penalty,20260805,14,3,1437,0,0,0,0.0,-100.0,-100.0,0.0,1.985207183826295e-11,109.9284297131466,30.0,221,92,30.0,125.0,4,-100.0,19.0,-732.409972299169,-100.0,0.0,3.7999999999999996e-08,0,1,33.94736842105263,0
PPO-QP-no-penalty,20260805,15,3,1533,0,0,0,0.0,-100.0,-100.0,0.0,1.9887661887689016e-11,99.52151171969736,30.0,51,92,30.0,125.0,4,-100.0,19.0,-732.409972299169,-100.0,0.0,3.7999999999999996e-08,0,1,33.94736842105263,0
PPO-QP-no-penalty,20260805,16,4,1629,0,0,0,0.0,-100.0,-100.0,0.0,2.960594732333751e-17,83.30942638550725,30.0,49,92,30.0,125.0,4,-100.0,19.0,-732.409972299169,-100.0,0.0,3.7999999999999996e-08,0,1,33.94736842105263,0
PPO-QP-no-penalty,20260805,17,4,1725,0,0,0,0.0,-100.0,-100.0,0.0,1.9951625536881086e-11,111.81848596317624,30.0,207,92,30.0,125.0,4,-100.0,19.0,-732.409972299169,-100.0,0.0,3.7999999999999996e-08,0,1,33.94736842105263,0
PPO-QP-no-penalty,20260805,18,4,1821,0,0,0,0.0,-100.0,-100.0,0.0,3.7007434154171884e-18,109.81392204466715,30.0,163,92,30.0,125.0,4,-100.0,19.0,-732.409972299169,-100.0,0.0,3.7999999999999996e-08,0,1,33.94736842105263,0
PPO-QP-no-penalty,20260805,19,4,1917,0,0,0,0.0,-100.0,-100.0,0.0,1.9851624048309682e-11,109.25196286046445,30.0,158,92,30.0,125.0,4,-100.0,19.0,-732.409972299169,-100.0,0.0,3.7999999999999996e-08,0,1,33.94736842105263,0
PPO-QP-no-penalty,20260805,20,4,2013,0,0,0,0.0,-100.0,-100.0,0.0,2.0052729846990283e-11,88.20043028629402,30.0,48,92,30.0,125.0,4,-100.0,19.0,-732.409972299169,-100.0,0.0,3.7999999999999996e-08,0,1,33.94736842105263,0
PPO-QP-no-penalty,20260805,21,5,2109,0,0,0,0.0,-100.0,-100.0,0.0,2.0007558572861703e-11,83.30546343049515,30.0,77,92,30.0,125.0,4,-100.0,19.0,-732.409972299169,-100.0,0.0,3.7999999999999996e-08,0,1,33.94736842105263,0
PPO-QP-no-penalty,20260805,22,5,2205,0,0,0,0.0,-100.0,-100.0,0.0,1.9917142009736228e-11,95.87781493241873,30.0,133,92,30.0,125.0,4,-100.0,19.0,-732.409972299169,-100.0,0.0,3.7999999999999996e-08,0,1,33.94736842105263,0
PPO-QP-no-penalty,20260805,23,5,2301,0,0,0,0.0,-100.0,-100.0,0.0,2.009598413602968e-11,95.08737753583918,30.0,148,92,30.0,125.0,4,-100.0,19.0,-732.409972299169,-100.0,0.0,3.7999999999999996e-08,0,1,33.94736842105263,0
PPO-QP-no-penalty,20260805,24,5,2397,0,0,0,0.0,-100.0,-100.0,0.0,1.983376426058688e-11,90.64375549933027,30.0,80,92,30.0,125.0,4,-100.0,19.0,-732.409972299169,-100.0,0.0,3.7999999999999996e-08,0,1,33.94736842105263,0
PPO-QP-no-penalty,20260805,25,5,2493,0,0,0,0.0,-100.0,-100.0,0.0,1.9843071630276654e-11,93.83291616695745,30.0,124,92,30.0,125.0,4,-100.0,19.0,-732.409972299169,-100.0,0.0,3.7999999999999996e-08,0,1,33.94736842105263,0
PPO-QP-no-penalty,20260805,26,6,2589,0,0,0,0.0,-100.0,-100.0,0.0,1.9992866621502496e-11,110.48753847270052,30.0,160,92,30.0,125.0,4,-100.0,19.0,-732.409972299169,-100.0,0.0,3.7999999999999996e-08,0,1,33.94736842105263,0
PPO-QP-no-penalty,20260805,27,6,2685,0,0,0,0.0,-100.0,-100.0,0.0,1.9992085764641844e-11,98.60021436873261,30.0,138,92,30.0,125.0,4,-100.0,19.0,-732.409972299169,-100.0,0.0,3.7999999999999996e-08,0,1,33.94736842105263,0
PPO-QP-no-penalty,20260805,28,6,2781,0,0,0,0.0,-100.0,-100.0,0.0,0.0,101.49658100152236,30.0,177,92,30.0,125.0,4,-100.0,19.0,-732.409972299169,-100.0,0.0,3.7999999999999996e-08,0,1,33.94736842105263,0
PPO-QP-no-penalty,20260805,29,6,2877,0,0,0,0.0,-100.0,-100.0,0.0,7.401486830834377e-18,109.81392204466715,30.0,163,92,30.0,125.0,4,-100.0,19.0,-732.409972299169,-100.0,0.0,3.7999999999999996e-08,0,1,33.94736842105263,0
PPO-QP-no-penalty,20260805,30,6,2973,0,0,0,0.0,-100.0,-100.0,0.0,2.007040829828573e-11,112.54618120928845,30.0,212,92,30.0,125.0,4,-100.0,19.0,-732.409972299169,-100.0,0.0,3.7999999999999996e-08,0,1,33.94736842105263,0
PPO-QP-no-penalty,20260805,31,6,3069,0,0,0,0.0,-100.0,-100.0,0.0,0.0,94.0077774045799,30.0,78,92,30.0,125.0,4,-100.0,19.0,-732.409972299169,-100.0,0.0,3.7999999999999996e-08,0,1,33.94736842105263,0
PPO-QP-no-penalty,20260805,32,7,3165,0,0,0,0.0,-100.0,-100.0,0.0,2.0139915661114098e-11,95.87781493241873,30.0,133,92,30.0,125.0,4,-100.0,19.0,-732.409972299169,-100.0,0.0,3.7999999999999996e-08,0,1,33.94736842105263,0
PPO-QP-no-penalty,20260805,33,7,3261,0,0,0,0.0,-100.0,-100.0,0.0,1.9800986776156528e-11,109.9284297131466,30.0,221,92,30.0,125.0,4,-100.0,19.0,-732.409972299169,-100.0,0.0,3.7999999999999996e-08,0,1,57.266645413073874,0
PPO-QP-no-penalty,20260805,34,7,3357,0,0,0,0.0,-100.0,-100.0,0.0,1.9934875972182908e-11,109.9284297131466,30.0,221,92,30.0,125.0,4,-100.0,19.0,-732.409972299169,-100.0,0.0,3.7999999999999996e-08,0,1,33.94736842105263,0
PPO-QP-no-penalty,20260805,35,7,3453,0,0,0,0.0,-100.0,-100.0,0.0,2.0082269180932144e-11,102.75890329454388,30.0,187,92,30.0,125.0,4,-100.0,19.0,-732.409972299169,-100.0,0.0,3.7999999999999996e-08,0,1,33.94736842105263,0
PPO-QP-no-penalty,20260805,36,7,3549,0,0,0,0.0,-100.0,-100.0,0.0,1.9994346918868664e-11,103.76593309393455,30.0,130,92,30.0,125.0,4,-100.0,19.0,-732.409972299169,-100.0,0.0,3.7999999999999996e-08,0,1,33.94736842105263,0
PPO-QP-no-penalty,20260805,37,8,3645,0,0,0,0.0,-100.0,-100.0,0.0,1.9980805898711652e-11,94.11350934331959,30.0,103,92,30.0,125.0,4,-100.0,19.0,-732.409972299169,-100.0,0.0,3.7999999999999996e-08,0,1,33.94736842105263,0
PPO-QP-no-penalty,20260805,38,8,3741,0,0,0,0.0,-100.0,-100.0,0.0,1.994239218205962e-11,100.43147422329041,30.0,118,92,30.0,125.0,4,-100.0,19.0,-732.409972299169,-100.0,0.0,3.7999999999999996e-08,0,1,33.94736842105263,0
PPO-QP-no-penalty,20260805,39,8,3837,0,0,0,0.0,-100.0,-100.0,0.0,1.9949397689345007e-11,99.17660338336258,30.0,113,92,30.0,125.0,4,-100.0,19.0,-732.409972299169,-100.0,0.0,3.7999999999999996e-08,0,1,33.94736842105263,0
PPO-QP-no-penalty,20260805,40,8,3933,0,0,0,0.0,-100.0,-100.0,0.0,0.0,106.52560817321435,30.0,227,92,30.0,125.0,4,-100.0,19.0,-732.409972299169,-100.0,0.0,3.7999999999999996e-08,0,1,33.94736842105263,0
PPO-QP-no-penalty,20260805,41,8,4029,0,0,0,0.0,-100.0,-100.0,0.0,1.9778341927197593e-11,104.06273500373985,30.0,192,92,30.0,125.0,4,-100.0,19.0,-732.409972299169,-100.0,0.0,3.7999999999999996e-08,0,1,33.94736842105263,0
PPO-QP-no-penalty,20260805,42,9,4125,0,0,0,0.0,-100.0,-100.0,0.0,2.0072280874453932e-11,114.98663326839446,30.0,182,92,30.0,125.0,4,-100.0,19.0,-732.409972299169,-100.0,0.0,3.7999999999999996e-08,0,1,33.94736842105263,0
PPO-QP-no-penalty,20260805,43,9,4221,0,0,0,0.0,-100.0,-100.0,0.0,1.9901728413411018e-11,114.05868659417193,30.0,202,92,30.0,125.0,4,-100.0,19.0,-732.409972299169,-100.0,0.0,3.7999999999999996e-08,0,1,33.94736842105263,0
PPO-QP-no-penalty,20260805,44,9,4317,0,0,0,0.0,-100.0,-100.0,0.0,2.018230027545087e-11,109.25196286046445,30.0,158,92,30.0,125.0,4,-100.0,19.0,-732.409972299169,-100.0,0.0,3.7999999999999996e-08,0,1,33.94736842105263,0
PPO-QP-no-penalty,20260805,45,9,4413,0,0,0,0.0,-100.0,-100.0,0.0,1.9864832001559307e-11,104.874570453267,30.0,238,92,30.0,125.0,4,-100.0,19.0,-732.409972299169,-100.0,0.0,3.7999999999999996e-08,0,1,33.94736842105263,0
PPO-QP-no-penalty,20260805,46,9,4509,0,0,0,0.0,-100.0,-100.0,0.0,2.0005982056166734e-11,95.77455035660361,30.0,116,92,30.0,125.0,4,-100.0,19.0,-732.409972299169,-100.0,0.0,3.7999999999999996e-08,0,1,33.94736842105263,0
PPO-QP-no-penalty,20260805,47,9,4605,0,0,0,0.0,-100.0,-100.0,0.0,2.0193417308670784e-11,100.88219124321412,30.0,145,92,30.0,125.0,4,-100.0,19.0,-732.409972299169,-100.0,0.0,3.7999999999999996e-08,0,1,33.94736842105263,0
PPO-QP-no-penalty,20260805,48,10,4701,0,0,0,0.0,-100.0,-100.0,0.0,2.0122055873391294e-11,111.07898321111968,30.0,203,92,30.0,125.0,4,-100.0,19.0,-732.409972299169,-100.0,0.0,3.7999999999999996e-08,0,1,33.94736842105263,0
PPO-QP-no-penalty,20260805,49,10,4797,0,0,0,0.0,-100.0,-100.0,0.0,1.9944527511010317e-11,104.42171889899856,30.0,154,92,30.0,125.0,4,-100.0,19.0,-732.409972299169,-100.0,0.0,3.7999999999999996e-08,0,1,33.94736842105263,0
PPO-QP-no-penalty,20260805,50,10,4893,0,0,0,0.0,-100.0,-100.0,0.0,2.0031820646693178e-11,101.21404399016883,30.0,40,92,30.0,125.0,4,-100.0,19.0,-732.409972299169,-100.0,0.0,3.7999999999999996e-08,0,1,33.94736842105263,0
PPO-QP-no-penalty,20260805,51,10,4989,0,0,0,0.0,-100.0,-100.0,0.0,2.015138056421506e-11,112.82024492984584,30.0,205,92,30.0,125.0,4,-100.0,19.0,-732.409972299169,-100.0,0.0,3.7999999999999996e-08,0,1,33.94736842105263,0
PPO-QP-no-penalty,20260805,52,10,5085,0,0,0,0.0,-100.0,-100.0,0.0,2.0149452476895628e-11,111.81848596317624,30.0,207,92,30.0,125.0,4,-100.0,19.0,-732.409972299169,-100.0,0.0,3.7999999999999996e-08,0,1,33.94736842105263,0
PPO-QP-no-penalty,20260805,53,11,5181,0,0,0,0.0,-100.0,-100.0,0.0,2.0026032683991465e-11,99.02691431499208,30.0,144,92,30.0,125.0,4,-100.0,19.0,-732.409972299169,-100.0,0.0,3.7999999999999996e-08,0,1,33.94736842105263,0
PPO-QP-no-penalty,20260805,54,11,5277,0,0,0,0.0,-100.0,-100.0,0.0,2.009957755788605e-11,101.7500204535244,30.0,123,92,30.0,125.0,4,-100.0,19.0,-732.409972299169,-100.0,0.0,3.7999999999999996e-08,0,1,33.94736842105263,0
PPO-QP-no-penalty,20260805,55,11,5373,0,0,0,0.0,-100.0,-100.0,0.0,2.0077302783268654e-11,108.22393721596258,30.0,209,92,30.0,125.0,4,-100.0,19.0,-732.409972299169,-100.0,0.0,3.7999999999999996e-08,0,1,33.94736842105263,0
PPO-QP-no-penalty,20260805,56,11,5469,0,0,0,0.0,-100.0,-100.0,0.0,2.026520803018646e-11,100.24751861636082,30.0,107,92,30.0,125.0,4,-100.0,19.0,-732.409972299169,-100.0,0.0,3.7999999999999996e-08,0,1,33.94736842105263,0
PPO-QP-no-penalty,20260805,57,11,5565,0,0,0,0.0,-100.0,-100.0,0.0,1.9997681288685954e-11,101.10748378887497,30.0,110,92,30.0,125.0,4,-100.0,19.0,-732.409972299169,-100.0,0.0,3.7999999999999996e-08,0,1,33.94736842105263,0
PPO-QP-no-penalty,20260805,58,12,5661,0,0,0,0.0,-100.0,-100.0,0.0,2.0079441812962764e-11,100.83889927295647,30.0,31,92,30.0,125.0,4,-100.0,19.0,-732.409972299169,-100.0,0.0,3.7999999999999996e-08,0,1,33.94736842105263,0
PPO-QP-no-penalty,20260805,59,12,5757,0,0,0,0.0,-100.0,-100.0,0.0,1.992555750026289e-11,101.10748378887497,30.0,110,92,30.0,125.0,4,-100.0,19.0,-732.409972299169,-100.0,0.0,3.7999999999999996e-08,0,1,33.94736842105263,0
PPO-QP-no-penalty,20260805,60,12,5853,0,0,0,0.0,-100.0,-100.0,0.0,1.9907657004362515e-11,97.84049651637996,30.0,114,92,30.0,125.0,4,-100.0,19.0,-732.409972299169,-100.0,0.0,3.7999999999999996e-08,0,1,33.94736842105263,0
PPO-QP-no-penalty,20260805,61,12,5949,0,0,0,0.0,-100.0,-100.0,0.0,0.0,93.11517390836408,30.0,96,92,30.0,125.0,4,-100.0,19.0,-732.409972299169,-100.0,0.0,3.7999999999999996e-08,0,1,33.94736842105263,0
PPO-QP-no-penalty,20260805,62,12,6045,0,0,0,0.0,-100.0,-100.0,0.0,2.0303921507055142e-11,105.46954824232857,30.0,143,92,30.0,125.0,4,-100.0,19.0,-732.409972299169,-100.0,0.0,3.7999999999999996e-08,0,1,33.94736842105263,0
PPO-QP-no-penalty,20260805,63,12,6141,0,0,0,0.0,-100.0,-100.0,0.0,1.998481380383055e-11,92.05160546747763,30.0,120,92,30.0,125.0,4,-100.0,19.0,-732.409972299169,-100.0,0.0,3.7999999999999996e-08,0,1,33.94736842105263,0
PPO-QP-no-penalty,20260805,64,13,6237,0,0,0,0.0,-100.0,-100.0,0.0,2.0019808033566732e-11,100.12765026961917,30.0,111,92,30.0,125.0,4,-100.0,19.0,-732.409972299169,-100.0,0.0,3.7999999999999996e-08,0,1,33.94736842105263,0
PPO-QP-no-penalty,20260805,65,13,6333,0,0,0,0.0,-100.0,-100.0,0.0,2.0012465758630545e-11,102.34785609960065,30.0,23,92,30.0,125.0,4,-100.0,19.0,-732.409972299169,-100.0,0.0,3.7999999999999996e-08,0,1,33.94736842105263,0
PPO-QP-no-penalty,20260805,66,13,6429,0,0,0,0.0,-100.0,-100.0,0.0,0.0,87.01349732194478,30.0,60,92,30.0,125.0,4,-100.0,19.0,-732.409972299169,-100.0,0.0,3.7999999999999996e-08,0,1,33.94736842105263,0
PPO-QP-no-penalty,20260805,67,13,6525,0,0,0,0.0,-100.0,-100.0,0.0,1.9930301853321454e-11,105.45166917558011,30.0,213,92,30.0,125.0,4,-100.0,19.0,-732.409972299169,-100.0,0.0,3.7999999999999996e-08,0,1,33.94736842105263,0
PPO-QP-no-penalty,20260805,68,13,6621,0,0,0,0.0,-100.0,-100.0,0.0,2.0031076797266677e-11,99.83051753648506,30.0,190,92,30.0,125.0,4,-100.0,19.0,-732.409972299169,-100.0,0.0,3.7999999999999996e-08,0,1,33.94736842105263,0
PPO-QP-no-penalty,20260805,69,14,6717,0,0,0,0.0,-100.0,-100.0,0.0,1.984217975111354e-11,101.7500204535244,30.0,123,92,30.0,125.0,4,-100.0,19.0,-732.409972299169,-100.0,0.0,3.7999999999999996e-08,0,1,33.94736842105263,0
PPO-QP-no-penalty,20260805,70,14,6813,0,0,0,0.0,-100.0,-100.0,0.0,1.9961702661201267e-11,98.04912306783665,30.0,136,92,30.0,125.0,4,-100.0,19.0,-732.409972299169,-100.0,0.0,3.7999999999999996e-08,0,1,33.94736842105263,0
PPO-QP-no-penalty,20260805,71,14,6909,0,0,0,0.0,-100.0,-100.0,0.0,1.9921305346078572e-11,104.874570453267,30.0,238,92,30.0,125.0,4,-100.0,19.0,-732.409972299169,-100.0,0.0,3.7999999999999996e-08,0,1,33.94736842105263,0
PPO-QP-no-penalty,20260805,72,14,7005,0,0,0,0.0,-100.0,-100.0,0.0,2.0062855080974865e-11,87.66406128442175,30.0,34,92,30.0,125.0,4,-100.0,19.0,-732.409972299169,-100.0,0.0,3.7999999999999996e-08,0,1,33.94736842105263,0
PPO-QP-no-penalty,20260805,73,14,7101,0,0,0,0.0,-100.0,-100.0,0.0,2.0032594102067e-11,103.35487004591415,30.0,223,92,30.0,125.0,4,-100.0,19.0,-732.409972299169,-100.0,0.0,3.7999999999999996e-08,0,1,33.94736842105263,0
PPO-QP-no-penalty,20260805,74,15,7197,0,0,0,0.0,-100.0,-100.0,0.0,2.0070400896798902e-11,112.16735870136588,30.0,181,92,30.0,125.0,4,-100.0,19.0,-732.409972299169,-100.0,0.0,3.7999999999999996e-08,0,1,33.94736842105263,0
PPO-QP-no-penalty,20260805,75,15,7293,0,0,0,0.0,-100.0,-100.0,0.0,1.9864521139112413e-11,100.58254270570778,30.0,153,92,30.0,125.0,4,-100.0,19.0,-732.409972299169,-100.0,0.0,3.7999999999999996e-08,0,1,33.94736842105263,0
PPO-QP-no-penalty,20260805,76,15,7389,0,0,0,0.0,-100.0,-100.0,0.0,0.0,95.77455035660361,30.0,116,92,30.0,125.0,4,-100.0,19.0,-732.409972299169,-100.0,0.0,3.7999999999999996e-08,0,1,33.94736842105263,0
PPO-QP-no-penalty,20260805,77,15,7485,0,0,0,0.0,-100.0,-100.0,0.0,2.001785404104339e-11,99.83051753648506,30.0,190,92,30.0,125.0,4,-100.0,19.0,-732.409972299169,-100.0,0.0,3.7999999999999996e-08,0,1,33.94736842105263,0
PPO-QP-no-penalty,20260805,78,15,7581,0,0,0,0.0,-100.0,-100.0,0.0,1.972945510667993e-11,110.95905457206057,30.0,193,92,30.0,125.0,4,-100.0,19.0,-732.409972299169,-100.0,0.0,3.7999999999999996e-08,0,1,33.94736842105263,0
PPO-QP-no-penalty,20260805,79,15,7677,0,0,0,0.0,-100.0,-100.0,0.0,2.004882556268702e-11,109.9284297131466,30.0,221,92,30.0,125.0,4,-100.0,19.0,-732.409972299169,-100.0,0.0,3.7999999999999996e-08,0,1,33.94736842105263,0
PPO-QP-no-penalty,20260805,80,16,7773,0,0,0,0.0,-100.0,-100.0,0.0,2.02124798380036e-11,100.24751861636082,30.0,107,92,30.0,125.0,4,-100.0,19.0,-732.409972299169,-100.0,0.0,3.7999999999999996e-08,0,1,33.94736842105263,0
PPO-QP-no-penalty,20260805,81,16,7869,0,0,0,0.0,-100.0,-100.0,0.0,1.991660910268441e-11,93.65825683373826,30.0,147,92,30.0,125.0,4,-100.0,19.0,-732.409972299169,-100.0,0.0,3.7999999999999996e-08,0,1,33.94736842105263,0
PPO-QP-no-penalty,20260805,82,16,7965,0,0,0,0.0,-100.0,-100.0,0.0,2.0029644609564912e-11,104.30825886118944,30.0,22,92,30.0,125.0,4,-100.0,19.0,-732.409972299169,-100.0,0.0,3.7999999999999996e-08,0,1,33.94736842105263,0
PPO-QP-no-penalty,20260805,83,16,8061,0,0,0,0.0,-100.0,-100.0,0.0,1.9943439492446183e-11,110.00887532212714,30.0,215,92,30.0,125.0,4,-100.0,19.0,-732.409972299169,-100.0,0.0,3.7999999999999996e-08,0,1,33.94736842105263,0
PPO-QP-no-penalty,20260805,84,16,8157,0,0,0,0.0,-100.0,-100.0,0.0,2.0023053585542053e-11,88.64779970570982,30.0,89,92,30.0,125.0,4,-100.0,19.0,-732.409972299169,-100.0,0.0,3.7999999999999996e-08,0,1,33.94736842105263,0
PPO-QP-no-penalty,20260805,85,17,8253,0,0,0,0.0,-100.0,-100.0,0.0,1.9972912213006566e-11,106.78624934180647,30.0,218,92,30.0,125.0,4,-100.0,19.0,-732.409972299169,-100.0,0.0,3.7999999999999996e-08,0,1,33.94736842105263,0
PPO-QP-no-penalty,20260805,86,17,8349,0,0,0,0.0,-100.0,-100.0,0.0,1.986639741602403e-11,106.43851663116271,30.0,225,92,30.0,125.0,4,-100.0,19.0,-732.409972299169,-100.0,0.0,3.7999999999999996e-08,0,1,33.94736842105263,0
PPO-QP-no-penalty,20260805,87,17,8445,0,0,0,0.0,-100.0,-100.0,0.0,0.0,92.19664912634585,30.0,74,92,30.0,125.0,4,-100.0,19.0,-732.409972299169,-100.0,0.0,3.7999999999999996e-08,0,1,33.94736842105263,0
PPO-QP-no-penalty,20260805,88,17,8541,0,0,0,0.0,-100.0,-100.0,0.0,2.008121446905875e-11,113.6679028833153,30.0,168,92,30.0,125.0,4,-100.0,19.0,-732.409972299169,-100.0,0.0,3.7999999999999996e-08,0,1,33.94736842105263,0
PPO-QP-no-penalty,20260805,89,17,8637,0,0,0,0.0,-100.0,-100.0,0.0,1.9887047564282057e-11,104.23250747221446,30.0,226,92,30.0,125.0,4,-100.0,19.0,-732.409972299169,-100.0,0.0,3.7999999999999996e-08,0,1,33.94736842105263,0
PPO-QP-no-penalty,20260805,90,18,8733,0,0,0,0.0,-100.0,-100.0,0.0,1.9820404576857225e-11,95.77455035660361,30.0,116,92,30.0,125.0,4,-100.0,19.0,-732.409972299169,-100.0,0.0,3.7999999999999996e-08,0,1,33.94736842105263,0
PPO-QP-no-penalty,20260805,91,18,8829,0,0,0,0.0,-100.0,-100.0,0.0,1.9966665358121342e-11,87.53223352510913,30.0,59,92,30.0,125.0,4,-100.0,19.0,-732.409972299169,-100.0,0.0,3.7999999999999996e-08,0,1,33.94736842105263,0
PPO-QP-no-penalty,20260805,92,18,8925,0,0,0,0.0,-100.0,-100.0,0.0,2.0217779302574477e-11,90.43588685788883,30.0,93,92,30.0,125.0,4,-100.0,19.0,-732.409972299169,-100.0,0.0,3.7999999999999996e-08,0,1,33.94736842105263,0
PPO-QP-no-penalty,20260805,93,18,9021,0,0,0,0.0,-100.0,-100.0,0.0,1.9933121819804e-11,109.28789200484522,30.0,176,92,30.0,125.0,4,-100.0,19.0,-732.409972299169,-100.0,0.0,3.7999999999999996e-08,0,1,33.94736842105263,0
PPO-QP-no-penalty,20260805,94,18,9117,0,0,0,0.0,-100.0,-100.0,0.0,2.004800769839221e-11,110.10922097309025,30.0,167,92,30.0,125.0,4,-100.0,19.0,-732.409972299169,-100.0,0.0,3.7999999999999996e-08,0,1,33.94736842105263,0
PPO-QP-no-penalty,20260805,95,18,9213,0,0,0,0.0,-100.0,-100.0,0.0,0.0,101.49658100152236,30.0,177,92,30.0,125.0,4,-100.0,19.0,-732.409972299169,-100.0,0.0,3.7999999999999996e-08,0,1,33.94736842105263,0
PPO-QP-no-penalty,20260805,96,19,9309,0,0,0,0.0,-100.0,-100.0,0.0,2.003413361132781e-11,104.06273500373985,30.0,192,92,30.0,125.0,4,-100.0,19.0,-732.409972299169,-100.0,0.0,3.7999999999999996e-08,0,1,33.94736842105263,0
PPO-QP-no-penalty,20260805,97,19,9405,0,0,0,0.0,-100.0,-100.0,0.0,1.9975199272437295e-11,95.08737753583918,30.0,148,92,30.0,125.0,4,-100.0,19.0,-732.409972299169,-100.0,0.0,3.7999999999999996e-08,0,1,33.94736842105263,0
PPO-QP-no-penalty,20260805,98,19,9501,0,0,0,0.0,-100.0,-100.0,0.0,1.9885937341257432e-11,105.40884051002003,30.0,169,92,30.0,125.0,4,-100.0,19.0,-732.409972299169,-100.0,0.0,3.7999999999999996e-08,0,1,33.94736842105263,0
PPO-QP-no-penalty,20260805,99,19,9597,0,0,0,0.0,-100.0,-100.0,0.0,1.9927681726983338e-11,97.57557280168987,30.0,75,92,30.0,125.0,4,-100.0,19.0,-732.409972299169,-100.0,0.0,3.7999999999999996e-08,0,1,33.94736842105263,0
PPO-QP-no-penalty,20260805,100,19,9693,0,0,0,0.0,-100.0,-100.0,0.0,2.0073505820524438e-11,92.24150315024411,30.0,69,92,30.0,125.0,4,-100.0,19.0,-732.409972299169,-100.0,0.0,3.7999999999999996e-08,0,1,33.94736842105263,0
PPO-QP-no-penalty,20260805,101,20,9789,0,0,0,0.0,-100.0,-100.0,0.0,1.9952258364005124e-11,100.00130821074683,30.0,222,92,30.0,125.0,4,-100.0,19.0,-732.409972299169,-100.0,0.0,3.7999999999999996e-08,0,1,33.94736842105263,0
PPO-QP-no-penalty,20260805,102,20,9885,0,0,0,0.0,-100.0,-100.0,0.0,1.9991582463537345e-11,99.51338637734993,30.0,140,92,30.0,125.0,4,-100.0,19.0,-732.409972299169,-100.0,0.0,3.7999999999999996e-08,0,1,33.94736842105263,0
PPO-QP-no-penalty,20260805,103,20,9981,0,0,0,0.0,-100.0,-100.0,0.0,2.0081099746012873e-11,105.7846855565606,30.0,4,92,30.0,125.0,4,-100.0,19.0,-732.409972299169,-100.0,0.0,3.7999999999999996e-08,0,1,33.94736842105263,0
PPO-QP-no-penalty,20260805,104,20,10077,0,0,0,0.0,-100.0,-100.0,0.0,1.988560057360663e-11,106.52560817321435,30.0,227,92,30.0,125.0,4,-100.0,19.0,-732.409972299169,-100.0,0.0,3.7999999999999996e-08,0,1,33.94736842105263,0
PPO-QP-no-penalty,20260805,105,20,10173,0,0,0,0.0,-100.0,-100.0,0.0,2.0000963848095427e-11,92.88476102773205,30.0,105,92,30.0,125.0,4,-100.0,19.0,-732.409972299169,-100.0,0.0,3.7999999999999996e-08,0,1,33.94736842105263,0
PPO-QP-no-penalty,20260805,106,21,10269,0,0,0,0.0,-100.0,-100.0,0.0,1.987199294006814e-11,94.86775162328135,30.0,67,92,30.0,125.0,4,-100.0,19.0,-732.409972299169,-100.0,0.0,3.7999999999999996e-08,0,1,33.94736842105263,0
PPO-QP-no-penalty,20260805,107,21,10365,0,0,0,0.0,-100.0,-100.0,0.0,1.990491475349169e-11,102.11370682986832,30.0,188,92,30.0,125.0,4,-100.0,19.0,-732.409972299169,-100.0,0.0,3.7999999999999996e-08,0,1,33.94736842105263,0
PPO-QP-no-penalty,20260805,108,21,10461,0,0,0,0.0,-100.0,-100.0,0.0,1.9913363550709088e-11,104.00758986645744,30.0,9,92,30.0,125.0,4,-100.0,19.0,-732.409972299169,-100.0,0.0,3.7999999999999996e-08,0,1,33.94736842105263,0
PPO-QP-no-penalty,20260805,109,21,10557,0,0,0,0.0,-100.0,-100.0,0.0,1.9898223809396616e-11,95.06128279232206,30.0,126,92,30.0,125.0,4,-100.0,19.0,-732.409972299169,-100.0,0.0,3.7999999999999996e-08,0,1,33.94736842105263,0
PPO-QP-no-penalty,20260805,110,21,10653,0,0,0,0.0,-100.0,-100.0,0.0,2.0065142140405594e-11,110.34769251483871,30.0,219,92,30.0,125.0,4,-100.0,19.0,-732.409972299169,-100.0,0.0,3.7999999999999996e-08,0,1,33.94736842105263,0
PPO-QP-no-penalty,20260805,111,21,10749,0,0,0,0.0,-100.0,-100.0,0.0,1.9877573661138588e-11,93.21260719239173,30.0,66,92,30.0,125.0,4,-100.0,19.0,-732.409972299169,-100.0,0.0,3.7999999999999996e-08,0,1,33.94736842105263,0
PPO-QP-no-penalty,20260805,112,22,10845,0,0,0,0.0,-100.0,-100.0,0.0,1.9947695347373914e-11,108.88773156390575,30.0,47,92,30.0,125.0,4,-100.0,19.0,-732.409972299169,-100.0,0.0,3.7999999999999996e-08,0,1,33.94736842105263,0
PPO-QP-no-penalty,20260805,113,22,10941,0,0,0,0.0,-100.0,-100.0,0.0,0.0,87.01349732194478,30.0,60,92,30.0,125.0,4,-100.0,19.0,-732.409972299169,-100.0,0.0,3.7999999999999996e-08,0,1,33.94736842105263,0
PPO-QP-no-penalty,20260805,114,22,11037,0,0,0,0.0,-100.0,-100.0,0.0,0.0,103.27932168487578,30.0,12,92,30.0,125.0,4,-100.0,19.0,-732.409972299169,-100.0,0.0,3.7999999999999996e-08,0,1,33.94736842105263,0
PPO-QP-no-penalty,20260805,115,22,11133,0,0,0,0.0,-100.0,-100.0,0.0,2.0243207110581807e-11,100.24751861636082,30.0,107,92,30.0,125.0,4,-100.0,19.0,-732.409972299169,-100.0,0.0,3.7999999999999996e-08,0,1,33.94736842105263,0
PPO-QP-no-penalty,20260805,116,22,11229,0,0,0,0.0,-100.0,-100.0,0.0,2.0032409064896228e-11,96.4455216587882,30.0,175,92,30.0,125.0,4,-100.0,19.0,-732.409972299169,-100.0,0.0,3.7999999999999996e-08,0,1,33.94736842105263,0
PPO-QP-no-penalty,20260805,117,23,11325,0,0,0,0.0,-100.0,-100.0,0.0,1.9984203181167005e-11,99.96667633583264,30.0,97,92,30.0,125.0,4,-100.0,19.0,-732.409972299169,-100.0,0.0,3.7999999999999996e-08,0,1,33.94736842105263,0
PPO-QP-no-penalty,20260805,118,23,11421,0,0,0,0.0,-100.0,-100.0,0.0,2.0066233859713143e-11,92.05160546747763,30.0,120,92,30.0,125.0,4,-100.0,19.0,-732.409972299169,-100.0,0.0,3.7999999999999996e-08,0,1,33.94736842105263,0
PPO-QP-no-penalty,20260805,119,23,11517,0,0,0,0.0,-100.0,-100.0,0.0,0.0,95.77455035660361,30.0,116,92,30.0,125.0,4,-100.0,19.0,-732.409972299169,-100.0,0.0,3.7999999999999996e-08,0,1,33.94736842105263,0
PPO-QP-no-penalty,20260805,120,23,11613,0,0,0,0.0,-100.0,-100.0,0.0,1.1102230246251566e-17,109.81392204466715,30.0,163,92,30.0,125.0,4,-100.0,19.0,-732.409972299169,-100.0,0.0,3.7999999999999996e-08,0,1,33.94736842105263,0
PPO-QP-no-penalty,20260805,121,23,11709,0,0,0,0.0,-100.0,-100.0,0.0,2.008293531474692e-11,83.30546343049515,30.0,77,92,30.0,125.0,4,-100.0,19.0,-732.409972299169,-100.0,0.0,3.7999999999999996e-08,0,1,33.94736842105263,0
PPO-QP-no-penalty,20260805,122,24,11805,0,0,0,0.0,-100.0,-100.0,0.0,1.9981249987921502e-11,110.00887532212714,30.0,215,92,30.0,125.0,4,-100.0,19.0,-732.409972299169,-100.0,0.0,3.7999999999999996e-08,0,1,33.94736842105263,0
PPO-QP-no-penalty,20260805,123,24,11901,0,0,0,0.0,-100.0,-100.0,0.0,2.008733549866785e-11,105.7846855565606,30.0,4,92,30.0,125.0,4,-100.0,19.0,-732.409972299169,-100.0,0.0,3.7999999999999996e-08,0,1,33.94736842105263,0
PPO-QP-no-penalty,20260805,124,24,11997,0,0,0,0.0,-100.0,-100.0,0.0,1.986389201273179e-11,103.74738027439993,30.0,54,92,30.0,125.0,4,-100.0,19.0,-732.409972299169,-100.0,0.0,3.7999999999999996e-08,0,1,33.94736842105263,0
PPO-QP-no-penalty,20260805,125,24,12093,0,0,0,0.0,-100.0,-100.0,0.0,2.001449746676561e-11,99.83051753648506,30.0,190,92,30.0,125.0,4,-100.0,19.0,-732.409972299169,-100.0,0.0,3.7999999999999996e-08,0,1,33.94736842105263,0
PPO-QP-no-penalty,20260805,126,24,12189,0,0,0,0.0,-100.0,-100.0,0.0,1.9921908567255287e-11,110.00887532212714,30.0,215,92,30.0,125.0,4,-100.0,19.0,-732.409972299169,-100.0,0.0,3.7999999999999996e-08,0,1,33.94736842105263,0
PPO-QP-no-penalty,20260805,127,24,12285,0,0,0,0.0,-100.0,-100.0,0.0,1.9939801661668828e-11,112.16735870136588,30.0,181,92,30.0,125.0,4,-100.0,19.0,-732.409972299169,-100.0,0.0,3.7999999999999996e-08,0,1,33.94736842105263,0
PPO-QP-no-penalty,20260805,128,25,12381,0,0,0,0.0,-100.0,-100.0,0.0,1.9880241897141103e-11,87.61049049163246,30.0,101,92,30.0,125.0,4,-100.0,19.0,-732.409972299169,-100.0,0.0,3.7999999999999996e-08,0,1,33.94736842105263,0
PPO-QP-no-penalty,20260805,129,25,12477,0,0,0,0.0,-100.0,-100.0,0.0,2.0001271009798907e-11,100.07914421571272,30.0,180,92,30.0,125.0,4,-100.0,19.0,-732.409972299169,-100.0,0.0,3.7999999999999996e-08,0,1,33.94736842105263,0
PPO-QP-no-penalty,20260805,130,25,12573,0,0,0,0.0,-100.0,-100.0,0.0,2.004728235268279e-11,109.97109181636901,30.0,185,92,30.0,125.0,4,-100.0,19.0,-732.409972299169,-100.0,0.0,3.7999999999999996e-08,0,1,33.94736842105263,0
PPO-QP-no-penalty,20260805,131,25,12669,0,0,0,0.0,-100.0,-100.0,0.0,1.9999442842551693e-11,97.3102387833523,30.0,104,92,30.0,125.0,4,-100.0,19.0,-732.409972299169,-100.0,0.0,3.7999999999999996e-08,0,1,33.94736842105263,0
PPO-QP-no-penalty,20260805,132,25,12765,0,0,0,0.0,-100.0,-100.0,0.0,1.9892717103194475e-11,91.9647476534924,30.0,62,92,30.0,125.0,4,-100.0,19.0,-732.409972299169,-100.0,0.0,3.7999999999999996e-08,0,1,33.94736842105263,0
PPO-QP-no-penalty,20260805,133,26,12861,0,0,0,0.0,-100.0,-100.0,0.0,2.0141643908289096e-11,77.39593317848316,30.0,42,92,30.0,125.0,4,-100.0,19.0,-732.409972299169,-100.0,0.0,3.7999999999999996e-08,0,1,33.94736842105263,0
PPO-QP-no-penalty,20260805,134,26,12957,0,0,0,0.0,-100.0,-100.0,0.0,1.9970136655445003e-11,103.35487004591415,30.0,223,92,30.0,125.0,4,-100.0,19.0,-732.409972299169,-100.0,0.0,3.7999999999999996e-08,0,1,46.613328966595006,0
PPO-QP-no-penalty,20260805,135,26,13053,0,0,0,0.0,-100.0,-100.0,0.0,1.9847712362519586e-11,108.13271811924119,30.0,232,92,30.0,125.0,4,-100.0,19.0,-732.409972299169,-100.0,0.0,3.7999999999999996e-08,0,1,33.94736842105263,0
PPO-QP-no-penalty,20260805,136,26,13149,0,0,0,0.0,-100.0,-100.0,0.0,2.0222753101724796e-11,98.98452005268396,30.0,24,92,30.0,125.0,4,-100.0,19.0,-732.409972299169,-100.0,0.0,3.7999999999999996e-08,0,1,33.94736842105263,0
PPO-QP-no-penalty,20260805,137,26,13245,0,0,0,0.0,-100.0,-100.0,0.0,2.0031291440384773e-11,109.76789593316256,30.0,195,92,30.0,125.0,4,-100.0,19.0,-732.409972299169,-100.0,0.0,3.7999999999999996e-08,0,1,33.94736842105263,0
PPO-QP-no-penalty,20260805,138,27,13341,0,0,0,0.0,-100.0,-100.0,0.0,1.9704663826540052e-11,106.43851663116271,30.0,225,92,30.0,125.0,4,-100.0,19.0,-732.409972299169,-100.0,0.0,3.7999999999999996e-08,0,1,33.94736842105263,0
PPO-QP-no-penalty,20260805,139,27,13437,0,0,0,0.0,-100.0,-100.0,0.0,2.004284886207112e-11,98.64165448582102,30.0,142,92,30.0,125.0,4,-100.0,19.0,-732.409972299169,-100.0,0.0,3.7999999999999996e-08,0,1,33.94736842105263,0
PPO-QP-no-penalty,20260805,140,27,13533,0,0,0,0.0,-100.0,-100.0,0.0,2.0064068924815124e-11,99.52151171969736,30.0,51,92,30.0,125.0,4,-100.0,19.0,-732.409972299169,-100.0,0.0,3.7999999999999996e-08,0,1,33.94736842105263,0
PPO-QP-no-penalty,20260805,141,27,13629,0,0,0,0.0,-100.0,-100.0,0.0,1.993884686986765e-11,94.92530164324614,30.0,109,92,30.0,125.0,4,-100.0,19.0,-732.409972299169,-100.0,0.0,3.7999999999999996e-08,0,1,33.94736842105263,0
PPO-QP-no-penalty,20260805,142,27,13725,0,0,0,0.0,-100.0,-100.0,0.0,2.0029359652321923e-11,102.98408042338848,30.0,178,92,30.0,125.0,4,-100.0,19.0,-732.409972299169,-100.0,0.0,3.7999999999999996e-08,0,1,33.94736842105263,0
PPO-QP-no-penalty,20260805,143,27,13821,0,0,0,0.0,-100.0,-100.0,0.0,1.988091543244271e-11,96.32255108936515,30.0,15,92,30.0,125.0,4,-100.0,19.0,-732.409972299169,-100.0,0.0,3.7999999999999996e-08,0,1,33.94736842105263,0
PPO-QP-no-penalty,20260805,144,28,13917,0,0,0,0.0,-100.0,-100.0,0.0,0.0,88.64779970570982,30.0,89,92,30.0,125.0,4,-100.0,19.0,-732.409972299169,-100.0,0.0,3.7999999999999996e-08,0,1,33.94736842105263,0
PPO-QP-no-penalty,20260805,145,28,14013,0,0,0,0.0,-100.0,-100.0,0.0,1.9885767107060324e-11,93.95418866591038,30.0,94,92,30.0,125.0,4,-100.0,19.0,-732.409972299169,-100.0,0.0,3.7999999999999996e-08,0,1,33.94736842105263,0
PPO-QP-no-penalty,20260805,146,28,14109,0,0,0,0.0,-100.0,-100.0,0.0,0.0,99.1738371645239,30.0,108,92,30.0,125.0,4,-100.0,19.0,-732.409972299169,-100.0,0.0,3.7999999999999996e-08,0,1,33.94736842105263,0
PPO-QP-no-penalty,20260805,147,28,14205,0,0,0,0.0,-100.0,-100.0,0.0,2.0046605116637768e-11,95.24953877379312,30.0,64,92,30.0,125.0,4,-100.0,19.0,-732.409972299169,-100.0,0.0,3.7999999999999996e-08,0,1,33.94736842105263,0
PPO-QP-no-penalty,20260805,148,28,14301,0,0,0,0.0,-100.0,-100.0,0.0,1.9876670679745227e-11,93.65825683373826,30.0,147,92,30.0,125.0,4,-100.0,19.0,-732.409972299169,-100.0,0.0,3.7999999999999996e-08,0,1,33.94736842105263,0
PPO-QP-no-penalty,20260805,149,29,14397,0,0,0,0.0,-100.0,-100.0,0.0,2.009811576423696e-11,90.64375549933027,30.0,80,92,30.0,125.0,4,-100.0,19.0,-732.409972299169,-100.0,0.0,3.7999999999999996e-08,0,1,33.94736842105263,0
PPO-QP-no-penalty,20260805,150,29,14493,0,0,0,0.0,-100.0,-100.0,0.0,1.9970151458418665e-11,98.10037487022021,30.0,132,92,30.0,125.0,4,-100.0,19.0,-732.409972299169,-100.0,0.0,3.7999999999999996e-08,0,1,33.94736842105263,0
PPO-QP-no-penalty,20260805,151,29,14589,0,0,0,0.0,-100.0,-100.0,0.0,1.9821751647460437e-11,106.43851663116271,30.0,225,92,30.0,125.0,4,-100.0,19.0,-732.409972299169,-100.0,0.0,3.7999999999999996e-08,0,1,33.94736842105263,0
PPO-QP-no-penalty,20260805,152,29,14685,0,0,0,0.0,-100.0,-100.0,0.0,1.9971816792955602e-11,88.20043028629402,30.0,48,92,30.0,125.0,4,-100.0,19.0,-732.409972299169,-100.0,0.0,3.7999999999999996e-08,0,1,33.94736842105263,0
PPO-QP-no-penalty,20260805,153,29,14781,0,0,0,0.0,-100.0,-100.0,0.0,2.0160843365128282e-11,112.50095741162527,30.0,230,92,30.0,125.0,4,-100.0,19.0,-732.409972299169,-100.0,0.0,3.7999999999999996e-08,0,1,33.94736842105263,0
PPO-QP-no-penalty,20260805,154,30,14877,0,0,0,0.0,-100.0,-100.0,0.0,2.0166113223751837e-11,109.00381953646375,30.0,159,92,30.0,125.0,4,-100.0,19.0,-732.409972299169,-100.0,0.0,3.7999999999999996e-08,0,1,33.94736842105263,0
PPO-QP-no-penalty,20260805,155,30,14973,0,0,0,0.0,-100.0,-100.0,0.0,1.9844881293806792e-11,105.7846855565606,30.0,4,92,30.0,125.0,4,-100.0,19.0,-732.409972299169,-100.0,0.0,3.7999999999999996e-08,0,1,33.94736842105263,0
PPO-QP-no-penalty,20260805,156,30,15069,0,0,0,0.0,-100.0,-100.0,0.0,0.0,93.40953184232814,30.0,135,92,30.0,125.0,4,-100.0,19.0,-732.409972299169,-100.0,0.0,3.7999999999999996e-08,0,1,33.94736842105263,0
PPO-QP-no-penalty,20260805,157,30,15165,0,0,0,0.0,-100.0,-100.0,0.0,2.003761601088172e-11,102.17123510480714,30.0,231,92,30.0,125.0,4,-100.0,19.0,-732.409972299169,-100.0,0.0,3.7999999999999996e-08,0,1,33.94736842105263,0
PPO-QP-no-penalty,20260805,158,30,15261,0,0,0,0.0,-100.0,-100.0,0.0,1.983832727721809e-11,113.11894463632069,30.0,200,92,30.0,125.0,4,-100.0,19.0,-732.409972299169,-100.0,0.0,3.7999999999999996e-08,0,1,33.94736842105263,0
PPO-QP-no-penalty,20260805,159,30,15357,0,0,0,0.0,-100.0,-100.0,0.0,2.0187385096903653e-11,84.83495531338835,30.0,21,92,30.0,125.0,4,-100.0,19.0,-732.409972299169,-100.0,0.0,3.7999999999999996e-08,0,1,33.94736842105263,0
PPO-QP-no-penalty,20260805,160,31,15453,0,0,0,0.0,-100.0,-100.0,0.0,1.9833856779172265e-11,98.60021436873261,30.0,138,92,30.0,125.0,4,-100.0,19.0,-732.409972299169,-100.0,0.0,3.7999999999999996e-08,0,1,33.94736842105263,0
PPO-QP-no-penalty,20260805,161,31,15549,0,0,0,0.0,-100.0,-100.0,0.0,2.0013627792062987e-11,101.49658100152236,30.0,177,92,30.0,125.0,4,-100.0,19.0,-732.409972299169,-100.0,0.0,3.7999999999999996e-08,0,1,33.94736842105263,0
PPO-QP-no-penalty,20260805,162,31,15645,0,0,0,0.0,-100.0,-100.0,0.0,1.987439102180133e-11,117.29831760304205,30.0,210,92,30.0,125.0,4,-100.0,19.0,-732.409972299169,-100.0,0.0,3.7999999999999996e-08,0,1,33.94736842105263,0
PPO-QP-no-penalty,20260805,163,31,15741,0,0,0,0.0,-100.0,-100.0,0.0,2.0011725609947462e-11,87.66406128442175,30.0,34,92,30.0,125.0,4,-100.0,19.0,-732.409972299169,-100.0,0.0,3.7999999999999996e-08,0,1,33.94736842105263,0
PPO-QP-no-penalty,20260805,164,31,15837,0,0,0,0.0,-100.0,-100.0,0.0,2.0051201439959716e-11,92.94233251117724,30.0,1,92,30.0,125.0,4,-100.0,19.0,-732.409972299169,-100.0,0.0,3.7999999999999996e-08,0,1,33.94736842105263,0
PPO-QP-no-penalty,20260805,165,32,15933,0,0,0,0.0,-100.0,-100.0,0.0,1.9923248236371666e-11,104.9255458245251,30.0,233,92,30.0,125.0,4,-100.0,19.0,-732.409972299169,-100.0,0.0,3.7999999999999996e-08,0,1,48.16417404614,0
PPO-QP-no-penalty,20260805,166,32,16029,0,0,0,0.0,-100.0,-100.0,0.0,1.997475888397086e-11,84.73391284961718,30.0,63,92,30.0,125.0,4,-100.0,19.0,-732.409972299169,-100.0,0.0,3.7999999999999996e-08,0,1,33.94736842105263,0
PPO-QP-no-penalty,20260805,167,32,16125,0,0,0,0.0,-100.0,-100.0,0.0,1.9849692260246835e-11,103.03986682541994,30.0,194,92,30.0,125.0,4,-100.0,19.0,-732.409972299169,-100.0,0.0,3.7999999999999996e-08,0,1,33.94736842105263,0
PPO-QP-no-penalty,20260805,168,32,16221,0,0,0,0.0,-100.0,-100.0,0.0,1.9979976932186597e-11,73.92145614413825,30.0,13,92,30.0,125.0,4,-100.0,19.0,-732.409972299169,-100.0,0.0,3.7999999999999996e-08,0,1,33.94736842105263,0
PPO-QP-no-penalty,20260805,169,32,16317,0,0,0,0.0,-100.0,-100.0,0.0,2.0067036921034286e-11,109.28789200484522,30.0,176,92,30.0,125.0,4,-100.0,19.0,-732.409972299169,-100.0,0.0,3.7999999999999996e-08,0,1,33.94736842105263,0
PPO-QP-no-penalty,20260805,170,33,16413,0,0,0,0.0,-100.0,-100.0,0.0,0.0,102.34785609960065,30.0,23,92,30.0,125.0,4,-100.0,19.0,-732.409972299169,-100.0,0.0,3.7999999999999996e-08,0,1,33.94736842105263,0
PPO-QP-no-penalty,20260805,171,33,16509,0,0,0,0.0,-100.0,-100.0,0.0,1.9998739701302763e-11,105.46834623074572,30.0,204,92,30.0,125.0,4,-100.0,19.0,-732.409972299169,-100.0,0.0,3.7999999999999996e-08,0,1,33.94736842105263,0
PPO-QP-no-penalty,20260805,172,33,16605,0,0,0,0.0,-100.0,-100.0,0.0,2.0026047486965127e-11,89.82960521821806,30.0,90,92,30.0,125.0,4,-100.0,19.0,-732.409972299169,-100.0,0.0,3.7999999999999996e-08,0,1,33.94736842105263,0
PPO-QP-no-penalty,20260805,173,33,16701,0,0,0,0.0,-100.0,-100.0,0.0,2.0079948814810678e-11,77.39593317848316,30.0,42,92,30.0,125.0,4,-100.0,19.0,-732.409972299169,-100.0,0.0,3.7999999999999996e-08,0,1,33.94736842105263,0
PPO-QP-no-penalty,20260805,174,33,16797,0,0,0,0.0,-100.0,-100.0,0.0,1.9970725073648053e-11,112.16735870136588,30.0,181,92,30.0,125.0,4,-100.0,19.0,-732.409972299169,-100.0,0.0,3.7999999999999996e-08,0,1,33.94736842105263,0
PPO-QP-no-penalty,20260805,175,33,16893,0,0,0,0.0,-100.0,-100.0,0.0,2.0050790657440606e-11,89.82960521821806,30.0,90,92,30.0,125.0,4,-100.0,19.0,-732.409972299169,-100.0,0.0,3.7999999999999996e-08,0,1,33.94736842105263,0
PPO-QP-no-penalty,20260805,176,34,16989,0,0,0,0.0,-100.0,-100.0,0.0,1.9947898888261763e-11,103.92254966074705,30.0,229,92,30.0,125.0,4,-100.0,19.0,-732.409972299169,-100.0,0.0,3.7999999999999996e-08,0,1,33.94736842105263,0
PPO-QP-no-penalty,20260805,177,34,17085,0,0,0,0.0,-100.0,-100.0,0.0,1.9810016590090147e-11,109.00381953646375,30.0,159,92,30.0,125.0,4,-100.0,19.0,-732.409972299169,-100.0,0.0,3.7999999999999996e-08,0,1,33.94736842105263,0
PPO-QP-no-penalty,20260805,178,34,17181,0,0,0,0.0,-100.0,-100.0,0.0,1.9985309703448213e-11,83.30942638550725,30.0,49,92,30.0,125.0,4,-100.0,19.0,-732.409972299169,-100.0,0.0,3.7999999999999996e-08,0,1,33.94736842105263,0
PPO-QP-no-penalty,20260805,179,34,17277,0,0,0,0.0,-100.0,-100.0,0.0,2.0126685503403983e-11,100.07914421571272,30.0,180,92,30.0,125.0,4,-100.0,19.0,-732.409972299169,-100.0,0.0,3.7999999999999996e-08,0,1,33.94736842105263,0
PPO-QP-no-penalty,20260805,180,34,17373,0,0,0,0.0,-100.0,-100.0,0.0,1.991870002271412e-11,94.22972826960984,30.0,65,92,30.0,125.0,4,-100.0,19.0,-732.409972299169,-100.0,0.0,3.7999999999999996e-08,0,1,33.94736842105263,0
PPO-QP-no-penalty,20260805,181,35,17469,0,0,0,0.0,-100.0,-100.0,0.0,2.004328554979414e-11,102.17123510480714,30.0,231,92,30.0,125.0,4,-100.0,19.0,-732.409972299169,-100.0,0.0,3.7999999999999996e-08,0,1,33.94736842105263,0
PPO-QP-no-penalty,20260805,182,35,17565,0,0,0,0.0,-100.0,-100.0,0.0,2.0011455455678135e-11,113.92297184986944,30.0,217,92,30.0,125.0,4,-100.0,19.0,-732.409972299169,-100.0,0.0,3.7999999999999996e-08,0,1,33.94736842105263,0
PPO-QP-no-penalty,20260805,183,35,17661,0,0,0,0.0,-100.0,-100.0,0.0,2.0096439327469776e-11,88.51136863994178,30.0,79,92,30.0,125.0,4,-100.0,19.0,-732.409972299169,-100.0,0.0,3.7999999999999996e-08,0,1,33.94736842105263,0
PPO-QP-no-penalty,20260805,184,35,17757,0,0,0,0.0,-100.0,-100.0,0.0,1.9924832154553465e-11,94.29020215225974,30.0,81,92,30.0,125.0,4,-100.0,19.0,-732.409972299169,-100.0,0.0,3.7999999999999996e-08,0,1,33.94736842105263,0
PPO-QP-no-penalty,20260805,185,35,17853,0,0,0,0.0,-100.0,-100.0,0.0,2.0085015132546384e-11,82.89185109276251,30.0,91,92,30.0,125.0,4,-100.0,19.0,-732.409972299169,-100.0,0.0,3.7999999999999996e-08,0,1,33.94736842105263,0
PPO-QP-no-penalty,20260805,186,36,17949,0,0,0,0.0,-100.0,-100.0,0.0,1.9953535120483443e-11,109.28789200484522,30.0,176,92,30.0,125.0,4,-100.0,19.0,-732.409972299169,-100.0,0.0,3.7999999999999996e-08,0,1,33.94736842105263,0
PPO-QP-no-penalty,20260805,187,36,18045,0,0,0,0.0,-100.0,-100.0,0.0,2.0010493262390128e-11,92.94233251117724,30.0,1,92,30.0,125.0,4,-100.0,19.0,-732.409972299169,-100.0,0.0,3.7999999999999996e-08,0,1,33.94736842105263,0
PPO-QP-no-penalty,20260805,188,36,18141,0,0,0,0.0,-100.0,-100.0,0.0,1.9900218510097527e-11,105.07840638717109,30.0,239,92,30.0,125.0,4,-100.0,19.0,-732.409972299169,-100.0,0.0,3.7999999999999996e-08,0,1,33.94736842105263,0
PPO-QP-no-penalty,20260805,189,36,18237,0,0,0,0.0,-100.0,-100.0,0.0,1.9952350882590507e-11,91.86532092092294,30.0,121,92,30.0,125.0,4,-100.0,19.0,-732.409972299169,-100.0,0.0,3.7999999999999996e-08,0,1,33.94736842105263,0
PPO-QP-no-penalty,20260805,190,36,18333,0,0,0,0.0,-100.0,-100.0,0.0,2.0050590817296172e-11,94.92530164324614,30.0,109,92,30.0,125.0,4,-100.0,19.0,-732.409972299169,-100.0,0.0,3.7999999999999996e-08,0,1,33.94736842105263,0
PPO-QP-no-penalty,20260805,191,36,18429,0,0,0,0.0,-100.0,-100.0,0.0,1.9979088753766897e-11,96.01676559852008,30.0,37,92,30.0,125.0,4,-100.0,19.0,-732.409972299169,-100.0,0.0,3.7999999999999996e-08,0,1,33.94736842105263,0
PPO-QP-no-penalty,20260805,192,37,18525,0,0,0,0.0,-100.0,-100.0,0.0,0.0,106.43851663116271,30.0,225,92,30.0,125.0,4,-100.0,19.0,-732.409972299169,-100.0,0.0,3.7999999999999996e-08,0,1,33.94736842105263,0
PPO-QP-no-penalty,20260805,193,37,18621,0,0,0,0.0,-100.0,-100.0,0.0,1.9882665884078202e-11,111.37033894980843,30.0,201,92,30.0,125.0,4,-100.0,19.0,-732.409972299169,-100.0,0.0,3.7999999999999996e-08,0,1,33.94736842105263,0
PPO-QP-no-penalty,20260805,194,37,18717,0,0,0,0.0,-100.0,-100.0,0.0,1.9915472974455876e-11,98.60021436873261,30.0,138,92,30.0,125.0,4,-100.0,19.0,-732.409972299169,-100.0,0.0,3.7999999999999996e-08,0,1,33.94736842105263,0
PPO-QP-no-penalty,20260805,195,37,18813,0,0,0,0.0,-100.0,-100.0,0.0,2.0058599226047134e-11,91.85584163919535,30.0,100,92,30.0,125.0,4,-100.0,19.0,-732.409972299169,-100.0,0.0,3.7999999999999996e-08,0,1,33.94736842105263,0
PPO-QP-no-penalty,20260805,196,37,18909,0,0,0,0.0,-100.0,-100.0,0.0,1.98883539267077e-11,95.64219345576147,30.0,149,92,30.0,125.0,4,-100.0,19.0,-732.409972299169,-100.0,0.0,3.7999999999999996e-08,0,1,33.94736842105263,0
PPO-QP-no-penalty,20260805,197,38,19005,0,0,0,0.0,-100.0,-100.0,0.0,2.0103467039215652e-11,101.21404399016883,30.0,40,92,30.0,125.0,4,-100.0,19.0,-732.409972299169,-100.0,0.0,3.7999999999999996e-08,0,1,33.94736842105263,0
PPO-QP-no-penalty,20260805,198,38,19101,0,0,0,0.0,-100.0,-100.0,0.0,1.9986634569590934e-11,92.05160546747763,30.0,120,92,30.0,125.0,4,-100.0,19.0,-732.409972299169,-100.0,0.0,3.7999999999999996e-08,0,1,33.94736842105263,0
PPO-QP-no-penalty,20260805,199,38,19197,0,0,0,0.0,-100.0,-100.0,0.0,2.0074878796331554e-11,99.44808768061047,30.0,106,92,30.0,125.0,4,-100.0,19.0,-732.409972299169,-100.0,0.0,3.7999999999999996e-08,0,1,33.94736842105263,0
PPO-QP-no-penalty,20260805,200,38,19293,0,0,0,0.0,-100.0,-100.0,0.0,3.7007434154171884e-18,76.26011533638224,30.0,28,92,30.0,125.0,4,-100.0,19.0,-732.409972299169,-100.0,0.0,3.7999999999999996e-08,0,1,33.94736842105263,0
PPO-QP-no-penalty,20260805,201,38,19389,0,0,0,0.0,-100.0,-100.0,0.0,1.9880589767022152e-11,95.09537857069627,30.0,117,92,30.0,125.0,4,-100.0,19.0,-732.409972299169,-100.0,0.0,3.7999999999999996e-08,0,1,33.94736842105263,0
PPO-QP-no-penalty,20260805,202,39,19485,0,0,0,0.0,-100.0,-100.0,0.0,1.987049043824148e-11,92.05160546747763,30.0,120,92,30.0,125.0,4,-100.0,19.0,-732.409972299169,-100.0,0.0,3.7999999999999996e-08,0,1,33.94736842105263,0
PPO-QP-no-penalty,20260805,203,39,19581,0,0,0,0.0,-100.0,-100.0,0.0,2.011813678611437e-11,85.8202729697167,30.0,61,92,30.0,125.0,4,-100.0,19.0,-732.409972299169,-100.0,0.0,3.7999999999999996e-08,0,1,33.94736842105263,0
PPO-QP-no-penalty,20260805,204,39,19677,0,0,0,0.0,-100.0,-100.0,0.0,0.0,96.85699797452907,30.0,26,92,30.0,125.0,4,-100.0,19.0,-732.409972299169,-100.0,0.0,3.7999999999999996e-08,0,1,33.94736842105263,0
PPO-QP-no-penalty,20260805,205,39,19773,0,0,0,0.0,-100.0,-100.0,0.0,2.0081299586157304e-11,97.6381556687681,30.0,57,92,30.0,125.0,4,-100.0,19.0,-732.409972299169,-100.0,0.0,3.7999999999999996e-08,0,1,33.94736842105263,0
PPO-QP-no-penalty,20260805,206,39,19869,0,0,0,0.0,-100.0,-100.0,0.0,0.0,93.11517390836408,30.0,96,92,30.0,125.0,4,-100.0,19.0,-732.409972299169,-100.0,0.0,3.7999999999999996e-08,0,1,33.94736842105263,0
PPO-QP-no-penalty,20260805,207,39,19965,0,0,0,0.0,-100.0,-100.0,0.0,2.0049691536646228e-11,92.01794582118721,30.0,127,92,30.0,125.0,4,-100.0,19.0,-732.409972299169,-100.0,0.0,3.7999999999999996e-08,0,1,33.94736842105263,0
PPO-QP-no-penalty,20260805,208,40,20061,0,0,0,0.0,-100.0,-100.0,0.0,1.990787904896744e-11,106.43851663116271,30.0,225,92,30.0,125.0,4,-100.0,19.0,-732.409972299169,-100.0,0.0,3.7999999999999996e-08,0,1,33.94736842105263,0
PPO-QP-no-penalty,20260805,209,40,20157,0,0,0,0.0,-100.0,-100.0,0.0,2.0117870332588456e-11,100.88219124321412,30.0,145,92,30.0,125.0,4,-100.0,19.0,-732.409972299169,-100.0,0.0,3.7999999999999996e-08,0,1,33.94736842105263,0
PPO-QP-no-penalty,20260805,210,40,20253,0,0,0,0.0,-100.0,-100.0,0.0,1.9870779096227884e-11,113.6679028833153,30.0,168,92,30.0,125.0,4,-100.0,19.0,-732.409972299169,-100.0,0.0,3.7999999999999996e-08,0,1,33.94736842105263,0
PPO-QP-no-penalty,20260805,211,40,20349,0,0,0,0.0,-100.0,-100.0,0.0,1.9988921629021662e-11,103.74738027439993,30.0,54,92,30.0,125.0,4,-100.0,19.0,-732.409972299169,-100.0,0.0,3.7999999999999996e-08,0,1,33.94736842105263,0
PPO-QP-no-penalty,20260805,212,40,20445,0,0,0,0.0,-100.0,-100.0,0.0,2.0072280874453932e-11,102.75890329454388,30.0,187,92,30.0,125.0,4,-100.0,19.0,-732.409972299169,-100.0,0.0,3.7999999999999996e-08,0,1,33.94736842105263,0
PPO-QP-no-penalty,20260805,213,41,20541,0,0,0,0.0,-100.0,-100.0,0.0,1.9856638555637575e-11,83.04178651529132,30.0,55,92,30.0,125.0,4,-100.0,19.0,-732.409972299169,-100.0,0.0,3.7999999999999996e-08,0,1,33.94736842105263,0
PPO-QP-no-penalty,20260805,214,41,20637,0,0,0,0.0,-100.0,-100.0,0.0,1.9851871998118516e-11,92.05160546747763,30.0,120,92,30.0,125.0,4,-100.0,19.0,-732.409972299169,-100.0,0.0,3.7999999999999996e-08,0,1,33.94736842105263,0
PPO-QP-no-penalty,20260805,215,41,20733,0,0,0,0.0,-100.0,-100.0,0.0,1.9975069746417753e-11,100.48692081466652,30.0,32,92,30.0,125.0,4,-100.0,19.0,-732.409972299169,-100.0,0.0,3.7999999999999996e-08,0,1,33.94736842105263,0
PPO-QP-no-penalty,20260805,216,41,20829,0,0,0,0.0,-100.0,-100.0,0.0,2.0031654113239484e-11,114.98663326839446,30.0,182,92,30.0,125.0,4,-100.0,19.0,-732.409972299169,-100.0,0.0,3.7999999999999996e-08,0,1,33.94736842105263,0
PPO-QP-no-penalty,20260805,217,41,20925,0,0,0,0.0,-100.0,-93.4946411068963,0.0,0.0,103.35487004591415,30.0,223,92,31.54502273711213,125.0,4,-100.0,24.871086401026094,-725.9046134060653,-93.4946411068963,-6.505358893103704,3.7999999999999996e-08,0,1,58.44412777970068,0
PPO-QP-no-penalty,20260805,218,42,21021,0,0,0,0.0,-100.0,-100.0,0.0,1.996764605512643e-11,114.34738680718065,30.0,214,92,30.0,125.0,4,-100.0,19.0,-732.409972299169,-100.0,0.0,3.7999999999999996e-08,0,1,33.94736842105263,0
PPO-QP-no-penalty,20260805,219,42,21117,0,0,0,0.0,-100.0,-100.0,0.0,1.9911568690152612e-11,106.49212326251488,30.0,33,92,30.0,125.0,4,-100.0,19.0,-732.409972299169,-100.0,0.0,3.7999999999999996e-08,0,1,33.94736842105263,0
PPO-QP-no-penalty,20260805,220,42,21213,0,0,0,0.0,-100.0,-100.0,0.0,1.999210426835892e-11,100.48692081466652,30.0,32,92,30.0,125.0,4,-100.0,19.0,-732.409972299169,-100.0,0.0,3.7999999999999996e-08,0,1,33.94736842105263,0
PPO-QP-no-penalty,20260805,221,42,21309,0,0,0,0.0,-100.0,-100.0,0.0,2.0078272378043494e-11,107.61759070352285,30.0,152,92,30.0,125.0,4,-100.0,19.0,-732.409972299169,-100.0,0.0,3.7999999999999996e-08,0,1,33.94736842105263,0
PPO-QP-no-penalty,20260805,222,42,21405,0,0,0,0.0,-100.0,-100.0,0.0,1.9964866796821448e-11,106.53263417041393,30.0,236,92,30.0,125.0,4,-100.0,19.0,-732.409972299169,-100.0,0.0,3.7999999999999996e-08,0,1,33.94736842105263,0
PPO-QP-no-penalty,20260805,223,42,21501,0,0,0,0.0,-100.0,-100.0,0.0,1.9943295163452983e-11,106.53263417041393,30.0,236,92,30.0,125.0,4,-100.0,19.0,-732.409972299169,-100.0,0.0,3.7999999999999996e-08,0,1,33.94736842105263,0
PPO-QP-no-penalty,20260805,224,43,21597,0,0,0,0.0,-100.0,-100.0,0.0,1.994716614106551e-11,89.04411420168975,30.0,119,92,30.0,125.0,4,-100.0,19.0,-732.409972299169,-100.0,0.0,3.7999999999999996e-08,0,1,33.94736842105263,0
PPO-QP-no-penalty,20260805,225,43,21693,0,0,0,0.0,-100.0,-100.0,0.0,2.0063569324454043e-11,100.78780511344941,30.0,45,92,30.0,125.0,4,-100.0,19.0,-732.409972299169,-100.0,0.0,3.7999999999999996e-08,0,1,33.94736842105263,0
PPO-QP-no-penalty,20260805,226,43,21789,0,0,0,0.0,-100.0,-100.0,0.0,2.0014945256718875e-11,109.00381953646375,30.0,159,92,30.0,125.0,4,-100.0,19.0,-732.409972299169,-100.0,0.0,3.7999999999999996e-08,0,1,33.94736842105263,0
PPO-QP-no-penalty,20260805,227,43,21885,0,0,0,0.0,-100.0,-100.0,0.0,1.994950501090405e-11,92.19664912634585,30.0,74,92,30.0,125.0,4,-100.0,19.0,-732.409972299169,-100.0,0.0,3.7999999999999996e-08,0,1,33.94736842105263,0
PPO-QP-no-penalty,20260805,228,43,21981,0,0,0,0.0,-100.0,-100.0,0.0,1.987441692700524e-11,98.38002215283956,30.0,50,92,30.0,125.0,4,-100.0,19.0,-732.409972299169,-100.0,0.0,3.7999999999999996e-08,0,1,33.94736842105263,0
PPO-QP-no-penalty,20260805,229,44,22077,0,0,0,0.0,-100.0,-100.0,0.0,1.9993270002534776e-11,114.34738680718065,30.0,214,92,30.0,125.0,4,-100.0,19.0,-732.409972299169,-100.0,0.0,3.7999999999999996e-08,0,1,33.94736842105263,0
PPO-QP-no-penalty,20260805,230,44,22173,0,0,0,0.0,-100.0,-100.0,0.0,2.0092187173285463e-11,98.60021436873261,30.0,138,92,30.0,125.0,4,-100.0,19.0,-732.409972299169,-100.0,0.0,3.7999999999999996e-08,0,1,33.94736842105263,0
PPO-QP-no-penalty,20260805,231,44,22269,0,0,0,0.0,-100.0,-100.0,0.0,1.9926956381273917e-11,93.58051686509125,30.0,76,92,30.0,125.0,4,-100.0,19.0,-732.409972299169,-100.0,0.0,3.7999999999999996e-08,0,1,33.94736842105263,0
PPO-QP-no-penalty,20260805,232,44,22365,0,0,0,0.0,-100.0,-100.0,0.0,1.996752393059372e-11,99.51338637734993,30.0,140,92,30.0,125.0,4,-100.0,19.0,-732.409972299169,-100.0,0.0,3.7999999999999996e-08,0,1,33.94736842105263,0
PPO-QP-no-penalty,20260805,233,44,22461,0,0,0,0.0,-100.0,-100.0,0.0,1.9950304371481783e-11,112.50095741162527,30.0,230,92,30.0,125.0,4,-100.0,19.0,-732.409972299169,-100.0,0.0,3.7999999999999996e-08,0,1,33.94736842105263,0
PPO-QP-no-penalty,20260805,234,45,22557,0,0,0,0.0,-100.0,-100.0,0.0,1.9879812610904914e-11,112.54618120928845,30.0,212,92,30.0,125.0,4,-100.0,19.0,-732.409972299169,-100.0,0.0,3.7999999999999996e-08,0,1,33.94736842105263,0
PPO-QP-no-penalty,20260805,235,45,22653,0,0,0,0.0,-100.0,-100.0,0.0,0.0,106.24062507747706,30.0,199,92,30.0,125.0,4,-100.0,19.0,-732.409972299169,-100.0,0.0,3.7999999999999996e-08,0,1,33.94736842105263,0
PPO-QP-no-penalty,20260805,236,45,22749,0,0,0,0.0,-100.0,-100.0,0.0,1.989384582993618e-11,102.34785609960065,30.0,23,92,30.0,125.0,4,-100.0,19.0,-732.409972299169,-100.0,0.0,3.7999999999999996e-08,0,1,33.94736842105263,0
PPO-QP-no-penalty,20260805,237,45,22845,0,0,0,0.0,-100.0,-100.0,0.0,1.9977878610670056e-11,113.11894463632069,30.0,200,92,30.0,125.0,4,-100.0,19.0,-732.409972299169,-100.0,0.0,3.7999999999999996e-08,0,1,33.94736842105263,0
PPO-QP-no-penalty,20260805,238,45,22941,0,0,0,0.0,-100.0,-100.0,0.0,2.001179222332894e-11,95.77455035660361,30.0,116,92,30.0,125.0,4,-100.0,19.0,-732.409972299169,-100.0,0.0,3.7999999999999996e-08,0,1,33.94736842105263,0
PPO-QP-no-penalty,20260805,239,45,23037,0,0,0,0.0,-100.0,-100.0,0.0,1.9993440236731885e-11,95.09537857069627,30.0,117,92,30.0,125.0,4,-100.0,19.0,-732.409972299169,-100.0,0.0,3.7999999999999996e-08,0,1,33.94736842105263,0
PPO-QP-no-penalty,20260805,240,46,23133,0,0,0,0.0,-100.0,-100.0,0.0,1.986201943656359e-11,103.60264311293285,30.0,198,92,30.0,125.0,4,-100.0,19.0,-732.409972299169,-100.0,0.0,3.7999999999999996e-08,0,1,33.94736842105263,0
PPO-QP-no-penalty,20260805,241,46,23229,0,0,0,0.0,-100.0,-100.0,0.0,1.9925039396184728e-11,103.74738027439993,30.0,54,92,30.0,125.0,4,-100.0,19.0,-732.409972299169,-100.0,0.0,3.7999999999999996e-08,0,1,33.94736842105263,0
PPO-QP-no-penalty,20260805,242,46,23325,0,0,0,0.0,-100.0,-100.0,0.0,2.0076803182907572e-11,92.25043085354079,30.0,85,92,30.0,125.0,4,-100.0,19.0,-732.409972299169,-100.0,0.0,3.7999999999999996e-08,0,1,33.94736842105263,0
PPO-QP-no-penalty,20260805,243,46,23421,0,0,0,0.0,-100.0,-100.0,0.0,2.0043307754254633e-11,85.8202729697167,30.0,61,92,30.0,125.0,4,-100.0,19.0,-732.409972299169,-100.0,0.0,3.7999999999999996e-08,0,1,33.94736842105263,0
PPO-QP-no-penalty,20260805,244,46,23517,0,0,0,0.0,-100.0,-100.0,0.0,2.004245288252567e-11,99.69693547047898,30.0,137,92,30.0,125.0,4,-100.0,19.0,-732.409972299169,-100.0,0.0,3.7999999999999996e-08,0,1,33.94736842105263,0
PPO-QP-no-penalty,20260805,245,47,23613,0,0,0,0.0,-100.0,-100.0,0.0,1.9938639628236386e-11,101.21404399016883,30.0,40,92,30.0,125.0,4,-100.0,19.0,-732.409972299169,-100.0,0.0,3.7999999999999996e-08,0,1,33.94736842105263,0
PPO-QP-no-penalty,20260805,246,47,23709,0,0,0,0.0,-100.0,-100.0,0.0,0.0,99.69693547047898,30.0,137,92,30.0,125.0,4,-100.0,19.0,-732.409972299169,-100.0,0.0,3.7999999999999996e-08,0,1,33.94736842105263,0
PPO-QP-no-penalty,20260805,247,47,23805,0,0,0,0.0,-100.0,-100.0,0.0,1.9810575402345874e-11,97.15497237735016,30.0,17,92,30.0,125.0,4,-100.0,19.0,-732.409972299169,-100.0,0.0,3.7999999999999996e-08,0,1,33.94736842105263,0
PPO-QP-no-penalty,20260805,248,47,23901,0,0,0,0.0,-100.0,-100.0,0.0,2.0099522046734818e-11,80.32125119024646,30.0,20,92,30.0,125.0,4,-100.0,19.0,-732.409972299169,-100.0,0.0,3.7999999999999996e-08,0,1,33.94736842105263,0
PPO-QP-no-penalty,20260805,249,47,23997,0,0,0,0.0,-100.0,-100.0,0.0,1.9856527533335112e-11,95.24953877379312,30.0,64,92,30.0,125.0,4,-100.0,19.0,-732.409972299169,-100.0,0.0,3.7999999999999996e-08,0,1,33.94736842105263,0
PPO-QP-no-penalty,20260805,250,48,24093,0,0,0,0.0,-100.0,-100.0,0.0,2.0020111494526797e-11,103.60264311293285,30.0,198,92,30.0,125.0,4,-100.0,19.0,-732.409972299169,-100.0,0.0,3.7999999999999996e-08,0,1,57.37886062394238,0
PPO-QP-no-penalty,20260805,251,48,24189,0,0,0,0.0,-100.0,-100.0,0.0,1.994286957796021e-11,104.96059298132022,30.0,58,92,30.0,125.0,4,-100.0,19.0,-732.409972299169,-100.0,0.0,3.7999999999999996e-08,0,1,33.94736842105263,0
PPO-QP-no-penalty,20260805,252,48,24285,0,0,0,0.0,-100.0,-100.0,0.0,2.0089607755124917e-11,98.93643937105452,30.0,191,92,30.0,125.0,4,-100.0,19.0,-732.409972299169,-100.0,0.0,3.7999999999999996e-08,0,1,33.94736842105263,0
PPO-QP-no-penalty,20260805,253,48,24381,0,0,0,0.0,-100.0,-100.0,0.0,1.9905640099201114e-11,97.7759754231541,30.0,122,92,30.0,125.0,4,-100.0,19.0,-732.409972299169,-100.0,0.0,3.7999999999999996e-08,0,1,33.94736842105263,0
PPO-QP-no-penalty,20260805,254,48,24477,0,0,0,0.0,-100.0,-100.0,0.0,1.9830877680722853e-11,110.25536271311508,30.0,196,92,30.0,125.0,4,-100.0,19.0,-732.409972299169,-100.0,0.0,3.7999999999999996e-08,0,1,33.94736842105263,0
PPO-QP-no-penalty,20260805,255,48,24573,0,0,0,0.0,-100.0,-100.0,0.0,0.0,112.16735870136588,30.0,181,92,30.0,125.0,4,-100.0,19.0,-732.409972299169,-100.0,0.0,3.7999999999999996e-08,0,1,33.94736842105263,0
PPO-QP-no-penalty,20260805,256,49,24669,0,0,0,0.0,-100.0,-100.0,0.0,1.997521777615437e-11,109.00381953646375,30.0,159,92,30.0,125.0,4,-100.0,19.0,-732.409972299169,-100.0,0.0,3.7999999999999996e-08,0,1,33.94736842105263,0
PPO-QP-no-penalty,20260805,257,49,24765,0,0,0,0.0,-100.0,-100.0,0.0,1.9900699606741532e-11,97.6381556687681,30.0,57,92,30.0,125.0,4,-100.0,19.0,-732.409972299169,-100.0,0.0,3.7999999999999996e-08,0,1,33.94736842105263,0
PPO-QP-no-penalty,20260805,258,49,24861,0,0,0,0.0,-100.0,-100.0,0.0,1.991893316954929e-11,87.01349732194478,30.0,60,92,30.0,125.0,4,-100.0,19.0,-732.409972299169,-100.0,0.0,3.7999999999999996e-08,0,1,33.94736842105263,0
PPO-QP-no-penalty,20260805,259,49,24957,0,0,0,0.0,-100.0,-100.0,0.0,1.9946118830678945e-11,106.49212326251488,30.0,33,92,30.0,125.0,4,-100.0,19.0,-732.409972299169,-100.0,0.0,3.7999999999999996e-08,0,1,33.94736842105263,0
PPO-QP-no-penalty,20260805,260,49,25053,0,0,0,0.0,-100.0,-100.0,0.0,1.9867156068424188e-11,83.44779529038792,30.0,14,92,30.0,125.0,4,-100.0,19.0,-732.409972299169,-100.0,0.0,3.7999999999999996e-08,0,1,33.94736842105263,0
PPO-QP-no-penalty,20260805,261,50,25149,0,0,0,0.0,-100.0,-100.0,0.0,1.999334031665967e-11,106.49212326251488,30.0,33,92,30.0,125.0,4,-100.0,19.0,-732.409972299169,-100.0,0.0,3.7999999999999996e-08,0,1,33.94736842105263,0
PPO-QP-no-penalty,20260805,262,50,25245,0,0,0,0.0,-100.0,-100.0,0.0,0.0,93.58051686509125,30.0,76,92,30.0,125.0,4,-100.0,19.0,-732.409972299169,-100.0,0.0,3.7999999999999996e-08,0,1,33.94736842105263,0
PPO-QP-no-penalty,20260805,263,50,25341,0,0,0,0.0,-100.0,-100.0,0.0,1.986193802020845e-11,88.20043028629402,30.0,48,92,30.0,125.0,4,-100.0,19.0,-732.409972299169,-100.0,0.0,3.7999999999999996e-08,0,1,33.94736842105263,0
PPO-QP-no-penalty,20260805,264,50,25437,0,0,0,0.0,-100.0,-100.0,0.0,1.9964071136987135e-11,102.40925487505093,30.0,131,92,30.0,125.0,4,-100.0,19.0,-732.409972299169,-100.0,0.0,3.7999999999999996e-08,0,1,33.94736842105263,0
PPO-QP-no-penalty,20260805,265,50,25533,0,0,0,0.0,-100.0,-100.0,0.0,2.006566024448375e-11,97.7759754231541,30.0,122,92,30.0,125.0,4,-100.0,19.0,-732.409972299169,-100.0,0.0,3.7999999999999996e-08,0,1,33.94736842105263,0
PPO-QP-no-penalty,20260805,266,51,25629,0,0,0,0.0,-100.0,-100.0,0.0,1.989333512734485e-11,97.7759754231541,30.0,122,92,30.0,125.0,4,-100.0,19.0,-732.409972299169,-100.0,0.0,3.7999999999999996e-08,0,1,33.94736842105263,0
PPO-QP-no-penalty,20260805,267,51,25725,0,0,0,0.0,-100.0,-100.0,0.0,1.9967753376685474e-11,101.10748378887497,30.0,110,92,30.0,125.0,4,-100.0,19.0,-732.409972299169,-100.0,0.0,3.7999999999999996e-08,0,1,33.94736842105263,0
PPO-QP-no-penalty,20260805,268,51,25821,0,0,0,0.0,-100.0,-100.0,0.0,2.0059868581038624e-11,94.29020215225974,30.0,81,92,30.0,125.0,4,-100.0,19.0,-732.409972299169,-100.0,0.0,3.7999999999999996e-08,0,1,33.94736842105263,0
PPO-QP-no-penalty,20260805,269,51,25917,0,0,0,0.0,-100.0,-100.0,0.0,1.9923784844166903e-11,110.25536271311508,30.0,196,92,30.0,125.0,4,-100.0,19.0,-732.409972299169,-100.0,0.0,3.7999999999999996e-08,0,1,33.94736842105263,0
PPO-QP-no-penalty,20260805,270,51,26013,0,0,0,0.0,-100.0,-100.0,0.0,1.9939087418189654e-11,95.98847543410712,30.0,71,92,30.0,125.0,4,-100.0,19.0,-732.409972299169,-100.0,0.0,3.7999999999999996e-08,0,1,33.94736842105263,0
PPO-QP-no-penalty,20260805,271,51,26109,0,0,0,0.0,-100.0,-100.0,0.0,2.0093323301513997e-11,89.55801861089178,30.0,102,92,30.0,125.0,4,-100.0,19.0,-732.409972299169,-100.0,0.0,3.7999999999999996e-08,0,1,33.94736842105263,0
PPO-QP-no-penalty,20260805,272,52,26205,0,0,0,0.0,-100.0,-100.0,0.0,2.004374444197765e-11,99.1738371645239,30.0,108,92,30.0,125.0,4,-100.0,19.0,-732.409972299169,-100.0,0.0,3.7999999999999996e-08,0,1,33.94736842105263,0
PPO-QP-no-penalty,20260805,273,52,26301,0,0,0,0.0,-100.0,-100.0,0.0,1.992466932184319e-11,81.88761466839229,30.0,41,92,30.0,125.0,4,-100.0,19.0,-732.409972299169,-100.0,0.0,3.7999999999999996e-08,0,1,33.94736842105263,0
PPO-QP-no-penalty,20260805,274,52,26397,0,0,0,0.0,-100.0,-100.0,0.0,1.997893332254345e-11,109.23909068749569,30.0,157,92,30.0,125.0,4,-100.0,19.0,-732.409972299169,-100.0,0.0,3.7999999999999996e-08,0,1,33.94736842105263,0
PPO-QP-no-penalty,20260805,275,52,26493,0,0,0,0.0,-100.0,-100.0,0.0,1.9978374510287723e-11,108.13271811924119,30.0,232,92,30.0,125.0,4,-100.0,19.0,-732.409972299169,-100.0,0.0,3.7999999999999996e-08,0,1,43.629242928869125,0
PPO-QP-no-penalty,20260805,276,52,26589,0,0,0,0.0,-100.0,-100.0,0.0,2.0026513780635467e-11,113.6679028833153,30.0,168,92,30.0,125.0,4,-100.0,19.0,-732.409972299169,-100.0,0.0,3.7999999999999996e-08,0,1,33.94736842105263,0
PPO-QP-no-penalty,20260805,277,53,26685,0,0,0,0.0,-100.0,-100.0,0.0,2.0122366735838188e-11,103.60264311293285,30.0,198,92,30.0,125.0,4,-100.0,19.0,-732.409972299169,-100.0,0.0,3.7999999999999996e-08,0,1,33.94736842105263,0
PPO-QP-no-penalty,20260805,278,53,26781,0,0,0,0.0,-100.0,-100.0,0.0,2.0063469404381824e-11,83.04178651529132,30.0,55,92,30.0,125.0,4,-100.0,19.0,-732.409972299169,-100.0,0.0,3.7999999999999996e-08,0,1,33.94736842105263,0
PPO-QP-no-penalty,20260805,279,53,26877,0,0,0,0.0,-100.0,-100.0,0.0,0.0,103.76593309393455,30.0,130,92,30.0,125.0,4,-100.0,19.0,-732.409972299169,-100.0,0.0,3.7999999999999996e-08,0,1,33.94736842105263,0
PPO-QP-no-penalty,20260805,280,53,26973,0,0,0,0.0,-100.0,-100.0,0.0,1.989461188382317e-11,112.63083730657955,30.0,166,92,30.0,125.0,4,-100.0,19.0,-732.409972299169,-100.0,0.0,3.7999999999999996e-08,0,1,33.94736842105263,0
PPO-QP-no-penalty,20260805,281,53,27069,0,0,0,0.0,-100.0,-100.0,0.0,1.9852900804788e-11,96.25561346436216,30.0,8,92,30.0,125.0,4,-100.0,19.0,-732.409972299169,-100.0,0.0,3.7999999999999996e-08,0,1,33.94736842105263,0
PPO-QP-no-penalty,20260805,282,54,27165,0,0,0,0.0,-100.0,-100.0,0.0,1.9911180112093993e-11,107.24698631088836,30.0,156,92,30.0,125.0,4,-100.0,19.0,-732.409972299169,-100.0,0.0,3.7999999999999996e-08,0,1,33.94736842105263,0
PPO-QP-no-penalty,20260805,283,54,27261,0,0,0,0.0,-100.0,-100.0,0.0,1.9920739132336016e-11,106.78624934180647,30.0,218,92,30.0,125.0,4,-100.0,19.0,-732.409972299169,-100.0,0.0,3.7999999999999996e-08,0,1,33.94736842105263,0
PPO-QP-no-penalty,20260805,284,54,27357,0,0,0,0.0,-100.0,-100.0,0.0,1.9928040699094634e-11,98.93643937105452,30.0,191,92,30.0,125.0,4,-100.0,19.0,-732.409972299169,-100.0,0.0,3.7999999999999996e-08,0,1,33.94736842105263,0
PPO-QP-no-penalty,20260805,285,54,27453,0,0,0,0.0,-100.0,-100.0,0.0,2.0071762770375775e-11,93.90241884913648,30.0,99,92,30.0,125.0,4,-100.0,19.0,-732.409972299169,-100.0,0.0,3.7999999999999996e-08,0,1,33.94736842105263,0
PPO-QP-no-penalty,20260805,286,54,27549,0,0,0,0.0,-100.0,-100.0,0.0,2.006202611444981e-11,98.39027437785774,30.0,5,92,30.0,125.0,4,-100.0,19.0,-732.409972299169,-100.0,0.0,3.7999999999999996e-08,0,1,33.94736842105263,0
PPO-QP-no-penalty,20260805,287,54,27645,0,0,0,0.0,-100.0,-100.0,0.0,1.9834996608144213e-11,96.58075138170044,30.0,179,92,30.0,125.0,4,-100.0,19.0,-732.409972299169,-100.0,0.0,3.7999999999999996e-08,0,1,33.94736842105263,0
PPO-QP-no-penalty,20260805,288,55,27741,0,0,0,0.0,-100.0,-100.0,0.0,1.9929284148882212e-11,100.43147422329041,30.0,118,92,30.0,125.0,4,-100.0,19.0,-732.409972299169,-100.0,0.0,3.7999999999999996e-08,0,1,33.94736842105263,0
PPO-QP-no-penalty,20260805,289,55,27837,0,0,0,0.0,-100.0,-100.0,0.0,1.9904111692170544e-11,93.65825683373826,30.0,147,92,30.0,125.0,4,-100.0,19.0,-732.409972299169,-100.0,0.0,3.7999999999999996e-08,0,1,33.94736842105263,0
PPO-QP-no-penalty,20260805,290,55,27933,0,0,0,0.0,-100.0,-100.0,0.0,1.9978381911774552e-11,97.7759754231541,30.0,122,92,30.0,125.0,4,-100.0,19.0,-732.409972299169,-100.0,0.0,3.7999999999999996e-08,0,1,63.5057502070752,0
PPO-QP-no-penalty,20260805,291,55,28028,0,0,0,0.0,-100.0,-21.05263157894737,0.0,1.9859055141087842e-11,115.44231036526695,30.0,227,91,25.0,125.0,5,-100.0,0.0,-842.1052631578948,-21.05263157894737,-78.94736842105263,3.7999999999999996e-08,0,1,10.571314322619294,0
PPO-QP-no-penalty,20260805,291,55,28029,0,0,0,0.0,-100.0,-100.0,0.0,1.9859055141087842e-11,106.52560817321435,30.0,227,92,30.0,125.0,4,-100.0,19.0,-732.409972299169,-100.0,0.0,3.7999999999999996e-08,0,1,33.94736842105263,0
PPO-QP-no-penalty,20260805,292,55,28125,0,0,0,0.0,-100.0,-100.0,0.0,1.994634087528387e-11,101.21404399016883,30.0,40,92,30.0,125.0,4,-100.0,19.0,-732.409972299169,-100.0,0.0,3.7999999999999996e-08,0,1,33.94736842105263,0
PPO-QP-no-penalty,20260805,293,56,28223,0,0,0,0.0,-100.0,-100.0,0.0,1.990992185933275e-11,104.2174538797968,30.0,226,94,77.5,125.0,2,-100.0,100.0,-310.80332409972306,-100.0,0.0,3.7999999999999996e-08,0,1,9.069251071939021,0
PPO-QP-no-penalty,20260805,294,56,28317,0,0,0,0.0,-100.0,-100.0,0.0,1.4802973661668754e-17,98.93233912322364,30.0,128,92,30.0,125.0,4,-100.0,19.0,-732.409972299169,-100.0,0.0,3.7999999999999996e-08,0,1,33.94736842105263,0
PPO-QP-no-penalty,20260805,295,56,28413,0,0,0,0.0,-100.0,-100.0,0.0,2.0067051724007947e-11,84.83495531338835,30.0,21,92,30.0,125.0,4,-100.0,19.0,-732.409972299169,-100.0,0.0,3.7999999999999996e-08,0,1,33.94736842105263,0
PPO-QP-no-penalty,20260805,296,56,28509,0,0,0,0.0,-100.0,-100.0,0.0,2.0018372145121552e-11,93.21260719239173,30.0,66,92,30.0,125.0,4,-100.0,19.0,-732.409972299169,-100.0,0.0,3.7999999999999996e-08,0,1,33.94736842105263,0
PPO-QP-no-penalty,20260805,297,56,28605,0,0,0,0.0,-100.0,-100.0,0.0,1.9963297681613312e-11,106.53263417041393,30.0,236,92,30.0,125.0,4,-100.0,19.0,-732.409972299169,-100.0,0.0,3.7999999999999996e-08,0,1,33.94736842105263,0
PPO-QP-no-penalty,20260805,298,57,28701,0,0,0,0.0,-100.0,-100.0,0.0,1.9910961768232482e-11,100.54978970845178,30.0,29,92,30.0,125.0,4,-100.0,19.0,-732.409972299169,-100.0,0.0,3.7999999999999996e-08,0,1,33.94736842105263,0
PPO-QP-no-penalty,20260805,299,57,28797,0,0,0,0.0,-100.0,-100.0,0.0,0.0,73.4818515278711,30.0,56,92,30.0,125.0,4,-100.0,19.0,-732.409972299169,-100.0,0.0,3.7999999999999996e-08,0,1,33.94736842105263,0
PPO-QP-no-penalty,20260805,300,57,28893,0,0,0,0.0,-100.0,-100.0,0.0,2.0016366342190394e-11,87.04250902822423,30.0,70,92,30.0,125.0,4,-100.0,19.0,-732.409972299169,-100.0,0.0,3.7999999999999996e-08,0,1,33.94736842105263,0
PPO-QP-no-penalty,20260805,301,57,28989,0,0,0,0.0,-100.0,-100.0,0.0,1.9881403930573545e-11,113.11894463632069,30.0,200,92,30.0,125.0,4,-100.0,19.0,-732.409972299169,-100.0,0.0,3.7999999999999996e-08,0,1,33.94736842105263,0
PPO-QP-no-penalty,20260805,302,57,29085,0,0,0,0.0,-100.0,-100.0,0.0,2.0069368389386e-11,84.83495531338835,30.0,21,92,30.0,125.0,4,-100.0,19.0,-732.409972299169,-100.0,0.0,3.7999999999999996e-08,0,1,33.94736842105263,0
PPO-QP-no-penalty,20260805,303,57,29181,0,0,0,0.0,-100.0,-100.0,0.0,1.996522206818933e-11,117.29831760304205,30.0,210,92,30.0,125.0,4,-100.0,19.0,-732.409972299169,-100.0,0.0,3.7999999999999996e-08,0,1,33.94736842105263,0
PPO-QP-no-penalty,20260805,304,58,29277,0,0,0,0.0,-100.0,-100.0,0.0,2.023169039707303e-11,85.8202729697167,30.0,61,92,30.0,125.0,4,-100.0,19.0,-732.409972299169,-100.0,0.0,3.7999999999999996e-08,0,1,33.94736842105263,0
PPO-QP-no-penalty,20260805,305,58,29373,0,0,0,0.0,-100.0,-100.0,0.0,2.0019426856994946e-11,89.04411420168975,30.0,119,92,30.0,125.0,4,-100.0,19.0,-732.409972299169,-100.0,0.0,3.7999999999999996e-08,0,1,33.94736842105263,0
PPO-QP-no-penalty,20260805,306,58,29469,0,0,0,0.0,-100.0,-100.0,0.0,1.9967553536541043e-11,110.34769251483871,30.0,219,92,30.0,125.0,4,-100.0,19.0,-732.409972299169,-100.0,0.0,3.7999999999999996e-08,0,1,33.94736842105263,0
PPO-QP-no-penalty,20260805,307,58,29565,0,0,0,0.0,-100.0,-100.0,0.0,2.021688742341136e-11,96.85699797452907,30.0,26,92,30.0,125.0,4,-100.0,19.0,-732.409972299169,-100.0,0.0,3.7999999999999996e-08,0,1,33.94736842105263,0
PPO-QP-no-penalty,20260805,308,58,29661,0,0,0,0.0,-100.0,-100.0,0.0,1.998708976103103e-11,102.9635056064629,30.0,189,92,30.0,125.0,4,-100.0,19.0,-732.409972299169,-100.0,0.0,3.7999999999999996e-08,0,1,33.94736842105263,0
PPO-QP-no-penalty,20260805,309,59,29757,0,0,0,0.0,-100.0,-100.0,0.0,2.0303277577700857e-11,91.03882991970426,30.0,95,92,30.0,125.0,4,-100.0,19.0,-732.409972299169,-100.0,0.0,3.7999999999999996e-08,0,1,33.94736842105263,0
PPO-QP-no-penalty,20260805,310,59,29853,0,0,0,0.0,-100.0,-100.0,0.0,1.9934013698967116e-11,87.04250902822423,30.0,70,92,30.0,125.0,4,-100.0,19.0,-732.409972299169,-100.0,0.0,3.7999999999999996e-08,0,1,33.94736842105263,0
PPO-QP-no-penalty,20260805,311,59,29949,0,0,0,0.0,-100.0,-100.0,0.0,2.0083697667890495e-11,102.11370682986832,30.0,188,92,30.0,125.0,4,-100.0,19.0,-732.409972299169,-100.0,0.0,3.7999999999999996e-08,0,1,33.94736842105263,0
PPO-QP-no-penalty,20260805,312,59,30045,0,0,0,0.0,-100.0,-100.0,0.0,1.9988236991489808e-11,101.7500204535244,30.0,123,92,30.0,125.0,4,-100.0,19.0,-732.409972299169,-100.0,0.0,3.7999999999999996e-08,0,1,33.94736842105263,0
PPO-QP-no-penalty,20260805,313,59,30141,0,0,0,0.0,-100.0,-100.0,0.0,2.0046908577597833e-11,109.97109181636901,30.0,185,92,30.0,125.0,4,-100.0,19.0,-732.409972299169,-100.0,0.0,3.7999999999999996e-08,0,1,33.94736842105263,0
PPO-QP-no-penalty,20260805,314,60,30237,0,0,0,0.0,-100.0,-100.0,0.0,2.0086173465235408e-11,100.12765026961917,30.0,111,92,30.0,125.0,4,-100.0,19.0,-732.409972299169,-100.0,0.0,3.7999999999999996e-08,0,1,33.94736842105263,0
PPO-QP-no-penalty,20260805,315,60,30333,0,0,0,0.0,-100.0,-100.0,0.0,1.98944268466524e-11,99.05485532187399,30.0,36,92,30.0,125.0,4,-100.0,19.0,-732.409972299169,-100.0,0.0,3.7999999999999996e-08,0,1,33.94736842105263,0
PPO-QP-no-penalty,20260805,316,60,30429,0,0,0,0.0,-100.0,-100.0,0.0,2.008401593182422e-11,105.46954824232857,30.0,143,92,30.0,125.0,4,-100.0,19.0,-732.409972299169,-100.0,0.0,3.7999999999999996e-08,0,1,33.94736842105263,0
PPO-QP-no-penalty,20260805,317,60,30524,0,0,0,0.0,-100.0,-21.05263157894737,0.0,1.995661413900507e-11,94.87979522856257,30.0,224,91,25.0,125.0,5,-100.0,0.0,-842.1052631578948,-21.05263157894737,-78.94736842105263,3.7999999999999996e-08,0,1,16.87742784868979,0
PPO-QP-no-penalty,20260805,317,60,30525,0,0,0,0.0,-100.0,-100.0,0.0,1.995661413900507e-11,97.11329274490448,30.0,224,92,30.0,125.0,4,-100.0,19.0,-732.409972299169,-100.0,0.0,3.7999999999999996e-08,0,1,33.94736842105263,0
PPO-QP-no-penalty,20260805,318,60,30621,0,0,0,0.0,-100.0,-100.0,0.0,2.002430073607305e-11,73.4818515278711,30.0,56,92,30.0,125.0,4,-100.0,19.0,-732.409972299169,-100.0,0.0,3.7999999999999996e-08,0,1,33.94736842105263,0
PPO-QP-no-penalty,20260805,319,60,30717,0,0,0,0.0,-100.0,-100.0,0.0,2.0078398203319617e-11,98.93233912322364,30.0,128,92,30.0,125.0,4,-100.0,19.0,-732.409972299169,-100.0,0.0,3.7999999999999996e-08,0,1,33.94736842105263,0
PPO-QP-no-penalty,20260805,320,61,30813,0,0,0,0.0,-100.0,-100.0,0.0,1.9999050563749656e-11,88.20043028629402,30.0,48,92,30.0,125.0,4,-100.0,19.0,-732.409972299169,-100.0,0.0,3.7999999999999996e-08,0,1,33.94736842105263,0
PPO-QP-no-penalty,20260805,321,61,30909,0,0,0,0.0,-100.0,-100.0,0.0,1.9982782095695483e-11,102.62518138191051,30.0,134,92,30.0,125.0,4,-100.0,19.0,-732.409972299169,-100.0,0.0,3.7999999999999996e-08,0,1,33.94736842105263,0
PPO-QP-no-penalty,20260805,322,61,31005,0,0,0,0.0,-100.0,-100.0,0.0,0.0,105.07840638717109,30.0,239,92,30.0,125.0,4,-100.0,19.0,-732.409972299169,-100.0,0.0,3.7999999999999996e-08,0,1,33.94736842105263,0
PPO-QP-no-penalty,20260805,323,61,31101,0,0,0,0.0,-100.0,-100.0,0.0,2.002708739586486e-11,109.9284297131466,30.0,221,92,30.0,125.0,4,-100.0,19.0,-732.409972299169,-100.0,0.0,3.7999999999999996e-08,0,1,33.94736842105263,0
PPO-QP-no-penalty,20260805,324,61,31197,0,0,0,0.0,-100.0,-100.0,0.0,2.0012747015130115e-11,90.96640864829209,30.0,87,92,30.0,125.0,4,-100.0,19.0,-732.409972299169,-100.0,0.0,3.7999999999999996e-08,0,1,33.94736842105263,0
PPO-QP-no-penalty,20260805,325,62,31293,0,0,0,0.0,-100.0,-100.0,0.0,0.0,90.43588685788883,30.0,93,92,30.0,125.0,4,-100.0,19.0,-732.409972299169,-100.0,0.0,3.7999999999999996e-08,0,1,33.94736842105263,0
PPO-QP-no-penalty,20260805,326,62,31389,0,0,0,0.0,-100.0,-100.0,0.0,2.0024408057632097e-11,107.24698631088836,30.0,156,92,30.0,125.0,4,-100.0,19.0,-732.409972299169,-100.0,0.0,3.7999999999999996e-08,0,1,33.94736842105263,0
PPO-QP-no-penalty,20260805,327,62,31485,0,0,0,0.0,-100.0,-100.0,0.0,1.9898249714600524e-11,98.60021436873261,30.0,138,92,30.0,125.0,4,-100.0,19.0,-732.409972299169,-100.0,0.0,3.7999999999999996e-08,0,1,33.94736842105263,0
PPO-QP-no-penalty,20260805,328,62,31581,0,0,0,0.0,-100.0,-100.0,0.0,1.997725318503285e-11,87.04250902822423,30.0,70,92,30.0,125.0,4,-100.0,19.0,-732.409972299169,-100.0,0.0,3.7999999999999996e-08,0,1,33.94736842105263,0
PPO-QP-no-penalty,20260805,329,62,31677,0,0,0,0.0,-100.0,-100.0,0.0,1.9443757715009723e-11,97.11329274490448,30.0,224,92,30.0,125.0,4,-100.0,19.0,-732.409972299169,-100.0,0.0,3.7999999999999996e-08,0,1,33.94736842105263,0
PPO-QP-no-penalty,20260805,330,63,31773,0,0,0,0.0,-100.0,-100.0,0.0,1.9826547810926815e-11,101.10748378887497,30.0,110,92,30.0,125.0,4,-100.0,19.0,-732.409972299169,-100.0,0.0,3.7999999999999996e-08,0,1,33.94736842105263,0
PPO-QP-no-penalty,20260805,331,63,31869,0,0,0,0.0,-100.0,-100.0,0.0,1.9900581182952237e-11,112.50095741162527,30.0,230,92,30.0,125.0,4,-100.0,19.0,-732.409972299169,-100.0,0.0,3.7999999999999996e-08,0,1,33.94736842105263,0
PPO-QP-no-penalty,20260805,332,63,31965,0,0,0,0.0,-100.0,-100.0,0.0,2.016393718662357e-11,99.87102241438964,30.0,19,92,30.0,125.0,4,-100.0,19.0,-732.409972299169,-100.0,0.0,3.7999999999999996e-08,0,1,33.94736842105263,0
PPO-QP-no-penalty,20260805,333,63,32061,0,0,0,0.0,-100.0,-100.0,0.0,2.009270527736362e-11,92.24150315024411,30.0,69,92,30.0,125.0,4,-100.0,19.0,-732.409972299169,-100.0,0.0,3.7999999999999996e-08,0,1,33.94736842105263,0
PPO-QP-no-penalty,20260805,334,63,32157,0,0,0,0.0,-100.0,-100.0,0.0,2.0003380433545694e-11,112.16735870136588,30.0,181,92,30.0,125.0,4,-100.0,19.0,-732.409972299169,-100.0,0.0,3.7999999999999996e-08,0,1,33.94736842105263,0
PPO-QP-no-penalty,20260805,335,63,32253,0,0,0,0.0,-100.0,-100.0,0.0,2.0043152323031183e-11,110.95905457206057,30.0,193,92,30.0,125.0,4,-100.0,19.0,-732.409972299169,-100.0,0.0,3.7999999999999996e-08,0,1,33.94736842105263,0
PPO-QP-no-penalty,20260805,336,64,32349,0,0,0,0.0,-100.0,-100.0,0.0,1.999836962696122e-11,90.64375549933027,30.0,80,92,30.0,125.0,4,-100.0,19.0,-732.409972299169,-100.0,0.0,3.7999999999999996e-08,0,1,33.94736842105263,0
PPO-QP-no-penalty,20260805,337,64,32445,0,0,0,0.0,-100.0,-100.0,0.0,1.9805327748182813e-11,106.78624934180647,30.0,218,92,30.0,125.0,4,-100.0,19.0,-732.409972299169,-100.0,0.0,3.7999999999999996e-08,0,1,33.94736842105263,0
PPO-QP-no-penalty,20260805,338,64,32541,0,0,0,0.0,-100.0,-100.0,0.0,2.009918897982743e-11,104.96059298132022,30.0,58,92,30.0,125.0,4,-100.0,19.0,-732.409972299169,-100.0,0.0,3.7999999999999996e-08,0,1,33.94736842105263,0
PPO-QP-no-penalty,20260805,339,64,32637,0,0,0,0.0,-100.0,-100.0,0.0,1.9721739056658786e-11,95.64219345576147,30.0,149,92,30.0,125.0,4,-100.0,19.0,-732.409972299169,-100.0,0.0,3.7999999999999996e-08,0,1,33.94736842105263,0
PPO-QP-no-penalty,20260805,340,64,32733,0,0,0,0.0,-100.0,-100.0,0.0,2.0078701664279682e-11,103.71614153679448,30.0,125,92,30.0,125.0,4,-100.0,19.0,-732.409972299169,-100.0,0.0,3.7999999999999996e-08,0,1,33.94736842105263,0
PPO-QP-no-penalty,20260805,341,65,32829,0,0,0,0.0,-100.0,-100.0,0.0,1.998869588367332e-11,103.27932168487578,30.0,12,92,30.0,125.0,4,-100.0,19.0,-732.409972299169,-100.0,0.0,3.7999999999999996e-08,0,1,33.94736842105263,0
PPO-QP-no-penalty,20260805,342,65,32925,0,0,0,0.0,-100.0,-100.0,0.0,2.0085137257079093e-11,105.94011237910321,30.0,184,92,30.0,125.0,4,-100.0,19.0,-732.409972299169,-100.0,0.0,3.7999999999999996e-08,0,1,33.94736842105263,0
PPO-QP-no-penalty,20260805,343,65,33021,0,0,0,0.0,-100.0,-100.0,0.0,1.9939006001834515e-11,114.05868659417193,30.0,202,92,30.0,125.0,4,-100.0,19.0,-732.409972299169,-100.0,0.0,3.7999999999999996e-08,0,1,33.94736842105263,0
PPO-QP-no-penalty,20260805,344,65,33116,0,0,0,0.0,-100.0,-21.05263157894737,0.0,2.0105720791955643e-11,110.98957893569734,30.0,236,91,25.0,125.0,5,-100.0,0.0,-842.1052631578948,-21.05263157894737,-78.94736842105263,3.7999999999999996e-08,0,1,16.66513152328364,0
PPO-QP-no-penalty,20260805,344,65,33117,0,0,0,0.0,-100.0,-100.0,0.0,2.0105720791955643e-11,106.53263417041393,30.0,236,92,30.0,125.0,4,-100.0,19.0,-732.409972299169,-100.0,0.0,3.7999999999999996e-08,0,1,33.94736842105263,0
PPO-QP-no-penalty,20260805,345,65,33213,0,0,0,0.0,-100.0,-100.0,0.0,2.01512214322482e-11,101.5466799515969,30.0,16,92,30.0,125.0,4,-100.0,19.0,-732.409972299169,-100.0,0.0,3.7999999999999996e-08,0,1,33.94736842105263,0
PPO-QP-no-penalty,20260805,346,66,33309,0,0,0,0.0,-100.0,-100.0,0.0,1.996153982849099e-11,101.10748378887497,30.0,110,92,30.0,125.0,4,-100.0,19.0,-732.409972299169,-100.0,0.0,3.7999999999999996e-08,0,1,33.94736842105263,0
PPO-QP-no-penalty,20260805,347,66,33405,0,0,0,0.0,-100.0,-100.0,0.0,2.0050291057079525e-11,96.25561346436216,30.0,8,92,30.0,125.0,4,-100.0,19.0,-732.409972299169,-100.0,0.0,3.7999999999999996e-08,0,1,33.94736842105263,0
PPO-QP-no-penalty,20260805,348,66,33501,0,0,0,0.0,-100.0,-100.0,0.0,1.9918074597076916e-11,109.28789200484522,30.0,176,92,30.0,125.0,4,-100.0,19.0,-732.409972299169,-100.0,0.0,3.7999999999999996e-08,0,1,33.94736842105263,0
PPO-QP-no-penalty,20260805,349,66,33597,0,0,0,0.0,-100.0,-100.0,0.0,1.9892506160819796e-11,102.34785609960065,30.0,23,92,30.0,125.0,4,-100.0,19.0,-732.409972299169,-100.0,0.0,3.7999999999999996e-08,0,1,33.94736842105263,0
PPO-QP-no-penalty,20260805,350,66,33693,0,0,0,0.0,-100.0,-100.0,0.0,1.9913345046992012e-11,102.17123510480714,30.0,231,92,30.0,125.0,4,-100.0,19.0,-732.409972299169,-100.0,0.0,3.7999999999999996e-08,0,1,33.94736842105263,0
PPO-QP-no-penalty,20260805,351,66,33789,0,0,0,0.0,-100.0,-100.0,0.0,1.9865405616788696e-11,97.6381556687681,30.0,57,92,30.0,125.0,4,-100.0,19.0,-732.409972299169,-100.0,0.0,3.7999999999999996e-08,0,1,33.94736842105263,0
PPO-QP-no-penalty,20260805,352,67,33885,0,0,0,0.0,-100.0,-100.0,0.0,2.0000693693826103e-11,99.44808768061047,30.0,106,92,30.0,125.0,4,-100.0,19.0,-732.409972299169,-100.0,0.0,3.7999999999999996e-08,0,1,33.94736842105263,0
PPO-QP-no-penalty,20260805,353,67,33981,0,0,0,0.0,-100.0,-100.0,0.0,1.9841310076410915e-11,98.21813398146197,30.0,68,92,30.0,125.0,4,-100.0,19.0,-732.409972299169,-100.0,0.0,3.7999999999999996e-08,0,1,33.94736842105263,0
PPO-QP-no-penalty,20260805,354,67,34077,0,0,0,0.0,-100.0,-100.0,0.0,1.993250009491021e-11,108.22393721596258,30.0,209,92,30.0,125.0,4,-100.0,19.0,-732.409972299169,-100.0,0.0,3.7999999999999996e-08,0,1,33.94736842105263,0
PPO-QP-no-penalty,20260805,355,67,34173,0,0,0,0.0,-100.0,-100.0,0.0,2.013124852003519e-11,87.53223352510913,30.0,59,92,30.0,125.0,4,-100.0,19.0,-732.409972299169,-100.0,0.0,3.7999999999999996e-08,0,1,33.94736842105263,0
PPO-QP-no-penalty,20260805,356,67,34269,0,0,0,0.0,-100.0,-100.0,0.0,1.9972342298520592e-11,101.7500204535244,30.0,123,92,30.0,125.0,4,-100.0,19.0,-732.409972299169,-100.0,0.0,3.7999999999999996e-08,0,1,33.94736842105263,0
PPO-QP-no-penalty,20260805,357,68,34365,0,0,0,0.0,-100.0,-100.0,0.0,1.995585548660491e-11,109.97109181636901,30.0,185,92,30.0,125.0,4,-100.0,19.0,-732.409972299169,-100.0,0.0,3.7999999999999996e-08,0,1,33.94736842105263,0
PPO-QP-no-penalty,20260805,358,68,34461,0,0,0,0.0,-100.0,-100.0,0.0,1.9978200575347197e-11,70.68740403315702,30.0,7,92,30.0,125.0,4,-100.0,19.0,-732.409972299169,-100.0,0.0,3.7999999999999996e-08,0,1,33.94736842105263,0
PPO-QP-no-penalty,20260805,359,68,34557,0,0,0,0.0,-100.0,-100.0,0.0,1.991355598936669e-11,110.10922097309025,30.0,167,92,30.0,125.0,4,-100.0,19.0,-732.409972299169,-100.0,0.0,3.7999999999999996e-08,0,1,33.94736842105263,0
PPO-QP-no-penalty,20260805,360,68,34653,0,0,0,0.0,-100.0,-100.0,0.0,1.9885667186988105e-11,100.89617127432541,30.0,141,92,30.0,125.0,4,-100.0,19.0,-732.409972299169,-100.0,0.0,3.7999999999999996e-08,0,1,33.94736842105263,0
PPO-QP-no-penalty,20260805,361,68,34749,0,0,0,0.0,-100.0,-100.0,0.0,1.9999724099051264e-11,83.01996185755443,30.0,27,92,30.0,125.0,4,-100.0,19.0,-732.409972299169,-100.0,0.0,3.7999999999999996e-08,0,1,33.94736842105263,0
PPO-QP-no-penalty,20260805,362,69,34845,0,0,0,0.0,-100.0,-100.0,0.0,1.989039673707301e-11,101.7500204535244,30.0,123,92,30.0,125.0,4,-100.0,19.0,-732.409972299169,-100.0,0.0,3.7999999999999996e-08,0,1,33.94736842105263,0
PPO-QP-no-penalty,20260805,363,69,34941,0,0,0,0.0,-100.0,-100.0,0.0,2.0042756343485735e-11,110.10922097309025,30.0,167,92,30.0,125.0,4,-100.0,19.0,-732.409972299169,-100.0,0.0,3.7999999999999996e-08,0,1,33.94736842105263,0
PPO-QP-no-penalty,20260805,364,69,35037,0,0,0,0.0,-100.0,-100.0,0.0,1.9990072560223857e-11,89.4498133195773,30.0,82,92,30.0,125.0,4,-100.0,19.0,-732.409972299169,-100.0,0.0,3.7999999999999996e-08,0,1,33.94736842105263,0
PPO-QP-no-penalty,20260805,365,69,35133,0,0,0,0.0,-100.0,-100.0,0.0,0.0,109.76789593316256,30.0,195,92,30.0,125.0,4,-100.0,19.0,-732.409972299169,-100.0,0.0,3.7999999999999996e-08,0,1,33.94736842105263,0
PPO-QP-no-penalty,20260805,366,69,35229,0,0,0,0.0,-100.0,-100.0,0.0,1.9969829493741524e-11,94.14081101762508,30.0,115,92,30.0,125.0,4,-100.0,19.0,-732.409972299169,-100.0,0.0,3.7999999999999996e-08,0,1,33.94736842105263,0
PPO-QP-no-penalty,20260805,367,69,35325,0,0,0,0.0,-100.0,-100.0,0.0,0.0,105.07840638717109,30.0,239,92,30.0,125.0,4,-100.0,19.0,-732.409972299169,-100.0,0.0,3.7999999999999996e-08,0,1,33.94736842105263,0
PPO-QP-no-penalty,20260805,368,70,35421,0,0,0,0.0,-100.0,-100.0,0.0,1.9864310196737732e-11,105.49799693923116,30.0,228,92,30.0,125.0,4,-100.0,19.0,-732.409972299169,-100.0,0.0,3.7999999999999996e-08,0,1,33.94736842105263,0
PPO-QP-no-penalty,20260805,369,70,35517,0,0,0,0.0,-100.0,-100.0,0.0,2.007493060673937e-11,112.82024492984584,30.0,205,92,30.0,125.0,4,-100.0,19.0,-732.409972299169,-100.0,0.0,3.7999999999999996e-08,0,1,33.94736842105263,0
PPO-QP-no-penalty,20260805,370,70,35613,0,0,0,0.0,-100.0,-100.0,0.0,2.0157912376343272e-11,93.21260719239173,30.0,66,92,30.0,125.0,4,-100.0,19.0,-732.409972299169,-100.0,0.0,3.7999999999999996e-08,0,1,33.94736842105263,0
PPO-QP-no-penalty,20260805,371,70,35709,0,0,0,0.0,-100.0,-100.0,0.0,2.0028105100304098e-11,105.96302933422132,30.0,211,92,30.0,125.0,4,-100.0,19.0,-732.409972299169,-100.0,0.0,3.7999999999999996e-08,0,1,33.94736842105263,0
PPO-QP-no-penalty,20260805,372,70,35805,0,0,0,0.0,-100.0,-100.0,0.0,2.0060704949050508e-11,91.03882991970426,30.0,95,92,30.0,125.0,4,-100.0,19.0,-732.409972299169,-100.0,0.0,3.7999999999999996e-08,0,1,33.94736842105263,0
PPO-QP-no-penalty,20260805,373,71,35901,0,0,0,0.0,-100.0,-100.0,0.0,1.9975384309608064e-11,81.39778407810832,30.0,6,92,30.0,125.0,4,-100.0,19.0,-732.409972299169,-100.0,0.0,3.7999999999999996e-08,0,1,33.94736842105263,0
PPO-QP-no-penalty,20260805,374,71,35997,0,0,0,0.0,-100.0,-100.0,0.0,1.987922789344528e-11,105.33033672677433,30.0,183,92,30.0,125.0,4,-100.0,19.0,-732.409972299169,-100.0,0.0,3.7999999999999996e-08,0,1,33.94736842105263,0
PPO-QP-no-penalty,20260805,375,71,36093,0,0,0,0.0,-100.0,-100.0,0.0,1.9898782621652343e-11,103.92254966074705,30.0,229,92,30.0,125.0,4,-100.0,19.0,-732.409972299169,-100.0,0.0,3.7999999999999996e-08,0,1,33.94736842105263,0
PPO-QP-no-penalty,20260805,376,71,36189,0,0,0,0.0,-100.0,-100.0,0.0,2.0090810496734925e-11,98.93233912322364,30.0,128,92,30.0,125.0,4,-100.0,19.0,-732.409972299169,-100.0,0.0,3.7999999999999996e-08,0,1,33.94736842105263,0
PPO-QP-no-penalty,20260805,377,71,36285,0,0,0,0.0,-100.0,-100.0,0.0,1.9958953008843612e-11,114.98663326839446,30.0,182,92,30.0,125.0,4,-100.0,19.0,-732.409972299169,-100.0,0.0,3.7999999999999996e-08,0,1,33.94736842105263,0
PPO-QP-no-penalty,20260805,378,72,36381,0,0,0,0.0,-100.0,-100.0,0.0,1.9906013874286068e-11,99.1738371645239,30.0,108,92,30.0,125.0,4,-100.0,19.0,-732.409972299169,-100.0,0.0,3.7999999999999996e-08,0,1,33.94736842105263,0
PPO-QP-no-penalty,20260805,379,72,36477,0,0,0,0.0,-100.0,-100.0,0.0,1.9958812380593827e-11,88.96023354870242,30.0,72,92,30.0,125.0,4,-100.0,19.0,-732.409972299169,-100.0,0.0,3.7999999999999996e-08,0,1,33.94736842105263,0
PPO-QP-no-penalty,20260805,380,72,36573,0,0,0,0.0,-100.0,-100.0,0.0,2.0058243954679256e-11,93.19234625977204,30.0,43,92,30.0,125.0,4,-100.0,19.0,-732.409972299169,-100.0,0.0,3.7999999999999996e-08,0,1,33.94736842105263,0
PPO-QP-no-penalty,20260805,381,72,36669,0,0,0,0.0,-100.0,-100.0,0.0,1.986692292158902e-11,97.38139037467363,30.0,112,92,30.0,125.0,4,-100.0,19.0,-732.409972299169,-100.0,0.0,3.7999999999999996e-08,0,1,33.94736842105263,0
PPO-QP-no-penalty,20260805,382,72,36765,0,0,0,0.0,-100.0,-100.0,0.0,2.0009301623010363e-11,102.62518138191051,30.0,134,92,30.0,125.0,4,-100.0,19.0,-732.409972299169,-100.0,0.0,3.7999999999999996e-08,0,1,33.94736842105263,0
PPO-QP-no-penalty,20260805,383,72,36861,0,0,0,0.0,-100.0,-100.0,0.0,2.01828109780422e-11,100.83889927295647,30.0,31,92,30.0,125.0,4,-100.0,19.0,-732.409972299169,-100.0,0.0,3.7999999999999996e-08,0,1,33.94736842105263,0
PPO-QP-no-penalty,20260805,384,73,36957,0,0,0,0.0,-100.0,-100.0,0.0,1.9906487569443244e-11,97.11329274490448,30.0,224,92,30.0,125.0,4,-100.0,19.0,-732.409972299169,-100.0,0.0,3.7999999999999996e-08,0,1,33.94736842105263,0
PPO-QP-no-penalty,20260805,385,73,37053,0,0,0,0.0,-100.0,-100.0,0.0,1.998795943573365e-11,103.56165061739479,30.0,235,92,30.0,125.0,4,-100.0,19.0,-732.409972299169,-100.0,0.0,3.7999999999999996e-08,0,1,33.94736842105263,0
PPO-QP-no-penalty,20260805,386,73,37149,0,0,0,0.0,-100.0,-100.0,0.0,2.0159211337282082e-11,83.30942638550725,30.0,49,92,30.0,125.0,4,-100.0,19.0,-732.409972299169,-100.0,0.0,3.7999999999999996e-08,0,1,33.94736842105263,0
PPO-QP-no-penalty,20260805,387,73,37245,0,0,0,0.0,-100.0,-100.0,0.0,2.0099888420332947e-11,100.48692081466652,30.0,32,92,30.0,125.0,4,-100.0,19.0,-732.409972299169,-100.0,0.0,3.7999999999999996e-08,0,1,33.94736842105263,0
PPO-QP-no-penalty,20260805,388,73,37341,0,0,0,0.0,-100.0,-100.0,0.0,2.0241149497242836e-11,91.03882991970426,30.0,95,92,30.0,125.0,4,-100.0,19.0,-732.409972299169,-100.0,0.0,3.7999999999999996e-08,0,1,33.94736842105263,0
PPO-QP-no-penalty,20260805,389,74,37437,0,0,0,0.0,-100.0,-100.0,0.0,0.0,103.27932168487578,30.0,12,92,30.0,125.0,4,-100.0,19.0,-732.409972299169,-100.0,0.0,3.7999999999999996e-08,0,1,33.94736842105263,0
PPO-QP-no-penalty,20260805,390,74,37533,0,0,0,0.0,-100.0,-100.0,0.0,1.9883776107102828e-11,109.9284297131466,30.0,221,92,30.0,125.0,4,-100.0,19.0,-732.409972299169,-100.0,0.0,3.7999999999999996e-08,0,1,63.66496239712889,0
PPO-QP-no-penalty,20260805,391,74,37629,0,0,0,0.0,-100.0,-100.0,0.0,9.653651951898231e-12,115.3687027071826,30.0,164,92,30.0,125.0,4,-100.0,19.0,-732.409972299169,-100.0,0.0,3.7999999999999996e-08,0,1,33.94736842105263,0
PPO-QP-no-penalty,20260805,392,74,37725,0,0,0,0.0,-100.0,-100.0,0.0,1.9852915607761663e-11,92.88476102773205,30.0,105,92,30.0,125.0,4,-100.0,19.0,-732.409972299169,-100.0,0.0,3.7999999999999996e-08,0,1,33.94736842105263,0
PPO-QP-no-penalty,20260805,393,74,37821,0,0,0,0.0,-100.0,-100.0,0.0,2.0106671883013404e-11,110.00887532212714,30.0,215,92,30.0,125.0,4,-100.0,19.0,-732.409972299169,-100.0,0.0,3.7999999999999996e-08,0,1,33.94736842105263,0
PPO-QP-no-penalty,20260805,394,75,37917,0,0,0,0.0,-100.0,-100.0,0.0,2.0142846649899108e-11,85.8202729697167,30.0,61,92,30.0,125.0,4,-100.0,19.0,-732.409972299169,-100.0,0.0,3.7999999999999996e-08,0,1,33.94736842105263,0
PPO-QP-no-penalty,20260805,395,75,38013,0,0,0,0.0,-100.0,-100.0,0.0,1.9754187174925163e-11,99.69693547047898,30.0,137,92,30.0,125.0,4,-100.0,19.0,-732.409972299169,-100.0,0.0,3.7999999999999996e-08,0,1,33.94736842105263,0
PPO-QP-no-penalty,20260805,396,75,38109,0,0,0,0.0,-100.0,-100.0,0.0,1.999121608993922e-11,96.32255108936515,30.0,15,92,30.0,125.0,4,-100.0,19.0,-732.409972299169,-100.0,0.0,3.7999999999999996e-08,0,1,33.94736842105263,0
PPO-QP-no-penalty,20260805,397,75,38205,0,0,0,0.0,-100.0,-100.0,0.0,0.0,88.96023354870242,30.0,72,92,30.0,125.0,4,-100.0,19.0,-732.409972299169,-100.0,0.0,3.7999999999999996e-08,0,1,33.94736842105263,0
PPO-QP-no-penalty,20260805,398,75,38301,0,0,0,0.0,-100.0,-100.0,0.0,0.0,109.23909068749569,30.0,157,92,30.0,125.0,4,-100.0,19.0,-732.409972299169,-100.0,0.0,3.7999999999999996e-08,0,1,33.94736842105263,0
PPO-QP-no-penalty,20260805,399,75,38397,0,0,0,0.0,-100.0,-100.0,0.0,1.9857826494273922e-11,98.04912306783665,30.0,136,92,30.0,125.0,4,-100.0,19.0,-732.409972299169,-100.0,0.0,3.7999999999999996e-08,0,1,33.94736842105263,0
PPO-QP-no-penalty,20260805,400,76,38493,0,0,0,0.0,-100.0,-100.0,0.0,2.0002525561816735e-11,99.96667633583264,30.0,97,92,30.0,125.0,4,-100.0,19.0,-732.409972299169,-100.0,0.0,3.7999999999999996e-08,0,1,33.94736842105263,0
PPO-QP-no-penalty,20260805,401,76,38589,0,0,0,0.0,-100.0,-100.0,0.0,2.008680999310286e-11,91.03882991970426,30.0,95,92,30.0,125.0,4,-100.0,19.0,-732.409972299169,-100.0,0.0,3.7999999999999996e-08,0,1,33.94736842105263,0
PPO-QP-no-penalty,20260805,402,76,38685,0,0,0,0.0,-100.0,-100.0,0.0,1.9994402430019895e-11,96.25561346436216,30.0,8,92,30.0,125.0,4,-100.0,19.0,-732.409972299169,-100.0,0.0,3.7999999999999996e-08,0,1,33.94736842105263,0
PPO-QP-no-penalty,20260805,403,76,38781,0,0,0,0.0,-100.0,-100.0,0.0,1.9885596872863212e-11,99.44808768061047,30.0,106,92,30.0,125.0,4,-100.0,19.0,-732.409972299169,-100.0,0.0,3.7999999999999996e-08,0,1,33.94736842105263,0
PPO-QP-no-penalty,20260805,404,76,38877,0,0,0,0.0,-100.0,-100.0,0.0,1.9953264966214115e-11,91.86532092092294,30.0,121,92,30.0,125.0,4,-100.0,19.0,-732.409972299169,-100.0,0.0,3.7999999999999996e-08,0,1,33.94736842105263,0
PPO-QP-no-penalty,20260805,405,77,38973,0,0,0,0.0,-100.0,-100.0,0.0,1.9864746884460753e-11,114.05868659417193,30.0,202,92,30.0,125.0,4,-100.0,19.0,-732.409972299169,-100.0,0.0,3.7999999999999996e-08,0,1,33.94736842105263,0
PPO-QP-no-penalty,20260805,406,77,39069,0,0,0,0.0,-100.0,-100.0,0.0,2.0088349502363674e-11,102.10435203642338,30.0,53,92,30.0,125.0,4,-100.0,19.0,-732.409972299169,-100.0,0.0,3.7999999999999996e-08,0,1,33.94736842105263,0
PPO-QP-no-penalty,20260805,407,77,39165,0,0,0,0.0,-100.0,-100.0,0.0,1.9784688702155032e-11,94.86775162328135,30.0,67,92,30.0,125.0,4,-100.0,19.0,-732.409972299169,-100.0,0.0,3.7999999999999996e-08,0,1,33.94736842105263,0
PPO-QP-no-penalty,20260805,408,77,39261,0,0,0,0.0,-100.0,-100.0,0.0,1.9967919910139168e-11,90.43588685788883,30.0,93,92,30.0,125.0,4,-100.0,19.0,-732.409972299169,-100.0,0.0,3.7999999999999996e-08,0,1,33.94736842105263,0
PPO-QP-no-penalty,20260805,409,77,39357,0,0,0,0.0,-100.0,-100.0,0.0,1.987760326708591e-11,94.11350934331959,30.0,103,92,30.0,125.0,4,-100.0,19.0,-732.409972299169,-100.0,0.0,3.7999999999999996e-08,0,1,33.94736842105263,0
PPO-QP-no-penalty,20260805,410,78,39453,0,0,0,0.0,-100.0,-100.0,0.0,1.9904385547183286e-11,103.35487004591415,30.0,223,92,30.0,125.0,4,-100.0,19.0,-732.409972299169,-100.0,0.0,3.7999999999999996e-08,0,1,33.94736842105263,0
PPO-QP-no-penalty,20260805,411,78,39549,0,0,0,0.0,-100.0,-100.0,0.0,2.0082679963451257e-11,91.03882991970426,30.0,95,92,30.0,125.0,4,-100.0,19.0,-732.409972299169,-100.0,0.0,3.7999999999999996e-08,0,1,33.94736842105263,0
PPO-QP-no-penalty,20260805,412,78,39645,0,0,0,0.0,-100.0,-100.0,0.0,2.0018172304977117e-11,95.06128279232206,30.0,126,92,30.0,125.0,4,-100.0,19.0,-732.409972299169,-100.0,0.0,3.7999999999999996e-08,0,1,33.94736842105263,0
PPO-QP-no-penalty,20260805,413,78,39741,0,0,0,0.0,-100.0,-100.0,0.0,2.000613748739018e-11,87.56950904514152,30.0,98,92,30.0,125.0,4,-100.0,19.0,-732.409972299169,-100.0,0.0,3.7999999999999996e-08,0,1,33.94736842105263,0
PPO-QP-no-penalty,20260805,414,78,39837,0,0,0,0.0,-100.0,-100.0,0.0,1.9895448251835053e-11,104.06273500373985,30.0,192,92,30.0,125.0,4,-100.0,19.0,-732.409972299169,-100.0,0.0,3.7999999999999996e-08,0,1,33.94736842105263,0
PPO-QP-no-penalty,20260805,415,78,39933,0,0,0,0.0,-100.0,-100.0,0.0,2.590520390792032e-17,109.81392204466715,30.0,163,92,30.0,125.0,4,-100.0,19.0,-732.409972299169,-100.0,0.0,3.7999999999999996e-08,0,1,33.94736842105263,0
PPO-QP-no-penalty,20260805,416,79,40029,0,0,0,0.0,-100.0,-100.0,0.0,2.0013498266043448e-11,73.4818515278711,30.0,56,92,30.0,125.0,4,-100.0,19.0,-732.409972299169,-100.0,0.0,3.7999999999999996e-08,0,1,33.94736842105263,0
PPO-QP-no-penalty,20260805,417,79,40125,0,0,0,0.0,-100.0,-100.0,0.0,1.9866819300773386e-11,103.76593309393455,30.0,130,92,30.0,125.0,4,-100.0,19.0,-732.409972299169,-100.0,0.0,3.7999999999999996e-08,0,1,33.94736842105263,0
PPO-QP-no-penalty,20260805,418,79,40221,0,0,0,0.0,-100.0,-100.0,0.0,1.994167423783703e-11,105.07840638717109,30.0,239,92,30.0,125.0,4,-100.0,19.0,-732.409972299169,-100.0,0.0,3.7999999999999996e-08,0,1,33.94736842105263,0
PPO-QP-no-penalty,20260805,419,79,40317,0,0,0,0.0,-100.0,-100.0,0.0,1.982830566404914e-11,97.57557280168987,30.0,75,92,30.0,125.0,4,-100.0,19.0,-732.409972299169,-100.0,0.0,3.7999999999999996e-08,0,1,33.94736842105263,0
PPO-QP-no-penalty,20260805,420,79,40413,0,0,0,0.0,-100.0,-100.0,0.0,2.0118599379041295e-11,103.71614153679448,30.0,125,92,30.0,125.0,4,-100.0,19.0,-732.409972299169,-100.0,0.0,3.7999999999999996e-08,0,1,33.94736842105263,0
PPO-QP-no-penalty,20260805,421,80,40509,0,0,0,0.0,-100.0,-100.0,0.0,1.983218034240508e-11,98.64165448582102,30.0,142,92,30.0,125.0,4,-100.0,19.0,-732.409972299169,-100.0,0.0,3.7999999999999996e-08,0,1,33.94736842105263,0
PPO-QP-no-penalty,20260805,422,80,40605,0,0,0,0.0,-100.0,-100.0,0.0,1.995693610368221e-11,104.42171889899856,30.0,154,92,30.0,125.0,4,-100.0,19.0,-732.409972299169,-100.0,0.0,3.7999999999999996e-08,0,1,33.94736842105263,0
PPO-QP-no-penalty,20260805,423,80,40701,0,0,0,0.0,-100.0,-100.0,0.0,2.0009438550516734e-11,70.68740403315702,30.0,7,92,30.0,125.0,4,-100.0,19.0,-732.409972299169,-100.0,0.0,3.7999999999999996e-08,0,1,33.94736842105263,0
PPO-QP-no-penalty,20260805,424,80,40797,0,0,0,0.0,-100.0,-100.0,0.0,1.9961647150050035e-11,98.64165448582102,30.0,142,92,30.0,125.0,4,-100.0,19.0,-732.409972299169,-100.0,0.0,3.7999999999999996e-08,0,1,33.94736842105263,0
PPO-QP-no-penalty,20260805,425,80,40893,0,0,0,0.0,-100.0,-100.0,0.0,1.9864406416066533e-11,102.9635056064629,30.0,189,92,30.0,125.0,4,-100.0,19.0,-732.409972299169,-100.0,0.0,3.7999999999999996e-08,0,1,33.94736842105263,0
PPO-QP-no-penalty,20260805,426,81,40989,0,0,0,0.0,-100.0,-100.0,0.0,1.9689457471846102e-11,93.58051686509125,30.0,76,92,30.0,125.0,4,-100.0,19.0,-732.409972299169,-100.0,0.0,3.7999999999999996e-08,0,1,33.94736842105263,0
PPO-QP-no-penalty,20260805,427,81,41085,0,0,0,0.0,-100.0,-100.0,0.0,2.003532154996416e-11,99.44808768061047,30.0,106,92,30.0,125.0,4,-100.0,19.0,-732.409972299169,-100.0,0.0,3.7999999999999996e-08,0,1,33.94736842105263,0
PPO-QP-no-penalty,20260805,428,81,41181,0,0,0,0.0,-100.0,-100.0,0.0,6.055841013837456e-12,115.3687027071826,30.0,164,92,30.0,125.0,4,-100.0,19.0,-732.409972299169,-100.0,0.0,3.7999999999999996e-08,0,1,33.94736842105263,0
PPO-QP-no-penalty,20260805,429,81,41277,0,0,0,0.0,-100.0,-100.0,0.0,1.9837387288390572e-11,91.86532092092294,30.0,121,92,30.0,125.0,4,-100.0,19.0,-732.409972299169,-100.0,0.0,3.7999999999999996e-08,0,1,33.94736842105263,0
PPO-QP-no-penalty,20260805,430,81,41373,0,0,0,0.0,-100.0,-100.0,0.0,2.0033819048137503e-11,94.29020215225974,30.0,81,92,30.0,125.0,4,-100.0,19.0,-732.409972299169,-100.0,0.0,3.7999999999999996e-08,0,1,33.94736842105263,0
PPO-QP-no-penalty,20260805,431,81,41469,0,0,0,0.0,-100.0,-100.0,0.0,1.9994213692105708e-11,103.27932168487578,30.0,12,92,30.0,125.0,4,-100.0,19.0,-732.409972299169,-100.0,0.0,3.7999999999999996e-08,0,1,33.94736842105263,0
PPO-QP-no-penalty,20260805,432,82,41565,0,0,0,0.0,-100.0,-100.0,0.0,1.988176290268484e-11,103.60264311293285,30.0,198,92,30.0,125.0,4,-100.0,19.0,-732.409972299169,-100.0,0.0,3.7999999999999996e-08,0,1,33.94736842105263,0
PPO-QP-no-penalty,20260805,433,82,41661,0,0,0,0.0,-100.0,-100.0,0.0,1.9848104641321623e-11,100.48692081466652,30.0,32,92,30.0,125.0,4,-100.0,19.0,-732.409972299169,-100.0,0.0,3.7999999999999996e-08,0,1,33.94736842105263,0
PPO-QP-no-penalty,20260805,434,82,41757,0,0,0,0.0,-100.0,-100.0,0.0,1.9934949987051218e-11,93.83291616695745,30.0,124,92,30.0,125.0,4,-100.0,19.0,-732.409972299169,-100.0,0.0,3.7999999999999996e-08,0,1,33.94736842105263,0
PPO-QP-no-penalty,20260805,435,82,41853,0,0,0,0.0,-100.0,-100.0,0.0,1.9932237342127716e-11,94.14081101762508,30.0,115,92,30.0,125.0,4,-100.0,19.0,-732.409972299169,-100.0,0.0,3.7999999999999996e-08,0,1,33.94736842105263,0
PPO-QP-no-penalty,20260805,436,82,41949,0,0,0,0.0,-100.0,-100.0,0.0,1.9933295754744524e-11,93.95418866591038,30.0,94,92,30.0,125.0,4,-100.0,19.0,-732.409972299169,-100.0,0.0,3.7999999999999996e-08,0,1,33.94736842105263,0
PPO-QP-no-penalty,20260805,437,83,42045,0,0,0,0.0,-100.0,-100.0,0.0,2.006265894157385e-11,95.85085952656725,30.0,3,92,30.0,125.0,4,-100.0,19.0,-732.409972299169,-100.0,0.0,3.7999999999999996e-08,0,1,33.94736842105263,0
PPO-QP-no-penalty,20260805,438,83,42141,0,0,0,0.0,-100.0,-100.0,0.0,1.995511163717841e-11,96.01676559852008,30.0,37,92,30.0,125.0,4,-100.0,19.0,-732.409972299169,-100.0,0.0,3.7999999999999996e-08,0,1,33.94736842105263,0
PPO-QP-no-penalty,20260805,439,83,42237,0,0,0,0.0,-100.0,-100.0,0.0,2.003911851270838e-11,77.39593317848316,30.0,42,92,30.0,125.0,4,-100.0,19.0,-732.409972299169,-100.0,0.0,3.7999999999999996e-08,0,1,33.94736842105263,0
PPO-QP-no-penalty,20260805,440,83,42333,0,0,0,0.0,-100.0,-100.0,0.0,1.9835633136011666e-11,109.00381953646375,30.0,159,92,30.0,125.0,4,-100.0,19.0,-732.409972299169,-100.0,0.0,3.7999999999999996e-08,0,1,33.94736842105263,0
PPO-QP-no-penalty,20260805,441,83,42429,0,0,0,0.0,-100.0,-100.0,0.0,0.0,100.69676510316452,30.0,2,92,30.0,125.0,4,-100.0,19.0,-732.409972299169,-100.0,0.0,3.7999999999999996e-08,0,1,33.94736842105263,0
PPO-QP-no-penalty,20260805,442,84,42525,0,0,0,0.0,-100.0,-100.0,0.0,2.0195659959180528e-11,104.96059298132022,30.0,58,92,30.0,125.0,4,-100.0,19.0,-732.409972299169,-100.0,0.0,3.7999999999999996e-08,0,1,33.94736842105263,0
PPO-QP-no-penalty,20260805,443,84,42621,0,0,0,0.0,-100.0,-100.0,0.0,2.004967303292915e-11,87.66406128442175,30.0,34,92,30.0,125.0,4,-100.0,19.0,-732.409972299169,-100.0,0.0,3.7999999999999996e-08,0,1,33.94736842105263,0
PPO-QP-no-penalty,20260805,444,84,42717,0,0,0,0.0,-100.0,-100.0,0.0,2.0196007829061577e-11,96.85699797452907,30.0,26,92,30.0,125.0,4,-100.0,19.0,-732.409972299169,-100.0,0.0,3.7999999999999996e-08,0,1,33.94736842105263,0
PPO-QP-no-penalty,20260805,445,84,42813,0,0,0,0.0,-100.0,-100.0,0.0,1.9892191597629485e-11,102.84941180769906,30.0,173,92,30.0,125.0,4,-100.0,19.0,-732.409972299169,-100.0,0.0,3.7999999999999996e-08,0,1,33.94736842105263,0
PPO-QP-no-penalty,20260805,446,84,42909,0,0,0,0.0,-100.0,-100.0,0.0,1.9723371084504986e-11,88.64779970570982,30.0,89,92,30.0,125.0,4,-100.0,19.0,-732.409972299169,-100.0,0.0,3.7999999999999996e-08,0,1,33.94736842105263,0
PPO-QP-no-penalty,20260805,447,84,43005,0,0,0,0.0,-100.0,-100.0,0.0,1.997362645648574e-11,108.22393721596258,30.0,209,92,30.0,125.0,4,-100.0,19.0,-732.409972299169,-100.0,0.0,3.7999999999999996e-08,0,1,33.94736842105263,0
PPO-QP-no-penalty,20260805,448,85,43101,0,0,0,0.0,-100.0,-100.0,0.0,2.015786426667887e-11,90.43588685788883,30.0,93,92,30.0,125.0,4,-100.0,19.0,-732.409972299169,-100.0,0.0,3.7999999999999996e-08,0,1,33.94736842105263,0
PPO-QP-no-penalty,20260805,449,85,43197,0,0,0,0.0,-100.0,-100.0,0.0,1.9979218279786436e-11,112.54618120928845,30.0,212,92,30.0,125.0,4,-100.0,19.0,-732.409972299169,-100.0,0.0,3.7999999999999996e-08,0,1,33.94736842105263,0
PPO-QP-no-penalty,20260805,450,85,43293,0,0,0,0.0,-100.0,-100.0,0.0,1.9925897968657105e-11,101.5466799515969,30.0,16,92,30.0,125.0,4,-100.0,19.0,-732.409972299169,-100.0,0.0,3.7999999999999996e-08,0,1,33.94736842105263,0
PPO-QP-no-penalty,20260805,451,85,43389,0,0,0,0.0,-100.0,-100.0,0.0,1.9845662150667447e-11,87.04250902822423,30.0,70,92,30.0,125.0,4,-100.0,19.0,-732.409972299169,-100.0,0.0,3.7999999999999996e-08,0,1,33.94736842105263,0
PPO-QP-no-penalty,20260805,452,85,43485,0,0,0,0.0,-100.0,-86.17295726687593,0.0,2.000705157101379e-11,109.9284297131466,30.0,221,92,33.28392264911697,125.0,4,-100.0,31.478906066644473,-718.582929566045,-86.17295726687593,-13.827042733124074,3.7999999999999996e-08,0,1,47.742054962141125,0
PPO-QP-no-penalty,20260805,453,86,43581,0,0,0,0.0,-100.0,-100.0,0.0,1.987194483040374e-11,110.34769251483871,30.0,219,92,30.0,125.0,4,-100.0,19.0,-732.409972299169,-100.0,0.0,3.7999999999999996e-08,0,1,33.94736842105263,0
PPO-QP-no-penalty,20260805,454,86,43677,0,0,0,0.0,-100.0,-100.0,0.0,2.0118921343718436e-11,87.01349732194478,30.0,60,92,30.0,125.0,4,-100.0,19.0,-732.409972299169,-100.0,0.0,3.7999999999999996e-08,0,1,33.94736842105263,0
PPO-QP-no-penalty,20260805,455,86,43773,0,0,0,0.0,-100.0,-100.0,0.0,2.007682908811148e-11,103.76593309393455,30.0,130,92,30.0,125.0,4,-100.0,19.0,-732.409972299169,-100.0,0.0,3.7999999999999996e-08,0,1,33.94736842105263,0
PPO-QP-no-penalty,20260805,456,86,43869,0,0,0,0.0,-100.0,-100.0,0.0,1.9775192594551073e-11,102.98408042338848,30.0,178,92,30.0,125.0,4,-100.0,19.0,-732.409972299169,-100.0,0.0,3.7999999999999996e-08,0,1,33.94736842105263,0
PPO-QP-no-penalty,20260805,457,86,43965,0,0,0,0.0,-100.0,-100.0,0.0,2.0128905949453233e-11,101.76595014465538,30.0,18,92,30.0,125.0,4,-100.0,19.0,-732.409972299169,-100.0,0.0,3.7999999999999996e-08,0,1,33.94736842105263,0
PPO-QP-no-penalty,20260805,458,87,44061,0,0,0,0.0,-100.0,-100.0,0.0,2.0072010720184608e-11,110.95905457206057,30.0,193,92,30.0,125.0,4,-100.0,19.0,-732.409972299169,-100.0,0.0,3.7999999999999996e-08,0,1,33.94736842105263,0
PPO-QP-no-penalty,20260805,459,87,44157,0,0,0,0.0,-100.0,-100.0,0.0,2.0075507922712178e-11,101.5466799515969,30.0,16,92,30.0,125.0,4,-100.0,19.0,-732.409972299169,-100.0,0.0,3.7999999999999996e-08,0,1,33.94736842105263,0
PPO-QP-no-penalty,20260805,460,87,44253,0,0,0,0.0,-100.0,-100.0,0.0,1.9645751692110026e-11,93.58051686509125,30.0,76,92,30.0,125.0,4,-100.0,19.0,-732.409972299169,-100.0,0.0,3.7999999999999996e-08,0,1,33.94736842105263,0
PPO-QP-no-penalty,20260805,461,87,44349,0,0,0,0.0,-100.0,-100.0,0.0,0.0,99.83051753648506,30.0,190,92,30.0,125.0,4,-100.0,19.0,-732.409972299169,-100.0,0.0,3.7999999999999996e-08,0,1,33.94736842105263,0
PPO-QP-no-penalty,20260805,462,87,44445,0,0,0,0.0,-100.0,-100.0,0.0,1.9686789235843587e-11,93.65665261795868,30.0,73,92,30.0,125.0,4,-100.0,19.0,-732.409972299169,-100.0,0.0,3.7999999999999996e-08,0,1,33.94736842105263,0
PPO-QP-no-penalty,20260805,463,87,44541,0,0,0,0.0,-100.0,-100.0,0.0,1.971420804380841e-11,88.96023354870242,30.0,72,92,30.0,125.0,4,-100.0,19.0,-732.409972299169,-100.0,0.0,3.7999999999999996e-08,0,1,33.94736842105263,0
PPO-QP-no-penalty,20260805,464,88,44637,0,0,0,0.0,-100.0,-100.0,0.0,1.998334090795121e-11,84.73391284961718,30.0,63,92,30.0,125.0,4,-100.0,19.0,-732.409972299169,-100.0,0.0,3.7999999999999996e-08,0,1,33.94736842105263,0
PPO-QP-no-penalty,20260805,465,88,44733,0,0,0,0.0,-100.0,-100.0,0.0,1.994116723598912e-11,111.07898321111968,30.0,203,92,30.0,125.0,4,-100.0,19.0,-732.409972299169,-100.0,0.0,3.7999999999999996e-08,0,1,33.94736842105263,0
PPO-QP-no-penalty,20260805,466,88,44829,0,0,0,0.0,-100.0,-100.0,0.0,1.9820226941173284e-11,102.98408042338848,30.0,178,92,30.0,125.0,4,-100.0,19.0,-732.409972299169,-100.0,0.0,3.7999999999999996e-08,0,1,33.94736842105263,0
PPO-QP-no-penalty,20260805,467,88,44925,0,0,0,0.0,-100.0,-100.0,0.0,1.984645781050176e-11,94.86775162328135,30.0,67,92,30.0,125.0,4,-100.0,19.0,-732.409972299169,-100.0,0.0,3.7999999999999996e-08,0,1,33.94736842105263,0
PPO-QP-no-penalty,20260805,468,88,45021,0,0,0,0.0,-100.0,-100.0,0.0,2.0028671314046657e-11,96.25561346436216,30.0,8,92,30.0,125.0,4,-100.0,19.0,-732.409972299169,-100.0,0.0,3.7999999999999996e-08,0,1,33.94736842105263,0
PPO-QP-no-penalty,20260805,469,89,45117,0,0,0,0.0,-100.0,-100.0,0.0,1.9995175885393715e-11,87.04250902822423,30.0,70,92,30.0,125.0,4,-100.0,19.0,-732.409972299169,-100.0,0.0,3.7999999999999996e-08,0,1,33.94736842105263,0
PPO-QP-no-penalty,20260805,470,89,45213,0,0,0,0.0,-100.0,-100.0,0.0,1.9843393594953795e-11,90.96640864829209,30.0,87,92,30.0,125.0,4,-100.0,19.0,-732.409972299169,-100.0,0.0,3.7999999999999996e-08,0,1,33.94736842105263,0
PPO-QP-no-penalty,20260805,471,89,45309,0,0,0,0.0,-100.0,-100.0,0.0,1.9930953184162568e-11,106.53263417041393,30.0,236,92,30.0,125.0,4,-100.0,19.0,-732.409972299169,-100.0,0.0,3.7999999999999996e-08,0,1,33.94736842105263,0
PPO-QP-no-penalty,20260805,472,89,45405,0,0,0,0.0,-100.0,-100.0,0.0,2.0086347400175934e-11,104.00758986645744,30.0,9,92,30.0,125.0,4,-100.0,19.0,-732.409972299169,-100.0,0.0,3.7999999999999996e-08,0,1,33.94736842105263,0
PPO-QP-no-penalty,20260805,473,89,45501,0,0,0,0.0,-100.0,-100.0,0.0,1.9811755939495392e-11,110.00887532212714,30.0,215,92,30.0,125.0,4,-100.0,19.0,-732.409972299169,-100.0,0.0,3.7999999999999996e-08,0,1,33.94736842105263,0
PPO-QP-no-penalty,20260805,474,90,45597,0,0,0,0.0,-100.0,-100.0,0.0,1.985315985682708e-11,89.4498133195773,30.0,82,92,30.0,125.0,4,-100.0,19.0,-732.409972299169,-100.0,0.0,3.7999999999999996e-08,0,1,33.94736842105263,0
PPO-QP-no-penalty,20260805,475,90,45693,0,0,0,0.0,-100.0,-100.0,0.0,1.9726050422737748e-11,93.65665261795868,30.0,73,92,30.0,125.0,4,-100.0,19.0,-732.409972299169,-100.0,0.0,3.7999999999999996e-08,0,1,33.94736842105263,0
PPO-QP-no-penalty,20260805,476,90,45789,0,0,0,0.0,-100.0,-100.0,0.0,1.979150547152623e-11,95.77455035660361,30.0,116,92,30.0,125.0,4,-100.0,19.0,-732.409972299169,-100.0,0.0,3.7999999999999996e-08,0,1,33.94736842105263,0
PPO-QP-no-penalty,20260805,477,90,45885,0,0,0,0.0,-100.0,-100.0,0.0,2.01915965429104e-11,93.11517390836408,30.0,96,92,30.0,125.0,4,-100.0,19.0,-732.409972299169,-100.0,0.0,3.7999999999999996e-08,0,1,33.94736842105263,0
PPO-QP-no-penalty,20260805,478,90,45981,0,0,0,0.0,-100.0,-100.0,0.0,1.973287089285236e-11,93.40953184232814,30.0,135,92,30.0,125.0,4,-100.0,19.0,-732.409972299169,-100.0,0.0,3.7999999999999996e-08,0,1,33.94736842105263,0
PPO-QP-no-penalty,20260805,479,90,46077,0,0,0,0.0,-100.0,-100.0,0.0,1.9856486825157542e-11,109.9284297131466,30.0,221,92,30.0,125.0,4,-100.0,19.0,-732.409972299169,-100.0,0.0,3.7999999999999996e-08,0,1,33.94736842105263,0
