controller,seed,episode,update,transition,endpoint_minimum_violation_kw,endpoint_infeasible,feasible_state_violation,extra_excess_energy_kwh_step,power_lower_kw,power_upper_kw,ev_lower_fraction,ev_upper_fraction,base_load_minus_pv_kw,lighting_kw,day,step,soc_kwh,target_kwh,remaining_steps,physical_lower_kw,physical_upper_kw,terminal_lower_kw,terminal_upper_kw,terminal_physical_gap_kw,tolerance_kw,terminal_roundoff_repair,terminal_ramp_relaxation,terminal_ramp_gap_kw,terminal_target_conflict_step
PPO-QP-no-penalty,20260807,0,1,93,0,0,0,0.0,-100.0,-100.0,0.0,1.9977571448966577e-11,105.96302933422132,30.0,211,92,30.0,125.0,4,-100.0,19.0,-732.409972299169,-100.0,0.0,3.7999999999999996e-08,0,1,33.94736842105263,0
PPO-QP-no-penalty,20260807,1,1,189,0,0,0,0.0,-100.0,-100.0,0.0,1.9533837510484393e-11,108.22393721596258,30.0,209,92,30.0,125.0,4,-100.0,19.0,-732.409972299169,-100.0,0.0,3.7999999999999996e-08,0,1,33.94736842105263,0
PPO-QP-no-penalty,20260807,2,1,285,0,0,0,0.0,-100.0,-100.0,0.0,1.9634605052942787e-11,111.37033894980843,30.0,201,92,30.0,125.0,4,-100.0,19.0,-732.409972299169,-100.0,0.0,3.7999999999999996e-08,0,1,33.94736842105263,0
PPO-QP-no-penalty,20260807,3,1,381,0,0,0,0.0,-100.0,-100.0,0.0,2.0066644642232252e-11,93.65665261795868,30.0,73,92,30.0,125.0,4,-100.0,19.0,-732.409972299169,-100.0,0.0,3.7999999999999996e-08,0,1,33.94736842105263,0
PPO-QP-no-penalty,20260807,4,1,477,0,0,0,0.0,-100.0,-100.0,0.0,1.9922426671333444e-11,103.92254966074705,30.0,229,92,30.0,125.0,4,-100.0,19.0,-732.409972299169,-100.0,0.0,3.7999999999999996e-08,0,1,33.94736842105263,0
PPO-QP-no-penalty,20260807,5,2,573,0,0,0,0.0,-100.0,-100.0,0.0,0.0,102.62518138191051,30.0,134,92,30.0,125.0,4,-100.0,19.0,-732.409972299169,-100.0,0.0,3.7999999999999996e-08,0,1,33.94736842105263,0
PPO-QP-no-penalty,20260807,6,2,669,0,0,0,0.0,-100.0,-100.0,0.0,1.9977619558630976e-11,99.05485532187399,30.0,36,92,30.0,125.0,4,-100.0,19.0,-732.409972299169,-100.0,0.0,3.7999999999999996e-08,0,1,33.94736842105263,0
PPO-QP-no-penalty,20260807,7,2,765,0,0,0,0.0,-100.0,-100.0,0.0,1.9879990246588855e-11,104.96059298132022,30.0,58,92,30.0,125.0,4,-100.0,19.0,-732.409972299169,-100.0,0.0,3.7999999999999996e-08,0,1,33.94736842105263,0
PPO-QP-no-penalty,20260807,8,2,861,0,0,0,0.0,-100.0,-100.0,0.0,1.9881348419422314e-11,95.08737753583918,30.0,148,92,30.0,125.0,4,-100.0,19.0,-732.409972299169,-100.0,0.0,3.7999999999999996e-08,0,1,33.94736842105263,0
PPO-QP-no-penalty,20260807,9,2,957,0,0,0,0.0,-100.0,-100.0,0.0,1.976438272303464e-11,95.85085952656725,30.0,3,92,30.0,125.0,4,-100.0,19.0,-732.409972299169,-100.0,0.0,3.7999999999999996e-08,0,1,33.94736842105263,0
PPO-QP-no-penalty,20260807,10,3,1053,0,0,0,0.0,-100.0,-100.0,0.0,1.983512983490717e-11,105.96302933422132,30.0,211,92,30.0,125.0,4,-100.0,19.0,-732.409972299169,-100.0,0.0,3.7999999999999996e-08,0,1,33.94736842105263,0
PPO-QP-no-penalty,20260807,11,3,1149,0,0,0,0.0,-100.0,-100.0,0.0,1.9916594299710748e-11,103.27932168487578,30.0,12,92,30.0,125.0,4,-100.0,19.0,-732.409972299169,-100.0,0.0,3.7999999999999996e-08,0,1,33.94736842105263,0
PPO-QP-no-penalty,20260807,12,3,1245,0,0,0,0.0,-100.0,-100.0,0.0,1.9887299214834305e-11,87.61049049163246,30.0,101,92,30.0,125.0,4,-100.0,19.0,-732.409972299169,-100.0,0.0,3.7999999999999996e-08,0,1,33.94736842105263,0
PPO-QP-no-penalty,20260807,13,3,1341,0,0,0,0.0,-100.0,-100.0,0.0,1.9927270944464225e-11,102.10435203642338,30.0,53,92,30.0,125.0,4,-100.0,19.0,-732.409972299169,-100.0,0.0,3.7999999999999996e-08,0,1,33.94736842105263,0
PPO-QP-no-penalty,20260807,14,3,1437,0,0,0,0.0,-100.0,-100.0,0.0,1.9919429069166957e-11,71.42695793285735,30.0,0,92,30.0,125.0,4,-100.0,19.0,-732.409972299169,-100.0,0.0,3.7999999999999996e-08,0,1,33.94736842105263,0
PPO-QP-no-penalty,20260807,15,3,1533,0,0,0,0.0,-100.0,-100.0,0.0,1.985459944601568e-11,100.00130821074683,30.0,222,92,30.0,125.0,4,-100.0,19.0,-732.409972299169,-100.0,0.0,3.7999999999999996e-08,0,1,33.94736842105263,0
PPO-QP-no-penalty,20260807,16,4,1629,0,0,0,0.0,-100.0,-100.0,0.0,2.00292819367102e-11,83.04178651529132,30.0,55,92,30.0,125.0,4,-100.0,19.0,-732.409972299169,-100.0,0.0,3.7999999999999996e-08,0,1,33.94736842105263,0
PPO-QP-no-penalty,20260807,17,4,1725,0,0,0,0.0,-100.0,-100.0,0.0,0.0,105.46954824232857,30.0,143,92,30.0,125.0,4,-100.0,19.0,-732.409972299169,-100.0,0.0,3.7999999999999996e-08,0,1,33.94736842105263,0
PPO-QP-no-penalty,20260807,18,4,1821,0,0,0,0.0,-100.0,-100.0,0.0,1.9954649044251482e-11,95.87781493241873,30.0,133,92,30.0,125.0,4,-100.0,19.0,-732.409972299169,-100.0,0.0,3.7999999999999996e-08,0,1,33.94736842105263,0
PPO-QP-no-penalty,20260807,19,4,1917,0,0,0,0.0,-100.0,-100.0,0.0,1.992510971030962e-11,105.46834623074572,30.0,204,92,30.0,125.0,4,-100.0,19.0,-732.409972299169,-100.0,0.0,3.7999999999999996e-08,0,1,33.94736842105263,0
PPO-QP-no-penalty,20260807,20,4,2013,0,0,0,0.0,-100.0,-100.0,0.0,1.992807400578537e-11,110.48753847270052,30.0,160,92,30.0,125.0,4,-100.0,19.0,-732.409972299169,-100.0,0.0,3.7999999999999996e-08,0,1,33.94736842105263,0
PPO-QP-no-penalty,20260807,21,5,2109,0,0,0,0.0,-100.0,-100.0,0.0,1.9854836293594266e-11,100.48692081466652,30.0,32,92,30.0,125.0,4,-100.0,19.0,-732.409972299169,-100.0,0.0,3.7999999999999996e-08,0,1,33.94736842105263,0
PPO-QP-no-penalty,20260807,22,5,2205,0,0,0,0.0,-100.0,-100.0,0.0,2.0050490897223956e-11,84.73391284961718,30.0,63,92,30.0,125.0,4,-100.0,19.0,-732.409972299169,-100.0,0.0,3.7999999999999996e-08,0,1,33.94736842105263,0
PPO-QP-no-penalty,20260807,23,5,2301,0,0,0,0.0,-100.0,-100.0,0.0,1.994868344586583e-11,110.00887532212714,30.0,215,92,30.0,125.0,4,-100.0,19.0,-732.409972299169,-100.0,0.0,3.7999999999999996e-08,0,1,33.94736842105263,0
PPO-QP-no-penalty,20260807,24,5,2397,0,0,0,0.0,-100.0,-100.0,0.0,1.9561356238521435e-11,109.9284297131466,30.0,221,92,30.0,125.0,4,-100.0,19.0,-732.409972299169,-100.0,0.0,3.7999999999999996e-08,0,1,33.94736842105263,0
PPO-QP-no-penalty,20260807,25,5,2493,0,0,0,0.0,-100.0,-100.0,0.0,1.950664444786791e-11,96.25561346436216,30.0,8,92,30.0,125.0,4,-100.0,19.0,-732.409972299169,-100.0,0.0,3.7999999999999996e-08,0,1,33.94736842105263,0
PPO-QP-no-penalty,20260807,26,6,2589,0,0,0,0.0,-100.0,-100.0,0.0,1.9795628099691005e-11,110.10922097309025,30.0,167,92,30.0,125.0,4,-100.0,19.0,-732.409972299169,-100.0,0.0,3.7999999999999996e-08,0,1,33.94736842105263,0
PPO-QP-no-penalty,20260807,27,6,2685,0,0,0,0.0,-100.0,-100.0,0.0,1.9883272805998332e-11,109.00381953646375,30.0,159,92,30.0,125.0,4,-100.0,19.0,-732.409972299169,-100.0,0.0,3.7999999999999996e-08,0,1,33.94736842105263,0
PPO-QP-no-penalty,20260807,28,6,2781,0,0,0,0.0,-100.0,-100.0,0.0,1.9945863479383282e-11,114.98663326839446,30.0,182,92,30.0,125.0,4,-100.0,19.0,-732.409972299169,-100.0,0.0,3.7999999999999996e-08,0,1,33.94736842105263,0
PPO-QP-no-penalty,20260807,29,6,2877,0,0,0,0.0,-100.0,-100.0,0.0,1.997588761071256e-11,97.11329274490448,30.0,224,92,30.0,125.0,4,-100.0,19.0,-732.409972299169,-100.0,0.0,3.7999999999999996e-08,0,1,33.94736842105263,0
PPO-QP-no-penalty,20260807,30,6,2973,0,0,0,0.0,-100.0,-100.0,0.0,1.9908271327769474e-11,100.89617127432541,30.0,141,92,30.0,125.0,4,-100.0,19.0,-732.409972299169,-100.0,0.0,3.7999999999999996e-08,0,1,33.94736842105263,0
PPO-QP-no-penalty,20260807,31,6,3069,0,0,0,0.0,-100.0,-100.0,0.0,0.0,80.32125119024646,30.0,20,92,30.0,125.0,4,-100.0,19.0,-732.409972299169,-100.0,0.0,3.7999999999999996e-08,0,1,33.94736842105263,0
PPO-QP-no-penalty,20260807,32,7,3165,0,0,0,0.0,-100.0,-100.0,0.0,2.0002969651026585e-11,102.02181808763575,30.0,44,92,30.0,125.0,4,-100.0,19.0,-732.409972299169,-100.0,0.0,3.7999999999999996e-08,0,1,33.94736842105263,0
PPO-QP-no-penalty,20260807,33,7,3261,0,0,0,0.0,-100.0,-100.0,0.0,1.1102230246251566e-17,109.81392204466715,30.0,163,92,30.0,125.0,4,-100.0,19.0,-732.409972299169,-100.0,0.0,3.7999999999999996e-08,0,1,33.94736842105263,0
PPO-QP-no-penalty,20260807,34,7,3357,0,0,0,0.0,-100.0,-100.0,0.0,2.0007073775474284e-11,106.13850935359314,30.0,234,92,30.0,125.0,4,-100.0,19.0,-732.409972299169,-100.0,0.0,3.7999999999999996e-08,0,1,33.94736842105263,0
PPO-QP-no-penalty,20260807,36,7,3549,0,0,0,0.0,-100.0,-100.0,0.0,2.0089777989322025e-11,100.07914421571272,30.0,180,92,30.0,125.0,4,-100.0,19.0,-732.409972299169,-100.0,0.0,3.7999999999999996e-08,0,1,33.94736842105263,0
PPO-QP-no-penalty,20260807,37,8,3645,0,0,0,0.0,-100.0,-100.0,0.0,2.001662909497289e-11,94.11350934331959,30.0,103,92,30.0,125.0,4,-100.0,19.0,-732.409972299169,-100.0,0.0,3.7999999999999996e-08,0,1,33.94736842105263,0
PPO-QP-no-penalty,20260807,38,8,3741,0,0,0,0.0,-100.0,-100.0,0.0,1.98720077430418e-11,100.69676510316452,30.0,2,92,30.0,125.0,4,-100.0,19.0,-732.409972299169,-100.0,0.0,3.7999999999999996e-08,0,1,33.94736842105263,0
PPO-QP-no-penalty,20260807,39,8,3837,0,0,0,0.0,-100.0,-100.0,0.0,1.9878232393466534e-11,99.79980532597651,30.0,129,92,30.0,125.0,4,-100.0,19.0,-732.409972299169,-100.0,0.0,3.7999999999999996e-08,0,1,33.94736842105263,0
PPO-QP-no-penalty,20260807,40,8,3933,0,0,0,0.0,-100.0,-100.0,0.0,0.0,97.38139037467363,30.0,112,92,30.0,125.0,4,-100.0,19.0,-732.409972299169,-100.0,0.0,3.7999999999999996e-08,0,1,33.94736842105263,0
PPO-QP-no-penalty,20260807,41,8,4029,0,0,0,0.0,-100.0,-100.0,0.0,1.989931182796075e-11,99.05485532187399,30.0,36,92,30.0,125.0,4,-100.0,19.0,-732.409972299169,-100.0,0.0,3.7999999999999996e-08,0,1,33.94736842105263,0
PPO-QP-no-penalty,20260807,42,9,4125,0,0,0,0.0,-100.0,-100.0,0.0,0.0,70.68740403315702,30.0,7,92,30.0,125.0,4,-100.0,19.0,-732.409972299169,-100.0,0.0,3.7999999999999996e-08,0,1,33.94736842105263,0
PPO-QP-no-penalty,20260807,43,9,4221,0,0,0,0.0,-100.0,-100.0,0.0,0.0,85.8202729697167,30.0,61,92,30.0,125.0,4,-100.0,19.0,-732.409972299169,-100.0,0.0,3.7999999999999996e-08,0,1,34.94315928474654,0
PPO-QP-no-penalty,20260807,44,9,4317,0,0,0,0.0,-100.0,-100.0,0.0,0.0,88.51136863994178,30.0,79,92,30.0,125.0,4,-100.0,19.0,-732.409972299169,-100.0,0.0,3.7999999999999996e-08,0,1,33.94736842105263,0
PPO-QP-no-penalty,20260807,45,9,4413,0,0,0,0.0,-100.0,-85.76776190772364,0.0,1.9985465134671663e-11,96.32255108936515,30.0,15,92,33.380156546915636,125.0,4,-100.0,31.844594878279416,-718.1777342068926,-85.76776190772364,-14.232238092276361,3.7999999999999996e-08,0,1,5.482892236499907,0
PPO-QP-no-penalty,20260807,46,9,4509,0,0,0,0.0,-100.0,-100.0,0.0,1.99795217407465e-11,115.68383100969456,30.0,208,92,30.0,125.0,4,-100.0,19.0,-732.409972299169,-100.0,0.0,3.7999999999999996e-08,0,1,33.94736842105263,0
PPO-QP-no-penalty,20260807,47,9,4605,0,0,0,0.0,-100.0,-100.0,0.0,1.9953387090746825e-11,92.19664912634585,30.0,74,92,30.0,125.0,4,-100.0,19.0,-732.409972299169,-100.0,0.0,3.7999999999999996e-08,0,1,33.94736842105263,0
PPO-QP-no-penalty,20260807,48,10,4701,0,0,0,0.0,-100.0,-100.0,0.0,1.9904751920781414e-11,89.55801861089178,30.0,102,92,30.0,125.0,4,-100.0,19.0,-732.409972299169,-100.0,0.0,3.7999999999999996e-08,0,1,33.94736842105263,0
PPO-QP-no-penalty,20260807,49,10,4797,0,0,0,0.0,-100.0,-90.28803749217539,0.0,2.0050801759670853e-11,100.43147422329041,30.0,118,92,32.30659109560835,125.0,4,-100.0,27.765046163311716,-722.6980097913444,-90.28803749217539,-9.711962507824609,3.7999999999999996e-08,0,1,69.5885553623312,0
PPO-QP-no-penalty,20260807,50,10,4893,0,0,0,0.0,-100.0,-80.19069280432575,0.0,1.9965703164833335e-11,110.48753847270052,30.0,160,92,34.704710458972635,125.0,4,-100.0,36.87789974409601,-712.6006651034947,-80.19069280432575,-19.80930719567425,3.7999999999999996e-08,0,1,37.153688996653734,0
PPO-QP-no-penalty,20260807,51,10,4989,0,0,0,0.0,-100.0,-100.0,0.0,1.990742015678393e-11,97.15497237735016,30.0,17,92,30.0,125.0,4,-100.0,19.0,-732.409972299169,-100.0,0.0,3.7999999999999996e-08,0,1,33.94736842105263,0
PPO-QP-no-penalty,20260807,52,10,5085,0,0,0,0.0,-100.0,-100.0,0.0,0.0,117.29831760304205,30.0,210,92,30.0,125.0,4,-100.0,19.0,-732.409972299169,-100.0,0.0,3.7999999999999996e-08,0,1,33.94736842105263,0
PPO-QP-no-penalty,20260807,53,11,5181,0,0,0,0.0,-100.0,-100.0,0.0,1.9901584084417814e-11,90.96640864829209,30.0,87,92,30.0,125.0,4,-100.0,19.0,-732.409972299169,-100.0,0.0,3.7999999999999996e-08,0,1,50.926293913584544,0
PPO-QP-no-penalty,20260807,54,11,5277,0,0,0,0.0,-100.0,-100.0,0.0,1.9945434193147094e-11,106.24062507747706,30.0,199,92,30.0,125.0,4,-100.0,19.0,-732.409972299169,-100.0,0.0,3.7999999999999996e-08,0,1,33.94736842105263,0
PPO-QP-no-penalty,20260807,55,11,5373,0,0,0,0.0,-100.0,-100.0,0.0,1.9784155795103214e-11,103.74738027439993,30.0,54,92,30.0,125.0,4,-100.0,19.0,-732.409972299169,-100.0,0.0,3.7999999999999996e-08,0,1,33.94736842105263,0
PPO-QP-no-penalty,20260807,56,11,5469,0,0,0,0.0,-100.0,-86.24126662132645,0.0,1.9469030091793607e-11,103.03986682541994,30.0,194,92,33.26769917743497,125.0,4,-100.0,31.417256874252885,-718.6512389204955,-86.24126662132645,-13.758733378673554,3.7999999999999996e-08,0,1,6.429901663705522,0
PPO-QP-no-penalty,20260807,57,11,5565,0,0,0,0.0,-100.0,-100.0,0.0,1.999146033900464e-11,97.38139037467363,30.0,112,92,30.0,125.0,4,-100.0,19.0,-732.409972299169,-100.0,0.0,3.7999999999999996e-08,0,1,51.51149429531978,0
PPO-QP-no-penalty,20260807,58,12,5661,0,0,0,0.0,-100.0,-100.0,0.0,1.9927948180509247e-11,100.49931148378674,30.0,174,92,30.0,125.0,4,-100.0,19.0,-732.409972299169,-100.0,0.0,3.7999999999999996e-08,0,1,58.737158166585765,0
PPO-QP-no-penalty,20260807,59,12,5757,0,0,0,0.0,-100.0,-100.0,0.0,2.003973283611534e-11,97.57557280168987,30.0,75,92,30.0,125.0,4,-100.0,19.0,-732.409972299169,-100.0,0.0,3.7999999999999996e-08,0,1,33.94736842105263,0
PPO-QP-no-penalty,20260807,60,12,5853,0,0,0,0.0,-100.0,-100.0,0.0,1.982464562881129e-11,104.00758986645744,30.0,9,92,30.0,125.0,4,-100.0,19.0,-732.409972299169,-100.0,0.0,3.7999999999999996e-08,0,1,33.94736842105263,0
PPO-QP-no-penalty,20260807,61,12,5949,0,0,0,0.0,-100.0,-100.0,0.0,1.9836417693615736e-11,98.98452005268396,30.0,24,92,30.0,125.0,4,-100.0,19.0,-732.409972299169,-100.0,0.0,3.7999999999999996e-08,0,1,33.94736842105263,0
PPO-QP-no-penalty,20260807,63,12,6141,0,0,0,0.0,-100.0,-100.0,0.0,1.9836932096950478e-11,103.71614153679448,30.0,125,92,30.0,125.0,4,-100.0,19.0,-732.409972299169,-100.0,0.0,3.7999999999999996e-08,0,1,33.94736842105263,0
PPO-QP-no-penalty,20260807,64,13,6237,0,0,0,0.0,-100.0,-100.0,0.0,1.9871600661266106e-11,104.874570453267,30.0,238,92,30.0,125.0,4,-100.0,19.0,-732.409972299169,-100.0,0.0,3.7999999999999996e-08,0,1,33.94736842105263,0
PPO-QP-no-penalty,20260807,65,13,6333,0,0,0,0.0,-100.0,-100.0,0.0,2.0007628886986596e-11,99.02691431499208,30.0,144,92,30.0,125.0,4,-100.0,19.0,-732.409972299169,-100.0,0.0,3.7999999999999996e-08,0,1,33.94736842105263,0
PPO-QP-no-penalty,20260807,66,13,6429,0,0,0,0.0,-100.0,-100.0,0.0,1.9900229612327774e-11,87.91645733503387,30.0,86,92,30.0,125.0,4,-100.0,19.0,-732.409972299169,-100.0,0.0,3.7999999999999996e-08,0,1,33.94736842105263,0
PPO-QP-no-penalty,20260807,67,13,6525,0,0,0,0.0,-100.0,-84.66584824609036,0.0,2.0006152290363843e-11,73.92145614413825,30.0,13,92,33.64186104155354,125.0,4,-100.0,32.83907195790345,-717.0758205452594,-84.66584824609036,-15.334151753909637,3.7999999999999996e-08,0,1,47.819337147034176,0
PPO-QP-no-penalty,20260807,68,13,6621,0,0,0,0.0,-100.0,-100.0,0.0,1.9816503993297375e-11,95.85085952656725,30.0,3,92,30.0,125.0,4,-100.0,19.0,-732.409972299169,-100.0,0.0,3.7999999999999996e-08,0,1,33.94736842105263,0
PPO-QP-no-penalty,20260807,69,14,6717,0,0,0,0.0,-100.0,-100.0,0.0,1.987835451799924e-11,96.01676559852008,30.0,37,92,30.0,125.0,4,-100.0,19.0,-732.409972299169,-100.0,0.0,3.7999999999999996e-08,0,1,36.11049201261138,0
PPO-QP-no-penalty,20260807,70,14,6813,0,0,0,0.0,-100.0,-100.0,0.0,1.997255324089527e-11,102.31891501836098,30.0,162,92,30.0,125.0,4,-100.0,19.0,-732.409972299169,-100.0,0.0,3.7999999999999996e-08,0,1,33.94736842105263,0
PPO-QP-no-penalty,20260807,71,14,6909,0,0,0,0.0,-100.0,-100.0,0.0,1.9941030308482748e-11,100.07999755036212,30.0,172,92,30.0,125.0,4,-100.0,19.0,-732.409972299169,-100.0,0.0,3.7999999999999996e-08,0,1,33.94736842105263,0
PPO-QP-no-penalty,20260807,72,14,7005,0,0,0,0.0,-100.0,-100.0,0.0,1.9886440642361928e-11,88.51136863994178,30.0,79,92,30.0,125.0,4,-100.0,19.0,-732.409972299169,-100.0,0.0,3.7999999999999996e-08,0,1,33.94736842105263,0
PPO-QP-no-penalty,20260807,73,14,7101,0,0,0,0.0,-100.0,-100.0,0.0,1.9916894059927395e-11,104.9255458245251,30.0,233,92,30.0,125.0,4,-100.0,19.0,-732.409972299169,-100.0,0.0,3.7999999999999996e-08,0,1,33.94736842105263,0
PPO-QP-no-penalty,20260807,74,15,7197,0,0,0,0.0,-100.0,-100.0,0.0,1.9942210845632266e-11,115.68383100969456,30.0,208,92,30.0,125.0,4,-100.0,19.0,-732.409972299169,-100.0,0.0,3.7999999999999996e-08,0,1,53.72938251812044,0
PPO-QP-no-penalty,20260807,75,15,7293,0,0,0,0.0,-100.0,-100.0,0.0,1.995912324304072e-11,98.21813398146197,30.0,68,92,30.0,125.0,4,-100.0,19.0,-732.409972299169,-100.0,0.0,3.7999999999999996e-08,0,1,39.55842146655198,0
PPO-QP-no-penalty,20260807,76,15,7389,0,0,0,0.0,-100.0,-100.0,0.0,1.995866435085721e-11,83.04178651529132,30.0,55,92,30.0,125.0,4,-100.0,19.0,-732.409972299169,-100.0,0.0,3.7999999999999996e-08,0,1,33.94736842105263,0
PPO-QP-no-penalty,20260807,77,15,7485,0,0,0,0.0,-100.0,-97.98304974572163,0.0,1.9910924760798327e-11,105.46954824232857,30.0,143,92,30.479025685391115,125.0,4,-100.0,20.820297604486235,-730.3930220448906,-97.98304974572163,-2.0169502542783704,3.7999999999999996e-08,0,1,66.37209372271867,0
PPO-QP-no-penalty,20260807,78,15,7584,0,0,0,0.0,-100.0,-100.0,2.0012902446353566e-11,2.0012902446353566e-11,94.93853989458648,30.0,223,95,101.25,125.0,1,-100.0,100.0,-100.0,-100.0,0.0,3.7999999999999996e-08,0,1,54.720850740685414,0
PPO-QP-no-penalty,20260807,79,15,7677,0,0,0,0.0,-100.0,-100.0,0.0,1.994598560391599e-11,103.74738027439993,30.0,54,92,30.0,125.0,4,-100.0,19.0,-732.409972299169,-100.0,0.0,3.7999999999999996e-08,0,1,33.94736842105263,0
PPO-QP-no-penalty,20260807,80,16,7773,0,0,0,0.0,-100.0,-100.0,0.0,1.9847915903407435e-11,92.24150315024411,30.0,69,92,30.0,125.0,4,-100.0,19.0,-732.409972299169,-100.0,0.0,3.7999999999999996e-08,0,1,33.94736842105263,0
PPO-QP-no-penalty,20260807,81,16,7869,0,0,0,0.0,-100.0,-100.0,0.0,1.992439916757386e-11,91.85584163919535,30.0,100,92,30.0,125.0,4,-100.0,19.0,-732.409972299169,-100.0,0.0,3.7999999999999996e-08,0,1,33.94736842105263,0
PPO-QP-no-penalty,20260807,82,16,7965,0,0,0,0.0,-100.0,-100.0,0.0,2.007904953416073e-11,91.9647476534924,30.0,62,92,30.0,125.0,4,-100.0,19.0,-732.409972299169,-100.0,0.0,3.7999999999999996e-08,0,1,33.94736842105263,0
PPO-QP-no-penalty,20260807,83,16,8061,0,0,0,0.0,-100.0,-100.0,0.0,2.0052156231760894e-11,94.92530164324614,30.0,109,92,30.0,125.0,4,-100.0,19.0,-732.409972299169,-100.0,0.0,3.7999999999999996e-08,0,1,49.3523718062516,0
PPO-QP-no-penalty,20260807,84,16,8157,0,0,0,0.0,-100.0,-100.0,0.0,0.0,109.00845018424536,30.0,186,92,30.0,125.0,4,-100.0,19.0,-732.409972299169,-100.0,0.0,3.7999999999999996e-08,0,1,33.94736842105263,0
PPO-QP-no-penalty,20260807,85,17,8253,0,0,0,0.0,-100.0,-100.0,0.0,1.9888035662773973e-11,95.87781493241873,30.0,133,92,30.0,125.0,4,-100.0,19.0,-732.409972299169,-100.0,0.0,3.7999999999999996e-08,0,1,33.94736842105263,0
PPO-QP-no-penalty,20260807,86,17,8349,0,0,0,0.0,-100.0,-100.0,0.0,1.961760383769236e-11,106.54959711280397,30.0,197,92,30.0,125.0,4,-100.0,19.0,-732.409972299169,-100.0,0.0,3.7999999999999996e-08,0,1,33.94736842105263,0
PPO-QP-no-penalty,20260807,87,17,8445,0,0,0,0.0,-100.0,-100.0,0.0,1.9833912290323497e-11,112.54618120928845,30.0,212,92,30.0,125.0,4,-100.0,19.0,-732.409972299169,-100.0,0.0,3.7999999999999996e-08,0,1,33.94736842105263,0
PPO-QP-no-penalty,20260807,88,17,8541,0,0,0,0.0,-100.0,-100.0,0.0,1.976700655011617e-11,105.46834623074572,30.0,204,92,30.0,125.0,4,-100.0,19.0,-732.409972299169,-100.0,0.0,3.7999999999999996e-08,0,1,37.871925399751476,0
PPO-QP-no-penalty,20260807,89,17,8637,0,0,0,0.0,-100.0,-100.0,0.0,1.984454452615599e-11,111.81848596317624,30.0,207,92,30.0,125.0,4,-100.0,19.0,-732.409972299169,-100.0,0.0,3.7999999999999996e-08,0,1,33.94736842105263,0
PPO-QP-no-penalty,20260807,90,18,8733,0,0,0,0.0,-100.0,-100.0,0.0,1.9017550497342958e-11,83.30942638550725,30.0,49,92,30.0,125.0,4,-100.0,19.0,-732.409972299169,-100.0,0.0,3.7999999999999996e-08,0,1,33.94736842105263,0
PPO-QP-no-penalty,20260807,91,18,8829,0,0,0,0.0,-100.0,-100.0,0.0,1.9867374412285698e-11,101.5466799515969,30.0,16,92,30.0,125.0,4,-100.0,19.0,-732.409972299169,-100.0,0.0,3.7999999999999996e-08,0,1,33.94736842105263,0
PPO-QP-no-penalty,20260807,92,18,8926,0,0,0,0.0,-100.0,-100.0,0.0,1.9950885388198004e-11,77.8214258748751,30.0,55,93,53.75,125.0,3,-100.0,100.0,-521.6066481994461,-100.0,0.0,3.7999999999999996e-08,0,1,1.521989594616059,0
PPO-QP-no-penalty,20260807,93,18,9021,0,0,0,0.0,-100.0,-100.0,0.0,1.9908981870505233e-11,94.29020215225974,30.0,81,92,30.0,125.0,4,-100.0,19.0,-732.409972299169,-100.0,0.0,3.7999999999999996e-08,0,1,33.94736842105263,0
PPO-QP-no-penalty,20260807,94,18,9117,0,0,0,0.0,-100.0,-100.0,0.0,1.9904922154978522e-11,99.83051753648506,30.0,190,92,30.0,125.0,4,-100.0,19.0,-732.409972299169,-100.0,0.0,3.7999999999999996e-08,0,1,33.94736842105263,0
PPO-QP-no-penalty,20260807,95,18,9213,0,0,0,0.0,-100.0,-100.0,0.0,1.9624006123801035e-11,102.84941180769906,30.0,173,92,30.0,125.0,4,-100.0,19.0,-732.409972299169,-100.0,0.0,3.7999999999999996e-08,0,1,33.94736842105263,0
PPO-QP-no-penalty,20260807,96,19,9309,0,0,0,0.0,-100.0,-100.0,0.0,1.9877680982697636e-11,110.25536271311508,30.0,196,92,30.0,125.0,4,-100.0,19.0,-732.409972299169,-100.0,0.0,3.7999999999999996e-08,0,1,33.94736842105263,0
PPO-QP-no-penalty,20260807,97,19,9405,0,0,0,0.0,-100.0,-76.05263164561983,0.0,1.9966839293061865e-11,97.3102387833523,30.0,104,92,35.68749998416529,125.0,4,-100.0,40.61249993982811,-708.4626039447888,-76.05263164561983,-23.947368354380174,3.7999999999999996e-08,0,1,31.052631677247632,0
PPO-QP-no-penalty,20260807,98,19,9501,0,0,0,0.0,-100.0,-97.50960943748514,0.0,1.9728133941280627e-11,103.60264311293285,30.0,198,92,30.59146775859728,125.0,4,-100.0,21.24757748266966,-729.9195817366542,-97.50960943748514,-2.490390562514861,3.7999999999999996e-08,0,1,55.73211722373675,0
PPO-QP-no-penalty,20260807,99,19,9597,0,0,0,0.0,-100.0,-100.0,0.0,0.0,95.87781493241873,30.0,133,92,30.0,125.0,4,-100.0,19.0,-732.409972299169,-100.0,0.0,3.7999999999999996e-08,0,1,33.94736842105263,0
PPO-QP-no-penalty,20260807,100,19,9693,0,0,0,0.0,-100.0,-100.0,0.0,1.985156853715845e-11,102.98408042338848,30.0,178,92,30.0,125.0,4,-100.0,19.0,-732.409972299169,-100.0,0.0,3.7999999999999996e-08,0,1,51.01514505892085,0
PPO-QP-no-penalty,20260807,101,20,9789,0,0,0,0.0,-100.0,-100.0,0.0,0.0,92.88476102773205,30.0,105,92,30.0,125.0,4,-100.0,19.0,-732.409972299169,-100.0,0.0,3.7999999999999996e-08,0,1,48.40940074642632,0
PPO-QP-no-penalty,20260807,102,20,9885,0,0,0,0.0,-100.0,-100.0,0.0,1.9891329324413693e-11,100.49931148378674,30.0,174,92,30.0,125.0,4,-100.0,19.0,-732.409972299169,-100.0,0.0,3.7999999999999996e-08,0,1,37.07504366764255,0
PPO-QP-no-penalty,20260807,103,20,9981,0,0,0,0.0,-100.0,-100.0,0.0,1.9861838100136234e-11,99.02691431499208,30.0,144,92,30.0,125.0,4,-100.0,19.0,-732.409972299169,-100.0,0.0,3.7999999999999996e-08,0,1,33.94736842105263,0
PPO-QP-no-penalty,20260807,104,20,10077,0,0,0,0.0,-100.0,-100.0,0.0,1.9735161653026503e-11,81.39778407810832,30.0,6,92,30.0,125.0,4,-100.0,19.0,-732.409972299169,-100.0,0.0,3.7999999999999996e-08,0,1,35.152172544609144,0
PPO-QP-no-penalty,20260807,105,20,10173,0,0,0,0.0,-100.0,-100.0,0.0,1.9982981935839918e-11,90.64375549933027,30.0,80,92,30.0,125.0,4,-100.0,19.0,-732.409972299169,-100.0,0.0,3.7999999999999996e-08,0,1,33.94736842105263,0
PPO-QP-no-penalty,20260807,106,21,10269,0,0,0,0.0,-100.0,-100.0,0.0,1.9893557171949776e-11,91.9647476534924,30.0,62,92,30.0,125.0,4,-100.0,19.0,-732.409972299169,-100.0,0.0,3.7999999999999996e-08,0,1,33.94736842105263,0
PPO-QP-no-penalty,20260807,107,21,10365,0,0,0,0.0,-100.0,-100.0,0.0,1.9862800293424244e-11,90.43588685788883,30.0,93,92,30.0,125.0,4,-100.0,19.0,-732.409972299169,-100.0,0.0,3.7999999999999996e-08,0,1,33.94736842105263,0
PPO-QP-no-penalty,20260807,108,21,10461,0,0,0,0.0,-100.0,-100.0,0.0,1.9769907932953856e-11,98.93233912322364,30.0,128,92,30.0,125.0,4,-100.0,19.0,-732.409972299169,-100.0,0.0,3.7999999999999996e-08,0,1,33.94736842105263,0
PPO-QP-no-penalty,20260807,110,21,10653,0,0,0,0.0,-100.0,-100.0,0.0,1.9893527566002453e-11,93.95418866591038,30.0,94,92,30.0,125.0,4,-100.0,19.0,-732.409972299169,-100.0,0.0,3.7999999999999996e-08,0,1,43.32338502084444,0
PPO-QP-no-penalty,20260807,111,21,10749,0,0,0,0.0,-100.0,-61.26446169391969,0.0,1.9686630103876723e-11,100.49931148378674,30.0,174,92,39.19969034769407,125.0,4,-100.0,53.958823321237475,-693.6744339930887,-61.26446169391969,-38.73553830608031,3.7999999999999996e-08,0,1,14.430098925654889,0
PPO-QP-no-penalty,20260807,112,22,10845,0,0,0,0.0,-100.0,-100.0,0.0,1.9547119478602325e-11,99.1738371645239,30.0,108,92,30.0,125.0,4,-100.0,19.0,-732.409972299169,-100.0,0.0,3.7999999999999996e-08,0,1,33.94736842105263,0
PPO-QP-no-penalty,20260807,113,22,10941,0,0,0,0.0,-100.0,-100.0,0.0,1.992659000767579e-11,105.45166917558011,30.0,213,92,30.0,125.0,4,-100.0,19.0,-732.409972299169,-100.0,0.0,3.7999999999999996e-08,0,1,33.94736842105263,0
PPO-QP-no-penalty,20260807,114,22,11037,0,0,0,0.0,-100.0,-100.0,0.0,1.9878021451091853e-11,93.11517390836408,30.0,96,92,30.0,125.0,4,-100.0,19.0,-732.409972299169,-100.0,0.0,3.7999999999999996e-08,0,1,67.90860442232773,0
PPO-QP-no-penalty,20260807,115,22,11133,0,0,0,0.0,-100.0,-100.0,0.0,2.0001829822054637e-11,98.93233912322364,30.0,128,92,30.0,125.0,4,-100.0,19.0,-732.409972299169,-100.0,0.0,3.7999999999999996e-08,0,1,33.94736842105263,0
PPO-QP-no-penalty,20260807,116,22,11229,0,0,0,0.0,-100.0,-100.0,0.0,1.984274226411268e-11,93.95418866591038,30.0,94,92,30.0,125.0,4,-100.0,19.0,-732.409972299169,-100.0,0.0,3.7999999999999996e-08,0,1,33.94736842105263,0
PPO-QP-no-penalty,20260807,118,23,11421,0,0,0,0.0,-100.0,-100.0,0.0,1.992344067502927e-11,106.13850935359314,30.0,234,92,30.0,125.0,4,-100.0,19.0,-732.409972299169,-100.0,0.0,3.7999999999999996e-08,0,1,33.94736842105263,0
PPO-QP-no-penalty,20260807,119,23,11517,0,0,0,0.0,-100.0,-100.0,0.0,2.0061400688812606e-11,99.79980532597651,30.0,129,92,30.0,125.0,4,-100.0,19.0,-732.409972299169,-100.0,0.0,3.7999999999999996e-08,0,1,58.15449630102437,0
PPO-QP-no-penalty,20260807,120,23,11613,0,0,0,0.0,-100.0,-100.0,0.0,1.993474644616337e-11,107.61759070352285,30.0,152,92,30.0,125.0,4,-100.0,19.0,-732.409972299169,-100.0,0.0,3.7999999999999996e-08,0,1,33.94736842105263,0
PPO-QP-no-penalty,20260807,121,23,11709,0,0,0,0.0,-100.0,-89.00007886720292,0.0,1.9938195539026536e-11,109.23909068749569,30.0,157,92,32.61248126903931,125.0,4,-100.0,28.927428822349366,-721.4100511663719,-89.00007886720292,-10.999921132797084,3.7999999999999996e-08,0,1,11.947526155458448,0
PPO-QP-no-penalty,20260807,122,24,11805,0,0,0,0.0,-100.0,-100.0,0.0,1.9957132243083227e-11,97.57557280168987,30.0,75,92,30.0,125.0,4,-100.0,19.0,-732.409972299169,-100.0,0.0,3.7999999999999996e-08,0,1,33.94736842105263,0
PPO-QP-no-penalty,20260807,123,24,11901,0,0,0,0.0,-100.0,-100.0,0.0,1.9933255046566954e-11,93.83291616695745,30.0,124,92,30.0,125.0,4,-100.0,19.0,-732.409972299169,-100.0,0.0,3.7999999999999996e-08,0,1,33.94736842105263,0
PPO-QP-no-penalty,20260807,124,24,11997,0,0,0,0.0,-100.0,-100.0,0.0,1.9892369233313426e-11,73.4818515278711,30.0,56,92,30.0,125.0,4,-100.0,19.0,-732.409972299169,-100.0,0.0,3.7999999999999996e-08,0,1,33.94736842105263,0
PPO-QP-no-penalty,20260807,125,24,12093,0,0,0,0.0,-100.0,-100.0,0.0,2.0009001862793716e-11,95.24953877379312,30.0,64,92,30.0,125.0,4,-100.0,19.0,-732.409972299169,-100.0,0.0,3.7999999999999996e-08,0,1,51.48598081316816,0
PPO-QP-no-penalty,20260807,126,24,12189,0,0,0,0.0,-100.0,-100.0,0.0,2.007832418845131e-11,96.4455216587882,30.0,175,92,30.0,125.0,4,-100.0,19.0,-732.409972299169,-100.0,0.0,3.7999999999999996e-08,0,1,33.94736842105263,0
PPO-QP-no-penalty,20260807,127,24,12285,0,0,0,0.0,-100.0,-100.0,0.0,1.9875712187200634e-11,96.32255108936515,30.0,15,92,30.0,125.0,4,-100.0,19.0,-732.409972299169,-100.0,0.0,3.7999999999999996e-08,0,1,33.94736842105263,0
PPO-QP-no-penalty,20260807,128,25,12381,0,0,0,0.0,-100.0,-100.0,0.0,1.9934953687794633e-11,109.23909068749569,30.0,157,92,30.0,125.0,4,-100.0,19.0,-732.409972299169,-100.0,0.0,3.7999999999999996e-08,0,1,33.94736842105263,0
PPO-QP-no-penalty,20260807,129,25,12477,0,0,0,0.0,-100.0,-100.0,0.0,1.998047653254768e-11,100.58254270570778,30.0,153,92,30.0,125.0,4,-100.0,19.0,-732.409972299169,-100.0,0.0,3.7999999999999996e-08,0,1,33.94736842105263,0
PPO-QP-no-penalty,20260807,130,25,12573,0,0,0,0.0,-100.0,-100.0,0.0,1.9955896194782478e-11,96.58075138170044,30.0,179,92,30.0,125.0,4,-100.0,19.0,-732.409972299169,-100.0,0.0,3.7999999999999996e-08,0,1,33.94736842105263,0
PPO-QP-no-penalty,20260807,131,25,12669,0,0,0,0.0,-100.0,-100.0,0.0,0.0,108.3505698228186,30.0,161,92,30.0,125.0,4,-100.0,19.0,-732.409972299169,-100.0,0.0,3.7999999999999996e-08,0,1,33.94736842105263,0
PPO-QP-no-penalty,20260807,132,25,12765,0,0,0,0.0,-100.0,-100.0,0.0,1.994377255935357e-11,109.76789593316256,30.0,195,92,30.0,125.0,4,-100.0,19.0,-732.409972299169,-100.0,0.0,3.7999999999999996e-08,0,1,33.94736842105263,0
PPO-QP-no-penalty,20260807,133,26,12861,0,0,0,0.0,-100.0,-100.0,0.0,1.9781857633442238e-11,96.25561346436216,30.0,8,92,30.0,125.0,4,-100.0,19.0,-732.409972299169,-100.0,0.0,3.7999999999999996e-08,0,1,33.94736842105263,0
PPO-QP-no-penalty,20260807,134,26,12957,0,0,0,0.0,-100.0,-100.0,0.0,1.99749846293192e-11,105.46954824232857,30.0,143,92,30.0,125.0,4,-100.0,19.0,-732.409972299169,-100.0,0.0,3.7999999999999996e-08,0,1,33.94736842105263,0
PPO-QP-no-penalty,20260807,135,26,13053,0,0,0,0.0,-100.0,-91.91795393692568,0.0,1.997099522791738e-11,93.90241884913648,30.0,99,92,31.919485939980152,125.0,4,-100.0,26.29404657192458,-724.3279262360946,-91.91795393692568,-8.082046063074316,3.7999999999999996e-08,0,1,17.783276294903985,0
PPO-QP-no-penalty,20260807,136,26,13149,0,0,0,0.0,-100.0,-100.0,0.0,0.0,83.44779529038792,30.0,14,92,30.0,125.0,4,-100.0,19.0,-732.409972299169,-100.0,0.0,3.7999999999999996e-08,0,1,33.94736842105263,0
PPO-QP-no-penalty,20260807,137,26,13245,0,0,0,0.0,-100.0,-100.0,0.0,1.983087397997944e-11,90.68725573509818,30.0,146,92,30.0,125.0,4,-100.0,19.0,-732.409972299169,-100.0,0.0,3.7999999999999996e-08,0,1,33.94736842105263,0
PPO-QP-no-penalty,20260807,138,27,13341,0,0,0,0.0,-100.0,-100.0,0.0,1.983579966946536e-11,93.95418866591038,30.0,94,92,30.0,125.0,4,-100.0,19.0,-732.409972299169,-100.0,0.0,3.7999999999999996e-08,0,1,33.94736842105263,0
PPO-QP-no-penalty,20260807,139,27,13437,0,0,0,0.0,-100.0,-100.0,0.0,1.9874150473479326e-11,103.92254966074705,30.0,229,92,30.0,125.0,4,-100.0,19.0,-732.409972299169,-100.0,0.0,3.7999999999999996e-08,0,1,33.94736842105263,0
PPO-QP-no-penalty,20260807,140,27,13534,0,0,0,0.0,-100.0,-100.0,0.0,2.0022065487050138e-11,92.62189690926756,30.0,61,93,53.75,125.0,3,-100.0,100.0,-521.6066481994461,-100.0,0.0,3.7999999999999996e-08,0,1,21.043770553375282,0
PPO-QP-no-penalty,20260807,141,27,13629,0,0,0,0.0,-100.0,-100.0,0.0,2.0090943723497882e-11,103.03986682541994,30.0,194,92,30.0,125.0,4,-100.0,19.0,-732.409972299169,-100.0,0.0,3.7999999999999996e-08,0,1,33.94736842105263,0
PPO-QP-no-penalty,20260807,142,27,13725,0,0,0,0.0,-100.0,-100.0,0.0,1.9858115152260325e-11,94.0077774045799,30.0,78,92,30.0,125.0,4,-100.0,19.0,-732.409972299169,-100.0,0.0,3.7999999999999996e-08,0,1,33.94736842105263,0
PPO-QP-no-penalty,20260807,143,27,13821,0,0,0,0.0,-100.0,-100.0,0.0,1.9986727088176317e-11,93.40953184232814,30.0,135,92,30.0,125.0,4,-100.0,19.0,-732.409972299169,-100.0,0.0,3.7999999999999996e-08,0,1,33.94736842105263,0
PPO-QP-no-penalty,20260807,144,28,13917,0,0,0,0.0,-100.0,-100.0,0.0,1.9904840738623383e-11,101.10748378887497,30.0,110,92,30.0,125.0,4,-100.0,19.0,-732.409972299169,-100.0,0.0,3.7999999999999996e-08,0,1,33.94736842105263,0
PPO-QP-no-penalty,20260807,145,28,14016,0,0,0,0.0,-88.29142321693385,-88.29142321693385,2.011591634006512e-11,2.011591634006512e-11,94.93853989458648,30.0,223,95,104.03078698597821,125.0,1,-100.0,100.0,-88.29142321693385,-88.29142321693385,0.0,3.7999999999999996e-08,0,1,74.32311520804998,0
PPO-QP-no-penalty,20260807,146,28,14109,0,0,0,0.0,-100.0,-100.0,0.0,1.9918640810819472e-11,98.64165448582102,30.0,142,92,30.0,125.0,4,-100.0,19.0,-732.409972299169,-100.0,0.0,3.7999999999999996e-08,0,1,33.94736842105263,0
PPO-QP-no-penalty,20260807,147,28,14206,0,0,0,0.0,-100.0,-100.0,0.0,1.99836258651942e-11,94.55964282154078,30.0,48,93,53.75,125.0,3,-100.0,100.0,-521.6066481994461,-100.0,0.0,3.7999999999999996e-08,0,1,2.6353535082753297,0
PPO-QP-no-penalty,20260807,148,28,14301,0,0,0,0.0,-100.0,-90.120436546494,0.0,1.988424980226e-11,83.01996185755443,30.0,27,92,32.346396320207674,125.0,4,-100.0,27.91630601678916,-722.530408845663,-90.120436546494,-9.879563453505995,3.7999999999999996e-08,0,1,18.722308229786222,0
PPO-QP-no-penalty,20260807,149,29,14397,0,0,0,0.0,-100.0,-100.0,0.0,1.9928658723245007e-11,112.82024492984584,30.0,205,92,30.0,125.0,4,-100.0,19.0,-732.409972299169,-100.0,0.0,3.7999999999999996e-08,0,1,33.94736842105263,0
PPO-QP-no-penalty,20260807,150,29,14493,0,0,0,0.0,-100.0,-100.0,0.0,1.997683500102691e-11,100.24854400666918,30.0,170,92,30.0,125.0,4,-100.0,19.0,-732.409972299169,-100.0,0.0,3.7999999999999996e-08,0,1,33.94736842105263,0
PPO-QP-no-penalty,20260807,151,29,14589,0,0,0,0.0,-100.0,-100.0,0.0,0.0,76.26011533638224,30.0,28,92,30.0,125.0,4,-100.0,19.0,-732.409972299169,-100.0,0.0,3.7999999999999996e-08,0,1,33.94736842105263,0
PPO-QP-no-penalty,20260807,152,29,14685,0,0,0,0.0,-100.0,-100.0,0.0,2.0100017946352485e-11,104.23250747221446,30.0,226,92,30.0,125.0,4,-100.0,19.0,-732.409972299169,-100.0,0.0,3.7999999999999996e-08,0,1,34.88390603075196,0
PPO-QP-no-penalty,20260807,153,29,14781,0,0,0,0.0,-100.0,-99.25294779388382,0.0,2.0042885869505274e-11,81.39778407810832,30.0,6,92,30.177424898952594,125.0,4,-100.0,19.674214616019857,-731.6629200930529,-99.25294779388382,-0.7470522061161802,3.7999999999999996e-08,0,1,32.86110110188699,0
PPO-QP-no-penalty,20260807,154,30,14877,0,0,0,0.0,-100.0,-100.0,0.0,1.985494361515331e-11,91.87996057561233,30.0,84,92,30.0,125.0,4,-100.0,19.0,-732.409972299169,-100.0,0.0,3.7999999999999996e-08,0,1,33.94736842105263,0
PPO-QP-no-penalty,20260807,156,30,15069,0,0,0,0.0,-100.0,-100.0,0.0,1.9802781636713008e-11,103.03986682541994,30.0,194,92,30.0,125.0,4,-100.0,19.0,-732.409972299169,-100.0,0.0,3.7999999999999996e-08,0,1,33.94736842105263,0
PPO-QP-no-penalty,20260807,157,30,15166,0,0,0,0.0,-100.0,-100.0,0.0,1.9875493843339123e-11,84.08585577496837,30.0,119,93,53.75,125.0,3,-100.0,100.0,-521.6066481994461,-100.0,0.0,3.7999999999999996e-08,0,1,5.472042521919178,0
PPO-QP-no-penalty,20260807,158,30,15261,0,0,0,0.0,-100.0,-100.0,0.0,1.9871896720739338e-11,100.12765026961917,30.0,111,92,30.0,125.0,4,-100.0,19.0,-732.409972299169,-100.0,0.0,3.7999999999999996e-08,0,1,38.8480244743268,0
PPO-QP-no-penalty,20260807,159,30,15357,0,0,0,0.0,-100.0,-100.0,0.0,1.9745164762478377e-11,112.82024492984584,30.0,205,92,30.0,125.0,4,-100.0,19.0,-732.409972299169,-100.0,0.0,3.7999999999999996e-08,0,1,42.78923733318171,0
PPO-QP-no-penalty,20260807,160,31,15453,0,0,0,0.0,-100.0,-100.0,0.0,1.983440078845433e-11,99.79980532597651,30.0,129,92,30.0,125.0,4,-100.0,19.0,-732.409972299169,-100.0,0.0,3.7999999999999996e-08,0,1,33.94736842105263,0
PPO-QP-no-penalty,20260807,161,31,15549,0,0,0,0.0,-100.0,-100.0,0.0,1.981319552868399e-11,103.52373239298403,30.0,11,92,30.0,125.0,4,-100.0,19.0,-732.409972299169,-100.0,0.0,3.7999999999999996e-08,0,1,33.94736842105263,0
PPO-QP-no-penalty,20260807,162,31,15645,0,0,0,0.0,-100.0,-100.0,0.0,2.960594732333751e-17,112.24190410144651,30.0,216,92,30.0,125.0,4,-100.0,19.0,-732.409972299169,-100.0,0.0,3.7999999999999996e-08,0,1,33.94736842105263,0
PPO-QP-no-penalty,20260807,163,31,15741,0,0,0,0.0,-100.0,-100.0,0.0,0.0,77.39593317848316,30.0,42,92,30.0,125.0,4,-100.0,19.0,-732.409972299169,-100.0,0.0,3.7999999999999996e-08,0,1,33.94736842105263,0
PPO-QP-no-penalty,20260807,164,31,15837,0,0,0,0.0,-100.0,-100.0,0.0,2.0098215684309177e-11,100.78780511344941,30.0,45,92,30.0,125.0,4,-100.0,19.0,-732.409972299169,-100.0,0.0,3.7999999999999996e-08,0,1,33.94736842105263,0
PPO-QP-no-penalty,20260807,165,32,15933,0,0,0,0.0,-100.0,-100.0,0.0,0.0,102.75890329454388,30.0,187,92,30.0,125.0,4,-100.0,19.0,-732.409972299169,-100.0,0.0,3.7999999999999996e-08,0,1,33.94736842105263,0
PPO-QP-no-penalty,20260807,166,32,16029,0,0,0,0.0,-100.0,-87.29764925839915,0.0,1.981882435941884e-11,100.24751861636082,30.0,107,92,33.016808301130204,125.0,4,-100.0,30.463871544294776,-719.7076215575681,-87.29764925839915,-12.702350741600853,3.7999999999999996e-08,0,1,8.542666937850925,0
PPO-QP-no-penalty,20260807,167,32,16125,0,0,0,0.0,-100.0,-100.0,0.0,1.9876907527323813e-11,102.11370682986832,30.0,188,92,30.0,125.0,4,-100.0,19.0,-732.409972299169,-100.0,0.0,3.7999999999999996e-08,0,1,33.94736842105263,0
PPO-QP-no-penalty,20260807,168,32,16221,0,0,0,0.0,-100.0,-100.0,0.0,1.9833693946461986e-11,103.03986682541994,30.0,194,92,30.0,125.0,4,-100.0,19.0,-732.409972299169,-100.0,0.0,3.7999999999999996e-08,0,1,33.94736842105263,0
PPO-QP-no-penalty,20260807,169,32,16317,0,0,0,0.0,-100.0,-100.0,0.0,2.0003709799709667e-11,81.39778407810832,30.0,6,92,30.0,125.0,4,-100.0,19.0,-732.409972299169,-100.0,0.0,3.7999999999999996e-08,0,1,42.59320526286557,0
PPO-QP-no-penalty,20260807,170,33,16413,0,0,0,0.0,-100.0,-94.02473149127808,0.0,1.9935849267701162e-11,106.13850935359314,30.0,234,92,31.419126270821458,125.0,4,-100.0,24.39267982912154,-726.4347037904471,-94.02473149127808,-5.975268508721925,3.7999999999999996e-08,0,1,21.99683140360878,0
PPO-QP-no-penalty,20260807,171,33,16509,0,0,0,0.0,-100.0,-100.0,0.0,1.9922659818168616e-11,89.4498133195773,30.0,82,92,30.0,125.0,4,-100.0,19.0,-732.409972299169,-100.0,0.0,3.7999999999999996e-08,0,1,33.94736842105263,0
PPO-QP-no-penalty,20260807,172,33,16605,0,0,0,0.0,-100.0,-79.9925398891556,0.0,2.0089304294164852e-11,90.68725573509818,30.0,146,92,34.75177177632555,125.0,4,-100.0,37.05673275003708,-712.4025121883246,-79.9925398891556,-20.007460110844406,3.7999999999999996e-08,0,1,38.548307128757905,0
PPO-QP-no-penalty,20260807,173,33,16701,0,0,0,0.0,-100.0,-100.0,0.0,1.9932170728746237e-11,112.24190410144651,30.0,216,92,30.0,125.0,4,-100.0,19.0,-732.409972299169,-100.0,0.0,3.7999999999999996e-08,0,1,33.94736842105263,0
PPO-QP-no-penalty,20260807,174,33,16797,0,0,0,0.0,-100.0,-88.92762131927725,0.0,1.9977016337454265e-11,107.24698631088836,30.0,156,92,32.62968993667165,125.0,4,-100.0,28.99282175935228,-721.3375936184462,-88.92762131927725,-11.07237868072275,3.7999999999999996e-08,0,1,46.52437552169879,0
PPO-QP-no-penalty,20260807,175,33,16894,0,0,0,0.0,-100.0,-84.92062251055066,0.0,1.9932940483376646e-11,91.58439872246944,30.0,128,93,57.33135215374422,125.0,3,-100.0,100.0,-506.52727070999674,-84.92062251055066,-15.079377489449342,3.7999999999999996e-08,0,1,9.012202532845862,0
PPO-QP-no-penalty,20260807,176,34,16989,0,0,0,0.0,-100.0,-100.0,0.0,1.1102230246251566e-17,115.3687027071826,30.0,164,92,30.0,125.0,4,-100.0,19.0,-732.409972299169,-100.0,0.0,3.7999999999999996e-08,0,1,33.94736842105263,0
PPO-QP-no-penalty,20260807,177,34,17085,0,0,0,0.0,-100.0,-100.0,0.0,1.9975991231528194e-11,112.50095741162527,30.0,230,92,30.0,125.0,4,-100.0,19.0,-732.409972299169,-100.0,0.0,3.7999999999999996e-08,0,1,33.94736842105263,0
PPO-QP-no-penalty,20260807,178,34,17181,0,0,0,0.0,-100.0,-100.0,0.0,1.9682722118830044e-11,108.13271811924119,30.0,232,92,30.0,125.0,4,-100.0,19.0,-732.409972299169,-100.0,0.0,3.7999999999999996e-08,0,1,33.94736842105263,0
PPO-QP-no-penalty,20260807,179,34,17277,0,0,0,0.0,-100.0,-100.0,0.0,2.006821375744039e-11,114.98663326839446,30.0,182,92,30.0,125.0,4,-100.0,19.0,-732.409972299169,-100.0,0.0,3.7999999999999996e-08,0,1,33.94736842105263,0
PPO-QP-no-penalty,20260807,180,34,17373,0,0,0,0.0,-100.0,-70.07704649866254,0.0,1.99974999522586e-11,84.83495531338835,30.0,21,92,37.10670145656765,125.0,4,-100.0,46.00546553495706,-702.4870187978315,-70.07704649866254,-29.92295350133746,3.7999999999999996e-08,0,1,22.73493987018616,0
PPO-QP-no-penalty,20260807,181,35,17469,0,0,0,0.0,-100.0,-100.0,0.0,0.0,105.46834623074572,30.0,204,92,30.0,125.0,4,-100.0,19.0,-732.409972299169,-100.0,0.0,3.7999999999999996e-08,0,1,33.94736842105263,0
PPO-QP-no-penalty,20260807,182,35,17565,0,0,0,0.0,-100.0,-100.0,0.0,0.0,106.13850935359314,30.0,234,92,30.0,125.0,4,-100.0,19.0,-732.409972299169,-100.0,0.0,3.7999999999999996e-08,0,1,33.94736842105263,0
PPO-QP-no-penalty,20260807,183,35,17661,0,0,0,0.0,-100.0,-100.0,0.0,1.9893853231423008e-11,93.95418866591038,30.0,94,92,30.0,125.0,4,-100.0,19.0,-732.409972299169,-100.0,0.0,3.7999999999999996e-08,0,1,33.94736842105263,0
PPO-QP-no-penalty,20260807,184,35,17756,0,0,0,0.0,-100.0,-19.28757320383632,0.0,1.9872507343402882e-11,103.80239389071916,30.0,65,91,25.419201364088874,125.0,5,-100.0,1.5929651835377205,-840.3402047827838,-19.28757320383632,-80.71242679616368,3.7999999999999996e-08,0,1,2.6692445101949573,0
PPO-QP-no-penalty,20260807,184,35,17757,0,0,0,0.0,-100.0,-100.0,0.0,1.9872507343402882e-11,94.22972826960984,30.0,65,92,30.0,125.0,4,-100.0,19.0,-732.409972299169,-100.0,0.0,3.7999999999999996e-08,0,1,35.71242679616368,0
PPO-QP-no-penalty,20260807,185,35,17853,0,0,0,0.0,-100.0,-100.0,0.0,1.993321063764597e-11,90.68725573509818,30.0,146,92,30.0,125.0,4,-100.0,19.0,-732.409972299169,-100.0,0.0,3.7999999999999996e-08,0,1,33.94736842105263,0
PPO-QP-no-penalty,20260807,186,36,17949,0,0,0,0.0,-100.0,-94.72723090403586,0.0,1.999129750629436e-11,104.96059298132022,30.0,58,92,31.252282660291485,125.0,4,-100.0,23.75867410910764,-727.1372032032049,-94.72723090403586,-5.2727690959641365,3.7999999999999996e-08,0,1,48.83071022889161,0
PPO-QP-no-penalty,20260807,187,36,18045,0,0,0,0.0,-100.0,-100.0,0.0,2.0077350892933056e-11,88.96023354870242,30.0,72,92,30.0,125.0,4,-100.0,19.0,-732.409972299169,-100.0,0.0,3.7999999999999996e-08,0,1,65.53343980390548,0
PPO-QP-no-penalty,20260807,188,36,18141,0,0,0,0.0,-100.0,-100.0,0.0,1.9955829581401e-11,99.83051753648506,30.0,190,92,30.0,125.0,4,-100.0,19.0,-732.409972299169,-100.0,0.0,3.7999999999999996e-08,0,1,33.94736842105263,0
PPO-QP-no-penalty,20260807,189,36,18237,0,0,0,0.0,-100.0,-100.0,0.0,1.9907805034099133e-11,100.07999755036212,30.0,172,92,30.0,125.0,4,-100.0,19.0,-732.409972299169,-100.0,0.0,3.7999999999999996e-08,0,1,33.94736842105263,0
PPO-QP-no-penalty,20260807,190,36,18333,0,0,0,0.0,-100.0,-94.36127508163192,0.0,1.989206577235336e-11,96.25561346436216,30.0,8,92,31.33919716811242,125.0,4,-100.0,24.088949238827198,-726.771247380801,-94.36127508163192,-5.638724918368084,3.7999999999999996e-08,0,1,34.10663453499288,0
PPO-QP-no-penalty,20260807,191,36,18429,0,0,0,0.0,-100.0,-88.23598233150422,0.0,2.000216658970544e-11,95.64219345576147,30.0,149,92,32.79395419626775,125.0,4,-100.0,29.617025945817442,-720.6459546306733,-88.23598233150422,-11.764017668495782,3.7999999999999996e-08,0,1,10.41933308406108,0
PPO-QP-no-penalty,20260807,192,37,18525,0,0,0,0.0,-100.0,-100.0,0.0,1.9802696519614454e-11,95.77455035660361,30.0,116,92,30.0,125.0,4,-100.0,19.0,-732.409972299169,-100.0,0.0,3.7999999999999996e-08,0,1,33.94736842105263,0
PPO-QP-no-penalty,20260807,193,37,18621,0,0,0,0.0,-100.0,-100.0,0.0,1.9953239061010207e-11,102.84941180769906,30.0,173,92,30.0,125.0,4,-100.0,19.0,-732.409972299169,-100.0,0.0,3.7999999999999996e-08,0,1,33.94736842105263,0
PPO-QP-no-penalty,20260807,194,37,18717,0,0,0,0.0,-100.0,-100.0,0.0,2.0034385261880062e-11,91.9647476534924,30.0,62,92,30.0,125.0,4,-100.0,19.0,-732.409972299169,-100.0,0.0,3.7999999999999996e-08,0,1,33.94736842105263,0
PPO-QP-no-penalty,20260807,195,37,18813,0,0,0,0.0,-100.0,-90.04792918975748,0.0,1.9976191071672625e-11,98.10549359535615,30.0,151,92,32.3636168174326,125.0,4,-100.0,27.981743906243878,-722.4579014889265,-90.04792918975748,-9.952070810242517,3.7999999999999996e-08,0,1,14.043226800567595,0
PPO-QP-no-penalty,20260807,196,37,18909,0,0,0,0.0,-100.0,-100.0,0.0,1.99155025804032e-11,101.49658100152236,30.0,177,92,30.0,125.0,4,-100.0,19.0,-732.409972299169,-100.0,0.0,3.7999999999999996e-08,0,1,33.94736842105263,0
PPO-QP-no-penalty,20260807,197,38,19005,0,0,0,0.0,-100.0,-100.0,0.0,1.994238478057279e-11,87.53223352510913,30.0,59,92,30.0,125.0,4,-100.0,19.0,-732.409972299169,-100.0,0.0,3.7999999999999996e-08,0,1,55.301921826310625,0
PPO-QP-no-penalty,20260807,198,38,19101,0,0,0,0.0,-100.0,-100.0,0.0,1.9918718526431197e-11,101.76595014465538,30.0,18,92,30.0,125.0,4,-100.0,19.0,-732.409972299169,-100.0,0.0,3.7999999999999996e-08,0,1,33.94736842105263,0
PPO-QP-no-penalty,20260807,199,38,19197,0,0,0,0.0,-100.0,-100.0,0.0,0.0,98.39027437785774,30.0,5,92,30.0,125.0,4,-100.0,19.0,-732.409972299169,-100.0,0.0,3.7999999999999996e-08,0,1,33.94736842105263,0
PPO-QP-no-penalty,20260807,200,38,19293,0,0,0,0.0,-100.0,-100.0,0.0,1.9509660553751473e-11,100.58254270570778,30.0,153,92,30.0,125.0,4,-100.0,19.0,-732.409972299169,-100.0,0.0,3.7999999999999996e-08,0,1,51.43929364863507,0
PPO-QP-no-penalty,20260807,201,38,19389,0,0,0,0.0,-100.0,-100.0,0.0,1.952861576152524e-11,110.10922097309025,30.0,167,92,30.0,125.0,4,-100.0,19.0,-732.409972299169,-100.0,0.0,3.7999999999999996e-08,0,1,33.94736842105263,0
PPO-QP-no-penalty,20260807,202,39,19485,0,0,0,0.0,-100.0,-100.0,0.0,1.9847179455467767e-11,107.26565595594029,30.0,39,92,30.0,125.0,4,-100.0,19.0,-732.409972299169,-100.0,0.0,3.7999999999999996e-08,0,1,33.94736842105263,0
PPO-QP-no-penalty,20260807,203,39,19581,0,0,0,0.0,-100.0,-100.0,0.0,1.9921864158334303e-11,92.94233251117724,30.0,1,92,30.0,125.0,4,-100.0,19.0,-732.409972299169,-100.0,0.0,3.7999999999999996e-08,0,1,42.222573150802106,0
PPO-QP-no-penalty,20260807,204,39,19677,0,0,0,0.0,-100.0,-100.0,0.0,1.9701940079386303e-11,104.64145612587045,30.0,171,92,30.0,125.0,4,-100.0,19.0,-732.409972299169,-100.0,0.0,3.7999999999999996e-08,0,1,65.0495761695764,0
PPO-QP-no-penalty,20260807,205,39,19773,0,0,0,0.0,-100.0,-100.0,0.0,1.9725695151369867e-11,105.46834623074572,30.0,204,92,30.0,125.0,4,-100.0,19.0,-732.409972299169,-100.0,0.0,3.7999999999999996e-08,0,1,33.94736842105263,0
PPO-QP-no-penalty,20260807,206,39,19869,0,0,0,0.0,-100.0,-100.0,0.0,0.0,101.49658100152236,30.0,177,92,30.0,125.0,4,-100.0,19.0,-732.409972299169,-100.0,0.0,3.7999999999999996e-08,0,1,54.79866840550225,0
PPO-QP-no-penalty,20260807,207,39,19965,0,0,0,0.0,-100.0,-76.53005240065158,0.0,2.0051297659288517e-11,88.20043028629402,30.0,48,92,35.57411255484525,125.0,4,-100.0,40.18162770841195,-708.9400246998206,-76.53005240065158,-23.469947599348416,3.7999999999999996e-08,0,1,48.50285412922233,0
PPO-QP-no-penalty,20260807,208,40,20064,0,0,0,0.0,-100.0,-100.0,0.0,0.0,94.93853989458648,30.0,223,95,101.25,125.0,1,-100.0,100.0,-100.0,-100.0,0.0,3.7999999999999996e-08,0,1,75.52840503935377,0
PPO-QP-no-penalty,20260807,209,40,20157,0,0,0,0.0,-100.0,-100.0,0.0,1.9966051034714384e-11,83.30546343049515,30.0,77,92,30.0,125.0,4,-100.0,19.0,-732.409972299169,-100.0,0.0,3.7999999999999996e-08,0,1,33.94736842105263,0
PPO-QP-no-penalty,20260807,210,40,20253,0,0,0,0.0,-100.0,-100.0,0.0,1.9907908654914763e-11,93.19234625977204,30.0,43,92,30.0,125.0,4,-100.0,19.0,-732.409972299169,-100.0,0.0,3.7999999999999996e-08,0,1,33.94736842105263,0
PPO-QP-no-penalty,20260807,211,40,20349,0,0,0,0.0,-100.0,-100.0,0.0,1.9956525321163098e-11,95.87781493241873,30.0,133,92,30.0,125.0,4,-100.0,19.0,-732.409972299169,-100.0,0.0,3.7999999999999996e-08,0,1,33.94736842105263,0
PPO-QP-no-penalty,20260807,212,40,20445,0,0,0,0.0,-100.0,-100.0,0.0,1.9839274667532435e-11,98.60021436873261,30.0,138,92,30.0,125.0,4,-100.0,19.0,-732.409972299169,-100.0,0.0,3.7999999999999996e-08,0,1,33.94736842105263,0
PPO-QP-no-penalty,20260807,213,41,20541,0,0,0,0.0,-100.0,-100.0,0.0,1.998917327957391e-11,88.64779970570982,30.0,89,92,30.0,125.0,4,-100.0,19.0,-732.409972299169,-100.0,0.0,3.7999999999999996e-08,0,1,33.94736842105263,0
PPO-QP-no-penalty,20260807,214,41,20637,0,0,0,0.0,-100.0,-86.31547413162328,0.0,0.0,92.19664912634585,30.0,74,92,33.25007489373947,125.0,4,-100.0,31.350284596209995,-718.7254464307922,-86.31547413162328,-13.684525868376724,3.7999999999999996e-08,0,1,42.52526091278281,0
PPO-QP-no-penalty,20260807,215,41,20733,0,0,0,0.0,-100.0,-100.0,0.0,1.9985069155126212e-11,93.90241884913648,30.0,99,92,30.0,125.0,4,-100.0,19.0,-732.409972299169,-100.0,0.0,3.7999999999999996e-08,0,1,35.877484122022736,0
PPO-QP-no-penalty,20260807,216,41,20829,0,0,0,0.0,-100.0,-100.0,0.0,1.9672674600457186e-11,91.9647476534924,30.0,62,92,30.0,125.0,4,-100.0,19.0,-732.409972299169,-100.0,0.0,3.7999999999999996e-08,0,1,33.94736842105263,0
PPO-QP-no-penalty,20260807,217,41,20925,0,0,0,0.0,-100.0,-100.0,0.0,0.0,93.21260719239173,30.0,66,92,30.0,125.0,4,-100.0,19.0,-732.409972299169,-100.0,0.0,3.7999999999999996e-08,0,1,33.94736842105263,0
PPO-QP-no-penalty,20260807,218,42,21021,0,0,0,0.0,-100.0,-100.0,0.0,1.9851187360586665e-11,108.98309588157623,30.0,165,92,30.0,125.0,4,-100.0,19.0,-732.409972299169,-100.0,0.0,3.7999999999999996e-08,0,1,33.94736842105263,0
PPO-QP-no-penalty,20260807,219,42,21117,0,0,0,0.0,-100.0,-100.0,0.0,1.9891536566044957e-11,97.84049651637996,30.0,114,92,30.0,125.0,4,-100.0,19.0,-732.409972299169,-100.0,0.0,3.7999999999999996e-08,0,1,33.94736842105263,0
PPO-QP-no-penalty,20260807,220,42,21213,0,0,0,0.0,-100.0,-100.0,0.0,1.9950737358461386e-11,83.30546343049515,30.0,77,92,30.0,125.0,4,-100.0,19.0,-732.409972299169,-100.0,0.0,3.7999999999999996e-08,0,1,33.94736842105263,0
PPO-QP-no-penalty,20260807,221,42,21309,0,0,0,0.0,-100.0,-100.0,0.0,1.9848885498182275e-11,88.64779970570982,30.0,89,92,30.0,125.0,4,-100.0,19.0,-732.409972299169,-100.0,0.0,3.7999999999999996e-08,0,1,33.94736842105263,0
PPO-QP-no-penalty,20260807,222,42,21405,0,0,0,0.0,-100.0,-100.0,0.0,1.9925387266065777e-11,99.1738371645239,30.0,108,92,30.0,125.0,4,-100.0,19.0,-732.409972299169,-100.0,0.0,3.7999999999999996e-08,0,1,33.94736842105263,0
PPO-QP-no-penalty,20260807,223,42,21501,0,0,0,0.0,-100.0,-100.0,0.0,1.983070374578233e-11,89.55801861089178,30.0,102,92,30.0,125.0,4,-100.0,19.0,-732.409972299169,-100.0,0.0,3.7999999999999996e-08,0,1,33.94736842105263,0
PPO-QP-no-penalty,20260807,224,43,21597,0,0,0,0.0,-100.0,-100.0,0.0,1.9823590916937897e-11,100.54978970845178,30.0,29,92,30.0,125.0,4,-100.0,19.0,-732.409972299169,-100.0,0.0,3.7999999999999996e-08,0,1,33.94736842105263,0
PPO-QP-no-penalty,20260807,225,43,21693,0,0,0,0.0,-100.0,-100.0,0.0,1.982409791878581e-11,95.98847543410712,30.0,71,92,30.0,125.0,4,-100.0,19.0,-732.409972299169,-100.0,0.0,3.7999999999999996e-08,0,1,53.56040246639015,0
PPO-QP-no-penalty,20260807,226,43,21789,0,0,0,0.0,-100.0,-75.16223013831463,0.0,2.005991298995961e-11,88.96023354870242,30.0,72,92,35.89897034215028,125.0,4,-100.0,41.41608730017106,-707.5722024374836,-75.16223013831463,-24.837769861685373,3.7999999999999996e-08,0,1,29.673169618789615,0
PPO-QP-no-penalty,20260807,227,43,21885,0,0,0,0.0,-100.0,-100.0,0.0,2.960594732333751e-17,102.17123510480714,30.0,231,92,30.0,125.0,4,-100.0,19.0,-732.409972299169,-100.0,0.0,3.7999999999999996e-08,0,1,33.94736842105263,0
PPO-QP-no-penalty,20260807,228,43,21981,0,0,0,0.0,-100.0,-100.0,0.0,1.9550690695998205e-11,90.96640864829209,30.0,87,92,30.0,125.0,4,-100.0,19.0,-732.409972299169,-100.0,0.0,3.7999999999999996e-08,0,1,33.94736842105263,0
PPO-QP-no-penalty,20260807,229,44,22077,0,0,0,0.0,-100.0,-100.0,0.0,0.0,108.13271811924119,30.0,232,92,30.0,125.0,4,-100.0,19.0,-732.409972299169,-100.0,0.0,3.7999999999999996e-08,0,1,47.291705706253275,0
PPO-QP-no-penalty,20260807,230,44,22173,0,0,0,0.0,-100.0,-100.0,0.0,0.0,87.61049049163246,30.0,101,92,30.0,125.0,4,-100.0,19.0,-732.409972299169,-100.0,0.0,3.7999999999999996e-08,0,1,33.94736842105263,0
PPO-QP-no-penalty,20260807,231,44,22269,0,0,0,0.0,-100.0,-100.0,0.0,1.995339079149024e-11,111.37033894980843,30.0,201,92,30.0,125.0,4,-100.0,19.0,-732.409972299169,-100.0,0.0,3.7999999999999996e-08,0,1,55.44841578576737,0
PPO-QP-no-penalty,20260807,232,44,22365,0,0,0,0.0,-100.0,-100.0,0.0,1.9883639179596457e-11,81.39778407810832,30.0,6,92,30.0,125.0,4,-100.0,19.0,-732.409972299169,-100.0,0.0,3.7999999999999996e-08,0,1,33.94736842105263,0
PPO-QP-no-penalty,20260807,233,44,22461,0,0,0,0.0,-100.0,-100.0,0.0,2.0070641445120903e-11,83.01996185755443,30.0,27,92,30.0,125.0,4,-100.0,19.0,-732.409972299169,-100.0,0.0,3.7999999999999996e-08,0,1,42.648379463662366,0
PPO-QP-no-penalty,20260807,235,45,22653,0,0,0,0.0,-100.0,-100.0,0.0,2.000630032010046e-11,112.54618120928845,30.0,212,92,30.0,125.0,4,-100.0,19.0,-732.409972299169,-100.0,0.0,3.7999999999999996e-08,0,1,33.94736842105263,0
PPO-QP-no-penalty,20260807,236,45,22749,0,0,0,0.0,-100.0,-100.0,0.0,1.9851420507421837e-11,102.34785609960065,30.0,23,92,30.0,125.0,4,-100.0,19.0,-732.409972299169,-100.0,0.0,3.7999999999999996e-08,0,1,36.47664428713463,0
PPO-QP-no-penalty,20260807,237,45,22845,0,0,0,0.0,-100.0,-69.45432842934835,0.0,2.0056393582971546e-11,106.52560817321435,30.0,227,92,37.25459699802977,125.0,4,-100.0,46.567468592513116,-701.8643007285174,-69.45432842934835,-30.54567157065165,3.7999999999999996e-08,0,1,41.497536031786304,0
PPO-QP-no-penalty,20260807,238,45,22941,0,0,0,0.0,-100.0,-100.0,0.0,1.996874147517739e-11,105.46834623074572,30.0,204,92,30.0,125.0,4,-100.0,19.0,-732.409972299169,-100.0,0.0,3.7999999999999996e-08,0,1,33.94736842105263,0
PPO-QP-no-penalty,20260807,239,45,23038,0,0,0,0.0,-100.0,-95.04526456764773,0.0,2.006899831504446e-11,95.34226821255214,30.0,121,93,54.926749665183664,125.0,3,-100.0,100.0,-516.6519127670938,-95.04526456764773,-4.954735432352265,3.7999999999999996e-08,0,1,23.042808913600936,0
PPO-QP-no-penalty,20260807,241,46,23229,0,0,0,0.0,-100.0,-100.0,0.0,1.9892787417319367e-11,83.04178651529132,30.0,55,92,30.0,125.0,4,-100.0,19.0,-732.409972299169,-100.0,0.0,3.7999999999999996e-08,0,1,33.94736842105263,0
PPO-QP-no-penalty,20260807,242,46,23325,0,0,0,0.0,-100.0,-100.0,0.0,0.0,92.25043085354079,30.0,85,92,30.0,125.0,4,-100.0,19.0,-732.409972299169,-100.0,0.0,3.7999999999999996e-08,0,1,33.94736842105263,0
PPO-QP-no-penalty,20260807,243,46,23421,0,0,0,0.0,-100.0,-100.0,0.0,1.9985875917190772e-11,108.22393721596258,30.0,209,92,30.0,125.0,4,-100.0,19.0,-732.409972299169,-100.0,0.0,3.7999999999999996e-08,0,1,40.11482955216134,0
PPO-QP-no-penalty,20260807,244,46,23517,0,0,0,0.0,-100.0,-100.0,0.0,1.9925398368296024e-11,103.71614153679448,30.0,125,92,30.0,125.0,4,-100.0,19.0,-732.409972299169,-100.0,0.0,3.7999999999999996e-08,0,1,33.94736842105263,0
PPO-QP-no-penalty,20260807,245,47,23613,0,0,0,0.0,-100.0,-100.0,0.0,1.9914051888984357e-11,106.24062507747706,30.0,199,92,30.0,125.0,4,-100.0,19.0,-732.409972299169,-100.0,0.0,3.7999999999999996e-08,0,1,33.94736842105263,0
PPO-QP-no-penalty,20260807,246,47,23709,0,0,0,0.0,-100.0,-80.79798616665211,0.0,0.0,93.4850457571753,30.0,83,92,34.560478285420125,125.0,4,-100.0,36.329817484596475,-713.2079584658211,-80.79798616665211,-19.20201383334789,3.7999999999999996e-08,0,1,29.403173105436515,0
PPO-QP-no-penalty,20260807,247,47,23805,0,0,0,0.0,-100.0,-100.0,0.0,1.9841162046674298e-11,99.69693547047898,30.0,137,92,30.0,125.0,4,-100.0,19.0,-732.409972299169,-100.0,0.0,3.7999999999999996e-08,0,1,33.94736842105263,0
PPO-QP-no-penalty,20260807,248,47,23901,0,0,0,0.0,-100.0,-100.0,0.0,1.9930087210203358e-11,99.69693547047898,30.0,137,92,30.0,125.0,4,-100.0,19.0,-732.409972299169,-100.0,0.0,3.7999999999999996e-08,0,1,33.94736842105263,0
PPO-QP-no-penalty,20260807,249,47,23997,0,0,0,0.0,-100.0,-100.0,0.0,2.000048645219484e-11,100.54978970845178,30.0,29,92,30.0,125.0,4,-100.0,19.0,-732.409972299169,-100.0,0.0,3.7999999999999996e-08,0,1,33.94736842105263,0
PPO-QP-no-penalty,20260807,250,48,24093,0,0,0,0.0,-100.0,-100.0,0.0,0.0,106.13850935359314,30.0,234,92,30.0,125.0,4,-100.0,19.0,-732.409972299169,-100.0,0.0,3.7999999999999996e-08,0,1,36.10723924375519,0
PPO-QP-no-penalty,20260807,251,48,24189,0,0,0,0.0,-100.0,-100.0,0.0,2.0050383575664908e-11,99.52151171969736,30.0,51,92,30.0,125.0,4,-100.0,19.0,-732.409972299169,-100.0,0.0,3.7999999999999996e-08,0,1,33.94736842105263,0
PPO-QP-no-penalty,20260807,252,48,24285,0,0,0,0.0,-100.0,-100.0,0.0,1.9954523218975358e-11,94.86775162328135,30.0,67,92,30.0,125.0,4,-100.0,19.0,-732.409972299169,-100.0,0.0,3.7999999999999996e-08,0,1,33.94736842105263,0
PPO-QP-no-penalty,20260807,253,48,24381,0,0,0,0.0,-100.0,-100.0,0.0,0.0,103.71614153679448,30.0,125,92,30.0,125.0,4,-100.0,19.0,-732.409972299169,-100.0,0.0,3.7999999999999996e-08,0,1,38.759351934220746,0
PPO-QP-no-penalty,20260807,254,48,24477,0,0,0,0.0,-100.0,-100.0,0.0,2.004834816678643e-11,100.12765026961917,30.0,111,92,30.0,125.0,4,-100.0,19.0,-732.409972299169,-100.0,0.0,3.7999999999999996e-08,0,1,45.34798938399984,0
PPO-QP-no-penalty,20260807,255,48,24573,0,0,0,0.0,-100.0,-100.0,0.0,0.0,105.49799693923116,30.0,228,92,30.0,125.0,4,-100.0,19.0,-732.409972299169,-100.0,0.0,3.7999999999999996e-08,0,1,33.94736842105263,0
PPO-QP-no-penalty,20260807,256,49,24669,0,0,0,0.0,-100.0,-100.0,0.0,0.0,100.78780511344941,30.0,45,92,30.0,125.0,4,-100.0,19.0,-732.409972299169,-100.0,0.0,3.7999999999999996e-08,0,1,33.94736842105263,0
PPO-QP-no-penalty,20260807,257,49,24765,0,0,0,0.0,-100.0,-100.0,0.0,1.9837731457528206e-11,113.6679028833153,30.0,168,92,30.0,125.0,4,-100.0,19.0,-732.409972299169,-100.0,0.0,3.7999999999999996e-08,0,1,33.94736842105263,0
PPO-QP-no-penalty,20260807,258,49,24861,0,0,0,0.0,-100.0,-100.0,0.0,2.0002436743974763e-11,103.60264311293285,30.0,198,92,30.0,125.0,4,-100.0,19.0,-732.409972299169,-100.0,0.0,3.7999999999999996e-08,0,1,33.94736842105263,0
PPO-QP-no-penalty,20260807,259,49,24957,0,0,0,0.0,-100.0,-100.0,0.0,1.9958483014429854e-11,108.98309588157623,30.0,165,92,30.0,125.0,4,-100.0,19.0,-732.409972299169,-100.0,0.0,3.7999999999999996e-08,0,1,33.94736842105263,0
PPO-QP-no-penalty,20260807,260,49,25053,0,0,0,0.0,-100.0,-100.0,0.0,2.0041405572139106e-11,100.69676510316452,30.0,2,92,30.0,125.0,4,-100.0,19.0,-732.409972299169,-100.0,0.0,3.7999999999999996e-08,0,1,33.94736842105263,0
PPO-QP-no-penalty,20260807,261,50,25149,0,0,0,0.0,-100.0,-100.0,0.0,1.993267032910732e-11,107.26565595594029,30.0,39,92,30.0,125.0,4,-100.0,19.0,-732.409972299169,-100.0,0.0,3.7999999999999996e-08,0,1,33.94736842105263,0
PPO-QP-no-penalty,20260807,263,50,25341,0,0,0,0.0,-100.0,-100.0,0.0,1.9819564508101924e-11,100.89617127432541,30.0,141,92,30.0,125.0,4,-100.0,19.0,-732.409972299169,-100.0,0.0,3.7999999999999996e-08,0,1,33.94736842105263,0
PPO-QP-no-penalty,20260807,264,50,25437,0,0,0,0.0,-100.0,-100.0,0.0,1.9874194882400314e-11,103.27932168487578,30.0,12,92,30.0,125.0,4,-100.0,19.0,-732.409972299169,-100.0,0.0,3.7999999999999996e-08,0,1,35.34472787005295,0
PPO-QP-no-penalty,20260807,265,50,25533,0,0,0,0.0,-100.0,-100.0,0.0,1.9887846924859785e-11,92.01794582118721,30.0,127,92,30.0,125.0,4,-100.0,19.0,-732.409972299169,-100.0,0.0,3.7999999999999996e-08,0,1,33.94736842105263,0
PPO-QP-no-penalty,20260807,266,51,25629,0,0,0,0.0,-100.0,-100.0,0.0,0.0,115.3687027071826,30.0,164,92,30.0,125.0,4,-100.0,19.0,-732.409972299169,-100.0,0.0,3.7999999999999996e-08,0,1,37.655700047950575,0
PPO-QP-no-penalty,20260807,268,51,25821,0,0,0,0.0,-100.0,-100.0,0.0,2.0044525298838303e-11,112.24190410144651,30.0,216,92,30.0,125.0,4,-100.0,19.0,-732.409972299169,-100.0,0.0,3.7999999999999996e-08,0,1,33.94736842105263,0
PPO-QP-no-penalty,20260807,269,51,25917,0,0,0,0.0,-100.0,-100.0,0.0,2.0065053322563622e-11,106.13850935359314,30.0,234,92,30.0,125.0,4,-100.0,19.0,-732.409972299169,-100.0,0.0,3.7999999999999996e-08,0,1,39.99665035417092,0
PPO-QP-no-penalty,20260807,270,51,26013,0,0,0,0.0,-100.0,-100.0,0.0,1.9931334360734354e-11,92.88476102773205,30.0,105,92,30.0,125.0,4,-100.0,19.0,-732.409972299169,-100.0,0.0,3.7999999999999996e-08,0,1,64.16364948559718,0
PPO-QP-no-penalty,20260807,271,51,26109,0,0,0,0.0,-100.0,-97.74881657986118,0.0,2.0026232524135897e-11,90.43588685788883,30.0,93,92,30.53465606228297,125.0,4,-100.0,21.031693036675286,-730.1587888790301,-97.74881657986118,-2.2511834201388154,3.7999999999999996e-08,0,1,29.445001580774985,0
PPO-QP-no-penalty,20260807,272,52,26205,0,0,0,0.0,-100.0,-100.0,0.0,1.9847941808611343e-11,94.0077774045799,30.0,78,92,30.0,125.0,4,-100.0,19.0,-732.409972299169,-100.0,0.0,3.7999999999999996e-08,0,1,54.891220790513586,0
PPO-QP-no-penalty,20260807,273,52,26301,0,0,0,0.0,-100.0,-79.87354446633627,0.0,0.0,107.22965812391051,30.0,150,92,34.78003318924514,125.0,4,-100.0,37.164126119131524,-712.2835167655053,-79.87354446633627,-20.12645553366373,3.7999999999999996e-08,0,1,36.60107943125968,0
PPO-QP-no-penalty,20260807,274,52,26397,0,0,0,0.0,-100.0,-100.0,0.0,1.9862315496036825e-11,87.04250902822423,30.0,70,92,30.0,125.0,4,-100.0,19.0,-732.409972299169,-100.0,0.0,3.7999999999999996e-08,0,1,33.94736842105263,0
PPO-QP-no-penalty,20260807,275,52,26493,0,0,0,0.0,-100.0,-100.0,0.0,2.008481529240195e-11,93.90241884913648,30.0,99,92,30.0,125.0,4,-100.0,19.0,-732.409972299169,-100.0,0.0,3.7999999999999996e-08,0,1,33.94736842105263,0
PPO-QP-no-penalty,20260807,276,52,26589,0,0,0,0.0,-100.0,-100.0,0.0,1.9990290904085364e-11,88.64779970570982,30.0,89,92,30.0,125.0,4,-100.0,19.0,-732.409972299169,-100.0,0.0,3.7999999999999996e-08,0,1,39.9120788870814,0
PPO-QP-no-penalty,20260807,277,53,26685,0,0,0,0.0,-100.0,-100.0,0.0,1.9960137246736545e-11,106.43851663116271,30.0,225,92,30.0,125.0,4,-100.0,19.0,-732.409972299169,-100.0,0.0,3.7999999999999996e-08,0,1,33.94736842105263,0
PPO-QP-no-penalty,20260807,278,53,26781,0,0,0,0.0,-100.0,-100.0,0.0,1.9818576409610008e-11,103.60264311293285,30.0,198,92,30.0,125.0,4,-100.0,19.0,-732.409972299169,-100.0,0.0,3.7999999999999996e-08,0,1,33.94736842105263,0
PPO-QP-no-penalty,20260807,279,53,26876,0,0,0,0.0,-100.0,-13.599450069940351,0.0,2.0021495572564164e-11,105.79174456315472,30.0,177,91,26.770130608389167,125.0,5,-100.0,6.726496311878833,-834.6520816488878,-13.599450069940351,-86.40054993005965,3.7999999999999996e-08,0,1,2.05418735787247,0
PPO-QP-no-penalty,20260807,279,53,26877,0,0,0,0.0,-100.0,-100.0,0.0,2.0021495572564164e-11,101.49658100152236,30.0,177,92,30.0,125.0,4,-100.0,19.0,-732.409972299169,-100.0,0.0,3.7999999999999996e-08,0,1,41.40054993005965,0
PPO-QP-no-penalty,20260807,280,53,26973,0,0,0,0.0,-100.0,-100.0,0.0,2.0091894814555645e-11,103.63968225208008,30.0,38,92,30.0,125.0,4,-100.0,19.0,-732.409972299169,-100.0,0.0,3.7999999999999996e-08,0,1,33.94736842105263,0
PPO-QP-no-penalty,20260807,281,53,27069,0,0,0,0.0,-100.0,-100.0,0.0,1.9866711979214338e-11,98.98452005268396,30.0,24,92,30.0,125.0,4,-100.0,19.0,-732.409972299169,-100.0,0.0,3.7999999999999996e-08,0,1,33.94736842105263,0
PPO-QP-no-penalty,20260807,282,54,27165,0,0,0,0.0,-100.0,-100.0,0.0,1.9987182279616414e-11,98.10037487022021,30.0,132,92,30.0,125.0,4,-100.0,19.0,-732.409972299169,-100.0,0.0,3.7999999999999996e-08,0,1,33.94736842105263,0
PPO-QP-no-penalty,20260807,283,54,27260,0,0,0,0.0,-100.0,-21.05263157894737,0.0,1.9987604164365773e-11,93.98714691222426,30.0,196,91,25.0,125.0,5,-100.0,0.0,-842.1052631578948,-21.05263157894737,-78.94736842105263,3.7999999999999996e-08,0,1,0.1659942225677007,0
PPO-QP-no-penalty,20260807,283,54,27261,0,0,0,0.0,-100.0,-100.0,0.0,1.9987604164365773e-11,110.25536271311508,30.0,196,92,30.0,125.0,4,-100.0,19.0,-732.409972299169,-100.0,0.0,3.7999999999999996e-08,0,1,33.94736842105263,0
PPO-QP-no-penalty,20260807,284,54,27357,0,0,0,0.0,-100.0,-100.0,0.0,1.9972597649816255e-11,89.4498133195773,30.0,82,92,30.0,125.0,4,-100.0,19.0,-732.409972299169,-100.0,0.0,3.7999999999999996e-08,0,1,36.600020311368404,0
PPO-QP-no-penalty,20260807,286,54,27549,0,0,0,0.0,-100.0,-100.0,0.0,2.960594732333751e-17,105.7846855565606,30.0,4,92,30.0,125.0,4,-100.0,19.0,-732.409972299169,-100.0,0.0,3.7999999999999996e-08,0,1,33.94736842105263,0
PPO-QP-no-penalty,20260807,287,54,27645,0,0,0,0.0,-100.0,-100.0,0.0,0.0,70.83217175061809,30.0,35,92,30.0,125.0,4,-100.0,19.0,-732.409972299169,-100.0,0.0,3.7999999999999996e-08,0,1,33.94736842105263,0
PPO-QP-no-penalty,20260807,288,55,27741,0,0,0,0.0,-100.0,-100.0,0.0,1.9935749347628946e-11,83.44779529038792,30.0,14,92,30.0,125.0,4,-100.0,19.0,-732.409972299169,-100.0,0.0,3.7999999999999996e-08,0,1,55.974205526191206,0
PPO-QP-no-penalty,20260807,289,55,27837,0,0,0,0.0,-100.0,-100.0,0.0,1.98231357254978e-11,87.56950904514152,30.0,98,92,30.0,125.0,4,-100.0,19.0,-732.409972299169,-100.0,0.0,3.7999999999999996e-08,0,1,33.94736842105263,0
PPO-QP-no-penalty,20260807,290,55,27933,0,0,0,0.0,-100.0,-100.0,0.0,1.9964344991999876e-11,94.29611872771302,30.0,88,92,30.0,125.0,4,-100.0,19.0,-732.409972299169,-100.0,0.0,3.7999999999999996e-08,0,1,33.94736842105263,0
PPO-QP-no-penalty,20260807,291,55,28029,0,0,0,0.0,-100.0,-100.0,0.0,1.9763931232337956e-11,97.6381556687681,30.0,57,92,30.0,125.0,4,-100.0,19.0,-732.409972299169,-100.0,0.0,3.7999999999999996e-08,0,1,33.94736842105263,0
PPO-QP-no-penalty,20260807,292,55,28125,0,0,0,0.0,-100.0,-100.0,0.0,1.983596250217564e-11,95.06128279232206,30.0,126,92,30.0,125.0,4,-100.0,19.0,-732.409972299169,-100.0,0.0,3.7999999999999996e-08,0,1,33.94736842105263,0
PPO-QP-no-penalty,20260807,293,56,28221,0,0,0,0.0,-100.0,-100.0,0.0,1.9906039779489976e-11,102.98408042338848,30.0,178,92,30.0,125.0,4,-100.0,19.0,-732.409972299169,-100.0,0.0,3.7999999999999996e-08,0,1,33.94736842105263,0
PPO-QP-no-penalty,20260807,294,56,28317,0,0,0,0.0,-100.0,-100.0,0.0,1.9896273517616693e-11,95.06128279232206,30.0,126,92,30.0,125.0,4,-100.0,19.0,-732.409972299169,-100.0,0.0,3.7999999999999996e-08,0,1,33.94736842105263,0
PPO-QP-no-penalty,20260807,295,56,28413,0,0,0,0.0,-100.0,-95.0597596191697,0.0,1.9623117945381335e-11,88.96023354870242,30.0,72,92,31.1733070904472,125.0,4,-100.0,23.458566943699356,-727.4697319183387,-95.0597596191697,-4.9402403808303035,3.7999999999999996e-08,0,1,36.62997117867291,0
PPO-QP-no-penalty,20260807,296,56,28509,0,0,0,0.0,-100.0,-100.0,0.0,2.00298333474791e-11,108.3505698228186,30.0,161,92,30.0,125.0,4,-100.0,19.0,-732.409972299169,-100.0,0.0,3.7999999999999996e-08,0,1,46.80480550714182,0
PPO-QP-no-penalty,20260807,297,56,28605,0,0,0,0.0,-100.0,-100.0,0.0,1.9985380017573105e-11,93.21260719239173,30.0,66,92,30.0,125.0,4,-100.0,19.0,-732.409972299169,-100.0,0.0,3.7999999999999996e-08,0,1,73.70331472436524,0
PPO-QP-no-penalty,20260807,298,57,28701,0,0,0,0.0,-100.0,-100.0,0.0,2.0011092782823425e-11,113.6679028833153,30.0,168,92,30.0,125.0,4,-100.0,19.0,-732.409972299169,-100.0,0.0,3.7999999999999996e-08,0,1,33.94736842105263,0
PPO-QP-no-penalty,20260807,299,57,28797,0,0,0,0.0,-100.0,-100.0,0.0,1.9833664340514663e-11,114.98663326839446,30.0,182,92,30.0,125.0,4,-100.0,19.0,-732.409972299169,-100.0,0.0,3.7999999999999996e-08,0,1,33.94736842105263,0
PPO-QP-no-penalty,20260807,300,57,28893,0,0,0,0.0,-100.0,-100.0,0.0,1.9882155181486874e-11,112.24190410144651,30.0,216,92,30.0,125.0,4,-100.0,19.0,-732.409972299169,-100.0,0.0,3.7999999999999996e-08,0,1,33.94736842105263,0
PPO-QP-no-penalty,20260807,301,57,28989,0,0,0,0.0,-100.0,-100.0,0.0,1.9925398368296024e-11,104.76339971089588,30.0,25,92,30.0,125.0,4,-100.0,19.0,-732.409972299169,-100.0,0.0,3.7999999999999996e-08,0,1,33.94736842105263,0
PPO-QP-no-penalty,20260807,302,57,29085,0,0,0,0.0,-100.0,-100.0,0.0,1.992230084605732e-11,94.92530164324614,30.0,109,92,30.0,125.0,4,-100.0,19.0,-732.409972299169,-100.0,0.0,3.7999999999999996e-08,0,1,33.94736842105263,0
PPO-QP-no-penalty,20260807,303,57,29181,0,0,0,0.0,-100.0,-100.0,0.0,1.994558962437054e-11,105.07840638717109,30.0,239,92,30.0,125.0,4,-100.0,19.0,-732.409972299169,-100.0,0.0,3.7999999999999996e-08,0,1,33.94736842105263,0
PPO-QP-no-penalty,20260807,304,58,29277,0,0,0,0.0,-100.0,-100.0,0.0,2.0056079019781237e-11,100.07999755036212,30.0,172,92,30.0,125.0,4,-100.0,19.0,-732.409972299169,-100.0,0.0,3.7999999999999996e-08,0,1,33.94736842105263,0
PPO-QP-no-penalty,20260807,305,58,29373,0,0,0,0.0,-100.0,-100.0,0.0,1.995051531385646e-11,88.96023354870242,30.0,72,92,30.0,125.0,4,-100.0,19.0,-732.409972299169,-100.0,0.0,3.7999999999999996e-08,0,1,35.074684263105866,0
PPO-QP-no-penalty,20260807,306,58,29469,0,0,0,0.0,-100.0,-100.0,0.0,1.9955700055381462e-11,112.82024492984584,30.0,205,92,30.0,125.0,4,-100.0,19.0,-732.409972299169,-100.0,0.0,3.7999999999999996e-08,0,1,33.94736842105263,0
PPO-QP-no-penalty,20260807,307,58,29565,0,0,0,0.0,-100.0,-100.0,0.0,1.9899574580743242e-11,91.87996057561233,30.0,84,92,30.0,125.0,4,-100.0,19.0,-732.409972299169,-100.0,0.0,3.7999999999999996e-08,0,1,35.16285898781902,0
PPO-QP-no-penalty,20260807,308,58,29661,0,0,0,0.0,-100.0,-100.0,0.0,2.0069305476747938e-11,107.61759070352285,30.0,152,92,30.0,125.0,4,-100.0,19.0,-732.409972299169,-100.0,0.0,3.7999999999999996e-08,0,1,33.94736842105263,0
PPO-QP-no-penalty,20260807,309,59,29757,0,0,0,0.0,-100.0,-100.0,0.0,1.9890167290981255e-11,101.10748378887497,30.0,110,92,30.0,125.0,4,-100.0,19.0,-732.409972299169,-100.0,0.0,3.7999999999999996e-08,0,1,33.94736842105263,0
PPO-QP-no-penalty,20260807,310,59,29853,0,0,0,0.0,-100.0,-98.11377555358827,0.0,1.9961188257866524e-11,109.00381953646375,30.0,159,92,30.447978306022787,125.0,4,-100.0,20.702317562886588,-730.5237478527573,-98.11377555358827,-1.886224446411731,3.7999999999999996e-08,0,1,30.174919528229168,0
PPO-QP-no-penalty,20260807,311,59,29949,0,0,0,0.0,-100.0,-100.0,0.0,1.9917752632399772e-11,97.15497237735016,30.0,17,92,30.0,125.0,4,-100.0,19.0,-732.409972299169,-100.0,0.0,3.7999999999999996e-08,0,1,59.425097944637415,0
PPO-QP-no-penalty,20260807,312,59,30045,0,0,0,0.0,-100.0,-100.0,0.0,0.0,100.89617127432541,30.0,141,92,30.0,125.0,4,-100.0,19.0,-732.409972299169,-100.0,0.0,3.7999999999999996e-08,0,1,33.94736842105263,0
PPO-QP-no-penalty,20260807,313,59,30141,0,0,0,0.0,-100.0,-100.0,0.0,1.9873354813645013e-11,89.4498133195773,30.0,82,92,30.0,125.0,4,-100.0,19.0,-732.409972299169,-100.0,0.0,3.7999999999999996e-08,0,1,33.94736842105263,0
PPO-QP-no-penalty,20260807,314,60,30237,0,0,0,0.0,-100.0,-100.0,0.0,1.9936026903385103e-11,114.05868659417193,30.0,202,92,30.0,125.0,4,-100.0,19.0,-732.409972299169,-100.0,0.0,3.7999999999999996e-08,0,1,33.94736842105263,0
PPO-QP-no-penalty,20260807,315,60,30333,0,0,0,0.0,-100.0,-100.0,0.0,1.9907468266448328e-11,112.16735870136588,30.0,181,92,30.0,125.0,4,-100.0,19.0,-732.409972299169,-100.0,0.0,3.7999999999999996e-08,0,1,33.94736842105263,0
PPO-QP-no-penalty,20260807,316,60,30429,0,0,0,0.0,-100.0,-100.0,0.0,1.986478019115149e-11,70.68740403315702,30.0,7,92,30.0,125.0,4,-100.0,19.0,-732.409972299169,-100.0,0.0,3.7999999999999996e-08,0,1,33.94736842105263,0
PPO-QP-no-penalty,20260807,317,60,30525,0,0,0,0.0,-100.0,-100.0,0.0,0.0,100.43147422329041,30.0,118,92,30.0,125.0,4,-100.0,19.0,-732.409972299169,-100.0,0.0,3.7999999999999996e-08,0,1,33.94736842105263,0
PPO-QP-no-penalty,20260807,318,60,30621,0,0,0,0.0,-100.0,-100.0,0.0,1.9995283206952763e-11,103.03986682541994,30.0,194,92,30.0,125.0,4,-100.0,19.0,-732.409972299169,-100.0,0.0,3.7999999999999996e-08,0,1,33.94736842105263,0
PPO-QP-no-penalty,20260807,319,60,30717,0,0,0,0.0,-100.0,-100.0,0.0,1.9957924202174127e-11,88.96023354870242,30.0,72,92,30.0,125.0,4,-100.0,19.0,-732.409972299169,-100.0,0.0,3.7999999999999996e-08,0,1,33.94736842105263,0
PPO-QP-no-penalty,20260807,320,61,30813,0,0,0,0.0,-100.0,-100.0,0.0,1.994776936224222e-11,93.11517390836408,30.0,96,92,30.0,125.0,4,-100.0,19.0,-732.409972299169,-100.0,0.0,3.7999999999999996e-08,0,1,33.94736842105263,0
PPO-QP-no-penalty,20260807,321,61,30909,0,0,0,0.0,-100.0,-100.0,0.0,1.984570655958843e-11,103.92254966074705,30.0,229,92,30.0,125.0,4,-100.0,19.0,-732.409972299169,-100.0,0.0,3.7999999999999996e-08,0,1,33.94736842105263,0
PPO-QP-no-penalty,20260807,322,61,31005,0,0,0,0.0,-100.0,-100.0,0.0,0.0,99.17660338336258,30.0,113,92,30.0,125.0,4,-100.0,19.0,-732.409972299169,-100.0,0.0,3.7999999999999996e-08,0,1,33.94736842105263,0
PPO-QP-no-penalty,20260807,323,61,31101,0,0,0,0.0,-100.0,-100.0,0.0,1.9989321309310525e-11,101.3762952084312,30.0,30,92,30.0,125.0,4,-100.0,19.0,-732.409972299169,-100.0,0.0,3.7999999999999996e-08,0,1,33.94736842105263,0
PPO-QP-no-penalty,20260807,324,61,31197,0,0,0,0.0,-100.0,-100.0,0.0,2.0103918529912335e-11,98.21813398146197,30.0,68,92,30.0,125.0,4,-100.0,19.0,-732.409972299169,-100.0,0.0,3.7999999999999996e-08,0,1,33.94736842105263,0
PPO-QP-no-penalty,20260807,325,62,31293,0,0,0,0.0,-100.0,-100.0,0.0,2.0017739317997514e-11,93.65665261795868,30.0,73,92,30.0,125.0,4,-100.0,19.0,-732.409972299169,-100.0,0.0,3.7999999999999996e-08,0,1,33.94736842105263,0
PPO-QP-no-penalty,20260807,326,62,31389,0,0,0,0.0,-100.0,-100.0,0.0,2.0029433667190234e-11,95.24953877379312,30.0,64,92,30.0,125.0,4,-100.0,19.0,-732.409972299169,-100.0,0.0,3.7999999999999996e-08,0,1,33.94736842105263,0
PPO-QP-no-penalty,20260807,327,62,31485,0,0,0,0.0,-100.0,-100.0,0.0,0.0,95.85085952656725,30.0,3,92,30.0,125.0,4,-100.0,19.0,-732.409972299169,-100.0,0.0,3.7999999999999996e-08,0,1,33.94736842105263,0
PPO-QP-no-penalty,20260807,328,62,31581,0,0,0,0.0,-100.0,-100.0,0.0,1.9949808471864116e-11,104.96059298132022,30.0,58,92,30.0,125.0,4,-100.0,19.0,-732.409972299169,-100.0,0.0,3.7999999999999996e-08,0,1,33.94736842105263,0
PPO-QP-no-penalty,20260807,329,62,31677,0,0,0,0.0,-100.0,-100.0,0.0,2.010645723989531e-11,102.40925487505093,30.0,131,92,30.0,125.0,4,-100.0,19.0,-732.409972299169,-100.0,0.0,3.7999999999999996e-08,0,1,33.94736842105263,0
PPO-QP-no-penalty,20260807,330,63,31773,0,0,0,0.0,-100.0,-100.0,0.0,1.991596147258671e-11,108.3505698228186,30.0,161,92,30.0,125.0,4,-100.0,19.0,-732.409972299169,-100.0,0.0,3.7999999999999996e-08,0,1,33.94736842105263,0
PPO-QP-no-penalty,20260807,331,63,31869,0,0,0,0.0,-100.0,-100.0,0.0,1.9956040523775678e-11,108.88773156390575,30.0,47,92,30.0,125.0,4,-100.0,19.0,-732.409972299169,-100.0,0.0,3.7999999999999996e-08,0,1,33.94736842105263,0
PPO-QP-no-penalty,20260807,332,63,31965,0,0,0,0.0,-100.0,-100.0,0.0,1.999890993549987e-11,90.43588685788883,30.0,93,92,30.0,125.0,4,-100.0,19.0,-732.409972299169,-100.0,0.0,3.7999999999999996e-08,0,1,33.94736842105263,0
PPO-QP-no-penalty,20260807,333,63,32061,0,0,0,0.0,-100.0,-100.0,0.0,1.996632859047054e-11,89.4498133195773,30.0,82,92,30.0,125.0,4,-100.0,19.0,-732.409972299169,-100.0,0.0,3.7999999999999996e-08,0,1,33.94736842105263,0
PPO-QP-no-penalty,20260807,334,63,32157,0,0,0,0.0,-100.0,-100.0,0.0,2.0049402878659825e-11,89.04411420168975,30.0,119,92,30.0,125.0,4,-100.0,19.0,-732.409972299169,-100.0,0.0,3.7999999999999996e-08,0,1,33.94736842105263,0
PPO-QP-no-penalty,20260807,335,63,32253,0,0,0,0.0,-100.0,-100.0,0.0,1.9912282933631786e-11,105.07840638717109,30.0,239,92,30.0,125.0,4,-100.0,19.0,-732.409972299169,-100.0,0.0,3.7999999999999996e-08,0,1,33.94736842105263,0
PPO-QP-no-penalty,20260807,336,64,32349,0,0,0,0.0,-100.0,-100.0,0.0,1.9963401302428945e-11,100.49931148378674,30.0,174,92,30.0,125.0,4,-100.0,19.0,-732.409972299169,-100.0,0.0,3.7999999999999996e-08,0,1,61.90070178226502,0
PPO-QP-no-penalty,20260807,337,64,32445,0,0,0,0.0,-100.0,-100.0,0.0,1.9829615727218196e-11,102.98408042338848,30.0,178,92,30.0,125.0,4,-100.0,19.0,-732.409972299169,-100.0,0.0,3.7999999999999996e-08,0,1,33.94736842105263,0
PPO-QP-no-penalty,20260807,338,64,32541,0,0,0,0.0,-100.0,-100.0,0.0,1.992430294824506e-11,98.10549359535615,30.0,151,92,30.0,125.0,4,-100.0,19.0,-732.409972299169,-100.0,0.0,3.7999999999999996e-08,0,1,33.94736842105263,0
PPO-QP-no-penalty,20260807,339,64,32637,0,0,0,0.0,-100.0,-100.0,0.0,1.9965799384162133e-11,99.83051753648506,30.0,190,92,30.0,125.0,4,-100.0,19.0,-732.409972299169,-100.0,0.0,3.7999999999999996e-08,0,1,33.94736842105263,0
PPO-QP-no-penalty,20260807,340,64,32733,0,0,0,0.0,-100.0,-100.0,0.0,1.989328701768045e-11,102.98408042338848,30.0,178,92,30.0,125.0,4,-100.0,19.0,-732.409972299169,-100.0,0.0,3.7999999999999996e-08,0,1,33.94736842105263,0
PPO-QP-no-penalty,20260807,341,65,32829,0,0,0,0.0,-100.0,-100.0,0.0,1.9940145830806463e-11,108.13271811924119,30.0,232,92,30.0,125.0,4,-100.0,19.0,-732.409972299169,-100.0,0.0,3.7999999999999996e-08,0,1,33.94736842105263,0
PPO-QP-no-penalty,20260807,342,65,32925,0,0,0,0.0,-100.0,-100.0,0.0,1.9942044312178572e-11,92.88476102773205,30.0,105,92,30.0,125.0,4,-100.0,19.0,-732.409972299169,-100.0,0.0,3.7999999999999996e-08,0,1,33.94736842105263,0
PPO-QP-no-penalty,20260807,343,65,33021,0,0,0,0.0,-100.0,-100.0,0.0,1.983013753203977e-11,91.87996057561233,30.0,84,92,30.0,125.0,4,-100.0,19.0,-732.409972299169,-100.0,0.0,3.7999999999999996e-08,0,1,33.94736842105263,0
PPO-QP-no-penalty,20260807,344,65,33117,0,0,0,0.0,-100.0,-100.0,0.0,0.0,100.88219124321412,30.0,145,92,30.0,125.0,4,-100.0,19.0,-732.409972299169,-100.0,0.0,3.7999999999999996e-08,0,1,33.94736842105263,0
PPO-QP-no-penalty,20260807,345,65,33213,0,0,0,0.0,-100.0,-100.0,0.0,2.003471832878745e-11,101.21404399016883,30.0,40,92,30.0,125.0,4,-100.0,19.0,-732.409972299169,-100.0,0.0,3.7999999999999996e-08,0,1,33.94736842105263,0
PPO-QP-no-penalty,20260807,346,66,33309,0,0,0,0.0,-100.0,-100.0,0.0,2.0069209257419137e-11,93.65665261795868,30.0,73,92,30.0,125.0,4,-100.0,19.0,-732.409972299169,-100.0,0.0,3.7999999999999996e-08,0,1,33.94736842105263,0
PPO-QP-no-penalty,20260807,347,66,33405,0,0,0,0.0,-100.0,-100.0,0.0,1.978639474486954e-11,100.89617127432541,30.0,141,92,30.0,125.0,4,-100.0,19.0,-732.409972299169,-100.0,0.0,3.7999999999999996e-08,0,1,33.94736842105263,0
PPO-QP-no-penalty,20260807,348,66,33501,0,0,0,0.0,-100.0,-100.0,0.0,1.9712468694403166e-11,87.91645733503387,30.0,86,92,30.0,125.0,4,-100.0,19.0,-732.409972299169,-100.0,0.0,3.7999999999999996e-08,0,1,33.94736842105263,0
PPO-QP-no-penalty,20260807,349,66,33597,0,0,0,0.0,-100.0,-100.0,0.0,0.0,104.23250747221446,30.0,226,92,30.0,125.0,4,-100.0,19.0,-732.409972299169,-100.0,0.0,3.7999999999999996e-08,0,1,33.94736842105263,0
PPO-QP-no-penalty,20260807,350,66,33693,0,0,0,0.0,-100.0,-100.0,0.0,1.9996330517339325e-11,83.04178651529132,30.0,55,92,30.0,125.0,4,-100.0,19.0,-732.409972299169,-100.0,0.0,3.7999999999999996e-08,0,1,33.94736842105263,0
PPO-QP-no-penalty,20260807,351,66,33789,0,0,0,0.0,-100.0,-100.0,0.0,1.9814683227536988e-11,71.42695793285735,30.0,0,92,30.0,125.0,4,-100.0,19.0,-732.409972299169,-100.0,0.0,3.7999999999999996e-08,0,1,33.94736842105263,0
PPO-QP-no-penalty,20260807,352,67,33885,0,0,0,0.0,-100.0,-90.52427936557372,0.0,1.999263717541074e-11,71.42695793285735,30.0,0,92,32.250483650676244,125.0,4,-100.0,27.551837872569727,-722.9342516647428,-90.52427936557372,-9.475720634426281,3.7999999999999996e-08,0,1,14.995927152200053,0
PPO-QP-no-penalty,20260807,353,67,33981,0,0,0,0.0,-100.0,-100.0,0.0,1.9374213344747204e-11,102.98408042338848,30.0,178,92,30.0,125.0,4,-100.0,19.0,-732.409972299169,-100.0,0.0,3.7999999999999996e-08,0,1,33.94736842105263,0
PPO-QP-no-penalty,20260807,354,67,34077,0,0,0,0.0,-100.0,-100.0,0.0,1.9944490503576162e-11,80.32125119024646,30.0,20,92,30.0,125.0,4,-100.0,19.0,-732.409972299169,-100.0,0.0,3.7999999999999996e-08,0,1,33.94736842105263,0
PPO-QP-no-penalty,20260807,355,67,34173,0,0,0,0.0,-100.0,-100.0,0.0,1.999747404705469e-11,95.77455035660361,30.0,116,92,30.0,125.0,4,-100.0,19.0,-732.409972299169,-100.0,0.0,3.7999999999999996e-08,0,1,33.94736842105263,0
PPO-QP-no-penalty,20260807,356,67,34269,0,0,0,0.0,-100.0,-100.0,0.0,1.9993521653087024e-11,109.76789593316256,30.0,195,92,30.0,125.0,4,-100.0,19.0,-732.409972299169,-100.0,0.0,3.7999999999999996e-08,0,1,33.94736842105263,0
PPO-QP-no-penalty,20260807,357,68,34365,0,0,0,0.0,-100.0,-100.0,0.0,1.98893864341206e-11,87.91645733503387,30.0,86,92,30.0,125.0,4,-100.0,19.0,-732.409972299169,-100.0,0.0,3.7999999999999996e-08,0,1,33.94736842105263,0
PPO-QP-no-penalty,20260807,358,68,34461,0,0,0,0.0,-100.0,-100.0,0.0,1.9779211601900214e-11,92.24150315024411,30.0,69,92,30.0,125.0,4,-100.0,19.0,-732.409972299169,-100.0,0.0,3.7999999999999996e-08,0,1,33.94736842105263,0
PPO-QP-no-penalty,20260807,359,68,34557,0,0,0,0.0,-100.0,-100.0,0.0,1.9776443445825483e-11,100.83889927295647,30.0,31,92,30.0,125.0,4,-100.0,19.0,-732.409972299169,-100.0,0.0,3.7999999999999996e-08,0,1,33.94736842105263,0
PPO-QP-no-penalty,20260807,360,68,34655,0,0,0,0.0,-100.0,-49.8669348404029,0.0,2.009079199301785e-11,100.091080800493,30.0,223,94,89.40660297540431,125.0,2,-100.0,100.0,-260.67025894012596,-49.8669348404029,-50.1330651595971,3.7999999999999996e-08,0,1,7.3599527782203324,0
PPO-QP-no-penalty,20260807,360,68,34656,0,0,0,0.0,-100.0,-100.0,2.009079199301785e-11,2.009079199301785e-11,94.93853989458648,30.0,223,95,101.25,125.0,1,-100.0,100.0,-100.0,-100.0,0.0,3.7999999999999996e-08,0,1,5.133065159597095,0
PPO-QP-no-penalty,20260807,361,68,34749,0,0,0,0.0,-100.0,-100.0,0.0,2.0052567014280007e-11,102.40925487505093,30.0,131,92,30.0,125.0,4,-100.0,19.0,-732.409972299169,-100.0,0.0,3.7999999999999996e-08,0,1,33.94736842105263,0
PPO-QP-no-penalty,20260807,362,69,34845,0,0,0,0.0,-100.0,-100.0,0.0,0.0,95.77455035660361,30.0,116,92,30.0,125.0,4,-100.0,19.0,-732.409972299169,-100.0,0.0,3.7999999999999996e-08,0,1,33.94736842105263,0
PPO-QP-no-penalty,20260807,363,69,34942,0,0,0,0.0,-100.0,-100.0,0.0,0.0,101.0317009892126,30.0,222,93,53.75,125.0,3,-100.0,100.0,-521.6066481994461,-100.0,0.0,3.7999999999999996e-08,0,1,65.32457998757195,0
PPO-QP-no-penalty,20260807,364,69,35037,0,0,0,0.0,-100.0,-100.0,0.0,2.00099344501344e-11,83.30942638550725,30.0,49,92,30.0,125.0,4,-100.0,19.0,-732.409972299169,-100.0,0.0,3.7999999999999996e-08,0,1,33.94736842105263,0
PPO-QP-no-penalty,20260807,365,69,35133,0,0,0,0.0,-100.0,-100.0,0.0,1.9987774398562882e-11,102.76821325956304,30.0,139,92,30.0,125.0,4,-100.0,19.0,-732.409972299169,-100.0,0.0,3.7999999999999996e-08,0,1,33.94736842105263,0
PPO-QP-no-penalty,20260807,366,69,35229,0,0,0,0.0,-100.0,-90.41205984068239,0.0,1.9852212466512736e-11,95.08737753583918,30.0,148,92,32.277135787837935,125.0,4,-100.0,27.65311599378415,-722.8220321398514,-90.41205984068239,-9.587940159317611,3.7999999999999996e-08,0,1,34.85286909132046,0
PPO-QP-no-penalty,20260807,367,69,35325,0,0,0,0.0,-100.0,-85.11897783407568,0.0,1.9911516879744795e-11,100.9288157550295,30.0,155,92,33.534242764407026,125.0,4,-100.0,32.4301225047467,-717.5289501332447,-85.11897783407568,-14.881022165924321,3.7999999999999996e-08,0,1,4.185324089204002,0
PPO-QP-no-penalty,20260807,368,70,35421,0,0,0,0.0,-100.0,-100.0,0.0,1.9991341915215344e-11,100.49931148378674,30.0,174,92,30.0,125.0,4,-100.0,19.0,-732.409972299169,-100.0,0.0,3.7999999999999996e-08,0,1,33.94736842105263,0
PPO-QP-no-penalty,20260807,369,70,35517,0,0,0,0.0,-100.0,-100.0,0.0,1.9811156419062095e-11,98.10549359535615,30.0,151,92,30.0,125.0,4,-100.0,19.0,-732.409972299169,-100.0,0.0,3.7999999999999996e-08,0,1,33.94736842105263,0
PPO-QP-no-penalty,20260807,370,70,35613,0,0,0,0.0,-100.0,-100.0,0.0,1.996473727080191e-11,105.49799693923116,30.0,228,92,30.0,125.0,4,-100.0,19.0,-732.409972299169,-100.0,0.0,3.7999999999999996e-08,0,1,33.94736842105263,0
PPO-QP-no-penalty,20260807,371,70,35709,0,0,0,0.0,-100.0,-100.0,0.0,1.995655862785384e-11,107.24698631088836,30.0,156,92,30.0,125.0,4,-100.0,19.0,-732.409972299169,-100.0,0.0,3.7999999999999996e-08,0,1,33.94736842105263,0
PPO-QP-no-penalty,20260807,372,70,35805,0,0,0,0.0,-100.0,-100.0,0.0,1.9835122433420337e-11,106.53263417041393,30.0,236,92,30.0,125.0,4,-100.0,19.0,-732.409972299169,-100.0,0.0,3.7999999999999996e-08,0,1,37.11155454575723,0
PPO-QP-no-penalty,20260807,373,71,35901,0,0,0,0.0,-100.0,-100.0,0.0,1.9980276692403247e-11,99.1738371645239,30.0,108,92,30.0,125.0,4,-100.0,19.0,-732.409972299169,-100.0,0.0,3.7999999999999996e-08,0,1,72.49189875136919,0
PPO-QP-no-penalty,20260807,374,71,35997,0,0,0,0.0,-100.0,-100.0,0.0,1.9881337317192067e-11,99.1738371645239,30.0,108,92,30.0,125.0,4,-100.0,19.0,-732.409972299169,-100.0,0.0,3.7999999999999996e-08,0,1,33.94736842105263,0
PPO-QP-no-penalty,20260807,375,71,36093,0,0,0,0.0,-100.0,-100.0,0.0,1.982638127747312e-11,107.24698631088836,30.0,156,92,30.0,125.0,4,-100.0,19.0,-732.409972299169,-100.0,0.0,3.7999999999999996e-08,0,1,33.94736842105263,0
PPO-QP-no-penalty,20260807,376,71,36189,0,0,0,0.0,-100.0,-100.0,0.0,2.000732542602653e-11,83.04178651529132,30.0,55,92,30.0,125.0,4,-100.0,19.0,-732.409972299169,-100.0,0.0,3.7999999999999996e-08,0,1,40.11625544412627,0
PPO-QP-no-penalty,20260807,377,71,36285,0,0,0,0.0,-100.0,-100.0,0.0,1.9972601350559672e-11,105.94011237910321,30.0,184,92,30.0,125.0,4,-100.0,19.0,-732.409972299169,-100.0,0.0,3.7999999999999996e-08,0,1,33.94736842105263,0
PPO-QP-no-penalty,20260807,378,72,36381,0,0,0,0.0,-100.0,-100.0,0.0,1.985908844777858e-11,92.24150315024411,30.0,69,92,30.0,125.0,4,-100.0,19.0,-732.409972299169,-100.0,0.0,3.7999999999999996e-08,0,1,33.94736842105263,0
PPO-QP-no-penalty,20260807,379,72,36477,0,0,0,0.0,-100.0,-100.0,0.0,1.992129424384833e-11,95.87781493241873,30.0,133,92,30.0,125.0,4,-100.0,19.0,-732.409972299169,-100.0,0.0,3.7999999999999996e-08,0,1,33.94736842105263,0
PPO-QP-no-penalty,20260807,380,72,36573,0,0,0,0.0,-100.0,-100.0,0.0,1.9902464861350685e-11,92.05160546747763,30.0,120,92,30.0,125.0,4,-100.0,19.0,-732.409972299169,-100.0,0.0,3.7999999999999996e-08,0,1,58.91252559867169,0
PPO-QP-no-penalty,20260807,381,72,36669,0,0,0,0.0,-100.0,-100.0,0.0,1.9864646964388537e-11,100.48692081466652,30.0,32,92,30.0,125.0,4,-100.0,19.0,-732.409972299169,-100.0,0.0,3.7999999999999996e-08,0,1,33.94736842105263,0
PPO-QP-no-penalty,20260807,382,72,36765,0,0,0,0.0,-100.0,-100.0,0.0,1.9915780136159355e-11,99.51338637734993,30.0,140,92,30.0,125.0,4,-100.0,19.0,-732.409972299169,-100.0,0.0,3.7999999999999996e-08,0,1,54.60158635806362,0
PPO-QP-no-penalty,20260807,383,72,36861,0,0,0,0.0,-100.0,-100.0,0.0,1.978055497176001e-11,100.07999755036212,30.0,172,92,30.0,125.0,4,-100.0,19.0,-732.409972299169,-100.0,0.0,3.7999999999999996e-08,0,1,33.94736842105263,0
PPO-QP-no-penalty,20260807,384,73,36957,0,0,0,0.0,-100.0,-100.0,0.0,1.985899962993661e-11,103.60264311293285,30.0,198,92,30.0,125.0,4,-100.0,19.0,-732.409972299169,-100.0,0.0,3.7999999999999996e-08,0,1,33.94736842105263,0
PPO-QP-no-penalty,20260807,385,73,37053,0,0,0,0.0,-100.0,-100.0,0.0,2.0059957398880593e-11,105.46834623074572,30.0,204,92,30.0,125.0,4,-100.0,19.0,-732.409972299169,-100.0,0.0,3.7999999999999996e-08,0,1,33.94736842105263,0
PPO-QP-no-penalty,20260807,386,73,37149,0,0,0,0.0,-100.0,-100.0,0.0,1.977419339382891e-11,99.79980532597651,30.0,129,92,30.0,125.0,4,-100.0,19.0,-732.409972299169,-100.0,0.0,3.7999999999999996e-08,0,1,33.94736842105263,0
PPO-QP-no-penalty,20260807,387,73,37245,0,0,0,0.0,-100.0,-100.0,0.0,0.0,96.58075138170044,30.0,179,92,30.0,125.0,4,-100.0,19.0,-732.409972299169,-100.0,0.0,3.7999999999999996e-08,0,1,47.9454484253484,0
PPO-QP-no-penalty,20260807,388,73,37341,0,0,0,0.0,-100.0,-100.0,0.0,1.9855824392086182e-11,98.64165448582102,30.0,142,92,30.0,125.0,4,-100.0,19.0,-732.409972299169,-100.0,0.0,3.7999999999999996e-08,0,1,33.94736842105263,0
PPO-QP-no-penalty,20260807,389,74,37437,0,0,0,0.0,-100.0,-100.0,0.0,2.0067791872691033e-11,110.10922097309025,30.0,167,92,30.0,125.0,4,-100.0,19.0,-732.409972299169,-100.0,0.0,3.7999999999999996e-08,0,1,33.94736842105263,0
PPO-QP-no-penalty,20260807,390,74,37533,0,0,0,0.0,-100.0,-100.0,0.0,2.0016777124709507e-11,91.03882991970426,30.0,95,92,30.0,125.0,4,-100.0,19.0,-732.409972299169,-100.0,0.0,3.7999999999999996e-08,0,1,33.94736842105263,0
PPO-QP-no-penalty,20260807,391,74,37629,0,0,0,0.0,-100.0,-100.0,0.0,1.9996378627003727e-11,105.45166917558011,30.0,213,92,30.0,125.0,4,-100.0,19.0,-732.409972299169,-100.0,0.0,3.7999999999999996e-08,0,1,33.94736842105263,0
PPO-QP-no-penalty,20260807,392,74,37725,0,0,0,0.0,-100.0,-100.0,0.0,1.9973326696269093e-11,111.37033894980843,30.0,201,92,30.0,125.0,4,-100.0,19.0,-732.409972299169,-100.0,0.0,3.7999999999999996e-08,0,1,33.94736842105263,0
PPO-QP-no-penalty,20260807,393,74,37821,0,0,0,0.0,-100.0,-100.0,0.0,1.9977486331868023e-11,105.4474935426842,30.0,52,92,30.0,125.0,4,-100.0,19.0,-732.409972299169,-100.0,0.0,3.7999999999999996e-08,0,1,33.94736842105263,0
PPO-QP-no-penalty,20260807,394,75,37917,0,0,0,0.0,-100.0,-100.0,0.0,1.9856790286117607e-11,113.11894463632069,30.0,200,92,30.0,125.0,4,-100.0,19.0,-732.409972299169,-100.0,0.0,3.7999999999999996e-08,0,1,33.94736842105263,0
PPO-QP-no-penalty,20260807,395,75,38013,0,0,0,0.0,-100.0,-100.0,0.0,1.9985472536158492e-11,90.68725573509818,30.0,146,92,30.0,125.0,4,-100.0,19.0,-732.409972299169,-100.0,0.0,3.7999999999999996e-08,0,1,33.94736842105263,0
PPO-QP-no-penalty,20260807,396,75,38109,0,0,0,0.0,-100.0,-100.0,0.0,1.9924025392488904e-11,94.92530164324614,30.0,109,92,30.0,125.0,4,-100.0,19.0,-732.409972299169,-100.0,0.0,3.7999999999999996e-08,0,1,33.94736842105263,0
PPO-QP-no-penalty,20260807,397,75,38205,0,0,0,0.0,-100.0,-100.0,0.0,1.989178451585379e-11,104.9255458245251,30.0,233,92,30.0,125.0,4,-100.0,19.0,-732.409972299169,-100.0,0.0,3.7999999999999996e-08,0,1,33.94736842105263,0
PPO-QP-no-penalty,20260807,398,75,38301,0,0,0,0.0,-100.0,-100.0,0.0,1.9939960793635693e-11,107.24698631088836,30.0,156,92,30.0,125.0,4,-100.0,19.0,-732.409972299169,-100.0,0.0,3.7999999999999996e-08,0,1,33.94736842105263,0
PPO-QP-no-penalty,20260807,399,75,38397,0,0,0,0.0,-100.0,-100.0,0.0,2.960594732333751e-17,96.4455216587882,30.0,175,92,30.0,125.0,4,-100.0,19.0,-732.409972299169,-100.0,0.0,3.7999999999999996e-08,0,1,33.94736842105263,0
PPO-QP-no-penalty,20260807,400,76,38493,0,0,0,0.0,-100.0,-100.0,0.0,1.982806141498372e-11,91.85584163919535,30.0,100,92,30.0,125.0,4,-100.0,19.0,-732.409972299169,-100.0,0.0,3.7999999999999996e-08,0,1,33.94736842105263,0
PPO-QP-no-penalty,20260807,401,76,38589,0,0,0,0.0,-100.0,-100.0,0.0,1.9977863807696395e-11,101.21404399016883,30.0,40,92,30.0,125.0,4,-100.0,19.0,-732.409972299169,-100.0,0.0,3.7999999999999996e-08,0,1,33.94736842105263,0
PPO-QP-no-penalty,20260807,402,76,38685,0,0,0,0.0,-100.0,-100.0,0.0,1.9781050871377678e-11,102.34785609960065,30.0,23,92,30.0,125.0,4,-100.0,19.0,-732.409972299169,-100.0,0.0,3.7999999999999996e-08,0,1,33.94736842105263,0
PPO-QP-no-penalty,20260807,403,76,38781,0,0,0,0.0,-100.0,-100.0,0.0,1.9893856932166423e-11,97.3102387833523,30.0,104,92,30.0,125.0,4,-100.0,19.0,-732.409972299169,-100.0,0.0,3.7999999999999996e-08,0,1,71.01791757958776,0
PPO-QP-no-penalty,20260807,404,76,38877,0,0,0,0.0,-100.0,-100.0,0.0,2.0015544777152172e-11,81.88761466839229,30.0,41,92,30.0,125.0,4,-100.0,19.0,-732.409972299169,-100.0,0.0,3.7999999999999996e-08,0,1,33.94736842105263,0
PPO-QP-no-penalty,20260807,405,77,38973,0,0,0,0.0,-100.0,-100.0,0.0,1.9763131871760228e-11,80.32125119024646,30.0,20,92,30.0,125.0,4,-100.0,19.0,-732.409972299169,-100.0,0.0,3.7999999999999996e-08,0,1,33.94736842105263,0
PPO-QP-no-penalty,20260807,406,77,39069,0,0,0,0.0,-100.0,-100.0,0.0,2.002329043312064e-11,107.61759070352285,30.0,152,92,30.0,125.0,4,-100.0,19.0,-732.409972299169,-100.0,0.0,3.7999999999999996e-08,0,1,33.94736842105263,0
PPO-QP-no-penalty,20260807,407,77,39165,0,0,0,0.0,-100.0,-100.0,0.0,1.997391141372873e-11,102.75890329454388,30.0,187,92,30.0,125.0,4,-100.0,19.0,-732.409972299169,-100.0,0.0,3.7999999999999996e-08,0,1,33.94736842105263,0
PPO-QP-no-penalty,20260807,408,77,39261,0,0,0,0.0,-100.0,-100.0,0.0,1.9771417836267347e-11,87.01349732194478,30.0,60,92,30.0,125.0,4,-100.0,19.0,-732.409972299169,-100.0,0.0,3.7999999999999996e-08,0,1,33.94736842105263,0
PPO-QP-no-penalty,20260807,409,77,39357,0,0,0,0.0,-100.0,-100.0,0.0,1.9800709220400372e-11,83.04178651529132,30.0,55,92,30.0,125.0,4,-100.0,19.0,-732.409972299169,-100.0,0.0,3.7999999999999996e-08,0,1,33.94736842105263,0
PPO-QP-no-penalty,20260807,410,78,39453,0,0,0,0.0,-100.0,-100.0,0.0,1.9859477025837198e-11,89.4498133195773,30.0,82,92,30.0,125.0,4,-100.0,19.0,-732.409972299169,-100.0,0.0,3.7999999999999996e-08,0,1,33.94736842105263,0
PPO-QP-no-penalty,20260807,411,78,39549,0,0,0,0.0,-100.0,-99.84582267262718,0.0,2.0036935074093282e-11,89.04411420168975,30.0,119,92,30.036617115251047,125.0,4,-100.0,19.13914503795398,-732.2557949717961,-99.84582267262718,-0.15417732737282108,3.7999999999999996e-08,0,1,33.639013766306974,0
PPO-QP-no-penalty,20260807,412,78,39645,0,0,0,0.0,-100.0,-100.0,0.0,1.996849352536856e-11,92.88476102773205,30.0,105,92,30.0,125.0,4,-100.0,19.0,-732.409972299169,-100.0,0.0,3.7999999999999996e-08,0,1,45.39313196361259,0
PPO-QP-no-penalty,20260807,413,78,39741,0,0,0,0.0,-100.0,-100.0,0.0,1.98264478908546e-11,90.68725573509818,30.0,146,92,30.0,125.0,4,-100.0,19.0,-732.409972299169,-100.0,0.0,3.7999999999999996e-08,0,1,33.94736842105263,0
PPO-QP-no-penalty,20260807,414,78,39837,0,0,0,0.0,-100.0,-100.0,0.0,1.9990475941256137e-11,102.75890329454388,30.0,187,92,30.0,125.0,4,-100.0,19.0,-732.409972299169,-100.0,0.0,3.7999999999999996e-08,0,1,33.94736842105263,0
PPO-QP-no-penalty,20260807,415,78,39933,0,0,0,0.0,-100.0,-100.0,0.0,2.960594732333751e-17,109.00381953646375,30.0,159,92,30.0,125.0,4,-100.0,19.0,-732.409972299169,-100.0,0.0,3.7999999999999996e-08,0,1,33.94736842105263,0
PPO-QP-no-penalty,20260807,416,79,40029,0,0,0,0.0,-100.0,-100.0,0.0,2.0024804037177545e-11,92.19664912634585,30.0,74,92,30.0,125.0,4,-100.0,19.0,-732.409972299169,-100.0,0.0,3.7999999999999996e-08,0,1,42.70792289144684,0
PPO-QP-no-penalty,20260807,417,79,40125,0,0,0,0.0,-100.0,-100.0,0.0,1.9919414266193295e-11,99.02691431499208,30.0,144,92,30.0,125.0,4,-100.0,19.0,-732.409972299169,-100.0,0.0,3.7999999999999996e-08,0,1,33.94736842105263,0
PPO-QP-no-penalty,20260807,418,79,40221,0,0,0,0.0,-100.0,-100.0,0.0,1.9961850690937884e-11,108.22393721596258,30.0,209,92,30.0,125.0,4,-100.0,19.0,-732.409972299169,-100.0,0.0,3.7999999999999996e-08,0,1,33.94736842105263,0
PPO-QP-no-penalty,20260807,419,79,40317,0,0,0,0.0,-100.0,-100.0,0.0,1.9883568865471564e-11,97.6381556687681,30.0,57,92,30.0,125.0,4,-100.0,19.0,-732.409972299169,-100.0,0.0,3.7999999999999996e-08,0,1,33.94736842105263,0
PPO-QP-no-penalty,20260807,420,79,40413,0,0,0,0.0,-100.0,-100.0,0.0,2.001666240166363e-11,109.00845018424536,30.0,186,92,30.0,125.0,4,-100.0,19.0,-732.409972299169,-100.0,0.0,3.7999999999999996e-08,0,1,33.94736842105263,0
PPO-QP-no-penalty,20260807,421,80,40509,0,0,0,0.0,-100.0,-100.0,0.0,2.0009209104424976e-11,105.46954824232857,30.0,143,92,30.0,125.0,4,-100.0,19.0,-732.409972299169,-100.0,0.0,3.7999999999999996e-08,0,1,33.94736842105263,0
PPO-QP-no-penalty,20260807,422,80,40605,0,0,0,0.0,-100.0,-100.0,0.0,1.9864535942086075e-11,76.26011533638224,30.0,28,92,30.0,125.0,4,-100.0,19.0,-732.409972299169,-100.0,0.0,3.7999999999999996e-08,0,1,33.94736842105263,0
PPO-QP-no-penalty,20260807,423,80,40701,0,0,0,0.0,-100.0,-100.0,0.0,1.9925187425921346e-11,102.9635056064629,30.0,189,92,30.0,125.0,4,-100.0,19.0,-732.409972299169,-100.0,0.0,3.7999999999999996e-08,0,1,33.94736842105263,0
PPO-QP-no-penalty,20260807,424,80,40797,0,0,0,0.0,-100.0,-100.0,0.0,1.9823150528471465e-11,83.30942638550725,30.0,49,92,30.0,125.0,4,-100.0,19.0,-732.409972299169,-100.0,0.0,3.7999999999999996e-08,0,1,33.94736842105263,0
PPO-QP-no-penalty,20260807,425,80,40893,0,0,0,0.0,-100.0,-100.0,0.0,2.004254170036764e-11,109.23909068749569,30.0,157,92,30.0,125.0,4,-100.0,19.0,-732.409972299169,-100.0,0.0,3.7999999999999996e-08,0,1,33.94736842105263,0
PPO-QP-no-penalty,20260807,426,81,40989,0,0,0,0.0,-100.0,-100.0,0.0,1.991081003775245e-11,87.56950904514152,30.0,98,92,30.0,125.0,4,-100.0,19.0,-732.409972299169,-100.0,0.0,3.7999999999999996e-08,0,1,33.94736842105263,0
PPO-QP-no-penalty,20260807,427,81,41085,0,0,0,0.0,-100.0,-100.0,0.0,2.0051745449241785e-11,104.76339971089588,30.0,25,92,30.0,125.0,4,-100.0,19.0,-732.409972299169,-100.0,0.0,3.7999999999999996e-08,0,1,33.94736842105263,0
PPO-QP-no-penalty,20260807,428,81,41181,0,0,0,0.0,-100.0,-100.0,0.0,1.9819483091746784e-11,103.63968225208008,30.0,38,92,30.0,125.0,4,-100.0,19.0,-732.409972299169,-100.0,0.0,3.7999999999999996e-08,0,1,33.94736842105263,0
PPO-QP-no-penalty,20260807,429,81,41277,0,0,0,0.0,-100.0,-100.0,0.0,1.993664122679206e-11,106.52560817321435,30.0,227,92,30.0,125.0,4,-100.0,19.0,-732.409972299169,-100.0,0.0,3.7999999999999996e-08,0,1,33.94736842105263,0
PPO-QP-no-penalty,20260807,430,81,41373,0,0,0,0.0,-100.0,-100.0,0.0,1.9773094273034532e-11,102.98408042338848,30.0,178,92,30.0,125.0,4,-100.0,19.0,-732.409972299169,-100.0,0.0,3.7999999999999996e-08,0,1,33.94736842105263,0
PPO-QP-no-penalty,20260807,431,81,41469,0,0,0,0.0,-100.0,-100.0,0.0,1.9866934023819263e-11,109.9284297131466,30.0,221,92,30.0,125.0,4,-100.0,19.0,-732.409972299169,-100.0,0.0,3.7999999999999996e-08,0,1,33.94736842105263,0
PPO-QP-no-penalty,20260807,432,82,41565,0,0,0,0.0,-100.0,-100.0,0.0,1.9828220546950585e-11,106.24062507747706,30.0,199,92,30.0,125.0,4,-100.0,19.0,-732.409972299169,-100.0,0.0,3.7999999999999996e-08,0,1,33.94736842105263,0
PPO-QP-no-penalty,20260807,433,82,41661,0,0,0,0.0,-100.0,-100.0,0.0,1.9955540923414597e-11,110.34769251483871,30.0,219,92,30.0,125.0,4,-100.0,19.0,-732.409972299169,-100.0,0.0,3.7999999999999996e-08,0,1,33.94736842105263,0
PPO-QP-no-penalty,20260807,434,82,41757,0,0,0,0.0,-100.0,-100.0,0.0,2.001133333114543e-11,90.68725573509818,30.0,146,92,30.0,125.0,4,-100.0,19.0,-732.409972299169,-100.0,0.0,3.7999999999999996e-08,0,1,33.94736842105263,0
PPO-QP-no-penalty,20260807,435,82,41853,0,0,0,0.0,-100.0,-100.0,0.0,1.9899970560288693e-11,109.65240546778003,30.0,206,92,30.0,125.0,4,-100.0,19.0,-732.409972299169,-100.0,0.0,3.7999999999999996e-08,0,1,33.94736842105263,0
PPO-QP-no-penalty,20260807,436,82,41949,0,0,0,0.0,-100.0,-100.0,0.0,2.00317540333117e-11,100.78780511344941,30.0,45,92,30.0,125.0,4,-100.0,19.0,-732.409972299169,-100.0,0.0,3.7999999999999996e-08,0,1,33.94736842105263,0
PPO-QP-no-penalty,20260807,437,83,42045,0,0,0,0.0,-100.0,-100.0,0.0,2.0016810431400244e-11,103.63968225208008,30.0,38,92,30.0,125.0,4,-100.0,19.0,-732.409972299169,-100.0,0.0,3.7999999999999996e-08,0,1,33.94736842105263,0
PPO-QP-no-penalty,20260807,438,83,42141,0,0,0,0.0,-100.0,-100.0,0.0,2.011597185121635e-11,98.10549359535615,30.0,151,92,30.0,125.0,4,-100.0,19.0,-732.409972299169,-100.0,0.0,3.7999999999999996e-08,0,1,33.94736842105263,0
PPO-QP-no-penalty,20260807,439,83,42237,0,0,0,0.0,-100.0,-100.0,0.0,1.9984495539896823e-11,91.85584163919535,30.0,100,92,30.0,125.0,4,-100.0,19.0,-732.409972299169,-100.0,0.0,3.7999999999999996e-08,0,1,33.94736842105263,0
PPO-QP-no-penalty,20260807,440,83,42333,0,0,0,0.0,-100.0,-100.0,0.0,2.0067699354105646e-11,109.28789200484522,30.0,176,92,30.0,125.0,4,-100.0,19.0,-732.409972299169,-100.0,0.0,3.7999999999999996e-08,0,1,33.94736842105263,0
PPO-QP-no-penalty,20260807,441,83,42429,0,0,0,0.0,-100.0,-100.0,0.0,1.9805590500965308e-11,94.0077774045799,30.0,78,92,30.0,125.0,4,-100.0,19.0,-732.409972299169,-100.0,0.0,3.7999999999999996e-08,0,1,33.94736842105263,0
PPO-QP-no-penalty,20260807,442,84,42525,0,0,0,0.0,-100.0,-100.0,0.0,1.4802973661668754e-17,87.01349732194478,30.0,60,92,30.0,125.0,4,-100.0,19.0,-732.409972299169,-100.0,0.0,3.7999999999999996e-08,0,1,33.94736842105263,0
PPO-QP-no-penalty,20260807,443,84,42621,0,0,0,0.0,-100.0,-100.0,0.0,1.980599388199759e-11,105.07840638717109,30.0,239,92,30.0,125.0,4,-100.0,19.0,-732.409972299169,-100.0,0.0,3.7999999999999996e-08,0,1,33.94736842105263,0
PPO-QP-no-penalty,20260807,444,84,42717,0,0,0,0.0,-100.0,-100.0,0.0,2.006835068494676e-11,100.69676510316452,30.0,2,92,30.0,125.0,4,-100.0,19.0,-732.409972299169,-100.0,0.0,3.7999999999999996e-08,0,1,33.94736842105263,0
PPO-QP-no-penalty,20260807,445,84,42813,0,0,0,0.0,-100.0,-90.78442996169444,0.0,1.9846550329087147e-11,90.96640864829209,30.0,87,92,32.18869788409757,125.0,4,-100.0,27.31705195957077,-723.1944022608635,-90.78442996169444,-9.215570038305557,3.7999999999999996e-08,0,1,54.63427431331898,0
PPO-QP-no-penalty,20260807,446,84,42909,0,0,0,0.0,-100.0,-100.0,0.0,1.983604021778736e-11,103.92254966074705,30.0,229,92,30.0,125.0,4,-100.0,19.0,-732.409972299169,-100.0,0.0,3.7999999999999996e-08,0,1,33.94736842105263,0
PPO-QP-no-penalty,20260807,447,84,43005,0,0,0,0.0,-100.0,-100.0,0.0,0.0,99.51338637734993,30.0,140,92,30.0,125.0,4,-100.0,19.0,-732.409972299169,-100.0,0.0,3.7999999999999996e-08,0,1,33.94736842105263,0
PPO-QP-no-penalty,20260807,448,85,43101,0,0,0,0.0,-100.0,-100.0,0.0,1.9730354387329878e-11,96.32255108936515,30.0,15,92,30.0,125.0,4,-100.0,19.0,-732.409972299169,-100.0,0.0,3.7999999999999996e-08,0,1,33.94736842105263,0
PPO-QP-no-penalty,20260807,449,85,43197,0,0,0,0.0,-100.0,-100.0,0.0,1.9855154557527992e-11,112.50095741162527,30.0,230,92,30.0,125.0,4,-100.0,19.0,-732.409972299169,-100.0,0.0,3.7999999999999996e-08,0,1,33.94736842105263,0
PPO-QP-no-penalty,20260807,450,85,43293,0,0,0,0.0,-100.0,-100.0,0.0,2.0093493535711105e-11,77.39593317848316,30.0,42,92,30.0,125.0,4,-100.0,19.0,-732.409972299169,-100.0,0.0,3.7999999999999996e-08,0,1,33.94736842105263,0
PPO-QP-no-penalty,20260807,451,85,43389,0,0,0,0.0,-100.0,-100.0,0.0,1.9879142776346725e-11,92.24150315024411,30.0,69,92,30.0,125.0,4,-100.0,19.0,-732.409972299169,-100.0,0.0,3.7999999999999996e-08,0,1,44.64929372414664,0
PPO-QP-no-penalty,20260807,452,85,43485,0,0,0,0.0,-100.0,-100.0,0.0,1.9880719293041694e-11,100.58254270570778,30.0,153,92,30.0,125.0,4,-100.0,19.0,-732.409972299169,-100.0,0.0,3.7999999999999996e-08,0,1,33.94736842105263,0
PPO-QP-no-penalty,20260807,453,86,43581,0,0,0,0.0,-100.0,-92.06544152982941,0.0,2.960594732333751e-17,115.3687027071826,30.0,164,92,31.884457636665516,125.0,4,-100.0,26.16093901932896,-724.4754138289984,-92.06544152982941,-7.934558470170586,3.7999999999999996e-08,0,1,18.078251480711444,0
PPO-QP-no-penalty,20260807,454,86,43677,0,0,0,0.0,-100.0,-100.0,0.0,2.0017739317997514e-11,99.44808768061047,30.0,106,92,30.0,125.0,4,-100.0,19.0,-732.409972299169,-100.0,0.0,3.7999999999999996e-08,0,1,33.94736842105263,0
PPO-QP-no-penalty,20260807,455,86,43773,0,0,0,0.0,-100.0,-100.0,0.0,1.9970343897076267e-11,108.98309588157623,30.0,165,92,30.0,125.0,4,-100.0,19.0,-732.409972299169,-100.0,0.0,3.7999999999999996e-08,0,1,33.94736842105263,0
PPO-QP-no-penalty,20260807,456,86,43869,0,0,0,0.0,-100.0,-100.0,0.0,0.0,104.06273500373985,30.0,192,92,30.0,125.0,4,-100.0,19.0,-732.409972299169,-100.0,0.0,3.7999999999999996e-08,0,1,33.94736842105263,0
PPO-QP-no-penalty,20260807,457,86,43965,0,0,0,0.0,-100.0,-100.0,0.0,1.9506984916262125e-11,97.6381556687681,30.0,57,92,30.0,125.0,4,-100.0,19.0,-732.409972299169,-100.0,0.0,3.7999999999999996e-08,0,1,33.94736842105263,0
PPO-QP-no-penalty,20260807,458,87,44061,0,0,0,0.0,-100.0,-100.0,0.0,2.0014693606166627e-11,70.68740403315702,30.0,7,92,30.0,125.0,4,-100.0,19.0,-732.409972299169,-100.0,0.0,3.7999999999999996e-08,0,1,54.986899420631964,0
PPO-QP-no-penalty,20260807,459,87,44157,0,0,0,0.0,-100.0,-100.0,0.0,2.001360928834591e-11,108.98309588157623,30.0,165,92,30.0,125.0,4,-100.0,19.0,-732.409972299169,-100.0,0.0,3.7999999999999996e-08,0,1,33.94736842105263,0
PPO-QP-no-penalty,20260807,460,87,44253,0,0,0,0.0,-100.0,-100.0,0.0,2.0076777277703664e-11,89.06749358209602,30.0,92,92,30.0,125.0,4,-100.0,19.0,-732.409972299169,-100.0,0.0,3.7999999999999996e-08,0,1,33.94736842105263,0
PPO-QP-no-penalty,20260807,461,87,44349,0,0,0,0.0,-100.0,-100.0,0.0,1.982405721060824e-11,105.4474935426842,30.0,52,92,30.0,125.0,4,-100.0,19.0,-732.409972299169,-100.0,0.0,3.7999999999999996e-08,0,1,33.94736842105263,0
PPO-QP-no-penalty,20260807,462,87,44445,0,0,0,0.0,-100.0,-100.0,0.0,1.9932167028002823e-11,91.86532092092294,30.0,121,92,30.0,125.0,4,-100.0,19.0,-732.409972299169,-100.0,0.0,3.7999999999999996e-08,0,1,44.72298576935083,0
PPO-QP-no-penalty,20260807,463,87,44541,0,0,0,0.0,-100.0,-100.0,0.0,1.9839241360841697e-11,105.4474935426842,30.0,52,92,30.0,125.0,4,-100.0,19.0,-732.409972299169,-100.0,0.0,3.7999999999999996e-08,0,1,33.94736842105263,0
PPO-QP-no-penalty,20260807,464,88,44637,0,0,0,0.0,-100.0,-100.0,0.0,1.9900806928300577e-11,73.4818515278711,30.0,56,92,30.0,125.0,4,-100.0,19.0,-732.409972299169,-100.0,0.0,3.7999999999999996e-08,0,1,33.94736842105263,0
PPO-QP-no-penalty,20260807,465,88,44733,0,0,0,0.0,-100.0,-100.0,0.0,1.9908130699519688e-11,104.874570453267,30.0,238,92,30.0,125.0,4,-100.0,19.0,-732.409972299169,-100.0,0.0,3.7999999999999996e-08,0,1,33.94736842105263,0
PPO-QP-no-penalty,20260807,466,88,44829,0,0,0,0.0,-100.0,-100.0,0.0,2.0088009033969457e-11,106.78624934180647,30.0,218,92,30.0,125.0,4,-100.0,19.0,-732.409972299169,-100.0,0.0,3.7999999999999996e-08,0,1,44.795682267966924,0
PPO-QP-no-penalty,20260807,467,88,44925,0,0,0,0.0,-100.0,-100.0,0.0,1.99320412027267e-11,97.84049651637996,30.0,114,92,30.0,125.0,4,-100.0,19.0,-732.409972299169,-100.0,0.0,3.7999999999999996e-08,0,1,33.94736842105263,0
PPO-QP-no-penalty,20260807,468,88,45021,0,0,0,0.0,-100.0,-100.0,0.0,1.9935301557675682e-11,104.00758986645744,30.0,9,92,30.0,125.0,4,-100.0,19.0,-732.409972299169,-100.0,0.0,3.7999999999999996e-08,0,1,33.94736842105263,0
PPO-QP-no-penalty,20260807,469,89,45117,0,0,0,0.0,-100.0,-100.0,0.0,1.9928562503916206e-11,109.25196286046445,30.0,158,92,30.0,125.0,4,-100.0,19.0,-732.409972299169,-100.0,0.0,3.7999999999999996e-08,0,1,51.03711108090438,0
PPO-QP-no-penalty,20260807,470,89,45213,0,0,0,0.0,-100.0,-100.0,0.0,1.9760382219402574e-11,95.87781493241873,30.0,133,92,30.0,125.0,4,-100.0,19.0,-732.409972299169,-100.0,0.0,3.7999999999999996e-08,0,1,33.94736842105263,0
PPO-QP-no-penalty,20260807,471,89,45309,0,0,0,0.0,-100.0,-100.0,0.0,1.9767946538943686e-11,110.10922097309025,30.0,167,92,30.0,125.0,4,-100.0,19.0,-732.409972299169,-100.0,0.0,3.7999999999999996e-08,0,1,35.237661112911525,0
PPO-QP-no-penalty,20260807,472,89,45405,0,0,0,0.0,-100.0,-100.0,0.0,1.9949808471864116e-11,103.27932168487578,30.0,12,92,30.0,125.0,4,-100.0,19.0,-732.409972299169,-100.0,0.0,3.7999999999999996e-08,0,1,33.94736842105263,0
PPO-QP-no-penalty,20260807,473,89,45501,0,0,0,0.0,-100.0,-100.0,0.0,1.4802973661668754e-17,102.11370682986832,30.0,188,92,30.0,125.0,4,-100.0,19.0,-732.409972299169,-100.0,0.0,3.7999999999999996e-08,0,1,33.94736842105263,0
PPO-QP-no-penalty,20260807,474,90,45597,0,0,0,0.0,-100.0,-100.0,0.0,0.0,100.54978970845178,30.0,29,92,30.0,125.0,4,-100.0,19.0,-732.409972299169,-100.0,0.0,3.7999999999999996e-08,0,1,33.94736842105263,0
PPO-QP-no-penalty,20260807,475,90,45693,0,0,0,0.0,-100.0,-100.0,0.0,1.9980117560436383e-11,109.23909068749569,30.0,157,92,30.0,125.0,4,-100.0,19.0,-732.409972299169,-100.0,0.0,3.7999999999999996e-08,0,1,33.94736842105263,0
PPO-QP-no-penalty,20260807,476,90,45789,0,0,0,0.0,-100.0,-100.0,0.0,1.9935379273287404e-11,98.98452005268396,30.0,24,92,30.0,125.0,4,-100.0,19.0,-732.409972299169,-100.0,0.0,3.7999999999999996e-08,0,1,33.94736842105263,0
PPO-QP-no-penalty,20260807,477,90,45885,0,0,0,0.0,-100.0,-100.0,0.0,0.0,106.43851663116271,30.0,225,92,30.0,125.0,4,-100.0,19.0,-732.409972299169,-100.0,0.0,3.7999999999999996e-08,0,1,33.94736842105263,0
PPO-QP-no-penalty,20260807,478,90,45981,0,0,0,0.0,-100.0,-100.0,0.0,2.0008768715958544e-11,76.26011533638224,30.0,28,92,30.0,125.0,4,-100.0,19.0,-732.409972299169,-100.0,0.0,3.7999999999999996e-08,0,1,51.16699798024594,0
PPO-QP-no-penalty,20260807,479,90,46077,0,0,0,0.0,-100.0,-100.0,0.0,2.00816585582686e-11,103.63968225208008,30.0,38,92,30.0,125.0,4,-100.0,19.0,-732.409972299169,-100.0,0.0,3.7999999999999996e-08,0,1,33.94736842105263,0
