controller,seed,episode,update,transition,endpoint_minimum_violation_kw,endpoint_infeasible,feasible_state_violation,extra_excess_energy_kwh_step,power_lower_kw,power_upper_kw,ev_lower_fraction,ev_upper_fraction,base_load_minus_pv_kw,lighting_kw,day,step,soc_kwh,target_kwh,remaining_steps,physical_lower_kw,physical_upper_kw,terminal_lower_kw,terminal_upper_kw,terminal_physical_gap_kw,tolerance_kw,terminal_roundoff_repair,terminal_ramp_relaxation,terminal_ramp_gap_kw,terminal_target_conflict_step
PPO-QP,20260807,0,1,93,0,0,0,0.0,-100.0,-100.0,0.0,1.9977571448966577e-11,105.96302933422132,30.0,211,92,30.0,125.0,4,-100.0,19.0,-732.409972299169,-100.0,0.0,3.7999999999999996e-08,0,1,33.94736842105263,0
PPO-QP,20260807,1,1,189,0,0,0,0.0,-100.0,-100.0,0.0,1.9533837510484393e-11,108.22393721596258,30.0,209,92,30.0,125.0,4,-100.0,19.0,-732.409972299169,-100.0,0.0,3.7999999999999996e-08,0,1,33.94736842105263,0
PPO-QP,20260807,2,1,285,0,0,0,0.0,-100.0,-100.0,0.0,1.9634605052942787e-11,111.37033894980843,30.0,201,92,30.0,125.0,4,-100.0,19.0,-732.409972299169,-100.0,0.0,3.7999999999999996e-08,0,1,33.94736842105263,0
PPO-QP,20260807,3,1,381,0,0,0,0.0,-100.0,-100.0,0.0,2.0066644642232252e-11,93.65665261795868,30.0,73,92,30.0,125.0,4,-100.0,19.0,-732.409972299169,-100.0,0.0,3.7999999999999996e-08,0,1,33.94736842105263,0
PPO-QP,20260807,4,1,477,0,0,0,0.0,-100.0,-100.0,0.0,1.9922426671333444e-11,103.92254966074705,30.0,229,92,30.0,125.0,4,-100.0,19.0,-732.409972299169,-100.0,0.0,3.7999999999999996e-08,0,1,33.94736842105263,0
PPO-QP,20260807,5,2,573,0,0,0,0.0,-100.0,-100.0,0.0,0.0,102.62518138191051,30.0,134,92,30.0,125.0,4,-100.0,19.0,-732.409972299169,-100.0,0.0,3.7999999999999996e-08,0,1,33.94736842105263,0
PPO-QP,20260807,6,2,669,0,0,0,0.0,-100.0,-100.0,0.0,1.9989080760988524e-11,99.05485532187399,30.0,36,92,30.0,125.0,4,-100.0,19.0,-732.409972299169,-100.0,0.0,3.7999999999999996e-08,0,1,33.94736842105263,0
PPO-QP,20260807,7,2,765,0,0,0,0.0,-100.0,-100.0,0.0,1.9849466514898496e-11,104.96059298132022,30.0,58,92,30.0,125.0,4,-100.0,19.0,-732.409972299169,-100.0,0.0,3.7999999999999996e-08,0,1,33.94736842105263,0
PPO-QP,20260807,8,2,861,0,0,0,0.0,-100.0,-100.0,0.0,1.989080011810529e-11,95.08737753583918,30.0,148,92,30.0,125.0,4,-100.0,19.0,-732.409972299169,-100.0,0.0,3.7999999999999996e-08,0,1,33.94736842105263,0
PPO-QP,20260807,9,2,957,0,0,0,0.0,-100.0,-100.0,0.0,2.0117700098391348e-11,95.85085952656725,30.0,3,92,30.0,125.0,4,-100.0,19.0,-732.409972299169,-100.0,0.0,3.7999999999999996e-08,0,1,33.94736842105263,0
PPO-QP,20260807,10,3,1053,0,0,0,0.0,-100.0,-100.0,0.0,1.9898353335416155e-11,105.96302933422132,30.0,211,92,30.0,125.0,4,-100.0,19.0,-732.409972299169,-100.0,0.0,3.7999999999999996e-08,0,1,33.94736842105263,0
PPO-QP,20260807,11,3,1149,0,0,0,0.0,-100.0,-100.0,0.0,1.9922556197352983e-11,103.27932168487578,30.0,12,92,30.0,125.0,4,-100.0,19.0,-732.409972299169,-100.0,0.0,3.7999999999999996e-08,0,1,33.94736842105263,0
PPO-QP,20260807,12,3,1245,0,0,0,0.0,-100.0,-100.0,0.0,1.9887121579150364e-11,87.61049049163246,30.0,101,92,30.0,125.0,4,-100.0,19.0,-732.409972299169,-100.0,0.0,3.7999999999999996e-08,0,1,33.94736842105263,0
PPO-QP,20260807,13,3,1341,0,0,0,0.0,-100.0,-100.0,0.0,1.9945219550029e-11,102.10435203642338,30.0,53,92,30.0,125.0,4,-100.0,19.0,-732.409972299169,-100.0,0.0,3.7999999999999996e-08,0,1,33.94736842105263,0
PPO-QP,20260807,14,3,1437,0,0,0,0.0,-100.0,-100.0,0.0,1.9944590423648378e-11,71.42695793285735,30.0,0,92,30.0,125.0,4,-100.0,19.0,-732.409972299169,-100.0,0.0,3.7999999999999996e-08,0,1,33.94736842105263,0
PPO-QP,20260807,15,3,1533,0,0,0,0.0,-100.0,-100.0,0.0,1.98546771616274e-11,100.00130821074683,30.0,222,92,30.0,125.0,4,-100.0,19.0,-732.409972299169,-100.0,0.0,3.7999999999999996e-08,0,1,33.94736842105263,0
PPO-QP,20260807,16,4,1629,0,0,0,0.0,-100.0,-100.0,0.0,2.004625724675672e-11,83.04178651529132,30.0,55,92,30.0,125.0,4,-100.0,19.0,-732.409972299169,-100.0,0.0,3.7999999999999996e-08,0,1,33.94736842105263,0
PPO-QP,20260807,17,4,1725,0,0,0,0.0,-100.0,-100.0,0.0,0.0,105.46954824232857,30.0,143,92,30.0,125.0,4,-100.0,19.0,-732.409972299169,-100.0,0.0,3.7999999999999996e-08,0,1,33.94736842105263,0
PPO-QP,20260807,18,4,1821,0,0,0,0.0,-100.0,-100.0,0.0,1.9978615058609724e-11,95.87781493241873,30.0,133,92,30.0,125.0,4,-100.0,19.0,-732.409972299169,-100.0,0.0,3.7999999999999996e-08,0,1,33.94736842105263,0
PPO-QP,20260807,19,4,1917,0,0,0,0.0,-100.0,-100.0,0.0,1.9932333561456517e-11,105.46834623074572,30.0,204,92,30.0,125.0,4,-100.0,19.0,-732.409972299169,-100.0,0.0,3.7999999999999996e-08,0,1,33.94736842105263,0
PPO-QP,20260807,20,4,2013,0,0,0,0.0,-100.0,-100.0,0.0,1.9936515401515937e-11,110.48753847270052,30.0,160,92,30.0,125.0,4,-100.0,19.0,-732.409972299169,-100.0,0.0,3.7999999999999996e-08,0,1,33.94736842105263,0
PPO-QP,20260807,21,5,2109,0,0,0,0.0,-100.0,-100.0,0.0,1.985932159461375e-11,100.48692081466652,30.0,32,92,30.0,125.0,4,-100.0,19.0,-732.409972299169,-100.0,0.0,3.7999999999999996e-08,0,1,33.94736842105263,0
PPO-QP,20260807,22,5,2205,0,0,0,0.0,-100.0,-100.0,0.0,1.9995542258991843e-11,84.73391284961718,30.0,63,92,30.0,125.0,4,-100.0,19.0,-732.409972299169,-100.0,0.0,3.7999999999999996e-08,0,1,33.94736842105263,0
PPO-QP,20260807,23,5,2301,0,0,0,0.0,-100.0,-100.0,0.0,1.995324646249704e-11,110.00887532212714,30.0,215,92,30.0,125.0,4,-100.0,19.0,-732.409972299169,-100.0,0.0,3.7999999999999996e-08,0,1,33.94736842105263,0
PPO-QP,20260807,24,5,2397,0,0,0,0.0,-100.0,-100.0,0.0,1.9582121109825343e-11,109.9284297131466,30.0,221,92,30.0,125.0,4,-100.0,19.0,-732.409972299169,-100.0,0.0,3.7999999999999996e-08,0,1,33.94736842105263,0
PPO-QP,20260807,25,5,2493,0,0,0,0.0,-100.0,-100.0,0.0,1.947860391500929e-11,96.25561346436216,30.0,8,92,30.0,125.0,4,-100.0,19.0,-732.409972299169,-100.0,0.0,3.7999999999999996e-08,0,1,33.94736842105263,0
PPO-QP,20260807,26,6,2589,0,0,0,0.0,-100.0,-100.0,0.0,1.9801578895102996e-11,110.10922097309025,30.0,167,92,30.0,125.0,4,-100.0,19.0,-732.409972299169,-100.0,0.0,3.7999999999999996e-08,0,1,33.94736842105263,0
PPO-QP,20260807,27,6,2685,0,0,0,0.0,-100.0,-100.0,0.0,1.9876430131423226e-11,109.00381953646375,30.0,159,92,30.0,125.0,4,-100.0,19.0,-732.409972299169,-100.0,0.0,3.7999999999999996e-08,0,1,33.94736842105263,0
PPO-QP,20260807,28,6,2781,0,0,0,0.0,-100.0,-100.0,0.0,1.9968245575559726e-11,114.98663326839446,30.0,182,92,30.0,125.0,4,-100.0,19.0,-732.409972299169,-100.0,0.0,3.7999999999999996e-08,0,1,33.94736842105263,0
PPO-QP,20260807,29,6,2877,0,0,0,0.0,-100.0,-100.0,0.0,2.00091424910435e-11,97.11329274490448,30.0,224,92,30.0,125.0,4,-100.0,19.0,-732.409972299169,-100.0,0.0,3.7999999999999996e-08,0,1,33.94736842105263,0
PPO-QP,20260807,30,6,2973,0,0,0,0.0,-100.0,-100.0,0.0,1.993043878082782e-11,100.89617127432541,30.0,141,92,30.0,125.0,4,-100.0,19.0,-732.409972299169,-100.0,0.0,3.7999999999999996e-08,0,1,33.94736842105263,0
PPO-QP,20260807,31,6,3069,0,0,0,0.0,-100.0,-100.0,0.0,0.0,80.32125119024646,30.0,20,92,30.0,125.0,4,-100.0,19.0,-732.409972299169,-100.0,0.0,3.7999999999999996e-08,0,1,33.94736842105263,0
PPO-QP,20260807,32,7,3165,0,0,0,0.0,-100.0,-100.0,0.0,2.0005797018995965e-11,102.02181808763575,30.0,44,92,30.0,125.0,4,-100.0,19.0,-732.409972299169,-100.0,0.0,3.7999999999999996e-08,0,1,33.94736842105263,0
PPO-QP,20260807,33,7,3261,0,0,0,0.0,-100.0,-100.0,0.0,0.0,109.81392204466715,30.0,163,92,30.0,125.0,4,-100.0,19.0,-732.409972299169,-100.0,0.0,3.7999999999999996e-08,0,1,33.94736842105263,0
PPO-QP,20260807,34,7,3357,0,0,0,0.0,-100.0,-100.0,0.0,2.0024400656145265e-11,106.13850935359314,30.0,234,92,30.0,125.0,4,-100.0,19.0,-732.409972299169,-100.0,0.0,3.7999999999999996e-08,0,1,33.94736842105263,0
PPO-QP,20260807,36,7,3549,0,0,0,0.0,-100.0,-100.0,0.0,2.0061911391403934e-11,100.07914421571272,30.0,180,92,30.0,125.0,4,-100.0,19.0,-732.409972299169,-100.0,0.0,3.7999999999999996e-08,0,1,33.94736842105263,0
PPO-QP,20260807,37,8,3645,0,0,0,0.0,-100.0,-100.0,0.0,2.0024992775091733e-11,94.11350934331959,30.0,103,92,30.0,125.0,4,-100.0,19.0,-732.409972299169,-100.0,0.0,3.7999999999999996e-08,0,1,33.94736842105263,0
PPO-QP,20260807,38,8,3741,0,0,0,0.0,-100.0,-100.0,0.0,1.986698583422708e-11,100.69676510316452,30.0,2,92,30.0,125.0,4,-100.0,19.0,-732.409972299169,-100.0,0.0,3.7999999999999996e-08,0,1,33.94736842105263,0
PPO-QP,20260807,39,8,3837,0,0,0,0.0,-100.0,-100.0,0.0,1.9907727318487408e-11,99.79980532597651,30.0,129,92,30.0,125.0,4,-100.0,19.0,-732.409972299169,-100.0,0.0,3.7999999999999996e-08,0,1,33.94736842105263,0
PPO-QP,20260807,40,8,3933,0,0,0,0.0,-100.0,-100.0,0.0,0.0,97.38139037467363,30.0,112,92,30.0,125.0,4,-100.0,19.0,-732.409972299169,-100.0,0.0,3.7999999999999996e-08,0,1,33.94736842105263,0
PPO-QP,20260807,41,8,4029,0,0,0,0.0,-100.0,-100.0,0.0,1.9900729212688855e-11,99.05485532187399,30.0,36,92,30.0,125.0,4,-100.0,19.0,-732.409972299169,-100.0,0.0,3.7999999999999996e-08,0,1,33.94736842105263,0
PPO-QP,20260807,42,9,4125,0,0,0,0.0,-100.0,-100.0,0.0,0.0,70.68740403315702,30.0,7,92,30.0,125.0,4,-100.0,19.0,-732.409972299169,-100.0,0.0,3.7999999999999996e-08,0,1,33.94736842105263,0
PPO-QP,20260807,43,9,4221,0,0,0,0.0,-100.0,-100.0,0.0,0.0,85.8202729697167,30.0,61,92,30.0,125.0,4,-100.0,19.0,-732.409972299169,-100.0,0.0,3.7999999999999996e-08,0,1,33.94736842105263,0
PPO-QP,20260807,44,9,4317,0,0,0,0.0,-100.0,-100.0,0.0,1.996851572982905e-11,88.51136863994178,30.0,79,92,30.0,125.0,4,-100.0,19.0,-732.409972299169,-100.0,0.0,3.7999999999999996e-08,0,1,33.94736842105263,0
PPO-QP,20260807,45,9,4413,0,0,0,0.0,-100.0,-89.00828433688305,0.0,1.9979621660818716e-11,96.32255108936515,30.0,15,92,32.610532469990275,125.0,4,-100.0,28.920023385963045,-721.4182566360521,-89.00828433688305,-10.991715663116949,3.7999999999999996e-08,0,1,11.963937094818746,0
PPO-QP,20260807,46,9,4509,0,0,0,0.0,-100.0,-100.0,0.0,1.9988159275878086e-11,115.68383100969456,30.0,208,92,30.0,125.0,4,-100.0,19.0,-732.409972299169,-100.0,0.0,3.7999999999999996e-08,0,1,33.94736842105263,0
PPO-QP,20260807,47,9,4605,0,0,0,0.0,-100.0,-100.0,0.0,1.996794951608649e-11,92.19664912634585,30.0,74,92,30.0,125.0,4,-100.0,19.0,-732.409972299169,-100.0,0.0,3.7999999999999996e-08,0,1,33.94736842105263,0
PPO-QP,20260807,48,10,4701,0,0,0,0.0,-100.0,-100.0,0.0,1.9874831410267766e-11,89.55801861089178,30.0,102,92,30.0,125.0,4,-100.0,19.0,-732.409972299169,-100.0,0.0,3.7999999999999996e-08,0,1,33.94736842105263,0
PPO-QP,20260807,49,10,4797,0,0,0,0.0,-100.0,-98.47182841600883,0.0,2.0048862570121174e-11,100.43147422329041,30.0,118,92,30.362940751197904,125.0,4,-100.0,20.379174854552033,-730.8818007151779,-98.47182841600883,-1.528171583991167,3.7999999999999996e-08,0,1,81.5431794185748,0
PPO-QP,20260807,50,10,4893,0,0,0,0.0,-100.0,-87.85477897776467,0.0,1.982022324042987e-11,110.48753847270052,30.0,160,92,32.88448999278089,125.0,4,-100.0,29.96106197256739,-720.2647512769337,-87.85477897776467,-12.145221022235333,3.7999999999999996e-08,0,1,48.453432343038045,0
PPO-QP,20260807,51,10,4989,0,0,0,0.0,-100.0,-100.0,0.0,1.9919484580318188e-11,97.15497237735016,30.0,17,92,30.0,125.0,4,-100.0,19.0,-732.409972299169,-100.0,0.0,3.7999999999999996e-08,0,1,33.94736842105263,0
PPO-QP,20260807,52,10,5085,0,0,0,0.0,-100.0,-100.0,0.0,0.0,117.29831760304205,30.0,210,92,30.0,125.0,4,-100.0,19.0,-732.409972299169,-100.0,0.0,3.7999999999999996e-08,0,1,33.94736842105263,0
PPO-QP,20260807,53,11,5181,0,0,0,0.0,-100.0,-100.0,0.0,1.992656410247188e-11,90.96640864829209,30.0,87,92,30.0,125.0,4,-100.0,19.0,-732.409972299169,-100.0,0.0,3.7999999999999996e-08,0,1,47.027574701665266,0
PPO-QP,20260807,54,11,5277,0,0,0,0.0,-100.0,-100.0,0.0,2.960594732333751e-17,106.24062507747706,30.0,199,92,30.0,125.0,4,-100.0,19.0,-732.409972299169,-100.0,0.0,3.7999999999999996e-08,0,1,33.94736842105263,0
PPO-QP,20260807,55,11,5373,0,0,0,0.0,-100.0,-100.0,0.0,0.0,103.74738027439993,30.0,54,92,30.0,125.0,4,-100.0,19.0,-732.409972299169,-100.0,0.0,3.7999999999999996e-08,0,1,33.94736842105263,0
PPO-QP,20260807,56,11,5469,0,0,0,0.0,-100.0,-90.31001938444852,0.0,1.9485824065412773e-11,103.03986682541994,30.0,194,92,32.30137039619348,125.0,4,-100.0,27.74520750553521,-722.7199916836175,-90.31001938444852,-9.689980615551477,3.7999999999999996e-08,0,1,14.567407189949662,0
PPO-QP,20260807,57,11,5565,0,0,0,0.0,-100.0,-100.0,0.0,2.0004964351727496e-11,97.38139037467363,30.0,112,92,30.0,125.0,4,-100.0,19.0,-732.409972299169,-100.0,0.0,3.7999999999999996e-08,0,1,39.36256633257482,0
PPO-QP,20260807,58,12,5661,0,0,0,0.0,-100.0,-100.0,0.0,1.9854181262009738e-11,100.49931148378674,30.0,174,92,30.0,125.0,4,-100.0,19.0,-732.409972299169,-100.0,0.0,3.7999999999999996e-08,0,1,55.763105653585626,0
PPO-QP,20260807,59,12,5757,0,0,0,0.0,-100.0,-100.0,0.0,2.0025322141255706e-11,97.57557280168987,30.0,75,92,30.0,125.0,4,-100.0,19.0,-732.409972299169,-100.0,0.0,3.7999999999999996e-08,0,1,33.94736842105263,0
PPO-QP,20260807,60,12,5853,0,0,0,0.0,-100.0,-100.0,0.0,1.985904773960101e-11,104.00758986645744,30.0,9,92,30.0,125.0,4,-100.0,19.0,-732.409972299169,-100.0,0.0,3.7999999999999996e-08,0,1,33.94736842105263,0
PPO-QP,20260807,61,12,5949,0,0,0,0.0,-100.0,-100.0,0.0,1.984704992944823e-11,98.98452005268396,30.0,24,92,30.0,125.0,4,-100.0,19.0,-732.409972299169,-100.0,0.0,3.7999999999999996e-08,0,1,33.94736842105263,0
PPO-QP,20260807,63,12,6141,0,0,0,0.0,-100.0,-100.0,0.0,1.9878543255913428e-11,103.71614153679448,30.0,125,92,30.0,125.0,4,-100.0,19.0,-732.409972299169,-100.0,0.0,3.7999999999999996e-08,0,1,33.94736842105263,0
PPO-QP,20260807,64,13,6237,0,0,0,0.0,-100.0,-100.0,0.0,1.9888120779872527e-11,104.874570453267,30.0,238,92,30.0,125.0,4,-100.0,19.0,-732.409972299169,-100.0,0.0,3.7999999999999996e-08,0,1,33.94736842105263,0
PPO-QP,20260807,65,13,6333,0,0,0,0.0,-100.0,-100.0,0.0,1.9976683270546877e-11,99.02691431499208,30.0,144,92,30.0,125.0,4,-100.0,19.0,-732.409972299169,-100.0,0.0,3.7999999999999996e-08,0,1,33.94736842105263,0
PPO-QP,20260807,66,13,6429,0,0,0,0.0,-100.0,-100.0,0.0,1.9898501365152772e-11,87.91645733503387,30.0,86,92,30.0,125.0,4,-100.0,19.0,-732.409972299169,-100.0,0.0,3.7999999999999996e-08,0,1,33.94736842105263,0
PPO-QP,20260807,67,13,6525,0,0,0,0.0,-100.0,-98.66248104858103,0.0,1.9959400798796877e-11,73.92145614413825,30.0,13,92,30.317660750962006,125.0,4,-100.0,20.20711085365562,-731.0724533477501,-98.66248104858103,-1.3375189514189714,3.7999999999999996e-08,0,1,65.52273804668673,0
PPO-QP,20260807,68,13,6621,0,0,0,0.0,-100.0,-100.0,0.0,1.9820419379830886e-11,95.85085952656725,30.0,3,92,30.0,125.0,4,-100.0,19.0,-732.409972299169,-100.0,0.0,3.7999999999999996e-08,0,1,33.94736842105263,0
PPO-QP,20260807,69,14,6717,0,0,0,0.0,-100.0,-100.0,0.0,1.9826336868552137e-11,96.01676559852008,30.0,37,92,30.0,125.0,4,-100.0,19.0,-732.409972299169,-100.0,0.0,3.7999999999999996e-08,0,1,33.94736842105263,0
PPO-QP,20260807,70,14,6813,0,0,0,0.0,-100.0,-100.0,0.0,1.9943735551919418e-11,102.31891501836098,30.0,162,92,30.0,125.0,4,-100.0,19.0,-732.409972299169,-100.0,0.0,3.7999999999999996e-08,0,1,33.94736842105263,0
PPO-QP,20260807,71,14,6909,0,0,0,0.0,-100.0,-100.0,0.0,1.9945634033291525e-11,100.07999755036212,30.0,172,92,30.0,125.0,4,-100.0,19.0,-732.409972299169,-100.0,0.0,3.7999999999999996e-08,0,1,33.94736842105263,0
PPO-QP,20260807,72,14,7005,0,0,0,0.0,-100.0,-100.0,0.0,1.9874990542234627e-11,88.51136863994178,30.0,79,92,30.0,125.0,4,-100.0,19.0,-732.409972299169,-100.0,0.0,3.7999999999999996e-08,0,1,33.94736842105263,0
PPO-QP,20260807,73,14,7101,0,0,0,0.0,-100.0,-100.0,0.0,1.991770082199196e-11,104.9255458245251,30.0,233,92,30.0,125.0,4,-100.0,19.0,-732.409972299169,-100.0,0.0,3.7999999999999996e-08,0,1,33.94736842105263,0
PPO-QP,20260807,74,15,7197,0,0,0,0.0,-100.0,-100.0,0.0,1.9766532854958996e-11,115.68383100969456,30.0,208,92,30.0,125.0,4,-100.0,19.0,-732.409972299169,-100.0,0.0,3.7999999999999996e-08,0,1,49.66272364289729,0
PPO-QP,20260807,75,15,7293,0,0,0,0.0,-100.0,-100.0,0.0,1.996780518709329e-11,98.21813398146197,30.0,68,92,30.0,125.0,4,-100.0,19.0,-732.409972299169,-100.0,0.0,3.7999999999999996e-08,0,1,33.94736842105263,0
PPO-QP,20260807,76,15,7389,0,0,0,0.0,-100.0,-100.0,0.0,1.9954445503363633e-11,83.04178651529132,30.0,55,92,30.0,125.0,4,-100.0,19.0,-732.409972299169,-100.0,0.0,3.7999999999999996e-08,0,1,33.94736842105263,0
PPO-QP,20260807,77,15,7485,0,0,0,0.0,-100.0,-100.0,0.0,1.9959152848988047e-11,105.46954824232857,30.0,143,92,30.0,125.0,4,-100.0,19.0,-732.409972299169,-100.0,0.0,3.7999999999999996e-08,0,1,62.29032426480153,0
PPO-QP,20260807,78,15,7583,0,0,0,0.0,-100.0,-85.71651335706544,0.0,2.0009020366510792e-11,100.091080800493,30.0,223,94,80.89232807769696,125.0,2,-100.0,100.0,-296.5198374567885,-85.71651335706544,-14.283486642934562,3.7999999999999996e-08,0,1,49.861949209240265,0
PPO-QP,20260807,79,15,7677,0,0,0,0.0,-100.0,-100.0,0.0,1.9836643438964075e-11,103.74738027439993,30.0,54,92,30.0,125.0,4,-100.0,19.0,-732.409972299169,-100.0,0.0,3.7999999999999996e-08,0,1,33.94736842105263,0
PPO-QP,20260807,80,16,7773,0,0,0,0.0,-100.0,-100.0,0.0,1.9900285123479005e-11,92.24150315024411,30.0,69,92,30.0,125.0,4,-100.0,19.0,-732.409972299169,-100.0,0.0,3.7999999999999996e-08,0,1,33.94736842105263,0
PPO-QP,20260807,81,16,7869,0,0,0,0.0,-100.0,-100.0,0.0,1.9923888464982533e-11,91.85584163919535,30.0,100,92,30.0,125.0,4,-100.0,19.0,-732.409972299169,-100.0,0.0,3.7999999999999996e-08,0,1,33.94736842105263,0
PPO-QP,20260807,82,16,7965,0,0,0,0.0,-100.0,-100.0,0.0,2.0113632981377805e-11,91.9647476534924,30.0,62,92,30.0,125.0,4,-100.0,19.0,-732.409972299169,-100.0,0.0,3.7999999999999996e-08,0,1,33.94736842105263,0
PPO-QP,20260807,83,16,8061,0,0,0,0.0,-100.0,-100.0,0.0,1.983347560260048e-11,94.92530164324614,30.0,109,92,30.0,125.0,4,-100.0,19.0,-732.409972299169,-100.0,0.0,3.7999999999999996e-08,0,1,45.19191726998734,0
PPO-QP,20260807,84,16,8157,0,0,0,0.0,-100.0,-100.0,0.0,0.0,109.00845018424536,30.0,186,92,30.0,125.0,4,-100.0,19.0,-732.409972299169,-100.0,0.0,3.7999999999999996e-08,0,1,33.94736842105263,0
PPO-QP,20260807,85,17,8253,0,0,0,0.0,-100.0,-100.0,0.0,1.989226191175438e-11,95.87781493241873,30.0,133,92,30.0,125.0,4,-100.0,19.0,-732.409972299169,-100.0,0.0,3.7999999999999996e-08,0,1,33.94736842105263,0
PPO-QP,20260807,86,17,8349,0,0,0,0.0,-100.0,-100.0,0.0,1.952372337873006e-11,106.54959711280397,30.0,197,92,30.0,125.0,4,-100.0,19.0,-732.409972299169,-100.0,0.0,3.7999999999999996e-08,0,1,33.94736842105263,0
PPO-QP,20260807,87,17,8445,0,0,0,0.0,-100.0,-100.0,0.0,1.9836673044911398e-11,112.54618120928845,30.0,212,92,30.0,125.0,4,-100.0,19.0,-732.409972299169,-100.0,0.0,3.7999999999999996e-08,0,1,33.94736842105263,0
PPO-QP,20260807,88,17,8541,0,0,0,0.0,-100.0,-100.0,0.0,1.9766247897716008e-11,105.46834623074572,30.0,204,92,30.0,125.0,4,-100.0,19.0,-732.409972299169,-100.0,0.0,3.7999999999999996e-08,0,1,33.94736842105263,0
PPO-QP,20260807,89,17,8637,0,0,0,0.0,-100.0,-100.0,0.0,1.98621896707607e-11,111.81848596317624,30.0,207,92,30.0,125.0,4,-100.0,19.0,-732.409972299169,-100.0,0.0,3.7999999999999996e-08,0,1,33.94736842105263,0
PPO-QP,20260807,90,18,8733,0,0,0,0.0,-100.0,-100.0,0.0,1.9049628541267792e-11,83.30942638550725,30.0,49,92,30.0,125.0,4,-100.0,19.0,-732.409972299169,-100.0,0.0,3.7999999999999996e-08,0,1,33.94736842105263,0
PPO-QP,20260807,91,18,8829,0,0,0,0.0,-100.0,-100.0,0.0,1.997457014605667e-11,101.5466799515969,30.0,16,92,30.0,125.0,4,-100.0,19.0,-732.409972299169,-100.0,0.0,3.7999999999999996e-08,0,1,33.94736842105263,0
PPO-QP,20260807,93,18,9021,0,0,0,0.0,-100.0,-100.0,0.0,0.0,94.29020215225974,30.0,81,92,30.0,125.0,4,-100.0,19.0,-732.409972299169,-100.0,0.0,3.7999999999999996e-08,0,1,33.94736842105263,0
PPO-QP,20260807,94,18,9117,0,0,0,0.0,-100.0,-100.0,0.0,1.9897272718338856e-11,99.83051753648506,30.0,190,92,30.0,125.0,4,-100.0,19.0,-732.409972299169,-100.0,0.0,3.7999999999999996e-08,0,1,33.94736842105263,0
PPO-QP,20260807,95,18,9213,0,0,0,0.0,-100.0,-100.0,0.0,1.96314631217831e-11,102.84941180769906,30.0,173,92,30.0,125.0,4,-100.0,19.0,-732.409972299169,-100.0,0.0,3.7999999999999996e-08,0,1,33.94736842105263,0
PPO-QP,20260807,96,19,9309,0,0,0,0.0,-100.0,-100.0,0.0,1.9934731643189708e-11,110.25536271311508,30.0,196,92,30.0,125.0,4,-100.0,19.0,-732.409972299169,-100.0,0.0,3.7999999999999996e-08,0,1,33.94736842105263,0
PPO-QP,20260807,97,19,9405,0,0,0,0.0,-100.0,-80.76146637381387,0.0,1.985308954270219e-11,97.3102387833523,30.0,104,92,34.569151736219204,125.0,4,-100.0,36.36277659763297,-713.171438672983,-80.76146637381387,-19.238533626186126,3.7999999999999996e-08,0,1,37.99522374693716,0
PPO-QP,20260807,98,19,9501,0,0,0,0.0,-100.0,-100.0,0.0,1.99521806483934e-11,103.60264311293285,30.0,198,92,30.0,125.0,4,-100.0,19.0,-732.409972299169,-100.0,0.0,3.7999999999999996e-08,0,1,39.40132355866026,0
PPO-QP,20260807,99,19,9597,0,0,0,0.0,-100.0,-100.0,0.0,0.0,95.87781493241873,30.0,133,92,30.0,125.0,4,-100.0,19.0,-732.409972299169,-100.0,0.0,3.7999999999999996e-08,0,1,33.94736842105263,0
PPO-QP,20260807,100,19,9693,0,0,0,0.0,-100.0,-100.0,0.0,1.9918341050602825e-11,102.98408042338848,30.0,178,92,30.0,125.0,4,-100.0,19.0,-732.409972299169,-100.0,0.0,3.7999999999999996e-08,0,1,44.12632156455196,0
PPO-QP,20260807,101,20,9789,0,0,0,0.0,-100.0,-100.0,0.0,0.0,92.88476102773205,30.0,105,92,30.0,125.0,4,-100.0,19.0,-732.409972299169,-100.0,0.0,3.7999999999999996e-08,0,1,35.91145481495744,0
PPO-QP,20260807,102,20,9885,0,0,0,0.0,-100.0,-100.0,0.0,1.9938857972097897e-11,100.49931148378674,30.0,174,92,30.0,125.0,4,-100.0,19.0,-732.409972299169,-100.0,0.0,3.7999999999999996e-08,0,1,33.94736842105263,0
PPO-QP,20260807,103,20,9981,0,0,0,0.0,-100.0,-100.0,0.0,1.9900140794485802e-11,99.02691431499208,30.0,144,92,30.0,125.0,4,-100.0,19.0,-732.409972299169,-100.0,0.0,3.7999999999999996e-08,0,1,33.94736842105263,0
PPO-QP,20260807,104,20,10077,0,0,0,0.0,-100.0,-100.0,0.0,1.9932585212008765e-11,81.39778407810832,30.0,6,92,30.0,125.0,4,-100.0,19.0,-732.409972299169,-100.0,0.0,3.7999999999999996e-08,0,1,33.94736842105263,0
PPO-QP,20260807,105,20,10173,0,0,0,0.0,-100.0,-100.0,0.0,1.9956987914090028e-11,90.64375549933027,30.0,80,92,30.0,125.0,4,-100.0,19.0,-732.409972299169,-100.0,0.0,3.7999999999999996e-08,0,1,33.94736842105263,0
PPO-QP,20260807,106,21,10269,0,0,0,0.0,-100.0,-100.0,0.0,1.9939820165385904e-11,91.9647476534924,30.0,62,92,30.0,125.0,4,-100.0,19.0,-732.409972299169,-100.0,0.0,3.7999999999999996e-08,0,1,33.94736842105263,0
PPO-QP,20260807,107,21,10365,0,0,0,0.0,-100.0,-100.0,0.0,0.0,90.43588685788883,30.0,93,92,30.0,125.0,4,-100.0,19.0,-732.409972299169,-100.0,0.0,3.7999999999999996e-08,0,1,33.94736842105263,0
PPO-QP,20260807,108,21,10461,0,0,0,0.0,-100.0,-100.0,0.0,1.982105220695492e-11,98.93233912322364,30.0,128,92,30.0,125.0,4,-100.0,19.0,-732.409972299169,-100.0,0.0,3.7999999999999996e-08,0,1,33.94736842105263,0
PPO-QP,20260807,110,21,10653,0,0,0,0.0,-100.0,-100.0,0.0,1.9915687617573972e-11,93.95418866591038,30.0,94,92,30.0,125.0,4,-100.0,19.0,-732.409972299169,-100.0,0.0,3.7999999999999996e-08,0,1,33.94736842105263,0
PPO-QP,20260807,111,21,10749,0,0,0,0.0,-100.0,-74.62165829011637,0.0,1.9539318311482626e-11,100.49931148378674,30.0,174,92,36.02735615609736,125.0,4,-100.0,41.90395339316997,-707.0316305892853,-74.62165829011637,-25.378341709883628,3.7999999999999996e-08,0,1,32.297369469527005,0
PPO-QP,20260807,112,22,10845,0,0,0,0.0,-100.0,-100.0,0.0,1.9544958244447724e-11,99.1738371645239,30.0,108,92,30.0,125.0,4,-100.0,19.0,-732.409972299169,-100.0,0.0,3.7999999999999996e-08,0,1,33.94736842105263,0
PPO-QP,20260807,113,22,10941,0,0,0,0.0,-100.0,-100.0,0.0,1.9857386105807486e-11,105.45166917558011,30.0,213,92,30.0,125.0,4,-100.0,19.0,-732.409972299169,-100.0,0.0,3.7999999999999996e-08,0,1,33.94736842105263,0
PPO-QP,20260807,114,22,11037,0,0,0,0.0,-100.0,-100.0,0.0,1.991432204325368e-11,93.11517390836408,30.0,96,92,30.0,125.0,4,-100.0,19.0,-732.409972299169,-100.0,0.0,3.7999999999999996e-08,0,1,56.69225095924235,0
PPO-QP,20260807,115,22,11133,0,0,0,0.0,-100.0,-100.0,0.0,2.0014023771608434e-11,98.93233912322364,30.0,128,92,30.0,125.0,4,-100.0,19.0,-732.409972299169,-100.0,0.0,3.7999999999999996e-08,0,1,33.94736842105263,0
PPO-QP,20260807,116,22,11229,0,0,0,0.0,-100.0,-100.0,0.0,1.9858326094635003e-11,93.95418866591038,30.0,94,92,30.0,125.0,4,-100.0,19.0,-732.409972299169,-100.0,0.0,3.7999999999999996e-08,0,1,33.94736842105263,0
PPO-QP,20260807,118,23,11421,0,0,0,0.0,-100.0,-100.0,0.0,1.9981993837348e-11,106.13850935359314,30.0,234,92,30.0,125.0,4,-100.0,19.0,-732.409972299169,-100.0,0.0,3.7999999999999996e-08,0,1,33.94736842105263,0
PPO-QP,20260807,119,23,11517,0,0,0,0.0,-100.0,-100.0,0.0,2.0116541765702324e-11,99.79980532597651,30.0,129,92,30.0,125.0,4,-100.0,19.0,-732.409972299169,-100.0,0.0,3.7999999999999996e-08,0,1,48.32422840190002,0
PPO-QP,20260807,120,23,11613,0,0,0,0.0,-100.0,-100.0,0.0,1.9986016545440558e-11,107.61759070352285,30.0,152,92,30.0,125.0,4,-100.0,19.0,-732.409972299169,-100.0,0.0,3.7999999999999996e-08,0,1,33.94736842105263,0
PPO-QP,20260807,121,23,11709,0,0,0,0.0,-100.0,-91.28865736179986,0.0,1.9889186593976168e-11,109.23909068749569,30.0,157,92,32.06894387657253,125.0,4,-100.0,26.861986730975623,-723.6986296609688,-91.28865736179986,-8.711342638200136,3.7999999999999996e-08,0,1,16.52468314465237,0
PPO-QP,20260807,122,24,11805,0,0,0,0.0,-100.0,-100.0,0.0,1.998945453607348e-11,97.57557280168987,30.0,75,92,30.0,125.0,4,-100.0,19.0,-732.409972299169,-100.0,0.0,3.7999999999999996e-08,0,1,33.94736842105263,0
PPO-QP,20260807,123,24,11901,0,0,0,0.0,-100.0,-100.0,0.0,1.9987911326069253e-11,93.83291616695745,30.0,124,92,30.0,125.0,4,-100.0,19.0,-732.409972299169,-100.0,0.0,3.7999999999999996e-08,0,1,33.94736842105263,0
PPO-QP,20260807,124,24,11997,0,0,0,0.0,-100.0,-100.0,0.0,1.9887273309630397e-11,73.4818515278711,30.0,56,92,30.0,125.0,4,-100.0,19.0,-732.409972299169,-100.0,0.0,3.7999999999999996e-08,0,1,33.94736842105263,0
PPO-QP,20260807,125,24,12093,0,0,0,0.0,-100.0,-100.0,0.0,1.9986364415321607e-11,95.24953877379312,30.0,64,92,30.0,125.0,4,-100.0,19.0,-732.409972299169,-100.0,0.0,3.7999999999999996e-08,0,1,39.15652405102508,0
PPO-QP,20260807,126,24,12189,0,0,0,0.0,-100.0,-100.0,0.0,2.0094285494802004e-11,96.4455216587882,30.0,175,92,30.0,125.0,4,-100.0,19.0,-732.409972299169,-100.0,0.0,3.7999999999999996e-08,0,1,33.94736842105263,0
PPO-QP,20260807,127,24,12285,0,0,0,0.0,-100.0,-100.0,0.0,1.98748166072941e-11,96.32255108936515,30.0,15,92,30.0,125.0,4,-100.0,19.0,-732.409972299169,-100.0,0.0,3.7999999999999996e-08,0,1,33.94736842105263,0
PPO-QP,20260807,128,25,12381,0,0,0,0.0,-100.0,-100.0,0.0,1.9974884709246983e-11,109.23909068749569,30.0,157,92,30.0,125.0,4,-100.0,19.0,-732.409972299169,-100.0,0.0,3.7999999999999996e-08,0,1,33.94736842105263,0
PPO-QP,20260807,129,25,12477,0,0,0,0.0,-100.0,-100.0,0.0,2.0015067381251585e-11,100.58254270570778,30.0,153,92,30.0,125.0,4,-100.0,19.0,-732.409972299169,-100.0,0.0,3.7999999999999996e-08,0,1,33.94736842105263,0
PPO-QP,20260807,130,25,12573,0,0,0,0.0,-100.0,-100.0,0.0,2.0031887260074656e-11,96.58075138170044,30.0,179,92,30.0,125.0,4,-100.0,19.0,-732.409972299169,-100.0,0.0,3.7999999999999996e-08,0,1,33.94736842105263,0
PPO-QP,20260807,131,25,12669,0,0,0,0.0,-100.0,-100.0,0.0,0.0,108.3505698228186,30.0,161,92,30.0,125.0,4,-100.0,19.0,-732.409972299169,-100.0,0.0,3.7999999999999996e-08,0,1,33.94736842105263,0
PPO-QP,20260807,132,25,12765,0,0,0,0.0,-100.0,-100.0,0.0,1.9935545806741097e-11,109.76789593316256,30.0,195,92,30.0,125.0,4,-100.0,19.0,-732.409972299169,-100.0,0.0,3.7999999999999996e-08,0,1,33.94736842105263,0
PPO-QP,20260807,133,26,12861,0,0,0,0.0,-100.0,-100.0,0.0,1.9763661078068633e-11,96.25561346436216,30.0,8,92,30.0,125.0,4,-100.0,19.0,-732.409972299169,-100.0,0.0,3.7999999999999996e-08,0,1,33.94736842105263,0
PPO-QP,20260807,134,26,12957,0,0,0,0.0,-100.0,-100.0,0.0,1.984251651876434e-11,105.46954824232857,30.0,143,92,30.0,125.0,4,-100.0,19.0,-732.409972299169,-100.0,0.0,3.7999999999999996e-08,0,1,33.94736842105263,0
PPO-QP,20260807,135,26,13053,0,0,0,0.0,-100.0,-95.81562899611112,0.0,1.9859980326941694e-11,93.90241884913648,30.0,99,92,30.993788113423612,125.0,4,-100.0,22.776394831009725,-728.2256012952801,-95.81562899611112,-4.184371003888884,3.7999999999999996e-08,0,1,25.578626413274847,0
PPO-QP,20260807,136,26,13149,0,0,0,0.0,-100.0,-100.0,0.0,0.0,83.44779529038792,30.0,14,92,30.0,125.0,4,-100.0,19.0,-732.409972299169,-100.0,0.0,3.7999999999999996e-08,0,1,33.94736842105263,0
PPO-QP,20260807,137,26,13245,0,0,0,0.0,-100.0,-100.0,0.0,1.9913226623202717e-11,90.68725573509818,30.0,146,92,30.0,125.0,4,-100.0,19.0,-732.409972299169,-100.0,0.0,3.7999999999999996e-08,0,1,33.94736842105263,0
PPO-QP,20260807,138,27,13341,0,0,0,0.0,-100.0,-100.0,0.0,1.9865723880722422e-11,93.95418866591038,30.0,94,92,30.0,125.0,4,-100.0,19.0,-732.409972299169,-100.0,0.0,3.7999999999999996e-08,0,1,33.94736842105263,0
PPO-QP,20260807,139,27,13437,0,0,0,0.0,-100.0,-100.0,0.0,1.9958849388027982e-11,103.92254966074705,30.0,229,92,30.0,125.0,4,-100.0,19.0,-732.409972299169,-100.0,0.0,3.7999999999999996e-08,0,1,33.94736842105263,0
PPO-QP,20260807,140,27,13533,0,0,0,0.0,-100.0,-57.82746122465393,0.0,1.9906728117765245e-11,85.8202729697167,30.0,61,92,40.01597795914469,125.0,4,-100.0,57.06071624474983,-690.2374335238229,-57.82746122465393,-42.17253877534607,3.7999999999999996e-08,0,1,18.748626285727326,0
PPO-QP,20260807,141,27,13629,0,0,0,0.0,-100.0,-100.0,0.0,2.0146884160965328e-11,103.03986682541994,30.0,194,92,30.0,125.0,4,-100.0,19.0,-732.409972299169,-100.0,0.0,3.7999999999999996e-08,0,1,33.94736842105263,0
PPO-QP,20260807,142,27,13725,0,0,0,0.0,-100.0,-100.0,0.0,1.9544528958211535e-11,94.0077774045799,30.0,78,92,30.0,125.0,4,-100.0,19.0,-732.409972299169,-100.0,0.0,3.7999999999999996e-08,0,1,33.94736842105263,0
PPO-QP,20260807,143,27,13821,0,0,0,0.0,-100.0,-100.0,0.0,1.9859180966363966e-11,93.40953184232814,30.0,135,92,30.0,125.0,4,-100.0,19.0,-732.409972299169,-100.0,0.0,3.7999999999999996e-08,0,1,33.94736842105263,0
PPO-QP,20260807,144,28,13917,0,0,0,0.0,-100.0,-100.0,0.0,1.995215474318949e-11,101.10748378887497,30.0,110,92,30.0,125.0,4,-100.0,19.0,-732.409972299169,-100.0,0.0,3.7999999999999996e-08,0,1,33.94736842105263,0
PPO-QP,20260807,145,28,14014,0,0,0,0.0,-100.0,-34.587651133180685,0.0,2.0084189866764744e-11,97.44251958375868,30.0,223,93,69.28543285586959,125.0,3,-100.0,100.0,-456.19429933262677,-34.587651133180685,-65.41234886681931,3.7999999999999996e-08,0,1,23.602885001616883,0
PPO-QP,20260807,145,28,14015,0,0,0,0.0,-100.0,-100.0,0.0,2.0061208250155004e-11,100.091080800493,30.0,223,94,77.5,125.0,2,-100.0,100.0,-310.80332409972306,-100.0,0.0,3.7999999999999996e-08,0,1,20.412348866819315,0
PPO-QP,20260807,146,28,14109,0,0,0,0.0,-100.0,-100.0,0.0,1.9860187568572958e-11,98.64165448582102,30.0,142,92,30.0,125.0,4,-100.0,19.0,-732.409972299169,-100.0,0.0,3.7999999999999996e-08,0,1,33.94736842105263,0
PPO-QP,20260807,148,28,14301,0,0,0,0.0,-100.0,-100.0,0.0,0.0,83.01996185755443,30.0,27,92,30.0,125.0,4,-100.0,19.0,-732.409972299169,-100.0,0.0,3.7999999999999996e-08,0,1,33.94736842105263,0
PPO-QP,20260807,149,29,14397,0,0,0,0.0,-100.0,-100.0,0.0,1.9959556230020327e-11,112.82024492984584,30.0,205,92,30.0,125.0,4,-100.0,19.0,-732.409972299169,-100.0,0.0,3.7999999999999996e-08,0,1,33.94736842105263,0
PPO-QP,20260807,150,29,14493,0,0,0,0.0,-100.0,-100.0,0.0,2.0018690409055278e-11,100.24854400666918,30.0,170,92,30.0,125.0,4,-100.0,19.0,-732.409972299169,-100.0,0.0,3.7999999999999996e-08,0,1,33.94736842105263,0
PPO-QP,20260807,151,29,14589,0,0,0,0.0,-100.0,-100.0,0.0,2.0006896139790343e-11,76.26011533638224,30.0,28,92,30.0,125.0,4,-100.0,19.0,-732.409972299169,-100.0,0.0,3.7999999999999996e-08,0,1,33.94736842105263,0
PPO-QP,20260807,152,29,14685,0,0,0,0.0,-100.0,-100.0,0.0,1.9898438452514712e-11,104.23250747221446,30.0,226,92,30.0,125.0,4,-100.0,19.0,-732.409972299169,-100.0,0.0,3.7999999999999996e-08,0,1,33.94736842105263,0
PPO-QP,20260807,153,29,14781,0,0,0,0.0,-100.0,-100.0,0.0,2.0048285254148367e-11,81.39778407810832,30.0,6,92,30.0,125.0,4,-100.0,19.0,-732.409972299169,-100.0,0.0,3.7999999999999996e-08,0,1,33.94736842105263,0
PPO-QP,20260807,154,30,14877,0,0,0,0.0,-100.0,-100.0,0.0,1.9857482325136287e-11,91.87996057561233,30.0,84,92,30.0,125.0,4,-100.0,19.0,-732.409972299169,-100.0,0.0,3.7999999999999996e-08,0,1,33.94736842105263,0
PPO-QP,20260807,156,30,15069,0,0,0,0.0,-100.0,-100.0,0.0,1.990627292632515e-11,103.03986682541994,30.0,194,92,30.0,125.0,4,-100.0,19.0,-732.409972299169,-100.0,0.0,3.7999999999999996e-08,0,1,33.94736842105263,0
PPO-QP,20260807,157,30,15165,0,0,0,0.0,-100.0,-75.0355294523699,0.0,0.0,89.04411420168975,30.0,119,92,35.92906175506215,125.0,4,-100.0,41.53043466923617,-707.4455017515389,-75.0355294523699,-24.9644705476301,3.7999999999999996e-08,0,1,11.032341404518547,0
PPO-QP,20260807,158,30,15261,0,0,0,0.0,-100.0,-100.0,0.0,1.985824097753645e-11,100.12765026961917,30.0,111,92,30.0,125.0,4,-100.0,19.0,-732.409972299169,-100.0,0.0,3.7999999999999996e-08,0,1,34.23182372042103,0
PPO-QP,20260807,159,30,15357,0,0,0,0.0,-100.0,-100.0,0.0,1.973244530735959e-11,112.82024492984584,30.0,205,92,30.0,125.0,4,-100.0,19.0,-732.409972299169,-100.0,0.0,3.7999999999999996e-08,0,1,37.83134665404215,0
PPO-QP,20260807,160,31,15453,0,0,0,0.0,-100.0,-100.0,0.0,1.985786720245149e-11,99.79980532597651,30.0,129,92,30.0,125.0,4,-100.0,19.0,-732.409972299169,-100.0,0.0,3.7999999999999996e-08,0,1,33.94736842105263,0
PPO-QP,20260807,161,31,15549,0,0,0,0.0,-100.0,-100.0,0.0,1.992038016022472e-11,103.52373239298403,30.0,11,92,30.0,125.0,4,-100.0,19.0,-732.409972299169,-100.0,0.0,3.7999999999999996e-08,0,1,33.94736842105263,0
PPO-QP,20260807,162,31,15645,0,0,0,0.0,-100.0,-100.0,0.0,1.9793037579300215e-11,112.24190410144651,30.0,216,92,30.0,125.0,4,-100.0,19.0,-732.409972299169,-100.0,0.0,3.7999999999999996e-08,0,1,33.94736842105263,0
PPO-QP,20260807,163,31,15741,0,0,0,0.0,-100.0,-100.0,0.0,0.0,77.39593317848316,30.0,42,92,30.0,125.0,4,-100.0,19.0,-732.409972299169,-100.0,0.0,3.7999999999999996e-08,0,1,33.94736842105263,0
PPO-QP,20260807,164,31,15837,0,0,0,0.0,-100.0,-100.0,0.0,1.9918714825687783e-11,100.78780511344941,30.0,45,92,30.0,125.0,4,-100.0,19.0,-732.409972299169,-100.0,0.0,3.7999999999999996e-08,0,1,33.94736842105263,0
PPO-QP,20260807,165,32,15933,0,0,0,0.0,-100.0,-100.0,0.0,1.9601253953283048e-11,102.75890329454388,30.0,187,92,30.0,125.0,4,-100.0,19.0,-732.409972299169,-100.0,0.0,3.7999999999999996e-08,0,1,33.94736842105263,0
PPO-QP,20260807,166,32,16029,0,0,0,0.0,-100.0,-90.15571238768099,0.0,1.9897657595654057e-11,100.24751861636082,30.0,107,92,32.338018307925765,125.0,4,-100.0,27.884469570117904,-722.5656846868501,-90.15571238768099,-9.844287612319008,3.7999999999999996e-08,0,1,14.25879319641463,0
PPO-QP,20260807,167,32,16125,0,0,0,0.0,-100.0,-100.0,0.0,1.986977989550572e-11,102.11370682986832,30.0,188,92,30.0,125.0,4,-100.0,19.0,-732.409972299169,-100.0,0.0,3.7999999999999996e-08,0,1,33.94736842105263,0
PPO-QP,20260807,168,32,16221,0,0,0,0.0,-100.0,-100.0,0.0,1.9421249793557158e-11,103.03986682541994,30.0,194,92,30.0,125.0,4,-100.0,19.0,-732.409972299169,-100.0,0.0,3.7999999999999996e-08,0,1,33.94736842105263,0
PPO-QP,20260807,169,32,16317,0,0,0,0.0,-100.0,-100.0,0.0,1.9890666891342336e-11,81.39778407810832,30.0,6,92,30.0,125.0,4,-100.0,19.0,-732.409972299169,-100.0,0.0,3.7999999999999996e-08,0,1,39.26578990775573,0
PPO-QP,20260807,170,33,16413,0,0,0,0.0,-100.0,-97.23816562440079,0.0,1.9914666212391315e-11,106.13850935359314,30.0,234,92,30.65593566420481,125.0,4,-100.0,21.492555523978282,-729.6481379235698,-97.23816562440079,-2.761834375599207,3.7999999999999996e-08,0,1,28.423699669854216,0
PPO-QP,20260807,171,33,16509,0,0,0,0.0,-100.0,-100.0,0.0,1.9910858147416852e-11,89.4498133195773,30.0,82,92,30.0,125.0,4,-100.0,19.0,-732.409972299169,-100.0,0.0,3.7999999999999996e-08,0,1,33.94736842105263,0
PPO-QP,20260807,172,33,16605,0,0,0,0.0,-100.0,-83.85018759006644,0.0,2.0097209082100185e-11,90.68725573509818,30.0,146,92,33.83558044735922,125.0,4,-100.0,33.57520569996503,-716.2601598892355,-83.85018759006644,-16.14981240993356,3.7999999999999996e-08,0,1,45.88748187378666,0
PPO-QP,20260807,173,33,16701,0,0,0,0.0,-100.0,-100.0,0.0,1.9899056476665085e-11,112.24190410144651,30.0,216,92,30.0,125.0,4,-100.0,19.0,-732.409972299169,-100.0,0.0,3.7999999999999996e-08,0,1,33.94736842105263,0
PPO-QP,20260807,174,33,16797,0,0,0,0.0,-100.0,-97.50833114360441,0.0,2.0018449860733274e-11,107.24698631088836,30.0,156,92,30.591771353393955,125.0,4,-100.0,21.24873114289703,-729.9183034427733,-97.50833114360441,-2.4916688563955915,3.7999999999999996e-08,0,1,60.09392747652068,0
PPO-QP,20260807,175,33,16894,0,0,0,0.0,-100.0,-100.0,0.0,1.9916968074795705e-11,91.58439872246944,30.0,128,93,53.75,125.0,3,-100.0,100.0,-521.6066481994461,-100.0,0.0,3.7999999999999996e-08,0,1,30.641867835039662,0
PPO-QP,20260807,176,34,16989,0,0,0,0.0,-100.0,-100.0,0.0,7.401486830834377e-18,115.3687027071826,30.0,164,92,30.0,125.0,4,-100.0,19.0,-732.409972299169,-100.0,0.0,3.7999999999999996e-08,0,1,33.94736842105263,0
PPO-QP,20260807,177,34,17085,0,0,0,0.0,-100.0,-100.0,0.0,2.0029033986901368e-11,112.50095741162527,30.0,230,92,30.0,125.0,4,-100.0,19.0,-732.409972299169,-100.0,0.0,3.7999999999999996e-08,0,1,33.94736842105263,0
PPO-QP,20260807,178,34,17181,0,0,0,0.0,-100.0,-100.0,0.0,1.9750608556042455e-11,108.13271811924119,30.0,232,92,30.0,125.0,4,-100.0,19.0,-732.409972299169,-100.0,0.0,3.7999999999999996e-08,0,1,33.94736842105263,0
PPO-QP,20260807,179,34,17277,0,0,0,0.0,-100.0,-100.0,0.0,2.0051105220630915e-11,114.98663326839446,30.0,182,92,30.0,125.0,4,-100.0,19.0,-732.409972299169,-100.0,0.0,3.7999999999999996e-08,0,1,33.94736842105263,0
PPO-QP,20260807,180,34,17373,0,0,0,0.0,-100.0,-91.26303740086287,0.0,2.0036490984883432e-11,84.83495531338835,30.0,21,92,32.07502861729507,125.0,4,-100.0,26.885108745721258,-723.6730097000319,-91.26303740086287,-8.73696259913713,3.7999999999999996e-08,0,1,48.19418664465714,0
PPO-QP,20260807,181,35,17469,0,0,0,0.0,-100.0,-100.0,0.0,7.401486830834377e-18,105.46834623074572,30.0,204,92,30.0,125.0,4,-100.0,19.0,-732.409972299169,-100.0,0.0,3.7999999999999996e-08,0,1,33.94736842105263,0
PPO-QP,20260807,182,35,17565,0,0,0,0.0,-100.0,-100.0,0.0,0.0,106.13850935359314,30.0,234,92,30.0,125.0,4,-100.0,19.0,-732.409972299169,-100.0,0.0,3.7999999999999996e-08,0,1,33.94736842105263,0
PPO-QP,20260807,183,35,17661,0,0,0,0.0,-100.0,-100.0,0.0,1.9869476434545657e-11,93.95418866591038,30.0,94,92,30.0,125.0,4,-100.0,19.0,-732.409972299169,-100.0,0.0,3.7999999999999996e-08,0,1,33.94736842105263,0
PPO-QP,20260807,184,35,17757,0,0,0,0.0,-100.0,-100.0,0.0,1.9846435606041267e-11,94.22972826960984,30.0,65,92,30.0,125.0,4,-100.0,19.0,-732.409972299169,-100.0,0.0,3.7999999999999996e-08,0,1,33.94736842105263,0
PPO-QP,20260807,185,35,17853,0,0,0,0.0,-100.0,-100.0,0.0,0.0,90.68725573509818,30.0,146,92,30.0,125.0,4,-100.0,19.0,-732.409972299169,-100.0,0.0,3.7999999999999996e-08,0,1,33.94736842105263,0
PPO-QP,20260807,186,36,17949,0,0,0,0.0,-100.0,-100.0,0.0,1.9987241491511063e-11,104.96059298132022,30.0,58,92,30.0,125.0,4,-100.0,19.0,-732.409972299169,-100.0,0.0,3.7999999999999996e-08,0,1,55.34495122765933,0
PPO-QP,20260807,187,36,18045,0,0,0,0.0,-100.0,-100.0,0.0,2.0051564112814426e-11,88.96023354870242,30.0,72,92,30.0,125.0,4,-100.0,19.0,-732.409972299169,-100.0,0.0,3.7999999999999996e-08,0,1,58.56687836622973,0
PPO-QP,20260807,188,36,18141,0,0,0,0.0,-100.0,-100.0,0.0,1.9912782533992867e-11,99.83051753648506,30.0,190,92,30.0,125.0,4,-100.0,19.0,-732.409972299169,-100.0,0.0,3.7999999999999996e-08,0,1,33.94736842105263,0
PPO-QP,20260807,189,36,18237,0,0,0,0.0,-100.0,-100.0,0.0,1.99974999522586e-11,100.07999755036212,30.0,172,92,30.0,125.0,4,-100.0,19.0,-732.409972299169,-100.0,0.0,3.7999999999999996e-08,0,1,33.94736842105263,0
PPO-QP,20260807,190,36,18333,0,0,0,0.0,-100.0,-100.0,0.0,1.9849118645017447e-11,96.25561346436216,30.0,8,92,30.0,125.0,4,-100.0,19.0,-732.409972299169,-100.0,0.0,3.7999999999999996e-08,0,1,37.25986047454769,0
PPO-QP,20260807,191,36,18429,0,0,0,0.0,-100.0,-85.19306521061233,0.0,1.9906217415173917e-11,95.64219345576147,30.0,149,92,33.516647012479574,125.0,4,-100.0,32.36325864742238,-717.6030375097813,-85.19306521061233,-14.806934789387668,3.7999999999999996e-08,0,1,4.3334988422772796,0
PPO-QP,20260807,192,37,18525,0,0,0,0.0,-100.0,-100.0,0.0,1.9894523065981198e-11,95.77455035660361,30.0,116,92,30.0,125.0,4,-100.0,19.0,-732.409972299169,-100.0,0.0,3.7999999999999996e-08,0,1,33.94736842105263,0
PPO-QP,20260807,193,37,18621,0,0,0,0.0,-100.0,-100.0,0.0,1.9981131564132207e-11,102.84941180769906,30.0,173,92,30.0,125.0,4,-100.0,19.0,-732.409972299169,-100.0,0.0,3.7999999999999996e-08,0,1,33.94736842105263,0
PPO-QP,20260807,194,37,18717,0,0,0,0.0,-100.0,-100.0,0.0,1.992561301141412e-11,91.9647476534924,30.0,62,92,30.0,125.0,4,-100.0,19.0,-732.409972299169,-100.0,0.0,3.7999999999999996e-08,0,1,33.94736842105263,0
PPO-QP,20260807,195,37,18813,0,0,0,0.0,-100.0,-92.57667539497079,0.0,1.9976113356060903e-11,98.10549359535615,30.0,151,92,31.763039593694437,125.0,4,-100.0,25.699550456038857,-724.9866476941398,-92.57667539497079,-7.423324605029208,3.7999999999999996e-08,0,1,19.1007192109942,0
PPO-QP,20260807,196,37,18909,0,0,0,0.0,-100.0,-100.0,0.0,1.983353111375171e-11,101.49658100152236,30.0,177,92,30.0,125.0,4,-100.0,19.0,-732.409972299169,-100.0,0.0,3.7999999999999996e-08,0,1,33.94736842105263,0
PPO-QP,20260807,197,38,19005,0,0,0,0.0,-100.0,-100.0,0.0,1.991595407109988e-11,87.53223352510913,30.0,59,92,30.0,125.0,4,-100.0,19.0,-732.409972299169,-100.0,0.0,3.7999999999999996e-08,0,1,54.31479067046029,0
PPO-QP,20260807,198,38,19101,0,0,0,0.0,-100.0,-100.0,0.0,1.990299406765909e-11,101.76595014465538,30.0,18,92,30.0,125.0,4,-100.0,19.0,-732.409972299169,-100.0,0.0,3.7999999999999996e-08,0,1,33.94736842105263,0
PPO-QP,20260807,199,38,19197,0,0,0,0.0,-100.0,-100.0,0.0,1.9905059082484893e-11,98.39027437785774,30.0,5,92,30.0,125.0,4,-100.0,19.0,-732.409972299169,-100.0,0.0,3.7999999999999996e-08,0,1,33.94736842105263,0
PPO-QP,20260807,200,38,19293,0,0,0,0.0,-100.0,-100.0,0.0,1.952544422441823e-11,100.58254270570778,30.0,153,92,30.0,125.0,4,-100.0,19.0,-732.409972299169,-100.0,0.0,3.7999999999999996e-08,0,1,50.391088976127385,0
PPO-QP,20260807,201,38,19389,0,0,0,0.0,-100.0,-100.0,0.0,1.9555324026754307e-11,110.10922097309025,30.0,167,92,30.0,125.0,4,-100.0,19.0,-732.409972299169,-100.0,0.0,3.7999999999999996e-08,0,1,33.94736842105263,0
PPO-QP,20260807,202,39,19485,0,0,0,0.0,-100.0,-100.0,0.0,1.9889534463857217e-11,107.26565595594029,30.0,39,92,30.0,125.0,4,-100.0,19.0,-732.409972299169,-100.0,0.0,3.7999999999999996e-08,0,1,33.94736842105263,0
PPO-QP,20260807,203,39,19581,0,0,0,0.0,-100.0,-100.0,0.0,2.0001852026515127e-11,92.94233251117724,30.0,1,92,30.0,125.0,4,-100.0,19.0,-732.409972299169,-100.0,0.0,3.7999999999999996e-08,0,1,36.34539930852792,0
PPO-QP,20260807,204,39,19677,0,0,0,0.0,-100.0,-100.0,0.0,1.9778112481105836e-11,104.64145612587045,30.0,171,92,30.0,125.0,4,-100.0,19.0,-732.409972299169,-100.0,0.0,3.7999999999999996e-08,0,1,64.12256764655852,0
PPO-QP,20260807,205,39,19773,0,0,0,0.0,-100.0,-100.0,0.0,1.9785906246738705e-11,105.46834623074572,30.0,204,92,30.0,125.0,4,-100.0,19.0,-732.409972299169,-100.0,0.0,3.7999999999999996e-08,0,1,33.94736842105263,0
PPO-QP,20260807,206,39,19869,0,0,0,0.0,-100.0,-100.0,0.0,1.9965736471524072e-11,101.49658100152236,30.0,177,92,30.0,125.0,4,-100.0,19.0,-732.409972299169,-100.0,0.0,3.7999999999999996e-08,0,1,53.72499690198209,0
PPO-QP,20260807,207,39,19965,0,0,0,0.0,-100.0,-84.29447216059235,0.0,1.9854118349371674e-11,88.20043028629402,30.0,48,92,33.73006286185932,125.0,4,-100.0,33.1742388750654,-716.7044444597614,-84.29447216059235,-15.705527839407651,3.7999999999999996e-08,0,1,59.34473555740357,0
PPO-QP,20260807,208,40,20064,0,0,0,0.0,-100.0,-100.0,0.0,0.0,94.93853989458648,30.0,223,95,101.25,125.0,1,-100.0,100.0,-100.0,-100.0,0.0,3.7999999999999996e-08,0,1,45.62846673875176,0
PPO-QP,20260807,209,40,20157,0,0,0,0.0,-100.0,-100.0,0.0,1.9930797752939117e-11,83.30546343049515,30.0,77,92,30.0,125.0,4,-100.0,19.0,-732.409972299169,-100.0,0.0,3.7999999999999996e-08,0,1,33.94736842105263,0
PPO-QP,20260807,210,40,20253,0,0,0,0.0,-100.0,-100.0,0.0,1.9971087746502767e-11,93.19234625977204,30.0,43,92,30.0,125.0,4,-100.0,19.0,-732.409972299169,-100.0,0.0,3.7999999999999996e-08,0,1,33.94736842105263,0
PPO-QP,20260807,211,40,20349,0,0,0,0.0,-100.0,-100.0,0.0,1.9969770281846878e-11,95.87781493241873,30.0,133,92,30.0,125.0,4,-100.0,19.0,-732.409972299169,-100.0,0.0,3.7999999999999996e-08,0,1,33.94736842105263,0
PPO-QP,20260807,212,40,20445,0,0,0,0.0,-100.0,-100.0,0.0,1.9869694778407164e-11,98.60021436873261,30.0,138,92,30.0,125.0,4,-100.0,19.0,-732.409972299169,-100.0,0.0,3.7999999999999996e-08,0,1,33.94736842105263,0
PPO-QP,20260807,213,41,20541,0,0,0,0.0,-100.0,-100.0,0.0,0.0,88.64779970570982,30.0,89,92,30.0,125.0,4,-100.0,19.0,-732.409972299169,-100.0,0.0,3.7999999999999996e-08,0,1,33.94736842105263,0
PPO-QP,20260807,214,41,20637,0,0,0,0.0,-100.0,-87.69629353291377,0.0,0.0,92.19664912634585,30.0,74,92,32.92213028593298,125.0,4,-100.0,30.10409508654532,-720.1062658320827,-87.69629353291377,-12.30370646708623,3.7999999999999996e-08,0,1,45.02036809327819,0
PPO-QP,20260807,215,41,20733,0,0,0,0.0,-100.0,-100.0,0.0,1.9830067217914878e-11,93.90241884913648,30.0,99,92,30.0,125.0,4,-100.0,19.0,-732.409972299169,-100.0,0.0,3.7999999999999996e-08,0,1,35.74319423336597,0
PPO-QP,20260807,216,41,20829,0,0,0,0.0,-100.0,-100.0,0.0,1.9575870554196702e-11,91.9647476534924,30.0,62,92,30.0,125.0,4,-100.0,19.0,-732.409972299169,-100.0,0.0,3.7999999999999996e-08,0,1,33.94736842105263,0
PPO-QP,20260807,217,41,20925,0,0,0,0.0,-100.0,-100.0,0.0,1.9951910494124075e-11,93.21260719239173,30.0,66,92,30.0,125.0,4,-100.0,19.0,-732.409972299169,-100.0,0.0,3.7999999999999996e-08,0,1,33.94736842105263,0
PPO-QP,20260807,218,42,21021,0,0,0,0.0,-100.0,-100.0,0.0,0.0,108.98309588157623,30.0,165,92,30.0,125.0,4,-100.0,19.0,-732.409972299169,-100.0,0.0,3.7999999999999996e-08,0,1,33.94736842105263,0
PPO-QP,20260807,219,42,21117,0,0,0,0.0,-100.0,-100.0,0.0,1.9846531825370068e-11,97.84049651637996,30.0,114,92,30.0,125.0,4,-100.0,19.0,-732.409972299169,-100.0,0.0,3.7999999999999996e-08,0,1,33.94736842105263,0
PPO-QP,20260807,220,42,21213,0,0,0,0.0,-100.0,-100.0,0.0,1.9888501956444317e-11,83.30546343049515,30.0,77,92,30.0,125.0,4,-100.0,19.0,-732.409972299169,-100.0,0.0,3.7999999999999996e-08,0,1,33.94736842105263,0
PPO-QP,20260807,221,42,21309,0,0,0,0.0,-100.0,-100.0,0.0,1.9896236510182538e-11,88.64779970570982,30.0,89,92,30.0,125.0,4,-100.0,19.0,-732.409972299169,-100.0,0.0,3.7999999999999996e-08,0,1,33.94736842105263,0
PPO-QP,20260807,222,42,21405,0,0,0,0.0,-100.0,-100.0,0.0,1.992970603363157e-11,99.1738371645239,30.0,108,92,30.0,125.0,4,-100.0,19.0,-732.409972299169,-100.0,0.0,3.7999999999999996e-08,0,1,33.94736842105263,0
PPO-QP,20260807,223,42,21501,0,0,0,0.0,-100.0,-100.0,0.0,0.0,89.55801861089178,30.0,102,92,30.0,125.0,4,-100.0,19.0,-732.409972299169,-100.0,0.0,3.7999999999999996e-08,0,1,33.94736842105263,0
PPO-QP,20260807,224,43,21597,0,0,0,0.0,-100.0,-100.0,0.0,0.0,100.54978970845178,30.0,29,92,30.0,125.0,4,-100.0,19.0,-732.409972299169,-100.0,0.0,3.7999999999999996e-08,0,1,33.94736842105263,0
PPO-QP,20260807,225,43,21693,0,0,0,0.0,-100.0,-100.0,0.0,0.0,95.98847543410712,30.0,71,92,30.0,125.0,4,-100.0,19.0,-732.409972299169,-100.0,0.0,3.7999999999999996e-08,0,1,45.84372356590553,0
PPO-QP,20260807,226,43,21789,0,0,0,0.0,-100.0,-87.71441087385891,0.0,2.00438517635367e-11,88.96023354870242,30.0,72,92,32.91782741745851,125.0,4,-100.0,30.08774418634234,-720.1243831730279,-87.71441087385891,-12.28558912614109,3.7999999999999996e-08,0,1,46.08172863606003,0
PPO-QP,20260807,227,43,21885,0,0,0,0.0,-100.0,-100.0,0.0,1.989541864588773e-11,102.17123510480714,30.0,231,92,30.0,125.0,4,-100.0,19.0,-732.409972299169,-100.0,0.0,3.7999999999999996e-08,0,1,33.94736842105263,0
PPO-QP,20260807,228,43,21981,0,0,0,0.0,-100.0,-100.0,0.0,1.9438595177945216e-11,90.96640864829209,30.0,87,92,30.0,125.0,4,-100.0,19.0,-732.409972299169,-100.0,0.0,3.7999999999999996e-08,0,1,33.94736842105263,0
PPO-QP,20260807,229,44,22077,0,0,0,0.0,-100.0,-100.0,0.0,1.98352334557228e-11,108.13271811924119,30.0,232,92,30.0,125.0,4,-100.0,19.0,-732.409972299169,-100.0,0.0,3.7999999999999996e-08,0,1,39.89484485453775,0
PPO-QP,20260807,230,44,22173,0,0,0,0.0,-100.0,-100.0,0.0,0.0,87.61049049163246,30.0,101,92,30.0,125.0,4,-100.0,19.0,-732.409972299169,-100.0,0.0,3.7999999999999996e-08,0,1,33.94736842105263,0
PPO-QP,20260807,231,44,22269,0,0,0,0.0,-100.0,-100.0,0.0,1.982872384805508e-11,111.37033894980843,30.0,201,92,30.0,125.0,4,-100.0,19.0,-732.409972299169,-100.0,0.0,3.7999999999999996e-08,0,1,46.29807417850259,0
PPO-QP,20260807,232,44,22365,0,0,0,0.0,-100.0,-100.0,0.0,1.9759442230575057e-11,81.39778407810832,30.0,6,92,30.0,125.0,4,-100.0,19.0,-732.409972299169,-100.0,0.0,3.7999999999999996e-08,0,1,33.94736842105263,0
PPO-QP,20260807,233,44,22461,0,0,0,0.0,-100.0,-100.0,0.0,2.0025281433078136e-11,83.01996185755443,30.0,27,92,30.0,125.0,4,-100.0,19.0,-732.409972299169,-100.0,0.0,3.7999999999999996e-08,0,1,38.18275658257056,0
PPO-QP,20260807,235,45,22653,0,0,0,0.0,-100.0,-100.0,0.0,0.0,112.54618120928845,30.0,212,92,30.0,125.0,4,-100.0,19.0,-732.409972299169,-100.0,0.0,3.7999999999999996e-08,0,1,33.94736842105263,0
PPO-QP,20260807,236,45,22749,0,0,0,0.0,-100.0,-100.0,0.0,0.0,102.34785609960065,30.0,23,92,30.0,125.0,4,-100.0,19.0,-732.409972299169,-100.0,0.0,3.7999999999999996e-08,0,1,33.94736842105263,0
PPO-QP,20260807,237,45,22845,0,0,0,0.0,-100.0,-100.0,0.0,1.9977482631124605e-11,106.52560817321435,30.0,227,92,30.0,125.0,4,-100.0,19.0,-732.409972299169,-100.0,0.0,3.7999999999999996e-08,0,1,68.16160889998753,0
PPO-QP,20260807,238,45,22941,0,0,0,0.0,-100.0,-100.0,0.0,1.98916660920645e-11,105.46834623074572,30.0,204,92,30.0,125.0,4,-100.0,19.0,-732.409972299169,-100.0,0.0,3.7999999999999996e-08,0,1,33.94736842105263,0
PPO-QP,20260807,239,45,23038,0,0,0,0.0,-100.0,-100.0,0.0,1.979293395848458e-11,95.34226821255214,30.0,121,93,53.75,125.0,3,-100.0,100.0,-521.6066481994461,-100.0,0.0,3.7999999999999996e-08,0,1,22.571745470829825,0
PPO-QP,20260807,241,46,23229,0,0,0,0.0,-100.0,-100.0,0.0,0.0,83.04178651529132,30.0,55,92,30.0,125.0,4,-100.0,19.0,-732.409972299169,-100.0,0.0,3.7999999999999996e-08,0,1,33.94736842105263,0
PPO-QP,20260807,242,46,23325,0,0,0,0.0,-100.0,-100.0,0.0,2.0087413214279575e-11,92.25043085354079,30.0,85,92,30.0,125.0,4,-100.0,19.0,-732.409972299169,-100.0,0.0,3.7999999999999996e-08,0,1,33.94736842105263,0
PPO-QP,20260807,243,46,23421,0,0,0,0.0,-100.0,-100.0,0.0,1.9997788610245002e-11,108.22393721596258,30.0,209,92,30.0,125.0,4,-100.0,19.0,-732.409972299169,-100.0,0.0,3.7999999999999996e-08,0,1,36.86137535907351,0
PPO-QP,20260807,244,46,23517,0,0,0,0.0,-100.0,-100.0,0.0,1.9915491478172952e-11,103.71614153679448,30.0,125,92,30.0,125.0,4,-100.0,19.0,-732.409972299169,-100.0,0.0,3.7999999999999996e-08,0,1,33.94736842105263,0
PPO-QP,20260807,245,47,23613,0,0,0,0.0,-100.0,-100.0,0.0,1.986809235650829e-11,106.24062507747706,30.0,199,92,30.0,125.0,4,-100.0,19.0,-732.409972299169,-100.0,0.0,3.7999999999999996e-08,0,1,33.94736842105263,0
PPO-QP,20260807,246,47,23709,0,0,0,0.0,-100.0,-92.92563153746045,0.0,0.0,93.4850457571753,30.0,83,92,31.680162509853144,125.0,4,-100.0,25.384617537441944,-725.3356038366294,-92.92563153746045,-7.074368462539553,3.7999999999999996e-08,0,1,48.83991819023703,0
PPO-QP,20260807,247,47,23805,0,0,0,0.0,-100.0,-100.0,0.0,1.9818868768339826e-11,99.69693547047898,30.0,137,92,30.0,125.0,4,-100.0,19.0,-732.409972299169,-100.0,0.0,3.7999999999999996e-08,0,1,33.94736842105263,0
PPO-QP,20260807,248,47,23901,0,0,0,0.0,-100.0,-100.0,0.0,1.9958168451239545e-11,99.69693547047898,30.0,137,92,30.0,125.0,4,-100.0,19.0,-732.409972299169,-100.0,0.0,3.7999999999999996e-08,0,1,33.94736842105263,0
PPO-QP,20260807,249,47,23997,0,0,0,0.0,-100.0,-100.0,0.0,1.9837879487264824e-11,100.54978970845178,30.0,29,92,30.0,125.0,4,-100.0,19.0,-732.409972299169,-100.0,0.0,3.7999999999999996e-08,0,1,33.94736842105263,0
PPO-QP,20260807,250,48,24093,0,0,0,0.0,-100.0,-100.0,0.0,1.9850391700752348e-11,106.13850935359314,30.0,234,92,30.0,125.0,4,-100.0,19.0,-732.409972299169,-100.0,0.0,3.7999999999999996e-08,0,1,33.94736842105263,0
PPO-QP,20260807,251,48,24189,0,0,0,0.0,-100.0,-100.0,0.0,2.011761128054938e-11,99.52151171969736,30.0,51,92,30.0,125.0,4,-100.0,19.0,-732.409972299169,-100.0,0.0,3.7999999999999996e-08,0,1,33.94736842105263,0
PPO-QP,20260807,252,48,24285,0,0,0,0.0,-100.0,-100.0,0.0,1.9927996290173646e-11,94.86775162328135,30.0,67,92,30.0,125.0,4,-100.0,19.0,-732.409972299169,-100.0,0.0,3.7999999999999996e-08,0,1,33.94736842105263,0
PPO-QP,20260807,253,48,24381,0,0,0,0.0,-100.0,-100.0,0.0,2.0066877789067424e-11,103.71614153679448,30.0,125,92,30.0,125.0,4,-100.0,19.0,-732.409972299169,-100.0,0.0,3.7999999999999996e-08,0,1,33.94736842105263,0
PPO-QP,20260807,254,48,24477,0,0,0,0.0,-100.0,-100.0,0.0,2.0082550437431715e-11,100.12765026961917,30.0,111,92,30.0,125.0,4,-100.0,19.0,-732.409972299169,-100.0,0.0,3.7999999999999996e-08,0,1,33.94736842105263,0
PPO-QP,20260807,255,48,24573,0,0,0,0.0,-100.0,-100.0,0.0,0.0,105.49799693923116,30.0,228,92,30.0,125.0,4,-100.0,19.0,-732.409972299169,-100.0,0.0,3.7999999999999996e-08,0,1,33.94736842105263,0
PPO-QP,20260807,256,49,24669,0,0,0,0.0,-100.0,-100.0,0.0,1.9890359729638853e-11,100.78780511344941,30.0,45,92,30.0,125.0,4,-100.0,19.0,-732.409972299169,-100.0,0.0,3.7999999999999996e-08,0,1,33.94736842105263,0
PPO-QP,20260807,257,49,24765,0,0,0,0.0,-100.0,-100.0,0.0,1.99014360546812e-11,113.6679028833153,30.0,168,92,30.0,125.0,4,-100.0,19.0,-732.409972299169,-100.0,0.0,3.7999999999999996e-08,0,1,33.94736842105263,0
PPO-QP,20260807,258,49,24861,0,0,0,0.0,-100.0,-100.0,0.0,2.0033900464492643e-11,103.60264311293285,30.0,198,92,30.0,125.0,4,-100.0,19.0,-732.409972299169,-100.0,0.0,3.7999999999999996e-08,0,1,33.94736842105263,0
PPO-QP,20260807,259,49,24957,0,0,0,0.0,-100.0,-100.0,0.0,1.982796519565492e-11,108.98309588157623,30.0,165,92,30.0,125.0,4,-100.0,19.0,-732.409972299169,-100.0,0.0,3.7999999999999996e-08,0,1,33.94736842105263,0
PPO-QP,20260807,260,49,25053,0,0,0,0.0,-100.0,-100.0,0.0,1.9822980294274353e-11,100.69676510316452,30.0,2,92,30.0,125.0,4,-100.0,19.0,-732.409972299169,-100.0,0.0,3.7999999999999996e-08,0,1,33.94736842105263,0
PPO-QP,20260807,261,50,25149,0,0,0,0.0,-100.0,-100.0,0.0,1.9974026136774606e-11,107.26565595594029,30.0,39,92,30.0,125.0,4,-100.0,19.0,-732.409972299169,-100.0,0.0,3.7999999999999996e-08,0,1,33.94736842105263,0
PPO-QP,20260807,262,50,25245,0,0,0,0.0,-100.0,-84.8104274894086,0.0,2.002338665244944e-11,104.42171889899856,30.0,154,92,33.60752347126546,125.0,4,-100.0,32.708589190808745,-717.2203997885775,-84.8104274894086,-15.189572510591404,3.7999999999999996e-08,0,1,3.5682233998698223,0
PPO-QP,20260807,263,50,25341,0,0,0,0.0,-100.0,-100.0,0.0,1.9907627398415192e-11,100.89617127432541,30.0,141,92,30.0,125.0,4,-100.0,19.0,-732.409972299169,-100.0,0.0,3.7999999999999996e-08,0,1,33.94736842105263,0
PPO-QP,20260807,264,50,25437,0,0,0,0.0,-100.0,-100.0,0.0,0.0,103.27932168487578,30.0,12,92,30.0,125.0,4,-100.0,19.0,-732.409972299169,-100.0,0.0,3.7999999999999996e-08,0,1,33.94736842105263,0
PPO-QP,20260807,265,50,25533,0,0,0,0.0,-100.0,-100.0,0.0,7.401486830834377e-18,92.01794582118721,30.0,127,92,30.0,125.0,4,-100.0,19.0,-732.409972299169,-100.0,0.0,3.7999999999999996e-08,0,1,33.94736842105263,0
PPO-QP,20260807,266,51,25629,0,0,0,0.0,-100.0,-100.0,0.0,1.850371707708594e-17,115.3687027071826,30.0,164,92,30.0,125.0,4,-100.0,19.0,-732.409972299169,-100.0,0.0,3.7999999999999996e-08,0,1,33.94736842105263,0
PPO-QP,20260807,268,51,25821,0,0,0,0.0,-100.0,-100.0,0.0,1.9943890983142865e-11,112.24190410144651,30.0,216,92,30.0,125.0,4,-100.0,19.0,-732.409972299169,-100.0,0.0,3.7999999999999996e-08,0,1,33.94736842105263,0
PPO-QP,20260807,269,51,25917,0,0,0,0.0,-100.0,-100.0,0.0,2.0070989315001952e-11,106.13850935359314,30.0,234,92,30.0,125.0,4,-100.0,19.0,-732.409972299169,-100.0,0.0,3.7999999999999996e-08,0,1,33.94736842105263,0
PPO-QP,20260807,270,51,26013,0,0,0,0.0,-100.0,-100.0,0.0,1.9857090046334254e-11,92.88476102773205,30.0,105,92,30.0,125.0,4,-100.0,19.0,-732.409972299169,-100.0,0.0,3.7999999999999996e-08,0,1,50.95000179480753,0
PPO-QP,20260807,271,51,26109,0,0,0,0.0,-100.0,-100.0,0.0,1.973319655827292e-11,90.43588685788883,30.0,93,92,30.0,125.0,4,-100.0,19.0,-732.409972299169,-100.0,0.0,3.7999999999999996e-08,0,1,33.94736842105263,0
PPO-QP,20260807,272,52,26205,0,0,0,0.0,-100.0,-100.0,0.0,1.98545328326342e-11,94.0077774045799,30.0,78,92,30.0,125.0,4,-100.0,19.0,-732.409972299169,-100.0,0.0,3.7999999999999996e-08,0,1,45.75562966681776,0
PPO-QP,20260807,273,52,26301,0,0,0,0.0,-100.0,-100.0,0.0,2.0155258943314416e-11,107.22965812391051,30.0,150,92,30.0,125.0,4,-100.0,19.0,-732.409972299169,-100.0,0.0,3.7999999999999996e-08,0,1,57.56830255039596,0
PPO-QP,20260807,274,52,26397,0,0,0,0.0,-100.0,-100.0,0.0,1.9849718165450744e-11,87.04250902822423,30.0,70,92,30.0,125.0,4,-100.0,19.0,-732.409972299169,-100.0,0.0,3.7999999999999996e-08,0,1,33.94736842105263,0
PPO-QP,20260807,275,52,26493,0,0,0,0.0,-100.0,-100.0,0.0,1.9911687113941903e-11,93.90241884913648,30.0,99,92,30.0,125.0,4,-100.0,19.0,-732.409972299169,-100.0,0.0,3.7999999999999996e-08,0,1,33.94736842105263,0
PPO-QP,20260807,276,52,26589,0,0,0,0.0,-100.0,-100.0,0.0,1.9897169097523222e-11,88.64779970570982,30.0,89,92,30.0,125.0,4,-100.0,19.0,-732.409972299169,-100.0,0.0,3.7999999999999996e-08,0,1,33.94736842105263,0
PPO-QP,20260807,277,53,26685,0,0,0,0.0,-100.0,-100.0,0.0,0.0,106.43851663116271,30.0,225,92,30.0,125.0,4,-100.0,19.0,-732.409972299169,-100.0,0.0,3.7999999999999996e-08,0,1,33.94736842105263,0
PPO-QP,20260807,278,53,26781,0,0,0,0.0,-100.0,-100.0,0.0,1.9897713106805288e-11,103.60264311293285,30.0,198,92,30.0,125.0,4,-100.0,19.0,-732.409972299169,-100.0,0.0,3.7999999999999996e-08,0,1,33.94736842105263,0
PPO-QP,20260807,279,53,26877,0,0,0,0.0,-100.0,-100.0,0.0,1.986981320219646e-11,101.49658100152236,30.0,177,92,30.0,125.0,4,-100.0,19.0,-732.409972299169,-100.0,0.0,3.7999999999999996e-08,0,1,33.94736842105263,0
PPO-QP,20260807,280,53,26973,0,0,0,0.0,-100.0,-100.0,0.0,2.011380691631833e-11,103.63968225208008,30.0,38,92,30.0,125.0,4,-100.0,19.0,-732.409972299169,-100.0,0.0,3.7999999999999996e-08,0,1,33.94736842105263,0
PPO-QP,20260807,281,53,27069,0,0,0,0.0,-100.0,-100.0,0.0,1.9894267714685535e-11,98.98452005268396,30.0,24,92,30.0,125.0,4,-100.0,19.0,-732.409972299169,-100.0,0.0,3.7999999999999996e-08,0,1,33.94736842105263,0
PPO-QP,20260807,282,54,27165,0,0,0,0.0,-100.0,-100.0,0.0,1.9856057538921354e-11,98.10037487022021,30.0,132,92,30.0,125.0,4,-100.0,19.0,-732.409972299169,-100.0,0.0,3.7999999999999996e-08,0,1,33.94736842105263,0
PPO-QP,20260807,283,54,27261,0,0,0,0.0,-100.0,-100.0,0.0,2.0047600616616516e-11,110.25536271311508,30.0,196,92,30.0,125.0,4,-100.0,19.0,-732.409972299169,-100.0,0.0,3.7999999999999996e-08,0,1,33.94736842105263,0
PPO-QP,20260807,284,54,27357,0,0,0,0.0,-100.0,-100.0,0.0,1.990822691884849e-11,89.4498133195773,30.0,82,92,30.0,125.0,4,-100.0,19.0,-732.409972299169,-100.0,0.0,3.7999999999999996e-08,0,1,33.94736842105263,0
PPO-QP,20260807,286,54,27549,0,0,0,0.0,-100.0,-100.0,0.0,1.9873095761605932e-11,105.7846855565606,30.0,4,92,30.0,125.0,4,-100.0,19.0,-732.409972299169,-100.0,0.0,3.7999999999999996e-08,0,1,33.94736842105263,0
PPO-QP,20260807,287,54,27645,0,0,0,0.0,-100.0,-100.0,0.0,2.007519706026528e-11,70.83217175061809,30.0,35,92,30.0,125.0,4,-100.0,19.0,-732.409972299169,-100.0,0.0,3.7999999999999996e-08,0,1,33.94736842105263,0
PPO-QP,20260807,288,55,27741,0,0,0,0.0,-100.0,-100.0,0.0,1.994877966519463e-11,83.44779529038792,30.0,14,92,30.0,125.0,4,-100.0,19.0,-732.409972299169,-100.0,0.0,3.7999999999999996e-08,0,1,33.94736842105263,0
PPO-QP,20260807,289,55,27837,0,0,0,0.0,-100.0,-100.0,0.0,1.9858189167128632e-11,87.56950904514152,30.0,98,92,30.0,125.0,4,-100.0,19.0,-732.409972299169,-100.0,0.0,3.7999999999999996e-08,0,1,33.94736842105263,0
PPO-QP,20260807,290,55,27933,0,0,0,0.0,-100.0,-100.0,0.0,1.9940693540831943e-11,94.29611872771302,30.0,88,92,30.0,125.0,4,-100.0,19.0,-732.409972299169,-100.0,0.0,3.7999999999999996e-08,0,1,33.94736842105263,0
PPO-QP,20260807,291,55,28029,0,0,0,0.0,-100.0,-100.0,0.0,1.995901962222509e-11,97.6381556687681,30.0,57,92,30.0,125.0,4,-100.0,19.0,-732.409972299169,-100.0,0.0,3.7999999999999996e-08,0,1,33.94736842105263,0
PPO-QP,20260807,292,55,28125,0,0,0,0.0,-100.0,-100.0,0.0,1.9896884140280237e-11,95.06128279232206,30.0,126,92,30.0,125.0,4,-100.0,19.0,-732.409972299169,-100.0,0.0,3.7999999999999996e-08,0,1,33.94736842105263,0
PPO-QP,20260807,293,56,28221,0,0,0,0.0,-100.0,-100.0,0.0,1.9990960738643557e-11,102.98408042338848,30.0,178,92,30.0,125.0,4,-100.0,19.0,-732.409972299169,-100.0,0.0,3.7999999999999996e-08,0,1,33.94736842105263,0
PPO-QP,20260807,294,56,28317,0,0,0,0.0,-100.0,-100.0,0.0,1.9970351298563096e-11,95.06128279232206,30.0,126,92,30.0,125.0,4,-100.0,19.0,-732.409972299169,-100.0,0.0,3.7999999999999996e-08,0,1,33.94736842105263,0
PPO-QP,20260807,295,56,28413,0,0,0,0.0,-100.0,-100.0,0.0,1.9654818513477797e-11,88.96023354870242,30.0,72,92,30.0,125.0,4,-100.0,19.0,-732.409972299169,-100.0,0.0,3.7999999999999996e-08,0,1,39.033559631113334,0
PPO-QP,20260807,296,56,28509,0,0,0,0.0,-100.0,-100.0,0.0,1.957676983484665e-11,108.3505698228186,30.0,161,92,30.0,125.0,4,-100.0,19.0,-732.409972299169,-100.0,0.0,3.7999999999999996e-08,0,1,33.94736842105263,0
PPO-QP,20260807,297,56,28605,0,0,0,0.0,-100.0,-100.0,0.0,2.0025895756485094e-11,93.21260719239173,30.0,66,92,30.0,125.0,4,-100.0,19.0,-732.409972299169,-100.0,0.0,3.7999999999999996e-08,0,1,76.61249986266729,0
PPO-QP,20260807,298,57,28701,0,0,0,0.0,-100.0,-100.0,0.0,2.0021806435011057e-11,113.6679028833153,30.0,168,92,30.0,125.0,4,-100.0,19.0,-732.409972299169,-100.0,0.0,3.7999999999999996e-08,0,1,33.94736842105263,0
PPO-QP,20260807,299,57,28797,0,0,0,0.0,-100.0,-100.0,0.0,1.9907090790619956e-11,114.98663326839446,30.0,182,92,30.0,125.0,4,-100.0,19.0,-732.409972299169,-100.0,0.0,3.7999999999999996e-08,0,1,33.94736842105263,0
PPO-QP,20260807,300,57,28893,0,0,0,0.0,-100.0,-100.0,0.0,1.989692854920122e-11,112.24190410144651,30.0,216,92,30.0,125.0,4,-100.0,19.0,-732.409972299169,-100.0,0.0,3.7999999999999996e-08,0,1,33.94736842105263,0
PPO-QP,20260807,301,57,28989,0,0,0,0.0,-100.0,-100.0,0.0,1.9841691252982705e-11,104.76339971089588,30.0,25,92,30.0,125.0,4,-100.0,19.0,-732.409972299169,-100.0,0.0,3.7999999999999996e-08,0,1,33.94736842105263,0
PPO-QP,20260807,302,57,29085,0,0,0,0.0,-100.0,-100.0,0.0,1.982683646891322e-11,94.92530164324614,30.0,109,92,30.0,125.0,4,-100.0,19.0,-732.409972299169,-100.0,0.0,3.7999999999999996e-08,0,1,33.94736842105263,0
PPO-QP,20260807,303,57,29181,0,0,0,0.0,-100.0,-100.0,0.0,1.9875553055233772e-11,105.07840638717109,30.0,239,92,30.0,125.0,4,-100.0,19.0,-732.409972299169,-100.0,0.0,3.7999999999999996e-08,0,1,33.94736842105263,0
PPO-QP,20260807,304,58,29277,0,0,0,0.0,-100.0,-100.0,0.0,1.995968205529645e-11,100.07999755036212,30.0,172,92,30.0,125.0,4,-100.0,19.0,-732.409972299169,-100.0,0.0,3.7999999999999996e-08,0,1,33.94736842105263,0
PPO-QP,20260807,305,58,29373,0,0,0,0.0,-100.0,-100.0,0.0,0.0,88.96023354870242,30.0,72,92,30.0,125.0,4,-100.0,19.0,-732.409972299169,-100.0,0.0,3.7999999999999996e-08,0,1,33.94736842105263,0
PPO-QP,20260807,306,58,29469,0,0,0,0.0,-100.0,-100.0,0.0,0.0,112.82024492984584,30.0,205,92,30.0,125.0,4,-100.0,19.0,-732.409972299169,-100.0,0.0,3.7999999999999996e-08,0,1,33.94736842105263,0
PPO-QP,20260807,307,58,29565,0,0,0,0.0,-100.0,-100.0,0.0,1.9890748307697472e-11,91.87996057561233,30.0,84,92,30.0,125.0,4,-100.0,19.0,-732.409972299169,-100.0,0.0,3.7999999999999996e-08,0,1,33.94736842105263,0
PPO-QP,20260807,308,58,29661,0,0,0,0.0,-100.0,-100.0,0.0,1.997010704949768e-11,107.61759070352285,30.0,152,92,30.0,125.0,4,-100.0,19.0,-732.409972299169,-100.0,0.0,3.7999999999999996e-08,0,1,33.94736842105263,0
PPO-QP,20260807,309,59,29757,0,0,0,0.0,-100.0,-100.0,0.0,1.9942592022204052e-11,101.10748378887497,30.0,110,92,30.0,125.0,4,-100.0,19.0,-732.409972299169,-100.0,0.0,3.7999999999999996e-08,0,1,33.94736842105263,0
PPO-QP,20260807,310,59,29853,0,0,0,0.0,-100.0,-100.0,0.0,1.98212150396652e-11,109.00381953646375,30.0,159,92,30.0,125.0,4,-100.0,19.0,-732.409972299169,-100.0,0.0,3.7999999999999996e-08,0,1,33.94736842105263,0
PPO-QP,20260807,311,59,29949,0,0,0,0.0,-100.0,-100.0,0.0,1.993361401867825e-11,97.15497237735016,30.0,17,92,30.0,125.0,4,-100.0,19.0,-732.409972299169,-100.0,0.0,3.7999999999999996e-08,0,1,56.64870398096168,0
PPO-QP,20260807,312,59,30045,0,0,0,0.0,-100.0,-100.0,0.0,2.004439207207535e-11,100.89617127432541,30.0,141,92,30.0,125.0,4,-100.0,19.0,-732.409972299169,-100.0,0.0,3.7999999999999996e-08,0,1,33.94736842105263,0
PPO-QP,20260807,313,59,30141,0,0,0,0.0,-100.0,-100.0,0.0,0.0,89.4498133195773,30.0,82,92,30.0,125.0,4,-100.0,19.0,-732.409972299169,-100.0,0.0,3.7999999999999996e-08,0,1,33.94736842105263,0
PPO-QP,20260807,314,60,30237,0,0,0,0.0,-100.0,-100.0,0.0,1.9948735256273646e-11,114.05868659417193,30.0,202,92,30.0,125.0,4,-100.0,19.0,-732.409972299169,-100.0,0.0,3.7999999999999996e-08,0,1,33.94736842105263,0
PPO-QP,20260807,315,60,30333,0,0,0,0.0,-100.0,-100.0,0.0,0.0,112.16735870136588,30.0,181,92,30.0,125.0,4,-100.0,19.0,-732.409972299169,-100.0,0.0,3.7999999999999996e-08,0,1,33.94736842105263,0
PPO-QP,20260807,316,60,30429,0,0,0,0.0,-100.0,-100.0,0.0,1.9981560850368395e-11,70.68740403315702,30.0,7,92,30.0,125.0,4,-100.0,19.0,-732.409972299169,-100.0,0.0,3.7999999999999996e-08,0,1,33.94736842105263,0
PPO-QP,20260807,317,60,30525,0,0,0,0.0,-100.0,-100.0,0.0,0.0,100.43147422329041,30.0,118,92,30.0,125.0,4,-100.0,19.0,-732.409972299169,-100.0,0.0,3.7999999999999996e-08,0,1,33.94736842105263,0
PPO-QP,20260807,318,60,30621,0,0,0,0.0,-100.0,-100.0,0.0,2.0017931756655116e-11,103.03986682541994,30.0,194,92,30.0,125.0,4,-100.0,19.0,-732.409972299169,-100.0,0.0,3.7999999999999996e-08,0,1,33.94736842105263,0
PPO-QP,20260807,319,60,30717,0,0,0,0.0,-100.0,-100.0,0.0,1.9945837574179374e-11,88.96023354870242,30.0,72,92,30.0,125.0,4,-100.0,19.0,-732.409972299169,-100.0,0.0,3.7999999999999996e-08,0,1,33.94736842105263,0
PPO-QP,20260807,320,61,30813,0,0,0,0.0,-100.0,-100.0,0.0,1.988508246952847e-11,93.11517390836408,30.0,96,92,30.0,125.0,4,-100.0,19.0,-732.409972299169,-100.0,0.0,3.7999999999999996e-08,0,1,33.94736842105263,0
PPO-QP,20260807,321,61,30909,0,0,0,0.0,-100.0,-100.0,0.0,1.9872870016257593e-11,103.92254966074705,30.0,229,92,30.0,125.0,4,-100.0,19.0,-732.409972299169,-100.0,0.0,3.7999999999999996e-08,0,1,33.94736842105263,0
PPO-QP,20260807,322,61,31005,0,0,0,0.0,-100.0,-100.0,0.0,1.988663308101953e-11,99.17660338336258,30.0,113,92,30.0,125.0,4,-100.0,19.0,-732.409972299169,-100.0,0.0,3.7999999999999996e-08,0,1,33.94736842105263,0
PPO-QP,20260807,323,61,31101,0,0,0,0.0,-100.0,-100.0,0.0,0.0,101.3762952084312,30.0,30,92,30.0,125.0,4,-100.0,19.0,-732.409972299169,-100.0,0.0,3.7999999999999996e-08,0,1,33.94736842105263,0
PPO-QP,20260807,324,61,31197,0,0,0,0.0,-100.0,-100.0,0.0,1.9937447988856625e-11,98.21813398146197,30.0,68,92,30.0,125.0,4,-100.0,19.0,-732.409972299169,-100.0,0.0,3.7999999999999996e-08,0,1,33.94736842105263,0
PPO-QP,20260807,325,62,31293,0,0,0,0.0,-100.0,-100.0,0.0,2.000168919380485e-11,93.65665261795868,30.0,73,92,30.0,125.0,4,-100.0,19.0,-732.409972299169,-100.0,0.0,3.7999999999999996e-08,0,1,33.94736842105263,0
PPO-QP,20260807,326,62,31389,0,0,0,0.0,-100.0,-100.0,0.0,2.0081081242295794e-11,95.24953877379312,30.0,64,92,30.0,125.0,4,-100.0,19.0,-732.409972299169,-100.0,0.0,3.7999999999999996e-08,0,1,33.94736842105263,0
PPO-QP,20260807,327,62,31485,0,0,0,0.0,-100.0,-100.0,0.0,0.0,95.85085952656725,30.0,3,92,30.0,125.0,4,-100.0,19.0,-732.409972299169,-100.0,0.0,3.7999999999999996e-08,0,1,33.94736842105263,0
PPO-QP,20260807,328,62,31581,0,0,0,0.0,-100.0,-100.0,0.0,1.9973567244591094e-11,104.96059298132022,30.0,58,92,30.0,125.0,4,-100.0,19.0,-732.409972299169,-100.0,0.0,3.7999999999999996e-08,0,1,33.94736842105263,0
PPO-QP,20260807,329,62,31677,0,0,0,0.0,-100.0,-100.0,0.0,2.0106631174835834e-11,102.40925487505093,30.0,131,92,30.0,125.0,4,-100.0,19.0,-732.409972299169,-100.0,0.0,3.7999999999999996e-08,0,1,33.94736842105263,0
PPO-QP,20260807,330,63,31773,0,0,0,0.0,-100.0,-100.0,0.0,1.9841979910969105e-11,108.3505698228186,30.0,161,92,30.0,125.0,4,-100.0,19.0,-732.409972299169,-100.0,0.0,3.7999999999999996e-08,0,1,33.94736842105263,0
PPO-QP,20260807,331,63,31869,0,0,0,0.0,-100.0,-100.0,0.0,0.0,108.88773156390575,30.0,47,92,30.0,125.0,4,-100.0,19.0,-732.409972299169,-100.0,0.0,3.7999999999999996e-08,0,1,33.94736842105263,0
PPO-QP,20260807,332,63,31965,0,0,0,0.0,-100.0,-100.0,0.0,1.9841117637753313e-11,90.43588685788883,30.0,93,92,30.0,125.0,4,-100.0,19.0,-732.409972299169,-100.0,0.0,3.7999999999999996e-08,0,1,33.94736842105263,0
PPO-QP,20260807,333,63,32061,0,0,0,0.0,-100.0,-100.0,0.0,1.9962187458588687e-11,89.4498133195773,30.0,82,92,30.0,125.0,4,-100.0,19.0,-732.409972299169,-100.0,0.0,3.7999999999999996e-08,0,1,33.94736842105263,0
PPO-QP,20260807,334,63,32157,0,0,0,0.0,-100.0,-100.0,0.0,2.0036520590830755e-11,89.04411420168975,30.0,119,92,30.0,125.0,4,-100.0,19.0,-732.409972299169,-100.0,0.0,3.7999999999999996e-08,0,1,33.94736842105263,0
PPO-QP,20260807,335,63,32253,0,0,0,0.0,-100.0,-100.0,0.0,1.9885119476962625e-11,105.07840638717109,30.0,239,92,30.0,125.0,4,-100.0,19.0,-732.409972299169,-100.0,0.0,3.7999999999999996e-08,0,1,33.94736842105263,0
PPO-QP,20260807,336,64,32349,0,0,0,0.0,-100.0,-100.0,0.0,2.001503777530426e-11,100.49931148378674,30.0,174,92,30.0,125.0,4,-100.0,19.0,-732.409972299169,-100.0,0.0,3.7999999999999996e-08,0,1,58.058717649315035,0
PPO-QP,20260807,337,64,32445,0,0,0,0.0,-100.0,-100.0,0.0,1.9944512708036656e-11,102.98408042338848,30.0,178,92,30.0,125.0,4,-100.0,19.0,-732.409972299169,-100.0,0.0,3.7999999999999996e-08,0,1,33.94736842105263,0
PPO-QP,20260807,338,64,32541,0,0,0,0.0,-100.0,-100.0,0.0,0.0,98.10549359535615,30.0,151,92,30.0,125.0,4,-100.0,19.0,-732.409972299169,-100.0,0.0,3.7999999999999996e-08,0,1,33.94736842105263,0
PPO-QP,20260807,339,64,32637,0,0,0,0.0,-100.0,-100.0,0.0,2.003250528422503e-11,99.83051753648506,30.0,190,92,30.0,125.0,4,-100.0,19.0,-732.409972299169,-100.0,0.0,3.7999999999999996e-08,0,1,33.94736842105263,0
PPO-QP,20260807,340,64,32733,0,0,0,0.0,-100.0,-100.0,0.0,1.9987578259161865e-11,102.98408042338848,30.0,178,92,30.0,125.0,4,-100.0,19.0,-732.409972299169,-100.0,0.0,3.7999999999999996e-08,0,1,33.94736842105263,0
PPO-QP,20260807,341,65,32829,0,0,0,0.0,-100.0,-100.0,0.0,1.9844592635820392e-11,108.13271811924119,30.0,232,92,30.0,125.0,4,-100.0,19.0,-732.409972299169,-100.0,0.0,3.7999999999999996e-08,0,1,33.94736842105263,0
PPO-QP,20260807,342,65,32925,0,0,0,0.0,-100.0,-100.0,0.0,1.985249742375572e-11,92.88476102773205,30.0,105,92,30.0,125.0,4,-100.0,19.0,-732.409972299169,-100.0,0.0,3.7999999999999996e-08,0,1,33.94736842105263,0
PPO-QP,20260807,343,65,33021,0,0,0,0.0,-100.0,-100.0,0.0,1.9898823329829913e-11,91.87996057561233,30.0,84,92,30.0,125.0,4,-100.0,19.0,-732.409972299169,-100.0,0.0,3.7999999999999996e-08,0,1,33.94736842105263,0
PPO-QP,20260807,344,65,33117,0,0,0,0.0,-100.0,-100.0,0.0,0.0,100.88219124321412,30.0,145,92,30.0,125.0,4,-100.0,19.0,-732.409972299169,-100.0,0.0,3.7999999999999996e-08,0,1,33.94736842105263,0
PPO-QP,20260807,345,65,33213,0,0,0,0.0,-100.0,-100.0,0.0,2.0027672113324495e-11,101.21404399016883,30.0,40,92,30.0,125.0,4,-100.0,19.0,-732.409972299169,-100.0,0.0,3.7999999999999996e-08,0,1,33.94736842105263,0
PPO-QP,20260807,346,66,33309,0,0,0,0.0,-100.0,-100.0,0.0,0.0,93.65665261795868,30.0,73,92,30.0,125.0,4,-100.0,19.0,-732.409972299169,-100.0,0.0,3.7999999999999996e-08,0,1,33.94736842105263,0
PPO-QP,20260807,347,66,33405,0,0,0,0.0,-100.0,-100.0,0.0,1.9872181677982327e-11,100.89617127432541,30.0,141,92,30.0,125.0,4,-100.0,19.0,-732.409972299169,-100.0,0.0,3.7999999999999996e-08,0,1,33.94736842105263,0
PPO-QP,20260807,348,66,33501,0,0,0,0.0,-100.0,-100.0,0.0,1.9780310722694595e-11,87.91645733503387,30.0,86,92,30.0,125.0,4,-100.0,19.0,-732.409972299169,-100.0,0.0,3.7999999999999996e-08,0,1,33.94736842105263,0
PPO-QP,20260807,349,66,33597,0,0,0,0.0,-100.0,-100.0,0.0,0.0,104.23250747221446,30.0,226,92,30.0,125.0,4,-100.0,19.0,-732.409972299169,-100.0,0.0,3.7999999999999996e-08,0,1,33.94736842105263,0
PPO-QP,20260807,350,66,33693,0,0,0,0.0,-100.0,-100.0,0.0,2.001534493700774e-11,83.04178651529132,30.0,55,92,30.0,125.0,4,-100.0,19.0,-732.409972299169,-100.0,0.0,3.7999999999999996e-08,0,1,33.94736842105263,0
PPO-QP,20260807,351,66,33789,0,0,0,0.0,-100.0,-100.0,0.0,1.9876407926962732e-11,71.42695793285735,30.0,0,92,30.0,125.0,4,-100.0,19.0,-732.409972299169,-100.0,0.0,3.7999999999999996e-08,0,1,33.94736842105263,0
PPO-QP,20260807,352,67,33885,0,0,0,0.0,-100.0,-94.98640241788439,0.0,1.992038756171155e-11,71.42695793285735,30.0,0,92,31.19072942575246,125.0,4,-100.0,23.52477181785934,-727.3963747170534,-94.98640241788439,-5.013597582115608,3.7999999999999996e-08,0,1,23.920173256821414,0
PPO-QP,20260807,353,67,33981,0,0,0,0.0,-100.0,-100.0,0.0,1.9416727485103518e-11,102.98408042338848,30.0,178,92,30.0,125.0,4,-100.0,19.0,-732.409972299169,-100.0,0.0,3.7999999999999996e-08,0,1,33.94736842105263,0
PPO-QP,20260807,354,67,34077,0,0,0,0.0,-100.0,-100.0,0.0,1.9922693124859354e-11,80.32125119024646,30.0,20,92,30.0,125.0,4,-100.0,19.0,-732.409972299169,-100.0,0.0,3.7999999999999996e-08,0,1,33.94736842105263,0
PPO-QP,20260807,355,67,34173,0,0,0,0.0,-100.0,-100.0,0.0,1.999094963641331e-11,95.77455035660361,30.0,116,92,30.0,125.0,4,-100.0,19.0,-732.409972299169,-100.0,0.0,3.7999999999999996e-08,0,1,33.94736842105263,0
PPO-QP,20260807,356,67,34269,0,0,0,0.0,-100.0,-100.0,0.0,2.00136314928064e-11,109.76789593316256,30.0,195,92,30.0,125.0,4,-100.0,19.0,-732.409972299169,-100.0,0.0,3.7999999999999996e-08,0,1,33.94736842105263,0
PPO-QP,20260807,357,68,34365,0,0,0,0.0,-100.0,-100.0,0.0,1.990418940778227e-11,87.91645733503387,30.0,86,92,30.0,125.0,4,-100.0,19.0,-732.409972299169,-100.0,0.0,3.7999999999999996e-08,0,1,33.94736842105263,0
PPO-QP,20260807,358,68,34461,0,0,0,0.0,-100.0,-100.0,0.0,1.9733766472758893e-11,92.24150315024411,30.0,69,92,30.0,125.0,4,-100.0,19.0,-732.409972299169,-100.0,0.0,3.7999999999999996e-08,0,1,33.94736842105263,0
PPO-QP,20260807,359,68,34557,0,0,0,0.0,-100.0,-100.0,0.0,0.0,100.83889927295647,30.0,31,92,30.0,125.0,4,-100.0,19.0,-732.409972299169,-100.0,0.0,3.7999999999999996e-08,0,1,33.94736842105263,0
PPO-QP,20260807,360,68,34653,0,0,0,0.0,-100.0,4.2587356107925345,0.0,2.0103126570821436e-11,103.35487004591415,30.0,223,92,54.87071989757698,125.0,4,-100.0,100.0,-627.6911516777923,4.2587356107925345,-104.25873561079254,3.7999999999999996e-08,0,1,25.993618114476853,0
PPO-QP,20260807,360,68,34654,0,0,0,0.0,-100.0,-100.0,0.0,2.0103126570821436e-11,97.44251958375868,30.0,223,93,53.75,125.0,3,-100.0,100.0,-521.6066481994461,-100.0,0.0,3.7999999999999996e-08,0,1,59.258735610792534,0
PPO-QP,20260807,361,68,34749,0,0,0,0.0,-100.0,-100.0,0.0,1.9987918727556082e-11,102.40925487505093,30.0,131,92,30.0,125.0,4,-100.0,19.0,-732.409972299169,-100.0,0.0,3.7999999999999996e-08,0,1,33.94736842105263,0
PPO-QP,20260807,362,69,34845,0,0,0,0.0,-100.0,-100.0,0.0,1.9767421033378697e-11,95.77455035660361,30.0,116,92,30.0,125.0,4,-100.0,19.0,-732.409972299169,-100.0,0.0,3.7999999999999996e-08,0,1,33.94736842105263,0
PPO-QP,20260807,363,69,34940,0,0,0,0.0,-100.0,-15.614748812043361,0.0,1.9937055710054588e-11,112.40371674153621,30.0,222,91,26.291497157139702,125.0,5,-100.0,4.907689197130867,-836.6673803909907,-15.614748812043361,-84.38525118795664,3.7999999999999996e-08,0,1,19.904102519765623,0
PPO-QP,20260807,363,69,34941,0,0,0,0.0,-100.0,-100.0,0.0,1.9937055710054588e-11,100.00130821074683,30.0,222,92,30.0,125.0,4,-100.0,19.0,-732.409972299169,-100.0,0.0,3.7999999999999996e-08,0,1,39.38525118795664,0
PPO-QP,20260807,364,69,35037,0,0,0,0.0,-100.0,-100.0,0.0,1.994294359282852e-11,83.30942638550725,30.0,49,92,30.0,125.0,4,-100.0,19.0,-732.409972299169,-100.0,0.0,3.7999999999999996e-08,0,1,33.94736842105263,0
PPO-QP,20260807,365,69,35133,0,0,0,0.0,-100.0,-100.0,0.0,1.9958542226324503e-11,102.76821325956304,30.0,139,92,30.0,125.0,4,-100.0,19.0,-732.409972299169,-100.0,0.0,3.7999999999999996e-08,0,1,33.94736842105263,0
PPO-QP,20260807,366,69,35229,0,0,0,0.0,-100.0,-100.0,0.0,1.9844633343997962e-11,95.08737753583918,30.0,148,92,30.0,125.0,4,-100.0,19.0,-732.409972299169,-100.0,0.0,3.7999999999999996e-08,0,1,46.00604000504786,0
PPO-QP,20260807,367,69,35325,0,0,0,0.0,-100.0,-90.5035004763925,0.0,1.9782342430829658e-11,100.9288157550295,30.0,155,92,32.25541863685678,125.0,4,-100.0,27.570590820055767,-722.9134727755616,-90.5035004763925,-9.496499523607497,3.7999999999999996e-08,0,1,14.954369373837636,0
PPO-QP,20260807,368,70,35421,0,0,0,0.0,-100.0,-100.0,0.0,1.9915417463304645e-11,100.49931148378674,30.0,174,92,30.0,125.0,4,-100.0,19.0,-732.409972299169,-100.0,0.0,3.7999999999999996e-08,0,1,33.94736842105263,0
PPO-QP,20260807,369,70,35517,0,0,0,0.0,-100.0,-100.0,0.0,1.9866952527536342e-11,98.10549359535615,30.0,151,92,30.0,125.0,4,-100.0,19.0,-732.409972299169,-100.0,0.0,3.7999999999999996e-08,0,1,33.94736842105263,0
PPO-QP,20260807,370,70,35613,0,0,0,0.0,-100.0,-100.0,0.0,2.0017358141425728e-11,105.49799693923116,30.0,228,92,30.0,125.0,4,-100.0,19.0,-732.409972299169,-100.0,0.0,3.7999999999999996e-08,0,1,33.94736842105263,0
PPO-QP,20260807,371,70,35709,0,0,0,0.0,-100.0,-100.0,0.0,0.0,107.24698631088836,30.0,156,92,30.0,125.0,4,-100.0,19.0,-732.409972299169,-100.0,0.0,3.7999999999999996e-08,0,1,33.94736842105263,0
PPO-QP,20260807,372,70,35805,0,0,0,0.0,-100.0,-100.0,0.0,1.9886692292914176e-11,106.53263417041393,30.0,236,92,30.0,125.0,4,-100.0,19.0,-732.409972299169,-100.0,0.0,3.7999999999999996e-08,0,1,33.94736842105263,0
PPO-QP,20260807,373,71,35901,0,0,0,0.0,-100.0,-100.0,0.0,1.9974747781740612e-11,99.1738371645239,30.0,108,92,30.0,125.0,4,-100.0,19.0,-732.409972299169,-100.0,0.0,3.7999999999999996e-08,0,1,59.89859600942629,0
PPO-QP,20260807,374,71,35997,0,0,0,0.0,-100.0,-100.0,0.0,1.9855724472013966e-11,99.1738371645239,30.0,108,92,30.0,125.0,4,-100.0,19.0,-732.409972299169,-100.0,0.0,3.7999999999999996e-08,0,1,33.94736842105263,0
PPO-QP,20260807,375,71,36093,0,0,0,0.0,-100.0,-100.0,0.0,0.0,107.24698631088836,30.0,156,92,30.0,125.0,4,-100.0,19.0,-732.409972299169,-100.0,0.0,3.7999999999999996e-08,0,1,33.94736842105263,0
PPO-QP,20260807,376,71,36189,0,0,0,0.0,-100.0,-100.0,0.0,1.987439842328816e-11,83.04178651529132,30.0,55,92,30.0,125.0,4,-100.0,19.0,-732.409972299169,-100.0,0.0,3.7999999999999996e-08,0,1,33.94736842105263,0
PPO-QP,20260807,377,71,36285,0,0,0,0.0,-100.0,-100.0,0.0,2.0037331053638734e-11,105.94011237910321,30.0,184,92,30.0,125.0,4,-100.0,19.0,-732.409972299169,-100.0,0.0,3.7999999999999996e-08,0,1,33.94736842105263,0
PPO-QP,20260807,378,72,36381,0,0,0,0.0,-100.0,-100.0,0.0,0.0,92.24150315024411,30.0,69,92,30.0,125.0,4,-100.0,19.0,-732.409972299169,-100.0,0.0,3.7999999999999996e-08,0,1,33.94736842105263,0
PPO-QP,20260807,379,72,36477,0,0,0,0.0,-100.0,-100.0,0.0,1.986621978034009e-11,95.87781493241873,30.0,133,92,30.0,125.0,4,-100.0,19.0,-732.409972299169,-100.0,0.0,3.7999999999999996e-08,0,1,33.94736842105263,0
PPO-QP,20260807,380,72,36573,0,0,0,0.0,-100.0,-100.0,0.0,1.9876948235501383e-11,92.05160546747763,30.0,120,92,30.0,125.0,4,-100.0,19.0,-732.409972299169,-100.0,0.0,3.7999999999999996e-08,0,1,41.4633104059404,0
PPO-QP,20260807,381,72,36669,0,0,0,0.0,-100.0,-100.0,0.0,1.9978615058609724e-11,100.48692081466652,30.0,32,92,30.0,125.0,4,-100.0,19.0,-732.409972299169,-100.0,0.0,3.7999999999999996e-08,0,1,33.94736842105263,0
PPO-QP,20260807,382,72,36765,0,0,0,0.0,-100.0,-100.0,0.0,1.9928555102429377e-11,99.51338637734993,30.0,140,92,30.0,125.0,4,-100.0,19.0,-732.409972299169,-100.0,0.0,3.7999999999999996e-08,0,1,48.09728263725861,0
PPO-QP,20260807,383,72,36861,0,0,0,0.0,-100.0,-100.0,0.0,1.986977249401889e-11,100.07999755036212,30.0,172,92,30.0,125.0,4,-100.0,19.0,-732.409972299169,-100.0,0.0,3.7999999999999996e-08,0,1,33.94736842105263,0
PPO-QP,20260807,384,73,36957,0,0,0,0.0,-100.0,-100.0,0.0,1.988023819639769e-11,103.60264311293285,30.0,198,92,30.0,125.0,4,-100.0,19.0,-732.409972299169,-100.0,0.0,3.7999999999999996e-08,0,1,33.94736842105263,0
PPO-QP,20260807,385,73,37053,0,0,0,0.0,-100.0,-100.0,0.0,2.0018546080062075e-11,105.46834623074572,30.0,204,92,30.0,125.0,4,-100.0,19.0,-732.409972299169,-100.0,0.0,3.7999999999999996e-08,0,1,33.94736842105263,0
PPO-QP,20260807,386,73,37149,0,0,0,0.0,-100.0,-100.0,0.0,1.981975324601611e-11,99.79980532597651,30.0,129,92,30.0,125.0,4,-100.0,19.0,-732.409972299169,-100.0,0.0,3.7999999999999996e-08,0,1,33.94736842105263,0
PPO-QP,20260807,387,73,37245,0,0,0,0.0,-100.0,-100.0,0.0,2.007002342097053e-11,96.58075138170044,30.0,179,92,30.0,125.0,4,-100.0,19.0,-732.409972299169,-100.0,0.0,3.7999999999999996e-08,0,1,43.64340316260105,0
PPO-QP,20260807,388,73,37341,0,0,0,0.0,-100.0,-100.0,0.0,1.9864188072205026e-11,98.64165448582102,30.0,142,92,30.0,125.0,4,-100.0,19.0,-732.409972299169,-100.0,0.0,3.7999999999999996e-08,0,1,33.94736842105263,0
PPO-QP,20260807,389,74,37437,0,0,0,0.0,-100.0,-100.0,0.0,2.0065682448944245e-11,110.10922097309025,30.0,167,92,30.0,125.0,4,-100.0,19.0,-732.409972299169,-100.0,0.0,3.7999999999999996e-08,0,1,33.94736842105263,0
PPO-QP,20260807,390,74,37533,0,0,0,0.0,-100.0,-100.0,0.0,2.0049876573816998e-11,91.03882991970426,30.0,95,92,30.0,125.0,4,-100.0,19.0,-732.409972299169,-100.0,0.0,3.7999999999999996e-08,0,1,33.94736842105263,0
PPO-QP,20260807,391,74,37629,0,0,0,0.0,-100.0,-100.0,0.0,2.0036901767402545e-11,105.45166917558011,30.0,213,92,30.0,125.0,4,-100.0,19.0,-732.409972299169,-100.0,0.0,3.7999999999999996e-08,0,1,33.94736842105263,0
PPO-QP,20260807,392,74,37725,0,0,0,0.0,-100.0,-100.0,0.0,1.9958808679850412e-11,111.37033894980843,30.0,201,92,30.0,125.0,4,-100.0,19.0,-732.409972299169,-100.0,0.0,3.7999999999999996e-08,0,1,33.94736842105263,0
PPO-QP,20260807,393,74,37821,0,0,0,0.0,-100.0,-100.0,0.0,2.000044574401727e-11,105.4474935426842,30.0,52,92,30.0,125.0,4,-100.0,19.0,-732.409972299169,-100.0,0.0,3.7999999999999996e-08,0,1,33.94736842105263,0
PPO-QP,20260807,394,75,37917,0,0,0,0.0,-100.0,-100.0,0.0,1.9893653391278577e-11,113.11894463632069,30.0,200,92,30.0,125.0,4,-100.0,19.0,-732.409972299169,-100.0,0.0,3.7999999999999996e-08,0,1,33.94736842105263,0
PPO-QP,20260807,395,75,38013,0,0,0,0.0,-100.0,-100.0,0.0,1.9967098345100946e-11,90.68725573509818,30.0,146,92,30.0,125.0,4,-100.0,19.0,-732.409972299169,-100.0,0.0,3.7999999999999996e-08,0,1,33.94736842105263,0
PPO-QP,20260807,396,75,38109,0,0,0,0.0,-100.0,-100.0,0.0,1.9916442569230715e-11,94.92530164324614,30.0,109,92,30.0,125.0,4,-100.0,19.0,-732.409972299169,-100.0,0.0,3.7999999999999996e-08,0,1,33.94736842105263,0
PPO-QP,20260807,397,75,38205,0,0,0,0.0,-100.0,-100.0,0.0,1.991454038711519e-11,104.9255458245251,30.0,233,92,30.0,125.0,4,-100.0,19.0,-732.409972299169,-100.0,0.0,3.7999999999999996e-08,0,1,33.94736842105263,0
PPO-QP,20260807,398,75,38301,0,0,0,0.0,-100.0,-100.0,0.0,5.921189464667501e-17,107.24698631088836,30.0,156,92,30.0,125.0,4,-100.0,19.0,-732.409972299169,-100.0,0.0,3.7999999999999996e-08,0,1,33.94736842105263,0
PPO-QP,20260807,399,75,38397,0,0,0,0.0,-100.0,-100.0,0.0,1.966632412475633e-11,96.4455216587882,30.0,175,92,30.0,125.0,4,-100.0,19.0,-732.409972299169,-100.0,0.0,3.7999999999999996e-08,0,1,33.94736842105263,0
PPO-QP,20260807,400,76,38493,0,0,0,0.0,-100.0,-100.0,0.0,1.984084748348399e-11,91.85584163919535,30.0,100,92,30.0,125.0,4,-100.0,19.0,-732.409972299169,-100.0,0.0,3.7999999999999996e-08,0,1,33.94736842105263,0
PPO-QP,20260807,401,76,38589,0,0,0,0.0,-100.0,-100.0,0.0,1.996405263327006e-11,101.21404399016883,30.0,40,92,30.0,125.0,4,-100.0,19.0,-732.409972299169,-100.0,0.0,3.7999999999999996e-08,0,1,33.94736842105263,0
PPO-QP,20260807,402,76,38685,0,0,0,0.0,-100.0,-100.0,0.0,1.981411701379443e-11,102.34785609960065,30.0,23,92,30.0,125.0,4,-100.0,19.0,-732.409972299169,-100.0,0.0,3.7999999999999996e-08,0,1,33.94736842105263,0
PPO-QP,20260807,403,76,38781,0,0,0,0.0,-100.0,-100.0,0.0,1.9818298853853852e-11,97.3102387833523,30.0,104,92,30.0,125.0,4,-100.0,19.0,-732.409972299169,-100.0,0.0,3.7999999999999996e-08,0,1,64.50776597162076,0
PPO-QP,20260807,404,76,38877,0,0,0,0.0,-100.0,-100.0,0.0,2.005309622058841e-11,81.88761466839229,30.0,41,92,30.0,125.0,4,-100.0,19.0,-732.409972299169,-100.0,0.0,3.7999999999999996e-08,0,1,33.94736842105263,0
PPO-QP,20260807,405,77,38973,0,0,0,0.0,-100.0,-100.0,0.0,1.9820201035969376e-11,80.32125119024646,30.0,20,92,30.0,125.0,4,-100.0,19.0,-732.409972299169,-100.0,0.0,3.7999999999999996e-08,0,1,33.94736842105263,0
PPO-QP,20260807,406,77,39069,0,0,0,0.0,-100.0,-100.0,0.0,1.850371707708594e-17,107.61759070352285,30.0,152,92,30.0,125.0,4,-100.0,19.0,-732.409972299169,-100.0,0.0,3.7999999999999996e-08,0,1,33.94736842105263,0
PPO-QP,20260807,407,77,39165,0,0,0,0.0,-100.0,-100.0,0.0,1.9675761020465643e-11,102.75890329454388,30.0,187,92,30.0,125.0,4,-100.0,19.0,-732.409972299169,-100.0,0.0,3.7999999999999996e-08,0,1,33.94736842105263,0
PPO-QP,20260807,408,77,39261,0,0,0,0.0,-100.0,-100.0,0.0,1.97905136722909e-11,87.01349732194478,30.0,60,92,30.0,125.0,4,-100.0,19.0,-732.409972299169,-100.0,0.0,3.7999999999999996e-08,0,1,33.94736842105263,0
PPO-QP,20260807,409,77,39357,0,0,0,0.0,-100.0,-100.0,0.0,1.985865176005556e-11,83.04178651529132,30.0,55,92,30.0,125.0,4,-100.0,19.0,-732.409972299169,-100.0,0.0,3.7999999999999996e-08,0,1,33.94736842105263,0
PPO-QP,20260807,410,78,39453,0,0,0,0.0,-100.0,-100.0,0.0,1.9906332138219794e-11,89.4498133195773,30.0,82,92,30.0,125.0,4,-100.0,19.0,-732.409972299169,-100.0,0.0,3.7999999999999996e-08,0,1,33.94736842105263,0
PPO-QP,20260807,411,78,39549,0,0,0,0.0,-100.0,-100.0,0.0,2.007656263458557e-11,89.04411420168975,30.0,119,92,30.0,125.0,4,-100.0,19.0,-732.409972299169,-100.0,0.0,3.7999999999999996e-08,0,1,33.94736842105263,0
PPO-QP,20260807,412,78,39645,0,0,0,0.0,-100.0,-100.0,0.0,1.9846372693403207e-11,92.88476102773205,30.0,105,92,30.0,125.0,4,-100.0,19.0,-732.409972299169,-100.0,0.0,3.7999999999999996e-08,0,1,33.94736842105263,0
PPO-QP,20260807,413,78,39741,0,0,0,0.0,-100.0,-100.0,0.0,1.984367115070995e-11,90.68725573509818,30.0,146,92,30.0,125.0,4,-100.0,19.0,-732.409972299169,-100.0,0.0,3.7999999999999996e-08,0,1,33.94736842105263,0
PPO-QP,20260807,414,78,39837,0,0,0,0.0,-100.0,-100.0,0.0,2.0040373064726206e-11,102.75890329454388,30.0,187,92,30.0,125.0,4,-100.0,19.0,-732.409972299169,-100.0,0.0,3.7999999999999996e-08,0,1,33.94736842105263,0
PPO-QP,20260807,415,78,39933,0,0,0,0.0,-100.0,-100.0,0.0,1.9980417320653033e-11,109.00381953646375,30.0,159,92,30.0,125.0,4,-100.0,19.0,-732.409972299169,-100.0,0.0,3.7999999999999996e-08,0,1,33.94736842105263,0
PPO-QP,20260807,416,79,40029,0,0,0,0.0,-100.0,-100.0,0.0,2.0042030997776314e-11,92.19664912634585,30.0,74,92,30.0,125.0,4,-100.0,19.0,-732.409972299169,-100.0,0.0,3.7999999999999996e-08,0,1,38.85983524449075,0
PPO-QP,20260807,417,79,40125,0,0,0,0.0,-100.0,-100.0,0.0,0.0,99.02691431499208,30.0,144,92,30.0,125.0,4,-100.0,19.0,-732.409972299169,-100.0,0.0,3.7999999999999996e-08,0,1,33.94736842105263,0
PPO-QP,20260807,418,79,40221,0,0,0,0.0,-100.0,-100.0,0.0,1.981905010476718e-11,108.22393721596258,30.0,209,92,30.0,125.0,4,-100.0,19.0,-732.409972299169,-100.0,0.0,3.7999999999999996e-08,0,1,33.94736842105263,0
PPO-QP,20260807,419,79,40317,0,0,0,0.0,-100.0,-100.0,0.0,0.0,97.6381556687681,30.0,57,92,30.0,125.0,4,-100.0,19.0,-732.409972299169,-100.0,0.0,3.7999999999999996e-08,0,1,33.94736842105263,0
PPO-QP,20260807,420,79,40413,0,0,0,0.0,-100.0,-100.0,0.0,1.9832361678832436e-11,109.00845018424536,30.0,186,92,30.0,125.0,4,-100.0,19.0,-732.409972299169,-100.0,0.0,3.7999999999999996e-08,0,1,33.94736842105263,0
PPO-QP,20260807,421,80,40509,0,0,0,0.0,-100.0,-100.0,0.0,1.991525092985095e-11,105.46954824232857,30.0,143,92,30.0,125.0,4,-100.0,19.0,-732.409972299169,-100.0,0.0,3.7999999999999996e-08,0,1,33.94736842105263,0
PPO-QP,20260807,422,80,40605,0,0,0,0.0,-100.0,-100.0,0.0,1.9930690431380073e-11,76.26011533638224,30.0,28,92,30.0,125.0,4,-100.0,19.0,-732.409972299169,-100.0,0.0,3.7999999999999996e-08,0,1,33.94736842105263,0
PPO-QP,20260807,423,80,40701,0,0,0,0.0,-100.0,-100.0,0.0,2.0005560171417378e-11,102.9635056064629,30.0,189,92,30.0,125.0,4,-100.0,19.0,-732.409972299169,-100.0,0.0,3.7999999999999996e-08,0,1,33.94736842105263,0
PPO-QP,20260807,424,80,40797,0,0,0,0.0,-100.0,-100.0,0.0,1.9876463438113963e-11,83.30942638550725,30.0,49,92,30.0,125.0,4,-100.0,19.0,-732.409972299169,-100.0,0.0,3.7999999999999996e-08,0,1,33.94736842105263,0
PPO-QP,20260807,425,80,40893,0,0,0,0.0,-100.0,-100.0,0.0,2.00317059236473e-11,109.23909068749569,30.0,157,92,30.0,125.0,4,-100.0,19.0,-732.409972299169,-100.0,0.0,3.7999999999999996e-08,0,1,33.94736842105263,0
PPO-QP,20260807,426,81,40989,0,0,0,0.0,-100.0,-100.0,0.0,1.9974340699964917e-11,87.56950904514152,30.0,98,92,30.0,125.0,4,-100.0,19.0,-732.409972299169,-100.0,0.0,3.7999999999999996e-08,0,1,33.94736842105263,0
PPO-QP,20260807,427,81,41085,0,0,0,0.0,-100.0,-100.0,0.0,2.0058469700027596e-11,104.76339971089588,30.0,25,92,30.0,125.0,4,-100.0,19.0,-732.409972299169,-100.0,0.0,3.7999999999999996e-08,0,1,33.94736842105263,0
PPO-QP,20260807,428,81,41181,0,0,0,0.0,-100.0,-100.0,0.0,1.9814897870655083e-11,103.63968225208008,30.0,38,92,30.0,125.0,4,-100.0,19.0,-732.409972299169,-100.0,0.0,3.7999999999999996e-08,0,1,33.94736842105263,0
PPO-QP,20260807,429,81,41277,0,0,0,0.0,-100.0,-100.0,0.0,2.004013621714762e-11,106.52560817321435,30.0,227,92,30.0,125.0,4,-100.0,19.0,-732.409972299169,-100.0,0.0,3.7999999999999996e-08,0,1,33.94736842105263,0
PPO-QP,20260807,430,81,41373,0,0,0,0.0,-100.0,-100.0,0.0,1.984774936995374e-11,102.98408042338848,30.0,178,92,30.0,125.0,4,-100.0,19.0,-732.409972299169,-100.0,0.0,3.7999999999999996e-08,0,1,33.94736842105263,0
PPO-QP,20260807,431,81,41469,0,0,0,0.0,-100.0,-100.0,0.0,0.0,109.9284297131466,30.0,221,92,30.0,125.0,4,-100.0,19.0,-732.409972299169,-100.0,0.0,3.7999999999999996e-08,0,1,33.94736842105263,0
PPO-QP,20260807,432,82,41565,0,0,0,0.0,-100.0,-100.0,0.0,1.96830477842506e-11,106.24062507747706,30.0,199,92,30.0,125.0,4,-100.0,19.0,-732.409972299169,-100.0,0.0,3.7999999999999996e-08,0,1,33.94736842105263,0
PPO-QP,20260807,433,82,41661,0,0,0,0.0,-100.0,-100.0,0.0,1.9870582956826864e-11,110.34769251483871,30.0,219,92,30.0,125.0,4,-100.0,19.0,-732.409972299169,-100.0,0.0,3.7999999999999996e-08,0,1,33.94736842105263,0
PPO-QP,20260807,434,82,41757,0,0,0,0.0,-100.0,-100.0,0.0,2.0005830325686702e-11,90.68725573509818,30.0,146,92,30.0,125.0,4,-100.0,19.0,-732.409972299169,-100.0,0.0,3.7999999999999996e-08,0,1,33.94736842105263,0
PPO-QP,20260807,435,82,41853,0,0,0,0.0,-100.0,-100.0,0.0,0.0,109.65240546778003,30.0,206,92,30.0,125.0,4,-100.0,19.0,-732.409972299169,-100.0,0.0,3.7999999999999996e-08,0,1,33.94736842105263,0
PPO-QP,20260807,436,82,41949,0,0,0,0.0,-100.0,-100.0,0.0,0.0,100.78780511344941,30.0,45,92,30.0,125.0,4,-100.0,19.0,-732.409972299169,-100.0,0.0,3.7999999999999996e-08,0,1,33.94736842105263,0
PPO-QP,20260807,437,83,42045,0,0,0,0.0,-100.0,-100.0,0.0,2.0033349053723744e-11,103.63968225208008,30.0,38,92,30.0,125.0,4,-100.0,19.0,-732.409972299169,-100.0,0.0,3.7999999999999996e-08,0,1,33.94736842105263,0
PPO-QP,20260807,438,83,42141,0,0,0,0.0,-100.0,-100.0,0.0,2.0164014902235293e-11,98.10549359535615,30.0,151,92,30.0,125.0,4,-100.0,19.0,-732.409972299169,-100.0,0.0,3.7999999999999996e-08,0,1,33.94736842105263,0
PPO-QP,20260807,439,83,42237,0,0,0,0.0,-100.0,-100.0,0.0,2.0051712142551044e-11,91.85584163919535,30.0,100,92,30.0,125.0,4,-100.0,19.0,-732.409972299169,-100.0,0.0,3.7999999999999996e-08,0,1,33.94736842105263,0
PPO-QP,20260807,440,83,42333,0,0,0,0.0,-100.0,-100.0,0.0,1.9869258090684146e-11,109.28789200484522,30.0,176,92,30.0,125.0,4,-100.0,19.0,-732.409972299169,-100.0,0.0,3.7999999999999996e-08,0,1,33.94736842105263,0
PPO-QP,20260807,441,83,42429,0,0,0,0.0,-100.0,-100.0,0.0,1.9869809501453044e-11,94.0077774045799,30.0,78,92,30.0,125.0,4,-100.0,19.0,-732.409972299169,-100.0,0.0,3.7999999999999996e-08,0,1,33.94736842105263,0
PPO-QP,20260807,442,84,42525,0,0,0,0.0,-100.0,-100.0,0.0,1.951934539926962e-11,87.01349732194478,30.0,60,92,30.0,125.0,4,-100.0,19.0,-732.409972299169,-100.0,0.0,3.7999999999999996e-08,0,1,33.94736842105263,0
PPO-QP,20260807,443,84,42621,0,0,0,0.0,-100.0,-100.0,0.0,1.9877692084927883e-11,105.07840638717109,30.0,239,92,30.0,125.0,4,-100.0,19.0,-732.409972299169,-100.0,0.0,3.7999999999999996e-08,0,1,33.94736842105263,0
PPO-QP,20260807,444,84,42717,0,0,0,0.0,-100.0,-100.0,0.0,2.0075733668060517e-11,100.69676510316452,30.0,2,92,30.0,125.0,4,-100.0,19.0,-732.409972299169,-100.0,0.0,3.7999999999999996e-08,0,1,33.94736842105263,0
PPO-QP,20260807,445,84,42813,0,0,0,0.0,-100.0,-100.0,0.0,1.993678185504185e-11,90.96640864829209,30.0,87,92,30.0,125.0,4,-100.0,19.0,-732.409972299169,-100.0,0.0,3.7999999999999996e-08,0,1,65.02354478940893,0
PPO-QP,20260807,446,84,42909,0,0,0,0.0,-100.0,-100.0,0.0,1.980217471479288e-11,103.92254966074705,30.0,229,92,30.0,125.0,4,-100.0,19.0,-732.409972299169,-100.0,0.0,3.7999999999999996e-08,0,1,33.94736842105263,0
PPO-QP,20260807,447,84,43005,0,0,0,0.0,-100.0,-100.0,0.0,1.9919081199285908e-11,99.51338637734993,30.0,140,92,30.0,125.0,4,-100.0,19.0,-732.409972299169,-100.0,0.0,3.7999999999999996e-08,0,1,33.94736842105263,0
PPO-QP,20260807,448,85,43101,0,0,0,0.0,-100.0,-100.0,0.0,1.9883794610819904e-11,96.32255108936515,30.0,15,92,30.0,125.0,4,-100.0,19.0,-732.409972299169,-100.0,0.0,3.7999999999999996e-08,0,1,33.94736842105263,0
PPO-QP,20260807,449,85,43197,0,0,0,0.0,-100.0,-100.0,0.0,0.0,112.50095741162527,30.0,230,92,30.0,125.0,4,-100.0,19.0,-732.409972299169,-100.0,0.0,3.7999999999999996e-08,0,1,33.94736842105263,0
PPO-QP,20260807,450,85,43293,0,0,0,0.0,-100.0,-100.0,0.0,2.0032719927343125e-11,77.39593317848316,30.0,42,92,30.0,125.0,4,-100.0,19.0,-732.409972299169,-100.0,0.0,3.7999999999999996e-08,0,1,33.94736842105263,0
PPO-QP,20260807,451,85,43389,0,0,0,0.0,-100.0,-100.0,0.0,0.0,92.24150315024411,30.0,69,92,30.0,125.0,4,-100.0,19.0,-732.409972299169,-100.0,0.0,3.7999999999999996e-08,0,1,41.55291387571911,0
PPO-QP,20260807,452,85,43485,0,0,0,0.0,-100.0,-100.0,0.0,1.9898064677429755e-11,100.58254270570778,30.0,153,92,30.0,125.0,4,-100.0,19.0,-732.409972299169,-100.0,0.0,3.7999999999999996e-08,0,1,33.94736842105263,0
PPO-QP,20260807,453,86,43581,0,0,0,0.0,-100.0,-95.87658597260985,0.0,9.65315975302398e-12,115.3687027071826,30.0,164,92,30.979310831505163,125.0,4,-100.0,22.72138115971962,-728.2865582717789,-95.87658597260985,-4.1234140273901545,3.7999999999999996e-08,0,1,25.700540366272307,0
PPO-QP,20260807,454,86,43677,0,0,0,0.0,-100.0,-100.0,0.0,2.0012817329255008e-11,99.44808768061047,30.0,106,92,30.0,125.0,4,-100.0,19.0,-732.409972299169,-100.0,0.0,3.7999999999999996e-08,0,1,33.94736842105263,0
PPO-QP,20260807,455,86,43773,0,0,0,0.0,-100.0,-100.0,0.0,1.9974795891405014e-11,108.98309588157623,30.0,165,92,30.0,125.0,4,-100.0,19.0,-732.409972299169,-100.0,0.0,3.7999999999999996e-08,0,1,33.94736842105263,0
PPO-QP,20260807,456,86,43869,0,0,0,0.0,-100.0,-100.0,0.0,2.0091088052491082e-11,104.06273500373985,30.0,192,92,30.0,125.0,4,-100.0,19.0,-732.409972299169,-100.0,0.0,3.7999999999999996e-08,0,1,33.94736842105263,0
PPO-QP,20260807,457,86,43965,0,0,0,0.0,-100.0,-100.0,0.0,1.9463915664393502e-11,97.6381556687681,30.0,57,92,30.0,125.0,4,-100.0,19.0,-732.409972299169,-100.0,0.0,3.7999999999999996e-08,0,1,33.94736842105263,0
PPO-QP,20260807,458,87,44061,0,0,0,0.0,-100.0,-100.0,0.0,1.9943428390215936e-11,70.68740403315702,30.0,7,92,30.0,125.0,4,-100.0,19.0,-732.409972299169,-100.0,0.0,3.7999999999999996e-08,0,1,51.40727195294231,0
PPO-QP,20260807,459,87,44157,0,0,0,0.0,-100.0,-100.0,0.0,0.0,108.98309588157623,30.0,165,92,30.0,125.0,4,-100.0,19.0,-732.409972299169,-100.0,0.0,3.7999999999999996e-08,0,1,33.94736842105263,0
PPO-QP,20260807,460,87,44253,0,0,0,0.0,-100.0,-100.0,0.0,2.0075670755422457e-11,89.06749358209602,30.0,92,92,30.0,125.0,4,-100.0,19.0,-732.409972299169,-100.0,0.0,3.7999999999999996e-08,0,1,33.94736842105263,0
PPO-QP,20260807,461,87,44349,0,0,0,0.0,-100.0,-100.0,0.0,1.983898971028945e-11,105.4474935426842,30.0,52,92,30.0,125.0,4,-100.0,19.0,-732.409972299169,-100.0,0.0,3.7999999999999996e-08,0,1,33.94736842105263,0
PPO-QP,20260807,462,87,44445,0,0,0,0.0,-100.0,-100.0,0.0,1.9901650697799293e-11,91.86532092092294,30.0,121,92,30.0,125.0,4,-100.0,19.0,-732.409972299169,-100.0,0.0,3.7999999999999996e-08,0,1,39.89991682424215,0
PPO-QP,20260807,463,87,44541,0,0,0,0.0,-100.0,-100.0,0.0,1.9856216670888215e-11,105.4474935426842,30.0,52,92,30.0,125.0,4,-100.0,19.0,-732.409972299169,-100.0,0.0,3.7999999999999996e-08,0,1,33.94736842105263,0
PPO-QP,20260807,464,88,44637,0,0,0,0.0,-100.0,-100.0,0.0,0.0,73.4818515278711,30.0,56,92,30.0,125.0,4,-100.0,19.0,-732.409972299169,-100.0,0.0,3.7999999999999996e-08,0,1,33.94736842105263,0
PPO-QP,20260807,465,88,44733,0,0,0,0.0,-100.0,-100.0,0.0,0.0,104.874570453267,30.0,238,92,30.0,125.0,4,-100.0,19.0,-732.409972299169,-100.0,0.0,3.7999999999999996e-08,0,1,33.94736842105263,0
PPO-QP,20260807,466,88,44829,0,0,0,0.0,-100.0,-100.0,0.0,1.9914418262582482e-11,106.78624934180647,30.0,218,92,30.0,125.0,4,-100.0,19.0,-732.409972299169,-100.0,0.0,3.7999999999999996e-08,0,1,40.818644084643054,0
PPO-QP,20260807,467,88,44925,0,0,0,0.0,-100.0,-100.0,0.0,1.9939794260182e-11,97.84049651637996,30.0,114,92,30.0,125.0,4,-100.0,19.0,-732.409972299169,-100.0,0.0,3.7999999999999996e-08,0,1,33.94736842105263,0
PPO-QP,20260807,468,88,45021,0,0,0,0.0,-100.0,-100.0,0.0,0.0,104.00758986645744,30.0,9,92,30.0,125.0,4,-100.0,19.0,-732.409972299169,-100.0,0.0,3.7999999999999996e-08,0,1,33.94736842105263,0
PPO-QP,20260807,469,89,45116,0,0,0,0.0,-100.0,-15.20546160058706,0.0,1.9926223634077664e-11,113.0836402699242,30.0,158,91,26.388702869860573,125.0,5,-100.0,5.277070905470178,-836.2580931795345,-15.20546160058706,-84.79453839941294,3.7999999999999996e-08,0,1,7.029868748888443,0
PPO-QP,20260807,469,89,45117,0,0,0,0.0,-100.0,-100.0,0.0,1.9926223634077664e-11,109.25196286046445,30.0,158,92,30.0,125.0,4,-100.0,19.0,-732.409972299169,-100.0,0.0,3.7999999999999996e-08,0,1,39.79453839941294,0
PPO-QP,20260807,470,89,45213,0,0,0,0.0,-100.0,-100.0,0.0,1.992573143520341e-11,95.87781493241873,30.0,133,92,30.0,125.0,4,-100.0,19.0,-732.409972299169,-100.0,0.0,3.7999999999999996e-08,0,1,33.94736842105263,0
PPO-QP,20260807,471,89,45309,0,0,0,0.0,-100.0,-100.0,0.0,1.9753702377537744e-11,110.10922097309025,30.0,167,92,30.0,125.0,4,-100.0,19.0,-732.409972299169,-100.0,0.0,3.7999999999999996e-08,0,1,33.94736842105263,0
PPO-QP,20260807,472,89,45405,0,0,0,0.0,-100.0,-100.0,0.0,0.0,103.27932168487578,30.0,12,92,30.0,125.0,4,-100.0,19.0,-732.409972299169,-100.0,0.0,3.7999999999999996e-08,0,1,33.94736842105263,0
PPO-QP,20260807,473,89,45501,0,0,0,0.0,-100.0,-100.0,0.0,1.9854181262009738e-11,102.11370682986832,30.0,188,92,30.0,125.0,4,-100.0,19.0,-732.409972299169,-100.0,0.0,3.7999999999999996e-08,0,1,33.94736842105263,0
PPO-QP,20260807,474,90,45597,0,0,0,0.0,-100.0,-100.0,0.0,1.9954349284034832e-11,100.54978970845178,30.0,29,92,30.0,125.0,4,-100.0,19.0,-732.409972299169,-100.0,0.0,3.7999999999999996e-08,0,1,33.94736842105263,0
PPO-QP,20260807,475,90,45693,0,0,0,0.0,-100.0,-100.0,0.0,2.0008938950155652e-11,109.23909068749569,30.0,157,92,30.0,125.0,4,-100.0,19.0,-732.409972299169,-100.0,0.0,3.7999999999999996e-08,0,1,33.94736842105263,0
PPO-QP,20260807,476,90,45789,0,0,0,0.0,-100.0,-100.0,0.0,1.9919125608206892e-11,98.98452005268396,30.0,24,92,30.0,125.0,4,-100.0,19.0,-732.409972299169,-100.0,0.0,3.7999999999999996e-08,0,1,33.94736842105263,0
PPO-QP,20260807,477,90,45885,0,0,0,0.0,-100.0,-100.0,0.0,1.992684905971487e-11,106.43851663116271,30.0,225,92,30.0,125.0,4,-100.0,19.0,-732.409972299169,-100.0,0.0,3.7999999999999996e-08,0,1,33.94736842105263,0
PPO-QP,20260807,478,90,45981,0,0,0,0.0,-100.0,-100.0,0.0,2.0019363944356882e-11,76.26011533638224,30.0,28,92,30.0,125.0,4,-100.0,19.0,-732.409972299169,-100.0,0.0,3.7999999999999996e-08,0,1,48.612716347050565,0
PPO-QP,20260807,479,90,46077,0,0,0,0.0,-100.0,-100.0,0.0,1.9976179969442378e-11,103.63968225208008,30.0,38,92,30.0,125.0,4,-100.0,19.0,-732.409972299169,-100.0,0.0,3.7999999999999996e-08,0,1,33.94736842105263,0
