controller,seed,episode,update,transition,endpoint_minimum_violation_kw,endpoint_infeasible,feasible_state_violation,extra_excess_energy_kwh_step,power_lower_kw,power_upper_kw,ev_lower_fraction,ev_upper_fraction,base_load_minus_pv_kw,lighting_kw,day,step,soc_kwh,target_kwh,remaining_steps,physical_lower_kw,physical_upper_kw,terminal_lower_kw,terminal_upper_kw,terminal_physical_gap_kw,tolerance_kw,terminal_roundoff_repair,terminal_ramp_relaxation,terminal_ramp_gap_kw,terminal_target_conflict_step
PPO-QP,20260808,0,1,95,0,0,0,0.0,99.99999997736562,100.0,0.0,1.850727349150816e-11,95.2244213127332,30.0,235,94,177.63157894141202,125.0,2,-100.0,100.0,99.99999997736562,290.24999997736563,-2.2634381480202137e-08,3.7999999999999996e-08,0,1,33.1623766819079,0
PPO-QP,20260808,1,1,192,0,0,0,0.0,51.71230072289653,51.71230072289653,1.8475265761708214e-11,1.8475265761708214e-11,104.42004022142679,30.0,180,95,138.60850019023593,125.0,1,-100.0,100.0,51.71230072289653,51.71230072289653,0.0,3.7999999999999996e-08,0,1,23.311439184945463,0
PPO-QP,20260808,2,1,287,0,0,0,0.0,99.99999995252278,100.0,0.0,0.0,85.97040524429327,30.0,73,94,177.63157893487443,125.0,2,-100.0,100.0,99.99999995252278,290.2499999525228,-4.7477215048274957e-08,3.7999999999999996e-08,0,1,50.66790872735397,0
PPO-QP,20260808,3,1,383,0,0,0,0.0,99.99999997493902,100.0,0.0,1.8621130563426884e-11,89.53178445106025,30.0,119,94,177.63157894077344,125.0,2,-100.0,100.0,99.99999997493902,290.24999997493904,-2.5060984398805886e-08,3.7999999999999996e-08,0,1,13.34639687140455,0
PPO-QP,20260808,4,1,479,0,0,0,0.0,52.84847826302919,100.0,0.0,2.960594732333751e-17,104.66466785533129,30.0,130,94,165.22328375342875,125.0,2,-100.0,100.0,52.84847826302919,243.09847826302922,-47.15152173697081,3.7999999999999996e-08,0,1,29.401991491330524,0
PPO-QP,20260808,4,1,480,0,0,0,0.0,99.83697937989558,99.83697937989558,2.960594732333751e-17,2.960594732333751e-17,100.77730152946528,30.0,130,95,151.27288931049884,125.0,1,-100.0,100.0,99.83697937989558,99.83697937989558,0.0,3.7999999999999996e-08,0,1,1.8254804967619975,0
PPO-QP,20260808,5,2,573,0,0,0,0.0,79.99999995526386,100.0,0.0,1.8620305297645244e-11,94.11350934331959,30.0,103,92,224.99999998822733,125.0,4,-4.956913663160154e-08,100.0,79.99999995526386,650.7499999552638,-20.00000004473614,3.7999999999999996e-08,0,1,34.99999992929842,0
PPO-QP,20260808,6,2,669,0,0,0,0.0,57.381003747564804,100.0,0.0,1.8756326121878905e-11,99.83051753648506,30.0,190,92,219.04763256514863,125.0,4,-25.06259972568997,100.0,57.381003747564804,628.1310037475648,-42.618996252435196,3.7999999999999996e-08,0,1,20.895191333685382,0
PPO-QP,20260808,7,2,768,0,0,0,0.0,89.83067170599679,89.83067170599679,1.9859303090896675e-11,1.9859303090896675e-11,99.08171662552877,30.0,107,95,148.63965044894653,125.0,1,-100.0,100.0,89.83067170599679,89.83067170599679,0.0,3.7999999999999996e-08,0,1,45.722471953881545,0
PPO-QP,20260808,8,2,861,0,0,0,0.0,36.209673065331664,100.0,0.0,1.8598940905908042e-11,93.58051686509125,30.0,76,92,213.47622975403465,125.0,4,-48.52113787774885,100.0,36.209673065331664,606.9596730653317,-63.790326934668336,3.7999999999999996e-08,0,1,3.9218068977500593,0
PPO-QP,20260808,8,2,862,0,0,0,0.0,99.99999998797168,100.0,0.0,1.8598940905908042e-11,87.64087006953979,30.0,76,93,203.9473684178873,125.0,3,-88.64265929310609,100.0,99.99999998797168,480.49999998797176,-1.202832322633185e-08,3.7999999999999996e-08,0,1,18.790326910611725,0
PPO-QP,20260808,9,2,957,0,0,0,0.0,76.07238823178332,100.0,0.0,1.86807125324151e-11,96.25561346436216,30.0,8,92,223.96641795573245,125.0,4,-4.3519243969159875,100.0,76.07238823178332,646.8223882317833,-23.92761176821668,3.7999999999999996e-08,0,1,27.144776503942786,0
PPO-QP,20260808,10,3,1055,0,0,0,0.0,99.99999997126326,100.0,0.0,1.8797289650744156e-11,91.55221419607727,30.0,92,94,177.63157893980613,125.0,2,-100.0,100.0,99.99999997126326,290.24999997126326,-2.8736735657730605e-08,3.7999999999999996e-08,0,1,22.62649527645459,0
PPO-QP,20260808,11,3,1149,0,0,0,0.0,70.79560622618095,100.0,0.0,1.8782075894563376e-11,83.01996185755443,30.0,27,92,222.57779111215288,125.0,4,-10.198774264619452,100.0,70.79560622618095,641.5456062261809,-29.20439377381905,3.7999999999999996e-08,0,1,72.57927584156104,0
PPO-QP,20260808,12,3,1248,0,0,0,0.0,95.50304784827283,95.50304784827283,1.9296964026693787e-11,1.9296964026693787e-11,94.08537372549401,30.0,93,95,150.13238101270338,125.0,1,-100.0,100.0,95.50304784827283,95.50304784827283,0.0,3.7999999999999996e-08,0,1,38.808822006862194,0
PPO-QP,20260808,13,3,1344,0,0,0,0.0,99.99999995343043,99.99999995343043,1.8668622203676932e-11,1.8668622203676932e-11,105.56974496097747,30.0,185,95,151.31578946142906,125.0,1,-100.0,100.0,99.99999995343043,99.99999995343043,0.0,3.7999999999999996e-08,0,1,30.67273051739788,0
PPO-QP,20260808,15,3,1535,0,0,0,0.0,67.66468206555828,100.0,0.0,1.855771092351688e-11,109.78876866424572,30.0,218,94,169.1222847540943,125.0,2,-100.0,100.0,67.66468206555828,257.9146820655583,-32.33531793444172,3.7999999999999996e-08,0,1,85.55099646911913,0
PPO-QP,20260808,16,4,1631,0,0,0,0.0,83.59195430239353,100.0,0.0,1.8555838347348678e-11,108.35640982345177,30.0,237,94,173.3136721848404,125.0,2,-100.0,100.0,83.59195430239353,273.84195430239356,-16.408045697606468,3.7999999999999996e-08,0,1,21.161020637756202,0
PPO-QP,20260808,17,4,1727,0,0,0,0.0,-100.0,-100.0,0.0,3.7007434154171884e-18,113.60837303249254,30.0,213,94,77.5,125.0,2,-100.0,100.0,-310.80332409972306,-100.0,0.0,3.7999999999999996e-08,0,1,17.73005894285282,0
PPO-QP,20260808,18,4,1822,0,0,0,0.0,-100.0,-100.0,0.0,7.401486830834377e-18,113.98575465587498,30.0,164,93,53.75,125.0,3,-100.0,100.0,-521.6066481994461,-100.0,0.0,3.7999999999999996e-08,0,1,2.838720335838957,0
PPO-QP,20260808,19,4,1917,0,0,0,0.0,8.756424035827274,100.0,0.0,1.898887343661689e-11,103.63968225208008,30.0,38,92,206.25169053574402,125.0,4,-78.94025037581467,100.0,8.756424035827274,579.5064240358272,-91.24357596417272,3.7999999999999996e-08,0,1,0.9052465724770773,0
PPO-QP,20260808,19,4,1918,0,0,0,0.0,99.99999996751957,100.0,0.0,1.898887343661689e-11,105.5249324981936,30.0,38,93,203.94736841250517,125.0,3,-88.6426593157677,100.0,99.99999996751957,480.4999999675196,-3.2480429013048706e-08,3.7999999999999996e-08,0,1,46.2435758992119,0
PPO-QP,20260808,20,4,2015,0,0,0,0.0,99.999999981124,100.0,0.0,1.87506121740455e-11,93.20117011814513,30.0,106,94,177.63157894240106,125.0,2,-100.0,100.0,99.999999981124,290.249999981124,-1.8875994101108517e-08,3.7999999999999996e-08,0,1,28.29872923184162,0
PPO-QP,20260808,21,5,2111,0,0,0,0.0,62.986051930763935,100.0,0.0,1.8752125778102405e-11,104.78206419233967,30.0,229,94,167.89106629756947,125.0,2,-100.0,100.0,62.986051930763935,253.23605193076395,-37.013948069236065,3.7999999999999996e-08,0,1,55.83385043277331,0
PPO-QP,20260808,22,5,2206,0,0,0,0.0,92.8093133543296,100.0,0.0,0.0,76.08667947848586,30.0,34,93,202.0550824616657,125.0,3,-96.61017910877598,100.0,92.8093133543296,473.3093133543297,-7.190686645670397,3.7999999999999996e-08,0,1,48.39565878444642,0
PPO-QP,20260808,23,5,2304,0,0,0,0.0,99.99999996387287,99.99999996387287,1.8585514608796907e-11,1.8585514608796907e-11,104.26490960603476,30.0,33,95,151.31578946417707,125.0,1,-100.0,100.0,99.99999996387287,99.99999996387287,0.0,3.7999999999999996e-08,0,1,13.211052865107959,0
PPO-QP,20260808,24,5,2399,0,0,0,0.0,91.45503058085902,100.0,0.0,1.86430500666764e-11,107.2691690798737,30.0,123,94,175.3829027844366,125.0,2,-100.0,100.0,91.45503058085902,281.70503058085905,-8.544969419140983,3.7999999999999996e-08,0,1,44.041088438288476,0
PPO-QP,20260808,25,5,2494,0,0,0,0.0,-100.0,-37.90700109230227,0.0,1.8557207622412383e-11,99.7998532146309,30.0,116,93,68.49708724057821,125.0,3,-100.0,100.0,-459.5136492917484,-37.90700109230227,-62.09299890769773,3.7999999999999996e-08,0,1,31.645492007695935,0
PPO-QP,20260808,25,5,2495,0,0,0,0.0,-100.0,-100.0,0.0,1.8557207622412383e-11,98.63407624666878,30.0,116,94,77.5,125.0,2,-100.0,100.0,-310.80332409972306,-100.0,0.0,3.7999999999999996e-08,0,1,17.092998907697734,0
PPO-QP,20260808,26,6,2592,0,0,0,0.0,58.358456538128394,58.358456538128394,1.9446229811611224e-11,1.9446229811611224e-11,103.16376452619467,30.0,143,95,140.35748856266537,125.0,1,-100.0,100.0,58.358456538128394,58.358456538128394,0.0,3.7999999999999996e-08,0,1,10.444497772515625,0
PPO-QP,20260808,27,6,2688,0,0,0,0.0,99.99999995571318,99.99999995571318,1.8640896234008626e-11,1.8640896234008626e-11,97.63943300901241,30.0,109,95,151.31578946202978,125.0,1,-100.0,100.0,99.99999995571318,99.99999995571318,0.0,3.7999999999999996e-08,0,1,42.053912738393834,0
PPO-QP,20260808,28,6,2784,0,0,0,0.0,99.99999996859464,99.99999996859464,1.8579005001129188e-11,1.8579005001129188e-11,100.84955718275894,30.0,227,95,151.31578946541964,125.0,1,-100.0,100.0,99.99999996859464,99.99999996859464,0.0,3.7999999999999996e-08,0,1,7.179588982648895,0
PPO-QP,20260808,29,6,2879,0,0,0,0.0,56.550062900801386,100.0,0.0,1.8918333566375624e-11,99.43316356210373,30.0,150,94,166.1973849738951,125.0,2,-100.0,100.0,56.550062900801386,246.8000629008014,-43.449937099198614,3.7999999999999996e-08,0,1,21.595316712970224,0
PPO-QP,20260808,29,6,2880,0,0,0,0.0,100.0,100.0,1.8918333566375624e-11,1.8918333566375624e-11,101.12443062804459,30.0,150,95,151.31578947368422,125.0,1,-100.0,100.0,100.00000000000003,100.00000000000003,2.842170943040401e-14,3.7999999999999996e-08,1,0,0.0,0
PPO-QP,20260808,30,6,2976,0,0,0,0.0,-100.0,-100.0,1.8569693930696e-11,1.8569693930696e-11,99.87740349038724,30.0,191,95,101.25,125.0,1,-100.0,100.0,-100.0,-100.0,0.0,3.7999999999999996e-08,0,1,33.425676745602786,0
PPO-QP,20260808,31,6,3070,0,0,0,0.0,-100.0,-100.0,0.0,1.876906408071477e-11,87.6910129909029,30.0,60,93,53.75,125.0,3,-100.0,100.0,-521.6066481994461,-100.0,0.0,3.7999999999999996e-08,0,1,17.13663017314005,0
PPO-QP,20260808,32,7,3165,0,0,0,0.0,-100.0,-65.4330394289898,0.0,1.9095662088612166e-11,105.7846855565606,30.0,4,92,38.20965313561492,125.0,4,-100.0,50.1966819153367,-697.8430117281588,-65.4330394289898,-34.5669605710102,3.7999999999999996e-08,0,1,13.887487916958918,0
PPO-QP,20260808,33,7,3262,0,0,0,0.0,-100.0,-100.0,0.0,1.8509286695926146e-11,110.4943430456338,30.0,157,93,53.75,125.0,3,-100.0,100.0,-521.6066481994461,-100.0,0.0,3.7999999999999996e-08,0,1,83.44914173462114,0
PPO-QP,20260808,34,7,3358,0,0,0,0.0,-100.0,-100.0,0.0,1.9957650347161385e-11,87.51876659314041,30.0,93,93,53.75,125.0,3,-100.0,100.0,-521.6066481994461,-100.0,0.0,3.7999999999999996e-08,0,1,87.42792405354191,0
PPO-QP,20260808,35,7,3456,0,0,0,0.0,74.1983841098089,74.1983841098089,1.8501389309477646e-11,1.8501389309477646e-11,98.38639719726505,30.0,184,95,144.52589055521287,125.0,1,-100.0,100.0,74.1983841098089,74.1983841098089,0.0,3.7999999999999996e-08,0,1,8.978850767021129,0
PPO-QP,20260808,37,8,3648,0,0,0,0.0,-48.06131907800776,-48.06131907800776,1.8671534688744866e-11,1.8671534688744866e-11,104.83158944076625,30.0,186,95,113.58543671897316,125.0,1,-100.0,100.0,-48.06131907800776,-48.06131907800776,0.0,3.7999999999999996e-08,0,1,36.33715285420305,0
PPO-QP,20260808,38,8,3743,0,0,0,0.0,-100.0,-57.8852522953134,0.0,1.8628391422007932e-11,87.95862580836722,30.0,98,94,87.50225257986307,125.0,2,-100.0,100.0,-268.6885763950364,-57.8852522953134,-42.1147477046866,3.7999999999999996e-08,0,1,59.387011193513,0
PPO-QP,20260808,39,8,3839,0,0,0,0.0,-100.0,-74.1182731837902,0.0,1.8552148706163506e-11,96.7428335082991,30.0,50,94,83.64691011884983,125.0,2,-100.0,100.0,-284.9215972835132,-74.1182731837902,-25.881726816209806,3.7999999999999996e-08,0,1,46.69784790898704,0
PPO-QP,20260808,40,8,3936,0,0,0,0.0,-100.0,-100.0,0.0,0.0,100.2152291626295,30.0,115,95,101.25,125.0,1,-100.0,100.0,-100.0,-100.0,0.0,3.7999999999999996e-08,0,1,20.845600345323504,0
PPO-QP,20260808,42,9,4127,0,0,0,0.0,-100.0,-35.9840976243696,0.0,1.8737171073960703e-11,108.35640982345177,30.0,237,94,92.70377681421222,125.0,2,-100.0,100.0,-246.78742172409264,-35.9840976243696,-64.01590237563039,3.7999999999999996e-08,0,1,12.781795745441077,0
PPO-QP,20260808,42,9,4128,0,0,0,0.0,-100.0,-100.0,1.8737171073960703e-11,1.8737171073960703e-11,108.09986052478493,30.0,237,95,101.25,125.0,1,-100.0,100.0,-100.0,-100.0,0.0,3.7999999999999996e-08,0,1,19.01590237563039,0
PPO-QP,20260808,43,9,4224,0,0,0,0.0,-100.0,-100.0,1.874899864991638e-11,1.874899864991638e-11,89.0792355964235,30.0,86,95,101.25,125.0,1,-100.0,100.0,-100.0,-100.0,0.0,3.7999999999999996e-08,0,1,65.80242544672737,0
PPO-QP,20260808,44,9,4317,0,0,0,0.0,-100.0,-78.48803749708,0.0,1.8489720865488835e-11,100.78780511344941,30.0,45,92,35.1090910944435,125.0,4,-100.0,38.414546158885294,-710.898009796249,-78.48803749708,-21.51196250292,3.7999999999999996e-08,0,1,8.959484380166359,0
PPO-QP,20260808,46,9,4509,0,0,0,0.0,-100.0,-87.10732806810603,0.0,1.8844807196198112e-11,92.94233251117724,30.0,1,92,33.06200958382482,125.0,4,-100.0,30.635636418534304,-719.5173003672751,-87.10732806810603,-12.892671931893972,3.7999999999999996e-08,0,1,62.10581673682387,0
PPO-QP,20260808,48,10,4702,0,0,0,0.0,-100.0,-96.81539276645648,0.0,1.8739972536726175e-11,100.00679931563552,30.0,175,93,54.506344217966586,125.0,3,-100.0,100.0,-518.4220409659025,-96.81539276645648,-3.1846072335435167,3.7999999999999996e-08,0,1,27.00110960632614,0
PPO-QP,20260808,49,10,4799,0,0,0,0.0,-100.0,-100.0,0.0,1.858363833188529e-11,89.53178445106025,30.0,119,94,77.5,125.0,2,-100.0,100.0,-310.80332409972306,-100.0,0.0,3.7999999999999996e-08,0,1,19.174021322320414,0
PPO-QP,20260808,51,10,4989,0,0,0,0.0,-100.0,-48.96776112628507,0.0,1.8421408842783647e-11,113.92297184986944,30.0,217,92,42.1201567325073,125.0,4,-100.0,65.05659558352772,-681.377733425454,-48.96776112628507,-51.03223887371493,3.7999999999999996e-08,0,1,44.77395548320045,0
PPO-QP,20260808,52,10,5088,0,0,0,0.0,-27.696707151204873,-27.696707151204873,1.959779745893305e-11,1.959779745893305e-11,94.60646830148582,30.0,62,95,118.42203205158884,125.0,1,-100.0,100.0,-27.696707151204873,-27.696707151204873,0.0,3.7999999999999996e-08,0,1,12.788019521049147,0
PPO-QP,20260808,54,11,5280,0,0,0,0.0,-97.95356745039582,-97.95356745039582,0.0,0.0,106.27196128515824,30.0,217,95,101.73602773053099,125.0,1,-100.0,100.0,-97.95356745039582,-97.95356745039582,0.0,3.7999999999999996e-08,0,1,108.38068152428018,0
PPO-QP,20260808,55,11,5376,0,0,0,0.0,99.99999998401059,99.99999998401059,1.8778719320285593e-11,1.8778719320285593e-11,79.36832901971039,30.0,34,95,151.31578946947647,125.0,1,-100.0,100.0,99.99999998401059,99.99999998401059,0.0,3.7999999999999996e-08,0,1,44.79677231466378,0
PPO-QP,20260808,56,11,5469,0,0,0,0.0,-100.0,-100.0,0.0,0.0,110.10922097309025,30.0,167,92,30.0,125.0,4,-100.0,19.0,-732.409972299169,-100.0,0.0,3.7999999999999996e-08,0,1,33.94736842105263,0
PPO-QP,20260808,57,11,5567,0,0,0,0.0,99.9999999570565,100.0,0.0,2.960594732333751e-17,103.07058365071504,30.0,178,94,177.6315789360675,125.0,2,-100.0,100.0,99.9999999570565,290.24999995705656,-4.294349764677463e-08,3.7999999999999996e-08,0,1,37.396603613652,0
PPO-QP,20260808,58,12,5663,0,0,0,0.0,-100.0,-0.04556736601096801,0.0,1.869909042421606e-11,106.88581987785797,30.0,209,94,101.2391777505724,125.0,2,-100.0,100.0,-210.848891465734,-0.04556736601096801,-99.95443263398903,3.7999999999999996e-08,0,1,14.053200374324756,0
PPO-QP,20260808,58,12,5664,0,0,0,0.0,-100.0,-100.0,1.869909042421606e-11,1.869909042421606e-11,110.12140086101842,30.0,209,95,101.25,125.0,1,-100.0,100.0,-100.0,-100.0,0.0,3.7999999999999996e-08,0,1,54.95443263398903,0
PPO-QP,20260808,59,12,5758,0,0,0,0.0,-100.0,-64.6205447707868,0.0,1.873227499042211e-11,113.10692921361587,30.0,209,93,62.15262061693814,125.0,3,-100.0,100.0,-486.22719297023286,-64.6205447707868,-35.37945522921321,3.7999999999999996e-08,0,1,97.08300633704009,0
PPO-QP,20260808,61,12,5949,0,0,0,0.0,-100.0,-45.64363447900172,0.0,1.840878560699366e-11,95.09537857069627,30.0,117,92,42.90963681123709,125.0,4,-100.0,68.05661988270094,-678.0536067781707,-45.64363447900172,-54.35636552099828,3.7999999999999996e-08,0,1,4.25302148317494,0
PPO-QP,20260808,61,12,5950,0,0,0,0.0,-100.0,-100.0,0.0,1.840878560699366e-11,93.0632070680603,30.0,117,93,53.75,125.0,3,-100.0,100.0,-521.6066481994461,-100.0,0.0,3.7999999999999996e-08,0,1,9.356365520998281,0
PPO-QP,20260808,62,12,6047,0,0,0,0.0,-100.0,-100.0,0.0,1.9818361766491912e-11,100.72538308078468,30.0,18,94,77.5,125.0,2,-100.0,100.0,-310.80332409972306,-100.0,0.0,3.7999999999999996e-08,0,1,51.18356082385599,0
PPO-QP,20260808,63,12,6142,0,0,0,0.0,-100.0,-88.89024020644707,0.0,1.872842251652666e-11,99.7998532146309,30.0,116,93,56.38856795096882,125.0,3,-100.0,100.0,-510.4968884058932,-88.89024020644707,-11.109759793552925,3.7999999999999996e-08,0,1,27.046227254684027,0
PPO-QP,20260808,64,13,6237,0,0,0,0.0,-100.0,-100.0,0.0,1.92557525480197e-11,109.65240546778003,30.0,206,92,30.0,125.0,4,-100.0,19.0,-732.409972299169,-100.0,0.0,3.7999999999999996e-08,0,1,33.94736842105263,0
PPO-QP,20260808,65,13,6333,0,0,0,0.0,-100.0,-100.0,0.0,1.9393205559955126e-11,101.3762952084312,30.0,30,92,30.0,125.0,4,-100.0,19.0,-732.409972299169,-100.0,0.0,3.7999999999999996e-08,0,1,33.94736842105263,0
PPO-QP,20260808,66,13,6430,0,0,0,0.0,-100.0,-81.92203370958295,0.0,1.8607341593461038e-11,98.7918044273275,30.0,136,93,58.04351699397405,125.0,3,-100.0,100.0,-503.52868190902905,-81.92203370958295,-18.077966290417052,3.7999999999999996e-08,0,1,50.670979194235,0
PPO-QP,20260808,67,13,6527,0,0,0,0.0,-100.0,-100.0,0.0,1.850016436340714e-11,104.01884775415509,30.0,47,94,77.5,125.0,2,-100.0,100.0,-310.80332409972306,-100.0,0.0,3.7999999999999996e-08,0,1,16.24951831122638,0
PPO-QP,20260808,68,13,6623,0,0,0,0.0,-100.0,-100.0,0.0,1.86185178385756e-11,119.69675434917895,30.0,202,94,77.5,125.0,2,-100.0,100.0,-310.80332409972306,-100.0,0.0,3.7999999999999996e-08,0,1,34.55407461476187,0
PPO-QP,20260808,69,14,6718,0,0,0,0.0,-100.0,-61.792652674264986,0.0,1.883043720951605e-11,111.06224735325101,30.0,156,93,62.824244989862066,125.0,3,-100.0,100.0,-483.39930087371107,-61.792652674264986,-38.207347325735014,3.7999999999999996e-08,0,1,63.29248988740228,0
PPO-QP,20260808,70,14,6814,0,0,0,0.0,-100.0,-86.71493568689944,0.0,1.956095655823257e-11,108.64901697084584,30.0,187,93,56.905202774361385,125.0,3,-100.0,100.0,-508.32158388634554,-86.71493568689944,-13.285064313100563,3.7999999999999996e-08,0,1,21.768031616029077,0
PPO-QP,20260808,71,14,6909,0,0,0,0.0,-100.0,-100.0,0.0,1.872155023600423e-11,108.3505698228186,30.0,161,92,30.0,125.0,4,-100.0,19.0,-732.409972299169,-100.0,0.0,3.7999999999999996e-08,0,1,95.31755920452673,0
PPO-QP,20260808,72,14,7005,0,0,0,0.0,-100.0,-100.0,0.0,1.848164954409981e-11,97.7759754231541,30.0,122,92,30.0,125.0,4,-100.0,19.0,-732.409972299169,-100.0,0.0,3.7999999999999996e-08,0,1,33.94736842105263,0
PPO-QP,20260808,73,14,7102,0,0,0,0.0,-100.0,-100.0,0.0,1.909385982656886e-11,92.15189450956446,30.0,87,93,53.75,125.0,3,-100.0,100.0,-521.6066481994461,-100.0,0.0,3.7999999999999996e-08,0,1,29.31665816800097,0
PPO-QP,20260808,74,15,7198,0,0,0,0.0,-100.0,-100.0,0.0,1.8785040190039127e-11,105.37217646972334,30.0,160,93,53.75,125.0,3,-100.0,100.0,-521.6066481994461,-100.0,0.0,3.7999999999999996e-08,0,1,48.53701585255121,0
PPO-QP,20260808,75,15,7293,0,0,0,0.0,-100.0,-71.73633578407816,0.0,1.8684350363192454e-11,97.6381556687681,30.0,57,92,36.712620251281436,125.0,4,-100.0,44.50795695486946,-704.1463080832472,-71.73633578407816,-28.263664215921835,3.7999999999999996e-08,0,1,30.367297005539506,0
PPO-QP,20260808,76,15,7389,0,0,0,0.0,-100.0,-100.0,0.0,1.1102230246251566e-17,107.61759070352285,30.0,152,92,30.0,125.0,4,-100.0,19.0,-732.409972299169,-100.0,0.0,3.7999999999999996e-08,0,1,41.11639367297096,0
PPO-QP,20260808,77,15,7485,0,0,0,0.0,-100.0,-100.0,0.0,1.9344888653923438e-11,100.24854400666918,30.0,170,92,30.0,125.0,4,-100.0,19.0,-732.409972299169,-100.0,0.0,3.7999999999999996e-08,0,1,38.10291373304922,0
PPO-QP,20260808,78,15,7581,0,0,0,0.0,-100.0,-100.0,0.0,0.0,104.23250747221446,30.0,226,92,30.0,125.0,4,-100.0,19.0,-732.409972299169,-100.0,0.0,3.7999999999999996e-08,0,1,33.94736842105263,0
PPO-QP,20260808,79,15,7678,0,0,0,0.0,-100.0,-100.0,0.0,1.9527205778283965e-11,101.86199729368201,30.0,234,93,53.75,125.0,3,-100.0,100.0,-521.6066481994461,-100.0,0.0,3.7999999999999996e-08,0,1,35.521565478527194,0
PPO-QP,20260808,80,16,7773,0,0,0,0.0,-100.0,-89.24627658306457,0.0,2.0114454546416027e-11,101.76595014465538,30.0,18,92,32.554009311522165,125.0,4,-100.0,28.705235383784228,-721.6562488822336,-89.24627658306457,-10.75372341693543,3.7999999999999996e-08,0,1,41.52770861796798,0
PPO-QP,20260808,81,16,7872,0,0,0,0.0,62.9941402337624,62.9941402337624,1.759022927316778e-11,1.759022927316778e-11,94.93853989458648,30.0,223,95,141.57740532467432,125.0,1,-100.0,100.0,62.9941402337624,62.9941402337624,0.0,3.7999999999999996e-08,0,1,2.777828625026899,0
PPO-QP,20260808,82,16,7968,0,0,0,0.0,-100.0,-100.0,1.953405215360249e-11,1.953405215360249e-11,90.67384147928755,30.0,78,95,101.25,125.0,1,-100.0,100.0,-100.0,-100.0,0.0,3.7999999999999996e-08,0,1,67.76219012384871,0
PPO-QP,20260808,83,16,8061,0,0,0,0.0,-100.0,-70.99050503185858,0.0,2.0059098826408216e-11,104.96059298132022,30.0,58,92,36.88975505493359,125.0,4,-100.0,45.18106920874763,-703.4004773310276,-70.99050503185858,-29.009494968141425,3.7999999999999996e-08,0,1,13.683568611653023,0
PPO-QP,20260808,84,16,8159,0,0,0,0.0,-100.0,-100.0,0.0,1.860167205454862e-11,96.40834849370343,30.0,162,94,77.5,125.0,2,-100.0,100.0,-310.80332409972306,-100.0,0.0,3.7999999999999996e-08,0,1,7.474035144410109,0
PPO-QP,20260808,85,17,8253,0,0,0,0.0,-100.0,-100.0,0.0,1.9615738663010992e-11,105.7846855565606,30.0,4,92,30.0,125.0,4,-100.0,19.0,-732.409972299169,-100.0,0.0,3.7999999999999996e-08,0,1,60.249515310911384,0
PPO-QP,20260808,86,17,8350,0,0,0,0.0,-100.0,-100.0,0.0,1.985116515612617e-11,72.30693989180492,30.0,42,93,53.75,125.0,3,-100.0,100.0,-521.6066481994461,-100.0,0.0,3.7999999999999996e-08,0,1,18.541547010335506,0
PPO-QP,20260808,87,17,8445,0,0,0,0.0,-100.0,-100.0,0.0,1.9865849705998546e-11,102.10435203642338,30.0,53,92,30.0,125.0,4,-100.0,19.0,-732.409972299169,-100.0,0.0,3.7999999999999996e-08,0,1,33.94736842105263,0
PPO-QP,20260808,88,17,8541,0,0,0,0.0,-100.0,-100.0,0.0,1.9558880441176522e-11,109.65240546778003,30.0,206,92,30.0,125.0,4,-100.0,19.0,-732.409972299169,-100.0,0.0,3.7999999999999996e-08,0,1,43.88078128886126,0
PPO-QP,20260808,89,17,8640,0,0,0,0.0,-100.0,-100.0,1.8627984340232237e-11,1.8627984340232237e-11,90.12978464106922,30.0,99,95,101.25,125.0,1,-100.0,100.0,-100.0,-100.0,0.0,3.7999999999999996e-08,0,1,65.23493435916969,0
PPO-QP,20260808,90,18,8733,0,0,0,0.0,-100.0,-100.0,0.0,1.9444775419448965e-11,100.89617127432541,30.0,141,92,30.0,125.0,4,-100.0,19.0,-732.409972299169,-100.0,0.0,3.7999999999999996e-08,0,1,33.94736842105263,0
PPO-QP,20260808,91,18,8829,0,0,0,0.0,-100.0,-100.0,0.0,1.8676819350342082e-11,96.58075138170044,30.0,179,92,30.0,125.0,4,-100.0,19.0,-732.409972299169,-100.0,0.0,3.7999999999999996e-08,0,1,33.94736842105263,0
PPO-QP,20260808,92,18,8925,0,0,0,0.0,-100.0,-89.46999469273351,0.0,1.9475783948526744e-11,92.05160546747763,30.0,120,92,32.50087626047579,125.0,4,-100.0,28.503329789808006,-721.8799669919025,-89.46999469273351,-10.530005307266492,3.7999999999999996e-08,0,1,36.38180393687612,0
PPO-QP,20260808,93,18,9021,0,0,0,0.0,-100.0,-100.0,0.0,2.960594732333751e-17,106.13850935359314,30.0,234,92,30.0,125.0,4,-100.0,19.0,-732.409972299169,-100.0,0.0,3.7999999999999996e-08,0,1,34.868045299586754,0
PPO-QP,20260808,94,18,9117,0,0,0,0.0,-100.0,-100.0,0.0,2.0119309921777055e-11,100.83889927295647,30.0,31,92,30.0,125.0,4,-100.0,19.0,-732.409972299169,-100.0,0.0,3.7999999999999996e-08,0,1,74.24943351687962,0
PPO-QP,20260808,95,18,9214,0,0,0,0.0,-100.0,-74.44161786397086,0.0,1.8717694061365364e-11,90.18660400484819,30.0,72,93,59.82011575730692,125.0,3,-100.0,100.0,-496.0482660634169,-74.44161786397086,-25.558382136029138,3.7999999999999996e-08,0,1,9.011329214338673,0
PPO-QP,20260808,96,19,9309,0,0,0,0.0,-100.0,-100.0,0.0,1.873394402570246e-11,107.24698631088836,30.0,156,92,30.0,125.0,4,-100.0,19.0,-732.409972299169,-100.0,0.0,3.7999999999999996e-08,0,1,40.40140990570163,0
PPO-QP,20260808,97,19,9405,0,0,0,0.0,-100.0,-96.30986994660073,0.0,2.0149656017783477e-11,102.10435203642338,30.0,53,92,30.876405887682328,125.0,4,-100.0,22.330342373192845,-728.7198422457698,-96.30986994660073,-3.6901300533992725,3.7999999999999996e-08,0,1,26.567108314254085,0
PPO-QP,20260808,98,19,9501,0,0,0,0.0,-100.0,-83.32923559769618,0.0,2.0111127578085566e-11,94.86775162328135,30.0,67,92,33.95930654554716,125.0,4,-100.0,34.045364873079194,-715.7392078968652,-83.32923559769618,-16.670764402303817,3.7999999999999996e-08,0,1,17.19567705599303,0
PPO-QP,20260808,99,19,9600,0,0,0,0.0,-100.0,-100.0,2.0271861966847383e-11,2.0271861966847383e-11,93.32902847412842,30.0,100,95,101.25,125.0,1,-100.0,100.0,-100.0,-100.0,0.0,3.7999999999999996e-08,0,1,29.554066060543747,0
PPO-QP,20260808,100,19,9693,0,0,0,0.0,-100.0,-64.35973299475378,0.0,1.9968852497479852e-11,103.52373239298403,30.0,11,92,38.46456341374598,125.0,4,-100.0,51.165340972234716,-696.7697052939227,-64.35973299475378,-35.640267005246216,3.7999999999999996e-08,0,1,38.944350679131404,0
PPO-QP,20260808,101,20,9789,0,0,0,0.0,-100.0,-100.0,0.0,1.8560397663236473e-11,97.6381556687681,30.0,57,92,30.0,125.0,4,-100.0,19.0,-732.409972299169,-100.0,0.0,3.7999999999999996e-08,0,1,84.0052825882433,0
PPO-QP,20260808,102,20,9885,0,0,0,0.0,-100.0,-100.0,0.0,1.971497779843882e-11,87.61049049163246,30.0,101,92,30.0,125.0,4,-100.0,19.0,-732.409972299169,-100.0,0.0,3.7999999999999996e-08,0,1,97.31960205106282,0
PPO-QP,20260808,103,20,9981,0,0,0,0.0,-100.0,-100.0,0.0,1.8988688399446118e-11,87.56950904514152,30.0,98,92,30.0,125.0,4,-100.0,19.0,-732.409972299169,-100.0,0.0,3.7999999999999996e-08,0,1,64.09881696195606,0
PPO-QP,20260808,104,20,10077,0,0,0,0.0,-100.0,-100.0,0.0,0.0,98.39027437785774,30.0,5,92,30.0,125.0,4,-100.0,19.0,-732.409972299169,-100.0,0.0,3.7999999999999996e-08,0,1,33.94736842105263,0
PPO-QP,20260808,105,20,10174,0,0,0,0.0,-100.0,-74.84032255604426,0.0,1.946168041537059e-11,92.38935563728529,30.0,104,93,59.72542339293949,125.0,3,-100.0,100.0,-496.4469707554903,-74.84032255604426,-25.159677443955744,3.7999999999999996e-08,0,1,25.12758315797464,0
PPO-QP,20260808,106,21,10269,0,0,0,0.0,-100.0,-100.0,0.0,1.8892587494434564e-11,87.53223352510913,30.0,59,92,30.0,125.0,4,-100.0,19.0,-732.409972299169,-100.0,0.0,3.7999999999999996e-08,0,1,47.31144371318707,0
PPO-QP,20260808,107,21,10365,0,0,0,0.0,-100.0,-100.0,0.0,1.975104894450889e-11,100.89617127432541,30.0,141,92,30.0,125.0,4,-100.0,19.0,-732.409972299169,-100.0,0.0,3.7999999999999996e-08,0,1,65.43964831570796,0
PPO-QP,20260808,108,21,10461,0,0,0,0.0,-100.0,-100.0,0.0,1.9744957520847113e-11,112.16735870136588,30.0,181,92,30.0,125.0,4,-100.0,19.0,-732.409972299169,-100.0,0.0,3.7999999999999996e-08,0,1,33.94736842105263,0
PPO-QP,20260808,109,21,10557,0,0,0,0.0,-100.0,-86.98097369658926,0.0,1.9998291911349498e-11,92.24150315024411,30.0,69,92,33.09201874706005,125.0,4,-100.0,30.7496712388282,-719.3909459957582,-86.98097369658926,-13.01902630341074,3.7999999999999996e-08,0,1,29.427212275487037,0
PPO-QP,20260808,110,21,10653,0,0,0,0.0,-100.0,-100.0,0.0,1.8719622148684797e-11,102.98408042338848,30.0,178,92,30.0,125.0,4,-100.0,19.0,-732.409972299169,-100.0,0.0,3.7999999999999996e-08,0,1,33.94736842105263,0
PPO-QP,20260808,111,21,10749,0,0,0,0.0,-100.0,-100.0,0.0,1.8707476308795398e-11,95.64219345576147,30.0,149,92,30.0,125.0,4,-100.0,19.0,-732.409972299169,-100.0,0.0,3.7999999999999996e-08,0,1,33.94736842105263,0
PPO-QP,20260808,112,22,10845,0,0,0,0.0,-100.0,-100.0,0.0,1.8743210687214667e-11,83.30546343049515,30.0,77,92,30.0,125.0,4,-100.0,19.0,-732.409972299169,-100.0,0.0,3.7999999999999996e-08,0,1,63.22876575196362,0
PPO-QP,20260808,113,22,10941,0,0,0,0.0,-100.0,-100.0,0.0,1.874194503296659e-11,102.62518138191051,30.0,134,92,30.0,125.0,4,-100.0,19.0,-732.409972299169,-100.0,0.0,3.7999999999999996e-08,0,1,58.23812480763063,0
PPO-QP,20260808,114,22,11036,0,0,0,0.0,-100.0,-21.05263157894737,0.0,1.874063867054095e-11,102.61319191440252,30.0,54,91,25.0,125.0,5,-100.0,0.0,-842.1052631578948,-21.05263157894737,-78.94736842105263,3.7999999999999996e-08,0,1,8.587853907867725,0
PPO-QP,20260808,114,22,11037,0,0,0,0.0,-100.0,-100.0,0.0,1.874063867054095e-11,103.74738027439993,30.0,54,92,30.0,125.0,4,-100.0,19.0,-732.409972299169,-100.0,0.0,3.7999999999999996e-08,0,1,33.94736842105263,0
PPO-QP,20260808,115,22,11133,0,0,0,0.0,-100.0,-100.0,0.0,1.9733873794317938e-11,110.00887532212714,30.0,215,92,30.0,125.0,4,-100.0,19.0,-732.409972299169,-100.0,0.0,3.7999999999999996e-08,0,1,33.94736842105263,0
PPO-QP,20260808,116,22,11229,0,0,0,0.0,-100.0,-100.0,0.0,1.9927119213984193e-11,87.04250902822423,30.0,70,92,30.0,125.0,4,-100.0,19.0,-732.409972299169,-100.0,0.0,3.7999999999999996e-08,0,1,52.14861512177338,0
PPO-QP,20260808,117,23,11325,0,0,0,0.0,-100.0,-100.0,0.0,2.590520390792032e-17,105.45166917558011,30.0,213,92,30.0,125.0,4,-100.0,19.0,-732.409972299169,-100.0,0.0,3.7999999999999996e-08,0,1,33.94736842105263,0
PPO-QP,20260808,118,23,11421,0,0,0,0.0,-100.0,-100.0,0.0,2.008735030164151e-11,100.88219124321412,30.0,145,92,30.0,125.0,4,-100.0,19.0,-732.409972299169,-100.0,0.0,3.7999999999999996e-08,0,1,49.36805087839737,0
PPO-QP,20260808,119,23,11517,0,0,0,0.0,-100.0,-38.98399300702121,0.0,0.0,91.85584163919535,30.0,100,92,44.49130166083246,125.0,4,-100.0,74.06694631116335,-671.3939653061901,-38.98399300702121,-61.01600699297879,3.7999999999999996e-08,0,1,10.64919762250943,0
PPO-QP,20260808,119,23,11518,0,0,0,0.0,-100.0,-100.0,0.0,0.0,92.06725182771882,30.0,100,93,53.75,125.0,3,-100.0,100.0,-521.6066481994461,-100.0,0.0,3.7999999999999996e-08,0,1,16.016006992978788,0
PPO-QP,20260808,120,23,11613,0,0,0,0.0,-100.0,-65.32646931548548,0.0,1.9917967275517868e-11,100.83889927295647,30.0,31,92,38.2349635375722,125.0,4,-100.0,50.29286144277435,-697.7364416146544,-65.32646931548548,-34.67353068451452,3.7999999999999996e-08,0,1,39.44040724768908,0
PPO-QP,20260808,121,23,11711,0,0,0,0.0,-100.0,-100.0,0.0,2.020851264106227e-11,112.99743715597447,30.0,166,94,77.5,125.0,2,-100.0,100.0,-310.80332409972306,-100.0,0.0,3.7999999999999996e-08,0,1,2.701261694863888,0
PPO-QP,20260808,122,24,11805,0,0,0,0.0,-100.0,-100.0,0.0,1.4802973661668754e-17,101.49658100152236,30.0,177,92,30.0,125.0,4,-100.0,19.0,-732.409972299169,-100.0,0.0,3.7999999999999996e-08,0,1,33.94736842105263,0
PPO-QP,20260808,124,24,11996,0,0,0,0.0,-100.0,-21.05263157894737,0.0,2.0139874952936528e-11,97.7334488876681,30.0,10,91,25.0,125.0,5,-100.0,0.0,-842.1052631578948,-21.05263157894737,-78.94736842105263,3.7999999999999996e-08,0,1,6.220836561066427,0
PPO-QP,20260808,124,24,11997,0,0,0,0.0,-100.0,-100.0,0.0,2.007420526102995e-11,100.53597211255874,30.0,10,92,30.0,125.0,4,-100.0,19.0,-732.409972299169,-100.0,0.0,3.7999999999999996e-08,0,1,33.94736842105263,0
PPO-QP,20260808,125,24,12096,0,0,0,0.0,-91.26584616244672,-91.26584616244672,1.9515559538755647e-11,1.9515559538755647e-11,111.29242176433362,30.0,189,95,103.3243615364189,125.0,1,-100.0,100.0,-91.26584616244672,-91.26584616244672,0.0,3.7999999999999996e-08,0,1,47.01836031090922,0
PPO-QP,20260808,126,24,12189,0,0,0,0.0,-100.0,-46.28558352173172,0.0,1.880120503727767e-11,89.06749358209602,30.0,92,92,42.757173913588716,125.0,4,-100.0,67.47726087163711,-678.6955558209006,-46.28558352173172,-53.71441647826828,3.7999999999999996e-08,0,1,6.442910106060417,0
PPO-QP,20260808,126,24,12190,0,0,0,0.0,-100.0,-100.0,0.0,1.880120503727767e-11,92.54456771024104,30.0,92,93,53.75,125.0,3,-100.0,100.0,-521.6066481994461,-100.0,0.0,3.7999999999999996e-08,0,1,8.714416478268276,0
PPO-QP,20260808,127,24,12285,0,0,0,0.0,-100.0,-100.0,0.0,1.915642089400649e-11,112.50095741162527,30.0,230,92,30.0,125.0,4,-100.0,19.0,-732.409972299169,-100.0,0.0,3.7999999999999996e-08,0,1,33.94736842105263,0
PPO-QP,20260808,128,25,12382,0,0,0,0.0,-100.0,-90.05376437164973,0.0,1.9745246178833516e-11,79.86883924503913,30.0,13,93,56.11223096173319,125.0,3,-100.0,100.0,-511.66041257109583,-90.05376437164973,-9.946235628350266,3.7999999999999996e-08,0,1,11.563716793381104,0
PPO-QP,20260808,129,25,12477,0,0,0,0.0,-100.0,-100.0,0.0,1.916451812059942e-11,112.16735870136588,30.0,181,92,30.0,125.0,4,-100.0,19.0,-732.409972299169,-100.0,0.0,3.7999999999999996e-08,0,1,36.41411868533987,0
PPO-QP,20260808,130,25,12573,0,0,0,0.0,-100.0,-74.67569026918056,0.0,1.848764104768937e-11,99.05485532187399,30.0,36,92,36.014523561069616,125.0,4,-100.0,41.85518953206454,-707.0856625683496,-74.67569026918056,-25.324309730819436,3.7999999999999996e-08,0,1,35.93802938292131,0
PPO-QP,20260808,132,25,12765,0,0,0,0.0,-100.0,-100.0,0.0,1.9667393639603385e-11,108.88773156390575,30.0,47,92,30.0,125.0,4,-100.0,19.0,-732.409972299169,-100.0,0.0,3.7999999999999996e-08,0,1,70.81499929757533,0
PPO-QP,20260808,133,26,12861,0,0,0,0.0,-100.0,-100.0,0.0,2.960594732333751e-17,92.01794582118721,30.0,127,92,30.0,125.0,4,-100.0,19.0,-732.409972299169,-100.0,0.0,3.7999999999999996e-08,0,1,33.94736842105263,0
PPO-QP,20260808,134,26,12957,0,0,0,0.0,-100.0,-91.51612977984605,0.0,1.8928395887722143e-11,94.29020215225974,30.0,81,92,32.014919177286565,125.0,4,-100.0,26.656692873688947,-723.926102079015,-91.51612977984605,-8.483870220153946,3.7999999999999996e-08,0,1,34.392453041917705,0
PPO-QP,20260808,135,26,13053,0,0,0,0.0,-100.0,-94.03344607163073,0.0,1.984082897976691e-11,91.87996057561233,30.0,84,92,31.417056557987703,125.0,4,-100.0,24.384814920353268,-726.4434183707997,-94.03344607163073,-5.966553928369265,3.7999999999999996e-08,0,1,57.563109714020605,0
PPO-QP,20260808,136,26,13149,0,0,0,0.0,-100.0,-59.640531861558124,0.0,1.922580243155873e-11,113.92297184986944,30.0,217,92,39.58537368287995,125.0,4,-100.0,55.4244199949438,-692.0505041607271,-59.640531861558124,-40.359468138441876,3.7999999999999996e-08,0,1,64.65711170510522,0
PPO-QP,20260808,137,26,13245,0,0,0,0.0,-100.0,-95.67289601888523,0.0,1.9929702332888154e-11,102.31891501836098,30.0,162,92,31.02768719551476,125.0,4,-100.0,22.90521134295608,-728.0828683180542,-95.67289601888523,-4.3271039811147745,3.7999999999999996e-08,0,1,79.85264243891594,0
PPO-QP,20260808,138,27,13344,0,0,0,0.0,-100.0,-100.0,1.919803945445627e-11,1.919803945445627e-11,100.74588751023313,30.0,118,95,101.25,125.0,1,-100.0,100.0,-100.0,-100.0,0.0,3.7999999999999996e-08,0,1,57.59691016705924,0
PPO-QP,20260808,139,27,13438,0,0,0,0.0,-100.0,-100.0,0.0,1.9655706691897497e-11,90.63804209117423,30.0,148,93,53.75,125.0,3,-100.0,100.0,-521.6066481994461,-100.0,0.0,3.7999999999999996e-08,0,1,38.83490470888277,0
PPO-QP,20260808,140,27,13534,0,0,0,0.0,-100.0,-100.0,0.0,1.9395670255069792e-11,117.98798056571603,30.0,205,93,53.75,125.0,3,-100.0,100.0,-521.6066481994461,-100.0,0.0,3.7999999999999996e-08,0,1,83.10107624964394,0
PPO-QP,20260808,141,27,13630,0,0,0,0.0,-100.0,-90.6393390108892,0.0,1.9700544899118692e-11,91.3715655984897,30.0,81,93,55.973156984913814,125.0,3,-100.0,100.0,-512.2459872103353,-90.6393390108892,-9.360660989110798,3.7999999999999996e-08,0,1,83.12428017961598,0
PPO-QP,20260808,142,27,13725,0,0,0,0.0,-100.0,-100.0,0.0,1.9499009814201904e-11,112.2379934511449,30.0,220,92,30.0,125.0,4,-100.0,19.0,-732.409972299169,-100.0,0.0,3.7999999999999996e-08,0,1,62.41116210567823,0
PPO-QP,20260808,143,27,13821,0,0,0,0.0,-100.0,-100.0,0.0,0.0,107.61759070352285,30.0,152,92,30.0,125.0,4,-100.0,19.0,-732.409972299169,-100.0,0.0,3.7999999999999996e-08,0,1,33.94736842105263,0
PPO-QP,20260808,144,28,13917,0,0,0,0.0,-100.0,-90.28707695236177,0.0,2.0023808537198797e-11,100.83889927295647,30.0,31,92,32.30681922381408,125.0,4,-100.0,27.765913050493506,-722.6970492515308,-90.28707695236177,-9.712923047638228,3.7999999999999996e-08,0,1,70.40981934383629,0
PPO-QP,20260808,145,28,14013,0,0,0,0.0,-100.0,-66.91335097752065,0.0,0.0,87.04250902822423,30.0,70,92,37.85807914283885,125.0,4,-100.0,48.860700742787614,-699.3233232766896,-66.91335097752065,-33.08664902247935,3.7999999999999996e-08,0,1,48.01814190018314,0
PPO-QP,20260808,146,28,14109,0,0,0,0.0,-100.0,-63.33028433169067,0.0,2.0244061982310767e-11,105.94011237910321,30.0,184,92,38.70905747122347,125.0,4,-100.0,52.094418390649174,-695.7402566308597,-63.33028433169067,-36.66971566830933,3.7999999999999996e-08,0,1,30.749616340948954,0
PPO-QP,20260808,147,28,14207,0,0,0,0.0,-100.0,-89.65186194526945,0.0,1.8678336655142402e-11,97.55407344280245,30.0,112,94,79.95768278799851,125.0,2,-100.0,100.0,-300.4551860449925,-89.65186194526945,-10.348138054730555,3.7999999999999996e-08,0,1,69.28879328918968,0
PPO-QP,20260808,148,28,14301,0,0,0,0.0,-100.0,-100.0,0.0,0.0,105.07840638717109,30.0,239,92,30.0,125.0,4,-100.0,19.0,-732.409972299169,-100.0,0.0,3.7999999999999996e-08,0,1,33.94736842105263,0
PPO-QP,20260808,149,29,14399,0,0,0,0.0,42.33844583667739,100.0,0.0,2.019167795926554e-11,80.08961804066276,30.0,91,94,162.45748574649406,125.0,2,-100.0,100.0,42.33844583667739,232.5884458366774,-57.66155416332261,3.7999999999999996e-08,0,1,8.148798899616018,0
PPO-QP,20260808,149,29,14400,0,0,0,0.0,99.99999998477611,99.99999998477611,1.951777258331807e-11,1.951777258331807e-11,83.13129761959652,30.0,91,95,151.31578946967792,125.0,1,-100.0,100.0,99.99999998477611,99.99999998477611,0.0,3.7999999999999996e-08,0,1,12.661554132874784,0
PPO-QP,20260808,150,29,14493,0,0,0,0.0,-100.0,-100.0,0.0,1.969490126541018e-11,104.9255458245251,30.0,233,92,30.0,125.0,4,-100.0,19.0,-732.409972299169,-100.0,0.0,3.7999999999999996e-08,0,1,33.94736842105263,0
PPO-QP,20260808,151,29,14589,0,0,0,0.0,-100.0,-100.0,0.0,1.979842586171306e-11,112.2379934511449,30.0,220,92,30.0,125.0,4,-100.0,19.0,-732.409972299169,-100.0,0.0,3.7999999999999996e-08,0,1,33.94736842105263,0
PPO-QP,20260808,152,29,14685,0,0,0,0.0,-100.0,-100.0,0.0,0.0,105.33033672677433,30.0,183,92,30.0,125.0,4,-100.0,19.0,-732.409972299169,-100.0,0.0,3.7999999999999996e-08,0,1,33.94736842105263,0
PPO-QP,20260808,153,29,14781,0,0,0,0.0,-100.0,-25.01046128129833,0.0,1.987134530997044e-11,89.4498133195773,30.0,82,92,47.81001544569165,125.0,4,-100.0,86.67805869362826,-657.4204335804674,-25.01046128129833,-74.98953871870167,3.7999999999999996e-08,0,1,12.089204523106243,0
PPO-QP,20260808,153,29,14782,0,0,0,0.0,-100.0,-100.0,0.0,1.987134530997044e-11,94.04399918668715,30.0,82,93,53.75,125.0,3,-100.0,100.0,-521.6066481994461,-100.0,0.0,3.7999999999999996e-08,0,1,29.989538718701667,0
PPO-QP,20260808,154,30,14877,0,0,0,0.0,-100.0,-95.35049128641018,0.0,2.023109827812656e-11,109.97109181636901,30.0,185,92,31.104258319477584,125.0,4,-100.0,23.196181614014815,-727.7604635855791,-95.35049128641018,-4.6495087135898245,3.7999999999999996e-08,0,1,47.86759832863006,0
PPO-QP,20260808,155,30,14973,0,0,0,0.0,-100.0,-100.0,0.0,1.989151066084105e-11,105.4474935426842,30.0,52,92,30.0,125.0,4,-100.0,19.0,-732.409972299169,-100.0,0.0,3.7999999999999996e-08,0,1,72.87706555689356,0
PPO-QP,20260808,157,30,15166,0,0,0,0.0,-100.0,-54.31435218806177,0.0,1.9852512226729382e-11,113.08321631149536,30.0,230,93,64.60034135533533,125.0,3,-100.0,100.0,-475.92100038750783,-54.31435218806177,-45.68564781193823,3.7999999999999996e-08,0,1,22.656242527404096,0
PPO-QP,20260808,157,30,15167,0,0,0,0.0,-100.0,-100.0,0.0,1.9852512226729382e-11,108.57087584908598,30.0,230,94,77.5,125.0,2,-100.0,100.0,-310.80332409972306,-100.0,0.0,3.7999999999999996e-08,0,1,0.6856478119382245,0
PPO-QP,20260808,158,30,15264,0,0,0,0.0,-30.54286823969972,-30.54286823969972,1.9658393431617092e-11,1.9658393431617092e-11,91.01884946153756,30.0,8,95,117.74606879307132,125.0,1,-100.0,100.0,-30.54286823969972,-30.54286823969972,0.0,3.7999999999999996e-08,0,1,12.35583944405355,0
PPO-QP,20260808,159,30,15358,0,0,0,0.0,-100.0,-100.0,0.0,2.0067303374560198e-11,84.08585577496837,30.0,119,93,53.75,125.0,3,-100.0,100.0,-521.6066481994461,-100.0,0.0,3.7999999999999996e-08,0,1,41.94535921933565,0
PPO-QP,20260808,161,31,15552,0,0,0,0.0,-43.13611511866809,-43.13611511866809,2.0359525176871783e-11,2.0359525176871783e-11,91.21970841160459,30.0,104,95,114.75517265931633,125.0,1,-100.0,100.0,-43.13611511866809,-43.13611511866809,0.0,3.7999999999999996e-08,0,1,40.62801571839621,0
PPO-QP,20260808,162,31,15645,0,0,0,0.0,-100.0,-98.15394468364393,0.0,1.97825200665136e-11,106.43851663116271,30.0,225,92,30.438438137634567,125.0,4,-100.0,20.66606492301135,-730.563916982813,-98.15394468364393,-1.8460553163560718,3.7999999999999996e-08,0,1,42.64960890129635,0
PPO-QP,20260808,163,31,15743,0,0,0,0.0,75.77726267934068,100.0,0.0,2.0354136894458937e-11,94.24796004258582,30.0,62,94,171.2571743893002,125.0,2,-100.0,100.0,75.77726267934068,266.0272626793407,-24.22273732065932,3.7999999999999996e-08,0,1,63.1936927139929,0
PPO-QP,20260808,164,31,15838,0,0,0,0.0,99.99999995400609,100.0,0.0,2.023196425208577e-11,101.0317009892126,30.0,222,93,203.947368408949,125.0,3,-88.6426593307411,100.0,99.99999995400609,480.4999999540061,-4.59939144548116e-08,3.7999999999999996e-08,0,1,58.28652956316565,0
PPO-QP,20260808,165,32,15935,0,0,0,0.0,-100.0,-100.0,0.0,2.0256081996924045e-11,98.37303446953622,30.0,23,94,77.5,125.0,2,-100.0,100.0,-310.80332409972306,-100.0,0.0,3.7999999999999996e-08,0,1,26.867786242612937,0
PPO-QP,20260808,166,32,16029,0,0,0,0.0,-100.0,-86.43463698427432,0.0,0.0,107.22965812391051,30.0,150,92,33.22177371623485,125.0,4,-100.0,31.242740121692428,-718.8446092834433,-86.43463698427432,-13.56536301572568,3.7999999999999996e-08,0,1,81.20794516435583,0
PPO-QP,20260808,167,32,16126,0,0,0,0.0,-100.0,-100.0,0.0,2.0010744912942376e-11,106.11220090714811,30.0,39,93,53.75,125.0,3,-100.0,100.0,-521.6066481994461,-100.0,0.0,3.7999999999999996e-08,0,1,28.916072813721414,0
PPO-QP,20260808,168,32,16221,0,0,0,0.0,-100.0,-93.8145003840144,0.0,1.9893194499095065e-11,96.01676559852008,30.0,37,92,31.469056158796583,125.0,4,-100.0,24.582413403427015,-726.2244726831834,-93.8145003840144,-6.185499615985606,3.7999999999999996e-08,0,1,40.25572555459263,0
PPO-QP,20260808,170,33,16413,0,0,0,0.0,-100.0,-100.0,0.0,2.017830347256222e-11,93.83291616695745,30.0,124,92,30.0,125.0,4,-100.0,19.0,-732.409972299169,-100.0,0.0,3.7999999999999996e-08,0,1,33.94736842105263,0
PPO-QP,20260808,171,33,16510,0,0,0,0.0,-100.0,-100.0,0.0,2.013145206092304e-11,97.20811755926813,30.0,96,93,53.75,125.0,3,-100.0,100.0,-521.6066481994461,-100.0,0.0,3.7999999999999996e-08,0,1,57.08057592964957,0
PPO-QP,20260808,172,33,16606,0,0,0,0.0,-100.0,-100.0,0.0,1.9936219342042705e-11,95.9704444759347,30.0,118,93,53.75,125.0,3,-100.0,100.0,-521.6066481994461,-100.0,0.0,3.7999999999999996e-08,0,1,46.95833256662446,0
PPO-QP,20260808,173,33,16702,0,0,0,0.0,-100.0,-83.43629240436422,0.0,2.0244184106843476e-11,103.25511542560575,30.0,19,93,57.6838805539635,125.0,3,-100.0,100.0,-505.04294060381034,-83.43629240436422,-16.563707595635776,3.7999999999999996e-08,0,1,65.23278473010856,0
PPO-QP,20260808,174,33,16799,0,0,0,0.0,-100.0,-53.52455323146549,0.0,1.9820389773883563e-11,94.05197713050227,30.0,71,94,88.53791860752695,125.0,2,-100.0,100.0,-264.3278773311885,-53.52455323146549,-46.47544676853451,3.7999999999999996e-08,0,1,67.88593491398251,0
PPO-QP,20260808,174,33,16800,0,0,0,0.0,-100.0,-100.0,1.9820389773883563e-11,1.9820389773883563e-11,93.67462378534276,30.0,71,95,101.25,125.0,1,-100.0,100.0,-100.0,-100.0,0.0,3.7999999999999996e-08,0,1,1.4754467685345105,0
PPO-QP,20260808,175,33,16894,0,0,0,0.0,-100.0,-100.0,0.0,2.00055416677003e-11,92.86239037626098,30.0,71,93,53.75,125.0,3,-100.0,100.0,-521.6066481994461,-100.0,0.0,3.7999999999999996e-08,0,1,31.109564683513597,0
PPO-QP,20260808,176,34,16989,0,0,0,0.0,-100.0,-100.0,0.0,1.996760534694886e-11,83.01996185755443,30.0,27,92,30.0,125.0,4,-100.0,19.0,-732.409972299169,-100.0,0.0,3.7999999999999996e-08,0,1,35.83101452866323,0
PPO-QP,20260808,177,34,17087,0,0,0,0.0,-100.0,-81.05380121858957,0.0,1.9793774027239883e-11,87.95862580836722,30.0,98,94,81.99972221058498,125.0,2,-100.0,100.0,-291.8571253183126,-81.05380121858957,-18.94619878141043,3.7999999999999996e-08,0,1,49.58169574291648,0
PPO-QP,20260808,178,34,17182,0,0,0,0.0,-100.0,-100.0,0.0,2.0471494869648648e-11,105.11056092315951,30.0,23,93,53.75,125.0,3,-100.0,100.0,-521.6066481994461,-100.0,0.0,3.7999999999999996e-08,0,1,29.50272308808654,0
PPO-QP,20260808,179,34,17277,0,0,0,0.0,-100.0,-100.0,0.0,2.0019808033566732e-11,98.10549359535615,30.0,151,92,30.0,125.0,4,-100.0,19.0,-732.409972299169,-100.0,0.0,3.7999999999999996e-08,0,1,102.9874507217335,0
PPO-QP,20260808,180,34,17373,0,0,0,0.0,-100.0,-97.03507327985145,0.0,1.9724777367002844e-11,97.3102387833523,30.0,104,92,30.704170096035284,125.0,4,-100.0,21.675846364934078,-729.4450455790204,-97.03507327985145,-2.9649267201485543,3.7999999999999996e-08,0,1,71.84003811657246,0
PPO-QP,20260808,181,35,17469,0,0,0,0.0,-100.0,-100.0,0.0,2.0016895548498798e-11,102.75890329454388,30.0,187,92,30.0,125.0,4,-100.0,19.0,-732.409972299169,-100.0,0.0,3.7999999999999996e-08,0,1,33.94736842105263,0
PPO-QP,20260808,182,35,17565,0,0,0,0.0,-100.0,-85.89561889212091,0.0,1.975779910049861e-11,99.52151171969736,30.0,51,92,33.349790513121285,125.0,4,-100.0,31.72920394986088,-718.3055911912899,-85.89561889212091,-14.104381107879092,3.7999999999999996e-08,0,1,33.01983941804738,0
PPO-QP,20260808,183,35,17664,0,0,0,0.0,-100.0,-100.0,1.958985196282015e-11,1.958985196282015e-11,99.39443643869204,30.0,54,95,101.25,125.0,1,-100.0,100.0,-100.0,-100.0,0.0,3.7999999999999996e-08,0,1,10.161143601672478,0
PPO-QP,20260808,185,35,17853,0,0,0,0.0,-100.0,-95.13684203119654,0.0,1.9880782205679754e-11,98.93233912322364,30.0,128,92,31.155000017590822,125.0,4,-100.0,23.389000066845124,-727.5468143303656,-95.13684203119654,-4.863157968803463,3.7999999999999996e-08,0,1,24.22105248344569,0
PPO-QP,20260808,186,36,17948,0,0,0,0.0,-100.0,-21.05263157894737,0.0,1.9677752020423136e-11,91.13212189740379,30.0,154,91,25.0,125.0,5,-100.0,0.0,-842.1052631578948,-21.05263157894737,-78.94736842105263,3.7999999999999996e-08,0,1,3.4988782406893115,0
PPO-QP,20260808,186,36,17949,0,0,0,0.0,-100.0,-100.0,0.0,1.9677752020423136e-11,104.42171889899856,30.0,154,92,30.0,125.0,4,-100.0,19.0,-732.409972299169,-100.0,0.0,3.7999999999999996e-08,0,1,33.94736842105263,0
PPO-QP,20260808,187,36,18045,0,0,0,0.0,-100.0,-100.0,0.0,2.0192817788237487e-11,91.85584163919535,30.0,100,92,30.0,125.0,4,-100.0,19.0,-732.409972299169,-100.0,0.0,3.7999999999999996e-08,0,1,33.94736842105263,0
PPO-QP,20260808,188,36,18141,0,0,0,0.0,-100.0,-100.0,0.0,2.0035576901259824e-11,97.7759754231541,30.0,122,92,30.0,125.0,4,-100.0,19.0,-732.409972299169,-100.0,0.0,3.7999999999999996e-08,0,1,33.94736842105263,0
PPO-QP,20260808,189,36,18239,0,0,0,0.0,-100.0,-65.86208967996562,0.0,2.0142347049538027e-11,88.43304609169529,30.0,76,94,85.60775370100816,125.0,2,-100.0,100.0,-276.66541377968866,-65.86208967996562,-34.13791032003438,3.7999999999999996e-08,0,1,2.53671724764601,0
PPO-QP,20260808,190,36,18333,0,0,0,0.0,-100.0,-100.0,0.0,2.00988929203542e-11,105.49799693923116,30.0,228,92,30.0,125.0,4,-100.0,19.0,-732.409972299169,-100.0,0.0,3.7999999999999996e-08,0,1,86.36457044959772,0
PPO-QP,20260808,191,36,18429,0,0,0,0.0,-100.0,-56.54466097706722,0.0,2.0049032804318282e-11,110.48753847270052,30.0,160,92,40.32064301794654,125.0,4,-100.0,58.21844346819684,-688.9546332762362,-56.54466097706722,-43.45533902293278,3.7999999999999996e-08,0,1,35.762174827091556,0
PPO-QP,20260808,193,37,18624,0,0,0,0.0,-100.0,-100.0,1.9548888433954896e-11,1.9548888433954896e-11,93.92550954641982,30.0,147,95,101.25,125.0,1,-100.0,100.0,-100.0,-100.0,0.0,3.7999999999999996e-08,0,1,65.06271045614616,0
PPO-QP,20260808,194,37,18720,0,0,0,0.0,-100.0,-100.0,2.001757278454382e-11,2.001757278454382e-11,109.19276931979343,30.0,25,95,101.25,125.0,1,-100.0,100.0,-100.0,-100.0,0.0,3.7999999999999996e-08,0,1,7.185913851060008,0
PPO-QP,20260808,195,37,18813,0,0,0,0.0,-100.0,-100.0,0.0,2.0159063307545467e-11,100.89617127432541,30.0,141,92,30.0,125.0,4,-100.0,19.0,-732.409972299169,-100.0,0.0,3.7999999999999996e-08,0,1,49.29836488531968,0
PPO-QP,20260808,196,37,18911,0,0,0,0.0,-100.0,-100.0,0.0,0.0,83.05764923809929,30.0,48,94,77.5,125.0,2,-100.0,100.0,-310.80332409972306,-100.0,0.0,3.7999999999999996e-08,0,1,43.098109483649736,0
PPO-QP,20260808,197,38,19008,0,0,0,0.0,-72.39873120958859,-72.39873120958859,1.9848774475879812e-11,1.9848774475879812e-11,90.30236904485297,30.0,48,95,107.80530133772271,125.0,1,-100.0,100.0,-72.39873120958859,-72.39873120958859,0.0,3.7999999999999996e-08,0,1,34.19961867596166,0
PPO-QP,20260808,199,38,19197,0,0,0,0.0,-100.0,-100.0,0.0,2.036482834218608e-11,100.07914421571272,30.0,180,92,30.0,125.0,4,-100.0,19.0,-732.409972299169,-100.0,0.0,3.7999999999999996e-08,0,1,33.94736842105263,0
PPO-QP,20260808,201,38,19389,0,0,0,0.0,-100.0,-100.0,0.0,2.960594732333751e-17,95.06128279232206,30.0,126,92,30.0,125.0,4,-100.0,19.0,-732.409972299169,-100.0,0.0,3.7999999999999996e-08,0,1,33.94736842105263,0
PPO-QP,20260808,202,39,19487,0,0,0,0.0,-100.0,-92.64714054164924,0.0,1.994183707054731e-11,83.05764923809929,30.0,48,94,79.2463041213583,125.0,2,-100.0,100.0,-303.45046464137226,-92.64714054164924,-7.352859458350764,3.7999999999999996e-08,0,1,55.07147930657885,0
PPO-QP,20260808,203,39,19584,0,0,0,0.0,-100.0,-100.0,1.9831336572906365e-11,1.9831336572906365e-11,113.31140361722366,30.0,228,95,101.25,125.0,1,-100.0,100.0,-100.0,-100.0,0.0,3.7999999999999996e-08,0,1,75.6883726867495,0
PPO-QP,20260808,206,39,19870,0,0,0,0.0,-100.0,-100.0,0.0,1.967686014126002e-11,104.53940554275275,30.0,183,93,53.75,125.0,3,-100.0,100.0,-521.6066481994461,-100.0,0.0,3.7999999999999996e-08,0,1,12.879315368331547,0
PPO-QP,20260808,207,39,19967,0,0,0,0.0,-100.0,-100.0,0.0,2.0419736272240622e-11,95.55222159546906,30.0,137,94,77.5,125.0,2,-100.0,100.0,-310.80332409972306,-100.0,0.0,3.7999999999999996e-08,0,1,117.23857199967665,0
PPO-QP,20260808,208,40,20063,0,0,0,0.0,95.55768643927289,100.0,0.0,1.945362019621181e-11,95.73000178133542,30.0,22,94,176.46254906296656,125.0,2,-100.0,100.0,95.55768643927289,285.8076864392729,-4.442313560727115,3.7999999999999996e-08,0,1,78.65065968110417,0
PPO-QP,20260808,208,40,20064,0,0,0,0.0,100.0,100.0,1.8885297029906193e-11,1.8885297029906193e-11,95.15001831313892,30.0,22,95,151.31578947368422,125.0,1,-100.0,100.0,100.00000000000003,100.00000000000003,2.842170943040401e-14,3.7999999999999996e-08,1,0,0.0,0
PPO-QP,20260808,209,40,20160,0,0,0,0.0,-97.17746645994171,-97.17746645994171,0.0,0.0,90.30236904485297,30.0,48,95,101.92035171576384,125.0,1,-100.0,100.0,-97.17746645994171,-97.17746645994171,0.0,3.7999999999999996e-08,0,1,21.46881916508984,0
PPO-QP,20260808,210,40,20255,0,0,0,0.0,24.099049741784288,100.0,0.0,1.9939620325241473e-11,105.82004647631729,30.0,9,94,157.6576446688906,125.0,2,-100.0,100.0,24.099049741784288,214.3490497417843,-75.90095025821572,3.7999999999999996e-08,0,1,30.246400137657158,0
PPO-QP,20260808,210,40,20256,0,0,0,0.0,99.99999998647499,99.99999998647499,1.9895488960012623e-11,1.9895488960012623e-11,101.30225991037923,30.0,9,95,151.315789470125,125.0,1,-100.0,100.0,99.99999998647499,99.99999998647499,0.0,3.7999999999999996e-08,0,1,30.900950231165695,0
PPO-QP,20260808,211,40,20351,0,0,0,0.0,-100.0,-39.56765595816724,0.0,2.029114654078512e-11,108.22627375645844,30.0,206,94,91.85268170993528,125.0,2,-100.0,100.0,-250.37098005789028,-39.56765595816724,-60.43234404183276,3.7999999999999996e-08,0,1,25.748543718521272,0
PPO-QP,20260808,211,40,20352,0,0,0,0.0,-100.0,-100.0,2.0043844362049867e-11,2.0043844362049867e-11,109.9055045078366,30.0,206,95,101.25,125.0,1,-100.0,100.0,-100.0,-100.0,0.0,3.7999999999999996e-08,0,1,15.432344041832764,0
PPO-QP,20260808,212,40,20445,0,0,0,0.0,-100.0,-87.96900852819444,0.0,2.094067511985524e-11,91.86532092092294,30.0,121,92,32.85736047455382,125.0,4,-100.0,29.85796980330452,-720.3789808273634,-87.96900852819444,-12.030991471805564,3.7999999999999996e-08,0,1,29.610261164224752,0
PPO-QP,20260808,213,41,20541,0,0,0,0.0,-100.0,-100.0,0.0,2.0365105897942235e-11,112.54618120928845,30.0,212,92,30.0,125.0,4,-100.0,19.0,-732.409972299169,-100.0,0.0,3.7999999999999996e-08,0,1,85.87719283823776,0
PPO-QP,20260808,215,41,20736,0,0,0,0.0,-68.05573270857394,-68.05573270857394,1.977669509637773e-11,1.977669509637773e-11,109.049971734305,30.0,176,95,108.83676348171369,125.0,1,-100.0,100.0,-68.05573270857394,-68.05573270857394,0.0,3.7999999999999996e-08,0,1,31.746167179245965,0
PPO-QP,20260808,216,41,20829,0,0,0,0.0,-100.0,-100.0,0.0,1.999891363624329e-11,110.25536271311508,30.0,196,92,30.0,125.0,4,-100.0,19.0,-732.409972299169,-100.0,0.0,3.7999999999999996e-08,0,1,33.94736842105263,0
PPO-QP,20260808,217,41,20927,0,0,0,0.0,-100.0,-84.69726306251238,0.0,2.0137576791275553e-11,105.05628612179316,30.0,184,94,81.13440002265331,125.0,2,-100.0,100.0,-295.50058716223543,-84.69726306251238,-15.302736937487623,3.7999999999999996e-08,0,1,49.757952692085766,0
PPO-QP,20260808,219,42,21117,0,0,0,0.0,-100.0,-87.55835597580014,0.0,1.9691896261756863e-11,70.83217175061809,30.0,35,92,32.95489045574747,125.0,4,-100.0,30.228583731840374,-719.9683282749692,-87.55835597580014,-12.44164402419986,3.7999999999999996e-08,0,1,45.61203955777352,0
PPO-QP,20260808,220,42,21214,0,0,0,0.0,-100.0,-100.0,0.0,2.0500871370880227e-11,111.13810535641457,30.0,189,93,53.75,125.0,3,-100.0,100.0,-521.6066481994461,-100.0,0.0,3.7999999999999996e-08,0,1,17.76571552915506,0
PPO-QP,20260808,221,42,21312,0,0,0,0.0,99.99999996362209,99.99999996362209,1.96980505980567e-11,1.96980505980567e-11,90.67384147928755,30.0,78,95,151.31578946411108,125.0,1,-100.0,100.0,99.99999996362209,99.99999996362209,0.0,3.7999999999999996e-08,0,1,28.809720860201793,0
PPO-QP,20260808,222,42,21408,0,0,0,0.0,99.99999995404809,99.99999995404809,1.934078452947574e-11,1.934078452947574e-11,94.93853989458648,30.0,223,95,151.3157894615916,125.0,1,-100.0,100.0,99.99999995404809,99.99999995404809,0.0,3.7999999999999996e-08,0,1,72.31399842633319,0
PPO-QP,20260808,223,42,21501,0,0,0,0.0,-100.0,-100.0,0.0,0.0,103.56165061739479,30.0,235,92,30.0,125.0,4,-100.0,19.0,-732.409972299169,-100.0,0.0,3.7999999999999996e-08,0,1,33.94736842105263,0
PPO-QP,20260808,224,43,21599,0,0,0,0.0,-100.0,-66.31526248886716,0.0,1.992228604308366e-11,88.90731701709855,30.0,105,94,85.50012515889405,125.0,2,-100.0,100.0,-277.1185865885902,-66.31526248886716,-33.68473751113284,3.7999999999999996e-08,0,1,4.236681029481858,0
PPO-QP,20260808,225,43,21693,0,0,0,0.0,48.15726894579501,100.0,0.0,1.993841758363146e-11,103.35487004591415,30.0,223,92,216.62033393310395,125.0,4,-35.2828044921939,100.0,48.15726894579501,618.907268945795,-51.84273105420499,3.7999999999999996e-08,0,1,7.763307692927242,0
PPO-QP,20260808,225,43,21694,0,0,0,0.0,99.99999997994462,100.0,0.0,1.956055317720029e-11,97.44251958375868,30.0,223,93,203.94736841577492,125.0,3,-88.64265930200035,100.0,99.99999997994462,480.4999999799447,-2.0055381355632562e-08,3.7999999999999996e-08,0,1,6.8427310140943405,0
PPO-QP,20260808,226,43,21789,0,0,0,0.0,-100.0,-100.0,0.0,1.9856590445973173e-11,93.40953184232814,30.0,135,92,30.0,125.0,4,-100.0,19.0,-732.409972299169,-100.0,0.0,3.7999999999999996e-08,0,1,33.94736842105263,0
PPO-QP,20260808,227,43,21887,0,0,0,0.0,-100.0,-78.01056570456377,0.0,1.988727701037381e-11,97.55340025114839,30.0,114,94,82.7224906451661,125.0,2,-100.0,100.0,-288.8138898042868,-78.01056570456377,-21.989434295436226,3.7999999999999996e-08,0,1,1.66657040328748,0
PPO-QP,20260808,229,44,22080,0,0,0,0.0,-94.42034153087333,-94.42034153087333,1.9954534321205605e-11,1.9954534321205605e-11,94.60646830148582,30.0,62,95,102.57516888641759,125.0,1,-100.0,100.0,-94.42034153087333,-94.42034153087333,0.0,3.7999999999999996e-08,0,1,55.97732229460923,0
PPO-QP,20260808,230,44,22174,0,0,0,0.0,-100.0,-83.26941747224004,0.0,2.0237892843037268e-11,96.2549769502023,30.0,50,93,57.72351335034299,125.0,3,-100.0,100.0,-504.87606567168615,-83.26941747224004,-16.730582527759964,3.7999999999999996e-08,0,1,63.99094667312747,0
PPO-QP,20260808,231,44,22269,0,0,0,0.0,-100.0,-100.0,0.0,0.0,89.04411420168975,30.0,119,92,30.0,125.0,4,-100.0,19.0,-732.409972299169,-100.0,0.0,3.7999999999999996e-08,0,1,49.336807591453535,0
PPO-QP,20260808,232,44,22366,0,0,0,0.0,-100.0,-64.23425441182052,0.0,1.997081759223344e-11,89.72900514250496,30.0,99,93,62.24436457719263,125.0,3,-100.0,100.0,-485.8409026112666,-64.23425441182052,-35.765745588179485,3.7999999999999996e-08,0,1,64.85069435730078,0
PPO-QP,20260808,233,44,22461,0,0,0,0.0,-100.0,-100.0,0.0,1.993704460782434e-11,98.38002215283956,30.0,50,92,30.0,125.0,4,-100.0,19.0,-732.409972299169,-100.0,0.0,3.7999999999999996e-08,0,1,33.94736842105263,0
PPO-QP,20260808,234,45,22557,0,0,0,0.0,-100.0,-100.0,0.0,3.7007434154171884e-18,115.3687027071826,30.0,164,92,30.0,125.0,4,-100.0,19.0,-732.409972299169,-100.0,0.0,3.7999999999999996e-08,0,1,76.48361619652182,0
PPO-QP,20260808,235,45,22653,0,0,0,0.0,-100.0,-100.0,0.0,2.007152592279719e-11,95.24953877379312,30.0,64,92,30.0,125.0,4,-100.0,19.0,-732.409972299169,-100.0,0.0,3.7999999999999996e-08,0,1,54.337743748623005,0
PPO-QP,20260808,236,45,22749,0,0,0,0.0,-100.0,-100.0,0.0,1.995265804429399e-11,94.11350934331959,30.0,103,92,30.0,125.0,4,-100.0,19.0,-732.409972299169,-100.0,0.0,3.7999999999999996e-08,0,1,95.7225440820758,0
PPO-QP,20260808,237,45,22845,0,0,0,0.0,-100.0,-100.0,0.0,1.1102230246251566e-17,108.98309588157623,30.0,165,92,30.0,125.0,4,-100.0,19.0,-732.409972299169,-100.0,0.0,3.7999999999999996e-08,0,1,71.58766933205142,0
PPO-QP,20260808,238,45,22942,0,0,0,0.0,-100.0,-100.0,0.0,1.9838493810671783e-11,105.37217646972334,30.0,160,93,53.75,125.0,3,-100.0,100.0,-521.6066481994461,-100.0,0.0,3.7999999999999996e-08,0,1,90.10400644730804,0
PPO-QP,20260808,240,46,23133,0,0,0,0.0,-100.0,-100.0,0.0,1.9978885212879048e-11,102.40925487505093,30.0,131,92,30.0,125.0,4,-100.0,19.0,-732.409972299169,-100.0,0.0,3.7999999999999996e-08,0,1,50.88543313110051,0
PPO-QP,20260808,241,46,23229,0,0,0,0.0,-100.0,-100.0,0.0,2.0173973602766182e-11,109.65240546778003,30.0,206,92,30.0,125.0,4,-100.0,19.0,-732.409972299169,-100.0,0.0,3.7999999999999996e-08,0,1,33.94736842105263,0
PPO-QP,20260808,244,46,23519,0,0,0,0.0,-100.0,-100.0,0.0,2.0430675669776594e-11,105.9884047813646,30.0,182,94,77.5,125.0,2,-100.0,100.0,-310.80332409972306,-100.0,0.0,3.7999999999999996e-08,0,1,37.0072289115136,0
PPO-QP,20260808,245,47,23613,0,0,0,0.0,-100.0,-90.19915659241613,0.0,1.9625297683253015e-11,76.26011533638224,30.0,28,92,32.32770030930117,125.0,4,-100.0,27.84526117534445,-722.6091288915851,-90.19915659241613,-9.80084340758387,3.7999999999999996e-08,0,1,52.817797580742855,0
PPO-QP,20260808,246,47,23709,0,0,0,0.0,-100.0,-100.0,0.0,1.9730631943086034e-11,112.16735870136588,30.0,181,92,30.0,125.0,4,-100.0,19.0,-732.409972299169,-100.0,0.0,3.7999999999999996e-08,0,1,49.91161533937183,0
PPO-QP,20260808,247,47,23807,0,0,0,0.0,-100.0,-100.0,0.0,2.960594732333751e-17,103.99797773632228,30.0,46,94,77.5,125.0,2,-100.0,100.0,-310.80332409972306,-100.0,0.0,3.7999999999999996e-08,0,1,21.32039834390855,0
PPO-QP,20260808,248,47,23901,0,0,0,0.0,-100.0,-100.0,0.0,1.999303315495619e-11,94.22972826960984,30.0,65,92,30.0,125.0,4,-100.0,19.0,-732.409972299169,-100.0,0.0,3.7999999999999996e-08,0,1,37.31863417889687,0
PPO-QP,20260808,249,47,23998,0,0,0,0.0,-100.0,-100.0,0.0,2.039429366125963e-11,87.03497415625367,30.0,84,93,53.75,125.0,3,-100.0,100.0,-521.6066481994461,-100.0,0.0,3.7999999999999996e-08,0,1,28.681748417484087,0
PPO-QP,20260808,250,48,24093,0,0,0,0.0,-100.0,-100.0,0.0,1.9877088863751168e-11,102.11370682986832,30.0,188,92,30.0,125.0,4,-100.0,19.0,-732.409972299169,-100.0,0.0,3.7999999999999996e-08,0,1,33.94736842105263,0
PPO-QP,20260808,251,48,24189,0,0,0,0.0,-100.0,-80.5073823868077,0.0,2.018569385716281e-11,99.51338637734993,30.0,140,92,34.62949668313317,125.0,4,-100.0,36.59208739590604,-712.9173546859768,-80.5073823868077,-19.492617613192294,3.7999999999999996e-08,0,1,37.62060845991884,0
PPO-QP,20260808,253,48,24383,0,0,0,0.0,-100.0,-81.47516570312926,0.0,2.0289570024090155e-11,94.53210385971187,30.0,224,94,81.8996481455068,125.0,2,-100.0,100.0,-292.2784898028523,-81.47516570312926,-18.524834296870736,3.7999999999999996e-08,0,1,22.83980289248923,0
PPO-QP,20260808,254,48,24477,0,0,0,0.0,-100.0,-100.0,0.0,2.960594732333751e-17,95.77455035660361,30.0,116,92,30.0,125.0,4,-100.0,19.0,-732.409972299169,-100.0,0.0,3.7999999999999996e-08,0,1,48.81987275428725,0
PPO-QP,20260808,255,48,24575,0,0,0,0.0,-100.0,-100.0,0.0,1.9862874308292552e-11,100.61361026725801,30.0,4,94,77.5,125.0,2,-100.0,100.0,-310.80332409972306,-100.0,0.0,3.7999999999999996e-08,0,1,103.74471722876157,0
PPO-QP,20260808,256,49,24669,0,0,0,0.0,-100.0,-100.0,0.0,0.0,98.10037487022021,30.0,132,92,30.0,125.0,4,-100.0,19.0,-732.409972299169,-100.0,0.0,3.7999999999999996e-08,0,1,33.94736842105263,0
PPO-QP,20260808,257,49,24765,0,0,0,0.0,-100.0,-100.0,0.0,2.960594732333751e-17,101.10748378887497,30.0,110,92,30.0,125.0,4,-100.0,19.0,-732.409972299169,-100.0,0.0,3.7999999999999996e-08,0,1,33.94736842105263,0
PPO-QP,20260808,258,49,24861,0,0,0,0.0,-100.0,-91.53740323084207,0.0,1.9874687081274563e-11,98.04912306783665,30.0,136,92,32.00986673267501,125.0,4,-100.0,26.63749358416503,-723.9473755300111,-91.53740323084207,-8.462596769157926,3.7999999999999996e-08,0,1,17.022174882736763,0
PPO-QP,20260808,259,49,24957,0,0,0,0.0,-100.0,-86.67209547376227,0.0,2.02154811409135e-11,102.9635056064629,30.0,189,92,33.16537732498146,125.0,4,-100.0,31.028433834929558,-719.0820677729313,-86.67209547376227,-13.327904526237731,3.7999999999999996e-08,0,1,57.68121605584766,0
PPO-QP,20260808,260,49,25053,0,0,0,0.0,-100.0,-100.0,0.0,1.996903383390721e-11,87.53223352510913,30.0,59,92,30.0,125.0,4,-100.0,19.0,-732.409972299169,-100.0,0.0,3.7999999999999996e-08,0,1,33.94736842105263,0
PPO-QP,20260808,261,50,25150,0,0,0,0.0,-100.0,-52.817766333723625,0.0,2.960594732333751e-17,110.4943430456338,30.0,157,93,64.95578049574064,125.0,3,-100.0,100.0,-474.4244145331697,-52.817766333723625,-47.182233666276375,3.7999999999999996e-08,0,1,27.782616400467344,0
PPO-QP,20260808,261,50,25151,0,0,0,0.0,-100.0,-100.0,0.0,2.960594732333751e-17,111.19359044811893,30.0,157,94,77.5,125.0,2,-100.0,100.0,-310.80332409972306,-100.0,0.0,3.7999999999999996e-08,0,1,2.1822336662763746,0
PPO-QP,20260808,262,50,25246,0,0,0,0.0,-100.0,-78.97159377536651,0.0,1.9883072965853897e-11,101.86439227757045,30.0,172,93,58.744246478350455,125.0,3,-100.0,100.0,-500.5782419748126,-78.97159377536651,-21.028406224633486,3.7999999999999996e-08,0,1,18.258568463906045,0
PPO-QP,20260808,263,50,25341,0,0,0,0.0,-100.0,-99.4557886772165,0.0,1.9844411299393037e-11,113.6679028833153,30.0,168,92,30.12925018916108,125.0,4,-100.0,19.491150718812104,-731.8657609763856,-99.4557886772165,-0.5442113227834966,3.7999999999999996e-08,0,1,32.85894577548564,0
PPO-QP,20260808,264,50,25438,0,0,0,0.0,-100.0,-93.34339952123167,0.0,1.989257647494469e-11,78.54484674167945,30.0,21,93,55.33094261370748,125.0,3,-100.0,100.0,-514.9500477206777,-93.34339952123167,-6.6566004787683255,3.7999999999999996e-08,0,1,8.544974698324467,0
PPO-QP,20260808,265,50,25533,0,0,0,0.0,-100.0,-48.459669009730774,0.0,0.0,101.3762952084312,30.0,30,92,42.24082861018894,125.0,4,-100.0,65.51514871871798,-680.8696413088998,-48.459669009730774,-51.540330990269226,3.7999999999999996e-08,0,1,31.123719685340667,0
PPO-QP,20260808,265,50,25534,0,0,0,0.0,-100.0,-100.0,0.0,0.0,104.3829632891561,30.0,30,93,53.75,125.0,3,-100.0,100.0,-521.6066481994461,-100.0,0.0,3.7999999999999996e-08,0,1,6.540330990269226,0
PPO-QP,20260808,266,51,25631,0,0,0,0.0,-100.0,-100.0,0.0,1.997277898624361e-11,94.78443709805047,30.0,93,94,77.5,125.0,2,-100.0,100.0,-310.80332409972306,-100.0,0.0,3.7999999999999996e-08,0,1,6.391294938277525,0
PPO-QP,20260808,267,51,25725,0,0,0,0.0,-100.0,-90.70915779798148,0.0,0.0,105.45166917558011,30.0,213,92,32.2065750229794,125.0,4,-100.0,27.38498508732172,-723.1191300971506,-90.70915779798148,-9.290842202018524,3.7999999999999996e-08,0,1,31.645591123327577,0
PPO-QP,20260808,268,51,25821,0,0,0,0.0,-100.0,-100.0,0.0,0.0,73.92145614413825,30.0,13,92,30.0,125.0,4,-100.0,19.0,-732.409972299169,-100.0,0.0,3.7999999999999996e-08,0,1,60.3610295579258,0
PPO-QP,20260808,269,51,25917,0,0,0,0.0,-100.0,-100.0,0.0,2.0014856438876903e-11,111.81848596317624,30.0,207,92,30.0,125.0,4,-100.0,19.0,-732.409972299169,-100.0,0.0,3.7999999999999996e-08,0,1,33.94736842105263,0
PPO-QP,20260808,270,51,26013,0,0,0,0.0,-100.0,-100.0,0.0,0.0,102.34785609960065,30.0,23,92,30.0,125.0,4,-100.0,19.0,-732.409972299169,-100.0,0.0,3.7999999999999996e-08,0,1,87.3131761023227,0
PPO-QP,20260808,271,51,26112,0,0,0,0.0,-100.0,-100.0,1.9799210419317128e-11,1.9799210419317128e-11,109.049971734305,30.0,176,95,101.25,125.0,1,-100.0,100.0,-100.0,-100.0,0.0,3.7999999999999996e-08,0,1,96.34236259700893,0
PPO-QP,20260808,272,52,26208,0,0,0,0.0,-71.53158275470248,-71.53158275470248,2.960594732333751e-17,2.960594732333751e-17,101.30225991037923,30.0,9,95,108.01124909575816,125.0,1,-100.0,100.0,-71.53158275470248,-71.53158275470248,0.0,3.7999999999999996e-08,0,1,14.821749826686599,0
PPO-QP,20260808,273,52,26301,0,0,0,0.0,-100.0,-100.0,0.0,1.970795008669294e-11,110.25536271311508,30.0,196,92,30.0,125.0,4,-100.0,19.0,-732.409972299169,-100.0,0.0,3.7999999999999996e-08,0,1,33.94736842105263,0
PPO-QP,20260808,274,52,26397,0,0,0,0.0,-100.0,-63.35824321659938,0.0,1.990701307500823e-11,102.02181808763575,30.0,44,92,38.70241723605765,125.0,4,-100.0,52.06918549701906,-695.7682155157684,-63.35824321659938,-36.64175678340062,3.7999999999999996e-08,0,1,24.46038177720169,0
PPO-QP,20260808,275,52,26493,0,0,0,0.0,-100.0,-100.0,0.0,0.0,106.52560817321435,30.0,227,92,30.0,125.0,4,-100.0,19.0,-732.409972299169,-100.0,0.0,3.7999999999999996e-08,0,1,36.34831253666324,0
PPO-QP,20260808,276,52,26589,0,0,0,0.0,-100.0,-70.41007316909104,0.0,1.9882114473309304e-11,110.95905457206057,30.0,193,92,37.02760762234088,125.0,4,-100.0,45.704908964895345,-702.8200454682601,-70.41007316909104,-29.589926830908965,3.7999999999999996e-08,0,1,18.61971134013625,0
PPO-QP,20260808,278,53,26783,0,0,0,0.0,75.33608789152292,100.0,0.0,1.9996041859352925e-11,104.2174538797968,30.0,226,94,171.1410757609271,125.0,2,-100.0,100.0,75.33608789152292,265.58608789152294,-24.663912108477078,3.7999999999999996e-08,0,1,15.569685872171576,0
PPO-QP,20260808,279,53,26877,0,0,0,0.0,-100.0,-100.0,0.0,2.019142630871329e-11,104.96059298132022,30.0,58,92,30.0,125.0,4,-100.0,19.0,-732.409972299169,-100.0,0.0,3.7999999999999996e-08,0,1,44.41806291861885,0
PPO-QP,20260808,280,53,26975,0,0,0,0.0,92.41090760545433,100.0,0.0,0.0,102.63256840393971,30.0,30,94,175.6344493698564,125.0,2,-100.0,100.0,92.41090760545433,282.6609076054543,-7.589092394545673,3.7999999999999996e-08,0,1,69.93976643704637,0
PPO-QP,20260808,281,53,27069,0,0,0,0.0,-100.0,-100.0,0.0,1.989860868671182e-11,110.95905457206057,30.0,193,92,30.0,125.0,4,-100.0,19.0,-732.409972299169,-100.0,0.0,3.7999999999999996e-08,0,1,56.97937608801334,0
PPO-QP,20260808,283,54,27261,0,0,0,0.0,-100.0,-100.0,0.0,2.009374148551994e-11,100.9288157550295,30.0,155,92,30.0,125.0,4,-100.0,19.0,-732.409972299169,-100.0,0.0,3.7999999999999996e-08,0,1,33.94736842105263,0
PPO-QP,20260808,284,54,27357,0,0,0,0.0,-100.0,-100.0,0.0,1.9886422138644852e-11,87.66406128442175,30.0,34,92,30.0,125.0,4,-100.0,19.0,-732.409972299169,-100.0,0.0,3.7999999999999996e-08,0,1,33.94736842105263,0
PPO-QP,20260808,285,54,27453,0,0,0,0.0,-100.0,-96.60927522514335,0.0,1.992539466755261e-11,105.94011237910321,30.0,184,92,30.805297134028457,125.0,4,-100.0,22.060129109308136,-729.0192475243124,-96.60927522514335,-3.3907247748566505,3.7999999999999996e-08,0,1,45.04247822600532,0
PPO-QP,20260808,287,54,27645,0,0,0,0.0,-100.0,-100.0,0.0,1.9887202995505504e-11,95.08737753583918,30.0,148,92,30.0,125.0,4,-100.0,19.0,-732.409972299169,-100.0,0.0,3.7999999999999996e-08,0,1,33.94736842105263,0
PPO-QP,20260808,288,55,27741,0,0,0,0.0,-100.0,-76.14512772047289,0.0,1.974951683673491e-11,107.22965812391051,30.0,150,92,35.66553216638769,125.0,4,-100.0,40.52902223227323,-708.5551000196418,-76.14512772047289,-23.854872279527115,3.7999999999999996e-08,0,1,2.5998416117180767,0
PPO-QP,20260808,289,55,27839,0,0,0,0.0,-100.0,-66.93436172263475,0.0,2.0218878423368855e-11,111.47546832563047,30.0,180,94,85.35308909087425,125.0,2,-100.0,100.0,-277.7376858223578,-66.93436172263475,-33.06563827736525,3.7999999999999996e-08,0,1,40.840304599785014,0
PPO-QP,20260808,291,55,28029,0,0,0,0.0,-100.0,-100.0,0.0,2.0352671400066433e-11,92.01794582118721,30.0,127,92,30.0,125.0,4,-100.0,19.0,-732.409972299169,-100.0,0.0,3.7999999999999996e-08,0,1,33.94736842105263,0
PPO-QP,20260808,292,55,28127,0,0,0,0.0,-100.0,-100.0,0.0,1.989152546381471e-11,100.06660216476412,30.0,33,94,77.5,125.0,2,-100.0,100.0,-310.80332409972306,-100.0,0.0,3.7999999999999996e-08,0,1,54.78623095485635,0
PPO-QP,20260808,293,56,28221,0,0,0,0.0,44.238476823485,100.0,0.0,2.003915922088595e-11,101.5466799515969,30.0,16,92,215.58907284828553,125.0,4,-39.624956428271474,100.0,44.238476823485,614.9884768234849,-55.761523176515,3.7999999999999996e-08,0,1,34.359852883063176,0
PPO-QP,20260808,293,56,28222,0,0,0,0.0,99.99999998741137,100.0,0.0,1.9838597431487416e-11,102.52942631743066,30.0,16,93,203.94736841773985,125.0,3,-88.64265929372694,100.0,99.99999998741137,480.4999999874114,-1.2588628806042834e-08,3.7999999999999996e-08,0,1,10.76152315133777,0
PPO-QP,20260808,294,56,28317,0,0,0,0.0,-100.0,-76.58598179450567,0.0,1.9951273966256623e-11,93.4850457571753,30.0,83,92,35.5608293238049,125.0,4,-100.0,40.13115143045863,-708.9959540936746,-76.58598179450567,-23.41401820549433,3.7999999999999996e-08,0,1,55.69469215580658,0
PPO-QP,20260808,295,56,28414,0,0,0,0.0,-100.0,-100.0,0.0,2.2204460492503132e-17,113.98575465587498,30.0,164,93,53.75,125.0,3,-100.0,100.0,-521.6066481994461,-100.0,0.0,3.7999999999999996e-08,0,1,28.006505447251556,0
PPO-QP,20260808,296,56,28509,0,0,0,0.0,-100.0,-71.06505220821069,0.0,2.0327894922900213e-11,100.89617127432541,30.0,141,92,36.87205010054996,125.0,4,-100.0,45.11379038208986,-703.4750245073797,-71.06505220821069,-28.934947791789313,3.7999999999999996e-08,0,1,60.11145710996286,0
PPO-QP,20260808,297,56,28607,0,0,0,0.0,99.99999996302343,100.0,0.0,1.986704134537831e-11,87.95862580836722,30.0,98,94,177.63157893763776,125.0,2,-100.0,100.0,99.99999996302343,290.24999996302347,-3.697657291468204e-08,3.7999999999999996e-08,0,1,1.7087568424781523,0
PPO-QP,20260808,298,57,28702,0,0,0,0.0,-100.0,-100.0,0.0,1.98456510484372e-11,117.98798056571603,30.0,205,93,53.75,125.0,3,-100.0,100.0,-521.6066481994461,-100.0,0.0,3.7999999999999996e-08,0,1,2.275584482051272,0
PPO-QP,20260808,299,57,28798,0,0,0,0.0,-100.0,-100.0,0.0,1.991599477927745e-11,97.4002139505858,30.0,132,93,53.75,125.0,3,-100.0,100.0,-521.6066481994461,-100.0,0.0,3.7999999999999996e-08,0,1,1.1765986905873547,0
PPO-QP,20260808,300,57,28894,0,0,0,0.0,99.99999996486855,100.0,0.0,0.0,79.86883924503913,30.0,13,93,203.94736841180753,125.0,3,-88.64265931870514,100.0,99.99999996486855,480.4999999648686,-3.5131449749314925e-08,3.7999999999999996e-08,0,1,68.62039925253805,0
PPO-QP,20260808,302,57,29085,0,0,0,0.0,44.34961211495338,100.0,0.0,0.0,99.05485532187399,30.0,36,92,215.6183189776193,125.0,4,-39.50181483107659,100.0,44.34961211495338,615.0996121149534,-55.65038788504662,3.7999999999999996e-08,0,1,41.88848666006517,0
PPO-QP,20260808,302,57,29086,0,0,0,0.0,99.99999999999991,100.0,0.0,0.0,96.60339656859242,30.0,36,93,203.94736842105263,125.0,3,-88.6426592797784,100.0,99.99999999999991,480.5,-8.526512829121202e-14,3.7999999999999996e-08,0,1,10.650387885046541,0
PPO-QP,20260808,303,57,29182,0,0,0,0.0,-100.0,-72.78980786429041,0.0,2.0106298107928446e-11,96.81059091494842,30.0,133,93,60.21242063223103,125.0,3,-100.0,100.0,-494.3964560637365,-72.78980786429041,-27.21019213570959,3.7999999999999996e-08,0,1,62.64979555673089,0
PPO-QP,20260808,304,58,29279,0,0,0,0.0,0.5329915958003653,100.0,0.0,1.9698920272759324e-11,74.49814530904726,30.0,27,94,151.45605041994747,125.0,2,-100.0,100.0,0.5329915958003653,190.78299159580038,-99.46700840419963,3.7999999999999996e-08,0,1,31.83928223277071,0
PPO-QP,20260808,304,58,29280,0,0,0,0.0,100.0,100.0,1.9049606336807302e-11,1.9049606336807302e-11,79.75580700961373,30.0,27,95,151.31578947368422,125.0,1,-100.0,100.0,100.00000000000003,100.00000000000003,2.842170943040401e-14,3.7999999999999996e-08,1,1,54.46700840419963,0
PPO-QP,20260808,305,58,29376,0,0,0,0.0,79.47295943297829,79.47295943297829,2.043089031289469e-11,2.043089031289469e-11,98.45062471570118,30.0,116,95,145.91393669288902,125.0,1,-100.0,100.0,79.47295943297829,79.47295943297829,0.0,3.7999999999999996e-08,0,1,51.491852395063106,0
PPO-QP,20260808,306,58,29470,0,0,0,0.0,-100.0,-1.9584503461247718,0.0,1.9963738070079747e-11,104.66710664972749,30.0,125,93,77.03486804279537,125.0,3,-100.0,100.0,-423.56509854557083,-1.9584503461247718,-98.04154965387522,3.7999999999999996e-08,0,1,16.242253706591704,0
PPO-QP,20260808,306,58,29471,0,0,0,0.0,-100.0,-100.0,0.0,1.9963738070079747e-11,101.30178961448586,30.0,125,94,77.5,125.0,2,-100.0,100.0,-310.80332409972306,-100.0,0.0,3.7999999999999996e-08,0,1,53.04154965387523,0
PPO-QP,20260808,307,58,29565,0,0,0,0.0,35.07723723429123,100.0,0.0,2.0095295797754414e-11,101.5466799515969,30.0,16,92,213.17822032481348,125.0,4,-49.77591442183798,100.0,35.07723723429123,605.8272372342911,-64.92276276570877,3.7999999999999996e-08,0,1,63.21497469333207,0
PPO-QP,20260808,307,58,29566,0,0,0,0.0,99.99999999602326,100.0,0.0,1.973097611222367e-11,102.52942631743066,30.0,16,93,203.94736842000614,125.0,3,-88.64265928418466,100.0,99.99999999602326,480.49999999602335,-3.976737161792698e-09,3.7999999999999996e-08,0,1,19.92276275775535,0
PPO-QP,20260808,308,58,29664,0,0,0,0.0,88.32568896722047,88.32568896722047,2.0113632981377805e-11,2.0113632981377805e-11,103.91286843578074,30.0,174,95,148.24360235979486,125.0,1,-100.0,100.0,88.32568896722047,88.32568896722047,0.0,3.7999999999999996e-08,0,1,90.34860570763003,0
PPO-QP,20260808,309,59,29758,0,0,0,0.0,48.645697586756285,100.0,0.0,1.9796912257656156e-11,77.87340097664536,30.0,77,93,190.4330783123043,125.0,3,-100.0,100.0,48.645697586756285,429.14569758675634,-51.354302413243715,3.7999999999999996e-08,0,1,53.921728592763735,0
PPO-QP,20260808,309,59,29759,0,0,0,0.0,100.0,100.0,0.0,1.9017813250125452e-11,81.7545643469985,30.0,77,94,177.63157894736844,125.0,2,-100.0,100.0,100.00000000000003,290.25000000000006,2.842170943040401e-14,3.7999999999999996e-08,1,1,6.354302413243715,0
PPO-QP,20260808,309,59,29760,0,0,0,0.0,100.0,100.0,2.590520390792032e-17,2.590520390792032e-17,83.67513795166056,30.0,77,95,151.31578947368422,125.0,1,-100.0,100.0,100.00000000000003,100.00000000000003,2.842170943040401e-14,3.7999999999999996e-08,1,0,0.0,0
PPO-QP,20260808,310,59,29855,0,0,0,0.0,-100.0,-77.28619597276257,0.0,1.968916141237287e-11,99.40771460231907,30.0,82,94,82.89452845646889,125.0,2,-100.0,100.0,-288.0895200724856,-77.28619597276257,-22.71380402723743,3.7999999999999996e-08,0,1,48.65895415490819,0
PPO-QP,20260808,311,59,29950,0,0,0,0.0,-100.0,-81.26028889054436,0.0,3.737010700888277e-14,110.24312014457016,30.0,163,93,58.20068138849572,125.0,3,-100.0,100.0,-502.8669370899904,-81.26028889054436,-18.73971110945564,3.7999999999999996e-08,0,1,32.88976965688705,0
PPO-QP,20260808,312,59,30046,0,0,0,0.0,-100.0,-95.59455498889822,0.0,1.9895592580828256e-11,105.59064204440139,30.0,184,93,54.79629319013667,125.0,3,-100.0,100.0,-517.2012031883443,-95.59455498889822,-4.405445011101776,3.7999999999999996e-08,0,1,31.450340014717085,0
PPO-QP,20260808,313,59,30144,0,0,0,0.0,53.24153198506537,53.24153198506537,2.0069912398668067e-11,2.0069912398668067e-11,112.73810545287758,30.0,229,95,139.01092946975405,125.0,1,-100.0,100.0,53.24153198506537,53.24153198506537,0.0,3.7999999999999996e-08,0,1,53.24894417015423,0
PPO-QP,20260808,314,60,30238,0,0,0,0.0,79.70100661693436,100.0,0.0,1.9832831673246194e-11,103.25511542560575,30.0,19,93,198.605528057088,125.0,3,-100.0,100.0,79.70100661693436,460.2010066169344,-20.298993383065635,3.7999999999999996e-08,0,1,85.93346379656282,0
PPO-QP,20260808,315,60,30336,0,0,0,0.0,58.3470680280864,58.3470680280864,2.0002214699369838e-11,2.0002214699369838e-11,110.50542658951603,30.0,169,95,140.35449158633853,125.0,1,-100.0,100.0,58.3470680280864,58.3470680280864,0.0,3.7999999999999996e-08,0,1,58.79180498062967,0
PPO-QP,20260808,316,60,30432,0,0,0,0.0,-88.07164571122037,-88.07164571122037,1.967215279563561e-11,1.967215279563561e-11,101.29185822486458,30.0,5,95,104.08298414358516,125.0,1,-100.0,100.0,-88.07164571122037,-88.07164571122037,0.0,3.7999999999999996e-08,0,1,43.024605254306366,0
PPO-QP,20260808,317,60,30524,0,0,0,0.0,-100.0,-12.77344396911432,0.0,1.9964907504999018e-11,107.063312255431,30.0,79,91,26.96630705733535,125.0,5,-100.0,7.4719668178743275,-833.8260755480618,-12.77344396911432,-87.22655603088567,3.7999999999999996e-08,0,1,3.200504111579656,0
PPO-QP,20260808,317,60,30525,0,0,0,0.0,-100.0,-100.0,0.0,1.9964907504999018e-11,88.51136863994178,30.0,79,92,30.0,125.0,4,-100.0,19.0,-732.409972299169,-100.0,0.0,3.7999999999999996e-08,0,1,42.22655603088568,0
PPO-QP,20260808,320,61,30813,0,0,0,0.0,-100.0,-84.64805406125062,0.0,0.0,105.45166917558011,30.0,213,92,33.64608716045298,125.0,4,-100.0,32.855131209721314,-717.0580263604196,-84.64805406125062,-15.351945938749381,3.7999999999999996e-08,0,1,50.280395387547074,0
PPO-QP,20260808,321,61,30909,0,0,0,0.0,-100.0,-100.0,0.0,1.989794625364046e-11,95.06128279232206,30.0,126,92,30.0,125.0,4,-100.0,19.0,-732.409972299169,-100.0,0.0,3.7999999999999996e-08,0,1,33.94736842105263,0
PPO-QP,20260808,322,61,31008,0,0,0,0.0,-89.63067369564669,-89.63067369564669,1.982154070508576e-11,1.982154070508576e-11,95.71960186641236,30.0,88,95,103.71271499728391,125.0,1,-100.0,100.0,-89.63067369564669,-89.63067369564669,0.0,3.7999999999999996e-08,0,1,60.816924166920984,0
PPO-QP,20260808,324,61,31199,0,0,0,0.0,94.97030893304218,100.0,0.0,1.984842290525535e-11,102.9653527708335,30.0,15,94,176.3079760350111,125.0,2,-100.0,100.0,94.97030893304218,285.2203089330422,-5.029691066957824,3.7999999999999996e-08,0,1,112.97444901555568,0
PPO-QP,20260808,324,61,31200,0,0,0,0.0,100.0,100.0,1.9270607332089186e-11,1.9270607332089186e-11,95.35421399464354,30.0,15,95,151.31578947368422,125.0,1,-100.0,100.0,100.00000000000003,100.00000000000003,2.842170943040401e-14,3.7999999999999996e-08,1,0,0.0,0
PPO-QP,20260808,325,62,31294,0,0,0,0.0,-100.0,-76.69555052589628,0.0,1.999782191693574e-11,109.19146160138277,30.0,52,93,59.284806750099634,125.0,3,-100.0,100.0,-498.30219872534235,-76.69555052589628,-23.30444947410372,3.7999999999999996e-08,0,1,31.013886225092882,0
PPO-QP,20260808,326,62,31389,0,0,0,0.0,-100.0,-78.23428081555578,0.0,1.9870164772820922e-11,101.7500204535244,30.0,123,92,35.169358306305504,125.0,4,-100.0,38.643561563960915,-710.6442531147248,-78.23428081555578,-21.765719184444222,3.7999999999999996e-08,0,1,20.157409040969085,0
PPO-QP,20260808,327,62,31485,0,0,0,0.0,-100.0,-100.0,0.0,0.0,83.01996185755443,30.0,27,92,30.0,125.0,4,-100.0,19.0,-732.409972299169,-100.0,0.0,3.7999999999999996e-08,0,1,50.16976115571194,0
PPO-QP,20260808,328,62,31581,0,0,0,0.0,-100.0,-100.0,0.0,1.993797349442161e-11,110.34769251483871,30.0,219,92,30.0,125.0,4,-100.0,19.0,-732.409972299169,-100.0,0.0,3.7999999999999996e-08,0,1,33.94736842105263,0
PPO-QP,20260808,329,62,31678,0,0,0,0.0,-100.0,-100.0,0.0,1.9878224991979702e-11,101.86439227757045,30.0,172,93,53.75,125.0,3,-100.0,100.0,-521.6066481994461,-100.0,0.0,3.7999999999999996e-08,0,1,21.25401245875321,0
PPO-QP,20260808,330,63,31773,0,0,0,0.0,-100.0,-37.36559902429193,0.0,1.967011738675713e-11,103.60264311293285,30.0,198,92,44.875670231730666,125.0,4,-100.0,75.52754688057652,-669.775571323461,-37.36559902429193,-62.63440097570807,3.7999999999999996e-08,0,1,18.38515873060969,0
PPO-QP,20260808,330,63,31774,0,0,0,0.0,-100.0,-100.0,0.0,1.967011738675713e-11,115.26966085518991,30.0,198,93,53.75,125.0,3,-100.0,100.0,-521.6066481994461,-100.0,0.0,3.7999999999999996e-08,0,1,17.634400975708076,0
PPO-QP,20260808,331,63,31870,0,0,0,0.0,-100.0,-100.0,0.0,0.0,105.97308332916083,30.0,195,93,53.75,125.0,3,-100.0,100.0,-521.6066481994461,-100.0,0.0,3.7999999999999996e-08,0,1,70.41704450693659,0
PPO-QP,20260808,332,63,31966,0,0,0,0.0,75.28612193465675,100.0,0.0,2.0129672003340224e-11,97.44251958375868,30.0,223,93,197.4437162985939,125.0,3,-100.0,100.0,75.28612193465675,455.7861219346568,-24.713878065343252,3.7999999999999996e-08,0,1,34.71028142263501,0
PPO-QP,20260808,333,63,32062,0,0,0,0.0,-100.0,-70.98163288530765,0.0,1.9858144758207648e-11,104.27772445232743,30.0,5,93,60.641862189739435,125.0,3,-100.0,100.0,-492.5882810847537,-70.98163288530765,-29.018367114692353,3.7999999999999996e-08,0,1,2.101064503541025,0
PPO-QP,20260808,338,64,32540,0,0,0,0.0,-100.0,-21.05263157894737,0.0,2.960594732333751e-17,115.62194996954354,30.0,131,91,25.0,125.0,5,-100.0,0.0,-842.1052631578948,-21.05263157894737,-78.94736842105263,3.7999999999999996e-08,0,1,1.0027973764250184,0
PPO-QP,20260808,338,64,32541,0,0,0,0.0,-100.0,-100.0,0.0,2.960594732333751e-17,102.40925487505093,30.0,131,92,30.0,125.0,4,-100.0,19.0,-732.409972299169,-100.0,0.0,3.7999999999999996e-08,0,1,33.94736842105263,0
PPO-QP,20260808,340,64,32734,0,0,0,0.0,-100.0,-100.0,0.0,0.0,105.59064204440139,30.0,184,93,53.75,125.0,3,-100.0,100.0,-521.6066481994461,-100.0,0.0,3.7999999999999996e-08,0,1,15.537349732511345,0
PPO-QP,20260808,341,65,32830,0,0,0,0.0,-100.0,-100.0,0.0,0.0,108.51127254806563,30.0,33,93,53.75,125.0,3,-100.0,100.0,-521.6066481994461,-100.0,0.0,3.7999999999999996e-08,0,1,25.898543537662704,0
PPO-QP,20260808,342,65,32926,0,0,0,0.0,-100.0,-100.0,0.0,2.0149393265000982e-11,99.78115727120958,30.0,191,93,53.75,125.0,3,-100.0,100.0,-521.6066481994461,-100.0,0.0,3.7999999999999996e-08,0,1,8.04757423801854,0
PPO-QP,20260808,343,65,33020,0,0,0,0.0,-100.0,48.953883110639296,0.0,0.0,103.5859053875302,30.0,148,91,42.88260081858929,125.0,5,-100.0,67.9538831106393,-766.8101018164663,48.953883110639296,-148.9538831106393,3.7999999999999996e-08,0,1,6.046116889360704,0
PPO-QP,20260808,343,65,33021,0,0,0,0.0,-100.0,-100.0,0.0,0.0,95.08737753583918,30.0,148,92,30.0,125.0,4,-100.0,19.0,-732.409972299169,-100.0,0.0,3.7999999999999996e-08,0,1,103.9538831106393,0
PPO-QP,20260808,344,65,33117,0,0,0,0.0,-100.0,-100.0,0.0,1.993500549820245e-11,70.83217175061809,30.0,35,92,30.0,125.0,4,-100.0,19.0,-732.409972299169,-100.0,0.0,3.7999999999999996e-08,0,1,58.01728151261297,0
PPO-QP,20260808,345,65,33215,0,0,0,0.0,34.59033748838857,100.0,0.0,2.0479518081373272e-11,95.73000178133542,30.0,22,94,160.41850986536542,125.0,2,-100.0,100.0,34.59033748838857,224.8403374883886,-65.40966251161143,3.7999999999999996e-08,0,1,56.72471696426372,0
PPO-QP,20260808,345,65,33216,0,0,0,0.0,99.99999999484582,99.99999999484582,1.9463219924631404e-11,1.9463219924631404e-11,95.15001831313892,30.0,22,95,151.31578947232785,125.0,1,-100.0,100.0,99.99999999484582,99.99999999484582,0.0,3.7999999999999996e-08,0,1,20.409662501303018,0
PPO-QP,20260808,346,66,33309,0,0,0,0.0,-100.0,-100.0,0.0,1.988804676500422e-11,87.61049049163246,30.0,101,92,30.0,125.0,4,-100.0,19.0,-732.409972299169,-100.0,0.0,3.7999999999999996e-08,0,1,33.94736842105263,0
PPO-QP,20260808,347,66,33405,0,0,0,0.0,-100.0,-56.38695450382479,0.0,1.991009949501669e-11,96.25561346436216,30.0,8,92,40.35809830534161,125.0,4,-100.0,58.36077356029813,-688.7969268029939,-56.38695450382479,-43.61304549617521,3.7999999999999996e-08,0,1,39.12504004344282,0
PPO-QP,20260808,348,66,33502,0,0,0,0.0,-100.0,-93.8379759272571,0.0,1.998536151385603e-11,76.26550391900508,30.0,56,93,55.21348071727644,125.0,3,-100.0,100.0,-515.4446241267032,-93.8379759272571,-6.162024072742895,3.7999999999999996e-08,0,1,15.925306563705703,0
PPO-QP,20260808,349,66,33597,0,0,0,0.0,-100.0,-100.0,0.0,0.0,109.65240546778003,30.0,206,92,30.0,125.0,4,-100.0,19.0,-732.409972299169,-100.0,0.0,3.7999999999999996e-08,0,1,33.94736842105263,0
PPO-QP,20260808,350,66,33695,0,0,0,0.0,-100.0,-93.19282796620566,0.0,0.0,98.10420513562481,30.0,96,94,79.11670335802616,125.0,2,-100.0,100.0,-303.9961520659287,-93.19282796620566,-6.807172033794345,3.7999999999999996e-08,0,1,6.458193023406565,0
PPO-QP,20260808,351,66,33789,0,0,0,0.0,-100.0,-100.0,0.0,0.0,110.00887532212714,30.0,215,92,30.0,125.0,4,-100.0,19.0,-732.409972299169,-100.0,0.0,3.7999999999999996e-08,0,1,33.94736842105263,0
PPO-QP,20260808,353,67,33981,0,0,0,0.0,-100.0,-100.0,0.0,2.2204460492503132e-17,107.61759070352285,30.0,152,92,30.0,125.0,4,-100.0,19.0,-732.409972299169,-100.0,0.0,3.7999999999999996e-08,0,1,33.94736842105263,0
PPO-QP,20260808,354,67,34080,0,0,0,0.0,-100.0,-100.0,0.0,0.0,100.44437281116969,30.0,12,95,101.25,125.0,1,-100.0,100.0,-100.0,-100.0,0.0,3.7999999999999996e-08,0,1,66.63064908597522,0
PPO-QP,20260808,356,67,34269,0,0,0,0.0,-100.0,-100.0,0.0,0.0,113.11894463632069,30.0,200,92,30.0,125.0,4,-100.0,19.0,-732.409972299169,-100.0,0.0,3.7999999999999996e-08,0,1,33.94736842105263,0
PPO-QP,20260808,357,68,34365,0,0,0,0.0,-100.0,-100.0,0.0,2.2204460492503132e-17,107.26565595594029,30.0,39,92,30.0,125.0,4,-100.0,19.0,-732.409972299169,-100.0,0.0,3.7999999999999996e-08,0,1,33.94736842105263,0
PPO-QP,20260808,358,68,34461,0,0,0,0.0,-100.0,-100.0,0.0,0.0,98.10549359535615,30.0,151,92,30.0,125.0,4,-100.0,19.0,-732.409972299169,-100.0,0.0,3.7999999999999996e-08,0,1,33.94736842105263,0
PPO-QP,20260808,359,68,34558,0,0,0,0.0,-100.0,-100.0,0.0,0.0,104.78841750161591,30.0,219,93,53.75,125.0,3,-100.0,100.0,-521.6066481994461,-100.0,0.0,3.7999999999999996e-08,0,1,22.668945292572772,0
PPO-QP,20260808,360,68,34653,0,0,0,0.0,-100.0,-100.0,0.0,1.9841269368233346e-11,103.76593309393455,30.0,130,92,30.0,125.0,4,-100.0,19.0,-732.409972299169,-100.0,0.0,3.7999999999999996e-08,0,1,34.822417973411945,0
PPO-QP,20260808,361,68,34749,0,0,0,0.0,-100.0,-100.0,0.0,1.9900581182952237e-11,110.25536271311508,30.0,196,92,30.0,125.0,4,-100.0,19.0,-732.409972299169,-100.0,0.0,3.7999999999999996e-08,0,1,33.94736842105263,0
PPO-QP,20260808,363,69,34941,0,0,0,0.0,-100.0,-98.0368879451277,0.0,2.2204460492503132e-17,98.93643937105452,30.0,191,92,30.46623911303217,125.0,4,-100.0,20.771708629522244,-730.4468602442967,-98.0368879451277,-1.9631120548722976,3.7999999999999996e-08,0,1,53.588288222729226,0
PPO-QP,20260808,364,69,35037,0,0,0,0.0,-100.0,-100.0,0.0,1.9890618781677934e-11,104.64145612587045,30.0,171,92,30.0,125.0,4,-100.0,19.0,-732.409972299169,-100.0,0.0,3.7999999999999996e-08,0,1,33.94736842105263,0
PPO-QP,20260808,365,69,35133,0,0,0,0.0,-100.0,-100.0,0.0,2.960594732333751e-17,100.9288157550295,30.0,155,92,30.0,125.0,4,-100.0,19.0,-732.409972299169,-100.0,0.0,3.7999999999999996e-08,0,1,33.94736842105263,0
PPO-QP,20260808,366,69,35229,0,0,0,0.0,-100.0,-100.0,0.0,2.004338176912294e-11,99.52151171969736,30.0,51,92,30.0,125.0,4,-100.0,19.0,-732.409972299169,-100.0,0.0,3.7999999999999996e-08,0,1,33.94736842105263,0
PPO-QP,20260808,368,70,35421,0,0,0,0.0,-100.0,-100.0,0.0,0.0,115.3687027071826,30.0,164,92,30.0,125.0,4,-100.0,19.0,-732.409972299169,-100.0,0.0,3.7999999999999996e-08,0,1,33.94736842105263,0
PPO-QP,20260808,369,70,35517,0,0,0,0.0,-100.0,-100.0,0.0,0.0,106.24062507747706,30.0,199,92,30.0,125.0,4,-100.0,19.0,-732.409972299169,-100.0,0.0,3.7999999999999996e-08,0,1,33.94736842105263,0
PPO-QP,20260808,370,70,35613,0,0,0,0.0,-100.0,-100.0,0.0,1.4802973661668754e-17,96.58075138170044,30.0,179,92,30.0,125.0,4,-100.0,19.0,-732.409972299169,-100.0,0.0,3.7999999999999996e-08,0,1,43.729986020494046,0
PPO-QP,20260808,371,70,35709,0,0,0,0.0,-100.0,-100.0,0.0,0.0,109.00845018424536,30.0,186,92,30.0,125.0,4,-100.0,19.0,-732.409972299169,-100.0,0.0,3.7999999999999996e-08,0,1,33.94736842105263,0
PPO-QP,20260808,372,70,35808,0,0,0,0.0,-100.0,-100.0,1.4802973661668754e-17,1.4802973661668754e-17,100.88170977476808,30.0,2,95,101.25,125.0,1,-100.0,100.0,-100.0,-100.0,0.0,3.7999999999999996e-08,0,1,23.86780442235812,0
PPO-QP,20260808,373,71,35902,0,0,0,0.0,-100.0,-100.0,0.0,1.4802973661668754e-17,96.15816401928808,30.0,9,93,53.75,125.0,3,-100.0,100.0,-521.6066481994461,-100.0,0.0,3.7999999999999996e-08,0,1,4.749094442614407,0
PPO-QP,20260808,374,71,35997,0,0,0,0.0,-100.0,-100.0,0.0,0.0,98.60021436873261,30.0,138,92,30.0,125.0,4,-100.0,19.0,-732.409972299169,-100.0,0.0,3.7999999999999996e-08,0,1,33.94736842105263,0
PPO-QP,20260808,375,71,36093,0,0,0,0.0,-100.0,-100.0,0.0,1.9944405386477608e-11,90.96640864829209,30.0,87,92,30.0,125.0,4,-100.0,19.0,-732.409972299169,-100.0,0.0,3.7999999999999996e-08,0,1,59.78507763801487,0
PPO-QP,20260808,376,71,36190,0,0,0,0.0,-100.0,-100.0,0.0,1.4802973661668754e-17,106.76756973310823,30.0,161,93,53.75,125.0,3,-100.0,100.0,-521.6066481994461,-100.0,0.0,3.7999999999999996e-08,0,1,31.39052799697511,0
PPO-QP,20260808,377,71,36286,0,0,0,0.0,-100.0,-100.0,0.0,1.9997551762666412e-11,96.58502965680493,30.0,106,93,53.75,125.0,3,-100.0,100.0,-521.6066481994461,-100.0,0.0,3.7999999999999996e-08,0,1,9.580858552677086,0
PPO-QP,20260808,378,72,36381,0,0,0,0.0,-100.0,-100.0,0.0,1.9882743599689927e-11,100.24751861636082,30.0,107,92,30.0,125.0,4,-100.0,19.0,-732.409972299169,-100.0,0.0,3.7999999999999996e-08,0,1,33.94736842105263,0
PPO-QP,20260808,379,72,36477,0,0,0,0.0,-100.0,-100.0,0.0,0.0,95.64219345576147,30.0,149,92,30.0,125.0,4,-100.0,19.0,-732.409972299169,-100.0,0.0,3.7999999999999996e-08,0,1,33.94736842105263,0
PPO-QP,20260808,380,72,36573,0,0,0,0.0,-100.0,-100.0,0.0,0.0,115.68383100969456,30.0,208,92,30.0,125.0,4,-100.0,19.0,-732.409972299169,-100.0,0.0,3.7999999999999996e-08,0,1,38.971480727924416,0
PPO-QP,20260808,381,72,36669,0,0,0,0.0,-100.0,-100.0,0.0,1.9725924597461624e-11,95.08737753583918,30.0,148,92,30.0,125.0,4,-100.0,19.0,-732.409972299169,-100.0,0.0,3.7999999999999996e-08,0,1,33.94736842105263,0
PPO-QP,20260808,382,72,36765,0,0,0,0.0,-100.0,-100.0,0.0,1.9932936782633228e-11,98.10549359535615,30.0,151,92,30.0,125.0,4,-100.0,19.0,-732.409972299169,-100.0,0.0,3.7999999999999996e-08,0,1,33.94736842105263,0
PPO-QP,20260808,383,72,36861,0,0,0,0.0,-100.0,-100.0,0.0,0.0,97.11329274490448,30.0,224,92,30.0,125.0,4,-100.0,19.0,-732.409972299169,-100.0,0.0,3.7999999999999996e-08,0,1,49.8364330110739,0
PPO-QP,20260808,384,73,36957,0,0,0,0.0,-100.0,-96.07968988786344,0.0,2.0093023541297347e-11,111.37033894980843,30.0,201,92,30.931073651632435,125.0,4,-100.0,22.538079876203252,-728.4896621870324,-96.07968988786344,-3.920310112136562,3.7999999999999996e-08,0,1,65.09502514285245,0
PPO-QP,20260808,385,73,37053,0,0,0,0.0,-100.0,-100.0,0.0,0.0,110.10922097309025,30.0,167,92,30.0,125.0,4,-100.0,19.0,-732.409972299169,-100.0,0.0,3.7999999999999996e-08,0,1,45.8111860890498,0
PPO-QP,20260808,386,73,37149,0,0,0,0.0,-100.0,-100.0,0.0,2.590520390792032e-17,98.21813398146197,30.0,68,92,30.0,125.0,4,-100.0,19.0,-732.409972299169,-100.0,0.0,3.7999999999999996e-08,0,1,33.94736842105263,0
PPO-QP,20260808,387,73,37245,0,0,0,0.0,-100.0,-91.28497244369825,0.0,0.0,112.54618120928845,30.0,212,92,32.06981904462167,125.0,4,-100.0,26.865312369562332,-723.6949447428673,-91.28497244369825,-8.715027556301749,3.7999999999999996e-08,0,1,16.517313308449133,0
PPO-QP,20260808,388,73,37341,0,0,0,0.0,-100.0,-100.0,0.0,0.0,105.94011237910321,30.0,184,92,30.0,125.0,4,-100.0,19.0,-732.409972299169,-100.0,0.0,3.7999999999999996e-08,0,1,33.94736842105263,0
PPO-QP,20260808,389,74,37438,0,0,0,0.0,-100.0,-100.0,0.0,0.0,92.27251843008824,30.0,68,93,53.75,125.0,3,-100.0,100.0,-521.6066481994461,-100.0,0.0,3.7999999999999996e-08,0,1,39.65653321537822,0
PPO-QP,20260808,390,74,37533,0,0,0,0.0,-100.0,-100.0,0.0,0.0,84.83495531338835,30.0,21,92,30.0,125.0,4,-100.0,19.0,-732.409972299169,-100.0,0.0,3.7999999999999996e-08,0,1,78.41553004046473,0
PPO-QP,20260808,391,74,37629,0,0,0,0.0,-100.0,-73.75835937995234,0.0,0.0,101.3762952084312,30.0,30,92,36.23238964726132,125.0,4,-100.0,42.68308065959302,-706.1683316791213,-73.75835937995234,-26.24164062004766,3.7999999999999996e-08,0,1,3.4495988641208015,0
PPO-QP,20260808,392,74,37725,0,0,0,0.0,-100.0,-100.0,0.0,1.9906217415173917e-11,106.24062507747706,30.0,199,92,30.0,125.0,4,-100.0,19.0,-732.409972299169,-100.0,0.0,3.7999999999999996e-08,0,1,42.17113823090442,0
PPO-QP,20260808,393,74,37821,0,0,0,0.0,-100.0,-100.0,0.0,1.986342571906145e-11,113.92297184986944,30.0,217,92,30.0,125.0,4,-100.0,19.0,-732.409972299169,-100.0,0.0,3.7999999999999996e-08,0,1,33.94736842105263,0
PPO-QP,20260808,394,75,37920,0,0,0,0.0,86.13134504707297,86.13134504707297,2.960594732333751e-17,2.960594732333751e-17,79.30445681660771,30.0,35,95,147.66614343344025,125.0,1,-100.0,100.0,86.13134504707297,86.13134504707297,0.0,3.7999999999999996e-08,0,1,61.662409067035995,0
PPO-QP,20260808,395,75,38013,0,0,0,0.0,-100.0,-100.0,0.0,0.0,110.95905457206057,30.0,193,92,30.0,125.0,4,-100.0,19.0,-732.409972299169,-100.0,0.0,3.7999999999999996e-08,0,1,33.94736842105263,0
PPO-QP,20260808,396,75,38109,0,0,0,0.0,-100.0,-93.46247303283405,0.0,1.9902450058377024e-11,92.05160546747763,30.0,120,92,31.552662654701912,125.0,4,-100.0,24.900118087867263,-725.872445332003,-93.46247303283405,-6.537526967165945,3.7999999999999996e-08,0,1,20.87231448672074,0
PPO-QP,20260808,397,75,38205,0,0,0,0.0,-100.0,-100.0,0.0,1.9852075539006365e-11,103.92254966074705,30.0,229,92,30.0,125.0,4,-100.0,19.0,-732.409972299169,-100.0,0.0,3.7999999999999996e-08,0,1,33.94736842105263,0
PPO-QP,20260808,398,75,38302,0,0,0,0.0,-100.0,-100.0,0.0,0.0,99.81726400823128,30.0,26,93,53.75,125.0,3,-100.0,100.0,-521.6066481994461,-100.0,0.0,3.7999999999999996e-08,0,1,5.664827513616842,0
PPO-QP,20260808,399,75,38397,0,0,0,0.0,-100.0,-90.18953264905238,0.0,2.960594732333751e-17,113.11894463632069,30.0,200,92,32.32998599585006,125.0,4,-100.0,27.853946784230224,-722.5995049482215,-90.18953264905238,-9.810467350947619,3.7999999999999996e-08,0,1,16.416768286638472,0
PPO-QP,20260808,400,76,38493,0,0,0,0.0,-100.0,-100.0,0.0,1.99383546709934e-11,102.31891501836098,30.0,162,92,30.0,125.0,4,-100.0,19.0,-732.409972299169,-100.0,0.0,3.7999999999999996e-08,0,1,76.72388395826893,0
PPO-QP,20260808,402,76,38685,0,0,0,0.0,-100.0,-100.0,0.0,1.9832853877706688e-11,103.52373239298403,30.0,11,92,30.0,125.0,4,-100.0,19.0,-732.409972299169,-100.0,0.0,3.7999999999999996e-08,0,1,33.94736842105263,0
PPO-QP,20260808,403,76,38781,0,0,0,0.0,-100.0,-90.77568067449877,0.0,1.991182034070486e-11,77.39593317848316,30.0,42,92,32.19077583980654,125.0,4,-100.0,27.324948191264856,-723.1856529736677,-90.77568067449877,-9.224319325501227,3.7999999999999996e-08,0,1,25.477475018958614,0
PPO-QP,20260808,404,76,38877,0,0,0,0.0,-100.0,-66.30404888490713,0.0,2.004294508139992e-11,98.60021436873261,30.0,138,92,38.002788389834556,125.0,4,-100.0,49.410595881371314,-698.714021184076,-66.30404888490713,-33.69595111509287,3.7999999999999996e-08,0,1,13.512958872381098,0
PPO-QP,20260808,406,77,39069,0,0,0,0.0,-100.0,-100.0,0.0,1.9922789344188155e-11,105.33033672677433,30.0,183,92,30.0,125.0,4,-100.0,19.0,-732.409972299169,-100.0,0.0,3.7999999999999996e-08,0,1,34.03836385923911,0
PPO-QP,20260808,407,77,39166,0,0,0,0.0,-100.0,-100.0,0.0,1.9839060024414342e-11,90.81405657348171,30.0,113,93,53.75,125.0,3,-100.0,100.0,-521.6066481994461,-100.0,0.0,3.7999999999999996e-08,0,1,15.858903607020466,0
PPO-QP,20260808,408,77,39264,0,0,0,0.0,-100.0,-100.0,1.850371707708594e-17,1.850371707708594e-17,104.44051009723651,30.0,37,95,101.25,125.0,1,-100.0,100.0,-100.0,-100.0,0.0,3.7999999999999996e-08,0,1,36.20049195871299,0
PPO-QP,20260808,410,78,39453,0,0,0,0.0,-100.0,-100.0,0.0,0.0,105.94011237910321,30.0,184,92,30.0,125.0,4,-100.0,19.0,-732.409972299169,-100.0,0.0,3.7999999999999996e-08,0,1,33.94736842105263,0
PPO-QP,20260808,411,78,39550,0,0,0,0.0,-100.0,-91.44064075716717,0.0,1.9850428708186503e-11,102.78830074449465,30.0,24,93,55.7828478201728,125.0,3,-100.0,100.0,-513.0472889566132,-91.44064075716717,-8.559359242832826,3.7999999999999996e-08,0,1,6.400877118934176,0
PPO-QP,20260808,412,78,39645,0,0,0,0.0,-100.0,-100.0,0.0,1.9791509172269648e-11,113.6679028833153,30.0,168,92,30.0,125.0,4,-100.0,19.0,-732.409972299169,-100.0,0.0,3.7999999999999996e-08,0,1,33.94736842105263,0
PPO-QP,20260808,413,78,39741,0,0,0,0.0,-100.0,-100.0,0.0,0.0,115.68383100969456,30.0,208,92,30.0,125.0,4,-100.0,19.0,-732.409972299169,-100.0,0.0,3.7999999999999996e-08,0,1,33.94736842105263,0
PPO-QP,20260808,415,78,39933,0,0,0,0.0,-100.0,-100.0,0.0,0.0,100.48692081466652,30.0,32,92,30.0,125.0,4,-100.0,19.0,-732.409972299169,-100.0,0.0,3.7999999999999996e-08,0,1,39.957496444527564,0
PPO-QP,20260808,416,79,40029,0,0,0,0.0,-100.0,-90.48216071701287,0.0,1.987834711651241e-11,102.75890329454388,30.0,187,92,32.26048682970944,125.0,4,-100.0,27.589849952895882,-722.8921330161819,-90.48216071701287,-9.517839282987126,3.7999999999999996e-08,0,1,14.911689855078379,0
PPO-QP,20260808,417,79,40125,0,0,0,0.0,-100.0,-100.0,0.0,1.985201632711172e-11,106.13850935359314,30.0,234,92,30.0,125.0,4,-100.0,19.0,-732.409972299169,-100.0,0.0,3.7999999999999996e-08,0,1,33.94736842105263,0
PPO-QP,20260808,418,79,40221,0,0,0,0.0,-100.0,-100.0,0.0,2.0069527521352863e-11,112.24190410144651,30.0,216,92,30.0,125.0,4,-100.0,19.0,-732.409972299169,-100.0,0.0,3.7999999999999996e-08,0,1,33.94736842105263,0
PPO-QP,20260808,419,79,40317,0,0,0,0.0,-100.0,-86.315027623385,0.0,2.0069435002767477e-11,98.60021436873261,30.0,138,92,33.25018093944606,125.0,4,-100.0,31.35068756989503,-718.7249999225539,-86.315027623385,-13.684972376614994,3.7999999999999996e-08,0,1,15.054124860560492,0
PPO-QP,20260808,420,79,40413,0,0,0,0.0,-100.0,-96.09629341513593,0.0,0.0,100.54978970845178,30.0,29,92,30.927130313905216,125.0,4,-100.0,22.523095192839822,-728.506265714305,-96.09629341513593,-3.903706584864068,3.7999999999999996e-08,0,1,54.34928410356983,0
PPO-QP,20260808,421,80,40509,0,0,0,0.0,-100.0,-100.0,0.0,1.9811648617936348e-11,94.29020215225974,30.0,81,92,30.0,125.0,4,-100.0,19.0,-732.409972299169,-100.0,0.0,3.7999999999999996e-08,0,1,33.94736842105263,0
PPO-QP,20260808,422,80,40605,0,0,0,0.0,-100.0,-100.0,0.0,1.9896018166321027e-11,92.01794582118721,30.0,127,92,30.0,125.0,4,-100.0,19.0,-732.409972299169,-100.0,0.0,3.7999999999999996e-08,0,1,33.94736842105263,0
PPO-QP,20260808,423,80,40702,0,0,0,0.0,-100.0,-85.76286666828211,0.0,0.0,105.5249324981936,30.0,38,93,57.131319166283,125.0,3,-100.0,100.0,-507.36951486772824,-85.76286666828211,-14.237133331717885,3.7999999999999996e-08,0,1,19.165724384886275,0
PPO-QP,20260808,424,80,40797,0,0,0,0.0,-100.0,-97.36566439464441,0.0,0.0,91.03882991970426,30.0,95,92,30.625654706271952,125.0,4,-100.0,21.377487883833417,-729.7756366938135,-97.36566439464441,-2.634335605355588,3.7999999999999996e-08,0,1,71.84484894880569,0
PPO-QP,20260808,425,80,40893,0,0,0,0.0,-100.0,-96.61770781041481,0.0,0.0,91.03882991970426,30.0,95,92,30.803294395026484,125.0,4,-100.0,22.052518701100638,-729.0276801095838,-96.61770781041481,-3.3822921895851863,3.7999999999999996e-08,0,1,27.182784041882243,0
PPO-QP,20260808,426,81,40989,0,0,0,0.0,-100.0,-100.0,0.0,1.9627914108847713e-11,110.34769251483871,30.0,219,92,30.0,125.0,4,-100.0,19.0,-732.409972299169,-100.0,0.0,3.7999999999999996e-08,0,1,48.820781347378656,0
PPO-QP,20260808,427,81,41085,0,0,0,0.0,-100.0,-100.0,0.0,2.0036472481166356e-11,95.09537857069627,30.0,117,92,30.0,125.0,4,-100.0,19.0,-732.409972299169,-100.0,0.0,3.7999999999999996e-08,0,1,33.94736842105263,0
PPO-QP,20260808,428,81,41181,0,0,0,0.0,-100.0,-100.0,0.0,2.006573425935206e-11,113.11894463632069,30.0,200,92,30.0,125.0,4,-100.0,19.0,-732.409972299169,-100.0,0.0,3.7999999999999996e-08,0,1,33.94736842105263,0
PPO-QP,20260808,429,81,41277,0,0,0,0.0,-100.0,-42.39718863048941,0.0,1.992859951135036e-11,104.96059298132022,30.0,58,92,43.680667700258766,125.0,4,-100.0,70.98653726098331,-674.8071609296584,-42.39718863048941,-57.60281136951059,3.7999999999999996e-08,0,1,20.58743271141332,0
PPO-QP,20260808,429,81,41278,0,0,0,0.0,-100.0,-100.0,0.0,1.992859951135036e-11,95.98202910859557,30.0,58,93,53.75,125.0,3,-100.0,100.0,-521.6066481994461,-100.0,0.0,3.7999999999999996e-08,0,1,12.60281136951059,0
PPO-QP,20260808,430,81,41373,0,0,0,0.0,-100.0,-30.846365669291107,0.0,2.0210792299006167e-11,82.89185109276251,30.0,91,92,46.42398815354336,125.0,4,-100.0,81.41115498346477,-663.25633796846,-30.846365669291107,-69.1536343307089,3.7999999999999996e-08,0,1,2.00564624914092,0
PPO-QP,20260808,430,81,41374,0,0,0,0.0,-100.0,-100.0,0.0,2.0210792299006167e-11,84.55666996302658,30.0,91,93,53.75,125.0,3,-100.0,100.0,-521.6066481994461,-100.0,0.0,3.7999999999999996e-08,0,1,24.153634330708883,0
PPO-QP,20260808,431,81,41469,0,0,0,0.0,-100.0,-100.0,0.0,1.9870460832294158e-11,103.60264311293285,30.0,198,92,30.0,125.0,4,-100.0,19.0,-732.409972299169,-100.0,0.0,3.7999999999999996e-08,0,1,33.94736842105263,0
PPO-QP,20260808,432,82,41565,0,0,0,0.0,-100.0,-79.00900925626314,0.0,1.9859140258186396e-11,105.96302933422132,30.0,211,92,34.985360301637506,125.0,4,-100.0,37.94436914622252,-711.4189815554321,-79.00900925626314,-20.99099074373686,3.7999999999999996e-08,0,1,34.26895581155784,0
PPO-QP,20260808,433,82,41661,0,0,0,0.0,-100.0,-42.51557388441747,0.0,1.9880486146206522e-11,83.01996185755443,30.0,27,92,43.65255120245085,125.0,4,-100.0,70.87969456931323,-674.9255461835866,-42.51557388441747,-57.48442611558253,3.7999999999999996e-08,0,1,22.619781525908177,0
PPO-QP,20260808,433,82,41662,0,0,0,0.0,-100.0,-100.0,0.0,1.9880486146206522e-11,76.5914242651083,30.0,27,93,53.75,125.0,3,-100.0,100.0,-521.6066481994461,-100.0,0.0,3.7999999999999996e-08,0,1,12.484426115582522,0
PPO-QP,20260808,434,82,41757,0,0,0,0.0,-100.0,-88.24903930865868,0.0,2.0085844099071438e-11,112.24190410144651,30.0,216,92,32.790853164193564,125.0,4,-100.0,29.605242023935542,-720.6590116078277,-88.24903930865868,-11.75096069134132,3.7999999999999996e-08,0,1,38.892820896330626,0
PPO-QP,20260808,435,82,41853,0,0,0,0.0,-100.0,-100.0,0.0,1.9924003188028413e-11,108.3505698228186,30.0,161,92,30.0,125.0,4,-100.0,19.0,-732.409972299169,-100.0,0.0,3.7999999999999996e-08,0,1,58.67048997856229,0
PPO-QP,20260808,436,82,41949,0,0,0,0.0,-100.0,-100.0,0.0,2.0049698938133057e-11,108.13271811924119,30.0,232,92,30.0,125.0,4,-100.0,19.0,-732.409972299169,-100.0,0.0,3.7999999999999996e-08,0,1,40.19933745762996,0
PPO-QP,20260808,437,83,42045,0,0,0,0.0,-100.0,-99.82018257216397,0.0,0.0,98.93233912322364,30.0,128,92,30.042706639111056,125.0,4,-100.0,19.162285228622014,-732.230154871333,-99.82018257216397,-0.17981742783602783,3.7999999999999996e-08,0,1,55.83842903434709,0
PPO-QP,20260808,438,83,42141,0,0,0,0.0,-100.0,-100.0,0.0,0.0,97.6381556687681,30.0,57,92,30.0,125.0,4,-100.0,19.0,-732.409972299169,-100.0,0.0,3.7999999999999996e-08,0,1,48.884955898819896,0
PPO-QP,20260808,439,83,42237,0,0,0,0.0,-100.0,-100.0,0.0,2.0085015132546384e-11,92.25043085354079,30.0,85,92,30.0,125.0,4,-100.0,19.0,-732.409972299169,-100.0,0.0,3.7999999999999996e-08,0,1,33.94736842105263,0
PPO-QP,20260808,440,83,42333,0,0,0,0.0,-100.0,-100.0,0.0,0.0,110.10922097309025,30.0,167,92,30.0,125.0,4,-100.0,19.0,-732.409972299169,-100.0,0.0,3.7999999999999996e-08,0,1,33.94736842105263,0
PPO-QP,20260808,441,83,42429,0,0,0,0.0,-100.0,-100.0,0.0,1.9935501397820113e-11,100.83889927295647,30.0,31,92,30.0,125.0,4,-100.0,19.0,-732.409972299169,-100.0,0.0,3.7999999999999996e-08,0,1,63.71667700562655,0
PPO-QP,20260808,442,84,42525,0,0,0,0.0,-100.0,-93.69166278599093,0.0,1.9387795073081786e-11,100.54978970845178,30.0,29,92,31.498230088327155,125.0,4,-100.0,24.69327433564319,-726.10163508516,-93.69166278599093,-6.308337214009072,3.7999999999999996e-08,0,1,39.56329782004559,0
PPO-QP,20260808,443,84,42621,0,0,0,0.0,-100.0,-100.0,0.0,0.0,98.10037487022021,30.0,132,92,30.0,125.0,4,-100.0,19.0,-732.409972299169,-100.0,0.0,3.7999999999999996e-08,0,1,33.94736842105263,0
PPO-QP,20260808,444,84,42717,0,0,0,0.0,-100.0,-100.0,0.0,0.0,115.3687027071826,30.0,164,92,30.0,125.0,4,-100.0,19.0,-732.409972299169,-100.0,0.0,3.7999999999999996e-08,0,1,33.94736842105263,0
PPO-QP,20260808,445,84,42813,0,0,0,0.0,-100.0,-100.0,0.0,0.0,105.46834623074572,30.0,204,92,30.0,125.0,4,-100.0,19.0,-732.409972299169,-100.0,0.0,3.7999999999999996e-08,0,1,40.79827661429725,0
PPO-QP,20260808,446,84,42911,0,0,0,0.0,-100.0,-100.0,0.0,0.0,95.86794448430705,30.0,44,94,77.5,125.0,2,-100.0,100.0,-310.80332409972306,-100.0,0.0,3.7999999999999996e-08,0,1,45.92015601561032,0
PPO-QP,20260808,447,84,43005,0,0,0,0.0,-100.0,-100.0,0.0,0.0,106.49212326251488,30.0,33,92,30.0,125.0,4,-100.0,19.0,-732.409972299169,-100.0,0.0,3.7999999999999996e-08,0,1,33.94736842105263,0
PPO-QP,20260808,448,85,43101,0,0,0,0.0,-100.0,-100.0,0.0,0.0,89.04411420168975,30.0,119,92,30.0,125.0,4,-100.0,19.0,-732.409972299169,-100.0,0.0,3.7999999999999996e-08,0,1,33.94736842105263,0
PPO-QP,20260808,449,85,43197,0,0,0,0.0,-100.0,-100.0,0.0,0.0,99.02691431499208,30.0,144,92,30.0,125.0,4,-100.0,19.0,-732.409972299169,-100.0,0.0,3.7999999999999996e-08,0,1,33.94736842105263,0
PPO-QP,20260808,450,85,43293,0,0,0,0.0,-100.0,-100.0,0.0,1.9946714650368827e-11,98.10549359535615,30.0,151,92,30.0,125.0,4,-100.0,19.0,-732.409972299169,-100.0,0.0,3.7999999999999996e-08,0,1,33.94736842105263,0
PPO-QP,20260808,451,85,43390,0,0,0,0.0,-100.0,-100.0,0.0,0.0,93.0802710230249,30.0,89,93,53.75,125.0,3,-100.0,100.0,-521.6066481994461,-100.0,0.0,3.7999999999999996e-08,0,1,9.923741251783767,0
PPO-QP,20260808,452,85,43485,0,0,0,0.0,-100.0,-100.0,0.0,2.0040650620482362e-11,104.64145612587045,30.0,171,92,30.0,125.0,4,-100.0,19.0,-732.409972299169,-100.0,0.0,3.7999999999999996e-08,0,1,49.28133841736606,0
PPO-QP,20260808,454,86,43677,0,0,0,0.0,-100.0,-100.0,0.0,0.0,112.82024492984584,30.0,205,92,30.0,125.0,4,-100.0,19.0,-732.409972299169,-100.0,0.0,3.7999999999999996e-08,0,1,33.94736842105263,0
PPO-QP,20260808,455,86,43773,0,0,0,0.0,-100.0,-100.0,0.0,1.989586273509758e-11,100.58254270570778,30.0,153,92,30.0,125.0,4,-100.0,19.0,-732.409972299169,-100.0,0.0,3.7999999999999996e-08,0,1,33.94736842105263,0
PPO-QP,20260808,456,86,43869,0,0,0,0.0,-100.0,-100.0,0.0,1.983507062301252e-11,99.96667633583264,30.0,97,92,30.0,125.0,4,-100.0,19.0,-732.409972299169,-100.0,0.0,3.7999999999999996e-08,0,1,43.25454589212825,0
PPO-QP,20260808,457,86,43965,0,0,0,0.0,-100.0,-81.07628682840202,0.0,1.9929950282696987e-11,92.94233251117724,30.0,1,92,34.49438187825452,125.0,4,-100.0,36.07865113736718,-713.486259127571,-81.07628682840202,-18.92371317159798,3.7999999999999996e-08,0,1,33.54157512247547,0
PPO-QP,20260808,458,87,44061,0,0,0,0.0,-100.0,-96.6249933488463,0.0,0.0,99.79980532597651,30.0,129,92,30.801564079649005,125.0,4,-100.0,22.045943502666216,-729.0349656480153,-96.6249933488463,-3.375006651153697,3.7999999999999996e-08,0,1,27.19735511874522,0
PPO-QP,20260808,459,87,44157,0,0,0,0.0,-100.0,-100.0,0.0,1.995209923203826e-11,87.01349732194478,30.0,60,92,30.0,125.0,4,-100.0,19.0,-732.409972299169,-100.0,0.0,3.7999999999999996e-08,0,1,33.94736842105263,0
PPO-QP,20260808,461,87,44351,0,0,0,0.0,-100.0,-88.59381341642228,0.0,1.9835118732676923e-11,79.3183848197537,30.0,35,94,80.20896931359971,125.0,2,-100.0,100.0,-299.39713751614534,-88.59381341642228,-11.406186583577721,3.7999999999999996e-08,0,1,42.39324442046982,0
PPO-QP,20260808,462,87,44445,0,0,0,0.0,-100.0,-100.0,0.0,1.9882229196355185e-11,94.14081101762508,30.0,115,92,30.0,125.0,4,-100.0,19.0,-732.409972299169,-100.0,0.0,3.7999999999999996e-08,0,1,65.29201034314039,0
PPO-QP,20260808,463,87,44541,0,0,0,0.0,-100.0,-100.0,0.0,0.0,87.01349732194478,30.0,60,92,30.0,125.0,4,-100.0,19.0,-732.409972299169,-100.0,0.0,3.7999999999999996e-08,0,1,87.24943272726028,0
PPO-QP,20260808,464,88,44637,0,0,0,0.0,-100.0,-100.0,0.0,1.977082571732088e-11,91.03882991970426,30.0,95,92,30.0,125.0,4,-100.0,19.0,-732.409972299169,-100.0,0.0,3.7999999999999996e-08,0,1,33.94736842105263,0
PPO-QP,20260808,465,88,44735,0,0,0,0.0,-100.0,-100.0,0.0,0.0,102.63256840393971,30.0,30,94,77.5,125.0,2,-100.0,100.0,-310.80332409972306,-100.0,0.0,3.7999999999999996e-08,0,1,20.34941912086748,0
PPO-QP,20260808,466,88,44830,0,0,0,0.0,-100.0,-100.0,0.0,0.0,98.06414277637063,30.0,115,93,53.75,125.0,3,-100.0,100.0,-521.6066481994461,-100.0,0.0,3.7999999999999996e-08,0,1,17.892639080400414,0
PPO-QP,20260808,467,88,44925,0,0,0,0.0,-100.0,-95.76987120926752,0.0,1.9852275379150796e-11,109.76789593316256,30.0,195,92,31.004655587798965,125.0,4,-100.0,22.817691233636065,-728.1798435084365,-95.76987120926752,-4.230128790732479,3.7999999999999996e-08,0,1,25.48711083958767,0
PPO-QP,20260808,469,89,45117,0,0,0,0.0,-100.0,-100.0,0.0,1.9960177954914114e-11,100.07914421571272,30.0,180,92,30.0,125.0,4,-100.0,19.0,-732.409972299169,-100.0,0.0,3.7999999999999996e-08,0,1,33.94736842105263,0
PPO-QP,20260808,470,89,45213,0,0,0,0.0,-100.0,-75.0874011717754,0.0,2.0011203805125887e-11,93.40953184232814,30.0,135,92,35.916742221703345,125.0,4,-100.0,41.483620442472706,-707.4973734709444,-75.0874011717754,-24.912598828224603,3.7999999999999996e-08,0,1,10.808045540246056,0
PPO-QP,20260808,471,89,45309,0,0,0,0.0,-100.0,-100.0,0.0,0.0,103.60264311293285,30.0,198,92,30.0,125.0,4,-100.0,19.0,-732.409972299169,-100.0,0.0,3.7999999999999996e-08,0,1,33.94736842105263,0
PPO-QP,20260808,473,89,45501,0,0,0,0.0,-100.0,-96.62013281817453,0.0,0.0,98.10037487022021,30.0,132,92,30.80271845568355,125.0,4,-100.0,22.05033013159749,-729.0301051173435,-96.62013281817453,-3.3798671818254746,3.7999999999999996e-08,0,1,45.30325502162601,0
PPO-QP,20260808,474,90,45598,0,0,0,0.0,-100.0,-93.86949117549146,0.0,0.0,102.04337710097198,30.0,178,93,55.20599584582078,125.0,3,-100.0,100.0,-515.4761393749376,-93.86949117549146,-6.130508824508539,3.7999999999999996e-08,0,1,39.307883436563145,0
PPO-QP,20260808,475,90,45695,0,0,0,0.0,-100.0,-96.6283453069078,0.0,0.0,96.27388770455246,30.0,196,94,78.3007679896094,125.0,2,-100.0,100.0,-307.4316694066308,-96.6283453069078,-3.3716546930921965,3.7999999999999996e-08,0,1,26.48603471429965,0
PPO-QP,20260808,476,90,45789,0,0,0,0.0,-100.0,-100.0,0.0,1.994202210771808e-11,92.88476102773205,30.0,105,92,30.0,125.0,4,-100.0,19.0,-732.409972299169,-100.0,0.0,3.7999999999999996e-08,0,1,33.94736842105263,0
PPO-QP,20260808,477,90,45885,0,0,0,0.0,-100.0,-100.0,0.0,1.9836129035629332e-11,108.13271811924119,30.0,232,92,30.0,125.0,4,-100.0,19.0,-732.409972299169,-100.0,0.0,3.7999999999999996e-08,0,1,33.94736842105263,0
PPO-QP,20260808,478,90,45981,0,0,0,0.0,-100.0,-100.0,0.0,1.9884723497417173e-11,112.50095741162527,30.0,230,92,30.0,125.0,4,-100.0,19.0,-732.409972299169,-100.0,0.0,3.7999999999999996e-08,0,1,33.94736842105263,0
PPO-QP,20260808,479,90,46077,0,0,0,0.0,-100.0,-83.79395746132553,0.0,0.0,103.71614153679448,30.0,125,92,33.84893510293519,125.0,4,-100.0,33.62595339115371,-716.2039297604945,-83.79395746132553,-16.206042538674467,3.7999999999999996e-08,0,1,42.466255284635025,0
