controller,seed,episode,update,transition,endpoint_minimum_violation_kw,endpoint_infeasible,feasible_state_violation,extra_excess_energy_kwh_step,power_lower_kw,power_upper_kw,ev_lower_fraction,ev_upper_fraction,base_load_minus_pv_kw,lighting_kw,day,step,soc_kwh,target_kwh,remaining_steps,physical_lower_kw,physical_upper_kw,terminal_lower_kw,terminal_upper_kw,terminal_physical_gap_kw,tolerance_kw,terminal_roundoff_repair,terminal_ramp_relaxation,terminal_ramp_gap_kw,terminal_target_conflict_step
PPO-QP,20260805,0,1,93,0,0,0,0.0,-100.0,-100.0,0.0,2.0063569324454043e-11,108.88773156390575,30.0,47,92,30.0,125.0,4,-100.0,19.0,-732.409972299169,-100.0,0.0,3.7999999999999996e-08,0,1,33.94736842105263,0
PPO-QP,20260805,1,1,189,0,0,0,0.0,-100.0,-100.0,0.0,1.9993765902152443e-11,93.40953184232814,30.0,135,92,30.0,125.0,4,-100.0,19.0,-732.409972299169,-100.0,0.0,3.7999999999999996e-08,0,1,33.94736842105263,0
PPO-QP,20260805,2,1,285,0,0,0,0.0,-100.0,-100.0,0.0,0.0,105.94011237910321,30.0,184,92,30.0,125.0,4,-100.0,19.0,-732.409972299169,-100.0,0.0,3.7999999999999996e-08,0,1,33.94736842105263,0
PPO-QP,20260805,3,1,381,0,0,0,0.0,-100.0,-100.0,0.0,2.0005645288515932e-11,108.88773156390575,30.0,47,92,30.0,125.0,4,-100.0,19.0,-732.409972299169,-100.0,0.0,3.7999999999999996e-08,0,1,33.94736842105263,0
PPO-QP,20260805,4,1,477,0,0,0,0.0,-100.0,-100.0,0.0,1.999455045975651e-11,92.94233251117724,30.0,1,92,30.0,125.0,4,-100.0,19.0,-732.409972299169,-100.0,0.0,3.7999999999999996e-08,0,1,33.94736842105263,0
PPO-QP,20260805,5,2,573,0,0,0,0.0,-100.0,-100.0,0.0,1.9885282309672904e-11,100.07914421571272,30.0,180,92,30.0,125.0,4,-100.0,19.0,-732.409972299169,-100.0,0.0,3.7999999999999996e-08,0,1,33.94736842105263,0
PPO-QP,20260805,6,2,669,0,0,0,0.0,-100.0,-100.0,0.0,2.012774391602079e-11,109.25196286046445,30.0,158,92,30.0,125.0,4,-100.0,19.0,-732.409972299169,-100.0,0.0,3.7999999999999996e-08,0,1,33.94736842105263,0
PPO-QP,20260805,7,2,765,0,0,0,0.0,-100.0,-100.0,0.0,1.9968334393401695e-11,87.53223352510913,30.0,59,92,30.0,125.0,4,-100.0,19.0,-732.409972299169,-100.0,0.0,3.7999999999999996e-08,0,1,33.94736842105263,0
PPO-QP,20260805,8,2,861,0,0,0,0.0,-100.0,-100.0,0.0,2.000842454682091e-11,101.21404399016883,30.0,40,92,30.0,125.0,4,-100.0,19.0,-732.409972299169,-100.0,0.0,3.7999999999999996e-08,0,1,33.94736842105263,0
PPO-QP,20260805,9,2,957,0,0,0,0.0,-100.0,-100.0,0.0,2.015853410123706e-11,85.8202729697167,30.0,61,92,30.0,125.0,4,-100.0,19.0,-732.409972299169,-100.0,0.0,3.7999999999999996e-08,0,1,33.94736842105263,0
PPO-QP,20260805,10,3,1053,0,0,0,0.0,-100.0,-100.0,0.0,1.9849214864346248e-11,107.24698631088836,30.0,156,92,30.0,125.0,4,-100.0,19.0,-732.409972299169,-100.0,0.0,3.7999999999999996e-08,0,1,33.94736842105263,0
PPO-QP,20260805,11,3,1149,0,0,0,0.0,-100.0,-100.0,0.0,1.9964463415789168e-11,104.76339971089588,30.0,25,92,30.0,125.0,4,-100.0,19.0,-732.409972299169,-100.0,0.0,3.7999999999999996e-08,0,1,33.94736842105263,0
PPO-QP,20260805,12,3,1245,0,0,0,0.0,-100.0,-100.0,0.0,2.0032734730316786e-11,83.44779529038792,30.0,14,92,30.0,125.0,4,-100.0,19.0,-732.409972299169,-100.0,0.0,3.7999999999999996e-08,0,1,33.94736842105263,0
PPO-QP,20260805,13,3,1341,0,0,0,0.0,-100.0,-100.0,0.0,2.016573944866688e-11,101.76595014465538,30.0,18,92,30.0,125.0,4,-100.0,19.0,-732.409972299169,-100.0,0.0,3.7999999999999996e-08,0,1,33.94736842105263,0
PPO-QP,20260805,14,3,1437,0,0,0,0.0,-100.0,-100.0,0.0,1.9881699990046777e-11,109.9284297131466,30.0,221,92,30.0,125.0,4,-100.0,19.0,-732.409972299169,-100.0,0.0,3.7999999999999996e-08,0,1,33.94736842105263,0
PPO-QP,20260805,15,3,1533,0,0,0,0.0,-100.0,-100.0,0.0,1.98754161277274e-11,99.52151171969736,30.0,51,92,30.0,125.0,4,-100.0,19.0,-732.409972299169,-100.0,0.0,3.7999999999999996e-08,0,1,33.94736842105263,0
PPO-QP,20260805,16,4,1629,0,0,0,0.0,-100.0,-100.0,0.0,2.000912768806984e-11,83.30942638550725,30.0,49,92,30.0,125.0,4,-100.0,19.0,-732.409972299169,-100.0,0.0,3.7999999999999996e-08,0,1,33.94736842105263,0
PPO-QP,20260805,17,4,1725,0,0,0,0.0,-100.0,-100.0,0.0,1.9978574350432154e-11,111.81848596317624,30.0,207,92,30.0,125.0,4,-100.0,19.0,-732.409972299169,-100.0,0.0,3.7999999999999996e-08,0,1,33.94736842105263,0
PPO-QP,20260805,18,4,1821,0,0,0,0.0,-100.0,-100.0,0.0,0.0,109.81392204466715,30.0,163,92,30.0,125.0,4,-100.0,19.0,-732.409972299169,-100.0,0.0,3.7999999999999996e-08,0,1,33.94736842105263,0
PPO-QP,20260805,19,4,1917,0,0,0,0.0,-100.0,-100.0,0.0,1.986046882507253e-11,109.25196286046445,30.0,158,92,30.0,125.0,4,-100.0,19.0,-732.409972299169,-100.0,0.0,3.7999999999999996e-08,0,1,33.94736842105263,0
PPO-QP,20260805,20,4,2013,0,0,0,0.0,-100.0,-100.0,0.0,2.0072543627236427e-11,88.20043028629402,30.0,48,92,30.0,125.0,4,-100.0,19.0,-732.409972299169,-100.0,0.0,3.7999999999999996e-08,0,1,33.94736842105263,0
PPO-QP,20260805,21,5,2109,0,0,0,0.0,-100.0,-100.0,0.0,2.0030377356761165e-11,83.30546343049515,30.0,77,92,30.0,125.0,4,-100.0,19.0,-732.409972299169,-100.0,0.0,3.7999999999999996e-08,0,1,33.94736842105263,0
PPO-QP,20260805,22,5,2205,0,0,0,0.0,-100.0,-100.0,0.0,1.9928177626601005e-11,95.87781493241873,30.0,133,92,30.0,125.0,4,-100.0,19.0,-732.409972299169,-100.0,0.0,3.7999999999999996e-08,0,1,33.94736842105263,0
PPO-QP,20260805,23,5,2301,0,0,0,0.0,-100.0,-100.0,0.0,2.0083934515469082e-11,95.08737753583918,30.0,148,92,30.0,125.0,4,-100.0,19.0,-732.409972299169,-100.0,0.0,3.7999999999999996e-08,0,1,33.94736842105263,0
PPO-QP,20260805,24,5,2397,0,0,0,0.0,-100.0,-100.0,0.0,1.9936060210075843e-11,90.64375549933027,30.0,80,92,30.0,125.0,4,-100.0,19.0,-732.409972299169,-100.0,0.0,3.7999999999999996e-08,0,1,33.94736842105263,0
PPO-QP,20260805,25,5,2493,0,0,0,0.0,-100.0,-100.0,0.0,1.983509652821643e-11,93.83291616695745,30.0,124,92,30.0,125.0,4,-100.0,19.0,-732.409972299169,-100.0,0.0,3.7999999999999996e-08,0,1,33.94736842105263,0
PPO-QP,20260805,26,6,2589,0,0,0,0.0,-100.0,-100.0,0.0,2.0078042931951736e-11,110.48753847270052,30.0,160,92,30.0,125.0,4,-100.0,19.0,-732.409972299169,-100.0,0.0,3.7999999999999996e-08,0,1,33.94736842105263,0
PPO-QP,20260805,27,6,2685,0,0,0,0.0,-100.0,-100.0,0.0,1.997045491937873e-11,98.60021436873261,30.0,138,92,30.0,125.0,4,-100.0,19.0,-732.409972299169,-100.0,0.0,3.7999999999999996e-08,0,1,33.94736842105263,0
PPO-QP,20260805,28,6,2781,0,0,0,0.0,-100.0,-100.0,0.0,1.4802973661668754e-17,101.49658100152236,30.0,177,92,30.0,125.0,4,-100.0,19.0,-732.409972299169,-100.0,0.0,3.7999999999999996e-08,0,1,33.94736842105263,0
PPO-QP,20260805,29,6,2877,0,0,0,0.0,-100.0,-100.0,0.0,0.0,109.81392204466715,30.0,163,92,30.0,125.0,4,-100.0,19.0,-732.409972299169,-100.0,0.0,3.7999999999999996e-08,0,1,33.94736842105263,0
PPO-QP,20260805,30,6,2973,0,0,0,0.0,-100.0,-100.0,0.0,2.0048203837793228e-11,112.54618120928845,30.0,212,92,30.0,125.0,4,-100.0,19.0,-732.409972299169,-100.0,0.0,3.7999999999999996e-08,0,1,33.94736842105263,0
PPO-QP,20260805,31,6,3069,0,0,0,0.0,-100.0,-100.0,0.0,0.0,94.0077774045799,30.0,78,92,30.0,125.0,4,-100.0,19.0,-732.409972299169,-100.0,0.0,3.7999999999999996e-08,0,1,33.94736842105263,0
PPO-QP,20260805,32,7,3165,0,0,0,0.0,-100.0,-100.0,0.0,2.0157368367061204e-11,95.87781493241873,30.0,133,92,30.0,125.0,4,-100.0,19.0,-732.409972299169,-100.0,0.0,3.7999999999999996e-08,0,1,33.94736842105263,0
PPO-QP,20260805,33,7,3261,0,0,0,0.0,-100.0,-100.0,0.0,1.9786720410290095e-11,109.9284297131466,30.0,221,92,30.0,125.0,4,-100.0,19.0,-732.409972299169,-100.0,0.0,3.7999999999999996e-08,0,1,59.76506279541277,0
PPO-QP,20260805,34,7,3357,0,0,0,0.0,-100.0,-100.0,0.0,1.991791546511005e-11,109.9284297131466,30.0,221,92,30.0,125.0,4,-100.0,19.0,-732.409972299169,-100.0,0.0,3.7999999999999996e-08,0,1,33.94736842105263,0
PPO-QP,20260805,35,7,3453,0,0,0,0.0,-100.0,-100.0,0.0,2.0051897179721814e-11,102.75890329454388,30.0,187,92,30.0,125.0,4,-100.0,19.0,-732.409972299169,-100.0,0.0,3.7999999999999996e-08,0,1,33.94736842105263,0
PPO-QP,20260805,36,7,3549,0,0,0,0.0,-100.0,-100.0,0.0,1.9978026640406674e-11,103.76593309393455,30.0,130,92,30.0,125.0,4,-100.0,19.0,-732.409972299169,-100.0,0.0,3.7999999999999996e-08,0,1,33.94736842105263,0
PPO-QP,20260805,37,8,3645,0,0,0,0.0,-100.0,-100.0,0.0,1.9912734424328468e-11,94.11350934331959,30.0,103,92,30.0,125.0,4,-100.0,19.0,-732.409972299169,-100.0,0.0,3.7999999999999996e-08,0,1,33.94736842105263,0
PPO-QP,20260805,38,8,3741,0,0,0,0.0,-100.0,-100.0,0.0,2.0079819288791136e-11,100.43147422329041,30.0,118,92,30.0,125.0,4,-100.0,19.0,-732.409972299169,-100.0,0.0,3.7999999999999996e-08,0,1,33.94736842105263,0
PPO-QP,20260805,39,8,3837,0,0,0,0.0,-100.0,-100.0,0.0,1.992844778087033e-11,99.17660338336258,30.0,113,92,30.0,125.0,4,-100.0,19.0,-732.409972299169,-100.0,0.0,3.7999999999999996e-08,0,1,33.94736842105263,0
PPO-QP,20260805,40,8,3933,0,0,0,0.0,-100.0,-100.0,0.0,1.9925946078321507e-11,106.52560817321435,30.0,227,92,30.0,125.0,4,-100.0,19.0,-732.409972299169,-100.0,0.0,3.7999999999999996e-08,0,1,33.94736842105263,0
PPO-QP,20260805,41,8,4029,0,0,0,0.0,-100.0,-100.0,0.0,1.9862126758122637e-11,104.06273500373985,30.0,192,92,30.0,125.0,4,-100.0,19.0,-732.409972299169,-100.0,0.0,3.7999999999999996e-08,0,1,33.94736842105263,0
PPO-QP,20260805,42,9,4125,0,0,0,0.0,-100.0,-100.0,0.0,2.0008491160202388e-11,114.98663326839446,30.0,182,92,30.0,125.0,4,-100.0,19.0,-732.409972299169,-100.0,0.0,3.7999999999999996e-08,0,1,33.94736842105263,0
PPO-QP,20260805,43,9,4221,0,0,0,0.0,-100.0,-100.0,0.0,1.9886007655382325e-11,114.05868659417193,30.0,202,92,30.0,125.0,4,-100.0,19.0,-732.409972299169,-100.0,0.0,3.7999999999999996e-08,0,1,33.94736842105263,0
PPO-QP,20260805,44,9,4317,0,0,0,0.0,-100.0,-100.0,0.0,2.0124428049920577e-11,109.25196286046445,30.0,158,92,30.0,125.0,4,-100.0,19.0,-732.409972299169,-100.0,0.0,3.7999999999999996e-08,0,1,33.94736842105263,0
PPO-QP,20260805,45,9,4413,0,0,0,0.0,-100.0,-100.0,0.0,2.00326422117314e-11,104.874570453267,30.0,238,92,30.0,125.0,4,-100.0,19.0,-732.409972299169,-100.0,0.0,3.7999999999999996e-08,0,1,33.94736842105263,0
PPO-QP,20260805,46,9,4509,0,0,0,0.0,-100.0,-100.0,0.0,1.9955552025644844e-11,95.77455035660361,30.0,116,92,30.0,125.0,4,-100.0,19.0,-732.409972299169,-100.0,0.0,3.7999999999999996e-08,0,1,33.94736842105263,0
PPO-QP,20260805,47,9,4605,0,0,0,0.0,-100.0,-100.0,0.0,2.0166857073178334e-11,100.88219124321412,30.0,145,92,30.0,125.0,4,-100.0,19.0,-732.409972299169,-100.0,0.0,3.7999999999999996e-08,0,1,33.94736842105263,0
PPO-QP,20260805,48,10,4701,0,0,0,0.0,-100.0,-100.0,0.0,2.008424167717256e-11,111.07898321111968,30.0,203,92,30.0,125.0,4,-100.0,19.0,-732.409972299169,-100.0,0.0,3.7999999999999996e-08,0,1,33.94736842105263,0
PPO-QP,20260805,49,10,4797,0,0,0,0.0,-100.0,-100.0,0.0,1.9817336660565844e-11,104.42171889899856,30.0,154,92,30.0,125.0,4,-100.0,19.0,-732.409972299169,-100.0,0.0,3.7999999999999996e-08,0,1,33.94736842105263,0
PPO-QP,20260805,50,10,4893,0,0,0,0.0,-100.0,-100.0,0.0,2.0214396823092785e-11,101.21404399016883,30.0,40,92,30.0,125.0,4,-100.0,19.0,-732.409972299169,-100.0,0.0,3.7999999999999996e-08,0,1,33.94736842105263,0
PPO-QP,20260805,51,10,4989,0,0,0,0.0,-100.0,-100.0,0.0,2.0021236520525083e-11,112.82024492984584,30.0,205,92,30.0,125.0,4,-100.0,19.0,-732.409972299169,-100.0,0.0,3.7999999999999996e-08,0,1,33.94736842105263,0
PPO-QP,20260805,52,10,5085,0,0,0,0.0,-100.0,-100.0,0.0,0.0,111.81848596317624,30.0,207,92,30.0,125.0,4,-100.0,19.0,-732.409972299169,-100.0,0.0,3.7999999999999996e-08,0,1,33.94736842105263,0
PPO-QP,20260805,53,11,5181,0,0,0,0.0,-100.0,-100.0,0.0,1.9993295907738685e-11,99.02691431499208,30.0,144,92,30.0,125.0,4,-100.0,19.0,-732.409972299169,-100.0,0.0,3.7999999999999996e-08,0,1,33.94736842105263,0
PPO-QP,20260805,54,11,5277,0,0,0,0.0,-100.0,-100.0,0.0,2.0062233356081075e-11,101.7500204535244,30.0,123,92,30.0,125.0,4,-100.0,19.0,-732.409972299169,-100.0,0.0,3.7999999999999996e-08,0,1,33.94736842105263,0
PPO-QP,20260805,55,11,5373,0,0,0,0.0,-100.0,-100.0,0.0,1.9997274206910256e-11,108.22393721596258,30.0,209,92,30.0,125.0,4,-100.0,19.0,-732.409972299169,-100.0,0.0,3.7999999999999996e-08,0,1,33.94736842105263,0
PPO-QP,20260805,56,11,5469,0,0,0,0.0,-100.0,-100.0,0.0,2.0153123614363723e-11,100.24751861636082,30.0,107,92,30.0,125.0,4,-100.0,19.0,-732.409972299169,-100.0,0.0,3.7999999999999996e-08,0,1,33.94736842105263,0
PPO-QP,20260805,57,11,5565,0,0,0,0.0,-100.0,-100.0,0.0,2.0040521094462824e-11,101.10748378887497,30.0,110,92,30.0,125.0,4,-100.0,19.0,-732.409972299169,-100.0,0.0,3.7999999999999996e-08,0,1,33.94736842105263,0
PPO-QP,20260805,58,12,5661,0,0,0,0.0,-100.0,-100.0,0.0,1.9962405802450197e-11,100.83889927295647,30.0,31,92,30.0,125.0,4,-100.0,19.0,-732.409972299169,-100.0,0.0,3.7999999999999996e-08,0,1,33.94736842105263,0
PPO-QP,20260805,59,12,5757,0,0,0,0.0,-100.0,-100.0,0.0,1.994995280085732e-11,101.10748378887497,30.0,110,92,30.0,125.0,4,-100.0,19.0,-732.409972299169,-100.0,0.0,3.7999999999999996e-08,0,1,33.94736842105263,0
PPO-QP,20260805,60,12,5853,0,0,0,0.0,-100.0,-100.0,0.0,1.9816885169869162e-11,97.84049651637996,30.0,114,92,30.0,125.0,4,-100.0,19.0,-732.409972299169,-100.0,0.0,3.7999999999999996e-08,0,1,33.94736842105263,0
PPO-QP,20260805,61,12,5949,0,0,0,0.0,-100.0,-100.0,0.0,0.0,93.11517390836408,30.0,96,92,30.0,125.0,4,-100.0,19.0,-732.409972299169,-100.0,0.0,3.7999999999999996e-08,0,1,33.94736842105263,0
PPO-QP,20260805,62,12,6045,0,0,0,0.0,-100.0,-100.0,0.0,2.0237789222221635e-11,105.46954824232857,30.0,143,92,30.0,125.0,4,-100.0,19.0,-732.409972299169,-100.0,0.0,3.7999999999999996e-08,0,1,33.94736842105263,0
PPO-QP,20260805,63,12,6141,0,0,0,0.0,-100.0,-100.0,0.0,1.9922822650878896e-11,92.05160546747763,30.0,120,92,30.0,125.0,4,-100.0,19.0,-732.409972299169,-100.0,0.0,3.7999999999999996e-08,0,1,33.94736842105263,0
PPO-QP,20260805,64,13,6237,0,0,0,0.0,-100.0,-100.0,0.0,1.991249017526305e-11,100.12765026961917,30.0,111,92,30.0,125.0,4,-100.0,19.0,-732.409972299169,-100.0,0.0,3.7999999999999996e-08,0,1,33.94736842105263,0
PPO-QP,20260805,65,13,6333,0,0,0,0.0,-100.0,-100.0,0.0,1.990846746717049e-11,102.34785609960065,30.0,23,92,30.0,125.0,4,-100.0,19.0,-732.409972299169,-100.0,0.0,3.7999999999999996e-08,0,1,33.94736842105263,0
PPO-QP,20260805,66,13,6429,0,0,0,0.0,-100.0,-100.0,0.0,0.0,87.01349732194478,30.0,60,92,30.0,125.0,4,-100.0,19.0,-732.409972299169,-100.0,0.0,3.7999999999999996e-08,0,1,33.94736842105263,0
PPO-QP,20260805,67,13,6525,0,0,0,0.0,-100.0,-100.0,0.0,1.977237632881194e-11,105.45166917558011,30.0,213,92,30.0,125.0,4,-100.0,19.0,-732.409972299169,-100.0,0.0,3.7999999999999996e-08,0,1,33.94736842105263,0
PPO-QP,20260805,68,13,6621,0,0,0,0.0,-100.0,-100.0,0.0,1.9885012155403577e-11,99.83051753648506,30.0,190,92,30.0,125.0,4,-100.0,19.0,-732.409972299169,-100.0,0.0,3.7999999999999996e-08,0,1,33.94736842105263,0
PPO-QP,20260805,69,14,6717,0,0,0,0.0,-100.0,-100.0,0.0,2.0005889537581348e-11,101.7500204535244,30.0,123,92,30.0,125.0,4,-100.0,19.0,-732.409972299169,-100.0,0.0,3.7999999999999996e-08,0,1,33.94736842105263,0
PPO-QP,20260805,70,14,6813,0,0,0,0.0,-100.0,-100.0,0.0,2.0021358645057793e-11,98.04912306783665,30.0,136,92,30.0,125.0,4,-100.0,19.0,-732.409972299169,-100.0,0.0,3.7999999999999996e-08,0,1,33.94736842105263,0
PPO-QP,20260805,71,14,6909,0,0,0,0.0,-100.0,-100.0,0.0,1.9920916768019954e-11,104.874570453267,30.0,238,92,30.0,125.0,4,-100.0,19.0,-732.409972299169,-100.0,0.0,3.7999999999999996e-08,0,1,33.94736842105263,0
PPO-QP,20260805,72,14,7005,0,0,0,0.0,-100.0,-100.0,0.0,2.0024304436816464e-11,87.66406128442175,30.0,34,92,30.0,125.0,4,-100.0,19.0,-732.409972299169,-100.0,0.0,3.7999999999999996e-08,0,1,33.94736842105263,0
PPO-QP,20260805,73,14,7101,0,0,0,0.0,-100.0,-100.0,0.0,1.993793278624404e-11,103.35487004591415,30.0,223,92,30.0,125.0,4,-100.0,19.0,-732.409972299169,-100.0,0.0,3.7999999999999996e-08,0,1,33.94736842105263,0
PPO-QP,20260805,74,15,7197,0,0,0,0.0,-100.0,-100.0,0.0,1.9951166644697575e-11,112.16735870136588,30.0,181,92,30.0,125.0,4,-100.0,19.0,-732.409972299169,-100.0,0.0,3.7999999999999996e-08,0,1,33.94736842105263,0
PPO-QP,20260805,75,15,7293,0,0,0,0.0,-100.0,-100.0,0.0,2.0113892033416885e-11,100.58254270570778,30.0,153,92,30.0,125.0,4,-100.0,19.0,-732.409972299169,-100.0,0.0,3.7999999999999996e-08,0,1,33.94736842105263,0
PPO-QP,20260805,76,15,7389,0,0,0,0.0,-100.0,-100.0,0.0,0.0,95.77455035660361,30.0,116,92,30.0,125.0,4,-100.0,19.0,-732.409972299169,-100.0,0.0,3.7999999999999996e-08,0,1,33.94736842105263,0
PPO-QP,20260805,77,15,7485,0,0,0,0.0,-100.0,-100.0,0.0,2.0005093877747034e-11,99.83051753648506,30.0,190,92,30.0,125.0,4,-100.0,19.0,-732.409972299169,-100.0,0.0,3.7999999999999996e-08,0,1,33.94736842105263,0
PPO-QP,20260805,78,15,7581,0,0,0,0.0,-100.0,-100.0,0.0,1.9994861322203407e-11,110.95905457206057,30.0,193,92,30.0,125.0,4,-100.0,19.0,-732.409972299169,-100.0,0.0,3.7999999999999996e-08,0,1,33.94736842105263,0
PPO-QP,20260805,79,15,7677,0,0,0,0.0,-100.0,-100.0,0.0,1.9948557620589705e-11,109.9284297131466,30.0,221,92,30.0,125.0,4,-100.0,19.0,-732.409972299169,-100.0,0.0,3.7999999999999996e-08,0,1,33.94736842105263,0
PPO-QP,20260805,80,16,7773,0,0,0,0.0,-100.0,-100.0,0.0,2.000767329590758e-11,100.24751861636082,30.0,107,92,30.0,125.0,4,-100.0,19.0,-732.409972299169,-100.0,0.0,3.7999999999999996e-08,0,1,33.94736842105263,0
PPO-QP,20260805,81,16,7869,0,0,0,0.0,-100.0,-100.0,0.0,2.005000980057995e-11,93.65825683373826,30.0,147,92,30.0,125.0,4,-100.0,19.0,-732.409972299169,-100.0,0.0,3.7999999999999996e-08,0,1,33.94736842105263,0
PPO-QP,20260805,82,16,7965,0,0,0,0.0,-100.0,-100.0,0.0,2.005584957368948e-11,104.30825886118944,30.0,22,92,30.0,125.0,4,-100.0,19.0,-732.409972299169,-100.0,0.0,3.7999999999999996e-08,0,1,33.94736842105263,0
PPO-QP,20260805,83,16,8061,0,0,0,0.0,-100.0,-100.0,0.0,1.973942861018448e-11,110.00887532212714,30.0,215,92,30.0,125.0,4,-100.0,19.0,-732.409972299169,-100.0,0.0,3.7999999999999996e-08,0,1,33.94736842105263,0
PPO-QP,20260805,84,16,8157,0,0,0,0.0,-100.0,-100.0,0.0,1.991024752475331e-11,88.64779970570982,30.0,89,92,30.0,125.0,4,-100.0,19.0,-732.409972299169,-100.0,0.0,3.7999999999999996e-08,0,1,33.94736842105263,0
PPO-QP,20260805,85,17,8253,0,0,0,0.0,-100.0,-100.0,0.0,1.9918711124944365e-11,106.78624934180647,30.0,218,92,30.0,125.0,4,-100.0,19.0,-732.409972299169,-100.0,0.0,3.7999999999999996e-08,0,1,33.94736842105263,0
PPO-QP,20260805,86,17,8349,0,0,0,0.0,-100.0,-100.0,0.0,1.9980021341107582e-11,106.43851663116271,30.0,225,92,30.0,125.0,4,-100.0,19.0,-732.409972299169,-100.0,0.0,3.7999999999999996e-08,0,1,33.94736842105263,0
PPO-QP,20260805,87,17,8445,0,0,0,0.0,-100.0,-100.0,0.0,0.0,92.19664912634585,30.0,74,92,30.0,125.0,4,-100.0,19.0,-732.409972299169,-100.0,0.0,3.7999999999999996e-08,0,1,33.94736842105263,0
PPO-QP,20260805,88,17,8541,0,0,0,0.0,-100.0,-100.0,0.0,1.99976442812518e-11,113.6679028833153,30.0,168,92,30.0,125.0,4,-100.0,19.0,-732.409972299169,-100.0,0.0,3.7999999999999996e-08,0,1,33.94736842105263,0
PPO-QP,20260805,89,17,8637,0,0,0,0.0,-100.0,-100.0,0.0,1.9891466251920064e-11,104.23250747221446,30.0,226,92,30.0,125.0,4,-100.0,19.0,-732.409972299169,-100.0,0.0,3.7999999999999996e-08,0,1,33.94736842105263,0
PPO-QP,20260805,90,18,8733,0,0,0,0.0,-100.0,-100.0,0.0,1.993461692014383e-11,95.77455035660361,30.0,116,92,30.0,125.0,4,-100.0,19.0,-732.409972299169,-100.0,0.0,3.7999999999999996e-08,0,1,33.94736842105263,0
PPO-QP,20260805,91,18,8829,0,0,0,0.0,-100.0,-100.0,0.0,2.0061289666510143e-11,87.53223352510913,30.0,59,92,30.0,125.0,4,-100.0,19.0,-732.409972299169,-100.0,0.0,3.7999999999999996e-08,0,1,33.94736842105263,0
PPO-QP,20260805,92,18,8925,0,0,0,0.0,-100.0,-100.0,0.0,2.0142321144334118e-11,90.43588685788883,30.0,93,92,30.0,125.0,4,-100.0,19.0,-732.409972299169,-100.0,0.0,3.7999999999999996e-08,0,1,33.94736842105263,0
PPO-QP,20260805,93,18,9021,0,0,0,0.0,-100.0,-100.0,0.0,1.994463853331278e-11,109.28789200484522,30.0,176,92,30.0,125.0,4,-100.0,19.0,-732.409972299169,-100.0,0.0,3.7999999999999996e-08,0,1,33.94736842105263,0
PPO-QP,20260805,94,18,9117,0,0,0,0.0,-100.0,-100.0,0.0,1.999174159550421e-11,110.10922097309025,30.0,167,92,30.0,125.0,4,-100.0,19.0,-732.409972299169,-100.0,0.0,3.7999999999999996e-08,0,1,33.94736842105263,0
PPO-QP,20260805,95,18,9213,0,0,0,0.0,-100.0,-100.0,0.0,0.0,101.49658100152236,30.0,177,92,30.0,125.0,4,-100.0,19.0,-732.409972299169,-100.0,0.0,3.7999999999999996e-08,0,1,33.94736842105263,0
PPO-QP,20260805,96,19,9309,0,0,0,0.0,-100.0,-100.0,0.0,1.9907731019230823e-11,104.06273500373985,30.0,192,92,30.0,125.0,4,-100.0,19.0,-732.409972299169,-100.0,0.0,3.7999999999999996e-08,0,1,33.94736842105263,0
PPO-QP,20260805,97,19,9405,0,0,0,0.0,-100.0,-100.0,0.0,1.9913789136201862e-11,95.08737753583918,30.0,148,92,30.0,125.0,4,-100.0,19.0,-732.409972299169,-100.0,0.0,3.7999999999999996e-08,0,1,33.94736842105263,0
PPO-QP,20260805,98,19,9501,0,0,0,0.0,-100.0,-100.0,0.0,1.9994184086158385e-11,105.40884051002003,30.0,169,92,30.0,125.0,4,-100.0,19.0,-732.409972299169,-100.0,0.0,3.7999999999999996e-08,0,1,33.94736842105263,0
PPO-QP,20260805,99,19,9597,0,0,0,0.0,-100.0,-100.0,0.0,1.9946951497947414e-11,97.57557280168987,30.0,75,92,30.0,125.0,4,-100.0,19.0,-732.409972299169,-100.0,0.0,3.7999999999999996e-08,0,1,33.94736842105263,0
PPO-QP,20260805,100,19,9693,0,0,0,0.0,-100.0,-100.0,0.0,2.004284146058429e-11,92.24150315024411,30.0,69,92,30.0,125.0,4,-100.0,19.0,-732.409972299169,-100.0,0.0,3.7999999999999996e-08,0,1,33.94736842105263,0
PPO-QP,20260805,101,20,9789,0,0,0,0.0,-100.0,-100.0,0.0,1.9923799647140564e-11,100.00130821074683,30.0,222,92,30.0,125.0,4,-100.0,19.0,-732.409972299169,-100.0,0.0,3.7999999999999996e-08,0,1,35.363000334316865,0
PPO-QP,20260805,102,20,9885,0,0,0,0.0,-100.0,-100.0,0.0,1.9946540715428304e-11,99.51338637734993,30.0,140,92,30.0,125.0,4,-100.0,19.0,-732.409972299169,-100.0,0.0,3.7999999999999996e-08,0,1,33.94736842105263,0
PPO-QP,20260805,103,20,9981,0,0,0,0.0,-100.0,-100.0,0.0,2.006253681704114e-11,105.7846855565606,30.0,4,92,30.0,125.0,4,-100.0,19.0,-732.409972299169,-100.0,0.0,3.7999999999999996e-08,0,1,33.94736842105263,0
PPO-QP,20260805,104,20,10077,0,0,0,0.0,-100.0,-100.0,0.0,1.9869054549796297e-11,106.52560817321435,30.0,227,92,30.0,125.0,4,-100.0,19.0,-732.409972299169,-100.0,0.0,3.7999999999999996e-08,0,1,33.94736842105263,0
PPO-QP,20260805,105,20,10173,0,0,0,0.0,-100.0,-100.0,0.0,1.9892720803937892e-11,92.88476102773205,30.0,105,92,30.0,125.0,4,-100.0,19.0,-732.409972299169,-100.0,0.0,3.7999999999999996e-08,0,1,33.94736842105263,0
PPO-QP,20260805,106,21,10269,0,0,0,0.0,-100.0,-100.0,0.0,2.0046830861986108e-11,94.86775162328135,30.0,67,92,30.0,125.0,4,-100.0,19.0,-732.409972299169,-100.0,0.0,3.7999999999999996e-08,0,1,33.94736842105263,0
PPO-QP,20260805,107,21,10365,0,0,0,0.0,-100.0,-100.0,0.0,1.9905240418912248e-11,102.11370682986832,30.0,188,92,30.0,125.0,4,-100.0,19.0,-732.409972299169,-100.0,0.0,3.7999999999999996e-08,0,1,33.94736842105263,0
PPO-QP,20260805,108,21,10461,0,0,0,0.0,-100.0,-100.0,0.0,2.0010689401791144e-11,104.00758986645744,30.0,9,92,30.0,125.0,4,-100.0,19.0,-732.409972299169,-100.0,0.0,3.7999999999999996e-08,0,1,33.94736842105263,0
PPO-QP,20260805,109,21,10557,0,0,0,0.0,-100.0,-100.0,0.0,0.0,95.06128279232206,30.0,126,92,30.0,125.0,4,-100.0,19.0,-732.409972299169,-100.0,0.0,3.7999999999999996e-08,0,1,33.94736842105263,0
PPO-QP,20260805,110,21,10653,0,0,0,0.0,-100.0,-100.0,0.0,1.9993458740448964e-11,110.34769251483871,30.0,219,92,30.0,125.0,4,-100.0,19.0,-732.409972299169,-100.0,0.0,3.7999999999999996e-08,0,1,33.94736842105263,0
PPO-QP,20260805,111,21,10749,0,0,0,0.0,-100.0,-100.0,0.0,2.0064024515894136e-11,93.21260719239173,30.0,66,92,30.0,125.0,4,-100.0,19.0,-732.409972299169,-100.0,0.0,3.7999999999999996e-08,0,1,34.780708296311076,0
PPO-QP,20260805,112,22,10845,0,0,0,0.0,-100.0,-100.0,0.0,1.9861923217234788e-11,108.88773156390575,30.0,47,92,30.0,125.0,4,-100.0,19.0,-732.409972299169,-100.0,0.0,3.7999999999999996e-08,0,1,33.94736842105263,0
PPO-QP,20260805,113,22,10941,0,0,0,0.0,-100.0,-100.0,0.0,5.921189464667501e-17,87.01349732194478,30.0,60,92,30.0,125.0,4,-100.0,19.0,-732.409972299169,-100.0,0.0,3.7999999999999996e-08,0,1,33.94736842105263,0
PPO-QP,20260805,114,22,11037,0,0,0,0.0,-100.0,-100.0,0.0,1.982760252280021e-11,103.27932168487578,30.0,12,92,30.0,125.0,4,-100.0,19.0,-732.409972299169,-100.0,0.0,3.7999999999999996e-08,0,1,33.94736842105263,0
PPO-QP,20260805,115,22,11133,0,0,0,0.0,-100.0,-100.0,0.0,2.0219411330420674e-11,100.24751861636082,30.0,107,92,30.0,125.0,4,-100.0,19.0,-732.409972299169,-100.0,0.0,3.7999999999999996e-08,0,1,33.94736842105263,0
PPO-QP,20260805,116,22,11229,0,0,0,0.0,-100.0,-100.0,0.0,1.9990313108545858e-11,96.4455216587882,30.0,175,92,30.0,125.0,4,-100.0,19.0,-732.409972299169,-100.0,0.0,3.7999999999999996e-08,0,1,33.94736842105263,0
PPO-QP,20260805,117,23,11325,0,0,0,0.0,-100.0,-100.0,0.0,1.9949712252535315e-11,99.96667633583264,30.0,97,92,30.0,125.0,4,-100.0,19.0,-732.409972299169,-100.0,0.0,3.7999999999999996e-08,0,1,33.94736842105263,0
PPO-QP,20260805,118,23,11421,0,0,0,0.0,-100.0,-100.0,0.0,1.9948206049965242e-11,92.05160546747763,30.0,120,92,30.0,125.0,4,-100.0,19.0,-732.409972299169,-100.0,0.0,3.7999999999999996e-08,0,1,33.94736842105263,0
PPO-QP,20260805,119,23,11517,0,0,0,0.0,-100.0,-100.0,0.0,0.0,95.77455035660361,30.0,116,92,30.0,125.0,4,-100.0,19.0,-732.409972299169,-100.0,0.0,3.7999999999999996e-08,0,1,33.94736842105263,0
PPO-QP,20260805,120,23,11613,0,0,0,0.0,-100.0,-100.0,0.0,7.401486830834377e-18,109.81392204466715,30.0,163,92,30.0,125.0,4,-100.0,19.0,-732.409972299169,-100.0,0.0,3.7999999999999996e-08,0,1,33.94736842105263,0
PPO-QP,20260805,121,23,11709,0,0,0,0.0,-100.0,-100.0,0.0,2.0017247119123265e-11,83.30546343049515,30.0,77,92,30.0,125.0,4,-100.0,19.0,-732.409972299169,-100.0,0.0,3.7999999999999996e-08,0,1,33.94736842105263,0
PPO-QP,20260805,122,24,11805,0,0,0,0.0,-100.0,-100.0,0.0,1.992158290183473e-11,110.00887532212714,30.0,215,92,30.0,125.0,4,-100.0,19.0,-732.409972299169,-100.0,0.0,3.7999999999999996e-08,0,1,33.94736842105263,0
PPO-QP,20260805,123,24,11901,0,0,0,0.0,-100.0,-100.0,0.0,1.9995179586137133e-11,105.7846855565606,30.0,4,92,30.0,125.0,4,-100.0,19.0,-732.409972299169,-100.0,0.0,3.7999999999999996e-08,0,1,33.94736842105263,0
PPO-QP,20260805,124,24,11997,0,0,0,0.0,-100.0,-100.0,0.0,2.0116619481314046e-11,103.74738027439993,30.0,54,92,30.0,125.0,4,-100.0,19.0,-732.409972299169,-100.0,0.0,3.7999999999999996e-08,0,1,33.94736842105263,0
PPO-QP,20260805,125,24,12093,0,0,0,0.0,-100.0,-100.0,0.0,1.9916912563644474e-11,99.83051753648506,30.0,190,92,30.0,125.0,4,-100.0,19.0,-732.409972299169,-100.0,0.0,3.7999999999999996e-08,0,1,33.94736842105263,0
PPO-QP,20260805,126,24,12189,0,0,0,0.0,-100.0,-100.0,0.0,1.9843241864473762e-11,110.00887532212714,30.0,215,92,30.0,125.0,4,-100.0,19.0,-732.409972299169,-100.0,0.0,3.7999999999999996e-08,0,1,33.94736842105263,0
PPO-QP,20260805,127,24,12285,0,0,0,0.0,-100.0,-100.0,0.0,1.9845758369996248e-11,112.16735870136588,30.0,181,92,30.0,125.0,4,-100.0,19.0,-732.409972299169,-100.0,0.0,3.7999999999999996e-08,0,1,33.94736842105263,0
PPO-QP,20260805,128,25,12381,0,0,0,0.0,-100.0,-100.0,0.0,1.9995708792445537e-11,87.61049049163246,30.0,101,92,30.0,125.0,4,-100.0,19.0,-732.409972299169,-100.0,0.0,3.7999999999999996e-08,0,1,33.94736842105263,0
PPO-QP,20260805,129,25,12477,0,0,0,0.0,-100.0,-100.0,0.0,1.9933095914600093e-11,100.07914421571272,30.0,180,92,30.0,125.0,4,-100.0,19.0,-732.409972299169,-100.0,0.0,3.7999999999999996e-08,0,1,33.94736842105263,0
PPO-QP,20260805,130,25,12573,0,0,0,0.0,-100.0,-100.0,0.0,1.9936952089238958e-11,109.97109181636901,30.0,185,92,30.0,125.0,4,-100.0,19.0,-732.409972299169,-100.0,0.0,3.7999999999999996e-08,0,1,33.94736842105263,0
PPO-QP,20260805,131,25,12669,0,0,0,0.0,-100.0,-100.0,0.0,1.9918352152833072e-11,97.3102387833523,30.0,104,92,30.0,125.0,4,-100.0,19.0,-732.409972299169,-100.0,0.0,3.7999999999999996e-08,0,1,33.94736842105263,0
PPO-QP,20260805,132,25,12765,0,0,0,0.0,-100.0,-100.0,0.0,1.9878979943636446e-11,91.9647476534924,30.0,62,92,30.0,125.0,4,-100.0,19.0,-732.409972299169,-100.0,0.0,3.7999999999999996e-08,0,1,33.94736842105263,0
PPO-QP,20260805,133,26,12861,0,0,0,0.0,-100.0,-100.0,0.0,2.0043137520057522e-11,77.39593317848316,30.0,42,92,30.0,125.0,4,-100.0,19.0,-732.409972299169,-100.0,0.0,3.7999999999999996e-08,0,1,33.94736842105263,0
PPO-QP,20260805,134,26,12957,0,0,0,0.0,-100.0,-100.0,0.0,1.9907235119613156e-11,103.35487004591415,30.0,223,92,30.0,125.0,4,-100.0,19.0,-732.409972299169,-100.0,0.0,3.7999999999999996e-08,0,1,55.19140174460896,0
PPO-QP,20260805,135,26,13053,0,0,0,0.0,-100.0,-100.0,0.0,1.976075599448753e-11,108.13271811924119,30.0,232,92,30.0,125.0,4,-100.0,19.0,-732.409972299169,-100.0,0.0,3.7999999999999996e-08,0,1,33.94736842105263,0
PPO-QP,20260805,136,26,13149,0,0,0,0.0,-100.0,-100.0,0.0,2.0143560893378285e-11,98.98452005268396,30.0,24,92,30.0,125.0,4,-100.0,19.0,-732.409972299169,-100.0,0.0,3.7999999999999996e-08,0,1,33.94736842105263,0
PPO-QP,20260805,137,26,13245,0,0,0,0.0,-100.0,-100.0,0.0,1.9980050947054905e-11,109.76789593316256,30.0,195,92,30.0,125.0,4,-100.0,19.0,-732.409972299169,-100.0,0.0,3.7999999999999996e-08,0,1,33.94736842105263,0
PPO-QP,20260805,138,27,13341,0,0,0,0.0,-100.0,-100.0,0.0,1.9629979123673517e-11,106.43851663116271,30.0,225,92,30.0,125.0,4,-100.0,19.0,-732.409972299169,-100.0,0.0,3.7999999999999996e-08,0,1,33.94736842105263,0
PPO-QP,20260805,139,27,13437,0,0,0,0.0,-100.0,-100.0,0.0,1.9979355207292807e-11,98.64165448582102,30.0,142,92,30.0,125.0,4,-100.0,19.0,-732.409972299169,-100.0,0.0,3.7999999999999996e-08,0,1,33.94736842105263,0
PPO-QP,20260805,140,27,13533,0,0,0,0.0,-100.0,-100.0,0.0,2.0094977533820688e-11,99.52151171969736,30.0,51,92,30.0,125.0,4,-100.0,19.0,-732.409972299169,-100.0,0.0,3.7999999999999996e-08,0,1,33.94736842105263,0
PPO-QP,20260805,141,27,13629,0,0,0,0.0,-100.0,-100.0,0.0,1.9862023137307007e-11,94.92530164324614,30.0,109,92,30.0,125.0,4,-100.0,19.0,-732.409972299169,-100.0,0.0,3.7999999999999996e-08,0,1,33.94736842105263,0
PPO-QP,20260805,142,27,13725,0,0,0,0.0,-100.0,-100.0,0.0,1.994073794975293e-11,102.98408042338848,30.0,178,92,30.0,125.0,4,-100.0,19.0,-732.409972299169,-100.0,0.0,3.7999999999999996e-08,0,1,33.94736842105263,0
PPO-QP,20260805,143,27,13821,0,0,0,0.0,-100.0,-100.0,0.0,1.991768231827488e-11,96.32255108936515,30.0,15,92,30.0,125.0,4,-100.0,19.0,-732.409972299169,-100.0,0.0,3.7999999999999996e-08,0,1,33.94736842105263,0
PPO-QP,20260805,144,28,13917,0,0,0,0.0,-100.0,-100.0,0.0,1.9874428029235482e-11,88.64779970570982,30.0,89,92,30.0,125.0,4,-100.0,19.0,-732.409972299169,-100.0,0.0,3.7999999999999996e-08,0,1,33.94736842105263,0
PPO-QP,20260805,145,28,14013,0,0,0,0.0,-100.0,-100.0,0.0,2.0067973209118388e-11,93.95418866591038,30.0,94,92,30.0,125.0,4,-100.0,19.0,-732.409972299169,-100.0,0.0,3.7999999999999996e-08,0,1,33.94736842105263,0
PPO-QP,20260805,146,28,14109,0,0,0,0.0,-100.0,-100.0,0.0,1.4802973661668754e-17,99.1738371645239,30.0,108,92,30.0,125.0,4,-100.0,19.0,-732.409972299169,-100.0,0.0,3.7999999999999996e-08,0,1,33.94736842105263,0
PPO-QP,20260805,147,28,14205,0,0,0,0.0,-100.0,-100.0,0.0,2.01043663198656e-11,95.24953877379312,30.0,64,92,30.0,125.0,4,-100.0,19.0,-732.409972299169,-100.0,0.0,3.7999999999999996e-08,0,1,33.94736842105263,0
PPO-QP,20260805,148,28,14301,0,0,0,0.0,-100.0,-100.0,0.0,1.9785428850838115e-11,93.65825683373826,30.0,147,92,30.0,125.0,4,-100.0,19.0,-732.409972299169,-100.0,0.0,3.7999999999999996e-08,0,1,33.94736842105263,0
PPO-QP,20260805,149,29,14397,0,0,0,0.0,-100.0,-100.0,0.0,2.0105217490851147e-11,90.64375549933027,30.0,80,92,30.0,125.0,4,-100.0,19.0,-732.409972299169,-100.0,0.0,3.7999999999999996e-08,0,1,33.94736842105263,0
PPO-QP,20260805,150,29,14493,0,0,0,0.0,-100.0,-100.0,0.0,1.995702492152418e-11,98.10037487022021,30.0,132,92,30.0,125.0,4,-100.0,19.0,-732.409972299169,-100.0,0.0,3.7999999999999996e-08,0,1,33.94736842105263,0
PPO-QP,20260805,151,29,14589,0,0,0,0.0,-100.0,-100.0,0.0,1.9904896249774614e-11,106.43851663116271,30.0,225,92,30.0,125.0,4,-100.0,19.0,-732.409972299169,-100.0,0.0,3.7999999999999996e-08,0,1,33.94736842105263,0
PPO-QP,20260805,152,29,14685,0,0,0,0.0,-100.0,-100.0,0.0,1.9852023728598548e-11,88.20043028629402,30.0,48,92,30.0,125.0,4,-100.0,19.0,-732.409972299169,-100.0,0.0,3.7999999999999996e-08,0,1,33.94736842105263,0
PPO-QP,20260805,153,29,14781,0,0,0,0.0,-100.0,-100.0,0.0,2.0088656664067153e-11,112.50095741162527,30.0,230,92,30.0,125.0,4,-100.0,19.0,-732.409972299169,-100.0,0.0,3.7999999999999996e-08,0,1,33.94736842105263,0
PPO-QP,20260805,154,30,14877,0,0,0,0.0,-100.0,-100.0,0.0,2.0022021078129153e-11,109.00381953646375,30.0,159,92,30.0,125.0,4,-100.0,19.0,-732.409972299169,-100.0,0.0,3.7999999999999996e-08,0,1,33.94736842105263,0
PPO-QP,20260805,155,30,14973,0,0,0,0.0,-100.0,-100.0,0.0,1.9922645015194955e-11,105.7846855565606,30.0,4,92,30.0,125.0,4,-100.0,19.0,-732.409972299169,-100.0,0.0,3.7999999999999996e-08,0,1,33.94736842105263,0
PPO-QP,20260805,156,30,15069,0,0,0,0.0,-100.0,-100.0,0.0,0.0,93.40953184232814,30.0,135,92,30.0,125.0,4,-100.0,19.0,-732.409972299169,-100.0,0.0,3.7999999999999996e-08,0,1,33.94736842105263,0
PPO-QP,20260805,157,30,15165,0,0,0,0.0,-100.0,-100.0,0.0,1.989629202133377e-11,102.17123510480714,30.0,231,92,30.0,125.0,4,-100.0,19.0,-732.409972299169,-100.0,0.0,3.7999999999999996e-08,0,1,33.94736842105263,0
PPO-QP,20260805,158,30,15261,0,0,0,0.0,-100.0,-100.0,0.0,1.9971968523435635e-11,113.11894463632069,30.0,200,92,30.0,125.0,4,-100.0,19.0,-732.409972299169,-100.0,0.0,3.7999999999999996e-08,0,1,33.94736842105263,0
PPO-QP,20260805,159,30,15357,0,0,0,0.0,-100.0,-100.0,0.0,2.015763852133053e-11,84.83495531338835,30.0,21,92,30.0,125.0,4,-100.0,19.0,-732.409972299169,-100.0,0.0,3.7999999999999996e-08,0,1,33.94736842105263,0
PPO-QP,20260805,160,31,15453,0,0,0,0.0,-100.0,-100.0,0.0,1.9921161017085372e-11,98.60021436873261,30.0,138,92,30.0,125.0,4,-100.0,19.0,-732.409972299169,-100.0,0.0,3.7999999999999996e-08,0,1,33.94736842105263,0
PPO-QP,20260805,161,31,15549,0,0,0,0.0,-100.0,-100.0,0.0,1.9875615967871833e-11,101.49658100152236,30.0,177,92,30.0,125.0,4,-100.0,19.0,-732.409972299169,-100.0,0.0,3.7999999999999996e-08,0,1,33.94736842105263,0
PPO-QP,20260805,162,31,15645,0,0,0,0.0,-100.0,-100.0,0.0,1.9986090560308868e-11,117.29831760304205,30.0,210,92,30.0,125.0,4,-100.0,19.0,-732.409972299169,-100.0,0.0,3.7999999999999996e-08,0,1,33.94736842105263,0
PPO-QP,20260805,163,31,15741,0,0,0,0.0,-100.0,-100.0,0.0,1.9883309813432484e-11,87.66406128442175,30.0,34,92,30.0,125.0,4,-100.0,19.0,-732.409972299169,-100.0,0.0,3.7999999999999996e-08,0,1,33.94736842105263,0
PPO-QP,20260805,164,31,15837,0,0,0,0.0,-100.0,-100.0,0.0,1.9941670537093615e-11,92.94233251117724,30.0,1,92,30.0,125.0,4,-100.0,19.0,-732.409972299169,-100.0,0.0,3.7999999999999996e-08,0,1,33.94736842105263,0
PPO-QP,20260805,165,32,15933,0,0,0,0.0,-100.0,-100.0,0.0,1.9846220962923174e-11,104.9255458245251,30.0,233,92,30.0,125.0,4,-100.0,19.0,-732.409972299169,-100.0,0.0,3.7999999999999996e-08,0,1,65.73806044426038,0
PPO-QP,20260805,166,32,16029,0,0,0,0.0,-100.0,-100.0,0.0,1.983327946319946e-11,84.73391284961718,30.0,63,92,30.0,125.0,4,-100.0,19.0,-732.409972299169,-100.0,0.0,3.7999999999999996e-08,0,1,33.94736842105263,0
PPO-QP,20260805,167,32,16125,0,0,0,0.0,-100.0,-100.0,0.0,0.0,103.03986682541994,30.0,194,92,30.0,125.0,4,-100.0,19.0,-732.409972299169,-100.0,0.0,3.7999999999999996e-08,0,1,33.94736842105263,0
PPO-QP,20260805,168,32,16221,0,0,0,0.0,-100.0,-100.0,0.0,1.9932085611647683e-11,73.92145614413825,30.0,13,92,30.0,125.0,4,-100.0,19.0,-732.409972299169,-100.0,0.0,3.7999999999999996e-08,0,1,33.94736842105263,0
PPO-QP,20260805,169,32,16317,0,0,0,0.0,-100.0,-100.0,0.0,1.992281154864865e-11,109.28789200484522,30.0,176,92,30.0,125.0,4,-100.0,19.0,-732.409972299169,-100.0,0.0,3.7999999999999996e-08,0,1,33.94736842105263,0
PPO-QP,20260805,170,33,16413,0,0,0,0.0,-100.0,-100.0,0.0,1.9946004107633068e-11,102.34785609960065,30.0,23,92,30.0,125.0,4,-100.0,19.0,-732.409972299169,-100.0,0.0,3.7999999999999996e-08,0,1,33.94736842105263,0
PPO-QP,20260805,171,33,16509,0,0,0,0.0,-100.0,-100.0,0.0,1.9851339091066697e-11,105.46834623074572,30.0,204,92,30.0,125.0,4,-100.0,19.0,-732.409972299169,-100.0,0.0,3.7999999999999996e-08,0,1,33.94736842105263,0
PPO-QP,20260805,172,33,16605,0,0,0,0.0,-100.0,-100.0,0.0,1.988594844348768e-11,89.82960521821806,30.0,90,92,30.0,125.0,4,-100.0,19.0,-732.409972299169,-100.0,0.0,3.7999999999999996e-08,0,1,33.94736842105263,0
PPO-QP,20260805,173,33,16701,0,0,0,0.0,-100.0,-100.0,0.0,1.992816282362734e-11,77.39593317848316,30.0,42,92,30.0,125.0,4,-100.0,19.0,-732.409972299169,-100.0,0.0,3.7999999999999996e-08,0,1,33.94736842105263,0
PPO-QP,20260805,174,33,16797,0,0,0,0.0,-100.0,-100.0,0.0,2.0042426977321762e-11,112.16735870136588,30.0,181,92,30.0,125.0,4,-100.0,19.0,-732.409972299169,-100.0,0.0,3.7999999999999996e-08,0,1,33.94736842105263,0
PPO-QP,20260805,175,33,16893,0,0,0,0.0,-100.0,-100.0,0.0,2.0002458948435257e-11,89.82960521821806,30.0,90,92,30.0,125.0,4,-100.0,19.0,-732.409972299169,-100.0,0.0,3.7999999999999996e-08,0,1,33.94736842105263,0
PPO-QP,20260805,176,34,16989,0,0,0,0.0,-100.0,-100.0,0.0,1.9860524336223763e-11,103.92254966074705,30.0,229,92,30.0,125.0,4,-100.0,19.0,-732.409972299169,-100.0,0.0,3.7999999999999996e-08,0,1,33.94736842105263,0
PPO-QP,20260805,177,34,17085,0,0,0,0.0,-100.0,-100.0,0.0,1.989513738938816e-11,109.00381953646375,30.0,159,92,30.0,125.0,4,-100.0,19.0,-732.409972299169,-100.0,0.0,3.7999999999999996e-08,0,1,33.94736842105263,0
PPO-QP,20260805,178,34,17181,0,0,0,0.0,-100.0,-100.0,0.0,1.9897901844719475e-11,83.30942638550725,30.0,49,92,30.0,125.0,4,-100.0,19.0,-732.409972299169,-100.0,0.0,3.7999999999999996e-08,0,1,33.94736842105263,0
PPO-QP,20260805,179,34,17277,0,0,0,0.0,-100.0,-100.0,0.0,2.003853749599216e-11,100.07914421571272,30.0,180,92,30.0,125.0,4,-100.0,19.0,-732.409972299169,-100.0,0.0,3.7999999999999996e-08,0,1,33.94736842105263,0
PPO-QP,20260805,180,34,17373,0,0,0,0.0,-100.0,-100.0,0.0,1.9829941392638754e-11,94.22972826960984,30.0,65,92,30.0,125.0,4,-100.0,19.0,-732.409972299169,-100.0,0.0,3.7999999999999996e-08,0,1,33.94736842105263,0
PPO-QP,20260805,181,35,17469,0,0,0,0.0,-100.0,-100.0,0.0,1.997659075196149e-11,102.17123510480714,30.0,231,92,30.0,125.0,4,-100.0,19.0,-732.409972299169,-100.0,0.0,3.7999999999999996e-08,0,1,33.94736842105263,0
PPO-QP,20260805,182,35,17565,0,0,0,0.0,-100.0,-100.0,0.0,1.9886259305934573e-11,113.92297184986944,30.0,217,92,30.0,125.0,4,-100.0,19.0,-732.409972299169,-100.0,0.0,3.7999999999999996e-08,0,1,33.94736842105263,0
PPO-QP,20260805,183,35,17661,0,0,0,0.0,-100.0,-100.0,0.0,1.9977971129255443e-11,88.51136863994178,30.0,79,92,30.0,125.0,4,-100.0,19.0,-732.409972299169,-100.0,0.0,3.7999999999999996e-08,0,1,33.94736842105263,0
PPO-QP,20260805,184,35,17757,0,0,0,0.0,-100.0,-100.0,0.0,2.0070012318740283e-11,94.29020215225974,30.0,81,92,30.0,125.0,4,-100.0,19.0,-732.409972299169,-100.0,0.0,3.7999999999999996e-08,0,1,33.94736842105263,0
PPO-QP,20260805,185,35,17853,0,0,0,0.0,-100.0,-100.0,0.0,1.9979370010266468e-11,82.89185109276251,30.0,91,92,30.0,125.0,4,-100.0,19.0,-732.409972299169,-100.0,0.0,3.7999999999999996e-08,0,1,33.94736842105263,0
PPO-QP,20260805,186,36,17949,0,0,0,0.0,-100.0,-100.0,0.0,1.9840429299478048e-11,109.28789200484522,30.0,176,92,30.0,125.0,4,-100.0,19.0,-732.409972299169,-100.0,0.0,3.7999999999999996e-08,0,1,36.44524490588401,0
PPO-QP,20260805,187,36,18045,0,0,0,0.0,-100.0,-100.0,0.0,1.9918374357293563e-11,92.94233251117724,30.0,1,92,30.0,125.0,4,-100.0,19.0,-732.409972299169,-100.0,0.0,3.7999999999999996e-08,0,1,33.94736842105263,0
PPO-QP,20260805,188,36,18141,0,0,0,0.0,-100.0,-100.0,0.0,1.9825378376007544e-11,105.07840638717109,30.0,239,92,30.0,125.0,4,-100.0,19.0,-732.409972299169,-100.0,0.0,3.7999999999999996e-08,0,1,33.94736842105263,0
PPO-QP,20260805,189,36,18237,0,0,0,0.0,-100.0,-100.0,0.0,1.9838823176835756e-11,91.86532092092294,30.0,121,92,30.0,125.0,4,-100.0,19.0,-732.409972299169,-100.0,0.0,3.7999999999999996e-08,0,1,33.94736842105263,0
PPO-QP,20260805,190,36,18333,0,0,0,0.0,-100.0,-100.0,0.0,1.996843431347391e-11,94.92530164324614,30.0,109,92,30.0,125.0,4,-100.0,19.0,-732.409972299169,-100.0,0.0,3.7999999999999996e-08,0,1,33.94736842105263,0
PPO-QP,20260805,191,36,18429,0,0,0,0.0,-100.0,-100.0,0.0,1.989843105102788e-11,96.01676559852008,30.0,37,92,30.0,125.0,4,-100.0,19.0,-732.409972299169,-100.0,0.0,3.7999999999999996e-08,0,1,33.94736842105263,0
PPO-QP,20260805,192,37,18525,0,0,0,0.0,-100.0,-100.0,0.0,0.0,106.43851663116271,30.0,225,92,30.0,125.0,4,-100.0,19.0,-732.409972299169,-100.0,0.0,3.7999999999999996e-08,0,1,33.94736842105263,0
PPO-QP,20260805,193,37,18621,0,0,0,0.0,-100.0,-100.0,0.0,1.9859880406869478e-11,111.37033894980843,30.0,201,92,30.0,125.0,4,-100.0,19.0,-732.409972299169,-100.0,0.0,3.7999999999999996e-08,0,1,33.94736842105263,0
PPO-QP,20260805,194,37,18717,0,0,0,0.0,-100.0,-100.0,0.0,1.9830733351729653e-11,98.60021436873261,30.0,138,92,30.0,125.0,4,-100.0,19.0,-732.409972299169,-100.0,0.0,3.7999999999999996e-08,0,1,33.94736842105263,0
PPO-QP,20260805,195,37,18813,0,0,0,0.0,-100.0,-100.0,0.0,1.9899789223861338e-11,91.85584163919535,30.0,100,92,30.0,125.0,4,-100.0,19.0,-732.409972299169,-100.0,0.0,3.7999999999999996e-08,0,1,33.94736842105263,0
PPO-QP,20260805,196,37,18909,0,0,0,0.0,-100.0,-100.0,0.0,1.987590092511482e-11,95.64219345576147,30.0,149,92,30.0,125.0,4,-100.0,19.0,-732.409972299169,-100.0,0.0,3.7999999999999996e-08,0,1,33.94736842105263,0
PPO-QP,20260805,197,38,19005,0,0,0,0.0,-100.0,-100.0,0.0,2.0053925187113465e-11,101.21404399016883,30.0,40,92,30.0,125.0,4,-100.0,19.0,-732.409972299169,-100.0,0.0,3.7999999999999996e-08,0,1,33.94736842105263,0
PPO-QP,20260805,198,38,19101,0,0,0,0.0,-100.0,-100.0,0.0,1.985505833819919e-11,92.05160546747763,30.0,120,92,30.0,125.0,4,-100.0,19.0,-732.409972299169,-100.0,0.0,3.7999999999999996e-08,0,1,33.94736842105263,0
PPO-QP,20260805,199,38,19197,0,0,0,0.0,-100.0,-100.0,0.0,2.000634102827803e-11,99.44808768061047,30.0,106,92,30.0,125.0,4,-100.0,19.0,-732.409972299169,-100.0,0.0,3.7999999999999996e-08,0,1,33.94736842105263,0
PPO-QP,20260805,200,38,19293,0,0,0,0.0,-100.0,-100.0,0.0,1.9857404609524566e-11,76.26011533638224,30.0,28,92,30.0,125.0,4,-100.0,19.0,-732.409972299169,-100.0,0.0,3.7999999999999996e-08,0,1,33.94736842105263,0
PPO-QP,20260805,201,38,19389,0,0,0,0.0,-100.0,-100.0,0.0,2.0131296629699592e-11,95.09537857069627,30.0,117,92,30.0,125.0,4,-100.0,19.0,-732.409972299169,-100.0,0.0,3.7999999999999996e-08,0,1,33.94736842105263,0
PPO-QP,20260805,202,39,19485,0,0,0,0.0,-100.0,-100.0,0.0,1.9868492036797156e-11,92.05160546747763,30.0,120,92,30.0,125.0,4,-100.0,19.0,-732.409972299169,-100.0,0.0,3.7999999999999996e-08,0,1,33.94736842105263,0
PPO-QP,20260805,203,39,19581,0,0,0,0.0,-100.0,-100.0,0.0,2.0007221805210898e-11,85.8202729697167,30.0,61,92,30.0,125.0,4,-100.0,19.0,-732.409972299169,-100.0,0.0,3.7999999999999996e-08,0,1,33.94736842105263,0
PPO-QP,20260805,204,39,19677,0,0,0,0.0,-100.0,-100.0,0.0,0.0,96.85699797452907,30.0,26,92,30.0,125.0,4,-100.0,19.0,-732.409972299169,-100.0,0.0,3.7999999999999996e-08,0,1,33.94736842105263,0
PPO-QP,20260805,205,39,19773,0,0,0,0.0,-100.0,-100.0,0.0,1.9960792278321076e-11,97.6381556687681,30.0,57,92,30.0,125.0,4,-100.0,19.0,-732.409972299169,-100.0,0.0,3.7999999999999996e-08,0,1,33.94736842105263,0
PPO-QP,20260805,206,39,19869,0,0,0,0.0,-100.0,-100.0,0.0,0.0,93.11517390836408,30.0,96,92,30.0,125.0,4,-100.0,19.0,-732.409972299169,-100.0,0.0,3.7999999999999996e-08,0,1,33.94736842105263,0
PPO-QP,20260805,207,39,19965,0,0,0,0.0,-100.0,-100.0,0.0,1.9960285276473162e-11,92.01794582118721,30.0,127,92,30.0,125.0,4,-100.0,19.0,-732.409972299169,-100.0,0.0,3.7999999999999996e-08,0,1,33.94736842105263,0
PPO-QP,20260805,208,40,20061,0,0,0,0.0,-100.0,-100.0,0.0,1.9907405353810267e-11,106.43851663116271,30.0,225,92,30.0,125.0,4,-100.0,19.0,-732.409972299169,-100.0,0.0,3.7999999999999996e-08,0,1,33.94736842105263,0
PPO-QP,20260805,209,40,20157,0,0,0,0.0,-100.0,-100.0,0.0,2.0000797314641734e-11,100.88219124321412,30.0,145,92,30.0,125.0,4,-100.0,19.0,-732.409972299169,-100.0,0.0,3.7999999999999996e-08,0,1,33.94736842105263,0
PPO-QP,20260805,210,40,20253,0,0,0,0.0,-100.0,-100.0,0.0,0.0,113.6679028833153,30.0,168,92,30.0,125.0,4,-100.0,19.0,-732.409972299169,-100.0,0.0,3.7999999999999996e-08,0,1,33.94736842105263,0
PPO-QP,20260805,211,40,20349,0,0,0,0.0,-100.0,-100.0,0.0,2.0004512861030813e-11,103.74738027439993,30.0,54,92,30.0,125.0,4,-100.0,19.0,-732.409972299169,-100.0,0.0,3.7999999999999996e-08,0,1,33.94736842105263,0
PPO-QP,20260805,212,40,20445,0,0,0,0.0,-100.0,-100.0,0.0,2.0027938566850404e-11,102.75890329454388,30.0,187,92,30.0,125.0,4,-100.0,19.0,-732.409972299169,-100.0,0.0,3.7999999999999996e-08,0,1,33.94736842105263,0
PPO-QP,20260805,213,41,20541,0,0,0,0.0,-100.0,-100.0,0.0,1.989562218677558e-11,83.04178651529132,30.0,55,92,30.0,125.0,4,-100.0,19.0,-732.409972299169,-100.0,0.0,3.7999999999999996e-08,0,1,33.94736842105263,0
PPO-QP,20260805,214,41,20637,0,0,0,0.0,-100.0,-100.0,0.0,1.997727909023676e-11,92.05160546747763,30.0,120,92,30.0,125.0,4,-100.0,19.0,-732.409972299169,-100.0,0.0,3.7999999999999996e-08,0,1,33.94736842105263,0
PPO-QP,20260805,215,41,20733,0,0,0,0.0,-100.0,-100.0,0.0,2.0077994822287337e-11,100.48692081466652,30.0,32,92,30.0,125.0,4,-100.0,19.0,-732.409972299169,-100.0,0.0,3.7999999999999996e-08,0,1,33.94736842105263,0
PPO-QP,20260805,216,41,20829,0,0,0,0.0,-100.0,-100.0,0.0,2.004067652568627e-11,114.98663326839446,30.0,182,92,30.0,125.0,4,-100.0,19.0,-732.409972299169,-100.0,0.0,3.7999999999999996e-08,0,1,33.94736842105263,0
PPO-QP,20260805,217,41,20926,0,0,0,0.0,-100.0,-100.0,0.0,2.0072136545460732e-11,97.44251958375868,30.0,223,93,53.75,125.0,3,-100.0,100.0,-521.6066481994461,-100.0,0.0,3.7999999999999996e-08,0,1,19.864537076725384,0
PPO-QP,20260805,218,42,21021,0,0,0,0.0,-100.0,-100.0,0.0,1.9907290630764387e-11,114.34738680718065,30.0,214,92,30.0,125.0,4,-100.0,19.0,-732.409972299169,-100.0,0.0,3.7999999999999996e-08,0,1,33.94736842105263,0
PPO-QP,20260805,219,42,21117,0,0,0,0.0,-100.0,-100.0,0.0,2.0040598810074545e-11,106.49212326251488,30.0,33,92,30.0,125.0,4,-100.0,19.0,-732.409972299169,-100.0,0.0,3.7999999999999996e-08,0,1,33.94736842105263,0
PPO-QP,20260805,220,42,21213,0,0,0,0.0,-100.0,-100.0,0.0,1.9974788489918182e-11,100.48692081466652,30.0,32,92,30.0,125.0,4,-100.0,19.0,-732.409972299169,-100.0,0.0,3.7999999999999996e-08,0,1,33.94736842105263,0
PPO-QP,20260805,221,42,21309,0,0,0,0.0,-100.0,-100.0,0.0,0.0,107.61759070352285,30.0,152,92,30.0,125.0,4,-100.0,19.0,-732.409972299169,-100.0,0.0,3.7999999999999996e-08,0,1,33.94736842105263,0
PPO-QP,20260805,222,42,21405,0,0,0,0.0,-100.0,-100.0,0.0,1.9853074739728527e-11,106.53263417041393,30.0,236,92,30.0,125.0,4,-100.0,19.0,-732.409972299169,-100.0,0.0,3.7999999999999996e-08,0,1,33.94736842105263,0
PPO-QP,20260805,223,42,21501,0,0,0,0.0,-100.0,-100.0,0.0,1.9928854862646023e-11,106.53263417041393,30.0,236,92,30.0,125.0,4,-100.0,19.0,-732.409972299169,-100.0,0.0,3.7999999999999996e-08,0,1,33.94736842105263,0
PPO-QP,20260805,224,43,21597,0,0,0,0.0,-100.0,-100.0,0.0,1.9841787472311503e-11,89.04411420168975,30.0,119,92,30.0,125.0,4,-100.0,19.0,-732.409972299169,-100.0,0.0,3.7999999999999996e-08,0,1,33.94736842105263,0
PPO-QP,20260805,225,43,21693,0,0,0,0.0,-100.0,-100.0,0.0,1.9969722172182476e-11,100.78780511344941,30.0,45,92,30.0,125.0,4,-100.0,19.0,-732.409972299169,-100.0,0.0,3.7999999999999996e-08,0,1,33.94736842105263,0
PPO-QP,20260805,226,43,21789,0,0,0,0.0,-100.0,-100.0,0.0,1.988245124096011e-11,109.00381953646375,30.0,159,92,30.0,125.0,4,-100.0,19.0,-732.409972299169,-100.0,0.0,3.7999999999999996e-08,0,1,33.94736842105263,0
PPO-QP,20260805,227,43,21885,0,0,0,0.0,-100.0,-100.0,0.0,1.9786254116619754e-11,92.19664912634585,30.0,74,92,30.0,125.0,4,-100.0,19.0,-732.409972299169,-100.0,0.0,3.7999999999999996e-08,0,1,33.94736842105263,0
PPO-QP,20260805,228,43,21981,0,0,0,0.0,-100.0,-100.0,0.0,1.9724977207147275e-11,98.38002215283956,30.0,50,92,30.0,125.0,4,-100.0,19.0,-732.409972299169,-100.0,0.0,3.7999999999999996e-08,0,1,33.94736842105263,0
PPO-QP,20260805,229,44,22077,0,0,0,0.0,-100.0,-100.0,0.0,1.9901813530509572e-11,114.34738680718065,30.0,214,92,30.0,125.0,4,-100.0,19.0,-732.409972299169,-100.0,0.0,3.7999999999999996e-08,0,1,33.94736842105263,0
PPO-QP,20260805,230,44,22173,0,0,0,0.0,-100.0,-100.0,0.0,1.992918792955341e-11,98.60021436873261,30.0,138,92,30.0,125.0,4,-100.0,19.0,-732.409972299169,-100.0,0.0,3.7999999999999996e-08,0,1,33.94736842105263,0
PPO-QP,20260805,231,44,22269,0,0,0,0.0,-100.0,-100.0,0.0,0.0,93.58051686509125,30.0,76,92,30.0,125.0,4,-100.0,19.0,-732.409972299169,-100.0,0.0,3.7999999999999996e-08,0,1,33.94736842105263,0
PPO-QP,20260805,232,44,22365,0,0,0,0.0,-100.0,-100.0,0.0,1.997216466283665e-11,99.51338637734993,30.0,140,92,30.0,125.0,4,-100.0,19.0,-732.409972299169,-100.0,0.0,3.7999999999999996e-08,0,1,33.94736842105263,0
PPO-QP,20260805,233,44,22461,0,0,0,0.0,-100.0,-100.0,0.0,2.0005737807101316e-11,112.50095741162527,30.0,230,92,30.0,125.0,4,-100.0,19.0,-732.409972299169,-100.0,0.0,3.7999999999999996e-08,0,1,33.94736842105263,0
PPO-QP,20260805,234,45,22557,0,0,0,0.0,-100.0,-100.0,0.0,1.985300812634705e-11,112.54618120928845,30.0,212,92,30.0,125.0,4,-100.0,19.0,-732.409972299169,-100.0,0.0,3.7999999999999996e-08,0,1,33.94736842105263,0
PPO-QP,20260805,235,45,22653,0,0,0,0.0,-100.0,-100.0,0.0,0.0,106.24062507747706,30.0,199,92,30.0,125.0,4,-100.0,19.0,-732.409972299169,-100.0,0.0,3.7999999999999996e-08,0,1,33.94736842105263,0
PPO-QP,20260805,236,45,22749,0,0,0,0.0,-100.0,-100.0,0.0,1.9832635533845178e-11,102.34785609960065,30.0,23,92,30.0,125.0,4,-100.0,19.0,-732.409972299169,-100.0,0.0,3.7999999999999996e-08,0,1,34.204122473115675,0
PPO-QP,20260805,237,45,22845,0,0,0,0.0,-100.0,-100.0,0.0,1.9837894290238486e-11,113.11894463632069,30.0,200,92,30.0,125.0,4,-100.0,19.0,-732.409972299169,-100.0,0.0,3.7999999999999996e-08,0,1,33.94736842105263,0
PPO-QP,20260805,238,45,22941,0,0,0,0.0,-100.0,-100.0,0.0,1.9878158378598224e-11,95.77455035660361,30.0,116,92,30.0,125.0,4,-100.0,19.0,-732.409972299169,-100.0,0.0,3.7999999999999996e-08,0,1,33.94736842105263,0
PPO-QP,20260805,239,45,23037,0,0,0,0.0,-100.0,-100.0,0.0,1.991230513809228e-11,95.09537857069627,30.0,117,92,30.0,125.0,4,-100.0,19.0,-732.409972299169,-100.0,0.0,3.7999999999999996e-08,0,1,33.94736842105263,0
PPO-QP,20260805,240,46,23133,0,0,0,0.0,-100.0,-100.0,0.0,1.9880338116469904e-11,103.60264311293285,30.0,198,92,30.0,125.0,4,-100.0,19.0,-732.409972299169,-100.0,0.0,3.7999999999999996e-08,0,1,33.94736842105263,0
PPO-QP,20260805,241,46,23229,0,0,0,0.0,-100.0,-100.0,0.0,1.99996130767488e-11,103.74738027439993,30.0,54,92,30.0,125.0,4,-100.0,19.0,-732.409972299169,-100.0,0.0,3.7999999999999996e-08,0,1,33.94736842105263,0
PPO-QP,20260805,242,46,23325,0,0,0,0.0,-100.0,-100.0,0.0,2.0033859756315073e-11,92.25043085354079,30.0,85,92,30.0,125.0,4,-100.0,19.0,-732.409972299169,-100.0,0.0,3.7999999999999996e-08,0,1,33.94736842105263,0
PPO-QP,20260805,243,46,23421,0,0,0,0.0,-100.0,-100.0,0.0,1.987750704775711e-11,85.8202729697167,30.0,61,92,30.0,125.0,4,-100.0,19.0,-732.409972299169,-100.0,0.0,3.7999999999999996e-08,0,1,33.94736842105263,0
PPO-QP,20260805,244,46,23517,0,0,0,0.0,-100.0,-100.0,0.0,1.99269526805305e-11,99.69693547047898,30.0,137,92,30.0,125.0,4,-100.0,19.0,-732.409972299169,-100.0,0.0,3.7999999999999996e-08,0,1,33.94736842105263,0
PPO-QP,20260805,245,47,23613,0,0,0,0.0,-100.0,-100.0,0.0,1.9891780815110376e-11,101.21404399016883,30.0,40,92,30.0,125.0,4,-100.0,19.0,-732.409972299169,-100.0,0.0,3.7999999999999996e-08,0,1,33.94736842105263,0
PPO-QP,20260805,246,47,23709,0,0,0,0.0,-100.0,-100.0,0.0,1.989134042664394e-11,99.69693547047898,30.0,137,92,30.0,125.0,4,-100.0,19.0,-732.409972299169,-100.0,0.0,3.7999999999999996e-08,0,1,33.94736842105263,0
PPO-QP,20260805,247,47,23805,0,0,0,0.0,-100.0,-100.0,0.0,1.9927156221418348e-11,97.15497237735016,30.0,17,92,30.0,125.0,4,-100.0,19.0,-732.409972299169,-100.0,0.0,3.7999999999999996e-08,0,1,33.94736842105263,0
PPO-QP,20260805,248,47,23901,0,0,0,0.0,-100.0,-100.0,0.0,1.9981009439599497e-11,80.32125119024646,30.0,20,92,30.0,125.0,4,-100.0,19.0,-732.409972299169,-100.0,0.0,3.7999999999999996e-08,0,1,33.94736842105263,0
PPO-QP,20260805,249,47,23997,0,0,0,0.0,-100.0,-100.0,0.0,1.9905196009991264e-11,95.24953877379312,30.0,64,92,30.0,125.0,4,-100.0,19.0,-732.409972299169,-100.0,0.0,3.7999999999999996e-08,0,1,33.94736842105263,0
PPO-QP,20260805,250,48,24093,0,0,0,0.0,-100.0,-100.0,0.0,1.9954160546120648e-11,103.60264311293285,30.0,198,92,30.0,125.0,4,-100.0,19.0,-732.409972299169,-100.0,0.0,3.7999999999999996e-08,0,1,64.62721322817332,0
PPO-QP,20260805,251,48,24189,0,0,0,0.0,-100.0,-100.0,0.0,1.9953057724582852e-11,104.96059298132022,30.0,58,92,30.0,125.0,4,-100.0,19.0,-732.409972299169,-100.0,0.0,3.7999999999999996e-08,0,1,33.94736842105263,0
PPO-QP,20260805,252,48,24285,0,0,0,0.0,-100.0,-100.0,0.0,2.0037715930953938e-11,98.93643937105452,30.0,191,92,30.0,125.0,4,-100.0,19.0,-732.409972299169,-100.0,0.0,3.7999999999999996e-08,0,1,33.94736842105263,0
PPO-QP,20260805,253,48,24381,0,0,0,0.0,-100.0,-100.0,0.0,1.9822010699499514e-11,97.7759754231541,30.0,122,92,30.0,125.0,4,-100.0,19.0,-732.409972299169,-100.0,0.0,3.7999999999999996e-08,0,1,33.94736842105263,0
PPO-QP,20260805,254,48,24477,0,0,0,0.0,-100.0,-100.0,0.0,1.9863340601962896e-11,110.25536271311508,30.0,196,92,30.0,125.0,4,-100.0,19.0,-732.409972299169,-100.0,0.0,3.7999999999999996e-08,0,1,45.40654211640473,0
PPO-QP,20260805,255,48,24573,0,0,0,0.0,-100.0,-100.0,0.0,0.0,112.16735870136588,30.0,181,92,30.0,125.0,4,-100.0,19.0,-732.409972299169,-100.0,0.0,3.7999999999999996e-08,0,1,33.94736842105263,0
PPO-QP,20260805,256,49,24669,0,0,0,0.0,-100.0,-100.0,0.0,1.9906098991384626e-11,109.00381953646375,30.0,159,92,30.0,125.0,4,-100.0,19.0,-732.409972299169,-100.0,0.0,3.7999999999999996e-08,0,1,33.94736842105263,0
PPO-QP,20260805,257,49,24765,0,0,0,0.0,-100.0,-100.0,0.0,2.010500284773305e-11,97.6381556687681,30.0,57,92,30.0,125.0,4,-100.0,19.0,-732.409972299169,-100.0,0.0,3.7999999999999996e-08,0,1,33.94736842105263,0
PPO-QP,20260805,258,49,24861,0,0,0,0.0,-100.0,-100.0,0.0,1.988228840824983e-11,87.01349732194478,30.0,60,92,30.0,125.0,4,-100.0,19.0,-732.409972299169,-100.0,0.0,3.7999999999999996e-08,0,1,33.94736842105263,0
PPO-QP,20260805,259,49,24957,0,0,0,0.0,-100.0,-100.0,0.0,1.9875031250412197e-11,106.49212326251488,30.0,33,92,30.0,125.0,4,-100.0,19.0,-732.409972299169,-100.0,0.0,3.7999999999999996e-08,0,1,33.94736842105263,0
PPO-QP,20260805,260,49,25053,0,0,0,0.0,-100.0,-100.0,0.0,1.9997992151132848e-11,83.44779529038792,30.0,14,92,30.0,125.0,4,-100.0,19.0,-732.409972299169,-100.0,0.0,3.7999999999999996e-08,0,1,33.94736842105263,0
PPO-QP,20260805,261,50,25149,0,0,0,0.0,-100.0,-100.0,0.0,1.9941370776876965e-11,106.49212326251488,30.0,33,92,30.0,125.0,4,-100.0,19.0,-732.409972299169,-100.0,0.0,3.7999999999999996e-08,0,1,33.94736842105263,0
PPO-QP,20260805,262,50,25245,0,0,0,0.0,-100.0,-100.0,0.0,0.0,93.58051686509125,30.0,76,92,30.0,125.0,4,-100.0,19.0,-732.409972299169,-100.0,0.0,3.7999999999999996e-08,0,1,33.94736842105263,0
PPO-QP,20260805,263,50,25341,0,0,0,0.0,-100.0,-100.0,0.0,1.991679413985518e-11,88.20043028629402,30.0,48,92,30.0,125.0,4,-100.0,19.0,-732.409972299169,-100.0,0.0,3.7999999999999996e-08,0,1,33.94736842105263,0
PPO-QP,20260805,264,50,25437,0,0,0,0.0,-100.0,-100.0,0.0,0.0,102.40925487505093,30.0,131,92,30.0,125.0,4,-100.0,19.0,-732.409972299169,-100.0,0.0,3.7999999999999996e-08,0,1,33.94736842105263,0
PPO-QP,20260805,265,50,25533,0,0,0,0.0,-100.0,-100.0,0.0,1.9986915826090505e-11,97.7759754231541,30.0,122,92,30.0,125.0,4,-100.0,19.0,-732.409972299169,-100.0,0.0,3.7999999999999996e-08,0,1,33.94736842105263,0
PPO-QP,20260805,266,51,25629,0,0,0,0.0,-100.0,-100.0,0.0,1.9846776074435487e-11,97.7759754231541,30.0,122,92,30.0,125.0,4,-100.0,19.0,-732.409972299169,-100.0,0.0,3.7999999999999996e-08,0,1,33.94736842105263,0
PPO-QP,20260805,267,51,25725,0,0,0,0.0,-100.0,-100.0,0.0,1.9970247677747466e-11,101.10748378887497,30.0,110,92,30.0,125.0,4,-100.0,19.0,-732.409972299169,-100.0,0.0,3.7999999999999996e-08,0,1,33.94736842105263,0
PPO-QP,20260805,268,51,25821,0,0,0,0.0,-100.0,-100.0,0.0,0.0,94.29020215225974,30.0,81,92,30.0,125.0,4,-100.0,19.0,-732.409972299169,-100.0,0.0,3.7999999999999996e-08,0,1,33.94736842105263,0
PPO-QP,20260805,269,51,25917,0,0,0,0.0,-100.0,-100.0,0.0,1.9913493076728626e-11,110.25536271311508,30.0,196,92,30.0,125.0,4,-100.0,19.0,-732.409972299169,-100.0,0.0,3.7999999999999996e-08,0,1,38.066678775067814,0
PPO-QP,20260805,270,51,26013,0,0,0,0.0,-100.0,-100.0,0.0,1.991337095219592e-11,95.98847543410712,30.0,71,92,30.0,125.0,4,-100.0,19.0,-732.409972299169,-100.0,0.0,3.7999999999999996e-08,0,1,33.94736842105263,0
PPO-QP,20260805,271,51,26109,0,0,0,0.0,-100.0,-100.0,0.0,2.014808690257534e-11,89.55801861089178,30.0,102,92,30.0,125.0,4,-100.0,19.0,-732.409972299169,-100.0,0.0,3.7999999999999996e-08,0,1,33.94736842105263,0
PPO-QP,20260805,272,52,26205,0,0,0,0.0,-100.0,-100.0,0.0,1.991099507492322e-11,99.1738371645239,30.0,108,92,30.0,125.0,4,-100.0,19.0,-732.409972299169,-100.0,0.0,3.7999999999999996e-08,0,1,33.94736842105263,0
PPO-QP,20260805,273,52,26301,0,0,0,0.0,-100.0,-100.0,0.0,1.993670043868671e-11,81.88761466839229,30.0,41,92,30.0,125.0,4,-100.0,19.0,-732.409972299169,-100.0,0.0,3.7999999999999996e-08,0,1,33.94736842105263,0
PPO-QP,20260805,274,52,26397,0,0,0,0.0,-100.0,-100.0,0.0,1.990623221814758e-11,109.23909068749569,30.0,157,92,30.0,125.0,4,-100.0,19.0,-732.409972299169,-100.0,0.0,3.7999999999999996e-08,0,1,33.94736842105263,0
PPO-QP,20260805,275,52,26493,0,0,0,0.0,-100.0,-100.0,0.0,1.9860983228407274e-11,108.13271811924119,30.0,232,92,30.0,125.0,4,-100.0,19.0,-732.409972299169,-100.0,0.0,3.7999999999999996e-08,0,1,54.15326877769494,0
PPO-QP,20260805,276,52,26589,0,0,0,0.0,-100.0,-100.0,0.0,0.0,113.6679028833153,30.0,168,92,30.0,125.0,4,-100.0,19.0,-732.409972299169,-100.0,0.0,3.7999999999999996e-08,0,1,33.94736842105263,0
PPO-QP,20260805,277,53,26685,0,0,0,0.0,-100.0,-100.0,0.0,2.012597496066822e-11,103.60264311293285,30.0,198,92,30.0,125.0,4,-100.0,19.0,-732.409972299169,-100.0,0.0,3.7999999999999996e-08,0,1,33.94736842105263,0
PPO-QP,20260805,278,53,26781,0,0,0,0.0,-100.0,-100.0,0.0,1.994853911687263e-11,83.04178651529132,30.0,55,92,30.0,125.0,4,-100.0,19.0,-732.409972299169,-100.0,0.0,3.7999999999999996e-08,0,1,33.94736842105263,0
PPO-QP,20260805,279,53,26877,0,0,0,0.0,-100.0,-100.0,0.0,0.0,103.76593309393455,30.0,130,92,30.0,125.0,4,-100.0,19.0,-732.409972299169,-100.0,0.0,3.7999999999999996e-08,0,1,33.94736842105263,0
PPO-QP,20260805,280,53,26973,0,0,0,0.0,-100.0,-100.0,0.0,1.9968537934289544e-11,112.63083730657955,30.0,166,92,30.0,125.0,4,-100.0,19.0,-732.409972299169,-100.0,0.0,3.7999999999999996e-08,0,1,33.94736842105263,0
PPO-QP,20260805,281,53,27069,0,0,0,0.0,-100.0,-100.0,0.0,1.9875038651899026e-11,96.25561346436216,30.0,8,92,30.0,125.0,4,-100.0,19.0,-732.409972299169,-100.0,0.0,3.7999999999999996e-08,0,1,33.94736842105263,0
PPO-QP,20260805,282,54,27165,0,0,0,0.0,-100.0,-100.0,0.0,2.001014539250908e-11,107.24698631088836,30.0,156,92,30.0,125.0,4,-100.0,19.0,-732.409972299169,-100.0,0.0,3.7999999999999996e-08,0,1,33.94736842105263,0
PPO-QP,20260805,283,54,27261,0,0,0,0.0,-100.0,-100.0,0.0,1.9855791085395444e-11,106.78624934180647,30.0,218,92,30.0,125.0,4,-100.0,19.0,-732.409972299169,-100.0,0.0,3.7999999999999996e-08,0,1,33.94736842105263,0
PPO-QP,20260805,284,54,27357,0,0,0,0.0,-100.0,-100.0,0.0,1.9961495419570003e-11,98.93643937105452,30.0,191,92,30.0,125.0,4,-100.0,19.0,-732.409972299169,-100.0,0.0,3.7999999999999996e-08,0,1,44.607867990658335,0
PPO-QP,20260805,285,54,27453,0,0,0,0.0,-100.0,-100.0,0.0,2.004254170036764e-11,93.90241884913648,30.0,99,92,30.0,125.0,4,-100.0,19.0,-732.409972299169,-100.0,0.0,3.7999999999999996e-08,0,1,33.94736842105263,0
PPO-QP,20260805,286,54,27549,0,0,0,0.0,-100.0,-100.0,0.0,1.994454231398398e-11,98.39027437785774,30.0,5,92,30.0,125.0,4,-100.0,19.0,-732.409972299169,-100.0,0.0,3.7999999999999996e-08,0,1,33.94736842105263,0
PPO-QP,20260805,287,54,27645,0,0,0,0.0,-100.0,-100.0,0.0,0.0,96.58075138170044,30.0,179,92,30.0,125.0,4,-100.0,19.0,-732.409972299169,-100.0,0.0,3.7999999999999996e-08,0,1,33.94736842105263,0
PPO-QP,20260805,288,55,27741,0,0,0,0.0,-100.0,-100.0,0.0,1.9802478175752943e-11,100.43147422329041,30.0,118,92,30.0,125.0,4,-100.0,19.0,-732.409972299169,-100.0,0.0,3.7999999999999996e-08,0,1,33.94736842105263,0
PPO-QP,20260805,289,55,27837,0,0,0,0.0,-100.0,-100.0,0.0,1.994635567825753e-11,93.65825683373826,30.0,147,92,30.0,125.0,4,-100.0,19.0,-732.409972299169,-100.0,0.0,3.7999999999999996e-08,0,1,33.94736842105263,0
PPO-QP,20260805,290,55,27933,0,0,0,0.0,-100.0,-98.85586425344168,0.0,1.9892102779787516e-11,97.7759754231541,30.0,122,92,30.2717322398076,125.0,4,-100.0,20.032582511268885,-731.2658365526107,-98.85586425344168,-1.1441357465583195,3.7999999999999996e-08,0,1,74.43578173625775,0
PPO-QP,20260805,291,55,28029,0,0,0,0.0,-100.0,-100.0,0.0,1.9976346502896072e-11,106.52560817321435,30.0,227,92,30.0,125.0,4,-100.0,19.0,-732.409972299169,-100.0,0.0,3.7999999999999996e-08,0,1,81.1958474918892,0
PPO-QP,20260805,292,55,28125,0,0,0,0.0,-100.0,-100.0,0.0,1.9902779424540994e-11,101.21404399016883,30.0,40,92,30.0,125.0,4,-100.0,19.0,-732.409972299169,-100.0,0.0,3.7999999999999996e-08,0,1,33.94736842105263,0
PPO-QP,20260805,293,56,28223,0,0,0,0.0,-100.0,-100.0,0.0,1.9987045352110043e-11,104.2174538797968,30.0,226,94,77.5,125.0,2,-100.0,100.0,-310.80332409972306,-100.0,0.0,3.7999999999999996e-08,0,1,70.9390129324054,0
PPO-QP,20260805,294,56,28317,0,0,0,0.0,-100.0,-100.0,0.0,0.0,98.93233912322364,30.0,128,92,30.0,125.0,4,-100.0,19.0,-732.409972299169,-100.0,0.0,3.7999999999999996e-08,0,1,33.94736842105263,0
PPO-QP,20260805,295,56,28413,0,0,0,0.0,-100.0,-100.0,0.0,1.9955744464302446e-11,84.83495531338835,30.0,21,92,30.0,125.0,4,-100.0,19.0,-732.409972299169,-100.0,0.0,3.7999999999999996e-08,0,1,33.94736842105263,0
PPO-QP,20260805,296,56,28509,0,0,0,0.0,-100.0,-100.0,0.0,1.991072862139731e-11,93.21260719239173,30.0,66,92,30.0,125.0,4,-100.0,19.0,-732.409972299169,-100.0,0.0,3.7999999999999996e-08,0,1,33.94736842105263,0
PPO-QP,20260805,297,56,28605,0,0,0,0.0,-100.0,-100.0,0.0,1.9905007272077076e-11,106.53263417041393,30.0,236,92,30.0,125.0,4,-100.0,19.0,-732.409972299169,-100.0,0.0,3.7999999999999996e-08,0,1,33.94736842105263,0
PPO-QP,20260805,298,57,28701,0,0,0,0.0,-100.0,-100.0,0.0,1.9885885530849615e-11,100.54978970845178,30.0,29,92,30.0,125.0,4,-100.0,19.0,-732.409972299169,-100.0,0.0,3.7999999999999996e-08,0,1,33.94736842105263,0
PPO-QP,20260805,299,57,28797,0,0,0,0.0,-100.0,-100.0,0.0,0.0,73.4818515278711,30.0,56,92,30.0,125.0,4,-100.0,19.0,-732.409972299169,-100.0,0.0,3.7999999999999996e-08,0,1,33.94736842105263,0
PPO-QP,20260805,300,57,28893,0,0,0,0.0,-100.0,-100.0,0.0,1.9952243561031462e-11,87.04250902822423,30.0,70,92,30.0,125.0,4,-100.0,19.0,-732.409972299169,-100.0,0.0,3.7999999999999996e-08,0,1,33.94736842105263,0
PPO-QP,20260805,301,57,28989,0,0,0,0.0,-100.0,-100.0,0.0,1.9848115743551866e-11,113.11894463632069,30.0,200,92,30.0,125.0,4,-100.0,19.0,-732.409972299169,-100.0,0.0,3.7999999999999996e-08,0,1,42.08240827767125,0
PPO-QP,20260805,302,57,29085,0,0,0,0.0,-100.0,-100.0,0.0,1.995641059811722e-11,84.83495531338835,30.0,21,92,30.0,125.0,4,-100.0,19.0,-732.409972299169,-100.0,0.0,3.7999999999999996e-08,0,1,33.94736842105263,0
PPO-QP,20260805,303,57,29181,0,0,0,0.0,-100.0,-100.0,0.0,0.0,117.29831760304205,30.0,210,92,30.0,125.0,4,-100.0,19.0,-732.409972299169,-100.0,0.0,3.7999999999999996e-08,0,1,33.94736842105263,0
PPO-QP,20260805,304,58,29277,0,0,0,0.0,-100.0,-100.0,0.0,2.0150536794716344e-11,85.8202729697167,30.0,61,92,30.0,125.0,4,-100.0,19.0,-732.409972299169,-100.0,0.0,3.7999999999999996e-08,0,1,33.94736842105263,0
PPO-QP,20260805,305,58,29373,0,0,0,0.0,-100.0,-100.0,0.0,1.990790495417135e-11,89.04411420168975,30.0,119,92,30.0,125.0,4,-100.0,19.0,-732.409972299169,-100.0,0.0,3.7999999999999996e-08,0,1,33.94736842105263,0
PPO-QP,20260805,306,58,29469,0,0,0,0.0,-100.0,-100.0,0.0,1.987271088429073e-11,110.34769251483871,30.0,219,92,30.0,125.0,4,-100.0,19.0,-732.409972299169,-100.0,0.0,3.7999999999999996e-08,0,1,33.94736842105263,0
PPO-QP,20260805,307,58,29565,0,0,0,0.0,-100.0,-100.0,0.0,2.0144215924962813e-11,96.85699797452907,30.0,26,92,30.0,125.0,4,-100.0,19.0,-732.409972299169,-100.0,0.0,3.7999999999999996e-08,0,1,33.94736842105263,0
PPO-QP,20260805,308,58,29661,0,0,0,0.0,-100.0,-100.0,0.0,2.0049732244823795e-11,102.9635056064629,30.0,189,92,30.0,125.0,4,-100.0,19.0,-732.409972299169,-100.0,0.0,3.7999999999999996e-08,0,1,33.94736842105263,0
PPO-QP,20260805,309,59,29757,0,0,0,0.0,-100.0,-100.0,0.0,2.019708474539546e-11,91.03882991970426,30.0,95,92,30.0,125.0,4,-100.0,19.0,-732.409972299169,-100.0,0.0,3.7999999999999996e-08,0,1,33.94736842105263,0
PPO-QP,20260805,310,59,29853,0,0,0,0.0,-100.0,-100.0,0.0,1.9871689479108075e-11,87.04250902822423,30.0,70,92,30.0,125.0,4,-100.0,19.0,-732.409972299169,-100.0,0.0,3.7999999999999996e-08,0,1,33.94736842105263,0
PPO-QP,20260805,311,59,29949,0,0,0,0.0,-100.0,-100.0,0.0,2.0001685493061434e-11,102.11370682986832,30.0,188,92,30.0,125.0,4,-100.0,19.0,-732.409972299169,-100.0,0.0,3.7999999999999996e-08,0,1,33.94736842105263,0
PPO-QP,20260805,312,59,30045,0,0,0,0.0,-100.0,-100.0,0.0,2.0010974359034133e-11,101.7500204535244,30.0,123,92,30.0,125.0,4,-100.0,19.0,-732.409972299169,-100.0,0.0,3.7999999999999996e-08,0,1,33.94736842105263,0
PPO-QP,20260805,313,59,30141,0,0,0,0.0,-100.0,-100.0,0.0,1.9924898767934943e-11,109.97109181636901,30.0,185,92,30.0,125.0,4,-100.0,19.0,-732.409972299169,-100.0,0.0,3.7999999999999996e-08,0,1,33.94736842105263,0
PPO-QP,20260805,314,60,30237,0,0,0,0.0,-100.0,-100.0,0.0,2.0026099297372944e-11,100.12765026961917,30.0,111,92,30.0,125.0,4,-100.0,19.0,-732.409972299169,-100.0,0.0,3.7999999999999996e-08,0,1,33.94736842105263,0
PPO-QP,20260805,315,60,30333,0,0,0,0.0,-100.0,-100.0,0.0,1.9935923282569472e-11,99.05485532187399,30.0,36,92,30.0,125.0,4,-100.0,19.0,-732.409972299169,-100.0,0.0,3.7999999999999996e-08,0,1,33.94736842105263,0
PPO-QP,20260805,316,60,30429,0,0,0,0.0,-100.0,-100.0,0.0,1.9964259874901322e-11,105.46954824232857,30.0,143,92,30.0,125.0,4,-100.0,19.0,-732.409972299169,-100.0,0.0,3.7999999999999996e-08,0,1,33.94736842105263,0
PPO-QP,20260805,317,60,30525,0,0,0,0.0,-100.0,-100.0,0.0,1.996924107553847e-11,97.11329274490448,30.0,224,92,30.0,125.0,4,-100.0,19.0,-732.409972299169,-100.0,0.0,3.7999999999999996e-08,0,1,51.70307442470391,0
PPO-QP,20260805,318,60,30621,0,0,0,0.0,-100.0,-100.0,0.0,1.998598323874982e-11,73.4818515278711,30.0,56,92,30.0,125.0,4,-100.0,19.0,-732.409972299169,-100.0,0.0,3.7999999999999996e-08,0,1,33.94736842105263,0
PPO-QP,20260805,319,60,30717,0,0,0,0.0,-100.0,-100.0,0.0,1.9976886811434723e-11,98.93233912322364,30.0,128,92,30.0,125.0,4,-100.0,19.0,-732.409972299169,-100.0,0.0,3.7999999999999996e-08,0,1,33.94736842105263,0
PPO-QP,20260805,320,61,30813,0,0,0,0.0,-100.0,-100.0,0.0,1.996223186750967e-11,88.20043028629402,30.0,48,92,30.0,125.0,4,-100.0,19.0,-732.409972299169,-100.0,0.0,3.7999999999999996e-08,0,1,33.94736842105263,0
PPO-QP,20260805,321,61,30909,0,0,0,0.0,-100.0,-100.0,0.0,2.0027290936752705e-11,102.62518138191051,30.0,134,92,30.0,125.0,4,-100.0,19.0,-732.409972299169,-100.0,0.0,3.7999999999999996e-08,0,1,33.94736842105263,0
PPO-QP,20260805,322,61,31005,0,0,0,0.0,-100.0,-100.0,0.0,0.0,105.07840638717109,30.0,239,92,30.0,125.0,4,-100.0,19.0,-732.409972299169,-100.0,0.0,3.7999999999999996e-08,0,1,33.94736842105263,0
PPO-QP,20260805,323,61,31101,0,0,0,0.0,-100.0,-100.0,0.0,1.991404818824094e-11,109.9284297131466,30.0,221,92,30.0,125.0,4,-100.0,19.0,-732.409972299169,-100.0,0.0,3.7999999999999996e-08,0,1,33.94736842105263,0
PPO-QP,20260805,324,61,31197,0,0,0,0.0,-100.0,-100.0,0.0,1.9904692708886765e-11,90.96640864829209,30.0,87,92,30.0,125.0,4,-100.0,19.0,-732.409972299169,-100.0,0.0,3.7999999999999996e-08,0,1,33.94736842105263,0
PPO-QP,20260805,325,62,31293,0,0,0,0.0,-100.0,-100.0,0.0,2.0185697557906224e-11,90.43588685788883,30.0,93,92,30.0,125.0,4,-100.0,19.0,-732.409972299169,-100.0,0.0,3.7999999999999996e-08,0,1,33.94736842105263,0
PPO-QP,20260805,326,62,31389,0,0,0,0.0,-100.0,-100.0,0.0,1.9993084965364007e-11,107.24698631088836,30.0,156,92,30.0,125.0,4,-100.0,19.0,-732.409972299169,-100.0,0.0,3.7999999999999996e-08,0,1,33.94736842105263,0
PPO-QP,20260805,327,62,31485,0,0,0,0.0,-100.0,-100.0,0.0,1.9984158772246018e-11,98.60021436873261,30.0,138,92,30.0,125.0,4,-100.0,19.0,-732.409972299169,-100.0,0.0,3.7999999999999996e-08,0,1,33.94736842105263,0
PPO-QP,20260805,328,62,31581,0,0,0,0.0,-100.0,-100.0,0.0,1.9860968425433613e-11,87.04250902822423,30.0,70,92,30.0,125.0,4,-100.0,19.0,-732.409972299169,-100.0,0.0,3.7999999999999996e-08,0,1,33.94736842105263,0
PPO-QP,20260805,329,62,31677,0,0,0,0.0,-100.0,-100.0,0.0,1.944283252915587e-11,97.11329274490448,30.0,224,92,30.0,125.0,4,-100.0,19.0,-732.409972299169,-100.0,0.0,3.7999999999999996e-08,0,1,33.94736842105263,0
PPO-QP,20260805,330,63,31773,0,0,0,0.0,-100.0,-100.0,0.0,1.971146579293759e-11,101.10748378887497,30.0,110,92,30.0,125.0,4,-100.0,19.0,-732.409972299169,-100.0,0.0,3.7999999999999996e-08,0,1,33.94736842105263,0
PPO-QP,20260805,331,63,31869,0,0,0,0.0,-100.0,-100.0,0.0,1.987320308316498e-11,112.50095741162527,30.0,230,92,30.0,125.0,4,-100.0,19.0,-732.409972299169,-100.0,0.0,3.7999999999999996e-08,0,1,33.94736842105263,0
PPO-QP,20260805,332,63,31965,0,0,0,0.0,-100.0,-100.0,0.0,2.0061533915575562e-11,99.87102241438964,30.0,19,92,30.0,125.0,4,-100.0,19.0,-732.409972299169,-100.0,0.0,3.7999999999999996e-08,0,1,33.94736842105263,0
PPO-QP,20260805,333,63,32061,0,0,0,0.0,-100.0,-100.0,0.0,2.003480714662942e-11,92.24150315024411,30.0,69,92,30.0,125.0,4,-100.0,19.0,-732.409972299169,-100.0,0.0,3.7999999999999996e-08,0,1,33.94736842105263,0
PPO-QP,20260805,334,63,32157,0,0,0,0.0,-100.0,-100.0,0.0,1.992351098915416e-11,112.16735870136588,30.0,181,92,30.0,125.0,4,-100.0,19.0,-732.409972299169,-100.0,0.0,3.7999999999999996e-08,0,1,33.94736842105263,0
PPO-QP,20260805,335,63,32253,0,0,0,0.0,-100.0,-100.0,0.0,2.009566957283937e-11,110.95905457206057,30.0,193,92,30.0,125.0,4,-100.0,19.0,-732.409972299169,-100.0,0.0,3.7999999999999996e-08,0,1,33.94736842105263,0
PPO-QP,20260805,336,64,32349,0,0,0,0.0,-100.0,-100.0,0.0,1.9902068881805234e-11,90.64375549933027,30.0,80,92,30.0,125.0,4,-100.0,19.0,-732.409972299169,-100.0,0.0,3.7999999999999996e-08,0,1,33.94736842105263,0
PPO-QP,20260805,337,64,32445,0,0,0,0.0,-100.0,-100.0,0.0,1.98025151831871e-11,106.78624934180647,30.0,218,92,30.0,125.0,4,-100.0,19.0,-732.409972299169,-100.0,0.0,3.7999999999999996e-08,0,1,33.94736842105263,0
PPO-QP,20260805,338,64,32541,0,0,0,0.0,-100.0,-100.0,0.0,2.0098252691743332e-11,104.96059298132022,30.0,58,92,30.0,125.0,4,-100.0,19.0,-732.409972299169,-100.0,0.0,3.7999999999999996e-08,0,1,33.94736842105263,0
PPO-QP,20260805,339,64,32637,0,0,0,0.0,-100.0,-100.0,0.0,0.0,95.64219345576147,30.0,149,92,30.0,125.0,4,-100.0,19.0,-732.409972299169,-100.0,0.0,3.7999999999999996e-08,0,1,33.94736842105263,0
PPO-QP,20260805,340,64,32733,0,0,0,0.0,-100.0,-100.0,0.0,2.0002806818316306e-11,103.71614153679448,30.0,125,92,30.0,125.0,4,-100.0,19.0,-732.409972299169,-100.0,0.0,3.7999999999999996e-08,0,1,33.94736842105263,0
PPO-QP,20260805,341,65,32829,0,0,0,0.0,-100.0,-100.0,0.0,1.9900566379978576e-11,103.27932168487578,30.0,12,92,30.0,125.0,4,-100.0,19.0,-732.409972299169,-100.0,0.0,3.7999999999999996e-08,0,1,33.94736842105263,0
PPO-QP,20260805,342,65,32925,0,0,0,0.0,-100.0,-100.0,0.0,2.0017439557780867e-11,105.94011237910321,30.0,184,92,30.0,125.0,4,-100.0,19.0,-732.409972299169,-100.0,0.0,3.7999999999999996e-08,0,1,46.811764378081776,0
PPO-QP,20260805,343,65,33021,0,0,0,0.0,-100.0,-100.0,0.0,2.0062910592126097e-11,114.05868659417193,30.0,202,92,30.0,125.0,4,-100.0,19.0,-732.409972299169,-100.0,0.0,3.7999999999999996e-08,0,1,33.94736842105263,0
PPO-QP,20260805,344,65,33116,0,0,0,0.0,-100.0,-21.05263157894737,0.0,1.997081759223344e-11,110.98957893569734,30.0,236,91,25.0,125.0,5,-100.0,0.0,-842.1052631578948,-21.05263157894737,-78.94736842105263,3.7999999999999996e-08,0,1,16.66513140518893,0
PPO-QP,20260805,344,65,33117,0,0,0,0.0,-100.0,-100.0,0.0,1.997081759223344e-11,106.53263417041393,30.0,236,92,30.0,125.0,4,-100.0,19.0,-732.409972299169,-100.0,0.0,3.7999999999999996e-08,0,1,33.94736842105263,0
PPO-QP,20260805,345,65,33213,0,0,0,0.0,-100.0,-100.0,0.0,2.0020674007525942e-11,101.5466799515969,30.0,16,92,30.0,125.0,4,-100.0,19.0,-732.409972299169,-100.0,0.0,3.7999999999999996e-08,0,1,33.94736842105263,0
PPO-QP,20260805,346,66,33309,0,0,0,0.0,-100.0,-100.0,0.0,2.0011159396204903e-11,101.10748378887497,30.0,110,92,30.0,125.0,4,-100.0,19.0,-732.409972299169,-100.0,0.0,3.7999999999999996e-08,0,1,33.94736842105263,0
PPO-QP,20260805,347,66,33405,0,0,0,0.0,-100.0,-100.0,0.0,1.9948206049965242e-11,96.25561346436216,30.0,8,92,30.0,125.0,4,-100.0,19.0,-732.409972299169,-100.0,0.0,3.7999999999999996e-08,0,1,33.94736842105263,0
PPO-QP,20260805,348,66,33501,0,0,0,0.0,-100.0,-100.0,0.0,0.0,109.28789200484522,30.0,176,92,30.0,125.0,4,-100.0,19.0,-732.409972299169,-100.0,0.0,3.7999999999999996e-08,0,1,33.94736842105263,0
PPO-QP,20260805,349,66,33597,0,0,0,0.0,-100.0,-100.0,0.0,1.9894711803895385e-11,102.34785609960065,30.0,23,92,30.0,125.0,4,-100.0,19.0,-732.409972299169,-100.0,0.0,3.7999999999999996e-08,0,1,33.94736842105263,0
PPO-QP,20260805,350,66,33693,0,0,0,0.0,-100.0,-100.0,0.0,1.9820615519231903e-11,102.17123510480714,30.0,231,92,30.0,125.0,4,-100.0,19.0,-732.409972299169,-100.0,0.0,3.7999999999999996e-08,0,1,33.94736842105263,0
PPO-QP,20260805,351,66,33789,0,0,0,0.0,-100.0,-100.0,0.0,1.9734802680915208e-11,97.6381556687681,30.0,57,92,30.0,125.0,4,-100.0,19.0,-732.409972299169,-100.0,0.0,3.7999999999999996e-08,0,1,33.94736842105263,0
PPO-QP,20260805,352,67,33885,0,0,0,0.0,-100.0,-100.0,0.0,1.988797275013591e-11,99.44808768061047,30.0,106,92,30.0,125.0,4,-100.0,19.0,-732.409972299169,-100.0,0.0,3.7999999999999996e-08,0,1,33.94736842105263,0
PPO-QP,20260805,353,67,33981,0,0,0,0.0,-100.0,-100.0,0.0,2.0068420999071653e-11,98.21813398146197,30.0,68,92,30.0,125.0,4,-100.0,19.0,-732.409972299169,-100.0,0.0,3.7999999999999996e-08,0,1,33.94736842105263,0
PPO-QP,20260805,354,67,34077,0,0,0,0.0,-100.0,-100.0,0.0,1.9882614073670386e-11,108.22393721596258,30.0,209,92,30.0,125.0,4,-100.0,19.0,-732.409972299169,-100.0,0.0,3.7999999999999996e-08,0,1,33.94736842105263,0
PPO-QP,20260805,355,67,34173,0,0,0,0.0,-100.0,-100.0,0.0,2.0018749620949924e-11,87.53223352510913,30.0,59,92,30.0,125.0,4,-100.0,19.0,-732.409972299169,-100.0,0.0,3.7999999999999996e-08,0,1,33.94736842105263,0
PPO-QP,20260805,356,67,34269,0,0,0,0.0,-100.0,-100.0,0.0,1.996701322800239e-11,101.7500204535244,30.0,123,92,30.0,125.0,4,-100.0,19.0,-732.409972299169,-100.0,0.0,3.7999999999999996e-08,0,1,33.94736842105263,0
PPO-QP,20260805,357,68,34365,0,0,0,0.0,-100.0,-100.0,0.0,1.9840259065280936e-11,109.97109181636901,30.0,185,92,30.0,125.0,4,-100.0,19.0,-732.409972299169,-100.0,0.0,3.7999999999999996e-08,0,1,33.94736842105263,0
PPO-QP,20260805,358,68,34461,0,0,0,0.0,-100.0,-100.0,0.0,1.99782486850116e-11,70.68740403315702,30.0,7,92,30.0,125.0,4,-100.0,19.0,-732.409972299169,-100.0,0.0,3.7999999999999996e-08,0,1,33.94736842105263,0
PPO-QP,20260805,359,68,34557,0,0,0,0.0,-100.0,-100.0,0.0,1.9818439482103637e-11,110.10922097309025,30.0,167,92,30.0,125.0,4,-100.0,19.0,-732.409972299169,-100.0,0.0,3.7999999999999996e-08,0,1,33.94736842105263,0
PPO-QP,20260805,360,68,34653,0,0,0,0.0,-100.0,-100.0,0.0,1.9821348266428156e-11,100.89617127432541,30.0,141,92,30.0,125.0,4,-100.0,19.0,-732.409972299169,-100.0,0.0,3.7999999999999996e-08,0,1,33.94736842105263,0
PPO-QP,20260805,361,68,34749,0,0,0,0.0,-100.0,-100.0,0.0,2.0059720551302007e-11,83.01996185755443,30.0,27,92,30.0,125.0,4,-100.0,19.0,-732.409972299169,-100.0,0.0,3.7999999999999996e-08,0,1,33.94736842105263,0
PPO-QP,20260805,362,69,34845,0,0,0,0.0,-100.0,-100.0,0.0,1.9968982023499394e-11,101.7500204535244,30.0,123,92,30.0,125.0,4,-100.0,19.0,-732.409972299169,-100.0,0.0,3.7999999999999996e-08,0,1,33.94736842105263,0
PPO-QP,20260805,363,69,34941,0,0,0,0.0,-100.0,-100.0,0.0,1.9975510134884188e-11,110.10922097309025,30.0,167,92,30.0,125.0,4,-100.0,19.0,-732.409972299169,-100.0,0.0,3.7999999999999996e-08,0,1,33.94736842105263,0
PPO-QP,20260805,364,69,35037,0,0,0,0.0,-100.0,-100.0,0.0,1.9908741322183232e-11,89.4498133195773,30.0,82,92,30.0,125.0,4,-100.0,19.0,-732.409972299169,-100.0,0.0,3.7999999999999996e-08,0,1,33.94736842105263,0
PPO-QP,20260805,365,69,35133,0,0,0,0.0,-100.0,-100.0,0.0,1.987717768159314e-11,109.76789593316256,30.0,195,92,30.0,125.0,4,-100.0,19.0,-732.409972299169,-100.0,0.0,3.7999999999999996e-08,0,1,33.94736842105263,0
PPO-QP,20260805,366,69,35229,0,0,0,0.0,-100.0,-100.0,0.0,0.0,94.14081101762508,30.0,115,92,30.0,125.0,4,-100.0,19.0,-732.409972299169,-100.0,0.0,3.7999999999999996e-08,0,1,33.94736842105263,0
PPO-QP,20260805,367,69,35325,0,0,0,0.0,-100.0,-100.0,0.0,0.0,105.07840638717109,30.0,239,92,30.0,125.0,4,-100.0,19.0,-732.409972299169,-100.0,0.0,3.7999999999999996e-08,0,1,33.94736842105263,0
PPO-QP,20260805,368,70,35421,0,0,0,0.0,-100.0,-100.0,0.0,2.001375361733911e-11,105.49799693923116,30.0,228,92,30.0,125.0,4,-100.0,19.0,-732.409972299169,-100.0,0.0,3.7999999999999996e-08,0,1,33.94736842105263,0
PPO-QP,20260805,369,70,35517,0,0,0,0.0,-100.0,-100.0,0.0,2.001058948171893e-11,112.82024492984584,30.0,205,92,30.0,125.0,4,-100.0,19.0,-732.409972299169,-100.0,0.0,3.7999999999999996e-08,0,1,33.94736842105263,0
PPO-QP,20260805,370,70,35613,0,0,0,0.0,-100.0,-100.0,0.0,2.0122303823200128e-11,93.21260719239173,30.0,66,92,30.0,125.0,4,-100.0,19.0,-732.409972299169,-100.0,0.0,3.7999999999999996e-08,0,1,33.94736842105263,0
PPO-QP,20260805,371,70,35709,0,0,0,0.0,-100.0,-100.0,0.0,1.990416350257836e-11,105.96302933422132,30.0,211,92,30.0,125.0,4,-100.0,19.0,-732.409972299169,-100.0,0.0,3.7999999999999996e-08,0,1,33.94736842105263,0
PPO-QP,20260805,372,70,35805,0,0,0,0.0,-100.0,-100.0,0.0,1.9921827150900148e-11,91.03882991970426,30.0,95,92,30.0,125.0,4,-100.0,19.0,-732.409972299169,-100.0,0.0,3.7999999999999996e-08,0,1,33.94736842105263,0
PPO-QP,20260805,373,71,35901,0,0,0,0.0,-100.0,-100.0,0.0,1.998869588367332e-11,81.39778407810832,30.0,6,92,30.0,125.0,4,-100.0,19.0,-732.409972299169,-100.0,0.0,3.7999999999999996e-08,0,1,33.94736842105263,0
PPO-QP,20260805,374,71,35997,0,0,0,0.0,-100.0,-100.0,0.0,1.977116248497168e-11,105.33033672677433,30.0,183,92,30.0,125.0,4,-100.0,19.0,-732.409972299169,-100.0,0.0,3.7999999999999996e-08,0,1,33.94736842105263,0
PPO-QP,20260805,375,71,36093,0,0,0,0.0,-100.0,-100.0,0.0,2.0013735113622034e-11,103.92254966074705,30.0,229,92,30.0,125.0,4,-100.0,19.0,-732.409972299169,-100.0,0.0,3.7999999999999996e-08,0,1,33.94736842105263,0
PPO-QP,20260805,376,71,36189,0,0,0,0.0,-100.0,-100.0,0.0,1.9988074158779532e-11,98.93233912322364,30.0,128,92,30.0,125.0,4,-100.0,19.0,-732.409972299169,-100.0,0.0,3.7999999999999996e-08,0,1,33.94736842105263,0
PPO-QP,20260805,377,71,36285,0,0,0,0.0,-100.0,-100.0,0.0,1.9982730285287666e-11,114.98663326839446,30.0,182,92,30.0,125.0,4,-100.0,19.0,-732.409972299169,-100.0,0.0,3.7999999999999996e-08,0,1,33.94736842105263,0
PPO-QP,20260805,378,72,36381,0,0,0,0.0,-100.0,-100.0,0.0,1.9839104433335326e-11,99.1738371645239,30.0,108,92,30.0,125.0,4,-100.0,19.0,-732.409972299169,-100.0,0.0,3.7999999999999996e-08,0,1,33.94736842105263,0
PPO-QP,20260805,379,72,36477,0,0,0,0.0,-100.0,-100.0,0.0,1.9891151688729756e-11,88.96023354870242,30.0,72,92,30.0,125.0,4,-100.0,19.0,-732.409972299169,-100.0,0.0,3.7999999999999996e-08,0,1,33.94736842105263,0
PPO-QP,20260805,380,72,36573,0,0,0,0.0,-100.0,-100.0,0.0,1.9919950873988532e-11,93.19234625977204,30.0,43,92,30.0,125.0,4,-100.0,19.0,-732.409972299169,-100.0,0.0,3.7999999999999996e-08,0,1,33.94736842105263,0
PPO-QP,20260805,381,72,36669,0,0,0,0.0,-100.0,-100.0,0.0,1.9917808143551003e-11,97.38139037467363,30.0,112,92,30.0,125.0,4,-100.0,19.0,-732.409972299169,-100.0,0.0,3.7999999999999996e-08,0,1,33.94736842105263,0
PPO-QP,20260805,382,72,36765,0,0,0,0.0,-100.0,-100.0,0.0,1.9944372079786867e-11,102.62518138191051,30.0,134,92,30.0,125.0,4,-100.0,19.0,-732.409972299169,-100.0,0.0,3.7999999999999996e-08,0,1,33.94736842105263,0
PPO-QP,20260805,383,72,36861,0,0,0,0.0,-100.0,-100.0,0.0,2.005920244722385e-11,100.83889927295647,30.0,31,92,30.0,125.0,4,-100.0,19.0,-732.409972299169,-100.0,0.0,3.7999999999999996e-08,0,1,33.94736842105263,0
PPO-QP,20260805,384,73,36957,0,0,0,0.0,-100.0,-100.0,0.0,1.9681641501752742e-11,97.11329274490448,30.0,224,92,30.0,125.0,4,-100.0,19.0,-732.409972299169,-100.0,0.0,3.7999999999999996e-08,0,1,42.32969272350525,0
PPO-QP,20260805,385,73,37053,0,0,0,0.0,-100.0,-100.0,0.0,1.9828028108292983e-11,103.56165061739479,30.0,235,92,30.0,125.0,4,-100.0,19.0,-732.409972299169,-100.0,0.0,3.7999999999999996e-08,0,1,33.94736842105263,0
PPO-QP,20260805,386,73,37149,0,0,0,0.0,-100.0,-100.0,0.0,1.995076696440871e-11,83.30942638550725,30.0,49,92,30.0,125.0,4,-100.0,19.0,-732.409972299169,-100.0,0.0,3.7999999999999996e-08,0,1,33.94736842105263,0
PPO-QP,20260805,387,73,37245,0,0,0,0.0,-100.0,-100.0,0.0,1.9887717398840247e-11,100.48692081466652,30.0,32,92,30.0,125.0,4,-100.0,19.0,-732.409972299169,-100.0,0.0,3.7999999999999996e-08,0,1,33.94736842105263,0
PPO-QP,20260805,388,73,37341,0,0,0,0.0,-100.0,-100.0,0.0,2.0113666288068542e-11,91.03882991970426,30.0,95,92,30.0,125.0,4,-100.0,19.0,-732.409972299169,-100.0,0.0,3.7999999999999996e-08,0,1,33.94736842105263,0
PPO-QP,20260805,389,74,37437,0,0,0,0.0,-100.0,-100.0,0.0,1.975547503363373e-11,103.27932168487578,30.0,12,92,30.0,125.0,4,-100.0,19.0,-732.409972299169,-100.0,0.0,3.7999999999999996e-08,0,1,33.94736842105263,0
PPO-QP,20260805,390,74,37534,0,0,0,0.0,-100.0,-100.0,0.0,1.98491075427872e-11,104.82557086403831,30.0,221,93,53.75,125.0,3,-100.0,100.0,-521.6066481994461,-100.0,0.0,3.7999999999999996e-08,0,1,62.166921880038,0
PPO-QP,20260805,391,74,37629,0,0,0,0.0,-100.0,-100.0,0.0,9.653485418444537e-12,115.3687027071826,30.0,164,92,30.0,125.0,4,-100.0,19.0,-732.409972299169,-100.0,0.0,3.7999999999999996e-08,0,1,33.94736842105263,0
PPO-QP,20260805,392,74,37725,0,0,0,0.0,-100.0,-100.0,0.0,1.994143368951503e-11,92.88476102773205,30.0,105,92,30.0,125.0,4,-100.0,19.0,-732.409972299169,-100.0,0.0,3.7999999999999996e-08,0,1,33.94736842105263,0
PPO-QP,20260805,393,74,37821,0,0,0,0.0,-100.0,-100.0,0.0,2.0029026585414535e-11,110.00887532212714,30.0,215,92,30.0,125.0,4,-100.0,19.0,-732.409972299169,-100.0,0.0,3.7999999999999996e-08,0,1,33.94736842105263,0
PPO-QP,20260805,394,75,37917,0,0,0,0.0,-100.0,-100.0,0.0,2.00002607068465e-11,85.8202729697167,30.0,61,92,30.0,125.0,4,-100.0,19.0,-732.409972299169,-100.0,0.0,3.7999999999999996e-08,0,1,33.94736842105263,0
PPO-QP,20260805,395,75,38013,0,0,0,0.0,-100.0,-100.0,0.0,1.9695689523757665e-11,99.69693547047898,30.0,137,92,30.0,125.0,4,-100.0,19.0,-732.409972299169,-100.0,0.0,3.7999999999999996e-08,0,1,33.94736842105263,0
PPO-QP,20260805,396,75,38109,0,0,0,0.0,-100.0,-100.0,0.0,2.0036046895673582e-11,96.32255108936515,30.0,15,92,30.0,125.0,4,-100.0,19.0,-732.409972299169,-100.0,0.0,3.7999999999999996e-08,0,1,33.94736842105263,0
PPO-QP,20260805,397,75,38205,0,0,0,0.0,-100.0,-100.0,0.0,0.0,88.96023354870242,30.0,72,92,30.0,125.0,4,-100.0,19.0,-732.409972299169,-100.0,0.0,3.7999999999999996e-08,0,1,33.94736842105263,0
PPO-QP,20260805,398,75,38301,0,0,0,0.0,-100.0,-100.0,0.0,1.9889268010331308e-11,109.23909068749569,30.0,157,92,30.0,125.0,4,-100.0,19.0,-732.409972299169,-100.0,0.0,3.7999999999999996e-08,0,1,33.94736842105263,0
PPO-QP,20260805,399,75,38397,0,0,0,0.0,-100.0,-100.0,0.0,1.978797126156451e-11,98.04912306783665,30.0,136,92,30.0,125.0,4,-100.0,19.0,-732.409972299169,-100.0,0.0,3.7999999999999996e-08,0,1,33.94736842105263,0
PPO-QP,20260805,400,76,38493,0,0,0,0.0,-100.0,-100.0,0.0,1.9931900574476914e-11,99.96667633583264,30.0,97,92,30.0,125.0,4,-100.0,19.0,-732.409972299169,-100.0,0.0,3.7999999999999996e-08,0,1,33.94736842105263,0
PPO-QP,20260805,401,76,38589,0,0,0,0.0,-100.0,-100.0,0.0,2.0107970843952216e-11,91.03882991970426,30.0,95,92,30.0,125.0,4,-100.0,19.0,-732.409972299169,-100.0,0.0,3.7999999999999996e-08,0,1,33.94736842105263,0
PPO-QP,20260805,402,76,38685,0,0,0,0.0,-100.0,-100.0,0.0,1.9989436032356405e-11,96.25561346436216,30.0,8,92,30.0,125.0,4,-100.0,19.0,-732.409972299169,-100.0,0.0,3.7999999999999996e-08,0,1,33.94736842105263,0
PPO-QP,20260805,403,76,38781,0,0,0,0.0,-100.0,-100.0,0.0,2.0047271250452543e-11,99.44808768061047,30.0,106,92,30.0,125.0,4,-100.0,19.0,-732.409972299169,-100.0,0.0,3.7999999999999996e-08,0,1,33.94736842105263,0
PPO-QP,20260805,404,76,38877,0,0,0,0.0,-100.0,-100.0,0.0,1.9854014728556044e-11,91.86532092092294,30.0,121,92,30.0,125.0,4,-100.0,19.0,-732.409972299169,-100.0,0.0,3.7999999999999996e-08,0,1,33.94736842105263,0
PPO-QP,20260805,405,77,38973,0,0,0,0.0,-100.0,-100.0,0.0,1.9861468025794694e-11,114.05868659417193,30.0,202,92,30.0,125.0,4,-100.0,19.0,-732.409972299169,-100.0,0.0,3.7999999999999996e-08,0,1,33.94736842105263,0
PPO-QP,20260805,406,77,39069,0,0,0,0.0,-100.0,-100.0,0.0,1.997635760512632e-11,102.10435203642338,30.0,53,92,30.0,125.0,4,-100.0,19.0,-732.409972299169,-100.0,0.0,3.7999999999999996e-08,0,1,33.94736842105263,0
PPO-QP,20260805,407,77,39165,0,0,0,0.0,-100.0,-100.0,0.0,1.9664677293936467e-11,94.86775162328135,30.0,67,92,30.0,125.0,4,-100.0,19.0,-732.409972299169,-100.0,0.0,3.7999999999999996e-08,0,1,33.94736842105263,0
PPO-QP,20260805,408,77,39261,0,0,0,0.0,-100.0,-100.0,0.0,2.024493165701339e-11,90.43588685788883,30.0,93,92,30.0,125.0,4,-100.0,19.0,-732.409972299169,-100.0,0.0,3.7999999999999996e-08,0,1,33.94736842105263,0
PPO-QP,20260805,409,77,39357,0,0,0,0.0,-100.0,-100.0,0.0,1.9941800063113153e-11,94.11350934331959,30.0,103,92,30.0,125.0,4,-100.0,19.0,-732.409972299169,-100.0,0.0,3.7999999999999996e-08,0,1,33.94736842105263,0
PPO-QP,20260805,410,78,39453,0,0,0,0.0,-100.0,-100.0,0.0,1.9931519397905124e-11,103.35487004591415,30.0,223,92,30.0,125.0,4,-100.0,19.0,-732.409972299169,-100.0,0.0,3.7999999999999996e-08,0,1,69.67742523040312,0
PPO-QP,20260805,411,78,39549,0,0,0,0.0,-100.0,-100.0,0.0,1.9948450299030657e-11,91.03882991970426,30.0,95,92,30.0,125.0,4,-100.0,19.0,-732.409972299169,-100.0,0.0,3.7999999999999996e-08,0,1,33.94736842105263,0
PPO-QP,20260805,412,78,39645,0,0,0,0.0,-100.0,-100.0,0.0,1.9911183812837407e-11,95.06128279232206,30.0,126,92,30.0,125.0,4,-100.0,19.0,-732.409972299169,-100.0,0.0,3.7999999999999996e-08,0,1,33.94736842105263,0
PPO-QP,20260805,413,78,39741,0,0,0,0.0,-100.0,-100.0,0.0,1.9864817198585646e-11,87.56950904514152,30.0,98,92,30.0,125.0,4,-100.0,19.0,-732.409972299169,-100.0,0.0,3.7999999999999996e-08,0,1,33.94736842105263,0
PPO-QP,20260805,414,78,39837,0,0,0,0.0,-100.0,-100.0,0.0,1.998784841343119e-11,104.06273500373985,30.0,192,92,30.0,125.0,4,-100.0,19.0,-732.409972299169,-100.0,0.0,3.7999999999999996e-08,0,1,33.94736842105263,0
PPO-QP,20260805,415,78,39933,0,0,0,0.0,-100.0,-100.0,0.0,0.0,109.81392204466715,30.0,163,92,30.0,125.0,4,-100.0,19.0,-732.409972299169,-100.0,0.0,3.7999999999999996e-08,0,1,33.94736842105263,0
PPO-QP,20260805,416,79,40029,0,0,0,0.0,-100.0,-100.0,0.0,1.9953494412305873e-11,73.4818515278711,30.0,56,92,30.0,125.0,4,-100.0,19.0,-732.409972299169,-100.0,0.0,3.7999999999999996e-08,0,1,33.94736842105263,0
PPO-QP,20260805,417,79,40125,0,0,0,0.0,-100.0,-100.0,0.0,1.9930246342170223e-11,103.76593309393455,30.0,130,92,30.0,125.0,4,-100.0,19.0,-732.409972299169,-100.0,0.0,3.7999999999999996e-08,0,1,33.94736842105263,0
PPO-QP,20260805,418,79,40221,0,0,0,0.0,-100.0,-100.0,0.0,1.9823202338879278e-11,105.07840638717109,30.0,239,92,30.0,125.0,4,-100.0,19.0,-732.409972299169,-100.0,0.0,3.7999999999999996e-08,0,1,33.94736842105263,0
PPO-QP,20260805,419,79,40317,0,0,0,0.0,-100.0,-100.0,0.0,1.976995234187484e-11,97.57557280168987,30.0,75,92,30.0,125.0,4,-100.0,19.0,-732.409972299169,-100.0,0.0,3.7999999999999996e-08,0,1,33.94736842105263,0
PPO-QP,20260805,420,79,40413,0,0,0,0.0,-100.0,-100.0,0.0,1.9967657157356673e-11,103.71614153679448,30.0,125,92,30.0,125.0,4,-100.0,19.0,-732.409972299169,-100.0,0.0,3.7999999999999996e-08,0,1,33.94736842105263,0
PPO-QP,20260805,421,80,40509,0,0,0,0.0,-100.0,-100.0,0.0,1.972656482607249e-11,98.64165448582102,30.0,142,92,30.0,125.0,4,-100.0,19.0,-732.409972299169,-100.0,0.0,3.7999999999999996e-08,0,1,33.94736842105263,0
PPO-QP,20260805,422,80,40605,0,0,0,0.0,-100.0,-100.0,0.0,1.9871859713305183e-11,104.42171889899856,30.0,154,92,30.0,125.0,4,-100.0,19.0,-732.409972299169,-100.0,0.0,3.7999999999999996e-08,0,1,33.94736842105263,0
PPO-QP,20260805,423,80,40701,0,0,0,0.0,-100.0,-100.0,0.0,1.9918411364727718e-11,70.68740403315702,30.0,7,92,30.0,125.0,4,-100.0,19.0,-732.409972299169,-100.0,0.0,3.7999999999999996e-08,0,1,39.484950768105094,0
PPO-QP,20260805,424,80,40797,0,0,0,0.0,-100.0,-100.0,0.0,1.9912690015407484e-11,98.64165448582102,30.0,142,92,30.0,125.0,4,-100.0,19.0,-732.409972299169,-100.0,0.0,3.7999999999999996e-08,0,1,33.94736842105263,0
PPO-QP,20260805,425,80,40893,0,0,0,0.0,-100.0,-100.0,0.0,1.990775692443473e-11,102.9635056064629,30.0,189,92,30.0,125.0,4,-100.0,19.0,-732.409972299169,-100.0,0.0,3.7999999999999996e-08,0,1,33.94736842105263,0
PPO-QP,20260805,426,81,40989,0,0,0,0.0,-100.0,-100.0,0.0,1.9839681749308133e-11,93.58051686509125,30.0,76,92,30.0,125.0,4,-100.0,19.0,-732.409972299169,-100.0,0.0,3.7999999999999996e-08,0,1,33.94736842105263,0
PPO-QP,20260805,427,81,41085,0,0,0,0.0,-100.0,-100.0,0.0,1.993033516001219e-11,99.44808768061047,30.0,106,92,30.0,125.0,4,-100.0,19.0,-732.409972299169,-100.0,0.0,3.7999999999999996e-08,0,1,33.94736842105263,0
PPO-QP,20260805,428,81,41181,0,0,0,0.0,-100.0,-100.0,0.0,0.0,115.3687027071826,30.0,164,92,30.0,125.0,4,-100.0,19.0,-732.409972299169,-100.0,0.0,3.7999999999999996e-08,0,1,33.94736842105263,0
PPO-QP,20260805,429,81,41277,0,0,0,0.0,-100.0,-100.0,0.0,1.9692284839815482e-11,91.86532092092294,30.0,121,92,30.0,125.0,4,-100.0,19.0,-732.409972299169,-100.0,0.0,3.7999999999999996e-08,0,1,33.94736842105263,0
PPO-QP,20260805,430,81,41373,0,0,0,0.0,-100.0,-100.0,0.0,2.0030629007313413e-11,94.29020215225974,30.0,81,92,30.0,125.0,4,-100.0,19.0,-732.409972299169,-100.0,0.0,3.7999999999999996e-08,0,1,33.94736842105263,0
PPO-QP,20260805,431,81,41469,0,0,0,0.0,-100.0,-100.0,0.0,1.980610490430005e-11,103.27932168487578,30.0,12,92,30.0,125.0,4,-100.0,19.0,-732.409972299169,-100.0,0.0,3.7999999999999996e-08,0,1,33.94736842105263,0
PPO-QP,20260805,432,82,41565,0,0,0,0.0,-100.0,-100.0,0.0,0.0,103.60264311293285,30.0,198,92,30.0,125.0,4,-100.0,19.0,-732.409972299169,-100.0,0.0,3.7999999999999996e-08,0,1,33.94736842105263,0
PPO-QP,20260805,433,82,41661,0,0,0,0.0,-100.0,-100.0,0.0,1.9801367952728318e-11,100.48692081466652,30.0,32,92,30.0,125.0,4,-100.0,19.0,-732.409972299169,-100.0,0.0,3.7999999999999996e-08,0,1,33.94736842105263,0
PPO-QP,20260805,434,82,41757,0,0,0,0.0,-100.0,-100.0,0.0,1.9820400876113807e-11,93.83291616695745,30.0,124,92,30.0,125.0,4,-100.0,19.0,-732.409972299169,-100.0,0.0,3.7999999999999996e-08,0,1,33.94736842105263,0
PPO-QP,20260805,435,82,41853,0,0,0,0.0,-100.0,-100.0,0.0,1.979780413681927e-11,94.14081101762508,30.0,115,92,30.0,125.0,4,-100.0,19.0,-732.409972299169,-100.0,0.0,3.7999999999999996e-08,0,1,33.94736842105263,0
PPO-QP,20260805,436,82,41949,0,0,0,0.0,-100.0,-100.0,0.0,1.9925698128512674e-11,93.95418866591038,30.0,94,92,30.0,125.0,4,-100.0,19.0,-732.409972299169,-100.0,0.0,3.7999999999999996e-08,0,1,33.94736842105263,0
PPO-QP,20260805,437,83,42045,0,0,0,0.0,-100.0,-100.0,0.0,1.99355939164055e-11,95.85085952656725,30.0,3,92,30.0,125.0,4,-100.0,19.0,-732.409972299169,-100.0,0.0,3.7999999999999996e-08,0,1,33.94736842105263,0
PPO-QP,20260805,438,83,42141,0,0,0,0.0,-100.0,-100.0,0.0,2.0124727810137224e-11,96.01676559852008,30.0,37,92,30.0,125.0,4,-100.0,19.0,-732.409972299169,-100.0,0.0,3.7999999999999996e-08,0,1,33.94736842105263,0
PPO-QP,20260805,439,83,42237,0,0,0,0.0,-100.0,-100.0,0.0,1.991593926812622e-11,77.39593317848316,30.0,42,92,30.0,125.0,4,-100.0,19.0,-732.409972299169,-100.0,0.0,3.7999999999999996e-08,0,1,33.94736842105263,0
PPO-QP,20260805,440,83,42333,0,0,0,0.0,-100.0,-100.0,0.0,1.9705244843256273e-11,109.00381953646375,30.0,159,92,30.0,125.0,4,-100.0,19.0,-732.409972299169,-100.0,0.0,3.7999999999999996e-08,0,1,33.94736842105263,0
PPO-QP,20260805,441,83,42429,0,0,0,0.0,-100.0,-100.0,0.0,1.975870578263539e-11,100.69676510316452,30.0,2,92,30.0,125.0,4,-100.0,19.0,-732.409972299169,-100.0,0.0,3.7999999999999996e-08,0,1,33.94736842105263,0
PPO-QP,20260805,442,84,42525,0,0,0,0.0,-100.0,-100.0,0.0,2.0045876070184933e-11,104.96059298132022,30.0,58,92,30.0,125.0,4,-100.0,19.0,-732.409972299169,-100.0,0.0,3.7999999999999996e-08,0,1,33.94736842105263,0
PPO-QP,20260805,443,84,42621,0,0,0,0.0,-100.0,-100.0,0.0,1.995162183613767e-11,87.66406128442175,30.0,34,92,30.0,125.0,4,-100.0,19.0,-732.409972299169,-100.0,0.0,3.7999999999999996e-08,0,1,33.94736842105263,0
PPO-QP,20260805,444,84,42717,0,0,0,0.0,-100.0,-100.0,0.0,2.005714113314146e-11,96.85699797452907,30.0,26,92,30.0,125.0,4,-100.0,19.0,-732.409972299169,-100.0,0.0,3.7999999999999996e-08,0,1,33.94736842105263,0
PPO-QP,20260805,445,84,42813,0,0,0,0.0,-100.0,-100.0,0.0,1.977947435468271e-11,102.84941180769906,30.0,173,92,30.0,125.0,4,-100.0,19.0,-732.409972299169,-100.0,0.0,3.7999999999999996e-08,0,1,33.94736842105263,0
PPO-QP,20260805,446,84,42909,0,0,0,0.0,-100.0,-100.0,0.0,1.965261287040221e-11,88.64779970570982,30.0,89,92,30.0,125.0,4,-100.0,19.0,-732.409972299169,-100.0,0.0,3.7999999999999996e-08,0,1,33.94736842105263,0
PPO-QP,20260805,447,84,43005,0,0,0,0.0,-100.0,-100.0,0.0,1.9823383675306634e-11,108.22393721596258,30.0,209,92,30.0,125.0,4,-100.0,19.0,-732.409972299169,-100.0,0.0,3.7999999999999996e-08,0,1,33.94736842105263,0
PPO-QP,20260805,448,85,43101,0,0,0,0.0,-100.0,-100.0,0.0,2.0269245541252682e-11,90.43588685788883,30.0,93,92,30.0,125.0,4,-100.0,19.0,-732.409972299169,-100.0,0.0,3.7999999999999996e-08,0,1,33.94736842105263,0
PPO-QP,20260805,449,85,43197,0,0,0,0.0,-100.0,-100.0,0.0,1.99453638790222e-11,112.54618120928845,30.0,212,92,30.0,125.0,4,-100.0,19.0,-732.409972299169,-100.0,0.0,3.7999999999999996e-08,0,1,33.94736842105263,0
PPO-QP,20260805,450,85,43293,0,0,0,0.0,-100.0,-100.0,0.0,1.9847656851368355e-11,101.5466799515969,30.0,16,92,30.0,125.0,4,-100.0,19.0,-732.409972299169,-100.0,0.0,3.7999999999999996e-08,0,1,33.94736842105263,0
PPO-QP,20260805,451,85,43389,0,0,0,0.0,-100.0,-100.0,0.0,1.9846365291916374e-11,87.04250902822423,30.0,70,92,30.0,125.0,4,-100.0,19.0,-732.409972299169,-100.0,0.0,3.7999999999999996e-08,0,1,33.94736842105263,0
PPO-QP,20260805,452,85,43486,0,0,0,0.0,-100.0,-100.0,0.0,1.991858900041166e-11,104.82557086403831,30.0,221,93,53.75,125.0,3,-100.0,100.0,-521.6066481994461,-100.0,0.0,3.7999999999999996e-08,0,1,41.13821999878855,0
PPO-QP,20260805,453,86,43581,0,0,0,0.0,-100.0,-100.0,0.0,1.9861516135459093e-11,110.34769251483871,30.0,219,92,30.0,125.0,4,-100.0,19.0,-732.409972299169,-100.0,0.0,3.7999999999999996e-08,0,1,33.94736842105263,0
PPO-QP,20260805,454,86,43677,0,0,0,0.0,-100.0,-100.0,0.0,2.0062007610732735e-11,87.01349732194478,30.0,60,92,30.0,125.0,4,-100.0,19.0,-732.409972299169,-100.0,0.0,3.7999999999999996e-08,0,1,33.94736842105263,0
PPO-QP,20260805,455,86,43773,0,0,0,0.0,-100.0,-100.0,0.0,1.995546690854629e-11,103.76593309393455,30.0,130,92,30.0,125.0,4,-100.0,19.0,-732.409972299169,-100.0,0.0,3.7999999999999996e-08,0,1,33.94736842105263,0
PPO-QP,20260805,456,86,43869,0,0,0,0.0,-100.0,-100.0,0.0,1.9707065609016658e-11,102.98408042338848,30.0,178,92,30.0,125.0,4,-100.0,19.0,-732.409972299169,-100.0,0.0,3.7999999999999996e-08,0,1,33.94736842105263,0
PPO-QP,20260805,457,86,43965,0,0,0,0.0,-100.0,-100.0,0.0,1.9987966837220484e-11,101.76595014465538,30.0,18,92,30.0,125.0,4,-100.0,19.0,-732.409972299169,-100.0,0.0,3.7999999999999996e-08,0,1,33.94736842105263,0
PPO-QP,20260805,458,87,44061,0,0,0,0.0,-100.0,-100.0,0.0,2.0041820055401633e-11,110.95905457206057,30.0,193,92,30.0,125.0,4,-100.0,19.0,-732.409972299169,-100.0,0.0,3.7999999999999996e-08,0,1,33.94736842105263,0
PPO-QP,20260805,459,87,44157,0,0,0,0.0,-100.0,-100.0,0.0,1.9952765365853034e-11,101.5466799515969,30.0,16,92,30.0,125.0,4,-100.0,19.0,-732.409972299169,-100.0,0.0,3.7999999999999996e-08,0,1,33.94736842105263,0
PPO-QP,20260805,460,87,44253,0,0,0,0.0,-100.0,-100.0,0.0,1.9771040360438975e-11,93.58051686509125,30.0,76,92,30.0,125.0,4,-100.0,19.0,-732.409972299169,-100.0,0.0,3.7999999999999996e-08,0,1,33.94736842105263,0
PPO-QP,20260805,461,87,44349,0,0,0,0.0,-100.0,-100.0,0.0,0.0,99.83051753648506,30.0,190,92,30.0,125.0,4,-100.0,19.0,-732.409972299169,-100.0,0.0,3.7999999999999996e-08,0,1,33.94736842105263,0
PPO-QP,20260805,462,87,44445,0,0,0,0.0,-100.0,-100.0,0.0,1.974339210638239e-11,93.65665261795868,30.0,73,92,30.0,125.0,4,-100.0,19.0,-732.409972299169,-100.0,0.0,3.7999999999999996e-08,0,1,33.94736842105263,0
PPO-QP,20260805,463,87,44541,0,0,0,0.0,-100.0,-100.0,0.0,1.9602208745084226e-11,88.96023354870242,30.0,72,92,30.0,125.0,4,-100.0,19.0,-732.409972299169,-100.0,0.0,3.7999999999999996e-08,0,1,33.94736842105263,0
PPO-QP,20260805,464,88,44637,0,0,0,0.0,-100.0,-100.0,0.0,2.007907543936464e-11,84.73391284961718,30.0,63,92,30.0,125.0,4,-100.0,19.0,-732.409972299169,-100.0,0.0,3.7999999999999996e-08,0,1,33.94736842105263,0
PPO-QP,20260805,465,88,44733,0,0,0,0.0,-100.0,-100.0,0.0,1.982572254514518e-11,111.07898321111968,30.0,203,92,30.0,125.0,4,-100.0,19.0,-732.409972299169,-100.0,0.0,3.7999999999999996e-08,0,1,33.94736842105263,0
PPO-QP,20260805,466,88,44829,0,0,0,0.0,-100.0,-100.0,0.0,1.972674986324326e-11,102.98408042338848,30.0,178,92,30.0,125.0,4,-100.0,19.0,-732.409972299169,-100.0,0.0,3.7999999999999996e-08,0,1,33.94736842105263,0
PPO-QP,20260805,467,88,44925,0,0,0,0.0,-100.0,-100.0,0.0,1.9772176488667506e-11,94.86775162328135,30.0,67,92,30.0,125.0,4,-100.0,19.0,-732.409972299169,-100.0,0.0,3.7999999999999996e-08,0,1,33.94736842105263,0
PPO-QP,20260805,468,88,45021,0,0,0,0.0,-100.0,-100.0,0.0,1.9952765365853034e-11,96.25561346436216,30.0,8,92,30.0,125.0,4,-100.0,19.0,-732.409972299169,-100.0,0.0,3.7999999999999996e-08,0,1,33.94736842105263,0
PPO-QP,20260805,469,89,45117,0,0,0,0.0,-100.0,-100.0,0.0,2.0091424820141887e-11,87.04250902822423,30.0,70,92,30.0,125.0,4,-100.0,19.0,-732.409972299169,-100.0,0.0,3.7999999999999996e-08,0,1,33.94736842105263,0
PPO-QP,20260805,470,89,45213,0,0,0,0.0,-100.0,-100.0,0.0,1.9924325152705554e-11,90.96640864829209,30.0,87,92,30.0,125.0,4,-100.0,19.0,-732.409972299169,-100.0,0.0,3.7999999999999996e-08,0,1,33.94736842105263,0
PPO-QP,20260805,471,89,45309,0,0,0,0.0,-100.0,-100.0,0.0,1.995403842158794e-11,106.53263417041393,30.0,236,92,30.0,125.0,4,-100.0,19.0,-732.409972299169,-100.0,0.0,3.7999999999999996e-08,0,1,33.94736842105263,0
PPO-QP,20260805,472,89,45405,0,0,0,0.0,-100.0,-100.0,0.0,1.9977308696184082e-11,104.00758986645744,30.0,9,92,30.0,125.0,4,-100.0,19.0,-732.409972299169,-100.0,0.0,3.7999999999999996e-08,0,1,33.94736842105263,0
PPO-QP,20260805,473,89,45501,0,0,0,0.0,-100.0,-100.0,0.0,1.973418095602142e-11,110.00887532212714,30.0,215,92,30.0,125.0,4,-100.0,19.0,-732.409972299169,-100.0,0.0,3.7999999999999996e-08,0,1,33.94736842105263,0
PPO-QP,20260805,474,90,45597,0,0,0,0.0,-100.0,-100.0,0.0,1.9950870585224342e-11,89.4498133195773,30.0,82,92,30.0,125.0,4,-100.0,19.0,-732.409972299169,-100.0,0.0,3.7999999999999996e-08,0,1,33.94736842105263,0
PPO-QP,20260805,475,90,45693,0,0,0,0.0,-100.0,-100.0,0.0,1.996515545480785e-11,93.65665261795868,30.0,73,92,30.0,125.0,4,-100.0,19.0,-732.409972299169,-100.0,0.0,3.7999999999999996e-08,0,1,33.94736842105263,0
PPO-QP,20260805,476,90,45789,0,0,0,0.0,-100.0,-100.0,0.0,1.9898064677429755e-11,95.77455035660361,30.0,116,92,30.0,125.0,4,-100.0,19.0,-732.409972299169,-100.0,0.0,3.7999999999999996e-08,0,1,33.94736842105263,0
PPO-QP,20260805,477,90,45885,0,0,0,0.0,-100.0,-100.0,0.0,2.0073250469228772e-11,93.11517390836408,30.0,96,92,30.0,125.0,4,-100.0,19.0,-732.409972299169,-100.0,0.0,3.7999999999999996e-08,0,1,33.94736842105263,0
PPO-QP,20260805,478,90,45981,0,0,0,0.0,-100.0,-100.0,0.0,1.9810601307549783e-11,93.40953184232814,30.0,135,92,30.0,125.0,4,-100.0,19.0,-732.409972299169,-100.0,0.0,3.7999999999999996e-08,0,1,33.94736842105263,0
PPO-QP,20260805,479,90,46076,0,0,0,0.0,-100.0,-15.524293609193524,0.0,1.978008867808967e-11,125.11318271812563,30.0,221,91,26.31298026781654,125.0,5,-100.0,4.989325017702845,-836.576925188141,-15.524293609193524,-84.47570639080648,3.7999999999999996e-08,0,1,2.249920012613572,0
PPO-QP,20260805,479,90,46077,0,0,0,0.0,-100.0,-100.0,0.0,1.978008867808967e-11,109.9284297131466,30.0,221,92,30.0,125.0,4,-100.0,19.0,-732.409972299169,-100.0,0.0,3.7999999999999996e-08,0,1,39.47570639080648,0
