controller,seed,episode,update,transition,endpoint_minimum_violation_kw,endpoint_infeasible,feasible_state_violation,extra_excess_energy_kwh_step,power_lower_kw,power_upper_kw,ev_lower_fraction,ev_upper_fraction,base_load_minus_pv_kw,lighting_kw,day,step,soc_kwh,target_kwh,remaining_steps,physical_lower_kw,physical_upper_kw,terminal_lower_kw,terminal_upper_kw,terminal_physical_gap_kw,tolerance_kw,terminal_roundoff_repair,terminal_ramp_relaxation,terminal_ramp_gap_kw,terminal_target_conflict_step
PPO-QP-no-penalty,20260808,0,1,95,0,0,0,0.0,99.99999997736562,100.0,0.0,1.850727349150816e-11,95.2244213127332,30.0,235,94,177.63157894141202,125.0,2,-100.0,100.0,99.99999997736562,290.24999997736563,-2.2634381480202137e-08,3.7999999999999996e-08,0,1,33.1623766819079,0
PPO-QP-no-penalty,20260808,1,1,192,0,0,0,0.0,51.71230072289653,51.71230072289653,1.8475265761708214e-11,1.8475265761708214e-11,104.42004022142679,30.0,180,95,138.60850019023593,125.0,1,-100.0,100.0,51.71230072289653,51.71230072289653,0.0,3.7999999999999996e-08,0,1,23.311439184945463,0
PPO-QP-no-penalty,20260808,2,1,287,0,0,0,0.0,99.99999995252278,100.0,0.0,0.0,85.97040524429327,30.0,73,94,177.63157893487443,125.0,2,-100.0,100.0,99.99999995252278,290.2499999525228,-4.7477215048274957e-08,3.7999999999999996e-08,0,1,50.66790872735397,0
PPO-QP-no-penalty,20260808,3,1,383,0,0,0,0.0,99.99999997493902,100.0,0.0,1.8621130563426884e-11,89.53178445106025,30.0,119,94,177.63157894077344,125.0,2,-100.0,100.0,99.99999997493902,290.24999997493904,-2.5060984398805886e-08,3.7999999999999996e-08,0,1,13.34639687140455,0
PPO-QP-no-penalty,20260808,4,1,479,0,0,0,0.0,52.84847826302919,100.0,0.0,2.960594732333751e-17,104.66466785533129,30.0,130,94,165.22328375342875,125.0,2,-100.0,100.0,52.84847826302919,243.09847826302922,-47.15152173697081,3.7999999999999996e-08,0,1,29.401991491330524,0
PPO-QP-no-penalty,20260808,4,1,480,0,0,0,0.0,99.83697937989558,99.83697937989558,2.960594732333751e-17,2.960594732333751e-17,100.77730152946528,30.0,130,95,151.27288931049884,125.0,1,-100.0,100.0,99.83697937989558,99.83697937989558,0.0,3.7999999999999996e-08,0,1,1.8254804967619975,0
PPO-QP-no-penalty,20260808,5,2,573,0,0,0,0.0,79.99999995465527,100.0,0.0,1.8620305297645244e-11,94.11350934331959,30.0,103,92,224.99999998806717,125.0,4,-5.024347908482397e-08,100.0,79.99999995465527,650.7499999546552,-20.000000045344734,3.7999999999999996e-08,0,1,34.99999992792577,0
PPO-QP-no-penalty,20260808,6,2,669,0,0,0,0.0,60.15386579970082,100.0,0.0,1.876210298235037e-11,99.83051753648506,30.0,190,92,219.77733310518443,125.0,4,-21.990176399223472,100.0,60.15386579970082,630.9038657997008,-39.84613420029918,3.7999999999999996e-08,0,1,23.856276543001407,0
PPO-QP-no-penalty,20260808,7,2,768,0,0,0,0.0,91.23210161053572,91.23210161053572,1.9864461927217764e-11,1.9864461927217764e-11,99.08171662552877,30.0,107,95,149.00844779224624,125.0,1,-100.0,100.0,91.23210161053572,91.23210161053572,0.0,3.7999999999999996e-08,0,1,47.37603492249586,0
PPO-QP-no-penalty,20260808,8,2,861,0,0,0,0.0,37.32352723737933,100.0,0.0,1.8606457115784756e-11,93.58051686509125,30.0,76,92,213.76934927299456,125.0,4,-47.28695042949659,100.0,37.32352723737933,608.0735272373793,-62.67647276262067,3.7999999999999996e-08,0,1,5.259979925957062,0
PPO-QP-no-penalty,20260808,8,2,862,0,0,0,0.0,99.99999998837151,100.0,0.0,1.8606457115784756e-11,87.64087006953979,30.0,76,93,203.94736841799252,125.0,3,-88.64265929266307,100.0,99.99999998837151,480.49999998837154,-1.1628486618064926e-08,3.7999999999999996e-08,0,1,17.676472739363746,0
PPO-QP-no-penalty,20260808,9,2,957,0,0,0,0.0,76.27651937102267,100.0,0.0,1.868717403041842e-11,96.25561346436216,30.0,8,92,224.0201366765849,125.0,4,-4.1257403091161615,100.0,76.27651937102267,647.0265193710227,-23.723480628977327,3.7999999999999996e-08,0,1,27.5530387824639,0
PPO-QP-no-penalty,20260808,10,3,1055,0,0,0,0.0,99.99999997096583,100.0,0.0,1.880183416365829e-11,91.55221419607727,30.0,92,94,177.63157893972786,125.0,2,-100.0,100.0,99.99999997096583,290.24999997096586,-2.9034168846919783e-08,3.7999999999999996e-08,0,1,23.358337922142937,0
PPO-QP-no-penalty,20260808,11,3,1149,0,0,0,0.0,49.12344526643412,100.0,0.0,1.8786705524576065e-11,83.01996185755443,30.0,27,92,216.87459085958793,125.0,4,-34.21224901226137,100.0,49.12344526643412,619.873445266434,-50.87655473356588,3.7999999999999996e-08,0,1,50.621093057637665,0
PPO-QP-no-penalty,20260808,11,3,1150,0,0,0,0.0,99.99999999999991,100.0,0.0,1.8786705524576065e-11,76.5914242651083,30.0,27,93,203.94736842105263,125.0,3,-88.6426592797784,100.0,99.99999999999991,480.5,-8.526512829121202e-14,3.7999999999999996e-08,0,1,5.876554733565797,0
PPO-QP-no-penalty,20260808,12,3,1248,0,0,0,0.0,78.03639978308732,78.03639978308732,1.9301293896489825e-11,1.9301293896489825e-11,94.08537372549401,30.0,93,95,145.53589467975982,125.0,1,-100.0,100.0,78.03639978308732,78.03639978308732,0.0,3.7999999999999996e-08,0,1,21.462585679168114,0
PPO-QP-no-penalty,20260808,13,3,1344,0,0,0,0.0,78.95854432533984,78.95854432533984,1.867719312542704e-11,1.867719312542704e-11,105.56974496097747,30.0,185,95,145.77856429614206,125.0,1,-100.0,100.0,78.95854432533984,78.95854432533984,0.0,3.7999999999999996e-08,0,1,17.142166037310986,0
PPO-QP-no-penalty,20260808,15,3,1535,0,0,0,0.0,49.59076979448418,100.0,0.0,1.8566540897306064e-11,109.78876866424572,30.0,218,94,164.36599205118006,125.0,2,-100.0,100.0,49.59076979448418,239.8407697944842,-50.40923020551582,3.7999999999999996e-08,0,1,67.27233379457999,0
PPO-QP-no-penalty,20260808,15,3,1536,0,0,0,0.0,99.99999998916101,99.99999998916101,1.8566540897306064e-11,1.8566540897306064e-11,108.4878992555091,30.0,218,95,151.31578947083185,125.0,1,-100.0,100.0,99.99999998916101,99.99999998916101,0.0,3.7999999999999996e-08,0,1,5.409230183837792,0
PPO-QP-no-penalty,20260808,16,4,1631,0,0,0,0.0,79.92869927250199,100.0,0.0,1.855841406476581e-11,108.35640982345177,30.0,237,94,172.34965770329,125.0,2,-100.0,100.0,79.92869927250199,270.178699272502,-20.071300727498013,3.7999999999999996e-08,0,1,17.696254770765464,0
PPO-QP-no-penalty,20260808,17,4,1727,0,0,0,0.0,-100.0,-99.75061455060948,0.0,1.850371707708594e-17,113.60837303249254,30.0,213,94,77.55922904423025,125.0,2,-100.0,100.0,-310.5539386503325,-99.75061455060948,-0.2493854493905161,3.7999999999999996e-08,0,1,18.54659335181735,0
PPO-QP-no-penalty,20260808,18,4,1822,0,0,0,0.0,-100.0,-100.0,0.0,2.2204460492503132e-17,113.98575465587498,30.0,164,93,53.75,125.0,3,-100.0,100.0,-521.6066481994461,-100.0,0.0,3.7999999999999996e-08,0,1,2.8703484896298903,0
PPO-QP-no-penalty,20260808,19,4,1918,0,0,0,0.0,99.9999999710709,100.0,0.0,1.9007547387891084e-11,105.5249324981936,30.0,38,93,203.94736841343973,125.0,3,-88.6426593118327,100.0,99.9999999710709,480.49999997107096,-2.892909378715558e-08,3.7999999999999996e-08,0,1,51.5806746228738,0
PPO-QP-no-penalty,20260808,20,4,2015,0,0,0,0.0,99.99999998154273,100.0,0.0,1.8757221701785434e-11,93.20117011814513,30.0,106,94,177.63157894251125,125.0,2,-100.0,100.0,99.99999998154273,290.24999998154277,-1.845727126692509e-08,3.7999999999999996e-08,0,1,26.82305578584875,0
PPO-QP-no-penalty,20260808,21,5,2111,0,0,0,0.0,61.4673524768153,100.0,0.0,1.8764401144011346e-11,104.78206419233967,30.0,229,94,167.49140854653035,125.0,2,-100.0,100.0,61.4673524768153,251.71735247681534,-38.5326475231847,3.7999999999999996e-08,0,1,54.961242953042714,0
PPO-QP-no-penalty,20260808,22,5,2206,0,0,0,0.0,96.56888595325972,100.0,0.0,0.0,76.08667947848586,30.0,34,93,203.04444367191047,125.0,3,-92.44444769721908,100.0,96.56888595325972,477.0688859532598,-3.4311140467402765,3.7999999999999996e-08,0,1,52.676825224317604,0
PPO-QP-no-penalty,20260808,23,5,2304,0,0,0,0.0,99.99999996590493,99.99999996590493,1.8599347987683737e-11,1.8599347987683737e-11,104.26490960603476,30.0,33,95,151.31578946471183,125.0,1,-100.0,100.0,99.99999996590493,99.99999996590493,0.0,3.7999999999999996e-08,0,1,6.376290455187814,0
PPO-QP-no-penalty,20260808,24,5,2399,0,0,0,0.0,93.32869987303361,100.0,0.0,1.865718320577988e-11,107.2691690798737,30.0,123,94,175.87597365079833,125.0,2,-100.0,100.0,93.32869987303361,283.57869987303366,-6.671300126966386,3.7999999999999996e-08,0,1,46.326767288550364,0
PPO-QP-no-penalty,20260808,25,5,2494,0,0,0,0.0,-100.0,-33.04448979814909,0.0,1.8568117414001033e-11,99.7998532146309,30.0,116,93,69.65193367293959,125.0,3,-100.0,100.0,-454.6511379975952,-33.04448979814909,-66.95551020185091,3.7999999999999996e-08,0,1,26.34441421944115,0
PPO-QP-no-penalty,20260808,25,5,2495,0,0,0,0.0,-100.0,-100.0,0.0,1.8568117414001033e-11,98.63407624666878,30.0,116,94,77.5,125.0,2,-100.0,100.0,-310.80332409972306,-100.0,0.0,3.7999999999999996e-08,0,1,21.955510201850913,0
PPO-QP-no-penalty,20260808,26,6,2592,0,0,0,0.0,60.01301081450265,60.01301081450265,2.0316663166634423e-11,2.0316663166634423e-11,103.16376452619467,30.0,143,95,140.79289758276386,125.0,1,-100.0,100.0,60.01301081450265,60.01301081450265,0.0,3.7999999999999996e-08,0,1,12.384313085185092,0
PPO-QP-no-penalty,20260808,27,6,2688,0,0,0,0.0,99.99999995592918,99.99999995592918,1.8668400159072007e-11,1.8668400159072007e-11,97.63943300901241,30.0,109,95,151.31578946208663,125.0,1,-100.0,100.0,99.99999995592918,99.99999995592918,0.0,3.7999999999999996e-08,0,1,42.421515789225566,0
PPO-QP-no-penalty,20260808,28,6,2784,0,0,0,0.0,99.99999997011487,99.99999997011487,1.8589996209072977e-11,1.8589996209072977e-11,100.84955718275894,30.0,227,95,151.3157894658197,125.0,1,-100.0,100.0,99.99999997011487,99.99999997011487,0.0,3.7999999999999996e-08,0,1,1.8575865392155464,0
PPO-QP-no-penalty,20260808,29,6,2879,0,0,0,0.0,55.08982157546004,100.0,0.0,1.8935490212849497e-11,99.43316356210373,30.0,150,94,165.81311094091055,125.0,2,-100.0,100.0,55.08982157546004,245.33982157546006,-44.91017842453996,3.7999999999999996e-08,0,1,20.442616016648422,0
PPO-QP-no-penalty,20260808,29,6,2880,0,0,0,0.0,100.0,100.0,1.8935490212849497e-11,1.8935490212849497e-11,101.12443062804459,30.0,150,95,151.31578947368422,125.0,1,-100.0,100.0,100.00000000000003,100.00000000000003,2.842170943040401e-14,3.7999999999999996e-08,1,0,0.0,0
PPO-QP-no-penalty,20260808,30,6,2976,0,0,0,0.0,-100.0,-100.0,1.8586972701702584e-11,1.8586972701702584e-11,99.87740349038724,30.0,191,95,101.25,125.0,1,-100.0,100.0,-100.0,-100.0,0.0,3.7999999999999996e-08,0,1,30.009927633114174,0
PPO-QP-no-penalty,20260808,32,7,3165,0,0,0,0.0,-100.0,-69.48600432980093,0.0,1.9354666018026972e-11,105.7846855565606,30.0,4,92,37.24707397167228,125.0,4,-100.0,46.53888109235466,-701.89597662897,-69.48600432980093,-30.513995670199066,3.7999999999999996e-08,0,1,18.607082073184777,0
PPO-QP-no-penalty,20260808,33,7,3261,0,0,0,0.0,-100.0,-6.424014135934044,0.0,1.8523360623134977e-11,109.23909068749569,30.0,157,92,52.224296642715665,125.0,4,-100.0,100.0,-638.833986435103,-6.424014135934044,-93.57598586406596,3.7999999999999996e-08,0,1,7.112503314536376,0
PPO-QP-no-penalty,20260808,33,7,3262,0,0,0,0.0,-100.0,-100.0,0.0,1.8523360623134977e-11,110.4943430456338,30.0,157,93,53.75,125.0,3,-100.0,100.0,-521.6066481994461,-100.0,0.0,3.7999999999999996e-08,0,1,48.575985864065956,0
PPO-QP-no-penalty,20260808,34,7,3358,0,0,0,0.0,-100.0,-100.0,0.0,2.0004309320142964e-11,87.51876659314041,30.0,93,93,53.75,125.0,3,-100.0,100.0,-521.6066481994461,-100.0,0.0,3.7999999999999996e-08,0,1,6.967533712734337,0
PPO-QP-no-penalty,20260808,36,7,3552,0,0,0,0.0,-11.868582241039755,-11.868582241039755,0.0,0.0,97.80446565233024,30.0,137,95,122.18121171775306,125.0,1,-100.0,100.0,-11.868582241039755,-11.868582241039755,0.0,3.7999999999999996e-08,0,1,7.004335833710657,0
PPO-QP-no-penalty,20260808,37,8,3648,0,0,0,0.0,-77.76939164788378,-77.76939164788378,1.8985442847470797e-11,1.8985442847470797e-11,104.83158944076625,30.0,186,95,106.5297694836276,125.0,1,-100.0,100.0,-77.76939164788378,-77.76939164788378,0.0,3.7999999999999996e-08,0,1,65.7856171843045,0
PPO-QP-no-penalty,20260808,38,8,3743,0,0,0,0.0,-100.0,-70.92828260144057,0.0,1.864479311682506e-11,87.95862580836722,30.0,98,94,84.40453288215787,125.0,2,-100.0,100.0,-281.7316067011636,-70.92828260144057,-29.07171739855943,3.7999999999999996e-08,0,1,72.55646833230685,0
PPO-QP-no-penalty,20260808,39,8,3839,0,0,0,0.0,-100.0,-100.0,0.0,1.8564505488427586e-11,96.7428335082991,30.0,50,94,77.5,125.0,2,-100.0,100.0,-310.80332409972306,-100.0,0.0,3.7999999999999996e-08,0,1,62.90615252401556,0
PPO-QP-no-penalty,20260808,40,8,3936,0,0,0,0.0,-100.0,-100.0,0.0,0.0,100.2152291626295,30.0,115,95,101.25,125.0,1,-100.0,100.0,-100.0,-100.0,0.0,3.7999999999999996e-08,0,1,0.9092234716803489,0
PPO-QP-no-penalty,20260808,41,8,4031,0,0,0,0.0,-100.0,-70.28630953616609,0.0,1.868573444122982e-11,88.77776766395533,30.0,83,94,84.55700148516055,125.0,2,-100.0,100.0,-281.08963363588913,-70.28630953616609,-29.713690463833913,3.7999999999999996e-08,0,1,13.090364175161511,0
PPO-QP-no-penalty,20260808,42,9,4127,0,0,0,0.0,-100.0,-86.64381806135285,0.0,1.8752451443522964e-11,108.35640982345177,30.0,237,94,80.6720932104287,125.0,2,-100.0,100.0,-297.4471421610759,-86.64381806135285,-13.356181938647154,3.7999999999999996e-08,0,1,64.49021434197451,0
PPO-QP-no-penalty,20260808,43,9,4223,0,0,0,0.0,-100.0,-18.579391887658403,0.0,1.9021632417330162e-11,88.95586271961768,30.0,86,94,96.83739442668113,125.0,2,-100.0,100.0,-229.38271598738143,-18.579391887658403,-81.4206081123416,3.7999999999999996e-08,0,1,2.2867946021082943,0
PPO-QP-no-penalty,20260808,43,9,4224,0,0,0,0.0,-100.0,-100.0,1.9021632417330162e-11,1.9021632417330162e-11,89.0792355964235,30.0,86,95,101.25,125.0,1,-100.0,100.0,-100.0,-100.0,0.0,3.7999999999999996e-08,0,1,36.4206081123416,0
PPO-QP-no-penalty,20260808,44,9,4317,0,0,0,0.0,-100.0,-80.17502195352449,0.0,1.8509963931971165e-11,100.78780511344941,30.0,45,92,34.70843228603793,125.0,4,-100.0,36.892042686944144,-712.5849942526935,-80.17502195352449,-19.824978046475508,3.7999999999999996e-08,0,1,11.556695587241364,0
PPO-QP-no-penalty,20260808,46,9,4509,0,0,0,0.0,-100.0,-100.0,0.0,1.8845040343033284e-11,92.94233251117724,30.0,1,92,30.0,125.0,4,-100.0,19.0,-732.409972299169,-100.0,0.0,3.7999999999999996e-08,0,1,42.21673298460898,0
PPO-QP-no-penalty,20260808,47,9,4605,0,0,0,0.0,-100.0,-82.36987973812872,0.0,0.0,105.46834623074572,30.0,204,92,34.18715356219443,125.0,4,-100.0,34.91118353633884,-714.7798520372977,-82.36987973812872,-17.630120261871284,3.7999999999999996e-08,0,1,18.07494877377431,0
PPO-QP-no-penalty,20260808,48,10,4701,0,0,0,0.0,-100.0,-97.52139034361974,0.0,1.8728052442185116e-11,96.4455216587882,30.0,175,92,30.588669793390313,125.0,4,-100.0,21.23694521488319,-729.9313626427887,-97.52139034361974,-2.4786096563802573,3.7999999999999996e-08,0,1,63.01678445569458,0
PPO-QP-no-penalty,20260808,49,10,4797,0,0,0,0.0,-100.0,-27.52107033383398,0.0,1.8655229213256538e-11,89.04411420168975,30.0,119,92,47.21374579571443,125.0,4,-100.0,84.41223402371483,-659.931042633003,-27.52107033383398,-72.47892966616602,3.7999999999999996e-08,0,1,11.536283506301022,0
PPO-QP-no-penalty,20260808,49,10,4798,0,0,0,0.0,-100.0,-100.0,0.0,1.8655229213256538e-11,84.08585577496837,30.0,119,93,53.75,125.0,3,-100.0,100.0,-521.6066481994461,-100.0,0.0,3.7999999999999996e-08,0,1,27.478929666166025,0
PPO-QP-no-penalty,20260808,50,10,4895,0,0,0,0.0,-100.0,-26.917443442128175,0.0,1.990850817534806e-11,107.58971472481791,30.0,38,94,94.85710718249456,125.0,2,-100.0,100.0,-237.72076754185122,-26.917443442128175,-73.08255655787183,3.7999999999999996e-08,0,1,15.076224251442547,0
PPO-QP-no-penalty,20260808,50,10,4896,0,0,0,0.0,-100.0,-100.0,1.990850817534806e-11,1.990850817534806e-11,101.00364503247525,30.0,38,95,101.25,125.0,1,-100.0,100.0,-100.0,-100.0,0.0,3.7999999999999996e-08,0,1,28.082556557871825,0
PPO-QP-no-penalty,20260808,51,10,4989,0,0,0,0.0,-100.0,-100.0,0.0,1.8444264634117264e-11,113.92297184986944,30.0,217,92,30.0,125.0,4,-100.0,19.0,-732.409972299169,-100.0,0.0,3.7999999999999996e-08,0,1,63.4338069615023,0
PPO-QP-no-penalty,20260808,52,10,5088,0,0,0,0.0,-100.0,-100.0,1.9625974919298037e-11,1.9625974919298037e-11,94.60646830148582,30.0,62,95,101.25,125.0,1,-100.0,100.0,-100.0,-100.0,0.0,3.7999999999999996e-08,0,1,84.5401204692433,0
PPO-QP-no-penalty,20260808,53,11,5183,0,0,0,0.0,-100.0,-75.11250555522692,0.0,1.855663770792641e-11,105.0256680210769,30.0,168,94,83.41077993063361,125.0,2,-100.0,100.0,-285.91582965494996,-75.11250555522692,-24.887494444773083,3.7999999999999996e-08,0,1,53.87232179386481,0
PPO-QP-no-penalty,20260808,54,11,5279,0,0,0,0.0,-100.0,-55.169453236284085,0.0,1.8684368866909533e-11,105.53555874418475,30.0,217,94,88.14725485638253,125.0,2,-100.0,100.0,-265.97277733600714,-55.169453236284085,-44.830546763715915,3.7999999999999996e-08,0,1,22.630306122564235,0
PPO-QP-no-penalty,20260808,55,11,5376,0,0,0,0.0,36.19458082808457,36.19458082808457,1.880814023043816e-11,1.880814023043816e-11,79.36832901971039,30.0,34,95,134.5248896916012,125.0,1,-100.0,100.0,36.19458082808457,36.19458082808457,0.0,3.7999999999999996e-08,0,1,29.291089737094914,0
PPO-QP-no-penalty,20260808,56,11,5469,0,0,0,0.0,-100.0,-100.0,0.0,1.8715836288170824e-11,110.10922097309025,30.0,167,92,30.0,125.0,4,-100.0,19.0,-732.409972299169,-100.0,0.0,3.7999999999999996e-08,0,1,33.94736842105263,0
PPO-QP-no-penalty,20260808,57,11,5568,0,0,0,0.0,99.99999996656105,99.99999996656105,2.960594732333751e-17,2.960594732333751e-17,98.2473188458625,30.0,178,95,151.3157894648845,125.0,1,-100.0,100.0,99.99999996656105,99.99999996656105,0.0,3.7999999999999996e-08,0,1,46.043966283098456,0
PPO-QP-no-penalty,20260808,58,12,5663,0,0,0,0.0,-100.0,-96.18671707146962,0.0,1.8724507129993147e-11,106.88581987785797,30.0,209,94,78.40565469552597,125.0,2,-100.0,100.0,-306.9900411711927,-96.18671707146962,-3.813282928530384,3.7999999999999996e-08,0,1,113.02096486068723,0
PPO-QP-no-penalty,20260808,59,12,5758,0,0,0,0.0,-100.0,-100.0,0.0,1.8749339118310596e-11,113.10692921361587,30.0,209,93,53.75,125.0,3,-100.0,100.0,-521.6066481994461,-100.0,0.0,3.7999999999999996e-08,0,1,60.81324651620029,0
PPO-QP-no-penalty,20260808,60,12,5853,0,0,0,0.0,-100.0,-72.6521409301548,0.0,1.8578886577339897e-11,70.83217175061809,30.0,35,92,36.495116529088236,125.0,4,-100.0,43.681442810535295,-705.0621132293238,-72.6521409301548,-27.3478590698452,3.7999999999999996e-08,0,1,15.880306557508732,0
PPO-QP-no-penalty,20260808,61,12,5949,0,0,0,0.0,-100.0,-97.10037035719107,0.0,1.8416479452554312e-11,95.09537857069627,30.0,117,92,30.688662040167124,125.0,4,-100.0,21.61691575263507,-729.5103426563601,-97.10037035719107,-2.8996296428089323,3.7999999999999996e-08,0,1,55.984924240062675,0
PPO-QP-no-penalty,20260808,62,12,6047,0,0,0,0.0,-100.0,-100.0,0.0,2.0044669627831507e-11,100.72538308078468,30.0,18,94,77.5,125.0,2,-100.0,100.0,-310.80332409972306,-100.0,0.0,3.7999999999999996e-08,0,1,9.892828137511856,0
PPO-QP-no-penalty,20260808,63,12,6142,0,0,0,0.0,-100.0,-100.0,0.0,1.8748284406437202e-11,99.7998532146309,30.0,116,93,53.75,125.0,3,-100.0,100.0,-521.6066481994461,-100.0,0.0,3.7999999999999996e-08,0,1,12.281371760640894,0
PPO-QP-no-penalty,20260808,64,13,6237,0,0,0,0.0,-100.0,-100.0,0.0,1.9282050030729654e-11,109.65240546778003,30.0,206,92,30.0,125.0,4,-100.0,19.0,-732.409972299169,-100.0,0.0,3.7999999999999996e-08,0,1,33.94736842105263,0
PPO-QP-no-penalty,20260808,65,13,6333,0,0,0,0.0,-100.0,-100.0,0.0,1.9414299797423004e-11,101.3762952084312,30.0,30,92,30.0,125.0,4,-100.0,19.0,-732.409972299169,-100.0,0.0,3.7999999999999996e-08,0,1,33.94736842105263,0
PPO-QP-no-penalty,20260808,66,13,6429,0,0,0,0.0,-100.0,-69.13341542181561,0.0,1.8641255206119922e-11,98.04912306783665,30.0,136,92,37.33081383731879,125.0,4,-100.0,46.85709258181141,-701.5433877209846,-69.13341542181561,-30.866584578184387,3.7999999999999996e-08,0,1,21.483101449341042,0
PPO-QP-no-penalty,20260808,67,13,6526,0,0,0,0.0,-100.0,-100.0,0.0,1.8512539649388297e-11,97.63888524301989,30.0,47,93,53.75,125.0,3,-100.0,100.0,-521.6066481994461,-100.0,0.0,3.7999999999999996e-08,0,1,22.979604865044706,0
PPO-QP-no-penalty,20260808,68,13,6622,0,0,0,0.0,-100.0,-100.0,0.0,1.862882070824412e-11,103.48563850580446,30.0,202,93,53.75,125.0,3,-100.0,100.0,-521.6066481994461,-100.0,0.0,3.7999999999999996e-08,0,1,29.55516722638005,0
PPO-QP-no-penalty,20260808,69,14,6718,0,0,0,0.0,-100.0,-100.0,0.0,1.8895314942331728e-11,111.06224735325101,30.0,156,93,53.75,125.0,3,-100.0,100.0,-521.6066481994461,-100.0,0.0,3.7999999999999996e-08,0,1,56.07186763120999,0
PPO-QP-no-penalty,20260808,70,14,6813,0,0,0,0.0,-100.0,-100.0,0.0,1.9578091000245952e-11,102.75890329454388,30.0,187,92,30.0,125.0,4,-100.0,19.0,-732.409972299169,-100.0,0.0,3.7999999999999996e-08,0,1,53.21824297788659,0
PPO-QP-no-penalty,20260808,71,14,6909,0,0,0,0.0,-100.0,-100.0,0.0,1.8577691237216717e-11,108.3505698228186,30.0,161,92,30.0,125.0,4,-100.0,19.0,-732.409972299169,-100.0,0.0,3.7999999999999996e-08,0,1,33.94736842105263,0
PPO-QP-no-penalty,20260808,72,14,7005,0,0,0,0.0,-100.0,-100.0,0.0,1.8715543929441007e-11,97.7759754231541,30.0,122,92,30.0,125.0,4,-100.0,19.0,-732.409972299169,-100.0,0.0,3.7999999999999996e-08,0,1,33.94736842105263,0
PPO-QP-no-penalty,20260808,73,14,7101,0,0,0,0.0,-100.0,-100.0,0.0,1.901686956055452e-11,90.96640864829209,30.0,87,92,30.0,125.0,4,-100.0,19.0,-732.409972299169,-100.0,0.0,3.7999999999999996e-08,0,1,62.50167118424777,0
PPO-QP-no-penalty,20260808,75,15,7293,0,0,0,0.0,-100.0,-74.60396503696255,0.0,1.8703164942716436e-11,97.6381556687681,30.0,57,92,36.0315583037214,125.0,4,-100.0,41.919921554141304,-707.0139373361316,-74.60396503696255,-25.39603496303745,3.7999999999999996e-08,0,1,34.01552261149979,0
PPO-QP-no-penalty,20260808,76,15,7389,0,0,0,0.0,-100.0,-100.0,0.0,2.590520390792032e-17,107.61759070352285,30.0,152,92,30.0,125.0,4,-100.0,19.0,-732.409972299169,-100.0,0.0,3.7999999999999996e-08,0,1,40.08687268034878,0
PPO-QP-no-penalty,20260808,77,15,7485,0,0,0,0.0,-100.0,-100.0,0.0,1.937138227603441e-11,100.24854400666918,30.0,170,92,30.0,125.0,4,-100.0,19.0,-732.409972299169,-100.0,0.0,3.7999999999999996e-08,0,1,33.94736842105263,0
PPO-QP-no-penalty,20260808,78,15,7581,0,0,0,0.0,-100.0,-100.0,0.0,0.0,104.23250747221446,30.0,226,92,30.0,125.0,4,-100.0,19.0,-732.409972299169,-100.0,0.0,3.7999999999999996e-08,0,1,33.94736842105263,0
PPO-QP-no-penalty,20260808,79,15,7677,0,0,0,0.0,-100.0,-100.0,0.0,1.972194629829005e-11,106.13850935359314,30.0,234,92,30.0,125.0,4,-100.0,19.0,-732.409972299169,-100.0,0.0,3.7999999999999996e-08,0,1,38.043236769593975,0
PPO-QP-no-penalty,20260808,80,16,7773,0,0,0,0.0,-100.0,-100.0,0.0,2.0159644324261685e-11,101.76595014465538,30.0,18,92,30.0,125.0,4,-100.0,19.0,-732.409972299169,-100.0,0.0,3.7999999999999996e-08,0,1,43.57249921813839,0
PPO-QP-no-penalty,20260808,82,16,7967,0,0,0,0.0,-100.0,-35.30237881873476,0.0,1.9562292526605537e-11,87.94911540849398,30.0,78,94,92.8656850305505,125.0,2,-100.0,100.0,-246.1057029184578,-35.30237881873476,-64.69762118126525,3.7999999999999996e-08,0,1,34.88984142076612,0
PPO-QP-no-penalty,20260808,82,16,7968,0,0,0,0.0,-100.0,-100.0,1.9562292526605537e-11,1.9562292526605537e-11,90.67384147928755,30.0,78,95,101.25,125.0,1,-100.0,100.0,-100.0,-100.0,0.0,3.7999999999999996e-08,0,1,19.697621181265248,0
PPO-QP-no-penalty,20260808,83,16,8061,0,0,0,0.0,-100.0,-74.59785923620713,0.0,2.0090018537644026e-11,104.96059298132022,30.0,58,92,36.03300843140081,125.0,4,-100.0,41.92543203932307,-707.0078315353761,-74.59785923620713,-25.402140763792872,3.7999999999999996e-08,0,1,18.39191902405331,0
PPO-QP-no-penalty,20260808,84,16,8158,0,0,0,0.0,-100.0,-100.0,0.0,1.8621197176808362e-11,105.7196475569832,30.0,162,93,53.75,125.0,3,-100.0,100.0,-521.6066481994461,-100.0,0.0,3.7999999999999996e-08,0,1,27.01840647093951,0
PPO-QP-no-penalty,20260808,85,17,8253,0,0,0,0.0,-100.0,-100.0,0.0,1.9648072058231492e-11,105.7846855565606,30.0,4,92,30.0,125.0,4,-100.0,19.0,-732.409972299169,-100.0,0.0,3.7999999999999996e-08,0,1,58.176078933314514,0
PPO-QP-no-penalty,20260808,86,17,8350,0,0,0,0.0,-100.0,-100.0,0.0,1.989245435041198e-11,72.30693989180492,30.0,42,93,53.75,125.0,3,-100.0,100.0,-521.6066481994461,-100.0,0.0,3.7999999999999996e-08,0,1,17.85915490071234,0
PPO-QP-no-penalty,20260808,87,17,8445,0,0,0,0.0,-100.0,-100.0,0.0,1.9994383926302816e-11,102.10435203642338,30.0,53,92,30.0,125.0,4,-100.0,19.0,-732.409972299169,-100.0,0.0,3.7999999999999996e-08,0,1,33.94736842105263,0
PPO-QP-no-penalty,20260808,88,17,8541,0,0,0,0.0,-100.0,-100.0,0.0,1.9629923612522286e-11,109.65240546778003,30.0,206,92,30.0,125.0,4,-100.0,19.0,-732.409972299169,-100.0,0.0,3.7999999999999996e-08,0,1,48.740443896796386,0
PPO-QP-no-penalty,20260808,89,17,8640,0,0,0,0.0,-100.0,-100.0,1.8653948756034804e-11,1.8653948756034804e-11,90.12978464106922,30.0,99,95,101.25,125.0,1,-100.0,100.0,-100.0,-100.0,0.0,3.7999999999999996e-08,0,1,11.32120346002597,0
PPO-QP-no-penalty,20260808,90,18,8733,0,0,0,0.0,-100.0,-100.0,0.0,1.9485420684380492e-11,100.89617127432541,30.0,141,92,30.0,125.0,4,-100.0,19.0,-732.409972299169,-100.0,0.0,3.7999999999999996e-08,0,1,33.94736842105263,0
PPO-QP-no-penalty,20260808,91,18,8829,0,0,0,0.0,-100.0,-100.0,0.0,1.8704682247516756e-11,96.58075138170044,30.0,179,92,30.0,125.0,4,-100.0,19.0,-732.409972299169,-100.0,0.0,3.7999999999999996e-08,0,1,33.94736842105263,0
PPO-QP-no-penalty,20260808,92,18,8925,0,0,0,0.0,-100.0,-100.0,0.0,1.946570312346315e-11,92.05160546747763,30.0,120,92,30.0,125.0,4,-100.0,19.0,-732.409972299169,-100.0,0.0,3.7999999999999996e-08,0,1,33.94736842105263,0
PPO-QP-no-penalty,20260808,93,18,9021,0,0,0,0.0,-100.0,-100.0,0.0,0.0,106.13850935359314,30.0,234,92,30.0,125.0,4,-100.0,19.0,-732.409972299169,-100.0,0.0,3.7999999999999996e-08,0,1,33.94736842105263,0
PPO-QP-no-penalty,20260808,94,18,9117,0,0,0,0.0,-100.0,-100.0,0.0,2.01123118159785e-11,100.83889927295647,30.0,31,92,30.0,125.0,4,-100.0,19.0,-732.409972299169,-100.0,0.0,3.7999999999999996e-08,0,1,72.04693384633065,0
PPO-QP-no-penalty,20260808,95,18,9213,0,0,0,0.0,-100.0,-41.850001677874,0.0,1.9981042746290238e-11,88.96023354870242,30.0,72,92,43.81062460150493,125.0,4,-100.0,71.48037348571872,-674.2599739770429,-41.850001677874,-58.149998322126,3.7999999999999996e-08,0,1,12.195693905090888,0
PPO-QP-no-penalty,20260808,95,18,9214,0,0,0,0.0,-100.0,-100.0,0.0,1.9981042746290238e-11,90.18660400484819,30.0,72,93,53.75,125.0,3,-100.0,100.0,-521.6066481994461,-100.0,0.0,3.7999999999999996e-08,0,1,13.14999832212601,0
PPO-QP-no-penalty,20260808,96,19,9309,0,0,0,0.0,-100.0,-100.0,0.0,1.87564926553326e-11,107.24698631088836,30.0,156,92,30.0,125.0,4,-100.0,19.0,-732.409972299169,-100.0,0.0,3.7999999999999996e-08,0,1,41.0655523369865,0
PPO-QP-no-penalty,20260808,97,19,9405,0,0,0,0.0,-100.0,-97.1846572569267,0.0,2.018836579390874e-11,102.10435203642338,30.0,53,92,30.66864390147991,125.0,4,-100.0,21.54084682562366,-729.5946295560958,-97.1846572569267,-2.815342743073302,3.7999999999999996e-08,0,1,28.316682934906027,0
PPO-QP-no-penalty,20260808,98,19,9501,0,0,0,0.0,-100.0,-81.61684132193072,0.0,2.0090951124984714e-11,94.86775162328135,30.0,67,92,34.366000186041454,125.0,4,-100.0,35.59080070695752,-714.0268136210998,-81.61684132193072,-18.38315867806928,3.7999999999999996e-08,0,1,14.295996188411252,0
PPO-QP-no-penalty,20260808,99,19,9600,0,0,0,0.0,-100.0,-100.0,2.0409089233434467e-11,2.0409089233434467e-11,93.32902847412842,30.0,100,95,101.25,125.0,1,-100.0,100.0,-100.0,-100.0,0.0,3.7999999999999996e-08,0,1,23.95864101887068,0
PPO-QP-no-penalty,20260808,100,19,9693,0,0,0,0.0,-100.0,-54.94486015772997,0.0,1.9995549660478672e-11,103.52373239298403,30.0,11,92,40.70059571253913,125.0,4,-100.0,59.662263707648705,-687.354832456899,-54.94486015772997,-45.05513984227003,3.7999999999999996e-08,0,1,27.90612038283598,0
PPO-QP-no-penalty,20260808,100,19,9694,0,0,0,0.0,-100.0,-100.0,0.0,1.9995549660478672e-11,101.28941006389363,30.0,11,93,53.75,125.0,3,-100.0,100.0,-521.6066481994461,-100.0,0.0,3.7999999999999996e-08,0,1,0.05513984227002311,0
PPO-QP-no-penalty,20260808,101,20,9789,0,0,0,0.0,-100.0,-100.0,0.0,1.858493359208069e-11,97.6381556687681,30.0,57,92,30.0,125.0,4,-100.0,19.0,-732.409972299169,-100.0,0.0,3.7999999999999996e-08,0,1,84.42642880135504,0
PPO-QP-no-penalty,20260808,102,20,9885,0,0,0,0.0,-100.0,-100.0,0.0,1.9724559023141333e-11,87.61049049163246,30.0,101,92,30.0,125.0,4,-100.0,19.0,-732.409972299169,-100.0,0.0,3.7999999999999996e-08,0,1,59.65927768845311,0
PPO-QP-no-penalty,20260808,103,20,9981,0,0,0,0.0,-100.0,-87.96353051661853,0.0,1.9017328452738032e-11,87.56950904514152,30.0,98,92,32.8586615023031,125.0,4,-100.0,29.86291370875178,-720.3735028157874,-87.96353051661853,-12.036469483381467,3.7999999999999996e-08,0,1,57.272900412437295,0
PPO-QP-no-penalty,20260808,104,20,10077,0,0,0,0.0,-100.0,-100.0,0.0,0.0,98.39027437785774,30.0,5,92,30.0,125.0,4,-100.0,19.0,-732.409972299169,-100.0,0.0,3.7999999999999996e-08,0,1,33.94736842105263,0
PPO-QP-no-penalty,20260808,105,20,10174,0,0,0,0.0,-100.0,-100.0,0.0,1.9493258858934343e-11,92.38935563728529,30.0,104,93,53.75,125.0,3,-100.0,100.0,-521.6066481994461,-100.0,0.0,3.7999999999999996e-08,0,1,35.280927485266275,0
PPO-QP-no-penalty,20260808,106,21,10269,0,0,0,0.0,-100.0,-100.0,0.0,1.8860857320390778e-11,87.53223352510913,30.0,59,92,30.0,125.0,4,-100.0,19.0,-732.409972299169,-100.0,0.0,3.7999999999999996e-08,0,1,49.27357660739125,0
PPO-QP-no-penalty,20260808,107,21,10365,0,0,0,0.0,-100.0,-98.9841209517814,0.0,1.9792238218722483e-11,100.89617127432541,30.0,141,92,30.241271273951916,125.0,4,-100.0,19.916830841017283,-731.3940932509504,-98.9841209517814,-1.0158790482185935,3.7999999999999996e-08,0,1,63.91786756063619,0
PPO-QP-no-penalty,20260808,108,21,10461,0,0,0,0.0,-100.0,-100.0,0.0,1.975604124737629e-11,112.16735870136588,30.0,181,92,30.0,125.0,4,-100.0,19.0,-732.409972299169,-100.0,0.0,3.7999999999999996e-08,0,1,33.94736842105263,0
PPO-QP-no-penalty,20260808,109,21,10557,0,0,0,0.0,-100.0,-85.88251702806222,0.0,2.0000538262602657e-11,92.24150315024411,30.0,69,92,33.35290220583522,125.0,4,-100.0,31.741028382173837,-718.2924893272312,-85.88251702806222,-14.117482971937775,3.7999999999999996e-08,0,1,27.341427193366243,0
PPO-QP-no-penalty,20260808,110,21,10653,0,0,0,0.0,-100.0,-100.0,0.0,1.8704400991017185e-11,102.98408042338848,30.0,178,92,30.0,125.0,4,-100.0,19.0,-732.409972299169,-100.0,0.0,3.7999999999999996e-08,0,1,33.94736842105263,0
PPO-QP-no-penalty,20260808,111,21,10749,0,0,0,0.0,-100.0,-100.0,0.0,1.8724059340039883e-11,95.64219345576147,30.0,149,92,30.0,125.0,4,-100.0,19.0,-732.409972299169,-100.0,0.0,3.7999999999999996e-08,0,1,33.94736842105263,0
PPO-QP-no-penalty,20260808,112,22,10845,0,0,0,0.0,-100.0,-100.0,0.0,1.876094835040476e-11,83.30546343049515,30.0,77,92,30.0,125.0,4,-100.0,19.0,-732.409972299169,-100.0,0.0,3.7999999999999996e-08,0,1,63.547788523345055,0
PPO-QP-no-penalty,20260808,113,22,10941,0,0,0,0.0,-100.0,-100.0,0.0,1.8751796411938432e-11,102.62518138191051,30.0,134,92,30.0,125.0,4,-100.0,19.0,-732.409972299169,-100.0,0.0,3.7999999999999996e-08,0,1,59.85917553831866,0
PPO-QP-no-penalty,20260808,114,22,11036,0,0,0,0.0,-100.0,-18.219619392409165,0.0,1.8789725331203043e-11,102.61319191440252,30.0,54,91,25.672840394302824,125.0,5,-100.0,2.556793498350731,-839.2722509713566,-18.219619392409165,-81.78038060759084,3.7999999999999996e-08,0,1,6.286653966694914,0
PPO-QP-no-penalty,20260808,114,22,11037,0,0,0,0.0,-100.0,-100.0,0.0,1.8789725331203043e-11,103.74738027439993,30.0,54,92,30.0,125.0,4,-100.0,19.0,-732.409972299169,-100.0,0.0,3.7999999999999996e-08,0,1,36.780380607590835,0
PPO-QP-no-penalty,20260808,115,22,11133,0,0,0,0.0,-100.0,-100.0,0.0,1.9699086806213018e-11,110.00887532212714,30.0,215,92,30.0,125.0,4,-100.0,19.0,-732.409972299169,-100.0,0.0,3.7999999999999996e-08,0,1,33.94736842105263,0
PPO-QP-no-penalty,20260808,116,22,11229,0,0,0,0.0,-100.0,-95.8570105522928,0.0,1.9758913024266653e-11,87.04250902822423,30.0,70,92,30.98395999383046,125.0,4,-100.0,22.73904797655575,-728.2669828514618,-95.8570105522928,-4.142989447707194,3.7999999999999996e-08,0,1,60.25172909286797,0
PPO-QP-no-penalty,20260808,117,23,11325,0,0,0,0.0,-100.0,-100.0,0.0,1.9963090439982048e-11,105.45166917558011,30.0,213,92,30.0,125.0,4,-100.0,19.0,-732.409972299169,-100.0,0.0,3.7999999999999996e-08,0,1,33.94736842105263,0
PPO-QP-no-penalty,20260808,118,23,11421,0,0,0,0.0,-100.0,-100.0,0.0,2.0100173377575932e-11,100.88219124321412,30.0,145,92,30.0,125.0,4,-100.0,19.0,-732.409972299169,-100.0,0.0,3.7999999999999996e-08,0,1,49.16626545813588,0
PPO-QP-no-penalty,20260808,119,23,11517,0,0,0,0.0,-100.0,-100.0,0.0,1.9568165606405804e-11,91.85584163919535,30.0,100,92,30.0,125.0,4,-100.0,19.0,-732.409972299169,-100.0,0.0,3.7999999999999996e-08,0,1,65.36536286087767,0
PPO-QP-no-penalty,20260808,120,23,11613,0,0,0,0.0,-100.0,-63.57053004358375,0.0,1.9902205809311605e-11,100.83889927295647,30.0,31,92,38.65199911464886,125.0,4,-100.0,51.87759663566566,-695.9805023427527,-63.57053004358375,-36.42946995641625,3.7999999999999996e-08,0,1,37.828742166709375,0
PPO-QP-no-penalty,20260808,121,23,11710,0,0,0,0.0,-100.0,-58.54309851728099,0.0,2.0194590444333472e-11,112.788344229339,30.0,166,93,63.596014102145766,125.0,3,-100.0,100.0,-480.14974671672707,-58.54309851728099,-41.45690148271901,3.7999999999999996e-08,0,1,4.962607573438035,0
PPO-QP-no-penalty,20260808,122,24,11805,0,0,0,0.0,-100.0,-100.0,0.0,0.0,101.49658100152236,30.0,177,92,30.0,125.0,4,-100.0,19.0,-732.409972299169,-100.0,0.0,3.7999999999999996e-08,0,1,33.94736842105263,0
PPO-QP-no-penalty,20260808,124,24,11996,0,0,0,0.0,-100.0,-21.05263157894737,0.0,2.0129712711517794e-11,97.7334488876681,30.0,10,91,25.0,125.0,5,-100.0,0.0,-842.1052631578948,-21.05263157894737,-78.94736842105263,3.7999999999999996e-08,0,1,8.583268274574976,0
PPO-QP-no-penalty,20260808,124,24,11997,0,0,0,0.0,-100.0,-100.0,0.0,2.006737368868509e-11,100.53597211255874,30.0,10,92,30.0,125.0,4,-100.0,19.0,-732.409972299169,-100.0,0.0,3.7999999999999996e-08,0,1,33.94736842105263,0
PPO-QP-no-penalty,20260808,125,24,12096,0,0,0,0.0,-100.0,-100.0,1.8870779013487512e-11,1.8870779013487512e-11,111.29242176433362,30.0,189,95,101.25,125.0,1,-100.0,100.0,-100.0,-100.0,0.0,3.7999999999999996e-08,0,1,45.22529315854034,0
PPO-QP-no-penalty,20260808,126,24,12189,0,0,0,0.0,-100.0,-42.685689907286275,0.0,1.8845691673874398e-11,89.06749358209602,30.0,92,92,43.61214864701951,125.0,4,-100.0,70.72616485867414,-675.0956622064554,-42.685689907286275,-57.314310092713725,3.7999999999999996e-08,0,1,4.348982607394738,0
PPO-QP-no-penalty,20260808,126,24,12190,0,0,0,0.0,-100.0,-100.0,0.0,1.8845691673874398e-11,92.54456771024104,30.0,92,93,53.75,125.0,3,-100.0,100.0,-521.6066481994461,-100.0,0.0,3.7999999999999996e-08,0,1,12.314310092713725,0
PPO-QP-no-penalty,20260808,127,24,12285,0,0,0,0.0,-100.0,-100.0,0.0,1.925334706479968e-11,112.50095741162527,30.0,230,92,30.0,125.0,4,-100.0,19.0,-732.409972299169,-100.0,0.0,3.7999999999999996e-08,0,1,33.94736842105263,0
PPO-QP-no-penalty,20260808,128,25,12382,0,0,0,0.0,-100.0,-100.0,0.0,1.9639471530534062e-11,79.86883924503913,30.0,13,93,53.75,125.0,3,-100.0,100.0,-521.6066481994461,-100.0,0.0,3.7999999999999996e-08,0,1,0.7731909077335217,0
PPO-QP-no-penalty,20260808,129,25,12477,0,0,0,0.0,-100.0,-100.0,0.0,1.973947671984888e-11,112.16735870136588,30.0,181,92,30.0,125.0,4,-100.0,19.0,-732.409972299169,-100.0,0.0,3.7999999999999996e-08,0,1,43.186409861598676,0
PPO-QP-no-penalty,20260808,130,25,12573,0,0,0,0.0,-100.0,-68.90522367500415,0.0,1.8484513919503344e-11,99.05485532187399,30.0,36,92,37.38500937718651,125.0,4,-100.0,47.06303563330875,-701.3151959741731,-68.90522367500415,-31.09477632499585,3.7999999999999996e-08,0,1,28.365874061034518,0
PPO-QP-no-penalty,20260808,132,25,12765,0,0,0,0.0,-100.0,-100.0,0.0,1.963380569236506e-11,108.88773156390575,30.0,47,92,30.0,125.0,4,-100.0,19.0,-732.409972299169,-100.0,0.0,3.7999999999999996e-08,0,1,76.78996936993612,0
PPO-QP-no-penalty,20260808,133,26,12860,0,0,0,0.0,-100.0,-21.05263157894737,0.0,1.909049955154766e-11,106.14762208640502,30.0,127,91,25.0,125.0,5,-100.0,0.0,-842.1052631578948,-21.05263157894737,-78.94736842105263,3.7999999999999996e-08,0,1,0.09338484660273494,0
PPO-QP-no-penalty,20260808,133,26,12861,0,0,0,0.0,-100.0,-100.0,0.0,1.909049955154766e-11,92.01794582118721,30.0,127,92,30.0,125.0,4,-100.0,19.0,-732.409972299169,-100.0,0.0,3.7999999999999996e-08,0,1,33.94736842105263,0
PPO-QP-no-penalty,20260808,134,26,12957,0,0,0,0.0,-100.0,-87.35524564173294,0.0,1.8968197383154955e-11,94.29020215225974,30.0,81,92,33.00312916008843,125.0,4,-100.0,30.41189080833602,-719.765217940902,-87.35524564173294,-12.644754358267065,3.7999999999999996e-08,0,1,27.494177628524334,0
PPO-QP-no-penalty,20260808,135,26,13053,0,0,0,0.0,-100.0,-90.96663307851968,0.0,1.9828738651028743e-11,91.87996057561233,30.0,84,92,32.14542464385158,125.0,4,-100.0,27.15261364663599,-723.3766053776886,-90.96663307851968,-9.033366921480322,3.7999999999999996e-08,0,1,53.04147478856647,0
PPO-QP-no-penalty,20260808,136,26,13149,0,0,0,0.0,-100.0,-100.0,0.0,1.9185882512336625e-11,113.92297184986944,30.0,217,92,30.0,125.0,4,-100.0,19.0,-732.409972299169,-100.0,0.0,3.7999999999999996e-08,0,1,99.21221799064566,0
PPO-QP-no-penalty,20260808,137,26,13245,0,0,0,0.0,-100.0,-66.91418381705267,0.0,1.9921279440874664e-11,102.31891501836098,30.0,162,92,37.85788134344999,125.0,4,-100.0,48.859949105109955,-699.3241561162217,-66.91418381705267,-33.085816182947326,3.7999999999999996e-08,0,1,51.29118214381957,0
PPO-QP-no-penalty,20260808,138,27,13344,0,0,0,0.0,-100.0,-100.0,1.9781454252409958e-11,1.9781454252409958e-11,100.74588751023313,30.0,118,95,101.25,125.0,1,-100.0,100.0,-100.0,-100.0,0.0,3.7999999999999996e-08,0,1,59.999000482055195,0
PPO-QP-no-penalty,20260808,139,27,13438,0,0,0,0.0,-100.0,-100.0,0.0,1.9660140182509166e-11,90.63804209117423,30.0,148,93,53.75,125.0,3,-100.0,100.0,-521.6066481994461,-100.0,0.0,3.7999999999999996e-08,0,1,35.18587250538087,0
PPO-QP-no-penalty,20260808,140,27,13534,0,0,0,0.0,-100.0,-100.0,0.0,1.9403726773485157e-11,117.98798056571603,30.0,205,93,53.75,125.0,3,-100.0,100.0,-521.6066481994461,-100.0,0.0,3.7999999999999996e-08,0,1,101.13076158797499,0
PPO-QP-no-penalty,20260808,141,27,13630,0,0,0,0.0,-100.0,-100.0,0.0,1.9476294651118072e-11,91.3715655984897,30.0,81,93,53.75,125.0,3,-100.0,100.0,-521.6066481994461,-100.0,0.0,3.7999999999999996e-08,0,1,81.1483636132879,0
PPO-QP-no-penalty,20260808,142,27,13725,0,0,0,0.0,-100.0,-100.0,0.0,1.9837502011436452e-11,112.2379934511449,30.0,220,92,30.0,125.0,4,-100.0,19.0,-732.409972299169,-100.0,0.0,3.7999999999999996e-08,0,1,64.18618671000529,0
PPO-QP-no-penalty,20260808,143,27,13821,0,0,0,0.0,-100.0,-100.0,0.0,1.1102230246251566e-17,107.61759070352285,30.0,152,92,30.0,125.0,4,-100.0,19.0,-732.409972299169,-100.0,0.0,3.7999999999999996e-08,0,1,33.94736842105263,0
PPO-QP-no-penalty,20260808,144,28,13917,0,0,0,0.0,-100.0,-46.81646145192875,0.0,0.0,100.83889927295647,30.0,31,92,42.63109040516692,125.0,4,-100.0,66.9981435396343,-679.2264337510977,-46.81646145192875,-53.18353854807125,3.7999999999999996e-08,0,1,22.61882449181277,0
PPO-QP-no-penalty,20260808,144,28,13918,0,0,0,0.0,-100.0,-100.0,0.0,0.0,105.56052932933962,30.0,31,93,53.75,125.0,3,-100.0,100.0,-521.6066481994461,-100.0,0.0,3.7999999999999996e-08,0,1,8.183538548071255,0
PPO-QP-no-penalty,20260808,145,28,14013,0,0,0,0.0,-100.0,-35.82138256299782,0.0,1.9562414651138247e-11,87.04250902822423,30.0,70,92,45.24242164128802,125.0,4,-100.0,76.92120223689447,-668.2313548621668,-35.82138256299782,-64.17861743700217,3.7999999999999996e-08,0,1,12.795856135065485,0
PPO-QP-no-penalty,20260808,145,28,14014,0,0,0,0.0,-100.0,-100.0,0.0,1.9562414651138247e-11,88.43599637710813,30.0,70,93,53.75,125.0,3,-100.0,100.0,-521.6066481994461,-100.0,0.0,3.7999999999999996e-08,0,1,19.178617437002174,0
PPO-QP-no-penalty,20260808,146,28,14110,0,0,0,0.0,-100.0,-70.97841807535674,0.0,2.0201222176533897e-11,105.59064204440139,30.0,184,93,60.64262570710277,125.0,3,-100.0,100.0,-492.5850662748028,-70.97841807535674,-29.021581924643257,3.7999999999999996e-08,0,1,0.5322863270281886,0
PPO-QP-no-penalty,20260808,147,28,14207,0,0,0,0.0,-100.0,-36.9747746019337,0.0,2.590520390792032e-17,97.55407344280245,30.0,112,94,92.46849103204075,125.0,2,-100.0,100.0,-247.77809870165675,-36.9747746019337,-63.0252253980663,3.7999999999999996e-08,0,1,12.245762172297393,0
PPO-QP-no-penalty,20260808,148,28,14301,0,0,0,0.0,-100.0,-100.0,0.0,0.0,105.07840638717109,30.0,239,92,30.0,125.0,4,-100.0,19.0,-732.409972299169,-100.0,0.0,3.7999999999999996e-08,0,1,37.112305581462664,0
PPO-QP-no-penalty,20260808,149,29,14400,0,0,0,0.0,99.99999997844132,99.99999997844132,1.970356470574567e-11,1.970356470574567e-11,83.13129761959652,30.0,91,95,151.31578946801088,125.0,1,-100.0,100.0,99.99999997844132,99.99999997844132,0.0,3.7999999999999996e-08,0,1,42.741676586467335,0
PPO-QP-no-penalty,20260808,150,29,14493,0,0,0,0.0,-100.0,-100.0,0.0,1.9788507869359742e-11,104.9255458245251,30.0,233,92,30.0,125.0,4,-100.0,19.0,-732.409972299169,-100.0,0.0,3.7999999999999996e-08,0,1,33.94736842105263,0
PPO-QP-no-penalty,20260808,151,29,14589,0,0,0,0.0,-100.0,-100.0,0.0,1.9974844001069413e-11,112.2379934511449,30.0,220,92,30.0,125.0,4,-100.0,19.0,-732.409972299169,-100.0,0.0,3.7999999999999996e-08,0,1,44.28238982383537,0
PPO-QP-no-penalty,20260808,152,29,14685,0,0,0,0.0,-100.0,-100.0,0.0,0.0,105.33033672677433,30.0,183,92,30.0,125.0,4,-100.0,19.0,-732.409972299169,-100.0,0.0,3.7999999999999996e-08,0,1,33.94736842105263,0
PPO-QP-no-penalty,20260808,153,29,14781,0,0,0,0.0,-100.0,-63.381812200016874,0.0,1.986698583422708e-11,89.4498133195773,30.0,82,92,38.69681960249599,125.0,4,-100.0,52.04791448948477,-695.7917844991858,-63.381812200016874,-36.618187799983126,3.7999999999999996e-08,0,1,48.20230806124715,0
PPO-QP-no-penalty,20260808,154,30,14877,0,0,0,0.0,-100.0,-96.22597240150306,0.0,2.0117500258246917e-11,109.97109181636901,30.0,185,92,30.896331554643027,125.0,4,-100.0,22.4060599076435,-728.6359447006721,-96.22597240150306,-3.774027598496943,3.7999999999999996e-08,0,1,48.82238272654694,0
PPO-QP-no-penalty,20260808,155,30,14973,0,0,0,0.0,-100.0,-100.0,0.0,1.9911317039600364e-11,105.4474935426842,30.0,52,92,30.0,125.0,4,-100.0,19.0,-732.409972299169,-100.0,0.0,3.7999999999999996e-08,0,1,72.44341042553201,0
PPO-QP-no-penalty,20260808,156,30,15071,0,0,0,0.0,-100.0,-100.0,0.0,1.9797978071759797e-11,94.34652088573726,30.0,100,94,77.5,125.0,2,-100.0,100.0,-310.80332409972306,-100.0,0.0,3.7999999999999996e-08,0,1,24.7335461544304,0
PPO-QP-no-penalty,20260808,157,30,15165,0,0,0,0.0,-100.0,-18.367706750514415,0.0,1.985902553514052e-11,112.50095741162527,30.0,230,92,49.387669646752826,125.0,4,-100.0,92.67314465766073,-650.7776790496835,-18.367706750514415,-81.63229324948558,3.7999999999999996e-08,0,1,14.125558314032574,0
PPO-QP-no-penalty,20260808,157,30,15166,0,0,0,0.0,-100.0,-100.0,0.0,1.985902553514052e-11,113.08321631149536,30.0,230,93,53.75,125.0,3,-100.0,100.0,-521.6066481994461,-100.0,0.0,3.7999999999999996e-08,0,1,36.632293249485585,0
PPO-QP-no-penalty,20260808,158,30,15264,0,0,0,0.0,-100.0,-100.0,1.963377978716115e-11,1.963377978716115e-11,91.01884946153756,30.0,8,95,101.25,125.0,1,-100.0,100.0,-100.0,-100.0,0.0,3.7999999999999996e-08,0,1,74.12843678012591,0
PPO-QP-no-penalty,20260808,159,30,15357,0,0,0,0.0,-100.0,-100.0,0.0,2.007572256583027e-11,89.04411420168975,30.0,119,92,30.0,125.0,4,-100.0,19.0,-732.409972299169,-100.0,0.0,3.7999999999999996e-08,0,1,54.28823931041011,0
PPO-QP-no-penalty,20260808,161,31,15552,0,0,0,0.0,-100.0,-100.0,2.034428181474368e-11,2.034428181474368e-11,91.21970841160459,30.0,104,95,101.25,125.0,1,-100.0,100.0,-100.0,-100.0,0.0,3.7999999999999996e-08,0,1,90.85365727280505,0
PPO-QP-no-penalty,20260808,162,31,15645,0,0,0,0.0,-100.0,-100.0,0.0,2.022405206266361e-11,106.43851663116271,30.0,225,92,30.0,125.0,4,-100.0,19.0,-732.409972299169,-100.0,0.0,3.7999999999999996e-08,0,1,43.146429452052956,0
PPO-QP-no-penalty,20260808,163,31,15744,0,0,0,0.0,99.99999997172303,99.99999997172303,2.0354617991102942e-11,2.0354617991102942e-11,94.60646830148582,30.0,62,95,151.3157894662429,125.0,1,-100.0,100.0,99.99999997172303,99.99999997172303,0.0,3.7999999999999996e-08,0,1,55.92901560587807,0
PPO-QP-no-penalty,20260808,164,31,15840,0,0,0,0.0,99.99999998689069,99.99999998689069,1.9362463484403256e-11,1.9362463484403256e-11,102.3174870488011,30.0,222,95,151.3157894702344,125.0,1,-100.0,100.0,99.99999998689069,99.99999998689069,0.0,3.7999999999999996e-08,0,1,7.6569444126984365,0
PPO-QP-no-penalty,20260808,165,32,15935,0,0,0,0.0,-100.0,-100.0,0.0,2.026758390745916e-11,98.37303446953622,30.0,23,94,77.5,125.0,2,-100.0,100.0,-310.80332409972306,-100.0,0.0,3.7999999999999996e-08,0,1,29.99545553594531,0
PPO-QP-no-penalty,20260808,166,32,16029,0,0,0,0.0,-100.0,-100.0,0.0,1.9809420770400265e-11,107.22965812391051,30.0,150,92,30.0,125.0,4,-100.0,19.0,-732.409972299169,-100.0,0.0,3.7999999999999996e-08,0,1,59.63268974829048,0
PPO-QP-no-penalty,20260808,167,32,16126,0,0,0,0.0,-100.0,-97.81643616694636,0.0,2.0105702288238567e-11,106.11220090714811,30.0,39,93,54.26859641035024,125.0,3,-100.0,100.0,-519.4230843663925,-97.81643616694636,-2.1835638330536398,3.7999999999999996e-08,0,1,26.737704384828533,0
PPO-QP-no-penalty,20260808,168,32,16221,0,0,0,0.0,-100.0,-100.0,0.0,1.9845621442489877e-11,96.01676559852008,30.0,37,92,30.0,125.0,4,-100.0,19.0,-732.409972299169,-100.0,0.0,3.7999999999999996e-08,0,1,47.07558741252553,0
PPO-QP-no-penalty,20260808,170,33,16413,0,0,0,0.0,-100.0,-100.0,0.0,2.0119461652257087e-11,93.83291616695745,30.0,124,92,30.0,125.0,4,-100.0,19.0,-732.409972299169,-100.0,0.0,3.7999999999999996e-08,0,1,33.94736842105263,0
PPO-QP-no-penalty,20260808,171,33,16509,0,0,0,0.0,-100.0,-95.84419086048077,0.0,2.0273142424069117e-11,93.11517390836408,30.0,96,92,30.98700467063582,125.0,4,-100.0,22.750617748416115,-728.2541631596497,-95.84419086048077,-4.155809139519235,3.7999999999999996e-08,0,1,84.26466073039728,0
PPO-QP-no-penalty,20260808,172,33,16605,0,0,0,0.0,-100.0,-93.95641214403769,0.0,2.0009242411115717e-11,100.43147422329041,30.0,118,92,31.43535211579105,125.0,4,-100.0,24.454338040005993,-726.3663844432066,-93.95641214403769,-6.043587855962315,3.7999999999999996e-08,0,1,62.823908448912,0
PPO-QP-no-penalty,20260808,173,33,16702,0,0,0,0.0,-100.0,-100.0,0.0,2.0242925854082237e-11,103.25511542560575,30.0,19,93,53.75,125.0,3,-100.0,100.0,-521.6066481994461,-100.0,0.0,3.7999999999999996e-08,0,1,80.90425303242922,0
PPO-QP-no-penalty,20260808,174,33,16798,0,0,0,0.0,-100.0,-33.4371042936902,0.0,1.9848482117149994e-11,92.86239037626098,30.0,71,93,69.55868773024858,125.0,3,-100.0,100.0,-455.04375249313625,-33.4371042936902,-66.5628957063098,3.7999999999999996e-08,0,1,18.258190337579443,0
PPO-QP-no-penalty,20260808,174,33,16799,0,0,0,0.0,-100.0,-100.0,0.0,1.9848482117149994e-11,94.05197713050227,30.0,71,94,77.5,125.0,2,-100.0,100.0,-310.80332409972306,-100.0,0.0,3.7999999999999996e-08,0,1,21.562895706309803,0
PPO-QP-no-penalty,20260808,175,33,16893,0,0,0,0.0,-100.0,-100.0,0.0,1.96007617544088e-11,95.98847543410712,30.0,71,92,30.0,125.0,4,-100.0,19.0,-732.409972299169,-100.0,0.0,3.7999999999999996e-08,0,1,33.94736842105263,0
PPO-QP-no-penalty,20260808,176,34,16989,0,0,0,0.0,-100.0,-100.0,0.0,1.9964037830296397e-11,83.01996185755443,30.0,27,92,30.0,125.0,4,-100.0,19.0,-732.409972299169,-100.0,0.0,3.7999999999999996e-08,0,1,33.94736842105263,0
PPO-QP-no-penalty,20260808,177,34,17086,0,0,0,0.0,-100.0,-81.61012455211927,0.0,1.9784015166853428e-11,82.96427175092307,30.0,98,93,58.11759541887167,125.0,3,-100.0,100.0,-503.2167727515654,-81.61012455211927,-18.389875447880726,3.7999999999999996e-08,0,1,34.79409692835117,0
PPO-QP-no-penalty,20260808,178,34,17181,0,0,0,0.0,-100.0,-79.48453133025836,0.0,2.047896296986096e-11,102.34785609960065,30.0,23,92,34.87242380906364,125.0,4,-100.0,37.51521047444183,-711.8945036294274,-79.48453133025836,-20.515468669741637,3.7999999999999996e-08,0,1,43.255140651724076,0
PPO-QP-no-penalty,20260808,179,34,17277,0,0,0,0.0,-100.0,-100.0,0.0,1.9925672223308766e-11,98.10549359535615,30.0,151,92,30.0,125.0,4,-100.0,19.0,-732.409972299169,-100.0,0.0,3.7999999999999996e-08,0,1,33.94736842105263,0
PPO-QP-no-penalty,20260808,180,34,17373,0,0,0,0.0,-100.0,-85.5681465222922,0.0,1.965198374402159e-11,97.3102387833523,30.0,104,92,33.427565200955605,125.0,4,-100.0,32.0247477636313,-717.9781188214612,-85.5681465222922,-14.431853477707804,3.7999999999999996e-08,0,1,5.083661465637007,0
PPO-QP-no-penalty,20260808,181,35,17469,0,0,0,0.0,-100.0,-100.0,0.0,2.0070615539916994e-11,102.75890329454388,30.0,187,92,30.0,125.0,4,-100.0,19.0,-732.409972299169,-100.0,0.0,3.7999999999999996e-08,0,1,33.94736842105263,0
PPO-QP-no-penalty,20260808,182,35,17565,0,0,0,0.0,-100.0,-90.23499243780805,0.0,1.975507165260145e-11,99.52151171969736,30.0,51,92,32.31918929602059,125.0,4,-100.0,27.812919324878237,-722.644964736977,-90.23499243780805,-9.765007562191954,3.7999999999999996e-08,0,1,39.69570417342099,0
PPO-QP-no-penalty,20260808,185,35,17853,0,0,0,0.0,-100.0,-97.42674474130258,0.0,1.987682981171209e-11,98.93233912322364,30.0,128,92,30.611148123940637,125.0,4,-100.0,21.32236287097442,-729.8367170404716,-97.42674474130258,-2.573255258697415,3.7999999999999996e-08,0,1,28.8008579036578,0
PPO-QP-no-penalty,20260808,186,36,17949,0,0,0,0.0,-100.0,-100.0,0.0,1.9646858214391234e-11,104.42171889899856,30.0,154,92,30.0,125.0,4,-100.0,19.0,-732.409972299169,-100.0,0.0,3.7999999999999996e-08,0,1,33.94736842105263,0
PPO-QP-no-penalty,20260808,187,36,18045,0,0,0,0.0,-100.0,-100.0,0.0,2.0220728795076563e-11,91.85584163919535,30.0,100,92,30.0,125.0,4,-100.0,19.0,-732.409972299169,-100.0,0.0,3.7999999999999996e-08,0,1,33.94736842105263,0
PPO-QP-no-penalty,20260808,188,36,18141,0,0,0,0.0,-100.0,-100.0,0.0,1.994150400363992e-11,97.7759754231541,30.0,122,92,30.0,125.0,4,-100.0,19.0,-732.409972299169,-100.0,0.0,3.7999999999999996e-08,0,1,33.94736842105263,0
PPO-QP-no-penalty,20260808,189,36,18238,0,0,0,0.0,-100.0,-98.17495092567222,0.0,2.0231338826448565e-11,87.64087006953979,30.0,76,93,54.18344915515285,125.0,3,-100.0,100.0,-519.7815991251183,-98.17495092567222,-1.8250490743277794,3.7999999999999996e-08,0,1,81.16812863110107,0
PPO-QP-no-penalty,20260808,190,36,18333,0,0,0,0.0,-100.0,-100.0,0.0,2.0181722959478064e-11,105.49799693923116,30.0,228,92,30.0,125.0,4,-100.0,19.0,-732.409972299169,-100.0,0.0,3.7999999999999996e-08,0,1,70.77218310680601,0
PPO-QP-no-penalty,20260808,191,36,18429,0,0,0,0.0,-100.0,-100.0,0.0,1.9841728260416857e-11,110.48753847270052,30.0,160,92,30.0,125.0,4,-100.0,19.0,-732.409972299169,-100.0,0.0,3.7999999999999996e-08,0,1,33.94736842105263,0
PPO-QP-no-penalty,20260808,193,37,18623,0,0,0,0.0,-100.0,-33.84918147383246,0.0,1.95231090553231e-11,91.4521595519664,30.0,147,94,93.21081939996479,125.0,2,-100.0,100.0,-244.6525055735555,-33.84918147383246,-66.15081852616754,3.7999999999999996e-08,0,1,18.728528482607942,0
PPO-QP-no-penalty,20260808,193,37,18624,0,0,0,0.0,-100.0,-100.0,1.95231090553231e-11,1.95231090553231e-11,93.92550954641982,30.0,147,95,101.25,125.0,1,-100.0,100.0,-100.0,-100.0,0.0,3.7999999999999996e-08,0,1,21.15081852616754,0
PPO-QP-no-penalty,20260808,194,37,18719,0,0,0,0.0,-100.0,-67.80843257430189,0.0,2.002027062649366e-11,104.51885376213365,30.0,25,94,85.1454972636033,125.0,2,-100.0,100.0,-278.61175667402495,-67.80843257430189,-32.19156742569811,3.7999999999999996e-08,0,1,12.093267783367821,0
PPO-QP-no-penalty,20260808,195,37,18813,0,0,0,0.0,-100.0,-100.0,0.0,2.0010815227067268e-11,100.89617127432541,30.0,141,92,30.0,125.0,4,-100.0,19.0,-732.409972299169,-100.0,0.0,3.7999999999999996e-08,0,1,46.89412484533726,0
PPO-QP-no-penalty,20260808,196,37,18911,0,0,0,0.0,-100.0,-100.0,0.0,1.9684191313965962e-11,83.05764923809929,30.0,48,94,77.5,125.0,2,-100.0,100.0,-310.80332409972306,-100.0,0.0,3.7999999999999996e-08,0,1,43.4693868136715,0
PPO-QP-no-penalty,20260808,197,38,19007,0,0,0,0.0,-100.0,-3.672242958066363,0.0,1.97427222718242e-11,83.05764923809929,30.0,48,94,100.37784229745924,125.0,2,-100.0,100.0,-214.4755670577894,-3.672242958066363,-96.32775704193364,3.7999999999999996e-08,0,1,1.5860761129642853,0
PPO-QP-no-penalty,20260808,197,38,19008,0,0,0,0.0,-100.0,-100.0,1.97427222718242e-11,1.97427222718242e-11,90.30236904485297,30.0,48,95,101.25,125.0,1,-100.0,100.0,-100.0,-100.0,0.0,3.7999999999999996e-08,0,1,51.32775704193364,0
PPO-QP-no-penalty,20260808,198,38,19102,0,0,0,0.0,-100.0,-75.95881568633442,0.0,1.8676116209093152e-11,95.33463599850847,30.0,127,93,59.459781274495576,125.0,3,-100.0,100.0,-497.56546388578045,-75.95881568633442,-24.041184313665582,3.7999999999999996e-08,0,1,12.12914941670551,0
PPO-QP-no-penalty,20260808,199,38,19197,0,0,0,0.0,-100.0,-100.0,0.0,2.014077793432989e-11,100.07914421571272,30.0,180,92,30.0,125.0,4,-100.0,19.0,-732.409972299169,-100.0,0.0,3.7999999999999996e-08,0,1,33.94736842105263,0
PPO-QP-no-penalty,20260808,201,38,19389,0,0,0,0.0,-100.0,-100.0,0.0,0.0,95.06128279232206,30.0,126,92,30.0,125.0,4,-100.0,19.0,-732.409972299169,-100.0,0.0,3.7999999999999996e-08,0,1,33.94736842105263,0
PPO-QP-no-penalty,20260808,202,39,19487,0,0,0,0.0,-100.0,-100.0,0.0,1.993879135871642e-11,83.05764923809929,30.0,48,94,77.5,125.0,2,-100.0,100.0,-310.80332409972306,-100.0,0.0,3.7999999999999996e-08,0,1,52.07529740141186,0
PPO-QP-no-penalty,20260808,203,39,19583,0,0,0,0.0,-100.0,-94.07534020965393,0.0,1.9814131816768093e-11,108.6658458407661,30.0,228,94,78.9071067002072,125.0,2,-100.0,100.0,-304.878664309377,-94.07534020965393,-5.92465979034607,3.7999999999999996e-08,0,1,83.6961040305104,0
PPO-QP-no-penalty,20260808,204,39,19677,0,0,0,0.0,-100.0,-83.72338570069647,0.0,2.00083024222882e-11,105.49799693923116,30.0,228,92,33.86569589608459,125.0,4,-100.0,33.689644405121435,-716.1333579998654,-83.72338570069647,-16.27661429930353,3.7999999999999996e-08,0,1,1.3941398224455668,0
PPO-QP-no-penalty,20260808,207,39,19966,0,0,0,0.0,-100.0,-71.91330667237594,0.0,2.024235593959626e-11,97.0247384356764,30.0,137,93,60.420589665310715,125.0,3,-100.0,100.0,-493.519954871822,-71.91330667237594,-28.08669332762406,3.7999999999999996e-08,0,1,83.65835778490894,0
PPO-QP-no-penalty,20260808,208,40,20063,0,0,0,0.0,31.389570807200048,100.0,0.0,1.9708538504895993e-11,95.73000178133542,30.0,22,94,159.57620284400002,125.0,2,-100.0,100.0,31.389570807200048,221.63957080720007,-68.61042919279996,3.7999999999999996e-08,0,1,18.358825192188387,0
PPO-QP-no-penalty,20260808,208,40,20064,0,0,0,0.0,99.9999999974584,99.9999999974584,1.929481389476943e-11,1.929481389476943e-11,95.15001831313892,30.0,22,95,151.31578947301537,125.0,1,-100.0,100.0,99.9999999974584,99.9999999974584,0.0,3.7999999999999996e-08,0,1,23.61042918771669,0
PPO-QP-no-penalty,20260808,209,40,20159,0,0,0,0.0,-100.0,-79.54893139233515,0.0,0.0,83.05764923809929,30.0,48,94,82.3571287943204,125.0,2,-100.0,100.0,-290.3522554920582,-79.54893139233515,-20.45106860766485,3.7999999999999996e-08,0,1,34.198955764691114,0
PPO-QP-no-penalty,20260808,210,40,20255,0,0,0,0.0,25.23639890302629,100.0,0.0,1.9957568930806245e-11,105.82004647631729,30.0,9,94,157.95694707974377,125.0,2,-100.0,100.0,25.23639890302629,215.48639890302633,-74.7636010969737,3.7999999999999996e-08,0,1,33.078277234204194,0
PPO-QP-no-penalty,20260808,210,40,20256,0,0,0,0.0,99.99999998771604,99.99999998771604,1.984876707439298e-11,1.984876707439298e-11,101.30225991037923,30.0,9,95,151.3157894704516,125.0,1,-100.0,100.0,99.99999998771604,99.99999998771604,0.0,3.7999999999999996e-08,0,1,29.763601072405777,0
PPO-QP-no-penalty,20260808,211,40,20351,0,0,0,0.0,-100.0,-100.0,0.0,2.013686254779638e-11,108.22627375645844,30.0,206,94,77.5,125.0,2,-100.0,100.0,-310.80332409972306,-100.0,0.0,3.7999999999999996e-08,0,1,73.20206345690927,0
PPO-QP-no-penalty,20260808,212,40,20445,0,0,0,0.0,-100.0,-91.27891332547865,0.0,2.0295705856672916e-11,91.86532092092294,30.0,121,92,32.07125808519882,125.0,4,-100.0,26.870780723755516,-723.6888856246477,-91.27891332547865,-8.721086674521345,3.7999999999999996e-08,0,1,16.505195072009926,0
PPO-QP-no-penalty,20260808,213,41,20541,0,0,0,0.0,-100.0,-100.0,0.0,2.0347453351850695e-11,112.54618120928845,30.0,212,92,30.0,125.0,4,-100.0,19.0,-732.409972299169,-100.0,0.0,3.7999999999999996e-08,0,1,33.94736842105263,0
PPO-QP-no-penalty,20260808,215,41,20736,0,0,0,0.0,-100.0,-100.0,1.983205821787237e-11,1.983205821787237e-11,109.049971734305,30.0,176,95,101.25,125.0,1,-100.0,100.0,-100.0,-100.0,0.0,3.7999999999999996e-08,0,1,46.57494858626867,0
PPO-QP-no-penalty,20260808,216,41,20829,0,0,0,0.0,-100.0,-100.0,0.0,1.9998114275665557e-11,110.25536271311508,30.0,196,92,30.0,125.0,4,-100.0,19.0,-732.409972299169,-100.0,0.0,3.7999999999999996e-08,0,1,33.94736842105263,0
PPO-QP-no-penalty,20260808,217,41,20927,0,0,0,0.0,-100.0,-91.40123140139204,0.0,1.9878080662986502e-11,105.05628612179316,30.0,184,94,79.5422075421694,125.0,2,-100.0,100.0,-302.20455550111507,-91.40123140139204,-8.598768598607961,3.7999999999999996e-08,0,1,56.734840000102274,0
PPO-QP-no-penalty,20260808,218,42,21022,0,0,0,0.0,-100.0,-65.11159937722422,0.0,2.02980780332022e-11,113.10692921361587,30.0,209,93,62.03599514790925,125.0,3,-100.0,100.0,-486.7182475766703,-65.11159937722422,-34.88840062277578,3.7999999999999996e-08,0,1,14.865958183742187,0
PPO-QP-no-penalty,20260808,219,42,21117,0,0,0,0.0,-100.0,-69.1861339169485,0.0,1.9692240430894494e-11,70.83217175061809,30.0,35,92,37.31829319472473,125.0,4,-100.0,46.809514139953976,-701.5961062161175,-69.1861339169485,-30.813866083051494,3.7999999999999996e-08,0,1,26.579369758196044,0
PPO-QP-no-penalty,20260808,220,42,21213,0,0,0,0.0,-100.0,-100.0,0.0,1.9903645398500203e-11,102.9635056064629,30.0,189,92,30.0,125.0,4,-100.0,19.0,-732.409972299169,-100.0,0.0,3.7999999999999996e-08,0,1,35.88295508953581,0
PPO-QP-no-penalty,20260808,223,42,21501,0,0,0,0.0,-100.0,-100.0,0.0,2.960594732333751e-17,103.56165061739479,30.0,235,92,30.0,125.0,4,-100.0,19.0,-732.409972299169,-100.0,0.0,3.7999999999999996e-08,0,1,33.94736842105263,0
PPO-QP-no-penalty,20260808,224,43,21598,0,0,0,0.0,-100.0,-86.56309695271612,0.0,1.9809405967426604e-11,89.91599390927747,30.0,105,93,56.94126447372992,125.0,3,-100.0,100.0,-508.16974515216225,-86.56309695271612,-13.436903047283877,3.7999999999999996e-08,0,1,43.56077941277554,0
PPO-QP-no-penalty,20260808,225,43,21695,0,0,0,0.0,99.9999999515203,100.0,0.0,1.9809794545485222e-11,100.091080800493,30.0,223,94,177.63157893461062,125.0,2,-100.0,100.0,99.9999999515203,290.24999995152035,-4.847970558330417e-08,3.7999999999999996e-08,0,1,39.742556361241604,0
PPO-QP-no-penalty,20260808,226,43,21789,0,0,0,0.0,-100.0,-100.0,0.0,1.9879072462221832e-11,93.40953184232814,30.0,135,92,30.0,125.0,4,-100.0,19.0,-732.409972299169,-100.0,0.0,3.7999999999999996e-08,0,1,33.94736842105263,0
PPO-QP-no-penalty,20260808,228,43,21982,0,0,0,0.0,-100.0,-76.32701877156667,0.0,2.0040287947627652e-11,72.30693989180492,30.0,42,93,59.37233304175292,125.0,3,-100.0,100.0,-497.93366697101277,-76.32701877156667,-23.67298122843333,3.7999999999999996e-08,0,1,15.651136582563339,0
PPO-QP-no-penalty,20260808,229,44,22079,0,0,0,0.0,-100.0,-100.0,0.0,2.0007329126769946e-11,94.24796004258582,30.0,62,94,77.5,125.0,2,-100.0,100.0,-310.80332409972306,-100.0,0.0,3.7999999999999996e-08,0,1,13.91497164781515,0
PPO-QP-no-penalty,20260808,230,44,22174,0,0,0,0.0,-100.0,-100.0,0.0,2.005772214985768e-11,96.2549769502023,30.0,50,93,53.75,125.0,3,-100.0,100.0,-521.6066481994461,-100.0,0.0,3.7999999999999996e-08,0,1,46.365231030210126,0
PPO-QP-no-penalty,20260808,231,44,22269,0,0,0,0.0,-100.0,-100.0,0.0,0.0,89.04411420168975,30.0,119,92,30.0,125.0,4,-100.0,19.0,-732.409972299169,-100.0,0.0,3.7999999999999996e-08,0,1,40.48603972250132,0
PPO-QP-no-penalty,20260808,232,44,22366,0,0,0,0.0,-100.0,-100.0,0.0,2.0226413136962645e-11,89.72900514250496,30.0,99,93,53.75,125.0,3,-100.0,100.0,-521.6066481994461,-100.0,0.0,3.7999999999999996e-08,0,1,34.5832693840138,0
PPO-QP-no-penalty,20260808,233,44,22461,0,0,0,0.0,-100.0,-100.0,0.0,2.002884524898718e-11,98.38002215283956,30.0,50,92,30.0,125.0,4,-100.0,19.0,-732.409972299169,-100.0,0.0,3.7999999999999996e-08,0,1,33.94736842105263,0
PPO-QP-no-penalty,20260808,234,45,22557,0,0,0,0.0,-100.0,-100.0,0.0,0.0,115.3687027071826,30.0,164,92,30.0,125.0,4,-100.0,19.0,-732.409972299169,-100.0,0.0,3.7999999999999996e-08,0,1,73.4318116845291,0
PPO-QP-no-penalty,20260808,235,45,22653,0,0,0,0.0,-100.0,-100.0,0.0,2.010223469165832e-11,95.24953877379312,30.0,64,92,30.0,125.0,4,-100.0,19.0,-732.409972299169,-100.0,0.0,3.7999999999999996e-08,0,1,53.34229488215822,0
PPO-QP-no-penalty,20260808,236,45,22749,0,0,0,0.0,-100.0,-100.0,0.0,1.9941259754574502e-11,94.11350934331959,30.0,103,92,30.0,125.0,4,-100.0,19.0,-732.409972299169,-100.0,0.0,3.7999999999999996e-08,0,1,63.90045340053928,0
PPO-QP-no-penalty,20260808,237,45,22845,0,0,0,0.0,-100.0,-100.0,0.0,1.1102230246251566e-17,108.98309588157623,30.0,165,92,30.0,125.0,4,-100.0,19.0,-732.409972299169,-100.0,0.0,3.7999999999999996e-08,0,1,58.08001196631732,0
PPO-QP-no-penalty,20260808,238,45,22941,0,0,0,0.0,-100.0,-55.79878001500004,0.0,2.960594732333751e-17,110.48753847270052,30.0,160,92,40.49778974643749,125.0,4,-100.0,58.89160103646246,-688.208752314169,-55.79878001500004,-44.20121998499996,3.7999999999999996e-08,0,1,67.3670179420044,0
PPO-QP-no-penalty,20260808,239,45,23039,0,0,0,0.0,-100.0,-74.91891365740165,0.0,2.014836815907491e-11,79.3183848197537,30.0,35,94,83.45675800636711,125.0,2,-100.0,100.0,-285.7222377571247,-74.91891365740165,-25.081086342598354,3.7999999999999996e-08,0,1,20.431925908016602,0
PPO-QP-no-penalty,20260808,240,46,23133,0,0,0,0.0,-100.0,-100.0,0.0,2.0000612277470964e-11,102.40925487505093,30.0,131,92,30.0,125.0,4,-100.0,19.0,-732.409972299169,-100.0,0.0,3.7999999999999996e-08,0,1,50.32821147086353,0
PPO-QP-no-penalty,20260808,241,46,23229,0,0,0,0.0,-100.0,-100.0,0.0,2.0138616700175285e-11,109.65240546778003,30.0,206,92,30.0,125.0,4,-100.0,19.0,-732.409972299169,-100.0,0.0,3.7999999999999996e-08,0,1,33.94736842105263,0
PPO-QP-no-penalty,20260808,244,46,23518,0,0,0,0.0,-100.0,-54.99158988915006,0.0,2.161841446598108e-11,114.67215735740426,30.0,182,93,64.43949740132686,125.0,3,-100.0,100.0,-476.59823808859613,-54.99158988915006,-45.00841011084994,3.7999999999999996e-08,0,1,25.340185730928468,0
PPO-QP-no-penalty,20260808,244,46,23519,0,0,0,0.0,-100.0,-100.0,0.0,2.0652631456859657e-11,105.9884047813646,30.0,182,94,77.5,125.0,2,-100.0,100.0,-310.80332409972306,-100.0,0.0,3.7999999999999996e-08,0,1,0.008410110849936814,0
PPO-QP-no-penalty,20260808,245,47,23613,0,0,0,0.0,-100.0,-86.47052442050949,0.0,2.2204460492503132e-17,76.26011533638224,30.0,28,92,33.213250450128996,125.0,4,-100.0,31.210351710490183,-718.8804967196786,-86.47052442050949,-13.529475579490509,3.7999999999999996e-08,0,1,47.9568149750198,0
PPO-QP-no-penalty,20260808,246,47,23709,0,0,0,0.0,-100.0,-100.0,0.0,1.9727789772142993e-11,112.16735870136588,30.0,181,92,30.0,125.0,4,-100.0,19.0,-732.409972299169,-100.0,0.0,3.7999999999999996e-08,0,1,50.815709028839834,0
PPO-QP-no-penalty,20260808,247,47,23807,0,0,0,0.0,-100.0,-100.0,0.0,1.9861112754426813e-11,103.99797773632228,30.0,46,94,77.5,125.0,2,-100.0,100.0,-310.80332409972306,-100.0,0.0,3.7999999999999996e-08,0,1,38.05866664983198,0
PPO-QP-no-penalty,20260808,248,47,23901,0,0,0,0.0,-100.0,-100.0,0.0,2.0115635083565545e-11,94.22972826960984,30.0,65,92,30.0,125.0,4,-100.0,19.0,-732.409972299169,-100.0,0.0,3.7999999999999996e-08,0,1,37.670342113010115,0
PPO-QP-no-penalty,20260808,249,47,23997,0,0,0,0.0,-100.0,-28.733024442360932,0.0,2.03930391092418e-11,91.87996057561233,30.0,84,92,46.92590669493928,125.0,4,-100.0,83.31844544076925,-661.1429967415299,-28.733024442360932,-71.26697555763907,3.7999999999999996e-08,0,1,1.0739378136604216,0
PPO-QP-no-penalty,20260808,249,47,23998,0,0,0,0.0,-100.0,-100.0,0.0,2.03930391092418e-11,87.03497415625367,30.0,84,93,53.75,125.0,3,-100.0,100.0,-521.6066481994461,-100.0,0.0,3.7999999999999996e-08,0,1,26.26697555763907,0
PPO-QP-no-penalty,20260808,250,48,24093,0,0,0,0.0,-100.0,-100.0,0.0,1.9907993772013317e-11,102.11370682986832,30.0,188,92,30.0,125.0,4,-100.0,19.0,-732.409972299169,-100.0,0.0,3.7999999999999996e-08,0,1,33.94736842105263,0
PPO-QP-no-penalty,20260808,251,48,24189,0,0,0,0.0,-100.0,-81.36175347497702,0.0,2.0045313557185788e-11,99.51338637734993,30.0,140,92,34.42658354969296,125.0,4,-100.0,35.821017488833235,-713.771725774146,-81.36175347497702,-18.63824652502298,3.7999999999999996e-08,0,1,38.88027253472302,0
PPO-QP-no-penalty,20260808,253,48,24383,0,0,0,0.0,-100.0,-100.0,0.0,2.0253994777637747e-11,94.53210385971187,30.0,224,94,77.5,125.0,2,-100.0,100.0,-310.80332409972306,-100.0,0.0,3.7999999999999996e-08,0,1,5.968110603519875,0
PPO-QP-no-penalty,20260808,254,48,24477,0,0,0,0.0,-100.0,-100.0,0.0,0.0,95.77455035660361,30.0,116,92,30.0,125.0,4,-100.0,19.0,-732.409972299169,-100.0,0.0,3.7999999999999996e-08,0,1,33.94736842105263,0
PPO-QP-no-penalty,20260808,255,48,24575,0,0,0,0.0,-100.0,-93.45072577819093,0.0,1.997337850667691e-11,100.61361026725801,30.0,4,94,79.05545262767966,125.0,2,-100.0,100.0,-304.254049877914,-93.45072577819093,-6.549274221809071,3.7999999999999996e-08,0,1,123.09543333789611,0
PPO-QP-no-penalty,20260808,256,49,24669,0,0,0,0.0,-100.0,-100.0,0.0,2.960594732333751e-17,98.10037487022021,30.0,132,92,30.0,125.0,4,-100.0,19.0,-732.409972299169,-100.0,0.0,3.7999999999999996e-08,0,1,33.94736842105263,0
PPO-QP-no-penalty,20260808,257,49,24765,0,0,0,0.0,-100.0,-100.0,0.0,0.0,101.10748378887497,30.0,110,92,30.0,125.0,4,-100.0,19.0,-732.409972299169,-100.0,0.0,3.7999999999999996e-08,0,1,33.94736842105263,0
PPO-QP-no-penalty,20260808,258,49,24861,0,0,0,0.0,-100.0,-89.72408115136004,0.0,1.9886581270611713e-11,98.04912306783665,30.0,136,92,32.44053072655199,125.0,4,-100.0,28.274016760897563,-722.134053450529,-89.72408115136004,-10.27591884863996,3.7999999999999996e-08,0,1,13.395530723772708,0
PPO-QP-no-penalty,20260808,259,49,24956,0,0,0,0.0,-100.0,12.463895636590728,0.0,2.022207956642319e-11,101.94580616266666,30.0,189,91,33.27997253594493,125.0,5,-100.0,31.463895636590728,-807.2422209012846,12.463895636590728,-112.46389563659073,3.7999999999999996e-08,0,1,1.2155193458437452,0
PPO-QP-no-penalty,20260808,259,49,24957,0,0,0,0.0,-100.0,-85.05734647436286,0.0,2.022207956642319e-11,102.9635056064629,30.0,189,92,33.54888021233882,125.0,4,-100.0,32.485744806887524,-717.4673187735319,-85.05734647436286,-14.94265352563714,3.7999999999999996e-08,0,1,38.92510362638858,0
PPO-QP-no-penalty,20260808,260,49,25053,0,0,0,0.0,-100.0,-100.0,0.0,1.9897713106805288e-11,87.53223352510913,30.0,59,92,30.0,125.0,4,-100.0,19.0,-732.409972299169,-100.0,0.0,3.7999999999999996e-08,0,1,36.45550423549881,0
PPO-QP-no-penalty,20260808,261,50,25150,0,0,0,0.0,-100.0,-100.0,0.0,2.960594732333751e-17,110.4943430456338,30.0,157,93,53.75,125.0,3,-100.0,100.0,-521.6066481994461,-100.0,0.0,3.7999999999999996e-08,0,1,64.89370152149823,0
PPO-QP-no-penalty,20260808,262,50,25245,0,0,0,0.0,-100.0,-80.63110176304576,0.0,1.9850347291831363e-11,100.07999755036212,30.0,172,92,34.60011333127663,125.0,4,-100.0,36.4804306588512,-713.0410740622149,-80.63110176304576,-19.368898236954237,3.7999999999999996e-08,0,1,7.826378829857859,0
PPO-QP-no-penalty,20260808,263,50,25341,0,0,0,0.0,-100.0,-99.38059760516376,0.0,1.9881692588559948e-11,113.6679028833153,30.0,168,92,30.14710806877361,125.0,4,-100.0,19.559010661339713,-731.7905699043328,-99.38059760516376,-0.6194023948362428,3.7999999999999996e-08,0,1,32.708563631380144,0
PPO-QP-no-penalty,20260808,264,50,25437,0,0,0,0.0,-100.0,-51.994515359605415,0.0,2.590520390792032e-17,84.83495531338835,30.0,21,92,41.401302602093715,125.0,4,-100.0,62.324949887956116,-684.4044876587744,-51.994515359605415,-48.005484640394585,3.7999999999999996e-08,0,1,0.3295589161044745,0
PPO-QP-no-penalty,20260808,264,50,25438,0,0,0,0.0,-100.0,-100.0,0.0,2.590520390792032e-17,78.54484674167945,30.0,21,93,53.75,125.0,3,-100.0,100.0,-521.6066481994461,-100.0,0.0,3.7999999999999996e-08,0,1,3.0054846403945703,0
PPO-QP-no-penalty,20260808,265,50,25533,0,0,0,0.0,-100.0,-76.89193095248895,0.0,1.9525769889838784e-11,101.3762952084312,30.0,30,92,35.488166398783875,125.0,4,-100.0,39.85503231537872,-709.3019032516579,-76.89193095248895,-23.10806904751105,3.7999999999999996e-08,0,1,60.86950412912404,0
PPO-QP-no-penalty,20260808,266,51,25631,0,0,0,0.0,-100.0,-100.0,0.0,2.0065978508417477e-11,94.78443709805047,30.0,93,94,77.5,125.0,2,-100.0,100.0,-310.80332409972306,-100.0,0.0,3.7999999999999996e-08,0,1,20.845596381881307,0
PPO-QP-no-penalty,20260808,267,51,25725,0,0,0,0.0,-100.0,-85.06806385402136,0.0,0.0,105.45166917558011,30.0,213,92,33.54633483466993,125.0,4,-100.0,32.47607237174572,-717.4780361531904,-85.06806385402136,-14.93193614597864,3.7999999999999996e-08,0,1,23.100324693137033,0
PPO-QP-no-penalty,20260808,268,51,25821,0,0,0,0.0,-100.0,-100.0,0.0,1.4802973661668754e-17,73.92145614413825,30.0,13,92,30.0,125.0,4,-100.0,19.0,-732.409972299169,-100.0,0.0,3.7999999999999996e-08,0,1,70.97012532365747,0
PPO-QP-no-penalty,20260808,269,51,25917,0,0,0,0.0,-100.0,-100.0,0.0,0.0,111.81848596317624,30.0,207,92,30.0,125.0,4,-100.0,19.0,-732.409972299169,-100.0,0.0,3.7999999999999996e-08,0,1,33.94736842105263,0
PPO-QP-no-penalty,20260808,270,51,26013,0,0,0,0.0,-100.0,-100.0,0.0,0.0,102.34785609960065,30.0,23,92,30.0,125.0,4,-100.0,19.0,-732.409972299169,-100.0,0.0,3.7999999999999996e-08,0,1,51.79918927673154,0
PPO-QP-no-penalty,20260808,271,51,26112,0,0,0,0.0,-100.0,-100.0,1.974127158040536e-11,1.974127158040536e-11,109.049971734305,30.0,176,95,101.25,125.0,1,-100.0,100.0,-100.0,-100.0,0.0,3.7999999999999996e-08,0,1,63.90542331012171,0
PPO-QP-no-penalty,20260808,273,52,26301,0,0,0,0.0,-100.0,-100.0,0.0,1.9702095510609753e-11,110.25536271311508,30.0,196,92,30.0,125.0,4,-100.0,19.0,-732.409972299169,-100.0,0.0,3.7999999999999996e-08,0,1,33.94736842105263,0
PPO-QP-no-penalty,20260808,274,52,26397,0,0,0,0.0,-100.0,-65.08209505252395,0.0,1.989438613847483e-11,102.02181808763575,30.0,44,92,38.29300242502556,125.0,4,-100.0,50.513409215097134,-697.492067351693,-65.08209505252395,-34.917904947476046,3.7999999999999996e-08,0,1,24.22559473388751,0
PPO-QP-no-penalty,20260808,275,52,26493,0,0,0,0.0,-100.0,-100.0,0.0,0.0,106.52560817321435,30.0,227,92,30.0,125.0,4,-100.0,19.0,-732.409972299169,-100.0,0.0,3.7999999999999996e-08,0,1,33.94736842105263,0
PPO-QP-no-penalty,20260808,276,52,26589,0,0,0,0.0,-100.0,-65.07216587543499,0.0,0.0,110.95905457206057,30.0,193,92,38.29536060458419,125.0,4,-100.0,50.52237029741992,-697.482138174604,-65.07216587543499,-34.92783412456501,3.7999999999999996e-08,0,1,10.297077554913052,0
PPO-QP-no-penalty,20260808,277,53,26688,0,0,0,0.0,-100.0,-100.0,0.0,0.0,104.61307947628538,30.0,52,95,101.25,125.0,1,-100.0,100.0,-100.0,-100.0,0.0,3.7999999999999996e-08,0,1,25.506955557842844,0
PPO-QP-no-penalty,20260808,278,53,26784,0,0,0,0.0,89.1071715062817,89.1071715062817,2.0005689697436917e-11,2.0005689697436917e-11,106.25600962608735,30.0,226,95,148.44925565954782,125.0,1,-100.0,100.0,89.1071715062817,89.1071715062817,0.0,3.7999999999999996e-08,0,1,47.0088081062905,0
PPO-QP-no-penalty,20260808,279,53,26877,0,0,0,0.0,-100.0,-100.0,0.0,2.018874326973711e-11,104.96059298132022,30.0,58,92,30.0,125.0,4,-100.0,19.0,-732.409972299169,-100.0,0.0,3.7999999999999996e-08,0,1,43.25150587584131,0
PPO-QP-no-penalty,20260808,280,53,26974,0,0,0,0.0,10.885947164046291,100.0,0.0,1.98552766820607e-11,104.3829632891561,30.0,30,93,180.49630188527536,125.0,3,-100.0,100.0,10.885947164046291,391.38594716404634,-89.11405283595371,3.7999999999999996e-08,0,1,5.338622549181762,0
PPO-QP-no-penalty,20260808,280,53,26975,0,0,0,0.0,99.99999997984017,100.0,0.0,1.9727490011926343e-11,102.63256840393971,30.0,30,94,177.63157894206321,125.0,2,-100.0,100.0,99.99999997984017,290.2499999798402,-2.0159831137789297e-08,3.7999999999999996e-08,0,1,44.11405279563405,0
PPO-QP-no-penalty,20260808,281,53,27069,0,0,0,0.0,-100.0,-100.0,0.0,2.0003558069229635e-11,110.95905457206057,30.0,193,92,30.0,125.0,4,-100.0,19.0,-732.409972299169,-100.0,0.0,3.7999999999999996e-08,0,1,62.61036548052336,0
PPO-QP-no-penalty,20260808,282,54,27165,0,0,0,0.0,-100.0,-100.0,0.0,2.000315098745394e-11,100.00130821074683,30.0,222,92,30.0,125.0,4,-100.0,19.0,-732.409972299169,-100.0,0.0,3.7999999999999996e-08,0,1,38.71054887456559,0
PPO-QP-no-penalty,20260808,283,54,27261,0,0,0,0.0,-100.0,-100.0,0.0,2.005996850111084e-11,100.9288157550295,30.0,155,92,30.0,125.0,4,-100.0,19.0,-732.409972299169,-100.0,0.0,3.7999999999999996e-08,0,1,33.94736842105263,0
PPO-QP-no-penalty,20260808,284,54,27356,0,0,0,0.0,-100.0,-6.507627667668885,0.0,1.9857952319550046e-11,87.55006923891817,30.0,34,91,28.45443842892864,125.0,5,-100.0,13.12686602992883,-827.5602592466163,-6.507627667668885,-93.49237233233112,3.7999999999999996e-08,0,1,5.408046434347426,0
PPO-QP-no-penalty,20260808,284,54,27357,0,0,0,0.0,-100.0,-100.0,0.0,1.9857952319550046e-11,87.66406128442175,30.0,34,92,30.0,125.0,4,-100.0,19.0,-732.409972299169,-100.0,0.0,3.7999999999999996e-08,0,1,48.492372332331115,0
PPO-QP-no-penalty,20260808,285,54,27453,0,0,0,0.0,-100.0,-91.57729667132452,0.0,1.9892372934056843e-11,105.94011237910321,30.0,184,92,32.00039204056043,125.0,4,-100.0,26.601489754129624,-723.9872689704936,-91.57729667132452,-8.422703328675482,3.7999999999999996e-08,0,1,36.491313706528985,0
PPO-QP-no-penalty,20260808,286,54,27552,0,0,0,0.0,51.788971435490666,51.788971435490666,2.0109721295587708e-11,2.0109721295587708e-11,98.2473188458625,30.0,178,95,138.62867669355018,125.0,1,-100.0,100.0,51.788971435490666,51.788971435490666,0.0,3.7999999999999996e-08,0,1,20.386130333880473,0
PPO-QP-no-penalty,20260808,287,54,27645,0,0,0,0.0,-100.0,-100.0,0.0,1.9851402003704757e-11,95.08737753583918,30.0,148,92,30.0,125.0,4,-100.0,19.0,-732.409972299169,-100.0,0.0,3.7999999999999996e-08,0,1,33.94736842105263,0
PPO-QP-no-penalty,20260808,288,55,27741,0,0,0,0.0,-100.0,-74.75294459713753,0.0,1.9733459311055414e-11,107.22965812391051,30.0,150,92,35.99617565817984,125.0,4,-100.0,41.78546750108338,-707.1629168963065,-74.75294459713753,-25.247055402862472,3.7999999999999996e-08,0,1,0.1443576048236963,0
PPO-QP-no-penalty,20260808,289,55,27839,0,0,0,0.0,-100.0,-61.38197920637439,0.0,2.019644821752801e-11,111.47546832563047,30.0,180,94,86.67177993848608,125.0,2,-100.0,100.0,-272.1853033060974,-61.38197920637439,-38.61802079362561,3.7999999999999996e-08,0,1,36.884030089876575,0
PPO-QP-no-penalty,20260808,290,55,27936,0,0,0,0.0,33.75459925480681,33.75459925480681,1.9988962337199232e-11,1.9988962337199232e-11,76.5534752248026,30.0,21,95,133.88278927758074,125.0,1,-100.0,100.0,33.75459925480681,33.75459925480681,0.0,3.7999999999999996e-08,0,1,17.14538184972024,0
PPO-QP-no-penalty,20260808,291,55,28029,0,0,0,0.0,-100.0,-100.0,0.0,2.0287871382862476e-11,92.01794582118721,30.0,127,92,30.0,125.0,4,-100.0,19.0,-732.409972299169,-100.0,0.0,3.7999999999999996e-08,0,1,33.94736842105263,0
PPO-QP-no-penalty,20260808,292,55,28127,0,0,0,0.0,-100.0,-85.94223553214043,0.0,1.9936408079956892e-11,100.06660216476412,30.0,33,94,80.83871906111665,125.0,2,-100.0,100.0,-296.74555963186344,-85.94223553214043,-14.05776446785957,3.7999999999999996e-08,0,1,43.50273092745742,0
PPO-QP-no-penalty,20260808,293,56,28221,0,0,0,0.0,25.111028647184348,100.0,0.0,2.0042715635308166e-11,101.5466799515969,30.0,16,92,210.5555338545222,125.0,4,-60.81880482306444,100.0,25.111028647184348,595.8610286471843,-74.88897135281564,3.7999999999999996e-08,0,1,13.60154829104917,0
PPO-QP-no-penalty,20260808,293,56,28222,0,0,0,0.0,99.99999998057491,100.0,0.0,1.9986538350262133e-11,102.52942631743066,30.0,16,93,203.9473684159408,125.0,3,-88.64265930130196,100.0,99.99999998057491,480.49999998057496,-1.9425087316449208e-08,3.7999999999999996e-08,0,1,29.888971313965556,0
PPO-QP-no-penalty,20260808,294,56,28317,0,0,0,0.0,-100.0,-100.0,0.0,1.9934294955466687e-11,93.4850457571753,30.0,83,92,30.0,125.0,4,-100.0,19.0,-732.409972299169,-100.0,0.0,3.7999999999999996e-08,0,1,33.94736842105263,0
PPO-QP-no-penalty,20260808,295,56,28413,0,0,0,0.0,-100.0,-40.461897117811624,0.0,1.4802973661668754e-17,115.3687027071826,30.0,164,92,44.14029943451974,125.0,4,-100.0,72.733137851175,-672.8718694169806,-40.461897117811624,-59.538102882188376,3.7999999999999996e-08,0,1,6.363282675906852,0
PPO-QP-no-penalty,20260808,295,56,28414,0,0,0,0.0,-100.0,-100.0,0.0,1.4802973661668754e-17,113.98575465587498,30.0,164,93,53.75,125.0,3,-100.0,100.0,-521.6066481994461,-100.0,0.0,3.7999999999999996e-08,0,1,14.538102882188383,0
PPO-QP-no-penalty,20260808,296,56,28509,0,0,0,0.0,-100.0,-100.0,0.0,2.0168174537834223e-11,100.89617127432541,30.0,141,92,30.0,125.0,4,-100.0,19.0,-732.409972299169,-100.0,0.0,3.7999999999999996e-08,0,1,71.79468942550191,0
PPO-QP-no-penalty,20260808,297,56,28608,0,0,0,0.0,99.99999996397861,99.99999996397861,2.040495920378286e-11,2.040495920378286e-11,89.18164141789313,30.0,98,95,151.3157894642049,125.0,1,-100.0,100.0,99.99999996397861,99.99999996397861,0.0,3.7999999999999996e-08,0,1,40.26773750636735,0
PPO-QP-no-penalty,20260808,300,57,28895,0,0,0,0.0,99.99999993765948,100.0,0.0,0.0,73.24774864864321,30.0,13,94,177.63157893096303,125.0,2,-100.0,100.0,99.99999993765948,290.2499999376595,-6.234051852516131e-08,3.7999999999999996e-08,0,1,110.41477873261496,0
PPO-QP-no-penalty,20260808,301,57,28992,0,0,0,0.0,-100.0,-100.0,0.0,0.0,107.3295728390021,30.0,125,95,101.25,125.0,1,-100.0,100.0,-100.0,-100.0,0.0,3.7999999999999996e-08,0,1,19.0176784479159,0
PPO-QP-no-penalty,20260808,302,57,29086,0,0,0,0.0,99.99999997497261,100.0,0.0,1.9715370077240853e-11,96.60339656859242,30.0,36,93,203.9473684144665,125.0,3,-88.64265930750949,100.0,99.99999997497261,480.49999997497264,-2.5027389938259148e-08,3.7999999999999996e-08,0,1,81.49568631305121,0
PPO-QP-no-penalty,20260808,303,57,29181,0,0,0,0.0,-100.0,-96.00983501602116,0.0,2.0267595009689406e-11,95.87781493241873,30.0,133,92,30.947664183694975,125.0,4,-100.0,22.601123898040907,-728.4198073151902,-96.00983501602116,-3.9901649839788433,3.7999999999999996e-08,0,1,111.7323769661323,0
PPO-QP-no-penalty,20260808,304,58,29280,0,0,0,0.0,99.99999994898548,99.99999994898548,1.9693250733846904e-11,1.9693250733846904e-11,79.75580700961373,30.0,27,95,151.31578946025934,125.0,1,-100.0,100.0,99.99999994898548,99.99999994898548,0.0,3.7999999999999996e-08,0,1,141.0095297313136,0
PPO-QP-no-penalty,20260808,305,58,29376,0,0,0,0.0,-86.43166665829636,-86.43166665829636,2.055973169490244e-11,2.055973169490244e-11,98.45062471570118,30.0,116,95,104.47247916865462,125.0,1,-100.0,100.0,-86.43166665829636,-86.43166665829636,0.0,3.7999999999999996e-08,0,1,24.50932841979767,0
PPO-QP-no-penalty,20260808,306,58,29470,0,0,0,0.0,-100.0,-100.0,0.0,1.9990316809289273e-11,104.66710664972749,30.0,125,93,53.75,125.0,3,-100.0,100.0,-521.6066481994461,-100.0,0.0,3.7999999999999996e-08,0,1,99.47899956459052,0
PPO-QP-no-penalty,20260808,307,58,29566,0,0,0,0.0,99.99999997779277,100.0,0.0,2.032564487090364e-11,102.52942631743066,30.0,16,93,203.94736841520864,125.0,3,-88.64265930438467,100.0,99.99999997779277,480.4999999777928,-2.2207231609172595e-08,3.7999999999999996e-08,0,1,105.64727649350822,0
PPO-QP-no-penalty,20260808,309,59,29759,0,0,0,0.0,40.12538647837827,100.0,0.0,2.004519883413991e-11,81.7545643469985,30.0,77,94,161.8751017048364,125.0,2,-100.0,100.0,40.12538647837827,230.3753864783783,-59.87461352162173,3.7999999999999996e-08,0,1,76.01973657237323,0
PPO-QP-no-penalty,20260808,309,59,29760,0,0,0,0.0,99.99999999211519,99.99999999211519,1.9613377588711956e-11,1.9613377588711956e-11,83.67513795166056,30.0,77,95,151.31578947160926,125.0,1,-100.0,100.0,99.99999999211519,99.99999999211519,0.0,3.7999999999999996e-08,0,1,14.87461350585204,0
PPO-QP-no-penalty,20260808,310,59,29854,0,0,0,0.0,-100.0,-23.91022056369976,0.0,1.9688184416111198e-11,94.04399918668715,30.0,82,93,71.82132261612131,125.0,3,-100.0,100.0,-445.51686876314585,-23.91022056369976,-76.08977943630023,3.7999999999999996e-08,0,1,27.651331222942147,0
PPO-QP-no-penalty,20260808,310,59,29855,0,0,0,0.0,-100.0,-100.0,0.0,1.9688184416111198e-11,99.40771460231907,30.0,82,94,77.5,125.0,2,-100.0,100.0,-310.80332409972306,-100.0,0.0,3.7999999999999996e-08,0,1,31.089779436300233,0
PPO-QP-no-penalty,20260808,311,59,29950,0,0,0,0.0,-100.0,-100.0,0.0,3.7007434154171884e-18,110.24312014457016,30.0,163,93,53.75,125.0,3,-100.0,100.0,-521.6066481994461,-100.0,0.0,3.7999999999999996e-08,0,1,39.33244020541077,0
PPO-QP-no-penalty,20260808,312,59,30045,0,0,0,0.0,-100.0,-100.0,0.0,1.9887043863538643e-11,105.94011237910321,30.0,184,92,30.0,125.0,4,-100.0,19.0,-732.409972299169,-100.0,0.0,3.7999999999999996e-08,0,1,33.94736842105263,0
PPO-QP-no-penalty,20260808,313,59,30142,0,0,0,0.0,-100.0,-23.767741355734355,0.0,2.0041390769165445e-11,104.20652800874184,30.0,229,93,71.85516142801309,125.0,3,-100.0,100.0,-445.3743895551804,-23.767741355734355,-76.23225864426564,3.7999999999999996e-08,0,1,4.361369374585426,0
PPO-QP-no-penalty,20260808,313,59,30143,0,0,0,0.0,-100.0,-100.0,0.0,2.0041390769165445e-11,104.78206419233967,30.0,229,94,77.5,125.0,2,-100.0,100.0,-310.80332409972306,-100.0,0.0,3.7999999999999996e-08,0,1,31.23225864426564,0
PPO-QP-no-penalty,20260808,314,60,30238,0,0,0,0.0,30.45198708289698,100.0,0.0,1.989083342479603e-11,103.25511542560575,30.0,19,93,185.64525975865712,125.0,3,-100.0,100.0,30.45198708289698,410.951987082897,-69.54801291710302,3.7999999999999996e-08,0,1,37.02053533030936,0
PPO-QP-no-penalty,20260808,314,60,30239,0,0,0,0.0,99.9999999739008,100.0,0.0,1.989083342479603e-11,106.10291306043477,30.0,19,94,177.63157894050022,125.0,2,-100.0,100.0,99.9999999739008,290.2499999739008,-2.6099201022589114e-08,3.7999999999999996e-08,0,1,24.548012864904592,0
PPO-QP-no-penalty,20260808,316,60,30432,0,0,0,0.0,-54.04744001920186,-54.04744001920186,1.9800542686946678e-11,1.9800542686946678e-11,101.29185822486458,30.0,5,95,112.16373299543956,125.0,1,-100.0,100.0,-54.04744001920186,-54.04744001920186,0.0,3.7999999999999996e-08,0,1,11.806609026873076,0
PPO-QP-no-penalty,20260808,317,60,30525,0,0,0,0.0,-100.0,-95.49992064722574,0.0,2.007051561984478e-11,88.51136863994178,30.0,79,92,31.068768846283888,125.0,4,-100.0,23.06132161587877,-727.9098929463947,-95.49992064722574,-4.500079352774264,3.7999999999999996e-08,0,1,24.9472097155041,0
PPO-QP-no-penalty,20260808,319,60,30719,0,0,0,0.0,-100.0,-38.30759011519909,0.0,0.0,110.12603222173522,30.0,156,94,92.15194734764022,125.0,2,-100.0,100.0,-249.11091421492213,-38.30759011519909,-61.69240988480091,3.7999999999999996e-08,0,1,26.824376381690342,0
PPO-QP-no-penalty,20260808,319,60,30720,0,0,0,0.0,-100.0,-100.0,0.0,0.0,112.36635969261222,30.0,156,95,101.25,125.0,1,-100.0,100.0,-100.0,-100.0,0.0,3.7999999999999996e-08,0,1,16.69240988480091,0
PPO-QP-no-penalty,20260808,320,61,30813,0,0,0,0.0,-100.0,-97.69506196441762,0.0,1.4802973661668754e-17,105.45166917558011,30.0,213,92,30.547422783450816,125.0,4,-100.0,21.080206577113103,-730.1050342635866,-97.69506196441762,-2.3049380355823814,3.7999999999999996e-08,0,1,68.81112764977064,0
PPO-QP-no-penalty,20260808,321,61,30909,0,0,0,0.0,-100.0,-100.0,0.0,1.98824734454206e-11,95.06128279232206,30.0,126,92,30.0,125.0,4,-100.0,19.0,-732.409972299169,-100.0,0.0,3.7999999999999996e-08,0,1,33.94736842105263,0
PPO-QP-no-penalty,20260808,322,61,31006,0,0,0,0.0,-100.0,-53.313684678737985,0.0,2.960594732333751e-17,86.93595407293417,30.0,88,93,64.83799988879973,125.0,3,-100.0,100.0,-474.92033287818407,-53.313684678737985,-46.686315321262015,3.7999999999999996e-08,0,1,42.13994796492549,0
PPO-QP-no-penalty,20260808,322,61,31007,0,0,0,0.0,-100.0,-100.0,0.0,2.960594732333751e-17,91.78340758432084,30.0,88,94,77.5,125.0,2,-100.0,100.0,-310.80332409972306,-100.0,0.0,3.7999999999999996e-08,0,1,1.6863153212620148,0
PPO-QP-no-penalty,20260808,324,61,31199,0,0,0,0.0,62.12527574794187,100.0,0.0,1.9921264637901003e-11,102.9653527708335,30.0,15,94,167.6645462494584,125.0,2,-100.0,100.0,62.12527574794187,252.37527574794188,-37.87472425205813,3.7999999999999996e-08,0,1,79.88293130332319,0
PPO-QP-no-penalty,20260808,325,62,31293,0,0,0,0.0,-100.0,-70.46841414895228,0.0,1.9945012308397737e-11,105.4474935426842,30.0,52,92,37.013751639623834,125.0,4,-100.0,45.652256230570565,-702.8783864481212,-70.46841414895228,-29.531585851047723,3.7999999999999996e-08,0,1,21.24041792712805,0
PPO-QP-no-penalty,20260808,326,62,31389,0,0,0,0.0,-100.0,-91.18088363291736,0.0,1.9847804881104972e-11,101.7500204535244,30.0,123,92,32.09454013718213,125.0,4,-100.0,26.95925252129209,-723.5908559320864,-91.18088363291736,-8.819116367082643,3.7999999999999996e-08,0,1,38.59831369823346,0
PPO-QP-no-penalty,20260808,327,62,31485,0,0,0,0.0,-100.0,-100.0,0.0,2.009374148551994e-11,83.01996185755443,30.0,27,92,30.0,125.0,4,-100.0,19.0,-732.409972299169,-100.0,0.0,3.7999999999999996e-08,0,1,35.05851529566485,0
PPO-QP-no-penalty,20260808,328,62,31581,0,0,0,0.0,-100.0,-100.0,0.0,0.0,110.34769251483871,30.0,219,92,30.0,125.0,4,-100.0,19.0,-732.409972299169,-100.0,0.0,3.7999999999999996e-08,0,1,33.94736842105263,0
PPO-QP-no-penalty,20260808,329,62,31677,0,0,0,0.0,-100.0,-100.0,0.0,0.0,100.07999755036212,30.0,172,92,30.0,125.0,4,-100.0,19.0,-732.409972299169,-100.0,0.0,3.7999999999999996e-08,0,1,60.86308336080391,0
PPO-QP-no-penalty,20260808,330,63,31772,0,0,0,0.0,-100.0,-21.05263157894737,0.0,0.0,109.36159018220391,30.0,198,91,25.0,125.0,5,-100.0,0.0,-842.1052631578948,-21.05263157894737,-78.94736842105263,3.7999999999999996e-08,0,1,6.564483691701138,0
PPO-QP-no-penalty,20260808,330,63,31773,0,0,0,0.0,-100.0,-100.0,0.0,0.0,103.60264311293285,30.0,198,92,30.0,125.0,4,-100.0,19.0,-732.409972299169,-100.0,0.0,3.7999999999999996e-08,0,1,33.94736842105263,0
PPO-QP-no-penalty,20260808,331,63,31869,0,0,0,0.0,-100.0,-100.0,0.0,0.0,109.76789593316256,30.0,195,92,30.0,125.0,4,-100.0,19.0,-732.409972299169,-100.0,0.0,3.7999999999999996e-08,0,1,39.826942359372474,0
PPO-QP-no-penalty,20260808,332,63,31968,0,0,0,0.0,99.99999996929783,99.99999996929783,0.0,0.0,94.93853989458648,30.0,223,95,151.3157894656047,125.0,1,-100.0,100.0,99.99999996929783,99.99999996929783,0.0,3.7999999999999996e-08,0,1,13.019513898489038,0
PPO-QP-no-penalty,20260808,333,63,32061,0,0,0,0.0,-100.0,-46.053140147497665,0.0,1.9832824271759365e-11,98.39027437785774,30.0,5,92,42.812379214969305,125.0,4,-100.0,67.68704101688336,-678.4631124466667,-46.053140147497665,-53.946859852502335,3.7999999999999996e-08,0,1,8.263418900405554,0
PPO-QP-no-penalty,20260808,333,63,32062,0,0,0,0.0,-100.0,-100.0,0.0,1.9832824271759365e-11,104.27772445232743,30.0,5,93,53.75,125.0,3,-100.0,100.0,-521.6066481994461,-100.0,0.0,3.7999999999999996e-08,0,1,8.946859852502342,0
PPO-QP-no-penalty,20260808,334,63,32157,0,0,0,0.0,-100.0,-74.01553672799182,0.0,2.018500551888754e-11,112.24190410144651,30.0,216,92,36.171310027101946,125.0,4,-100.0,42.45097810298739,-706.4255090271607,-74.01553672799182,-25.984463272008185,3.7999999999999996e-08,0,1,6.52264957952481,0
PPO-QP-no-penalty,20260808,335,63,32255,0,0,0,0.0,-100.0,-100.0,0.0,1.9986804803788042e-11,107.43990459255558,30.0,10,94,77.5,125.0,2,-100.0,100.0,-310.80332409972306,-100.0,0.0,3.7999999999999996e-08,0,1,20.757367023779437,0
PPO-QP-no-penalty,20260808,336,64,32349,0,0,0,0.0,-100.0,-100.0,0.0,0.0,89.4498133195773,30.0,82,92,30.0,125.0,4,-100.0,19.0,-732.409972299169,-100.0,0.0,3.7999999999999996e-08,0,1,59.25102635226015,0
PPO-QP-no-penalty,20260808,338,64,32541,0,0,0,0.0,-100.0,-100.0,0.0,0.0,102.40925487505093,30.0,131,92,30.0,125.0,4,-100.0,19.0,-732.409972299169,-100.0,0.0,3.7999999999999996e-08,0,1,33.94736842105263,0
PPO-QP-no-penalty,20260808,340,64,32733,0,0,0,0.0,-100.0,-56.70545456258556,0.0,0.0,105.94011237910321,30.0,184,92,40.28245454138593,125.0,4,-100.0,58.073327257266534,-689.1154268617546,-56.70545456258556,-43.29454543741444,3.7999999999999996e-08,0,1,9.249864832100215,0
PPO-QP-no-penalty,20260808,341,65,32829,0,0,0,0.0,-100.0,-84.90052966931052,0.0,2.0038326553617482e-11,106.49212326251488,30.0,33,92,33.58612420353875,125.0,4,-100.0,32.62727197344726,-717.3105019684795,-84.90052966931052,-15.099470330689485,3.7999999999999996e-08,0,1,35.85077157626349,0
PPO-QP-no-penalty,20260808,342,65,32925,0,0,0,0.0,-100.0,-100.0,0.0,2.011395864679836e-11,98.93643937105452,30.0,191,92,30.0,125.0,4,-100.0,19.0,-732.409972299169,-100.0,0.0,3.7999999999999996e-08,0,1,53.27571069496493,0
PPO-QP-no-penalty,20260808,343,65,33021,0,0,0,0.0,-100.0,-100.0,0.0,0.0,95.08737753583918,30.0,148,92,30.0,125.0,4,-100.0,19.0,-732.409972299169,-100.0,0.0,3.7999999999999996e-08,0,1,33.94736842105263,0
PPO-QP-no-penalty,20260808,344,65,33117,0,0,0,0.0,-100.0,-100.0,0.0,0.0,70.83217175061809,30.0,35,92,30.0,125.0,4,-100.0,19.0,-732.409972299169,-100.0,0.0,3.7999999999999996e-08,0,1,34.847556398816124,0
PPO-QP-no-penalty,20260808,345,65,33216,0,0,0,0.0,17.59090714367519,17.59090714367519,1.9965007425071234e-11,1.9965007425071234e-11,95.15001831313892,30.0,22,95,129.62918609044084,125.0,1,-100.0,100.0,17.59090714367519,17.59090714367519,0.0,3.7999999999999996e-08,0,1,10.4954100961045,0
PPO-QP-no-penalty,20260808,346,66,33309,0,0,0,0.0,-100.0,-100.0,0.0,1.993422094059838e-11,87.61049049163246,30.0,101,92,30.0,125.0,4,-100.0,19.0,-732.409972299169,-100.0,0.0,3.7999999999999996e-08,0,1,33.94736842105263,0
PPO-QP-no-penalty,20260808,347,66,33405,0,0,0,0.0,-100.0,-100.0,0.0,0.0,96.25561346436216,30.0,8,92,30.0,125.0,4,-100.0,19.0,-732.409972299169,-100.0,0.0,3.7999999999999996e-08,0,1,80.62120980169911,0
PPO-QP-no-penalty,20260808,349,66,33597,0,0,0,0.0,-100.0,-100.0,0.0,0.0,109.65240546778003,30.0,206,92,30.0,125.0,4,-100.0,19.0,-732.409972299169,-100.0,0.0,3.7999999999999996e-08,0,1,33.94736842105263,0
PPO-QP-no-penalty,20260808,350,66,33693,0,0,0,0.0,-100.0,-61.201111612696614,0.0,0.0,93.11517390836408,30.0,96,92,39.214735991984554,125.0,4,-100.0,54.0159967695413,-693.6110839118656,-61.201111612696614,-38.798888387303386,3.7999999999999996e-08,0,1,8.313816252694885,0
PPO-QP-no-penalty,20260808,351,66,33789,0,0,0,0.0,-100.0,-100.0,0.0,2.960594732333751e-17,110.00887532212714,30.0,215,92,30.0,125.0,4,-100.0,19.0,-732.409972299169,-100.0,0.0,3.7999999999999996e-08,0,1,33.94736842105263,0
PPO-QP-no-penalty,20260808,352,67,33888,0,0,0,0.0,-100.0,-100.0,0.0,0.0,94.93853989458648,30.0,223,95,101.25,125.0,1,-100.0,100.0,-100.0,-100.0,0.0,3.7999999999999996e-08,0,1,111.89641335712447,0
PPO-QP-no-penalty,20260808,353,67,33981,0,0,0,0.0,-100.0,-100.0,0.0,0.0,107.61759070352285,30.0,152,92,30.0,125.0,4,-100.0,19.0,-732.409972299169,-100.0,0.0,3.7999999999999996e-08,0,1,33.94736842105263,0
PPO-QP-no-penalty,20260808,354,67,34078,0,0,0,0.0,-100.0,-100.0,0.0,0.0,97.3402828871207,30.0,12,93,53.75,125.0,3,-100.0,100.0,-521.6066481994461,-100.0,0.0,3.7999999999999996e-08,0,1,73.65699475242144,0
PPO-QP-no-penalty,20260808,355,67,34172,0,0,0,0.0,-100.0,-16.18936077558957,0.0,0.0,80.80942874606198,30.0,14,91,26.155026815797477,125.0,5,-100.0,4.389101900030412,-837.241992354537,-16.18936077558957,-83.81063922441044,3.7999999999999996e-08,0,1,6.658198017129308,0
PPO-QP-no-penalty,20260808,355,67,34173,0,0,0,0.0,-100.0,-100.0,0.0,0.0,83.44779529038792,30.0,14,92,30.0,125.0,4,-100.0,19.0,-732.409972299169,-100.0,0.0,3.7999999999999996e-08,0,1,38.81063922441043,0
PPO-QP-no-penalty,20260808,356,67,34269,0,0,0,0.0,-100.0,-100.0,0.0,0.0,113.11894463632069,30.0,200,92,30.0,125.0,4,-100.0,19.0,-732.409972299169,-100.0,0.0,3.7999999999999996e-08,0,1,33.94736842105263,0
PPO-QP-no-penalty,20260808,357,68,34365,0,0,0,0.0,-100.0,-100.0,0.0,0.0,107.26565595594029,30.0,39,92,30.0,125.0,4,-100.0,19.0,-732.409972299169,-100.0,0.0,3.7999999999999996e-08,0,1,33.94736842105263,0
PPO-QP-no-penalty,20260808,358,68,34461,0,0,0,0.0,-100.0,-100.0,0.0,1.981070862910883e-11,98.10549359535615,30.0,151,92,30.0,125.0,4,-100.0,19.0,-732.409972299169,-100.0,0.0,3.7999999999999996e-08,0,1,33.94736842105263,0
PPO-QP-no-penalty,20260808,359,68,34558,0,0,0,0.0,-100.0,-99.9999999994789,0.0,0.0,104.78841750161591,30.0,219,93,53.75000000012376,125.0,3,-100.0,100.0,-521.606648198925,-99.9999999994789,-5.210978315517423e-10,3.7999999999999996e-08,0,1,5.340841480897652,0
PPO-QP-no-penalty,20260808,360,68,34653,0,0,0,0.0,-100.0,-100.0,0.0,0.0,103.76593309393455,30.0,130,92,30.0,125.0,4,-100.0,19.0,-732.409972299169,-100.0,0.0,3.7999999999999996e-08,0,1,33.94736842105263,0
PPO-QP-no-penalty,20260808,361,68,34749,0,0,0,0.0,-100.0,-100.0,0.0,0.0,110.25536271311508,30.0,196,92,30.0,125.0,4,-100.0,19.0,-732.409972299169,-100.0,0.0,3.7999999999999996e-08,0,1,33.94736842105263,0
PPO-QP-no-penalty,20260808,362,69,34847,0,0,0,0.0,-100.0,-77.48369431235257,0.0,2.960594732333751e-17,88.77776766395533,30.0,83,94,82.84762260081627,125.0,2,-100.0,100.0,-288.2870184120756,-77.48369431235257,-22.51630568764743,3.7999999999999996e-08,0,1,64.41422672506134,0
PPO-QP-no-penalty,20260808,363,69,34941,0,0,0,0.0,-100.0,-100.0,0.0,2.960594732333751e-17,98.93643937105452,30.0,191,92,30.0,125.0,4,-100.0,19.0,-732.409972299169,-100.0,0.0,3.7999999999999996e-08,0,1,33.94736842105263,0
PPO-QP-no-penalty,20260808,364,69,35037,0,0,0,0.0,-100.0,-100.0,0.0,1.9944109327004376e-11,104.64145612587045,30.0,171,92,30.0,125.0,4,-100.0,19.0,-732.409972299169,-100.0,0.0,3.7999999999999996e-08,0,1,33.94736842105263,0
PPO-QP-no-penalty,20260808,365,69,35133,0,0,0,0.0,-100.0,-100.0,0.0,2.0057851675877223e-11,100.9288157550295,30.0,155,92,30.0,125.0,4,-100.0,19.0,-732.409972299169,-100.0,0.0,3.7999999999999996e-08,0,1,35.7676593191583,0
PPO-QP-no-penalty,20260808,366,69,35229,0,0,0,0.0,-100.0,-100.0,0.0,0.0,99.52151171969736,30.0,51,92,30.0,125.0,4,-100.0,19.0,-732.409972299169,-100.0,0.0,3.7999999999999996e-08,0,1,33.94736842105263,0
PPO-QP-no-penalty,20260808,367,69,35326,0,0,0,0.0,-100.0,-76.94527930810266,0.0,0.0,103.48563850580446,30.0,202,93,59.22549616432562,125.0,3,-100.0,100.0,-498.5519275075487,-76.94527930810266,-23.054720691897344,3.7999999999999996e-08,0,1,1.4361664424914977,0
PPO-QP-no-penalty,20260808,368,70,35421,0,0,0,0.0,-100.0,-100.0,0.0,0.0,115.3687027071826,30.0,164,92,30.0,125.0,4,-100.0,19.0,-732.409972299169,-100.0,0.0,3.7999999999999996e-08,0,1,33.94736842105263,0
PPO-QP-no-penalty,20260808,369,70,35517,0,0,0,0.0,-100.0,-100.0,0.0,0.0,106.24062507747706,30.0,199,92,30.0,125.0,4,-100.0,19.0,-732.409972299169,-100.0,0.0,3.7999999999999996e-08,0,1,33.94736842105263,0
PPO-QP-no-penalty,20260808,370,70,35613,0,0,0,0.0,-100.0,-100.0,0.0,0.0,96.58075138170044,30.0,179,92,30.0,125.0,4,-100.0,19.0,-732.409972299169,-100.0,0.0,3.7999999999999996e-08,0,1,33.94736842105263,0
PPO-QP-no-penalty,20260808,371,70,35709,0,0,0,0.0,-100.0,-100.0,0.0,0.0,109.00845018424536,30.0,186,92,30.0,125.0,4,-100.0,19.0,-732.409972299169,-100.0,0.0,3.7999999999999996e-08,0,1,33.94736842105263,0
PPO-QP-no-penalty,20260808,372,70,35805,0,0,0,0.0,-100.0,-100.0,0.0,2.960594732333751e-17,100.69676510316452,30.0,2,92,30.0,125.0,4,-100.0,19.0,-732.409972299169,-100.0,0.0,3.7999999999999996e-08,0,1,33.94736842105263,0
PPO-QP-no-penalty,20260808,373,71,35902,0,0,0,0.0,-100.0,-100.0,0.0,0.0,96.15816401928808,30.0,9,93,53.75,125.0,3,-100.0,100.0,-521.6066481994461,-100.0,0.0,3.7999999999999996e-08,0,1,12.635906337714687,0
PPO-QP-no-penalty,20260808,374,71,35997,0,0,0,0.0,-100.0,-100.0,0.0,0.0,98.60021436873261,30.0,138,92,30.0,125.0,4,-100.0,19.0,-732.409972299169,-100.0,0.0,3.7999999999999996e-08,0,1,33.94736842105263,0
PPO-QP-no-penalty,20260808,375,71,36093,0,0,0,0.0,-100.0,-100.0,0.0,1.981582305650894e-11,90.96640864829209,30.0,87,92,30.0,125.0,4,-100.0,19.0,-732.409972299169,-100.0,0.0,3.7999999999999996e-08,0,1,41.17159468543674,0
PPO-QP-no-penalty,20260808,376,71,36190,0,0,0,0.0,-100.0,-100.0,0.0,2.960594732333751e-17,106.76756973310823,30.0,161,93,53.75,125.0,3,-100.0,100.0,-521.6066481994461,-100.0,0.0,3.7999999999999996e-08,0,1,25.748406151723827,0
PPO-QP-no-penalty,20260808,377,71,36286,0,0,0,0.0,-100.0,-90.11944962562598,0.0,2.025742536678384e-11,96.58502965680493,30.0,106,93,56.09663071391383,125.0,3,-100.0,100.0,-511.72609782507203,-90.11944962562598,-9.880550374374025,3.7999999999999996e-08,0,1,38.70354122459068,0
PPO-QP-no-penalty,20260808,378,72,36381,0,0,0,0.0,-100.0,-100.0,0.0,1.980781834850139e-11,100.24751861636082,30.0,107,92,30.0,125.0,4,-100.0,19.0,-732.409972299169,-100.0,0.0,3.7999999999999996e-08,0,1,33.94736842105263,0
PPO-QP-no-penalty,20260808,379,72,36477,0,0,0,0.0,-100.0,-100.0,0.0,0.0,95.64219345576147,30.0,149,92,30.0,125.0,4,-100.0,19.0,-732.409972299169,-100.0,0.0,3.7999999999999996e-08,0,1,33.94736842105263,0
PPO-QP-no-penalty,20260808,380,72,36573,0,0,0,0.0,-100.0,-100.0,0.0,5.921189464667501e-17,115.68383100969456,30.0,208,92,30.0,125.0,4,-100.0,19.0,-732.409972299169,-100.0,0.0,3.7999999999999996e-08,0,1,34.640940799738786,0
PPO-QP-no-penalty,20260808,381,72,36669,0,0,0,0.0,-100.0,-100.0,0.0,1.9735394799861675e-11,95.08737753583918,30.0,148,92,30.0,125.0,4,-100.0,19.0,-732.409972299169,-100.0,0.0,3.7999999999999996e-08,0,1,33.94736842105263,0
PPO-QP-no-penalty,20260808,382,72,36765,0,0,0,0.0,-100.0,-100.0,0.0,1.9934550306762352e-11,98.10549359535615,30.0,151,92,30.0,125.0,4,-100.0,19.0,-732.409972299169,-100.0,0.0,3.7999999999999996e-08,0,1,33.94736842105263,0
PPO-QP-no-penalty,20260808,383,72,36861,0,0,0,0.0,-100.0,-100.0,0.0,0.0,97.11329274490448,30.0,224,92,30.0,125.0,4,-100.0,19.0,-732.409972299169,-100.0,0.0,3.7999999999999996e-08,0,1,44.78828399763598,0
PPO-QP-no-penalty,20260808,384,73,36957,0,0,0,0.0,-100.0,-97.78103091356134,0.0,2.0064261363472723e-11,111.37033894980843,30.0,201,92,30.527005158029183,125.0,4,-100.0,21.002619600510897,-730.1910032127303,-97.78103091356134,-2.218969086438662,3.7999999999999996e-08,0,1,68.93145622934085,0
PPO-QP-no-penalty,20260808,385,73,37053,0,0,0,0.0,-100.0,-100.0,0.0,0.0,110.10922097309025,30.0,167,92,30.0,125.0,4,-100.0,19.0,-732.409972299169,-100.0,0.0,3.7999999999999996e-08,0,1,41.38427881971842,0
PPO-QP-no-penalty,20260808,386,73,37149,0,0,0,0.0,-100.0,-100.0,0.0,0.0,98.21813398146197,30.0,68,92,30.0,125.0,4,-100.0,19.0,-732.409972299169,-100.0,0.0,3.7999999999999996e-08,0,1,33.94736842105263,0
PPO-QP-no-penalty,20260808,387,73,37245,0,0,0,0.0,-100.0,-95.74213016815794,0.0,0.0,112.54618120928845,30.0,212,92,31.01124408506249,125.0,4,-100.0,22.84272752323746,-728.1521024673269,-95.74213016815794,-4.257869831842058,3.7999999999999996e-08,0,1,25.431628757368514,0
PPO-QP-no-penalty,20260808,388,73,37341,0,0,0,0.0,-100.0,-100.0,0.0,0.0,105.94011237910321,30.0,184,92,30.0,125.0,4,-100.0,19.0,-732.409972299169,-100.0,0.0,3.7999999999999996e-08,0,1,33.94736842105263,0
PPO-QP-no-penalty,20260808,389,74,37438,0,0,0,0.0,-100.0,-100.0,0.0,0.0,92.27251843008824,30.0,68,93,53.75,125.0,3,-100.0,100.0,-521.6066481994461,-100.0,0.0,3.7999999999999996e-08,0,1,32.073315593752426,0
PPO-QP-no-penalty,20260808,390,74,37533,0,0,0,0.0,-100.0,-100.0,0.0,0.0,84.83495531338835,30.0,21,92,30.0,125.0,4,-100.0,19.0,-732.409972299169,-100.0,0.0,3.7999999999999996e-08,0,1,33.94736842105263,0
PPO-QP-no-penalty,20260808,391,74,37629,0,0,0,0.0,-100.0,-81.72088864441513,0.0,0.0,101.3762952084312,30.0,30,92,34.34128894695141,125.0,4,-100.0,35.49689799841535,-714.1308609435841,-81.72088864441513,-18.279111355584874,3.7999999999999996e-08,0,1,15.133656106280085,0
PPO-QP-no-penalty,20260808,392,74,37725,0,0,0,0.0,-100.0,-100.0,0.0,0.0,106.24062507747706,30.0,199,92,30.0,125.0,4,-100.0,19.0,-732.409972299169,-100.0,0.0,3.7999999999999996e-08,0,1,37.93276839672034,0
PPO-QP-no-penalty,20260808,393,74,37821,0,0,0,0.0,-100.0,-100.0,0.0,1.9860676066703795e-11,113.92297184986944,30.0,217,92,30.0,125.0,4,-100.0,19.0,-732.409972299169,-100.0,0.0,3.7999999999999996e-08,0,1,33.94736842105263,0
PPO-QP-no-penalty,20260808,394,75,37920,0,0,0,0.0,65.22379262731563,65.22379262731563,0.0,0.0,79.30445681660771,30.0,35,95,142.16415595455675,125.0,1,-100.0,100.0,65.22379262731563,65.22379262731563,0.0,3.7999999999999996e-08,0,1,35.14711872858922,0
PPO-QP-no-penalty,20260808,395,75,38013,0,0,0,0.0,-100.0,-100.0,0.0,0.0,110.95905457206057,30.0,193,92,30.0,125.0,4,-100.0,19.0,-732.409972299169,-100.0,0.0,3.7999999999999996e-08,0,1,33.94736842105263,0
PPO-QP-no-penalty,20260808,396,75,38109,0,0,0,0.0,-100.0,-99.0412816903404,0.0,1.9953968107463046e-11,92.05160546747763,30.0,120,92,30.227695598544155,125.0,4,-100.0,19.86524327446779,-731.4512539895094,-99.0412816903404,-0.9587183096596021,3.7999999999999996e-08,0,1,32.029931801733426,0
PPO-QP-no-penalty,20260808,397,75,38205,0,0,0,0.0,-100.0,-100.0,0.0,0.0,103.92254966074705,30.0,229,92,30.0,125.0,4,-100.0,19.0,-732.409972299169,-100.0,0.0,3.7999999999999996e-08,0,1,33.94736842105263,0
PPO-QP-no-penalty,20260808,398,75,38301,0,0,0,0.0,-100.0,-94.56042598717455,0.0,2.960594732333751e-17,96.85699797452907,30.0,26,92,31.291898828046044,125.0,4,-100.0,23.909215546574966,-726.9703982863435,-94.56042598717455,-5.439574012825446,3.7999999999999996e-08,0,1,43.64930033952871,0
PPO-QP-no-penalty,20260808,399,75,38397,0,0,0,0.0,-100.0,-99.61135213488636,0.0,0.0,113.11894463632069,30.0,200,92,30.09230386796449,125.0,4,-100.0,19.350754698265057,-732.0213244340554,-99.61135213488636,-0.38864786511364,3.7999999999999996e-08,0,1,33.17007269082535,0
PPO-QP-no-penalty,20260808,400,76,38493,0,0,0,0.0,-100.0,-100.0,0.0,1.9870249889919477e-11,102.31891501836098,30.0,162,92,30.0,125.0,4,-100.0,19.0,-732.409972299169,-100.0,0.0,3.7999999999999996e-08,0,1,65.84040539253638,0
PPO-QP-no-penalty,20260808,403,76,38782,0,0,0,0.0,-100.0,-99.83226250226402,0.0,0.0,72.30693989180492,30.0,42,93,53.7898376557123,125.0,3,-100.0,100.0,-521.4389107017101,-99.83226250226402,-0.16773749773598468,3.7999999999999996e-08,0,1,14.650582548507444,0
PPO-QP-no-penalty,20260808,404,76,38877,0,0,0,0.0,-100.0,-100.0,0.0,0.0,98.60021436873261,30.0,138,92,30.0,125.0,4,-100.0,19.0,-732.409972299169,-100.0,0.0,3.7999999999999996e-08,0,1,44.9492640658009,0
PPO-QP-no-penalty,20260808,405,77,38973,0,0,0,0.0,-100.0,-71.5648072394767,0.0,1.9913859450326755e-11,100.24751861636082,30.0,107,92,36.75335828062428,125.0,4,-100.0,44.662761466372274,-703.9747795386457,-71.5648072394767,-28.435192760523293,3.7999999999999996e-08,0,1,7.281369103952144,0
PPO-QP-no-penalty,20260808,406,77,39069,0,0,0,0.0,-100.0,-100.0,0.0,1.9795121097843094e-11,105.33033672677433,30.0,183,92,30.0,125.0,4,-100.0,19.0,-732.409972299169,-100.0,0.0,3.7999999999999996e-08,0,1,33.94736842105263,0
PPO-QP-no-penalty,20260808,408,77,39263,0,0,0,0.0,-100.0,-97.2237224459036,0.0,0.0,99.87954826664613,30.0,37,94,78.1593659190979,125.0,2,-100.0,100.0,-308.02704654562666,-97.2237224459036,-2.7762775540963958,3.7999999999999996e-08,0,1,9.252894366069583,0
PPO-QP-no-penalty,20260808,409,77,39357,0,0,0,0.0,-100.0,-86.07133721141682,0.0,0.0,101.5466799515969,30.0,16,92,33.308057412288505,125.0,4,-100.0,31.57061816669632,-718.4813095105859,-86.07133721141682,-13.928662788583182,3.7999999999999996e-08,0,1,6.090042843886266,0
PPO-QP-no-penalty,20260808,410,78,39453,0,0,0,0.0,-100.0,-100.0,0.0,2.0013635193549816e-11,105.94011237910321,30.0,184,92,30.0,125.0,4,-100.0,19.0,-732.409972299169,-100.0,0.0,3.7999999999999996e-08,0,1,33.94736842105263,0
PPO-QP-no-penalty,20260808,411,78,39550,0,0,0,0.0,-100.0,-98.54003014536387,0.0,2.590520390792032e-17,102.78830074449465,30.0,24,93,54.09674284047608,125.0,3,-100.0,100.0,-520.14667834481,-98.54003014536387,-1.4599698546361282,3.7999999999999996e-08,0,1,18.004673618184555,0
PPO-QP-no-penalty,20260808,412,78,39645,0,0,0,0.0,-100.0,-100.0,0.0,1.4802973661668754e-17,113.6679028833153,30.0,168,92,30.0,125.0,4,-100.0,19.0,-732.409972299169,-100.0,0.0,3.7999999999999996e-08,0,1,33.94736842105263,0
PPO-QP-no-penalty,20260808,413,78,39741,0,0,0,0.0,-100.0,-100.0,0.0,0.0,115.68383100969456,30.0,208,92,30.0,125.0,4,-100.0,19.0,-732.409972299169,-100.0,0.0,3.7999999999999996e-08,0,1,33.94736842105263,0
PPO-QP-no-penalty,20260808,414,78,39837,0,0,0,0.0,-100.0,-81.29400843846587,0.0,0.0,115.68383100969456,30.0,208,92,34.442672995864356,125.0,4,-100.0,35.882157384284554,-713.7039807376349,-81.29400843846587,-18.705991561534134,3.7999999999999996e-08,0,1,24.17764415367678,0
PPO-QP-no-penalty,20260808,415,78,39933,0,0,0,0.0,-100.0,-100.0,0.0,0.0,100.48692081466652,30.0,32,92,30.0,125.0,4,-100.0,19.0,-732.409972299169,-100.0,0.0,3.7999999999999996e-08,0,1,43.399090685823865,0
PPO-QP-no-penalty,20260808,416,79,40029,0,0,0,0.0,-100.0,-92.4071110879576,0.0,0.0,102.75890329454388,30.0,187,92,31.80331111661007,125.0,4,-100.0,25.85258224311827,-724.8170833871266,-92.4071110879576,-7.5928889120423975,3.7999999999999996e-08,0,1,18.76159059696782,0
PPO-QP-no-penalty,20260808,417,79,40125,0,0,0,0.0,-100.0,-100.0,0.0,1.4802973661668754e-17,106.13850935359314,30.0,234,92,30.0,125.0,4,-100.0,19.0,-732.409972299169,-100.0,0.0,3.7999999999999996e-08,0,1,33.94736842105263,0
PPO-QP-no-penalty,20260808,418,79,40221,0,0,0,0.0,-100.0,-100.0,0.0,0.0,112.24190410144651,30.0,216,92,30.0,125.0,4,-100.0,19.0,-732.409972299169,-100.0,0.0,3.7999999999999996e-08,0,1,33.94736842105263,0
PPO-QP-no-penalty,20260808,419,79,40317,0,0,0,0.0,-100.0,-93.96466200886884,0.0,2.0028508481336378e-11,98.60021436873261,30.0,138,92,31.43339277289365,125.0,4,-100.0,24.446892536995872,-726.3746343080378,-93.96466200886884,-6.035337991131158,3.7999999999999996e-08,0,1,27.84888103995557,0
PPO-QP-no-penalty,20260808,420,79,40413,0,0,0,0.0,-100.0,-100.0,0.0,1.9788174802452355e-11,100.54978970845178,30.0,29,92,30.0,125.0,4,-100.0,19.0,-732.409972299169,-100.0,0.0,3.7999999999999996e-08,0,1,58.82180893209497,0
PPO-QP-no-penalty,20260808,421,80,40509,0,0,0,0.0,-100.0,-100.0,0.0,1.984086228645765e-11,94.29020215225974,30.0,81,92,30.0,125.0,4,-100.0,19.0,-732.409972299169,-100.0,0.0,3.7999999999999996e-08,0,1,33.94736842105263,0
PPO-QP-no-penalty,20260808,422,80,40605,0,0,0,0.0,-100.0,-100.0,0.0,1.993797349442161e-11,92.01794582118721,30.0,127,92,30.0,125.0,4,-100.0,19.0,-732.409972299169,-100.0,0.0,3.7999999999999996e-08,0,1,33.94736842105263,0
PPO-QP-no-penalty,20260808,423,80,40702,0,0,0,0.0,-100.0,-100.0,0.0,2.2204460492503132e-17,105.5249324981936,30.0,38,93,53.75,125.0,3,-100.0,100.0,-521.6066481994461,-100.0,0.0,3.7999999999999996e-08,0,1,37.17205860168785,0
PPO-QP-no-penalty,20260808,424,80,40797,0,0,0,0.0,-100.0,-100.0,0.0,0.0,91.03882991970426,30.0,95,92,30.0,125.0,4,-100.0,19.0,-732.409972299169,-100.0,0.0,3.7999999999999996e-08,0,1,55.53406739941249,0
PPO-QP-no-penalty,20260808,425,80,40893,0,0,0,0.0,-100.0,-100.0,0.0,1.4802973661668754e-17,91.03882991970426,30.0,95,92,30.0,125.0,4,-100.0,19.0,-732.409972299169,-100.0,0.0,3.7999999999999996e-08,0,1,33.94736842105263,0
PPO-QP-no-penalty,20260808,426,81,40989,0,0,0,0.0,-100.0,-100.0,0.0,1.996720196591658e-11,110.34769251483871,30.0,219,92,30.0,125.0,4,-100.0,19.0,-732.409972299169,-100.0,0.0,3.7999999999999996e-08,0,1,43.57581369545064,0
PPO-QP-no-penalty,20260808,427,81,41085,0,0,0,0.0,-100.0,-100.0,0.0,1.9909992173457643e-11,95.09537857069627,30.0,117,92,30.0,125.0,4,-100.0,19.0,-732.409972299169,-100.0,0.0,3.7999999999999996e-08,0,1,33.94736842105263,0
PPO-QP-no-penalty,20260808,428,81,41181,0,0,0,0.0,-100.0,-100.0,0.0,0.0,113.11894463632069,30.0,200,92,30.0,125.0,4,-100.0,19.0,-732.409972299169,-100.0,0.0,3.7999999999999996e-08,0,1,33.94736842105263,0
PPO-QP-no-penalty,20260808,429,81,41277,0,0,0,0.0,-100.0,-84.60786132741873,0.0,2.0070382393081823e-11,104.96059298132022,30.0,58,92,33.65563293473805,125.0,4,-100.0,32.891405152004594,-717.0178336265877,-84.60786132741873,-15.392138672581268,3.7999999999999996e-08,0,1,70.12138913955897,0
PPO-QP-no-penalty,20260808,430,81,41373,0,0,0,0.0,-100.0,-45.55085361232267,0.0,0.0,82.89185109276251,30.0,91,92,42.93167226707337,125.0,4,-100.0,68.14035461487879,-677.9608259114916,-45.55085361232267,-54.44914638767733,3.7999999999999996e-08,0,1,20.420087952198042,0
PPO-QP-no-penalty,20260808,430,81,41374,0,0,0,0.0,-100.0,-100.0,0.0,0.0,84.55666996302658,30.0,91,93,53.75,125.0,3,-100.0,100.0,-521.6066481994461,-100.0,0.0,3.7999999999999996e-08,0,1,9.449146387677331,0
PPO-QP-no-penalty,20260808,431,81,41469,0,0,0,0.0,-100.0,-100.0,0.0,0.0,103.60264311293285,30.0,198,92,30.0,125.0,4,-100.0,19.0,-732.409972299169,-100.0,0.0,3.7999999999999996e-08,0,1,33.94736842105263,0
PPO-QP-no-penalty,20260808,432,82,41565,0,0,0,0.0,-100.0,-91.42648189093008,0.0,2.0029918464577653e-11,105.96302933422132,30.0,211,92,32.03621055090411,125.0,4,-100.0,26.73760009343561,-723.8364541900991,-91.42648189093008,-8.573518109069923,3.7999999999999996e-08,0,1,53.12799380675244,0
PPO-QP-no-penalty,20260808,433,82,41661,0,0,0,0.0,-100.0,-74.35512522439643,0.0,1.9924524992849985e-11,83.01996185755443,30.0,27,92,36.09065775920585,125.0,4,-100.0,42.14449948498222,-706.7650975235655,-74.35512522439643,-25.64487477560357,3.7999999999999996e-08,0,1,63.99682347966448,0
PPO-QP-no-penalty,20260808,434,82,41757,0,0,0,0.0,-100.0,-100.0,0.0,2.960594732333751e-17,112.24190410144651,30.0,216,92,30.0,125.0,4,-100.0,19.0,-732.409972299169,-100.0,0.0,3.7999999999999996e-08,0,1,48.929328509119586,0
PPO-QP-no-penalty,20260808,435,82,41853,0,0,0,0.0,-100.0,-100.0,0.0,1.4802973661668754e-17,108.3505698228186,30.0,161,92,30.0,125.0,4,-100.0,19.0,-732.409972299169,-100.0,0.0,3.7999999999999996e-08,0,1,38.68187481800075,0
PPO-QP-no-penalty,20260808,436,82,41949,0,0,0,0.0,-100.0,-100.0,0.0,1.9844659249201867e-11,108.13271811924119,30.0,232,92,30.0,125.0,4,-100.0,19.0,-732.409972299169,-100.0,0.0,3.7999999999999996e-08,0,1,34.990023846261664,0
PPO-QP-no-penalty,20260808,437,83,42045,0,0,0,0.0,-100.0,-100.0,0.0,0.0,98.93233912322364,30.0,128,92,30.0,125.0,4,-100.0,19.0,-732.409972299169,-100.0,0.0,3.7999999999999996e-08,0,1,49.33135869955303,0
PPO-QP-no-penalty,20260808,438,83,42141,0,0,0,0.0,-100.0,-100.0,0.0,2.0248132800067728e-11,97.6381556687681,30.0,57,92,30.0,125.0,4,-100.0,19.0,-732.409972299169,-100.0,0.0,3.7999999999999996e-08,0,1,34.44224866549693,0
PPO-QP-no-penalty,20260808,439,83,42237,0,0,0,0.0,-100.0,-100.0,0.0,1.991419991872097e-11,92.25043085354079,30.0,85,92,30.0,125.0,4,-100.0,19.0,-732.409972299169,-100.0,0.0,3.7999999999999996e-08,0,1,33.94736842105263,0
PPO-QP-no-penalty,20260808,440,83,42333,0,0,0,0.0,-100.0,-100.0,0.0,0.0,110.10922097309025,30.0,167,92,30.0,125.0,4,-100.0,19.0,-732.409972299169,-100.0,0.0,3.7999999999999996e-08,0,1,33.94736842105263,0
PPO-QP-no-penalty,20260808,441,83,42429,0,0,0,0.0,-100.0,-100.0,0.0,0.0,100.83889927295647,30.0,31,92,30.0,125.0,4,-100.0,19.0,-732.409972299169,-100.0,0.0,3.7999999999999996e-08,0,1,37.42092007353939,0
PPO-QP-no-penalty,20260808,442,84,42525,0,0,0,0.0,-100.0,-100.0,0.0,1.9972131356145914e-11,100.54978970845178,30.0,29,92,30.0,125.0,4,-100.0,19.0,-732.409972299169,-100.0,0.0,3.7999999999999996e-08,0,1,45.34434969830489,0
PPO-QP-no-penalty,20260808,443,84,42621,0,0,0,0.0,-100.0,-100.0,0.0,0.0,98.10037487022021,30.0,132,92,30.0,125.0,4,-100.0,19.0,-732.409972299169,-100.0,0.0,3.7999999999999996e-08,0,1,33.94736842105263,0
PPO-QP-no-penalty,20260808,444,84,42717,0,0,0,0.0,-100.0,-100.0,0.0,2.2204460492503132e-17,115.3687027071826,30.0,164,92,30.0,125.0,4,-100.0,19.0,-732.409972299169,-100.0,0.0,3.7999999999999996e-08,0,1,33.94736842105263,0
PPO-QP-no-penalty,20260808,445,84,42813,0,0,0,0.0,-100.0,-100.0,0.0,1.850371707708594e-17,105.46834623074572,30.0,204,92,30.0,125.0,4,-100.0,19.0,-732.409972299169,-100.0,0.0,3.7999999999999996e-08,0,1,35.30559065073999,0
PPO-QP-no-penalty,20260808,446,84,42910,0,0,0,0.0,-100.0,-100.0,0.0,0.0,96.16547017966472,30.0,44,93,53.75,125.0,3,-100.0,100.0,-521.6066481994461,-100.0,0.0,3.7999999999999996e-08,0,1,36.238260317202034,0
PPO-QP-no-penalty,20260808,447,84,43005,0,0,0,0.0,-100.0,-100.0,0.0,1.9780092378833085e-11,106.49212326251488,30.0,33,92,30.0,125.0,4,-100.0,19.0,-732.409972299169,-100.0,0.0,3.7999999999999996e-08,0,1,33.94736842105263,0
PPO-QP-no-penalty,20260808,448,85,43101,0,0,0,0.0,-100.0,-100.0,0.0,0.0,89.04411420168975,30.0,119,92,30.0,125.0,4,-100.0,19.0,-732.409972299169,-100.0,0.0,3.7999999999999996e-08,0,1,33.94736842105263,0
PPO-QP-no-penalty,20260808,449,85,43197,0,0,0,0.0,-100.0,-100.0,0.0,0.0,99.02691431499208,30.0,144,92,30.0,125.0,4,-100.0,19.0,-732.409972299169,-100.0,0.0,3.7999999999999996e-08,0,1,33.94736842105263,0
PPO-QP-no-penalty,20260808,450,85,43293,0,0,0,0.0,-100.0,-100.0,0.0,1.989603296929469e-11,98.10549359535615,30.0,151,92,30.0,125.0,4,-100.0,19.0,-732.409972299169,-100.0,0.0,3.7999999999999996e-08,0,1,33.94736842105263,0
PPO-QP-no-penalty,20260808,451,85,43389,0,0,0,0.0,-100.0,-99.99393710277438,0.0,1.9936341466575414e-11,88.64779970570982,30.0,89,92,30.001439938091085,125.0,4,-100.0,19.005471764746122,-732.4039094019433,-99.99393710277438,-0.006062897225618258,3.7999999999999996e-08,0,1,54.2034362486099,0
PPO-QP-no-penalty,20260808,452,85,43485,0,0,0,0.0,-100.0,-100.0,0.0,0.0,104.64145612587045,30.0,171,92,30.0,125.0,4,-100.0,19.0,-732.409972299169,-100.0,0.0,3.7999999999999996e-08,0,1,33.94736842105263,0
PPO-QP-no-penalty,20260808,454,86,43677,0,0,0,0.0,-100.0,-100.0,0.0,0.0,112.82024492984584,30.0,205,92,30.0,125.0,4,-100.0,19.0,-732.409972299169,-100.0,0.0,3.7999999999999996e-08,0,1,33.94736842105263,0
PPO-QP-no-penalty,20260808,455,86,43773,0,0,0,0.0,-100.0,-100.0,0.0,1.9984573255508545e-11,100.58254270570778,30.0,153,92,30.0,125.0,4,-100.0,19.0,-732.409972299169,-100.0,0.0,3.7999999999999996e-08,0,1,33.94736842105263,0
PPO-QP-no-penalty,20260808,456,86,43869,0,0,0,0.0,-100.0,-100.0,0.0,1.99522768677222e-11,99.96667633583264,30.0,97,92,30.0,125.0,4,-100.0,19.0,-732.409972299169,-100.0,0.0,3.7999999999999996e-08,0,1,46.995761421414265,0
PPO-QP-no-penalty,20260808,457,86,43965,0,0,0,0.0,-100.0,-100.0,0.0,2.000868359885999e-11,92.94233251117724,30.0,1,92,30.0,125.0,4,-100.0,19.0,-732.409972299169,-100.0,0.0,3.7999999999999996e-08,0,1,41.54187641632099,0
PPO-QP-no-penalty,20260808,458,87,44061,0,0,0,0.0,-100.0,-100.0,0.0,0.0,99.79980532597651,30.0,129,92,30.0,125.0,4,-100.0,19.0,-732.409972299169,-100.0,0.0,3.7999999999999996e-08,0,1,33.94736842105263,0
PPO-QP-no-penalty,20260808,459,87,44157,0,0,0,0.0,-100.0,-100.0,0.0,0.0,87.01349732194478,30.0,60,92,30.0,125.0,4,-100.0,19.0,-732.409972299169,-100.0,0.0,3.7999999999999996e-08,0,1,33.94736842105263,0
PPO-QP-no-penalty,20260808,460,87,44253,0,0,0,0.0,-100.0,-86.18120527019246,0.0,0.0,111.81848596317624,30.0,207,92,33.28196374832929,125.0,4,-100.0,31.4714622436513,-718.5911775693615,-86.18120527019246,-13.818794729807536,3.7999999999999996e-08,0,1,27.364760145739154,0
PPO-QP-no-penalty,20260808,461,87,44349,0,0,0,0.0,-100.0,-77.6430019082276,0.0,1.977336072656044e-11,70.83217175061809,30.0,35,92,35.30978704679595,125.0,4,-100.0,39.1771907778246,-710.0529742073966,-77.6430019082276,-22.356998091772397,3.7999999999999996e-08,0,1,14.274743157159392,0
PPO-QP-no-penalty,20260808,462,87,44445,0,0,0,0.0,-100.0,-100.0,0.0,1.998297083360967e-11,94.14081101762508,30.0,115,92,30.0,125.0,4,-100.0,19.0,-732.409972299169,-100.0,0.0,3.7999999999999996e-08,0,1,33.94736842105263,0
PPO-QP-no-penalty,20260808,463,87,44541,0,0,0,0.0,-100.0,-100.0,0.0,0.0,87.01349732194478,30.0,60,92,30.0,125.0,4,-100.0,19.0,-732.409972299169,-100.0,0.0,3.7999999999999996e-08,0,1,33.94736842105263,0
PPO-QP-no-penalty,20260808,464,88,44637,0,0,0,0.0,-100.0,-100.0,0.0,0.0,91.03882991970426,30.0,95,92,30.0,125.0,4,-100.0,19.0,-732.409972299169,-100.0,0.0,3.7999999999999996e-08,0,1,33.94736842105263,0
PPO-QP-no-penalty,20260808,465,88,44734,0,0,0,0.0,-100.0,-100.0,0.0,0.0,104.3829632891561,30.0,30,93,53.75,125.0,3,-100.0,100.0,-521.6066481994461,-100.0,0.0,3.7999999999999996e-08,0,1,23.739433155974012,0
PPO-QP-no-penalty,20260808,466,88,44830,0,0,0,0.0,-100.0,-100.0,0.0,2.0166479597349962e-11,98.06414277637063,30.0,115,93,53.75,125.0,3,-100.0,100.0,-521.6066481994461,-100.0,0.0,3.7999999999999996e-08,0,1,0.9709176149084158,0
PPO-QP-no-penalty,20260808,467,88,44925,0,0,0,0.0,-100.0,-100.0,0.0,0.0,109.76789593316256,30.0,195,92,30.0,125.0,4,-100.0,19.0,-732.409972299169,-100.0,0.0,3.7999999999999996e-08,0,1,33.94736842105263,0
PPO-QP-no-penalty,20260808,468,88,45021,0,0,0,0.0,-100.0,-85.60323082977244,0.0,1.9787534573841488e-11,99.17660338336258,30.0,113,92,33.419232677929045,125.0,4,-100.0,31.99308417613037,-718.0132031289414,-85.60323082977244,-14.396769170227557,3.7999999999999996e-08,0,1,5.1538300805975155,0
PPO-QP-no-penalty,20260808,469,89,45117,0,0,0,0.0,-100.0,-100.0,0.0,2.0098008442677913e-11,100.07914421571272,30.0,180,92,30.0,125.0,4,-100.0,19.0,-732.409972299169,-100.0,0.0,3.7999999999999996e-08,0,1,33.94736842105263,0
PPO-QP-no-penalty,20260808,470,89,45213,0,0,0,0.0,-100.0,-91.44965881351676,0.0,1.975745493136098e-11,93.40953184232814,30.0,135,92,32.03070603178977,125.0,4,-100.0,26.716682920801123,-723.8596311126857,-91.44965881351676,-8.550341186483237,3.7999999999999996e-08,0,1,36.93426754085659,0
PPO-QP-no-penalty,20260808,471,89,45309,0,0,0,0.0,-100.0,-100.0,0.0,0.0,103.60264311293285,30.0,198,92,30.0,125.0,4,-100.0,19.0,-732.409972299169,-100.0,0.0,3.7999999999999996e-08,0,1,33.94736842105263,0
PPO-QP-no-penalty,20260808,472,89,45406,0,0,0,0.0,-100.0,-99.22805424061372,0.0,0.0,93.55495663581783,30.0,108,93,53.933337117854244,125.0,3,-100.0,100.0,-520.8347024400598,-99.22805424061372,-0.7719457593862842,3.7999999999999996e-08,0,1,1.095080445600729,0
PPO-QP-no-penalty,20260808,473,89,45501,0,0,0,0.0,-100.0,-100.0,0.0,1.9600972696783477e-11,98.10037487022021,30.0,132,92,30.0,125.0,4,-100.0,19.0,-732.409972299169,-100.0,0.0,3.7999999999999996e-08,0,1,45.08592517703842,0
PPO-QP-no-penalty,20260808,474,90,45597,0,0,0,0.0,-100.0,-53.99138767566611,0.0,0.0,102.98408042338848,30.0,178,92,40.9270454270293,125.0,4,-100.0,60.52277262271133,-686.4013599748351,-53.99138767566611,-46.00861232433389,3.7999999999999996e-08,0,1,0.41135903865504275,0
PPO-QP-no-penalty,20260808,474,90,45598,0,0,0,0.0,-100.0,-100.0,0.0,0.0,102.04337710097198,30.0,178,93,53.75,125.0,3,-100.0,100.0,-521.6066481994461,-100.0,0.0,3.7999999999999996e-08,0,1,1.0086123243338818,0
PPO-QP-no-penalty,20260808,476,90,45789,0,0,0,0.0,-100.0,-100.0,0.0,1.996682078934479e-11,92.88476102773205,30.0,105,92,30.0,125.0,4,-100.0,19.0,-732.409972299169,-100.0,0.0,3.7999999999999996e-08,0,1,33.94736842105263,0
PPO-QP-no-penalty,20260808,477,90,45885,0,0,0,0.0,-100.0,-100.0,0.0,1.98804565402592e-11,108.13271811924119,30.0,232,92,30.0,125.0,4,-100.0,19.0,-732.409972299169,-100.0,0.0,3.7999999999999996e-08,0,1,33.94736842105263,0
PPO-QP-no-penalty,20260808,478,90,45981,0,0,0,0.0,-100.0,-100.0,0.0,0.0,112.50095741162527,30.0,230,92,30.0,125.0,4,-100.0,19.0,-732.409972299169,-100.0,0.0,3.7999999999999996e-08,0,1,33.94736842105263,0
PPO-QP-no-penalty,20260808,479,90,46077,0,0,0,0.0,-100.0,-96.44816954910202,0.0,1.4802973661668754e-17,103.71614153679448,30.0,125,92,30.84355973208827,125.0,4,-100.0,22.205526981935424,-728.8581418482711,-96.44816954910202,-3.551830450897981,3.7999999999999996e-08,0,1,61.12331962430022,0
