controller,seed,episode,update,transition,endpoint_minimum_violation_kw,endpoint_infeasible,feasible_state_violation,extra_excess_energy_kwh_step,power_lower_kw,power_upper_kw,ev_lower_fraction,ev_upper_fraction,base_load_minus_pv_kw,lighting_kw,day,step,soc_kwh,target_kwh,remaining_steps,physical_lower_kw,physical_upper_kw,terminal_lower_kw,terminal_upper_kw,terminal_physical_gap_kw,tolerance_kw,terminal_roundoff_repair,terminal_ramp_relaxation,terminal_ramp_gap_kw,terminal_target_conflict_step
PPO-QP,20260809,0,1,93,0,0,0,0.0,-100.0,-100.0,0.0,1.9948879585266846e-11,111.07898321111968,30.0,203,92,30.0,125.0,4,-100.0,19.0,-732.409972299169,-100.0,0.0,3.7999999999999996e-08,0,1,33.94736842105263,0
PPO-QP,20260809,1,1,189,0,0,0,0.0,-100.0,-100.0,0.0,1.990608788915438e-11,103.63968225208008,30.0,38,92,30.0,125.0,4,-100.0,19.0,-732.409972299169,-100.0,0.0,3.7999999999999996e-08,0,1,33.94736842105263,0
PPO-QP,20260809,2,1,285,0,0,0,0.0,-100.0,-100.0,0.0,1.988056016107483e-11,77.39593317848316,30.0,42,92,30.0,125.0,4,-100.0,19.0,-732.409972299169,-100.0,0.0,3.7999999999999996e-08,0,1,33.94736842105263,0
PPO-QP,20260809,3,1,381,0,0,0,0.0,-100.0,-100.0,0.0,1.998735621455694e-11,90.43588685788883,30.0,93,92,30.0,125.0,4,-100.0,19.0,-732.409972299169,-100.0,0.0,3.7999999999999996e-08,0,1,33.94736842105263,0
PPO-QP,20260809,4,1,477,0,0,0,0.0,-100.0,-100.0,0.0,1.9890278313283717e-11,100.49931148378674,30.0,174,92,30.0,125.0,4,-100.0,19.0,-732.409972299169,-100.0,0.0,3.7999999999999996e-08,0,1,33.94736842105263,0
PPO-QP,20260809,5,2,573,0,0,0,0.0,-100.0,-100.0,0.0,1.996665055514768e-11,111.37033894980843,30.0,201,92,30.0,125.0,4,-100.0,19.0,-732.409972299169,-100.0,0.0,3.7999999999999996e-08,0,1,33.94736842105263,0
PPO-QP,20260809,6,2,669,0,0,0,0.0,-100.0,-100.0,0.0,1.9792686008675748e-11,103.52373239298403,30.0,11,92,30.0,125.0,4,-100.0,19.0,-732.409972299169,-100.0,0.0,3.7999999999999996e-08,0,1,33.94736842105263,0
PPO-QP,20260809,7,2,765,0,0,0,0.0,-100.0,-100.0,0.0,1.9924680424073435e-11,99.69693547047898,30.0,137,92,30.0,125.0,4,-100.0,19.0,-732.409972299169,-100.0,0.0,3.7999999999999996e-08,0,1,33.94736842105263,0
PPO-QP,20260809,8,2,861,0,0,0,0.0,-100.0,-100.0,0.0,1.9932933081889814e-11,92.88476102773205,30.0,105,92,30.0,125.0,4,-100.0,19.0,-732.409972299169,-100.0,0.0,3.7999999999999996e-08,0,1,33.94736842105263,0
PPO-QP,20260809,9,2,957,0,0,0,0.0,-100.0,-100.0,0.0,1.9960947709544523e-11,93.19234625977204,30.0,43,92,30.0,125.0,4,-100.0,19.0,-732.409972299169,-100.0,0.0,3.7999999999999996e-08,0,1,33.94736842105263,0
PPO-QP,20260809,10,3,1053,0,0,0,0.0,-100.0,-100.0,0.0,1.9702188029195136e-11,100.83889927295647,30.0,31,92,30.0,125.0,4,-100.0,19.0,-732.409972299169,-100.0,0.0,3.7999999999999996e-08,0,1,33.94736842105263,0
PPO-QP,20260809,11,3,1149,0,0,0,0.0,-100.0,-100.0,0.0,0.0,76.26011533638224,30.0,28,92,30.0,125.0,4,-100.0,19.0,-732.409972299169,-100.0,0.0,3.7999999999999996e-08,0,1,33.94736842105263,0
PPO-QP,20260809,12,3,1245,0,0,0,0.0,-100.0,-100.0,0.0,2.007604823125083e-11,112.24190410144651,30.0,216,92,30.0,125.0,4,-100.0,19.0,-732.409972299169,-100.0,0.0,3.7999999999999996e-08,0,1,33.94736842105263,0
PPO-QP,20260809,13,3,1341,0,0,0,0.0,-100.0,-100.0,0.0,1.9872647971652668e-11,117.29831760304205,30.0,210,92,30.0,125.0,4,-100.0,19.0,-732.409972299169,-100.0,0.0,3.7999999999999996e-08,0,1,33.94736842105263,0
PPO-QP,20260809,14,3,1437,0,0,0,0.0,-100.0,-100.0,0.0,2.007620736321769e-11,93.11517390836408,30.0,96,92,30.0,125.0,4,-100.0,19.0,-732.409972299169,-100.0,0.0,3.7999999999999996e-08,0,1,33.94736842105263,0
PPO-QP,20260809,15,3,1533,0,0,0,0.0,-100.0,-100.0,0.0,1.9863784691172746e-11,91.86532092092294,30.0,121,92,30.0,125.0,4,-100.0,19.0,-732.409972299169,-100.0,0.0,3.7999999999999996e-08,0,1,33.94736842105263,0
PPO-QP,20260809,16,4,1629,0,0,0,0.0,-100.0,-100.0,0.0,1.9917426966979217e-11,101.5466799515969,30.0,16,92,30.0,125.0,4,-100.0,19.0,-732.409972299169,-100.0,0.0,3.7999999999999996e-08,0,1,33.94736842105263,0
PPO-QP,20260809,17,4,1725,0,0,0,0.0,-100.0,-100.0,0.0,1.986486160750663e-11,95.08737753583918,30.0,148,92,30.0,125.0,4,-100.0,19.0,-732.409972299169,-100.0,0.0,3.7999999999999996e-08,0,1,33.94736842105263,0
PPO-QP,20260809,18,4,1821,0,0,0,0.0,-100.0,-100.0,0.0,1.8339955480210316e-11,95.64219345576147,30.0,149,92,30.0,125.0,4,-100.0,19.0,-732.409972299169,-100.0,0.0,3.7999999999999996e-08,0,1,33.94736842105263,0
PPO-QP,20260809,19,4,1917,0,0,0,0.0,-100.0,-100.0,0.0,2.0048877373094835e-11,95.06128279232206,30.0,126,92,30.0,125.0,4,-100.0,19.0,-732.409972299169,-100.0,0.0,3.7999999999999996e-08,0,1,33.94736842105263,0
PPO-QP,20260809,20,4,2013,0,0,0,0.0,-100.0,-100.0,0.0,1.9793511274457388e-11,100.53597211255874,30.0,10,92,30.0,125.0,4,-100.0,19.0,-732.409972299169,-100.0,0.0,3.7999999999999996e-08,0,1,33.94736842105263,0
PPO-QP,20260809,21,5,2109,0,0,0,0.0,-100.0,-100.0,0.0,2.006262563488311e-11,101.3762952084312,30.0,30,92,30.0,125.0,4,-100.0,19.0,-732.409972299169,-100.0,0.0,3.7999999999999996e-08,0,1,33.94736842105263,0
PPO-QP,20260809,22,5,2205,0,0,0,0.0,-100.0,-100.0,0.0,1.991020311583232e-11,103.71614153679448,30.0,125,92,30.0,125.0,4,-100.0,19.0,-732.409972299169,-100.0,0.0,3.7999999999999996e-08,0,1,33.94736842105263,0
PPO-QP,20260809,23,5,2301,0,0,0,0.0,-100.0,-100.0,0.0,2.0062825475027542e-11,109.23909068749569,30.0,157,92,30.0,125.0,4,-100.0,19.0,-732.409972299169,-100.0,0.0,3.7999999999999996e-08,0,1,33.94736842105263,0
PPO-QP,20260809,24,5,2397,0,0,0,0.0,-100.0,-100.0,0.0,2.0067506915448044e-11,106.24062507747706,30.0,199,92,30.0,125.0,4,-100.0,19.0,-732.409972299169,-100.0,0.0,3.7999999999999996e-08,0,1,33.94736842105263,0
PPO-QP,20260809,25,5,2493,0,0,0,0.0,-100.0,-100.0,0.0,1.991820782383987e-11,101.5466799515969,30.0,16,92,30.0,125.0,4,-100.0,19.0,-732.409972299169,-100.0,0.0,3.7999999999999996e-08,0,1,33.94736842105263,0
PPO-QP,20260809,26,6,2589,0,0,0,0.0,-100.0,-100.0,0.0,1.9950818774816526e-11,82.89185109276251,30.0,91,92,30.0,125.0,4,-100.0,19.0,-732.409972299169,-100.0,0.0,3.7999999999999996e-08,0,1,33.94736842105263,0
PPO-QP,20260809,27,6,2685,0,0,0,0.0,-100.0,-100.0,0.0,1.9942469897671343e-11,76.26011533638224,30.0,28,92,30.0,125.0,4,-100.0,19.0,-732.409972299169,-100.0,0.0,3.7999999999999996e-08,0,1,33.94736842105263,0
PPO-QP,20260809,28,6,2781,0,0,0,0.0,-100.0,-100.0,0.0,1.995440109444265e-11,104.76339971089588,30.0,25,92,30.0,125.0,4,-100.0,19.0,-732.409972299169,-100.0,0.0,3.7999999999999996e-08,0,1,33.94736842105263,0
PPO-QP,20260809,29,6,2877,0,0,0,0.0,-100.0,-100.0,0.0,1.9878406328407057e-11,99.79980532597651,30.0,129,92,30.0,125.0,4,-100.0,19.0,-732.409972299169,-100.0,0.0,3.7999999999999996e-08,0,1,33.94736842105263,0
PPO-QP,20260809,30,6,2973,0,0,0,0.0,-100.0,-100.0,0.0,0.0,95.87558463372099,30.0,46,92,30.0,125.0,4,-100.0,19.0,-732.409972299169,-100.0,0.0,3.7999999999999996e-08,0,1,33.94736842105263,0
PPO-QP,20260809,31,6,3069,0,0,0,0.0,-100.0,-100.0,0.0,1.976124819336178e-11,103.35487004591415,30.0,223,92,30.0,125.0,4,-100.0,19.0,-732.409972299169,-100.0,0.0,3.7999999999999996e-08,0,1,33.94736842105263,0
PPO-QP,20260809,32,7,3165,0,0,0,0.0,-100.0,-100.0,0.0,1.725738070964174e-11,93.65665261795868,30.0,73,92,30.0,125.0,4,-100.0,19.0,-732.409972299169,-100.0,0.0,3.7999999999999996e-08,0,1,33.94736842105263,0
PPO-QP,20260809,33,7,3261,0,0,0,0.0,-100.0,-100.0,0.0,1.982601860461841e-11,98.38002215283956,30.0,50,92,30.0,125.0,4,-100.0,19.0,-732.409972299169,-100.0,0.0,3.7999999999999996e-08,0,1,33.94736842105263,0
PPO-QP,20260809,34,7,3357,0,0,0,0.0,-100.0,-100.0,0.0,1.9878535854426596e-11,94.29020215225974,30.0,81,92,30.0,125.0,4,-100.0,19.0,-732.409972299169,-100.0,0.0,3.7999999999999996e-08,0,1,33.94736842105263,0
PPO-QP,20260809,35,7,3453,0,0,0,0.0,-100.0,-100.0,0.0,2.0022909256548853e-11,93.95418866591038,30.0,94,92,30.0,125.0,4,-100.0,19.0,-732.409972299169,-100.0,0.0,3.7999999999999996e-08,0,1,33.94736842105263,0
PPO-QP,20260809,36,7,3549,0,0,0,0.0,-100.0,-100.0,0.0,2.960594732333751e-17,92.24150315024411,30.0,69,92,30.0,125.0,4,-100.0,19.0,-732.409972299169,-100.0,0.0,3.7999999999999996e-08,0,1,33.94736842105263,0
PPO-QP,20260809,37,8,3645,0,0,0,0.0,-100.0,-100.0,0.0,1.977371599792832e-11,102.98408042338848,30.0,178,92,30.0,125.0,4,-100.0,19.0,-732.409972299169,-100.0,0.0,3.7999999999999996e-08,0,1,33.94736842105263,0
PPO-QP,20260809,38,8,3741,0,0,0,0.0,-100.0,-100.0,0.0,1.985114295166568e-11,99.05485532187399,30.0,36,92,30.0,125.0,4,-100.0,19.0,-732.409972299169,-100.0,0.0,3.7999999999999996e-08,0,1,33.94736842105263,0
PPO-QP,20260809,39,8,3837,0,0,0,0.0,-100.0,-100.0,0.0,2.0027657310350833e-11,101.3762952084312,30.0,30,92,30.0,125.0,4,-100.0,19.0,-732.409972299169,-100.0,0.0,3.7999999999999996e-08,0,1,33.94736842105263,0
PPO-QP,20260809,40,8,3933,0,0,0,0.0,-100.0,-100.0,0.0,2.0013224411030706e-11,103.63968225208008,30.0,38,92,30.0,125.0,4,-100.0,19.0,-732.409972299169,-100.0,0.0,3.7999999999999996e-08,0,1,33.94736842105263,0
PPO-QP,20260809,41,8,4029,0,0,0,0.0,-100.0,-100.0,0.0,1.9995227695801532e-11,91.9647476534924,30.0,62,92,30.0,125.0,4,-100.0,19.0,-732.409972299169,-100.0,0.0,3.7999999999999996e-08,0,1,33.94736842105263,0
PPO-QP,20260809,42,9,4125,0,0,0,0.0,-100.0,-100.0,0.0,2.0054846672223903e-11,102.40925487505093,30.0,131,92,30.0,125.0,4,-100.0,19.0,-732.409972299169,-100.0,0.0,3.7999999999999996e-08,0,1,33.94736842105263,0
PPO-QP,20260809,43,9,4221,0,0,0,0.0,-100.0,-100.0,0.0,1.9904951760925845e-11,95.09537857069627,30.0,117,92,30.0,125.0,4,-100.0,19.0,-732.409972299169,-100.0,0.0,3.7999999999999996e-08,0,1,33.94736842105263,0
PPO-QP,20260809,44,9,4317,0,0,0,0.0,-100.0,-100.0,0.0,1.987264057016584e-11,104.76339971089588,30.0,25,92,30.0,125.0,4,-100.0,19.0,-732.409972299169,-100.0,0.0,3.7999999999999996e-08,0,1,33.94736842105263,0
PPO-QP,20260809,45,9,4413,0,0,0,0.0,-100.0,-100.0,0.0,0.0,93.4850457571753,30.0,83,92,30.0,125.0,4,-100.0,19.0,-732.409972299169,-100.0,0.0,3.7999999999999996e-08,0,1,33.94736842105263,0
PPO-QP,20260809,46,9,4509,0,0,0,0.0,-100.0,-100.0,0.0,1.993660051861449e-11,96.01676559852008,30.0,37,92,30.0,125.0,4,-100.0,19.0,-732.409972299169,-100.0,0.0,3.7999999999999996e-08,0,1,33.94736842105263,0
PPO-QP,20260809,47,9,4605,0,0,0,0.0,-100.0,-100.0,0.0,7.401486830834377e-18,115.68383100969456,30.0,208,92,30.0,125.0,4,-100.0,19.0,-732.409972299169,-100.0,0.0,3.7999999999999996e-08,0,1,33.94736842105263,0
PPO-QP,20260809,48,10,4701,0,0,0,0.0,-100.0,-100.0,0.0,1.9843852487137306e-11,100.48692081466652,30.0,32,92,30.0,125.0,4,-100.0,19.0,-732.409972299169,-100.0,0.0,3.7999999999999996e-08,0,1,33.94736842105263,0
PPO-QP,20260809,49,10,4797,0,0,0,0.0,-100.0,-100.0,0.0,1.98743355106501e-11,102.75890329454388,30.0,187,92,30.0,125.0,4,-100.0,19.0,-732.409972299169,-100.0,0.0,3.7999999999999996e-08,0,1,33.94736842105263,0
PPO-QP,20260809,50,10,4893,0,0,0,0.0,-100.0,-100.0,0.0,1.9740176160354396e-11,101.49658100152236,30.0,177,92,30.0,125.0,4,-100.0,19.0,-732.409972299169,-100.0,0.0,3.7999999999999996e-08,0,1,33.94736842105263,0
PPO-QP,20260809,51,10,4989,0,0,0,0.0,-100.0,-100.0,0.0,1.985310434567585e-11,96.58075138170044,30.0,179,92,30.0,125.0,4,-100.0,19.0,-732.409972299169,-100.0,0.0,3.7999999999999996e-08,0,1,33.94736842105263,0
PPO-QP,20260809,52,10,5085,0,0,0,0.0,-100.0,-100.0,0.0,1.989776861795652e-11,115.68383100969456,30.0,208,92,30.0,125.0,4,-100.0,19.0,-732.409972299169,-100.0,0.0,3.7999999999999996e-08,0,1,33.94736842105263,0
PPO-QP,20260809,53,11,5181,0,0,0,0.0,-100.0,-100.0,0.0,1.996645811649008e-11,85.8202729697167,30.0,61,92,30.0,125.0,4,-100.0,19.0,-732.409972299169,-100.0,0.0,3.7999999999999996e-08,0,1,33.94736842105263,0
PPO-QP,20260809,54,11,5277,0,0,0,0.0,-100.0,-100.0,0.0,1.9988311006358118e-11,102.76821325956304,30.0,139,92,30.0,125.0,4,-100.0,19.0,-732.409972299169,-100.0,0.0,3.7999999999999996e-08,0,1,33.94736842105263,0
PPO-QP,20260809,55,11,5373,0,0,0,0.0,-100.0,-100.0,0.0,1.9840658745569802e-11,110.10922097309025,30.0,167,92,30.0,125.0,4,-100.0,19.0,-732.409972299169,-100.0,0.0,3.7999999999999996e-08,0,1,33.94736842105263,0
PPO-QP,20260809,56,11,5469,0,0,0,0.0,-100.0,-100.0,0.0,1.9905806632654808e-11,96.25561346436216,30.0,8,92,30.0,125.0,4,-100.0,19.0,-732.409972299169,-100.0,0.0,3.7999999999999996e-08,0,1,33.94736842105263,0
PPO-QP,20260809,57,11,5565,0,0,0,0.0,-100.0,-100.0,0.0,2.0044059005167963e-11,84.83495531338835,30.0,21,92,30.0,125.0,4,-100.0,19.0,-732.409972299169,-100.0,0.0,3.7999999999999996e-08,0,1,33.94736842105263,0
PPO-QP,20260809,58,12,5661,0,0,0,0.0,-100.0,-100.0,0.0,2.009294952642904e-11,99.17660338336258,30.0,113,92,30.0,125.0,4,-100.0,19.0,-732.409972299169,-100.0,0.0,3.7999999999999996e-08,0,1,33.94736842105263,0
PPO-QP,20260809,59,12,5757,0,0,0,0.0,-100.0,-100.0,0.0,2.0035288243273424e-11,113.92297184986944,30.0,217,92,30.0,125.0,4,-100.0,19.0,-732.409972299169,-100.0,0.0,3.7999999999999996e-08,0,1,33.94736842105263,0
PPO-QP,20260809,60,12,5853,0,0,0,0.0,-100.0,-100.0,0.0,1.980796267749459e-11,102.62518138191051,30.0,134,92,30.0,125.0,4,-100.0,19.0,-732.409972299169,-100.0,0.0,3.7999999999999996e-08,0,1,33.94736842105263,0
PPO-QP,20260809,61,12,5949,0,0,0,0.0,-100.0,-100.0,0.0,1.9974259283609778e-11,105.49799693923116,30.0,228,92,30.0,125.0,4,-100.0,19.0,-732.409972299169,-100.0,0.0,3.7999999999999996e-08,0,1,33.94736842105263,0
PPO-QP,20260809,62,12,6045,0,0,0,0.0,-100.0,-100.0,0.0,2.0137617499453123e-11,93.90241884913648,30.0,99,92,30.0,125.0,4,-100.0,19.0,-732.409972299169,-100.0,0.0,3.7999999999999996e-08,0,1,33.94736842105263,0
PPO-QP,20260809,63,12,6141,0,0,0,0.0,-100.0,-100.0,0.0,1.99645189269404e-11,91.86532092092294,30.0,121,92,30.0,125.0,4,-100.0,19.0,-732.409972299169,-100.0,0.0,3.7999999999999996e-08,0,1,33.94736842105263,0
PPO-QP,20260809,64,13,6237,0,0,0,0.0,-100.0,-100.0,0.0,1.999089042451866e-11,71.42695793285735,30.0,0,92,30.0,125.0,4,-100.0,19.0,-732.409972299169,-100.0,0.0,3.7999999999999996e-08,0,1,33.94736842105263,0
PPO-QP,20260809,65,13,6333,0,0,0,0.0,-100.0,-100.0,0.0,2.0083449718081662e-11,107.24698631088836,30.0,156,92,30.0,125.0,4,-100.0,19.0,-732.409972299169,-100.0,0.0,3.7999999999999996e-08,0,1,33.94736842105263,0
PPO-QP,20260809,66,13,6429,0,0,0,0.0,-100.0,-100.0,0.0,2.003556579902958e-11,73.92145614413825,30.0,13,92,30.0,125.0,4,-100.0,19.0,-732.409972299169,-100.0,0.0,3.7999999999999996e-08,0,1,33.94736842105263,0
PPO-QP,20260809,67,13,6525,0,0,0,0.0,-100.0,-100.0,0.0,1.979168310721017e-11,106.24062507747706,30.0,199,92,30.0,125.0,4,-100.0,19.0,-732.409972299169,-100.0,0.0,3.7999999999999996e-08,0,1,33.94736842105263,0
PPO-QP,20260809,68,13,6621,0,0,0,0.0,-100.0,-100.0,0.0,1.9974795891405014e-11,99.83051753648506,30.0,190,92,30.0,125.0,4,-100.0,19.0,-732.409972299169,-100.0,0.0,3.7999999999999996e-08,0,1,33.94736842105263,0
PPO-QP,20260809,69,14,6717,0,0,0,0.0,-100.0,-100.0,0.0,1.9794440161054658e-11,102.84941180769906,30.0,173,92,30.0,125.0,4,-100.0,19.0,-732.409972299169,-100.0,0.0,3.7999999999999996e-08,0,1,33.94736842105263,0
PPO-QP,20260809,70,14,6813,0,0,0,0.0,-100.0,-100.0,0.0,1.990846746717049e-11,91.87996057561233,30.0,84,92,30.0,125.0,4,-100.0,19.0,-732.409972299169,-100.0,0.0,3.7999999999999996e-08,0,1,33.94736842105263,0
PPO-QP,20260809,71,14,6909,0,0,0,0.0,-100.0,-100.0,0.0,1.9935523602280607e-11,100.78780511344941,30.0,45,92,30.0,125.0,4,-100.0,19.0,-732.409972299169,-100.0,0.0,3.7999999999999996e-08,0,1,33.94736842105263,0
PPO-QP,20260809,72,14,7005,0,0,0,0.0,-100.0,-100.0,0.0,0.0,99.05485532187399,30.0,36,92,30.0,125.0,4,-100.0,19.0,-732.409972299169,-100.0,0.0,3.7999999999999996e-08,0,1,33.94736842105263,0
PPO-QP,20260809,73,14,7101,0,0,0,0.0,-100.0,-100.0,0.0,1.9712720344955414e-11,102.40925487505093,30.0,131,92,30.0,125.0,4,-100.0,19.0,-732.409972299169,-100.0,0.0,3.7999999999999996e-08,0,1,33.94736842105263,0
PPO-QP,20260809,74,15,7197,0,0,0,0.0,-100.0,-100.0,0.0,2.0001626281166788e-11,113.6679028833153,30.0,168,92,30.0,125.0,4,-100.0,19.0,-732.409972299169,-100.0,0.0,3.7999999999999996e-08,0,1,33.94736842105263,0
PPO-QP,20260809,75,15,7293,0,0,0,0.0,-100.0,-100.0,0.0,1.8621082453762482e-11,102.31891501836098,30.0,162,92,30.0,125.0,4,-100.0,19.0,-732.409972299169,-100.0,0.0,3.7999999999999996e-08,0,1,33.94736842105263,0
PPO-QP,20260809,76,15,7389,0,0,0,0.0,-100.0,-100.0,0.0,2.0104240494589475e-11,107.24698631088836,30.0,156,92,30.0,125.0,4,-100.0,19.0,-732.409972299169,-100.0,0.0,3.7999999999999996e-08,0,1,33.94736842105263,0
PPO-QP,20260809,77,15,7485,0,0,0,0.0,-100.0,-100.0,0.0,1.9647331909548407e-11,101.5466799515969,30.0,16,92,30.0,125.0,4,-100.0,19.0,-732.409972299169,-100.0,0.0,3.7999999999999996e-08,0,1,33.94736842105263,0
PPO-QP,20260809,78,15,7581,0,0,0,0.0,-100.0,-100.0,0.0,1.996150652180025e-11,93.95418866591038,30.0,94,92,30.0,125.0,4,-100.0,19.0,-732.409972299169,-100.0,0.0,3.7999999999999996e-08,0,1,33.94736842105263,0
PPO-QP,20260809,79,15,7677,0,0,0,0.0,-100.0,-100.0,0.0,1.9988573759140613e-11,104.06273500373985,30.0,192,92,30.0,125.0,4,-100.0,19.0,-732.409972299169,-100.0,0.0,3.7999999999999996e-08,0,1,33.94736842105263,0
PPO-QP,20260809,80,16,7773,0,0,0,0.0,-100.0,-100.0,0.0,2.0007532667657795e-11,99.79980532597651,30.0,129,92,30.0,125.0,4,-100.0,19.0,-732.409972299169,-100.0,0.0,3.7999999999999996e-08,0,1,33.94736842105263,0
PPO-QP,20260809,81,16,7869,0,0,0,0.0,-100.0,-100.0,0.0,1.9975332499200248e-11,99.79980532597651,30.0,129,92,30.0,125.0,4,-100.0,19.0,-732.409972299169,-100.0,0.0,3.7999999999999996e-08,0,1,33.94736842105263,0
PPO-QP,20260809,82,16,7965,0,0,0,0.0,-100.0,-100.0,0.0,2.0056275159182254e-11,89.55801861089178,30.0,102,92,30.0,125.0,4,-100.0,19.0,-732.409972299169,-100.0,0.0,3.7999999999999996e-08,0,1,33.94736842105263,0
PPO-QP,20260809,83,16,8061,0,0,0,0.0,-100.0,-100.0,0.0,1.9957894596226804e-11,102.31891501836098,30.0,162,92,30.0,125.0,4,-100.0,19.0,-732.409972299169,-100.0,0.0,3.7999999999999996e-08,0,1,33.94736842105263,0
PPO-QP,20260809,84,16,8157,0,0,0,0.0,-100.0,-100.0,0.0,1.983520755051889e-11,98.04912306783665,30.0,136,92,30.0,125.0,4,-100.0,19.0,-732.409972299169,-100.0,0.0,3.7999999999999996e-08,0,1,33.94736842105263,0
PPO-QP,20260809,85,17,8253,0,0,0,0.0,-100.0,-100.0,0.0,2.0075955712665442e-11,82.89185109276251,30.0,91,92,30.0,125.0,4,-100.0,19.0,-732.409972299169,-100.0,0.0,3.7999999999999996e-08,0,1,33.94736842105263,0
PPO-QP,20260809,86,17,8349,0,0,0,0.0,-100.0,-100.0,0.0,2.0070130742529575e-11,105.94011237910321,30.0,184,92,30.0,125.0,4,-100.0,19.0,-732.409972299169,-100.0,0.0,3.7999999999999996e-08,0,1,33.94736842105263,0
PPO-QP,20260809,87,17,8445,0,0,0,0.0,-100.0,-100.0,0.0,1.9962028326621825e-11,99.51338637734993,30.0,140,92,30.0,125.0,4,-100.0,19.0,-732.409972299169,-100.0,0.0,3.7999999999999996e-08,0,1,33.94736842105263,0
PPO-QP,20260809,88,17,8541,0,0,0,0.0,-100.0,-100.0,0.0,1.991844837216187e-11,100.58254270570778,30.0,153,92,30.0,125.0,4,-100.0,19.0,-732.409972299169,-100.0,0.0,3.7999999999999996e-08,0,1,33.94736842105263,0
PPO-QP,20260809,89,17,8637,0,0,0,0.0,-100.0,-100.0,0.0,1.982658481836097e-11,100.58254270570778,30.0,153,92,30.0,125.0,4,-100.0,19.0,-732.409972299169,-100.0,0.0,3.7999999999999996e-08,0,1,33.94736842105263,0
PPO-QP,20260809,90,18,8733,0,0,0,0.0,-100.0,-100.0,0.0,2.0076903102979788e-11,93.11517390836408,30.0,96,92,30.0,125.0,4,-100.0,19.0,-732.409972299169,-100.0,0.0,3.7999999999999996e-08,0,1,33.94736842105263,0
PPO-QP,20260809,91,18,8829,0,0,0,0.0,-100.0,-100.0,0.0,1.9902287225666745e-11,102.84941180769906,30.0,173,92,30.0,125.0,4,-100.0,19.0,-732.409972299169,-100.0,0.0,3.7999999999999996e-08,0,1,33.94736842105263,0
PPO-QP,20260809,92,18,8925,0,0,0,0.0,-100.0,-100.0,0.0,1.9969692566235153e-11,102.76821325956304,30.0,139,92,30.0,125.0,4,-100.0,19.0,-732.409972299169,-100.0,0.0,3.7999999999999996e-08,0,1,33.94736842105263,0
PPO-QP,20260809,93,18,9021,0,0,0,0.0,-100.0,-100.0,0.0,1.996037779505855e-11,111.81848596317624,30.0,207,92,30.0,125.0,4,-100.0,19.0,-732.409972299169,-100.0,0.0,3.7999999999999996e-08,0,1,33.94736842105263,0
PPO-QP,20260809,94,18,9117,0,0,0,0.0,-100.0,-100.0,0.0,1.990997737048398e-11,109.9284297131466,30.0,221,92,30.0,125.0,4,-100.0,19.0,-732.409972299169,-100.0,0.0,3.7999999999999996e-08,0,1,33.94736842105263,0
PPO-QP,20260809,95,18,9213,0,0,0,0.0,-100.0,-100.0,0.0,1.9986886220143182e-11,73.4818515278711,30.0,56,92,30.0,125.0,4,-100.0,19.0,-732.409972299169,-100.0,0.0,3.7999999999999996e-08,0,1,33.94736842105263,0
PPO-QP,20260809,96,19,9309,0,0,0,0.0,-100.0,-100.0,0.0,7.401486830834377e-18,93.83291616695745,30.0,124,92,30.0,125.0,4,-100.0,19.0,-732.409972299169,-100.0,0.0,3.7999999999999996e-08,0,1,33.94736842105263,0
PPO-QP,20260809,97,19,9405,0,0,0,0.0,-100.0,-100.0,0.0,1.978190574310664e-11,97.38139037467363,30.0,112,92,30.0,125.0,4,-100.0,19.0,-732.409972299169,-100.0,0.0,3.7999999999999996e-08,0,1,33.94736842105263,0
PPO-QP,20260809,98,19,9501,0,0,0,0.0,-100.0,-100.0,0.0,1.998004724631149e-11,93.83291616695745,30.0,124,92,30.0,125.0,4,-100.0,19.0,-732.409972299169,-100.0,0.0,3.7999999999999996e-08,0,1,33.94736842105263,0
PPO-QP,20260809,99,19,9597,0,0,0,0.0,-100.0,-100.0,0.0,2.0098097260519885e-11,107.22965812391051,30.0,150,92,30.0,125.0,4,-100.0,19.0,-732.409972299169,-100.0,0.0,3.7999999999999996e-08,0,1,33.94736842105263,0
PPO-QP,20260809,100,19,9693,0,0,0,0.0,-100.0,-100.0,0.0,1.9876382021758823e-11,97.15497237735016,30.0,17,92,30.0,125.0,4,-100.0,19.0,-732.409972299169,-100.0,0.0,3.7999999999999996e-08,0,1,33.94736842105263,0
PPO-QP,20260809,101,20,9789,0,0,0,0.0,-100.0,-100.0,0.0,1.923258589423919e-11,83.01996185755443,30.0,27,92,30.0,125.0,4,-100.0,19.0,-732.409972299169,-100.0,0.0,3.7999999999999996e-08,0,1,33.94736842105263,0
PPO-QP,20260809,102,20,9885,0,0,0,0.0,-100.0,-100.0,0.0,1.9924802548606142e-11,94.86775162328135,30.0,67,92,30.0,125.0,4,-100.0,19.0,-732.409972299169,-100.0,0.0,3.7999999999999996e-08,0,1,33.94736842105263,0
PPO-QP,20260809,103,20,9981,0,0,0,0.0,-100.0,-100.0,0.0,1.7361079240885148e-11,93.83291616695745,30.0,124,92,30.0,125.0,4,-100.0,19.0,-732.409972299169,-100.0,0.0,3.7999999999999996e-08,0,1,33.94736842105263,0
PPO-QP,20260809,104,20,10077,0,0,0,0.0,-100.0,-100.0,0.0,1.9897061775964174e-11,93.65825683373826,30.0,147,92,30.0,125.0,4,-100.0,19.0,-732.409972299169,-100.0,0.0,3.7999999999999996e-08,0,1,33.94736842105263,0
PPO-QP,20260809,105,20,10173,0,0,0,0.0,-100.0,-100.0,0.0,1.9870705081359574e-11,100.83889927295647,30.0,31,92,30.0,125.0,4,-100.0,19.0,-732.409972299169,-100.0,0.0,3.7999999999999996e-08,0,1,33.94736842105263,0
PPO-QP,20260809,106,21,10269,0,0,0,0.0,-100.0,-100.0,0.0,2.0017680106102868e-11,99.79980532597651,30.0,129,92,30.0,125.0,4,-100.0,19.0,-732.409972299169,-100.0,0.0,3.7999999999999996e-08,0,1,33.94736842105263,0
PPO-QP,20260809,107,21,10365,0,0,0,0.0,-100.0,-100.0,0.0,1.9631699969361686e-11,105.46954824232857,30.0,143,92,30.0,125.0,4,-100.0,19.0,-732.409972299169,-100.0,0.0,3.7999999999999996e-08,0,1,33.94736842105263,0
PPO-QP,20260809,108,21,10461,0,0,0,0.0,-100.0,-100.0,0.0,1.990838605081535e-11,101.5466799515969,30.0,16,92,30.0,125.0,4,-100.0,19.0,-732.409972299169,-100.0,0.0,3.7999999999999996e-08,0,1,33.94736842105263,0
PPO-QP,20260809,109,21,10557,0,0,0,0.0,-100.0,-100.0,0.0,1.911145686150917e-11,96.25561346436216,30.0,8,92,30.0,125.0,4,-100.0,19.0,-732.409972299169,-100.0,0.0,3.7999999999999996e-08,0,1,33.94736842105263,0
PPO-QP,20260809,110,21,10653,0,0,0,0.0,-100.0,-100.0,0.0,1.9745923414878538e-11,100.24751861636082,30.0,107,92,30.0,125.0,4,-100.0,19.0,-732.409972299169,-100.0,0.0,3.7999999999999996e-08,0,1,33.94736842105263,0
PPO-QP,20260809,111,21,10749,0,0,0,0.0,-100.0,-100.0,0.0,0.0,95.06128279232206,30.0,126,92,30.0,125.0,4,-100.0,19.0,-732.409972299169,-100.0,0.0,3.7999999999999996e-08,0,1,33.94736842105263,0
PPO-QP,20260809,112,22,10845,0,0,0,0.0,-100.0,-100.0,0.0,2.0061311870970637e-11,99.02691431499208,30.0,144,92,30.0,125.0,4,-100.0,19.0,-732.409972299169,-100.0,0.0,3.7999999999999996e-08,0,1,33.94736842105263,0
PPO-QP,20260809,113,22,10941,0,0,0,0.0,-100.0,-100.0,0.0,1.993430235695352e-11,97.3102387833523,30.0,104,92,30.0,125.0,4,-100.0,19.0,-732.409972299169,-100.0,0.0,3.7999999999999996e-08,0,1,33.94736842105263,0
PPO-QP,20260809,114,22,11037,0,0,0,0.0,-100.0,-100.0,0.0,1.9752618059717027e-11,107.22965812391051,30.0,150,92,30.0,125.0,4,-100.0,19.0,-732.409972299169,-100.0,0.0,3.7999999999999996e-08,0,1,33.94736842105263,0
PPO-QP,20260809,115,22,11133,0,0,0,0.0,-100.0,-100.0,0.0,2.0012613788367162e-11,103.03986682541994,30.0,194,92,30.0,125.0,4,-100.0,19.0,-732.409972299169,-100.0,0.0,3.7999999999999996e-08,0,1,33.94736842105263,0
PPO-QP,20260809,116,22,11229,0,0,0,0.0,-100.0,-100.0,0.0,1.9971668763218985e-11,89.4498133195773,30.0,82,92,30.0,125.0,4,-100.0,19.0,-732.409972299169,-100.0,0.0,3.7999999999999996e-08,0,1,33.94736842105263,0
PPO-QP,20260809,117,23,11325,0,0,0,0.0,-100.0,-100.0,0.0,2.0005101279233863e-11,106.53263417041393,30.0,236,92,30.0,125.0,4,-100.0,19.0,-732.409972299169,-100.0,0.0,3.7999999999999996e-08,0,1,33.94736842105263,0
PPO-QP,20260809,118,23,11421,0,0,0,0.0,-100.0,-100.0,0.0,1.9925779544867814e-11,113.11894463632069,30.0,200,92,30.0,125.0,4,-100.0,19.0,-732.409972299169,-100.0,0.0,3.7999999999999996e-08,0,1,33.94736842105263,0
PPO-QP,20260809,119,23,11517,0,0,0,0.0,-100.0,-100.0,0.0,2.0018416554042536e-11,107.24698631088836,30.0,156,92,30.0,125.0,4,-100.0,19.0,-732.409972299169,-100.0,0.0,3.7999999999999996e-08,0,1,33.94736842105263,0
PPO-QP,20260809,120,23,11613,0,0,0,0.0,-100.0,-100.0,0.0,7.401486830834377e-18,115.3687027071826,30.0,164,92,30.0,125.0,4,-100.0,19.0,-732.409972299169,-100.0,0.0,3.7999999999999996e-08,0,1,33.94736842105263,0
PPO-QP,20260809,121,23,11709,0,0,0,0.0,-100.0,-100.0,0.0,2.003197237717321e-11,103.27932168487578,30.0,12,92,30.0,125.0,4,-100.0,19.0,-732.409972299169,-100.0,0.0,3.7999999999999996e-08,0,1,33.94736842105263,0
PPO-QP,20260809,122,24,11805,0,0,0,0.0,-100.0,-100.0,0.0,2.0089874208650826e-11,90.43588685788883,30.0,93,92,30.0,125.0,4,-100.0,19.0,-732.409972299169,-100.0,0.0,3.7999999999999996e-08,0,1,33.94736842105263,0
PPO-QP,20260809,123,24,11901,0,0,0,0.0,-100.0,-100.0,0.0,2.0058428991850026e-11,102.40925487505093,30.0,131,92,30.0,125.0,4,-100.0,19.0,-732.409972299169,-100.0,0.0,3.7999999999999996e-08,0,1,33.94736842105263,0
PPO-QP,20260809,124,24,11997,0,0,0,0.0,-100.0,-100.0,0.0,1.9977852705466148e-11,107.22965812391051,30.0,150,92,30.0,125.0,4,-100.0,19.0,-732.409972299169,-100.0,0.0,3.7999999999999996e-08,0,1,33.94736842105263,0
PPO-QP,20260809,125,24,12093,0,0,0,0.0,-100.0,-100.0,0.0,1.9900551577004914e-11,112.24190410144651,30.0,216,92,30.0,125.0,4,-100.0,19.0,-732.409972299169,-100.0,0.0,3.7999999999999996e-08,0,1,33.94736842105263,0
PPO-QP,20260809,126,24,12189,0,0,0,0.0,-100.0,-100.0,0.0,1.9777942246908727e-11,93.19234625977204,30.0,43,92,30.0,125.0,4,-100.0,19.0,-732.409972299169,-100.0,0.0,3.7999999999999996e-08,0,1,33.94736842105263,0
PPO-QP,20260809,127,24,12285,0,0,0,0.0,-100.0,-100.0,0.0,1.987742563140197e-11,95.24953877379312,30.0,64,92,30.0,125.0,4,-100.0,19.0,-732.409972299169,-100.0,0.0,3.7999999999999996e-08,0,1,33.94736842105263,0
PPO-QP,20260809,128,25,12381,0,0,0,0.0,-100.0,-100.0,0.0,1.9290421112335327e-11,93.65665261795868,30.0,73,92,30.0,125.0,4,-100.0,19.0,-732.409972299169,-100.0,0.0,3.7999999999999996e-08,0,1,33.94736842105263,0
PPO-QP,20260809,129,25,12477,0,0,0,0.0,-100.0,-100.0,0.0,1.995725066687252e-11,112.50095741162527,30.0,230,92,30.0,125.0,4,-100.0,19.0,-732.409972299169,-100.0,0.0,3.7999999999999996e-08,0,1,33.94736842105263,0
PPO-QP,20260809,130,25,12573,0,0,0,0.0,-100.0,-100.0,0.0,2.015596948605018e-11,98.21813398146197,30.0,68,92,30.0,125.0,4,-100.0,19.0,-732.409972299169,-100.0,0.0,3.7999999999999996e-08,0,1,33.94736842105263,0
PPO-QP,20260809,131,25,12669,0,0,0,0.0,-100.0,-100.0,0.0,1.987789562581573e-11,99.1738371645239,30.0,108,92,30.0,125.0,4,-100.0,19.0,-732.409972299169,-100.0,0.0,3.7999999999999996e-08,0,1,33.94736842105263,0
PPO-QP,20260809,132,25,12765,0,0,0,0.0,-100.0,-100.0,0.0,1.9836188247523978e-11,100.48692081466652,30.0,32,92,30.0,125.0,4,-100.0,19.0,-732.409972299169,-100.0,0.0,3.7999999999999996e-08,0,1,33.94736842105263,0
PPO-QP,20260809,133,26,12861,0,0,0,0.0,-100.0,-100.0,0.0,1.977564778599117e-11,92.24150315024411,30.0,69,92,30.0,125.0,4,-100.0,19.0,-732.409972299169,-100.0,0.0,3.7999999999999996e-08,0,1,33.94736842105263,0
PPO-QP,20260809,134,26,12957,0,0,0,0.0,-100.0,-100.0,0.0,2.011319259291137e-11,106.54959711280397,30.0,197,92,30.0,125.0,4,-100.0,19.0,-732.409972299169,-100.0,0.0,3.7999999999999996e-08,0,1,33.94736842105263,0
PPO-QP,20260809,135,26,13053,0,0,0,0.0,-100.0,-100.0,0.0,2.0044595612963196e-11,109.25196286046445,30.0,158,92,30.0,125.0,4,-100.0,19.0,-732.409972299169,-100.0,0.0,3.7999999999999996e-08,0,1,33.94736842105263,0
PPO-QP,20260809,136,26,13149,0,0,0,0.0,-100.0,-100.0,0.0,1.995599241411128e-11,94.29020215225974,30.0,81,92,30.0,125.0,4,-100.0,19.0,-732.409972299169,-100.0,0.0,3.7999999999999996e-08,0,1,33.94736842105263,0
PPO-QP,20260809,137,26,13245,0,0,0,0.0,-100.0,-100.0,0.0,1.9929136119145598e-11,100.89617127432541,30.0,141,92,30.0,125.0,4,-100.0,19.0,-732.409972299169,-100.0,0.0,3.7999999999999996e-08,0,1,33.94736842105263,0
PPO-QP,20260809,138,27,13341,0,0,0,0.0,-100.0,-100.0,0.0,2.0003905939110684e-11,104.23250747221446,30.0,226,92,30.0,125.0,4,-100.0,19.0,-732.409972299169,-100.0,0.0,3.7999999999999996e-08,0,1,33.94736842105263,0
PPO-QP,20260809,139,27,13437,0,0,0,0.0,-100.0,-100.0,0.0,0.0,106.52560817321435,30.0,227,92,30.0,125.0,4,-100.0,19.0,-732.409972299169,-100.0,0.0,3.7999999999999996e-08,0,1,33.94736842105263,0
PPO-QP,20260809,140,27,13533,0,0,0,0.0,-100.0,-100.0,0.0,1.983652501517478e-11,109.00381953646375,30.0,159,92,30.0,125.0,4,-100.0,19.0,-732.409972299169,-100.0,0.0,3.7999999999999996e-08,0,1,33.94736842105263,0
PPO-QP,20260809,141,27,13629,0,0,0,0.0,-100.0,-100.0,0.0,0.0,115.3687027071826,30.0,164,92,30.0,125.0,4,-100.0,19.0,-732.409972299169,-100.0,0.0,3.7999999999999996e-08,0,1,33.94736842105263,0
PPO-QP,20260809,142,27,13725,0,0,0,0.0,-100.0,-100.0,0.0,1.9923725632272257e-11,100.24854400666918,30.0,170,92,30.0,125.0,4,-100.0,19.0,-732.409972299169,-100.0,0.0,3.7999999999999996e-08,0,1,33.94736842105263,0
PPO-QP,20260809,143,27,13821,0,0,0,0.0,-100.0,-100.0,0.0,1.9860309693105667e-11,105.7846855565606,30.0,4,92,30.0,125.0,4,-100.0,19.0,-732.409972299169,-100.0,0.0,3.7999999999999996e-08,0,1,33.94736842105263,0
PPO-QP,20260809,144,28,13917,0,0,0,0.0,-100.0,-100.0,0.0,1.962703703265826e-11,95.06128279232206,30.0,126,92,30.0,125.0,4,-100.0,19.0,-732.409972299169,-100.0,0.0,3.7999999999999996e-08,0,1,33.94736842105263,0
PPO-QP,20260809,145,28,14013,0,0,0,0.0,-100.0,-100.0,0.0,1.9976176268698963e-11,117.29831760304205,30.0,210,92,30.0,125.0,4,-100.0,19.0,-732.409972299169,-100.0,0.0,3.7999999999999996e-08,0,1,33.94736842105263,0
PPO-QP,20260809,146,28,14109,0,0,0,0.0,-100.0,-100.0,0.0,2.011007656695559e-11,99.87102241438964,30.0,19,92,30.0,125.0,4,-100.0,19.0,-732.409972299169,-100.0,0.0,3.7999999999999996e-08,0,1,33.94736842105263,0
PPO-QP,20260809,147,28,14205,0,0,0,0.0,-100.0,-100.0,0.0,1.972194629829005e-11,100.24751861636082,30.0,107,92,30.0,125.0,4,-100.0,19.0,-732.409972299169,-100.0,0.0,3.7999999999999996e-08,0,1,33.94736842105263,0
PPO-QP,20260809,148,28,14301,0,0,0,0.0,-100.0,-100.0,0.0,2.011506516907957e-11,92.94233251117724,30.0,1,92,30.0,125.0,4,-100.0,19.0,-732.409972299169,-100.0,0.0,3.7999999999999996e-08,0,1,33.94736842105263,0
PPO-QP,20260809,149,29,14397,0,0,0,0.0,-100.0,-100.0,0.0,1.639221351249868e-11,94.29611872771302,30.0,88,92,30.0,125.0,4,-100.0,19.0,-732.409972299169,-100.0,0.0,3.7999999999999996e-08,0,1,33.94736842105263,0
PPO-QP,20260809,150,29,14493,0,0,0,0.0,-100.0,-100.0,0.0,1.9866045845399563e-11,83.01996185755443,30.0,27,92,30.0,125.0,4,-100.0,19.0,-732.409972299169,-100.0,0.0,3.7999999999999996e-08,0,1,33.94736842105263,0
PPO-QP,20260809,151,29,14589,0,0,0,0.0,-100.0,-100.0,0.0,1.989510408269742e-11,101.10748378887497,30.0,110,92,30.0,125.0,4,-100.0,19.0,-732.409972299169,-100.0,0.0,3.7999999999999996e-08,0,1,33.94736842105263,0
PPO-QP,20260809,152,29,14685,0,0,0,0.0,-100.0,-100.0,0.0,1.9993884325941735e-11,112.63083730657955,30.0,166,92,30.0,125.0,4,-100.0,19.0,-732.409972299169,-100.0,0.0,3.7999999999999996e-08,0,1,33.94736842105263,0
PPO-QP,20260809,153,29,14781,0,0,0,0.0,-100.0,-100.0,0.0,1.9954234560988955e-11,90.96640864829209,30.0,87,92,30.0,125.0,4,-100.0,19.0,-732.409972299169,-100.0,0.0,3.7999999999999996e-08,0,1,33.94736842105263,0
PPO-QP,20260809,154,30,14877,0,0,0,0.0,-100.0,-100.0,0.0,1.7835581160123108e-11,98.10037487022021,30.0,132,92,30.0,125.0,4,-100.0,19.0,-732.409972299169,-100.0,0.0,3.7999999999999996e-08,0,1,33.94736842105263,0
PPO-QP,20260809,155,30,14973,0,0,0,0.0,-100.0,-100.0,0.0,1.6934501948876837e-11,83.44779529038792,30.0,14,92,30.0,125.0,4,-100.0,19.0,-732.409972299169,-100.0,0.0,3.7999999999999996e-08,0,1,33.94736842105263,0
PPO-QP,20260809,156,30,15069,0,0,0,0.0,-100.0,-100.0,0.0,1.984571766181868e-11,101.10748378887497,30.0,110,92,30.0,125.0,4,-100.0,19.0,-732.409972299169,-100.0,0.0,3.7999999999999996e-08,0,1,33.94736842105263,0
PPO-QP,20260809,157,30,15165,0,0,0,0.0,-100.0,-100.0,0.0,1.9888849826325366e-11,95.64219345576147,30.0,149,92,30.0,125.0,4,-100.0,19.0,-732.409972299169,-100.0,0.0,3.7999999999999996e-08,0,1,33.94736842105263,0
PPO-QP,20260809,158,30,15261,0,0,0,0.0,-100.0,-100.0,0.0,1.936090177068195e-11,95.06128279232206,30.0,126,92,30.0,125.0,4,-100.0,19.0,-732.409972299169,-100.0,0.0,3.7999999999999996e-08,0,1,33.94736842105263,0
PPO-QP,20260809,159,30,15357,0,0,0,0.0,-100.0,-100.0,0.0,1.9724318474819332e-11,95.08737753583918,30.0,148,92,30.0,125.0,4,-100.0,19.0,-732.409972299169,-100.0,0.0,3.7999999999999996e-08,0,1,33.94736842105263,0
PPO-QP,20260809,160,31,15453,0,0,0,0.0,-100.0,-100.0,0.0,1.9760030648778107e-11,99.79980532597651,30.0,129,92,30.0,125.0,4,-100.0,19.0,-732.409972299169,-100.0,0.0,3.7999999999999996e-08,0,1,33.94736842105263,0
PPO-QP,20260809,161,31,15549,0,0,0,0.0,-100.0,-100.0,0.0,1.9924536095080232e-11,105.96302933422132,30.0,211,92,30.0,125.0,4,-100.0,19.0,-732.409972299169,-100.0,0.0,3.7999999999999996e-08,0,1,33.94736842105263,0
PPO-QP,20260809,162,31,15645,0,0,0,0.0,-100.0,-100.0,0.0,1.9783571077643578e-11,98.39027437785774,30.0,5,92,30.0,125.0,4,-100.0,19.0,-732.409972299169,-100.0,0.0,3.7999999999999996e-08,0,1,33.94736842105263,0
PPO-QP,20260809,163,31,15741,0,0,0,0.0,-100.0,-100.0,0.0,1.9734314182784373e-11,103.74738027439993,30.0,54,92,30.0,125.0,4,-100.0,19.0,-732.409972299169,-100.0,0.0,3.7999999999999996e-08,0,1,33.94736842105263,0
PPO-QP,20260809,164,31,15837,0,0,0,0.0,-100.0,-100.0,0.0,1.999545344114987e-11,112.82024492984584,30.0,205,92,30.0,125.0,4,-100.0,19.0,-732.409972299169,-100.0,0.0,3.7999999999999996e-08,0,1,33.94736842105263,0
PPO-QP,20260809,165,32,15933,0,0,0,0.0,-100.0,-100.0,0.0,1.9749742582083248e-11,81.88761466839229,30.0,41,92,30.0,125.0,4,-100.0,19.0,-732.409972299169,-100.0,0.0,3.7999999999999996e-08,0,1,33.94736842105263,0
PPO-QP,20260809,166,32,16029,0,0,0,0.0,-100.0,-100.0,0.0,1.990392295425636e-11,104.06273500373985,30.0,192,92,30.0,125.0,4,-100.0,19.0,-732.409972299169,-100.0,0.0,3.7999999999999996e-08,0,1,33.94736842105263,0
PPO-QP,20260809,167,32,16125,0,0,0,0.0,-100.0,-100.0,0.0,1.9879979144358608e-11,101.3762952084312,30.0,30,92,30.0,125.0,4,-100.0,19.0,-732.409972299169,-100.0,0.0,3.7999999999999996e-08,0,1,33.94736842105263,0
PPO-QP,20260809,168,32,16221,0,0,0,0.0,-100.0,-100.0,0.0,1.9743747377750272e-11,83.01996185755443,30.0,27,92,30.0,125.0,4,-100.0,19.0,-732.409972299169,-100.0,0.0,3.7999999999999996e-08,0,1,33.94736842105263,0
PPO-QP,20260809,169,32,16317,0,0,0,0.0,-100.0,-100.0,0.0,1.949188958387064e-11,112.50095741162527,30.0,230,92,30.0,125.0,4,-100.0,19.0,-732.409972299169,-100.0,0.0,3.7999999999999996e-08,0,1,33.94736842105263,0
PPO-QP,20260809,170,33,16413,0,0,0,0.0,-100.0,-100.0,0.0,1.9895433448861392e-11,99.02691431499208,30.0,144,92,30.0,125.0,4,-100.0,19.0,-732.409972299169,-100.0,0.0,3.7999999999999996e-08,0,1,33.94736842105263,0
PPO-QP,20260809,171,33,16509,0,0,0,0.0,-100.0,-100.0,0.0,1.9809609508314453e-11,95.87558463372099,30.0,46,92,30.0,125.0,4,-100.0,19.0,-732.409972299169,-100.0,0.0,3.7999999999999996e-08,0,1,33.94736842105263,0
PPO-QP,20260809,172,33,16605,0,0,0,0.0,-100.0,-100.0,0.0,1.994025315236551e-11,101.76595014465538,30.0,18,92,30.0,125.0,4,-100.0,19.0,-732.409972299169,-100.0,0.0,3.7999999999999996e-08,0,1,33.94736842105263,0
PPO-QP,20260809,173,33,16701,0,0,0,0.0,-100.0,-100.0,0.0,1.9868166371376597e-11,100.49931148378674,30.0,174,92,30.0,125.0,4,-100.0,19.0,-732.409972299169,-100.0,0.0,3.7999999999999996e-08,0,1,33.94736842105263,0
PPO-QP,20260809,174,33,16797,0,0,0,0.0,-100.0,-100.0,0.0,1.9834519212243626e-11,88.51136863994178,30.0,79,92,30.0,125.0,4,-100.0,19.0,-732.409972299169,-100.0,0.0,3.7999999999999996e-08,0,1,33.94736842105263,0
PPO-QP,20260809,175,33,16893,0,0,0,0.0,-100.0,-100.0,0.0,1.9725210353982447e-11,100.24751861636082,30.0,107,92,30.0,125.0,4,-100.0,19.0,-732.409972299169,-100.0,0.0,3.7999999999999996e-08,0,1,33.94736842105263,0
PPO-QP,20260809,176,34,16989,0,0,0,0.0,-100.0,-100.0,0.0,1.9848060232400635e-11,106.24062507747706,30.0,199,92,30.0,125.0,4,-100.0,19.0,-732.409972299169,-100.0,0.0,3.7999999999999996e-08,0,1,33.94736842105263,0
PPO-QP,20260809,177,34,17085,0,0,0,0.0,-100.0,-100.0,0.0,1.9858847899456578e-11,109.9284297131466,30.0,221,92,30.0,125.0,4,-100.0,19.0,-732.409972299169,-100.0,0.0,3.7999999999999996e-08,0,1,33.94736842105263,0
PPO-QP,20260809,178,34,17181,0,0,0,0.0,-100.0,-100.0,0.0,1.9940119925602554e-11,96.58075138170044,30.0,179,92,30.0,125.0,4,-100.0,19.0,-732.409972299169,-100.0,0.0,3.7999999999999996e-08,0,1,33.94736842105263,0
PPO-QP,20260809,179,34,17277,0,0,0,0.0,-100.0,-100.0,0.0,1.9789525573798984e-11,93.65665261795868,30.0,73,92,30.0,125.0,4,-100.0,19.0,-732.409972299169,-100.0,0.0,3.7999999999999996e-08,0,1,33.94736842105263,0
PPO-QP,20260809,180,34,17373,0,0,0,0.0,-100.0,-100.0,0.0,1.9881807311605825e-11,98.10037487022021,30.0,132,92,30.0,125.0,4,-100.0,19.0,-732.409972299169,-100.0,0.0,3.7999999999999996e-08,0,1,33.94736842105263,0
PPO-QP,20260809,181,35,17469,0,0,0,0.0,-100.0,-100.0,0.0,1.9983289097543397e-11,84.83495531338835,30.0,21,92,30.0,125.0,4,-100.0,19.0,-732.409972299169,-100.0,0.0,3.7999999999999996e-08,0,1,33.94736842105263,0
PPO-QP,20260809,182,35,17565,0,0,0,0.0,-100.0,-100.0,0.0,1.9590592111503232e-11,87.53223352510913,30.0,59,92,30.0,125.0,4,-100.0,19.0,-732.409972299169,-100.0,0.0,3.7999999999999996e-08,0,1,33.94736842105263,0
PPO-QP,20260809,183,35,17661,0,0,0,0.0,-100.0,-100.0,0.0,1.9865642464367282e-11,114.98663326839446,30.0,182,92,30.0,125.0,4,-100.0,19.0,-732.409972299169,-100.0,0.0,3.7999999999999996e-08,0,1,33.94736842105263,0
PPO-QP,20260809,184,35,17757,0,0,0,0.0,-100.0,-100.0,0.0,0.0,94.92530164324614,30.0,109,92,30.0,125.0,4,-100.0,19.0,-732.409972299169,-100.0,0.0,3.7999999999999996e-08,0,1,33.94736842105263,0
PPO-QP,20260809,185,35,17853,0,0,0,0.0,-100.0,-100.0,0.0,2.004784856642535e-11,104.42171889899856,30.0,154,92,30.0,125.0,4,-100.0,19.0,-732.409972299169,-100.0,0.0,3.7999999999999996e-08,0,1,33.94736842105263,0
PPO-QP,20260809,186,36,17949,0,0,0,0.0,-100.0,-100.0,0.0,0.0,103.27932168487578,30.0,12,92,30.0,125.0,4,-100.0,19.0,-732.409972299169,-100.0,0.0,3.7999999999999996e-08,0,1,33.94736842105263,0
PPO-QP,20260809,187,36,18045,0,0,0,0.0,-100.0,-100.0,0.0,1.777940757582049e-11,87.04250902822423,30.0,70,92,30.0,125.0,4,-100.0,19.0,-732.409972299169,-100.0,0.0,3.7999999999999996e-08,0,1,33.94736842105263,0
PPO-QP,20260809,188,36,18141,0,0,0,0.0,-100.0,-100.0,0.0,2.0019993070737505e-11,99.51338637734993,30.0,140,92,30.0,125.0,4,-100.0,19.0,-732.409972299169,-100.0,0.0,3.7999999999999996e-08,0,1,33.94736842105263,0
PPO-QP,20260809,189,36,18237,0,0,0,0.0,-100.0,-100.0,0.0,2.005013192511266e-11,97.38139037467363,30.0,112,92,30.0,125.0,4,-100.0,19.0,-732.409972299169,-100.0,0.0,3.7999999999999996e-08,0,1,33.94736842105263,0
PPO-QP,20260809,190,36,18333,0,0,0,0.0,-100.0,-100.0,0.0,1.999743333887712e-11,84.73391284961718,30.0,63,92,30.0,125.0,4,-100.0,19.0,-732.409972299169,-100.0,0.0,3.7999999999999996e-08,0,1,33.94736842105263,0
PPO-QP,20260809,191,36,18429,0,0,0,0.0,-100.0,-100.0,0.0,2.960594732333751e-17,83.44779529038792,30.0,14,92,30.0,125.0,4,-100.0,19.0,-732.409972299169,-100.0,0.0,3.7999999999999996e-08,0,1,33.94736842105263,0
PPO-QP,20260809,192,37,18525,0,0,0,0.0,-100.0,-100.0,0.0,1.975570077898207e-11,76.26011533638224,30.0,28,92,30.0,125.0,4,-100.0,19.0,-732.409972299169,-100.0,0.0,3.7999999999999996e-08,0,1,33.94736842105263,0
PPO-QP,20260809,193,37,18621,0,0,0,0.0,-100.0,-100.0,0.0,0.0,83.44779529038792,30.0,14,92,30.0,125.0,4,-100.0,19.0,-732.409972299169,-100.0,0.0,3.7999999999999996e-08,0,1,33.94736842105263,0
PPO-QP,20260809,194,37,18717,0,0,0,0.0,-100.0,-100.0,0.0,1.9952587730169093e-11,93.40953184232814,30.0,135,92,30.0,125.0,4,-100.0,19.0,-732.409972299169,-100.0,0.0,3.7999999999999996e-08,0,1,33.94736842105263,0
PPO-QP,20260809,195,37,18813,0,0,0,0.0,-100.0,-100.0,0.0,1.9855343295442177e-11,104.30825886118944,30.0,22,92,30.0,125.0,4,-100.0,19.0,-732.409972299169,-100.0,0.0,3.7999999999999996e-08,0,1,33.94736842105263,0
PPO-QP,20260809,196,37,18909,0,0,0,0.0,-100.0,-100.0,0.0,1.9980335904297893e-11,109.9284297131466,30.0,221,92,30.0,125.0,4,-100.0,19.0,-732.409972299169,-100.0,0.0,3.7999999999999996e-08,0,1,35.52242418347173,0
PPO-QP,20260809,197,38,19005,0,0,0,0.0,-100.0,-100.0,0.0,1.985221616725615e-11,87.56950904514152,30.0,98,92,30.0,125.0,4,-100.0,19.0,-732.409972299169,-100.0,0.0,3.7999999999999996e-08,0,1,33.94736842105263,0
PPO-QP,20260809,198,38,19101,0,0,0,0.0,-100.0,-100.0,0.0,1.9799987575434366e-11,102.84941180769906,30.0,173,92,30.0,125.0,4,-100.0,19.0,-732.409972299169,-100.0,0.0,3.7999999999999996e-08,0,1,33.94736842105263,0
PPO-QP,20260809,199,38,19197,0,0,0,0.0,-100.0,-100.0,0.0,1.6252451236672036e-11,92.88476102773205,30.0,105,92,30.0,125.0,4,-100.0,19.0,-732.409972299169,-100.0,0.0,3.7999999999999996e-08,0,1,33.94736842105263,0
PPO-QP,20260809,200,38,19293,0,0,0,0.0,-100.0,-100.0,0.0,1.9913711420590137e-11,94.29611872771302,30.0,88,92,30.0,125.0,4,-100.0,19.0,-732.409972299169,-100.0,0.0,3.7999999999999996e-08,0,1,33.94736842105263,0
PPO-QP,20260809,201,38,19389,0,0,0,0.0,-100.0,-100.0,0.0,1.959195028433669e-11,110.10922097309025,30.0,167,92,30.0,125.0,4,-100.0,19.0,-732.409972299169,-100.0,0.0,3.7999999999999996e-08,0,1,33.94736842105263,0
PPO-QP,20260809,202,39,19485,0,0,0,0.0,-100.0,-100.0,0.0,2.0032490481251367e-11,89.4498133195773,30.0,82,92,30.0,125.0,4,-100.0,19.0,-732.409972299169,-100.0,0.0,3.7999999999999996e-08,0,1,33.94736842105263,0
PPO-QP,20260809,203,39,19581,0,0,0,0.0,-100.0,-100.0,0.0,1.978700166678967e-11,100.43147422329041,30.0,118,92,30.0,125.0,4,-100.0,19.0,-732.409972299169,-100.0,0.0,3.7999999999999996e-08,0,1,33.94736842105263,0
PPO-QP,20260809,204,39,19677,0,0,0,0.0,-100.0,-100.0,0.0,1.986785180818629e-11,101.76595014465538,30.0,18,92,30.0,125.0,4,-100.0,19.0,-732.409972299169,-100.0,0.0,3.7999999999999996e-08,0,1,33.94736842105263,0
PPO-QP,20260809,205,39,19773,0,0,0,0.0,-100.0,-100.0,0.0,1.9941256053831088e-11,107.26565595594029,30.0,39,92,30.0,125.0,4,-100.0,19.0,-732.409972299169,-100.0,0.0,3.7999999999999996e-08,0,1,33.94736842105263,0
PPO-QP,20260809,206,39,19869,0,0,0,0.0,-100.0,-100.0,0.0,1.9869580055361287e-11,70.68740403315702,30.0,7,92,30.0,125.0,4,-100.0,19.0,-732.409972299169,-100.0,0.0,3.7999999999999996e-08,0,1,33.94736842105263,0
PPO-QP,20260809,207,39,19965,0,0,0,0.0,-100.0,-100.0,0.0,1.9866512139069906e-11,112.82024492984584,30.0,205,92,30.0,125.0,4,-100.0,19.0,-732.409972299169,-100.0,0.0,3.7999999999999996e-08,0,1,33.94736842105263,0
PPO-QP,20260809,208,40,20061,0,0,0,0.0,-100.0,-100.0,0.0,1.9802737227792023e-11,91.87996057561233,30.0,84,92,30.0,125.0,4,-100.0,19.0,-732.409972299169,-100.0,0.0,3.7999999999999996e-08,0,1,33.94736842105263,0
PPO-QP,20260809,209,40,20157,0,0,0,0.0,-100.0,-100.0,0.0,1.9871415624095333e-11,105.46954824232857,30.0,143,92,30.0,125.0,4,-100.0,19.0,-732.409972299169,-100.0,0.0,3.7999999999999996e-08,0,1,33.94736842105263,0
PPO-QP,20260809,210,40,20253,0,0,0,0.0,-100.0,-100.0,0.0,1.9791838538433618e-11,97.38139037467363,30.0,112,92,30.0,125.0,4,-100.0,19.0,-732.409972299169,-100.0,0.0,3.7999999999999996e-08,0,1,33.94736842105263,0
PPO-QP,20260809,211,40,20349,0,0,0,0.0,-100.0,-100.0,0.0,1.9727878589984962e-11,91.03882991970426,30.0,95,92,30.0,125.0,4,-100.0,19.0,-732.409972299169,-100.0,0.0,3.7999999999999996e-08,0,1,33.94736842105263,0
PPO-QP,20260809,212,40,20445,0,0,0,0.0,-100.0,-100.0,0.0,2.0097346009606552e-11,92.94233251117724,30.0,1,92,30.0,125.0,4,-100.0,19.0,-732.409972299169,-100.0,0.0,3.7999999999999996e-08,0,1,33.94736842105263,0
PPO-QP,20260809,213,41,20541,0,0,0,0.0,-100.0,-100.0,0.0,1.5982559720129075e-11,93.90241884913648,30.0,99,92,30.0,125.0,4,-100.0,19.0,-732.409972299169,-100.0,0.0,3.7999999999999996e-08,0,1,33.94736842105263,0
PPO-QP,20260809,214,41,20637,0,0,0,0.0,-100.0,-100.0,0.0,1.969284365207121e-11,96.25561346436216,30.0,8,92,30.0,125.0,4,-100.0,19.0,-732.409972299169,-100.0,0.0,3.7999999999999996e-08,0,1,33.94736842105263,0
PPO-QP,20260809,215,41,20733,0,0,0,0.0,-100.0,-100.0,0.0,1.9817184930085812e-11,100.07914421571272,30.0,180,92,30.0,125.0,4,-100.0,19.0,-732.409972299169,-100.0,0.0,3.7999999999999996e-08,0,1,33.94736842105263,0
PPO-QP,20260809,216,41,20829,0,0,0,0.0,-100.0,-100.0,0.0,1.9800435365387634e-11,98.10037487022021,30.0,132,92,30.0,125.0,4,-100.0,19.0,-732.409972299169,-100.0,0.0,3.7999999999999996e-08,0,1,33.94736842105263,0
PPO-QP,20260809,217,41,20925,0,0,0,0.0,-100.0,-100.0,0.0,0.0,109.00381953646375,30.0,159,92,30.0,125.0,4,-100.0,19.0,-732.409972299169,-100.0,0.0,3.7999999999999996e-08,0,1,33.94736842105263,0
PPO-QP,20260809,218,42,21021,0,0,0,0.0,-100.0,-100.0,0.0,1.998824439297664e-11,108.88773156390575,30.0,47,92,30.0,125.0,4,-100.0,19.0,-732.409972299169,-100.0,0.0,3.7999999999999996e-08,0,1,33.94736842105263,0
PPO-QP,20260809,219,42,21117,0,0,0,0.0,-100.0,-100.0,0.0,1.9936874373627233e-11,97.11329274490448,30.0,224,92,30.0,125.0,4,-100.0,19.0,-732.409972299169,-100.0,0.0,3.7999999999999996e-08,0,1,33.94736842105263,0
PPO-QP,20260809,220,42,21213,0,0,0,0.0,-100.0,-100.0,0.0,3.6115740028227114e-12,108.98309588157623,30.0,165,92,30.0,125.0,4,-100.0,19.0,-732.409972299169,-100.0,0.0,3.7999999999999996e-08,0,1,33.94736842105263,0
PPO-QP,20260809,221,42,21309,0,0,0,0.0,-100.0,-100.0,0.0,1.986295572464769e-11,104.42171889899856,30.0,154,92,30.0,125.0,4,-100.0,19.0,-732.409972299169,-100.0,0.0,3.7999999999999996e-08,0,1,33.94736842105263,0
PPO-QP,20260809,222,42,21405,0,0,0,0.0,-100.0,-100.0,0.0,1.8408104670205225e-11,102.31891501836098,30.0,162,92,30.0,125.0,4,-100.0,19.0,-732.409972299169,-100.0,0.0,3.7999999999999996e-08,0,1,33.94736842105263,0
PPO-QP,20260809,223,42,21501,0,0,0,0.0,-100.0,-100.0,0.0,1.982781346517489e-11,99.87102241438964,30.0,19,92,30.0,125.0,4,-100.0,19.0,-732.409972299169,-100.0,0.0,3.7999999999999996e-08,0,1,33.94736842105263,0
PPO-QP,20260809,224,43,21597,0,0,0,0.0,-100.0,-100.0,0.0,2.00143753422329e-11,114.98663326839446,30.0,182,92,30.0,125.0,4,-100.0,19.0,-732.409972299169,-100.0,0.0,3.7999999999999996e-08,0,1,33.94736842105263,0
PPO-QP,20260809,225,43,21693,0,0,0,0.0,-100.0,-100.0,0.0,1.994543049240368e-11,109.25196286046445,30.0,158,92,30.0,125.0,4,-100.0,19.0,-732.409972299169,-100.0,0.0,3.7999999999999996e-08,0,1,33.94736842105263,0
PPO-QP,20260809,226,43,21789,0,0,0,0.0,-100.0,-100.0,0.0,1.9785824830383566e-11,106.13850935359314,30.0,234,92,30.0,125.0,4,-100.0,19.0,-732.409972299169,-100.0,0.0,3.7999999999999996e-08,0,1,33.94736842105263,0
PPO-QP,20260809,227,43,21885,0,0,0,0.0,-100.0,-100.0,0.0,1.7190870948979865e-11,114.05868659417193,30.0,202,92,30.0,125.0,4,-100.0,19.0,-732.409972299169,-100.0,0.0,3.7999999999999996e-08,0,1,33.94736842105263,0
PPO-QP,20260809,228,43,21981,0,0,0,0.0,-100.0,-100.0,0.0,1.991596147258671e-11,89.4498133195773,30.0,82,92,30.0,125.0,4,-100.0,19.0,-732.409972299169,-100.0,0.0,3.7999999999999996e-08,0,1,33.94736842105263,0
PPO-QP,20260809,229,44,22077,0,0,0,0.0,-100.0,-100.0,0.0,1.9795691012329068e-11,89.4498133195773,30.0,82,92,30.0,125.0,4,-100.0,19.0,-732.409972299169,-100.0,0.0,3.7999999999999996e-08,0,1,33.94736842105263,0
PPO-QP,20260809,230,44,22173,0,0,0,0.0,-100.0,-100.0,0.0,1.8539358936919827e-11,93.65825683373826,30.0,147,92,30.0,125.0,4,-100.0,19.0,-732.409972299169,-100.0,0.0,3.7999999999999996e-08,0,1,33.94736842105263,0
PPO-QP,20260809,231,44,22269,0,0,0,0.0,-100.0,-100.0,0.0,1.9996186188346125e-11,109.23909068749569,30.0,157,92,30.0,125.0,4,-100.0,19.0,-732.409972299169,-100.0,0.0,3.7999999999999996e-08,0,1,33.94736842105263,0
PPO-QP,20260809,232,44,22365,0,0,0,0.0,-100.0,-100.0,0.0,2.0081232972775826e-11,91.86532092092294,30.0,121,92,30.0,125.0,4,-100.0,19.0,-732.409972299169,-100.0,0.0,3.7999999999999996e-08,0,1,33.94736842105263,0
PPO-QP,20260809,233,44,22461,0,0,0,0.0,-100.0,-100.0,0.0,1.5664314290120274e-11,96.58075138170044,30.0,179,92,30.0,125.0,4,-100.0,19.0,-732.409972299169,-100.0,0.0,3.7999999999999996e-08,0,1,33.94736842105263,0
PPO-QP,20260809,234,45,22557,0,0,0,0.0,-100.0,-100.0,0.0,1.9837716654554545e-11,109.25196286046445,30.0,158,92,30.0,125.0,4,-100.0,19.0,-732.409972299169,-100.0,0.0,3.7999999999999996e-08,0,1,33.94736842105263,0
PPO-QP,20260809,235,45,22653,0,0,0,0.0,-100.0,-100.0,0.0,1.9782967856466863e-11,106.49212326251488,30.0,33,92,30.0,125.0,4,-100.0,19.0,-732.409972299169,-100.0,0.0,3.7999999999999996e-08,0,1,33.94736842105263,0
PPO-QP,20260809,236,45,22749,0,0,0,0.0,-100.0,-100.0,0.0,1.967409198518529e-11,99.08924403023656,30.0,237,92,30.0,125.0,4,-100.0,19.0,-732.409972299169,-100.0,0.0,3.7999999999999996e-08,0,1,33.94736842105263,0
PPO-QP,20260809,237,45,22845,0,0,0,0.0,-100.0,-100.0,0.0,1.973505063072404e-11,83.44779529038792,30.0,14,92,30.0,125.0,4,-100.0,19.0,-732.409972299169,-100.0,0.0,3.7999999999999996e-08,0,1,33.94736842105263,0
PPO-QP,20260809,238,45,22941,0,0,0,0.0,-100.0,-100.0,0.0,1.9857460120675797e-11,108.3505698228186,30.0,161,92,30.0,125.0,4,-100.0,19.0,-732.409972299169,-100.0,0.0,3.7999999999999996e-08,0,1,33.94736842105263,0
PPO-QP,20260809,239,45,23037,0,0,0,0.0,-100.0,-100.0,0.0,1.9868462430849833e-11,100.48692081466652,30.0,32,92,30.0,125.0,4,-100.0,19.0,-732.409972299169,-100.0,0.0,3.7999999999999996e-08,0,1,33.94736842105263,0
PPO-QP,20260809,240,46,23133,0,0,0,0.0,-100.0,-100.0,0.0,1.9907275827790726e-11,99.02691431499208,30.0,144,92,30.0,125.0,4,-100.0,19.0,-732.409972299169,-100.0,0.0,3.7999999999999996e-08,0,1,33.94736842105263,0
PPO-QP,20260809,241,46,23229,0,0,0,0.0,-100.0,-100.0,0.0,2.0026539685839376e-11,107.22965812391051,30.0,150,92,30.0,125.0,4,-100.0,19.0,-732.409972299169,-100.0,0.0,3.7999999999999996e-08,0,1,33.94736842105263,0
PPO-QP,20260809,242,46,23325,0,0,0,0.0,-100.0,-100.0,0.0,2.0053736449199278e-11,80.32125119024646,30.0,20,92,30.0,125.0,4,-100.0,19.0,-732.409972299169,-100.0,0.0,3.7999999999999996e-08,0,1,33.94736842105263,0
PPO-QP,20260809,243,46,23421,0,0,0,0.0,-100.0,-100.0,0.0,2.003864111680779e-11,102.02181808763575,30.0,44,92,30.0,125.0,4,-100.0,19.0,-732.409972299169,-100.0,0.0,3.7999999999999996e-08,0,1,33.94736842105263,0
PPO-QP,20260809,244,46,23517,0,0,0,0.0,-100.0,-100.0,0.0,1.993732956506733e-11,95.06128279232206,30.0,126,92,30.0,125.0,4,-100.0,19.0,-732.409972299169,-100.0,0.0,3.7999999999999996e-08,0,1,33.94736842105263,0
PPO-QP,20260809,245,47,23613,0,0,0,0.0,-100.0,-100.0,0.0,1.9996970745950195e-11,84.83495531338835,30.0,21,92,30.0,125.0,4,-100.0,19.0,-732.409972299169,-100.0,0.0,3.7999999999999996e-08,0,1,33.94736842105263,0
PPO-QP,20260809,246,47,23709,0,0,0,0.0,-100.0,-100.0,0.0,1.9525962328496386e-11,105.40884051002003,30.0,169,92,30.0,125.0,4,-100.0,19.0,-732.409972299169,-100.0,0.0,3.7999999999999996e-08,0,1,33.94736842105263,0
PPO-QP,20260809,247,47,23805,0,0,0,0.0,-100.0,-100.0,0.0,1.9833864180659098e-11,105.46954824232857,30.0,143,92,30.0,125.0,4,-100.0,19.0,-732.409972299169,-100.0,0.0,3.7999999999999996e-08,0,1,33.94736842105263,0
PPO-QP,20260809,248,47,23901,0,0,0,0.0,-100.0,-100.0,0.0,1.976710276944497e-11,109.97109181636901,30.0,185,92,30.0,125.0,4,-100.0,19.0,-732.409972299169,-100.0,0.0,3.7999999999999996e-08,0,1,33.94736842105263,0
PPO-QP,20260809,249,47,23997,0,0,0,0.0,-100.0,-100.0,0.0,1.9942251553809836e-11,104.9255458245251,30.0,233,92,30.0,125.0,4,-100.0,19.0,-732.409972299169,-100.0,0.0,3.7999999999999996e-08,0,1,33.94736842105263,0
PPO-QP,20260809,250,48,24093,0,0,0,0.0,-100.0,-100.0,0.0,1.971303120740231e-11,104.64145612587045,30.0,171,92,30.0,125.0,4,-100.0,19.0,-732.409972299169,-100.0,0.0,3.7999999999999996e-08,0,1,33.94736842105263,0
PPO-QP,20260809,251,48,24189,0,0,0,0.0,-100.0,-100.0,0.0,1.973535779242752e-11,110.95905457206057,30.0,193,92,30.0,125.0,4,-100.0,19.0,-732.409972299169,-100.0,0.0,3.7999999999999996e-08,0,1,33.94736842105263,0
PPO-QP,20260809,252,48,24285,0,0,0,0.0,-100.0,-100.0,0.0,1.9930953184162568e-11,96.01676559852008,30.0,37,92,30.0,125.0,4,-100.0,19.0,-732.409972299169,-100.0,0.0,3.7999999999999996e-08,0,1,33.94736842105263,0
PPO-QP,20260809,253,48,24381,0,0,0,0.0,-100.0,-100.0,0.0,1.9624757374714364e-11,101.21404399016883,30.0,40,92,30.0,125.0,4,-100.0,19.0,-732.409972299169,-100.0,0.0,3.7999999999999996e-08,0,1,33.94736842105263,0
PPO-QP,20260809,254,48,24477,0,0,0,0.0,-100.0,-100.0,0.0,1.9833364580298016e-11,101.76595014465538,30.0,18,92,30.0,125.0,4,-100.0,19.0,-732.409972299169,-100.0,0.0,3.7999999999999996e-08,0,1,33.94736842105263,0
PPO-QP,20260809,255,48,24573,0,0,0,0.0,-100.0,-100.0,0.0,1.9833564420442448e-11,100.24854400666918,30.0,170,92,30.0,125.0,4,-100.0,19.0,-732.409972299169,-100.0,0.0,3.7999999999999996e-08,0,1,33.94736842105263,0
PPO-QP,20260809,256,49,24669,0,0,0,0.0,-100.0,-100.0,0.0,1.985249742375572e-11,100.53597211255874,30.0,10,92,30.0,125.0,4,-100.0,19.0,-732.409972299169,-100.0,0.0,3.7999999999999996e-08,0,1,33.94736842105263,0
PPO-QP,20260809,257,49,24765,0,0,0,0.0,-100.0,-100.0,0.0,1.9728962907805682e-11,96.58075138170044,30.0,179,92,30.0,125.0,4,-100.0,19.0,-732.409972299169,-100.0,0.0,3.7999999999999996e-08,0,1,33.94736842105263,0
PPO-QP,20260809,258,49,24861,0,0,0,0.0,-100.0,-100.0,0.0,2.009369707659895e-11,102.40925487505093,30.0,131,92,30.0,125.0,4,-100.0,19.0,-732.409972299169,-100.0,0.0,3.7999999999999996e-08,0,1,33.94736842105263,0
PPO-QP,20260809,259,49,24957,0,0,0,0.0,-100.0,-100.0,0.0,1.9844910899754118e-11,105.7846855565606,30.0,4,92,30.0,125.0,4,-100.0,19.0,-732.409972299169,-100.0,0.0,3.7999999999999996e-08,0,1,33.94736842105263,0
PPO-QP,20260809,260,49,25053,0,0,0,0.0,-100.0,-100.0,0.0,2.0069468309458217e-11,93.19234625977204,30.0,43,92,30.0,125.0,4,-100.0,19.0,-732.409972299169,-100.0,0.0,3.7999999999999996e-08,0,1,33.94736842105263,0
PPO-QP,20260809,261,50,25149,0,0,0,0.0,-100.0,-100.0,0.0,1.9639138463626674e-11,102.9635056064629,30.0,189,92,30.0,125.0,4,-100.0,19.0,-732.409972299169,-100.0,0.0,3.7999999999999996e-08,0,1,33.94736842105263,0
PPO-QP,20260809,262,50,25245,0,0,0,0.0,-100.0,-100.0,0.0,1.9741227171484372e-11,99.08924403023656,30.0,237,92,30.0,125.0,4,-100.0,19.0,-732.409972299169,-100.0,0.0,3.7999999999999996e-08,0,1,33.94736842105263,0
PPO-QP,20260809,263,50,25341,0,0,0,0.0,-100.0,-100.0,0.0,1.9973334097755922e-11,96.58075138170044,30.0,179,92,30.0,125.0,4,-100.0,19.0,-732.409972299169,-100.0,0.0,3.7999999999999996e-08,0,1,33.94736842105263,0
PPO-QP,20260809,264,50,25437,0,0,0,0.0,-100.0,-100.0,0.0,1.9815882268403585e-11,110.48753847270052,30.0,160,92,30.0,125.0,4,-100.0,19.0,-732.409972299169,-100.0,0.0,3.7999999999999996e-08,0,1,33.94736842105263,0
PPO-QP,20260809,265,50,25533,0,0,0,0.0,-100.0,-100.0,0.0,2.009562146317497e-11,89.4498133195773,30.0,82,92,30.0,125.0,4,-100.0,19.0,-732.409972299169,-100.0,0.0,3.7999999999999996e-08,0,1,33.94736842105263,0
PPO-QP,20260809,266,51,25629,0,0,0,0.0,-100.0,-100.0,0.0,1.9581987883062387e-11,100.24751861636082,30.0,107,92,30.0,125.0,4,-100.0,19.0,-732.409972299169,-100.0,0.0,3.7999999999999996e-08,0,1,33.94736842105263,0
PPO-QP,20260809,267,51,25725,0,0,0,0.0,-100.0,-100.0,0.0,1.987908356445208e-11,93.95418866591038,30.0,94,92,30.0,125.0,4,-100.0,19.0,-732.409972299169,-100.0,0.0,3.7999999999999996e-08,0,1,33.94736842105263,0
PPO-QP,20260809,268,51,25821,0,0,0,0.0,-100.0,-100.0,0.0,1.972514374060097e-11,99.83051753648506,30.0,190,92,30.0,125.0,4,-100.0,19.0,-732.409972299169,-100.0,0.0,3.7999999999999996e-08,0,1,33.94736842105263,0
PPO-QP,20260809,269,51,25917,0,0,0,0.0,-100.0,-100.0,0.0,1.999145663826122e-11,99.1738371645239,30.0,108,92,30.0,125.0,4,-100.0,19.0,-732.409972299169,-100.0,0.0,3.7999999999999996e-08,0,1,33.94736842105263,0
PPO-QP,20260809,270,51,26013,0,0,0,0.0,-100.0,-100.0,0.0,1.9865457427196512e-11,109.00381953646375,30.0,159,92,30.0,125.0,4,-100.0,19.0,-732.409972299169,-100.0,0.0,3.7999999999999996e-08,0,1,33.94736842105263,0
PPO-QP,20260809,271,51,26109,0,0,0,0.0,-100.0,-100.0,0.0,2.0059794566170317e-11,110.10922097309025,30.0,167,92,30.0,125.0,4,-100.0,19.0,-732.409972299169,-100.0,0.0,3.7999999999999996e-08,0,1,33.94736842105263,0
PPO-QP,20260809,272,52,26205,0,0,0,0.0,-100.0,-100.0,0.0,1.9943376579808122e-11,99.51338637734993,30.0,140,92,30.0,125.0,4,-100.0,19.0,-732.409972299169,-100.0,0.0,3.7999999999999996e-08,0,1,33.94736842105263,0
PPO-QP,20260809,273,52,26301,0,0,0,0.0,-100.0,-100.0,0.0,1.975710706147993e-11,104.76339971089588,30.0,25,92,30.0,125.0,4,-100.0,19.0,-732.409972299169,-100.0,0.0,3.7999999999999996e-08,0,1,33.94736842105263,0
PPO-QP,20260809,274,52,26397,0,0,0,0.0,-100.0,-100.0,0.0,1.998429569975239e-11,104.96059298132022,30.0,58,92,30.0,125.0,4,-100.0,19.0,-732.409972299169,-100.0,0.0,3.7999999999999996e-08,0,1,33.94736842105263,0
PPO-QP,20260809,275,52,26493,0,0,0,0.0,-100.0,-100.0,0.0,1.9764545555744918e-11,94.11350934331959,30.0,103,92,30.0,125.0,4,-100.0,19.0,-732.409972299169,-100.0,0.0,3.7999999999999996e-08,0,1,33.94736842105263,0
PPO-QP,20260809,276,52,26589,0,0,0,0.0,-100.0,-100.0,0.0,1.988706236725572e-11,101.10748378887497,30.0,110,92,30.0,125.0,4,-100.0,19.0,-732.409972299169,-100.0,0.0,3.7999999999999996e-08,0,1,33.94736842105263,0
PPO-QP,20260809,277,53,26685,0,0,0,0.0,-100.0,-100.0,0.0,1.996723897335073e-11,100.48692081466652,30.0,32,92,30.0,125.0,4,-100.0,19.0,-732.409972299169,-100.0,0.0,3.7999999999999996e-08,0,1,33.94736842105263,0
PPO-QP,20260809,278,53,26781,0,0,0,0.0,-100.0,-100.0,0.0,1.7336639531369733e-11,92.05160546747763,30.0,120,92,30.0,125.0,4,-100.0,19.0,-732.409972299169,-100.0,0.0,3.7999999999999996e-08,0,1,33.94736842105263,0
PPO-QP,20260809,279,53,26877,0,0,0,0.0,-100.0,-100.0,0.0,2.0105480243633642e-11,104.874570453267,30.0,238,92,30.0,125.0,4,-100.0,19.0,-732.409972299169,-100.0,0.0,3.7999999999999996e-08,0,1,33.94736842105263,0
PPO-QP,20260809,280,53,26973,0,0,0,0.0,-100.0,-100.0,0.0,1.9915173214239226e-11,104.76339971089588,30.0,25,92,30.0,125.0,4,-100.0,19.0,-732.409972299169,-100.0,0.0,3.7999999999999996e-08,0,1,33.94736842105263,0
PPO-QP,20260809,281,53,27069,0,0,0,0.0,-100.0,-100.0,0.0,1.987621548830513e-11,90.96640864829209,30.0,87,92,30.0,125.0,4,-100.0,19.0,-732.409972299169,-100.0,0.0,3.7999999999999996e-08,0,1,33.94736842105263,0
PPO-QP,20260809,282,54,27165,0,0,0,0.0,-100.0,-100.0,0.0,1.9980110158949554e-11,109.65240546778003,30.0,206,92,30.0,125.0,4,-100.0,19.0,-732.409972299169,-100.0,0.0,3.7999999999999996e-08,0,1,33.94736842105263,0
PPO-QP,20260809,283,54,27261,0,0,0,0.0,-100.0,-100.0,0.0,1.9942462496184514e-11,96.25561346436216,30.0,8,92,30.0,125.0,4,-100.0,19.0,-732.409972299169,-100.0,0.0,3.7999999999999996e-08,0,1,33.94736842105263,0
PPO-QP,20260809,284,54,27357,0,0,0,0.0,-100.0,-100.0,0.0,1.9975676668337882e-11,111.81848596317624,30.0,207,92,30.0,125.0,4,-100.0,19.0,-732.409972299169,-100.0,0.0,3.7999999999999996e-08,0,1,33.94736842105263,0
PPO-QP,20260809,285,54,27453,0,0,0,0.0,-100.0,-100.0,0.0,2.006177076315415e-11,109.00845018424536,30.0,186,92,30.0,125.0,4,-100.0,19.0,-732.409972299169,-100.0,0.0,3.7999999999999996e-08,0,1,33.94736842105263,0
PPO-QP,20260809,286,54,27549,0,0,0,0.0,-100.0,-100.0,0.0,1.978275321334877e-11,115.68383100969456,30.0,208,92,30.0,125.0,4,-100.0,19.0,-732.409972299169,-100.0,0.0,3.7999999999999996e-08,0,1,33.94736842105263,0
PPO-QP,20260809,287,54,27645,0,0,0,0.0,-100.0,-100.0,0.0,2.0189772076406597e-11,111.37033894980843,30.0,201,92,30.0,125.0,4,-100.0,19.0,-732.409972299169,-100.0,0.0,3.7999999999999996e-08,0,1,33.94736842105263,0
PPO-QP,20260809,288,55,27741,0,0,0,0.0,-100.0,-100.0,0.0,1.987766988046739e-11,109.97109181636901,30.0,185,92,30.0,125.0,4,-100.0,19.0,-732.409972299169,-100.0,0.0,3.7999999999999996e-08,0,1,33.94736842105263,0
PPO-QP,20260809,289,55,27837,0,0,0,0.0,-100.0,-100.0,0.0,0.0,89.55801861089178,30.0,102,92,30.0,125.0,4,-100.0,19.0,-732.409972299169,-100.0,0.0,3.7999999999999996e-08,0,1,33.94736842105263,0
PPO-QP,20260809,290,55,27933,0,0,0,0.0,-100.0,-100.0,0.0,1.993467983278189e-11,95.64219345576147,30.0,149,92,30.0,125.0,4,-100.0,19.0,-732.409972299169,-100.0,0.0,3.7999999999999996e-08,0,1,33.94736842105263,0
PPO-QP,20260809,291,55,28029,0,0,0,0.0,-100.0,-100.0,0.0,1.985691611139373e-11,102.10435203642338,30.0,53,92,30.0,125.0,4,-100.0,19.0,-732.409972299169,-100.0,0.0,3.7999999999999996e-08,0,1,33.94736842105263,0
PPO-QP,20260809,292,55,28125,0,0,0,0.0,-100.0,-100.0,0.0,1.9463841649525194e-11,105.33033672677433,30.0,183,92,30.0,125.0,4,-100.0,19.0,-732.409972299169,-100.0,0.0,3.7999999999999996e-08,0,1,33.94736842105263,0
PPO-QP,20260809,293,56,28221,0,0,0,0.0,-100.0,-100.0,0.0,2.00757780769815e-11,113.11894463632069,30.0,200,92,30.0,125.0,4,-100.0,19.0,-732.409972299169,-100.0,0.0,3.7999999999999996e-08,0,1,33.94736842105263,0
PPO-QP,20260809,294,56,28317,0,0,0,0.0,-100.0,-100.0,0.0,1.9974777387687935e-11,104.9255458245251,30.0,233,92,30.0,125.0,4,-100.0,19.0,-732.409972299169,-100.0,0.0,3.7999999999999996e-08,0,1,33.94736842105263,0
PPO-QP,20260809,295,56,28413,0,0,0,0.0,-100.0,-100.0,0.0,1.9879546157379005e-11,92.01794582118721,30.0,127,92,30.0,125.0,4,-100.0,19.0,-732.409972299169,-100.0,0.0,3.7999999999999996e-08,0,1,33.94736842105263,0
PPO-QP,20260809,296,56,28509,0,0,0,0.0,-100.0,-100.0,0.0,1.965171358975226e-11,97.3102387833523,30.0,104,92,30.0,125.0,4,-100.0,19.0,-732.409972299169,-100.0,0.0,3.7999999999999996e-08,0,1,33.94736842105263,0
PPO-QP,20260809,297,56,28605,0,0,0,0.0,-100.0,-100.0,0.0,1.9912549387157695e-11,101.10748378887497,30.0,110,92,30.0,125.0,4,-100.0,19.0,-732.409972299169,-100.0,0.0,3.7999999999999996e-08,0,1,33.94736842105263,0
PPO-QP,20260809,298,57,28701,0,0,0,0.0,-100.0,-100.0,0.0,1.9932111516851592e-11,112.63083730657955,30.0,166,92,30.0,125.0,4,-100.0,19.0,-732.409972299169,-100.0,0.0,3.7999999999999996e-08,0,1,33.94736842105263,0
PPO-QP,20260809,299,57,28797,0,0,0,0.0,-100.0,-100.0,0.0,1.993595658926021e-11,84.73391284961718,30.0,63,92,30.0,125.0,4,-100.0,19.0,-732.409972299169,-100.0,0.0,3.7999999999999996e-08,0,1,33.94736842105263,0
PPO-QP,20260809,300,57,28893,0,0,0,0.0,-100.0,-100.0,0.0,0.0,92.24150315024411,30.0,69,92,30.0,125.0,4,-100.0,19.0,-732.409972299169,-100.0,0.0,3.7999999999999996e-08,0,1,33.94736842105263,0
PPO-QP,20260809,301,57,28989,0,0,0,0.0,-100.0,-100.0,0.0,2.0025477572479153e-11,84.83495531338835,30.0,21,92,30.0,125.0,4,-100.0,19.0,-732.409972299169,-100.0,0.0,3.7999999999999996e-08,0,1,33.94736842105263,0
PPO-QP,20260809,302,57,29085,0,0,0,0.0,-100.0,-100.0,0.0,1.9890326422948116e-11,94.11350934331959,30.0,103,92,30.0,125.0,4,-100.0,19.0,-732.409972299169,-100.0,0.0,3.7999999999999996e-08,0,1,33.94736842105263,0
PPO-QP,20260809,303,57,29181,0,0,0,0.0,-100.0,-100.0,0.0,1.9512972719108272e-11,87.56950904514152,30.0,98,92,30.0,125.0,4,-100.0,19.0,-732.409972299169,-100.0,0.0,3.7999999999999996e-08,0,1,33.94736842105263,0
PPO-QP,20260809,304,58,29277,0,0,0,0.0,-100.0,-100.0,0.0,1.98270955209523e-11,100.53597211255874,30.0,10,92,30.0,125.0,4,-100.0,19.0,-732.409972299169,-100.0,0.0,3.7999999999999996e-08,0,1,33.94736842105263,0
PPO-QP,20260809,305,58,29373,0,0,0,0.0,-100.0,-100.0,0.0,1.9825045309100157e-11,81.88761466839229,30.0,41,92,30.0,125.0,4,-100.0,19.0,-732.409972299169,-100.0,0.0,3.7999999999999996e-08,0,1,33.94736842105263,0
PPO-QP,20260809,306,58,29469,0,0,0,0.0,-100.0,-100.0,0.0,1.9810938075200588e-11,83.01996185755443,30.0,27,92,30.0,125.0,4,-100.0,19.0,-732.409972299169,-100.0,0.0,3.7999999999999996e-08,0,1,33.94736842105263,0
PPO-QP,20260809,307,58,29565,0,0,0,0.0,-100.0,-100.0,0.0,1.9754372212095936e-11,76.26011533638224,30.0,28,92,30.0,125.0,4,-100.0,19.0,-732.409972299169,-100.0,0.0,3.7999999999999996e-08,0,1,33.94736842105263,0
PPO-QP,20260809,308,58,29661,0,0,0,0.0,-100.0,-100.0,0.0,1.9580222628453234e-11,111.81848596317624,30.0,207,92,30.0,125.0,4,-100.0,19.0,-732.409972299169,-100.0,0.0,3.7999999999999996e-08,0,1,33.94736842105263,0
PPO-QP,20260809,309,59,29757,0,0,0,0.0,-100.0,-100.0,0.0,2.0024659708184345e-11,98.21813398146197,30.0,68,92,30.0,125.0,4,-100.0,19.0,-732.409972299169,-100.0,0.0,3.7999999999999996e-08,0,1,33.94736842105263,0
PPO-QP,20260809,310,59,29853,0,0,0,0.0,-100.0,-100.0,0.0,1.9881514952876007e-11,99.96667633583264,30.0,97,92,30.0,125.0,4,-100.0,19.0,-732.409972299169,-100.0,0.0,3.7999999999999996e-08,0,1,33.94736842105263,0
PPO-QP,20260809,311,59,29949,0,0,0,0.0,-100.0,-100.0,0.0,1.9960866293189383e-11,99.51338637734993,30.0,140,92,30.0,125.0,4,-100.0,19.0,-732.409972299169,-100.0,0.0,3.7999999999999996e-08,0,1,33.94736842105263,0
PPO-QP,20260809,312,59,30045,0,0,0,0.0,-100.0,-100.0,0.0,0.0,112.63083730657955,30.0,166,92,30.0,125.0,4,-100.0,19.0,-732.409972299169,-100.0,0.0,3.7999999999999996e-08,0,1,33.94736842105263,0
PPO-QP,20260809,313,59,30141,0,0,0,0.0,-100.0,-100.0,0.0,1.9873347412158183e-11,98.21813398146197,30.0,68,92,30.0,125.0,4,-100.0,19.0,-732.409972299169,-100.0,0.0,3.7999999999999996e-08,0,1,33.94736842105263,0
PPO-QP,20260809,314,60,30237,0,0,0,0.0,-100.0,-100.0,0.0,1.9839267266045606e-11,105.40884051002003,30.0,169,92,30.0,125.0,4,-100.0,19.0,-732.409972299169,-100.0,0.0,3.7999999999999996e-08,0,1,33.94736842105263,0
PPO-QP,20260809,315,60,30333,0,0,0,0.0,-100.0,-100.0,0.0,1.9624017226031278e-11,87.66406128442175,30.0,34,92,30.0,125.0,4,-100.0,19.0,-732.409972299169,-100.0,0.0,3.7999999999999996e-08,0,1,33.94736842105263,0
PPO-QP,20260809,316,60,30429,0,0,0,0.0,-100.0,-100.0,0.0,1.989426401394212e-11,103.35487004591415,30.0,223,92,30.0,125.0,4,-100.0,19.0,-732.409972299169,-100.0,0.0,3.7999999999999996e-08,0,1,33.94736842105263,0
PPO-QP,20260809,317,60,30525,0,0,0,0.0,-100.0,-100.0,0.0,1.962334739147309e-11,109.23909068749569,30.0,157,92,30.0,125.0,4,-100.0,19.0,-732.409972299169,-100.0,0.0,3.7999999999999996e-08,0,1,33.94736842105263,0
PPO-QP,20260809,318,60,30621,0,0,0,0.0,-100.0,-100.0,0.0,0.0,101.7500204535244,30.0,123,92,30.0,125.0,4,-100.0,19.0,-732.409972299169,-100.0,0.0,3.7999999999999996e-08,0,1,33.94736842105263,0
PPO-QP,20260809,319,60,30717,0,0,0,0.0,-100.0,-100.0,0.0,1.9863014936542337e-11,71.42695793285735,30.0,0,92,30.0,125.0,4,-100.0,19.0,-732.409972299169,-100.0,0.0,3.7999999999999996e-08,0,1,33.94736842105263,0
PPO-QP,20260809,320,61,30813,0,0,0,0.0,-100.0,-100.0,0.0,2.0040905971778025e-11,91.9647476534924,30.0,62,92,30.0,125.0,4,-100.0,19.0,-732.409972299169,-100.0,0.0,3.7999999999999996e-08,0,1,33.94736842105263,0
PPO-QP,20260809,321,61,30909,0,0,0,0.0,-100.0,-100.0,0.0,1.7928732572632573e-11,93.83291616695745,30.0,124,92,30.0,125.0,4,-100.0,19.0,-732.409972299169,-100.0,0.0,3.7999999999999996e-08,0,1,33.94736842105263,0
PPO-QP,20260809,322,61,31005,0,0,0,0.0,-100.0,-100.0,0.0,1.9824886177133295e-11,83.01996185755443,30.0,27,92,30.0,125.0,4,-100.0,19.0,-732.409972299169,-100.0,0.0,3.7999999999999996e-08,0,1,33.94736842105263,0
PPO-QP,20260809,323,61,31101,0,0,0,0.0,-100.0,-100.0,0.0,1.9664718002114037e-11,92.05160546747763,30.0,120,92,30.0,125.0,4,-100.0,19.0,-732.409972299169,-100.0,0.0,3.7999999999999996e-08,0,1,33.94736842105263,0
PPO-QP,20260809,324,61,31197,0,0,0,0.0,-100.0,-100.0,0.0,1.9848730066958828e-11,98.21813398146197,30.0,68,92,30.0,125.0,4,-100.0,19.0,-732.409972299169,-100.0,0.0,3.7999999999999996e-08,0,1,33.94736842105263,0
PPO-QP,20260809,325,62,31293,0,0,0,0.0,-100.0,-100.0,0.0,1.9360490988162836e-11,107.26565595594029,30.0,39,92,30.0,125.0,4,-100.0,19.0,-732.409972299169,-100.0,0.0,3.7999999999999996e-08,0,1,33.94736842105263,0
PPO-QP,20260809,326,62,31389,0,0,0,0.0,-100.0,-100.0,0.0,1.9792212313518575e-11,87.61049049163246,30.0,101,92,30.0,125.0,4,-100.0,19.0,-732.409972299169,-100.0,0.0,3.7999999999999996e-08,0,1,33.94736842105263,0
PPO-QP,20260809,327,62,31485,0,0,0,0.0,-100.0,-100.0,0.0,1.985415535680583e-11,103.52373239298403,30.0,11,92,30.0,125.0,4,-100.0,19.0,-732.409972299169,-100.0,0.0,3.7999999999999996e-08,0,1,33.94736842105263,0
PPO-QP,20260809,328,62,31581,0,0,0,0.0,-100.0,-100.0,0.0,1.9803988079066434e-11,94.86775162328135,30.0,67,92,30.0,125.0,4,-100.0,19.0,-732.409972299169,-100.0,0.0,3.7999999999999996e-08,0,1,33.94736842105263,0
PPO-QP,20260809,329,62,31677,0,0,0,0.0,-100.0,-100.0,0.0,1.999545714189329e-11,100.83889927295647,30.0,31,92,30.0,125.0,4,-100.0,19.0,-732.409972299169,-100.0,0.0,3.7999999999999996e-08,0,1,33.94736842105263,0
PPO-QP,20260809,330,63,31773,0,0,0,0.0,-100.0,-100.0,0.0,1.994907942541128e-11,101.21404399016883,30.0,40,92,30.0,125.0,4,-100.0,19.0,-732.409972299169,-100.0,0.0,3.7999999999999996e-08,0,1,33.94736842105263,0
PPO-QP,20260809,331,63,31869,0,0,0,0.0,-100.0,-100.0,0.0,1.959035156318123e-11,117.29831760304205,30.0,210,92,30.0,125.0,4,-100.0,19.0,-732.409972299169,-100.0,0.0,3.7999999999999996e-08,0,1,33.94736842105263,0
PPO-QP,20260809,332,63,31965,0,0,0,0.0,-100.0,-100.0,0.0,1.999210426835892e-11,104.874570453267,30.0,238,92,30.0,125.0,4,-100.0,19.0,-732.409972299169,-100.0,0.0,3.7999999999999996e-08,0,1,33.94736842105263,0
PPO-QP,20260809,333,63,32061,0,0,0,0.0,-100.0,-100.0,0.0,0.0,95.24953877379312,30.0,64,92,30.0,125.0,4,-100.0,19.0,-732.409972299169,-100.0,0.0,3.7999999999999996e-08,0,1,33.94736842105263,0
PPO-QP,20260809,334,63,32157,0,0,0,0.0,-100.0,-100.0,0.0,1.9918881359141476e-11,70.83217175061809,30.0,35,92,30.0,125.0,4,-100.0,19.0,-732.409972299169,-100.0,0.0,3.7999999999999996e-08,0,1,33.94736842105263,0
PPO-QP,20260809,335,63,32253,0,0,0,0.0,-100.0,-100.0,0.0,1.9552393037969294e-11,112.50095741162527,30.0,230,92,30.0,125.0,4,-100.0,19.0,-732.409972299169,-100.0,0.0,3.7999999999999996e-08,0,1,33.94736842105263,0
PPO-QP,20260809,336,64,32349,0,0,0,0.0,-100.0,-100.0,0.0,1.989177711436696e-11,96.58075138170044,30.0,179,92,30.0,125.0,4,-100.0,19.0,-732.409972299169,-100.0,0.0,3.7999999999999996e-08,0,1,33.94736842105263,0
PPO-QP,20260809,337,64,32445,0,0,0,0.0,-100.0,-100.0,0.0,1.963345782248401e-11,83.44779529038792,30.0,14,92,30.0,125.0,4,-100.0,19.0,-732.409972299169,-100.0,0.0,3.7999999999999996e-08,0,1,33.94736842105263,0
PPO-QP,20260809,338,64,32541,0,0,0,0.0,-100.0,-100.0,0.0,1.9814686928280405e-11,83.30942638550725,30.0,49,92,30.0,125.0,4,-100.0,19.0,-732.409972299169,-100.0,0.0,3.7999999999999996e-08,0,1,33.94736842105263,0
PPO-QP,20260809,339,64,32637,0,0,0,0.0,-100.0,-100.0,0.0,1.9800561190663758e-11,87.66406128442175,30.0,34,92,30.0,125.0,4,-100.0,19.0,-732.409972299169,-100.0,0.0,3.7999999999999996e-08,0,1,33.94736842105263,0
PPO-QP,20260809,340,64,32733,0,0,0,0.0,-100.0,-100.0,0.0,1.9956366189196237e-11,95.85085952656725,30.0,3,92,30.0,125.0,4,-100.0,19.0,-732.409972299169,-100.0,0.0,3.7999999999999996e-08,0,1,33.94736842105263,0
PPO-QP,20260809,341,65,32829,0,0,0,0.0,-100.0,-100.0,0.0,1.9499838780726955e-11,104.23250747221446,30.0,226,92,30.0,125.0,4,-100.0,19.0,-732.409972299169,-100.0,0.0,3.7999999999999996e-08,0,1,33.94736842105263,0
PPO-QP,20260809,342,65,32925,0,0,0,0.0,-100.0,-100.0,0.0,2.0101624068994777e-11,95.87558463372099,30.0,46,92,30.0,125.0,4,-100.0,19.0,-732.409972299169,-100.0,0.0,3.7999999999999996e-08,0,1,33.94736842105263,0
PPO-QP,20260809,343,65,33021,0,0,0,0.0,-100.0,-100.0,0.0,1.9411131961059405e-11,107.61759070352285,30.0,152,92,30.0,125.0,4,-100.0,19.0,-732.409972299169,-100.0,0.0,3.7999999999999996e-08,0,1,33.94736842105263,0
PPO-QP,20260809,344,65,33117,0,0,0,0.0,-100.0,-100.0,0.0,1.9829778559928475e-11,104.64145612587045,30.0,171,92,30.0,125.0,4,-100.0,19.0,-732.409972299169,-100.0,0.0,3.7999999999999996e-08,0,1,33.94736842105263,0
PPO-QP,20260809,345,65,33213,0,0,0,0.0,-100.0,-100.0,0.0,1.9571029981809336e-11,114.05868659417193,30.0,202,92,30.0,125.0,4,-100.0,19.0,-732.409972299169,-100.0,0.0,3.7999999999999996e-08,0,1,33.94736842105263,0
PPO-QP,20260809,346,66,33309,0,0,0,0.0,-100.0,-100.0,0.0,0.0,89.55801861089178,30.0,102,92,30.0,125.0,4,-100.0,19.0,-732.409972299169,-100.0,0.0,3.7999999999999996e-08,0,1,33.94736842105263,0
PPO-QP,20260809,347,66,33405,0,0,0,0.0,-100.0,-100.0,0.0,1.999832151729682e-11,95.24953877379312,30.0,64,92,30.0,125.0,4,-100.0,19.0,-732.409972299169,-100.0,0.0,3.7999999999999996e-08,0,1,33.94736842105263,0
PPO-QP,20260809,348,66,33501,0,0,0,0.0,-100.0,-100.0,0.0,1.981759571260492e-11,94.92530164324614,30.0,109,92,30.0,125.0,4,-100.0,19.0,-732.409972299169,-100.0,0.0,3.7999999999999996e-08,0,1,33.94736842105263,0
PPO-QP,20260809,349,66,33597,0,0,0,0.0,-100.0,-100.0,0.0,1.9936952089238958e-11,99.51338637734993,30.0,140,92,30.0,125.0,4,-100.0,19.0,-732.409972299169,-100.0,0.0,3.7999999999999996e-08,0,1,33.94736842105263,0
PPO-QP,20260809,350,66,33693,0,0,0,0.0,-100.0,-100.0,0.0,2.004090227103461e-11,104.42171889899856,30.0,154,92,30.0,125.0,4,-100.0,19.0,-732.409972299169,-100.0,0.0,3.7999999999999996e-08,0,1,33.94736842105263,0
PPO-QP,20260809,351,66,33789,0,0,0,0.0,-100.0,-100.0,0.0,1.999338102483724e-11,112.54618120928845,30.0,212,92,30.0,125.0,4,-100.0,19.0,-732.409972299169,-100.0,0.0,3.7999999999999996e-08,0,1,33.94736842105263,0
PPO-QP,20260809,352,67,33885,0,0,0,0.0,-100.0,-100.0,0.0,1.9802082196207492e-11,109.9284297131466,30.0,221,92,30.0,125.0,4,-100.0,19.0,-732.409972299169,-100.0,0.0,3.7999999999999996e-08,0,1,33.94736842105263,0
PPO-QP,20260809,353,67,33981,0,0,0,0.0,-100.0,-100.0,0.0,1.994516403887777e-11,90.43588685788883,30.0,93,92,30.0,125.0,4,-100.0,19.0,-732.409972299169,-100.0,0.0,3.7999999999999996e-08,0,1,33.94736842105263,0
PPO-QP,20260809,354,67,34077,0,0,0,0.0,-100.0,-100.0,0.0,1.9866230882570336e-11,96.32255108936515,30.0,15,92,30.0,125.0,4,-100.0,19.0,-732.409972299169,-100.0,0.0,3.7999999999999996e-08,0,1,33.94736842105263,0
PPO-QP,20260809,355,67,34173,0,0,0,0.0,-100.0,-100.0,0.0,1.9648438431829617e-11,93.40953184232814,30.0,135,92,30.0,125.0,4,-100.0,19.0,-732.409972299169,-100.0,0.0,3.7999999999999996e-08,0,1,33.94736842105263,0
PPO-QP,20260809,356,67,34269,0,0,0,0.0,-100.0,-100.0,0.0,1.9765541055723663e-11,101.3762952084312,30.0,30,92,30.0,125.0,4,-100.0,19.0,-732.409972299169,-100.0,0.0,3.7999999999999996e-08,0,1,33.94736842105263,0
PPO-QP,20260809,357,68,34365,0,0,0,0.0,-100.0,-100.0,0.0,1.993175624548371e-11,111.07898321111968,30.0,203,92,30.0,125.0,4,-100.0,19.0,-732.409972299169,-100.0,0.0,3.7999999999999996e-08,0,1,33.94736842105263,0
PPO-QP,20260809,358,68,34461,0,0,0,0.0,-100.0,-100.0,0.0,2.0022250524220907e-11,113.11894463632069,30.0,200,92,30.0,125.0,4,-100.0,19.0,-732.409972299169,-100.0,0.0,3.7999999999999996e-08,0,1,33.94736842105263,0
PPO-QP,20260809,359,68,34557,0,0,0,0.0,-100.0,-100.0,0.0,0.0,99.52151171969736,30.0,51,92,30.0,125.0,4,-100.0,19.0,-732.409972299169,-100.0,0.0,3.7999999999999996e-08,0,1,33.94736842105263,0
PPO-QP,20260809,360,68,34653,0,0,0,0.0,-100.0,-100.0,0.0,1.9986730788919735e-11,89.55801861089178,30.0,102,92,30.0,125.0,4,-100.0,19.0,-732.409972299169,-100.0,0.0,3.7999999999999996e-08,0,1,33.94736842105263,0
PPO-QP,20260809,361,68,34749,0,0,0,0.0,-100.0,-100.0,0.0,1.9896828629129005e-11,100.07914421571272,30.0,180,92,30.0,125.0,4,-100.0,19.0,-732.409972299169,-100.0,0.0,3.7999999999999996e-08,0,1,33.94736842105263,0
PPO-QP,20260809,362,69,34845,0,0,0,0.0,-100.0,-100.0,0.0,1.977411197747377e-11,73.4818515278711,30.0,56,92,30.0,125.0,4,-100.0,19.0,-732.409972299169,-100.0,0.0,3.7999999999999996e-08,0,1,33.94736842105263,0
PPO-QP,20260809,363,69,34941,0,0,0,0.0,-100.0,-100.0,0.0,0.0,109.23909068749569,30.0,157,92,30.0,125.0,4,-100.0,19.0,-732.409972299169,-100.0,0.0,3.7999999999999996e-08,0,1,33.94736842105263,0
PPO-QP,20260809,364,69,35037,0,0,0,0.0,-100.0,-100.0,0.0,1.984686119153404e-11,107.24698631088836,30.0,156,92,30.0,125.0,4,-100.0,19.0,-732.409972299169,-100.0,0.0,3.7999999999999996e-08,0,1,33.94736842105263,0
PPO-QP,20260809,365,69,35133,0,0,0,0.0,-100.0,-100.0,0.0,1.9924928373882266e-11,91.03882991970426,30.0,95,92,30.0,125.0,4,-100.0,19.0,-732.409972299169,-100.0,0.0,3.7999999999999996e-08,0,1,33.94736842105263,0
PPO-QP,20260809,366,69,35229,0,0,0,0.0,-100.0,-100.0,0.0,1.9770185488710013e-11,98.93233912322364,30.0,128,92,30.0,125.0,4,-100.0,19.0,-732.409972299169,-100.0,0.0,3.7999999999999996e-08,0,1,33.94736842105263,0
PPO-QP,20260809,367,69,35325,0,0,0,0.0,-100.0,-100.0,0.0,1.9861394010926384e-11,88.64779970570982,30.0,89,92,30.0,125.0,4,-100.0,19.0,-732.409972299169,-100.0,0.0,3.7999999999999996e-08,0,1,33.94736842105263,0
PPO-QP,20260809,368,70,35421,0,0,0,0.0,-100.0,-100.0,0.0,1.9757214383038974e-11,96.58075138170044,30.0,179,92,30.0,125.0,4,-100.0,19.0,-732.409972299169,-100.0,0.0,3.7999999999999996e-08,0,1,33.94736842105263,0
PPO-QP,20260809,369,70,35517,0,0,0,0.0,-100.0,-100.0,0.0,1.9868902819316265e-11,90.68725573509818,30.0,146,92,30.0,125.0,4,-100.0,19.0,-732.409972299169,-100.0,0.0,3.7999999999999996e-08,0,1,33.94736842105263,0
PPO-QP,20260809,370,70,35613,0,0,0,0.0,-100.0,-100.0,0.0,1.9572110598886638e-11,112.63083730657955,30.0,166,92,30.0,125.0,4,-100.0,19.0,-732.409972299169,-100.0,0.0,3.7999999999999996e-08,0,1,33.94736842105263,0
PPO-QP,20260809,371,70,35709,0,0,0,0.0,-100.0,-100.0,0.0,1.993747389406053e-11,91.85584163919535,30.0,100,92,30.0,125.0,4,-100.0,19.0,-732.409972299169,-100.0,0.0,3.7999999999999996e-08,0,1,33.94736842105263,0
PPO-QP,20260809,372,70,35805,0,0,0,0.0,-100.0,-100.0,0.0,1.7702073140668518e-11,93.83291616695745,30.0,124,92,30.0,125.0,4,-100.0,19.0,-732.409972299169,-100.0,0.0,3.7999999999999996e-08,0,1,33.94736842105263,0
PPO-QP,20260809,373,71,35901,0,0,0,0.0,-100.0,-100.0,0.0,1.966553956715226e-11,105.07840638717109,30.0,239,92,30.0,125.0,4,-100.0,19.0,-732.409972299169,-100.0,0.0,3.7999999999999996e-08,0,1,33.94736842105263,0
PPO-QP,20260809,374,71,35997,0,0,0,0.0,-100.0,-100.0,0.0,1.9898049874456093e-11,92.94233251117724,30.0,1,92,30.0,125.0,4,-100.0,19.0,-732.409972299169,-100.0,0.0,3.7999999999999996e-08,0,1,33.94736842105263,0
PPO-QP,20260809,375,71,36093,0,0,0,0.0,-100.0,-100.0,0.0,1.984561034025963e-11,100.12765026961917,30.0,111,92,30.0,125.0,4,-100.0,19.0,-732.409972299169,-100.0,0.0,3.7999999999999996e-08,0,1,33.94736842105263,0
PPO-QP,20260809,376,71,36189,0,0,0,0.0,-100.0,-100.0,0.0,1.9470284643811435e-11,106.78624934180647,30.0,218,92,30.0,125.0,4,-100.0,19.0,-732.409972299169,-100.0,0.0,3.7999999999999996e-08,0,1,33.94736842105263,0
PPO-QP,20260809,377,71,36285,0,0,0,0.0,-100.0,-100.0,0.0,1.9945300966384137e-11,100.00130821074683,30.0,222,92,30.0,125.0,4,-100.0,19.0,-732.409972299169,-100.0,0.0,3.7999999999999996e-08,0,1,33.94736842105263,0
PPO-QP,20260809,378,72,36381,0,0,0,0.0,-100.0,-100.0,0.0,1.9978426320695537e-11,98.04912306783665,30.0,136,92,30.0,125.0,4,-100.0,19.0,-732.409972299169,-100.0,0.0,3.7999999999999996e-08,0,1,33.94736842105263,0
PPO-QP,20260809,379,72,36477,0,0,0,0.0,-100.0,-100.0,0.0,1.984284958567173e-11,89.82960521821806,30.0,90,92,30.0,125.0,4,-100.0,19.0,-732.409972299169,-100.0,0.0,3.7999999999999996e-08,0,1,33.94736842105263,0
PPO-QP,20260809,380,72,36573,0,0,0,0.0,-100.0,-100.0,0.0,1.982256211026841e-11,101.7500204535244,30.0,123,92,30.0,125.0,4,-100.0,19.0,-732.409972299169,-100.0,0.0,3.7999999999999996e-08,0,1,33.94736842105263,0
PPO-QP,20260809,381,72,36669,0,0,0,0.0,-100.0,-100.0,0.0,1.9864040042468408e-11,93.11517390836408,30.0,96,92,30.0,125.0,4,-100.0,19.0,-732.409972299169,-100.0,0.0,3.7999999999999996e-08,0,1,33.94736842105263,0
PPO-QP,20260809,382,72,36765,0,0,0,0.0,-100.0,-100.0,0.0,1.9777901538731157e-11,99.83051753648506,30.0,190,92,30.0,125.0,4,-100.0,19.0,-732.409972299169,-100.0,0.0,3.7999999999999996e-08,0,1,33.94736842105263,0
PPO-QP,20260809,383,72,36861,0,0,0,0.0,-100.0,-100.0,0.0,2.0019045680423156e-11,96.85699797452907,30.0,26,92,30.0,125.0,4,-100.0,19.0,-732.409972299169,-100.0,0.0,3.7999999999999996e-08,0,1,33.94736842105263,0
PPO-QP,20260809,384,73,36957,0,0,0,0.0,-100.0,-100.0,0.0,2.960594732333751e-17,94.29611872771302,30.0,88,92,30.0,125.0,4,-100.0,19.0,-732.409972299169,-100.0,0.0,3.7999999999999996e-08,0,1,33.94736842105263,0
PPO-QP,20260809,385,73,37053,0,0,0,0.0,-100.0,-100.0,0.0,1.9960055830381408e-11,100.49931148378674,30.0,174,92,30.0,125.0,4,-100.0,19.0,-732.409972299169,-100.0,0.0,3.7999999999999996e-08,0,1,33.94736842105263,0
PPO-QP,20260809,386,73,37149,0,0,0,0.0,-100.0,-100.0,0.0,2.0063306571671548e-11,107.24698631088836,30.0,156,92,30.0,125.0,4,-100.0,19.0,-732.409972299169,-100.0,0.0,3.7999999999999996e-08,0,1,33.94736842105263,0
PPO-QP,20260809,387,73,37245,0,0,0,0.0,-100.0,-100.0,0.0,1.9855450617001225e-11,110.10922097309025,30.0,167,92,30.0,125.0,4,-100.0,19.0,-732.409972299169,-100.0,0.0,3.7999999999999996e-08,0,1,33.94736842105263,0
PPO-QP,20260809,388,73,37341,0,0,0,0.0,-100.0,-100.0,0.0,1.990188754537788e-11,96.32255108936515,30.0,15,92,30.0,125.0,4,-100.0,19.0,-732.409972299169,-100.0,0.0,3.7999999999999996e-08,0,1,33.94736842105263,0
PPO-QP,20260809,389,74,37437,0,0,0,0.0,-100.0,-100.0,0.0,1.9754009539241223e-11,106.52560817321435,30.0,227,92,30.0,125.0,4,-100.0,19.0,-732.409972299169,-100.0,0.0,3.7999999999999996e-08,0,1,33.94736842105263,0
PPO-QP,20260809,390,74,37533,0,0,0,0.0,-100.0,-100.0,0.0,1.9763446434950537e-11,97.3102387833523,30.0,104,92,30.0,125.0,4,-100.0,19.0,-732.409972299169,-100.0,0.0,3.7999999999999996e-08,0,1,33.94736842105263,0
PPO-QP,20260809,391,74,37629,0,0,0,0.0,-100.0,-100.0,0.0,0.0,93.40953184232814,30.0,135,92,30.0,125.0,4,-100.0,19.0,-732.409972299169,-100.0,0.0,3.7999999999999996e-08,0,1,33.94736842105263,0
PPO-QP,20260809,392,74,37725,0,0,0,0.0,-100.0,-100.0,0.0,1.9858252079766696e-11,93.95418866591038,30.0,94,92,30.0,125.0,4,-100.0,19.0,-732.409972299169,-100.0,0.0,3.7999999999999996e-08,0,1,33.94736842105263,0
PPO-QP,20260809,393,74,37821,0,0,0,0.0,-100.0,-100.0,0.0,1.977756847182377e-11,102.98408042338848,30.0,178,92,30.0,125.0,4,-100.0,19.0,-732.409972299169,-100.0,0.0,3.7999999999999996e-08,0,1,33.94736842105263,0
PPO-QP,20260809,394,75,37917,0,0,0,0.0,-100.0,-100.0,0.0,2.960594732333751e-17,106.13850935359314,30.0,234,92,30.0,125.0,4,-100.0,19.0,-732.409972299169,-100.0,0.0,3.7999999999999996e-08,0,1,33.94736842105263,0
PPO-QP,20260809,395,75,38013,0,0,0,0.0,-100.0,-100.0,0.0,1.990236494127847e-11,103.52373239298403,30.0,11,92,30.0,125.0,4,-100.0,19.0,-732.409972299169,-100.0,0.0,3.7999999999999996e-08,0,1,33.94736842105263,0
PPO-QP,20260809,396,75,38109,0,0,0,0.0,-100.0,-100.0,0.0,1.9684457767491874e-11,87.01349732194478,30.0,60,92,30.0,125.0,4,-100.0,19.0,-732.409972299169,-100.0,0.0,3.7999999999999996e-08,0,1,33.94736842105263,0
PPO-QP,20260809,397,75,38205,0,0,0,0.0,-100.0,-100.0,0.0,1.9822488095400104e-11,107.24698631088836,30.0,156,92,30.0,125.0,4,-100.0,19.0,-732.409972299169,-100.0,0.0,3.7999999999999996e-08,0,1,33.94736842105263,0
PPO-QP,20260809,398,75,38301,0,0,0,0.0,-100.0,-100.0,0.0,2.0020781329084986e-11,93.11517390836408,30.0,96,92,30.0,125.0,4,-100.0,19.0,-732.409972299169,-100.0,0.0,3.7999999999999996e-08,0,1,33.94736842105263,0
PPO-QP,20260809,399,75,38397,0,0,0,0.0,-100.0,-100.0,0.0,1.5906894320257456e-11,97.38139037467363,30.0,112,92,30.0,125.0,4,-100.0,19.0,-732.409972299169,-100.0,0.0,3.7999999999999996e-08,0,1,33.94736842105263,0
PPO-QP,20260809,400,76,38493,0,0,0,0.0,-100.0,-100.0,0.0,1.958270582728498e-11,76.26011533638224,30.0,28,92,30.0,125.0,4,-100.0,19.0,-732.409972299169,-100.0,0.0,3.7999999999999996e-08,0,1,33.94736842105263,0
PPO-QP,20260809,401,76,38589,0,0,0,0.0,-100.0,-100.0,0.0,1.9884157283674617e-11,103.71614153679448,30.0,125,92,30.0,125.0,4,-100.0,19.0,-732.409972299169,-100.0,0.0,3.7999999999999996e-08,0,1,33.94736842105263,0
PPO-QP,20260809,402,76,38685,0,0,0,0.0,-100.0,-100.0,0.0,1.9863991932804006e-11,99.52151171969736,30.0,51,92,30.0,125.0,4,-100.0,19.0,-732.409972299169,-100.0,0.0,3.7999999999999996e-08,0,1,33.94736842105263,0
PPO-QP,20260809,403,76,38781,0,0,0,0.0,-100.0,-100.0,0.0,1.9686263730278598e-11,100.49931148378674,30.0,174,92,30.0,125.0,4,-100.0,19.0,-732.409972299169,-100.0,0.0,3.7999999999999996e-08,0,1,33.94736842105263,0
PPO-QP,20260809,404,76,38877,0,0,0,0.0,-100.0,-100.0,0.0,1.7115468301890737e-11,92.94233251117724,30.0,1,92,30.0,125.0,4,-100.0,19.0,-732.409972299169,-100.0,0.0,3.7999999999999996e-08,0,1,33.94736842105263,0
PPO-QP,20260809,405,77,38973,0,0,0,0.0,-100.0,-100.0,0.0,2.0163914982163077e-11,110.48753847270052,30.0,160,92,30.0,125.0,4,-100.0,19.0,-732.409972299169,-100.0,0.0,3.7999999999999996e-08,0,1,33.94736842105263,0
PPO-QP,20260809,406,77,39069,0,0,0,0.0,-100.0,-100.0,0.0,1.9895470456295547e-11,102.98408042338848,30.0,178,92,30.0,125.0,4,-100.0,19.0,-732.409972299169,-100.0,0.0,3.7999999999999996e-08,0,1,33.94736842105263,0
PPO-QP,20260809,407,77,39165,0,0,0,0.0,-100.0,-100.0,0.0,1.978849306638608e-11,87.04250902822423,30.0,70,92,30.0,125.0,4,-100.0,19.0,-732.409972299169,-100.0,0.0,3.7999999999999996e-08,0,1,33.94736842105263,0
PPO-QP,20260809,408,77,39261,0,0,0,0.0,-100.0,-100.0,0.0,1.9748421416683945e-11,98.21813398146197,30.0,68,92,30.0,125.0,4,-100.0,19.0,-732.409972299169,-100.0,0.0,3.7999999999999996e-08,0,1,33.94736842105263,0
PPO-QP,20260809,409,77,39357,0,0,0,0.0,-100.0,-100.0,0.0,1.97537393849719e-11,100.78780511344941,30.0,45,92,30.0,125.0,4,-100.0,19.0,-732.409972299169,-100.0,0.0,3.7999999999999996e-08,0,1,33.94736842105263,0
PPO-QP,20260809,410,78,39453,0,0,0,0.0,-100.0,-100.0,0.0,1.9971328294824768e-11,102.75890329454388,30.0,187,92,30.0,125.0,4,-100.0,19.0,-732.409972299169,-100.0,0.0,3.7999999999999996e-08,0,1,33.94736842105263,0
PPO-QP,20260809,411,78,39549,0,0,0,0.0,-100.0,-100.0,0.0,1.992418452445577e-11,83.30546343049515,30.0,77,92,30.0,125.0,4,-100.0,19.0,-732.409972299169,-100.0,0.0,3.7999999999999996e-08,0,1,33.94736842105263,0
PPO-QP,20260809,412,78,39645,0,0,0,0.0,-100.0,-100.0,0.0,2.0013246615491197e-11,106.53263417041393,30.0,236,92,30.0,125.0,4,-100.0,19.0,-732.409972299169,-100.0,0.0,3.7999999999999996e-08,0,1,33.94736842105263,0
PPO-QP,20260809,413,78,39741,0,0,0,0.0,-100.0,-100.0,0.0,1.7910047519128133e-11,114.98663326839446,30.0,182,92,30.0,125.0,4,-100.0,19.0,-732.409972299169,-100.0,0.0,3.7999999999999996e-08,0,1,33.94736842105263,0
PPO-QP,20260809,414,78,39837,0,0,0,0.0,-100.0,-100.0,0.0,1.7258701875041047e-11,98.39027437785774,30.0,5,92,30.0,125.0,4,-100.0,19.0,-732.409972299169,-100.0,0.0,3.7999999999999996e-08,0,1,33.94736842105263,0
PPO-QP,20260809,415,78,39933,0,0,0,0.0,-100.0,-100.0,0.0,1.997119876880523e-11,105.94011237910321,30.0,184,92,30.0,125.0,4,-100.0,19.0,-732.409972299169,-100.0,0.0,3.7999999999999996e-08,0,1,33.94736842105263,0
PPO-QP,20260809,416,79,40029,0,0,0,0.0,-100.0,-100.0,0.0,1.1102230246251566e-17,98.21813398146197,30.0,68,92,30.0,125.0,4,-100.0,19.0,-732.409972299169,-100.0,0.0,3.7999999999999996e-08,0,1,33.94736842105263,0
PPO-QP,20260809,417,79,40125,0,0,0,0.0,-100.0,-100.0,0.0,1.9936548708206678e-11,99.02691431499208,30.0,144,92,30.0,125.0,4,-100.0,19.0,-732.409972299169,-100.0,0.0,3.7999999999999996e-08,0,1,33.94736842105263,0
PPO-QP,20260809,418,79,40221,0,0,0,0.0,-100.0,-100.0,0.0,1.989280962177986e-11,114.34738680718065,30.0,214,92,30.0,125.0,4,-100.0,19.0,-732.409972299169,-100.0,0.0,3.7999999999999996e-08,0,1,33.94736842105263,0
PPO-QP,20260809,419,79,40317,0,0,0,0.0,-100.0,-100.0,0.0,2.002557749255137e-11,89.55801861089178,30.0,102,92,30.0,125.0,4,-100.0,19.0,-732.409972299169,-100.0,0.0,3.7999999999999996e-08,0,1,33.94736842105263,0
PPO-QP,20260809,420,79,40413,0,0,0,0.0,-100.0,-100.0,0.0,1.99627906797654e-11,109.25196286046445,30.0,158,92,30.0,125.0,4,-100.0,19.0,-732.409972299169,-100.0,0.0,3.7999999999999996e-08,0,1,33.94736842105263,0
PPO-QP,20260809,421,80,40509,0,0,0,0.0,-100.0,-100.0,0.0,1.9621526625712704e-11,100.53597211255874,30.0,10,92,30.0,125.0,4,-100.0,19.0,-732.409972299169,-100.0,0.0,3.7999999999999996e-08,0,1,33.94736842105263,0
PPO-QP,20260809,422,80,40605,0,0,0,0.0,-100.0,-100.0,0.0,1.9820796855659258e-11,107.24698631088836,30.0,156,92,30.0,125.0,4,-100.0,19.0,-732.409972299169,-100.0,0.0,3.7999999999999996e-08,0,1,33.94736842105263,0
PPO-QP,20260809,423,80,40701,0,0,0,0.0,-100.0,-100.0,0.0,1.9782612585098982e-11,100.53597211255874,30.0,10,92,30.0,125.0,4,-100.0,19.0,-732.409972299169,-100.0,0.0,3.7999999999999996e-08,0,1,33.94736842105263,0
PPO-QP,20260809,424,80,40797,0,0,0,0.0,-100.0,-100.0,0.0,1.9854332992489767e-11,105.07840638717109,30.0,239,92,30.0,125.0,4,-100.0,19.0,-732.409972299169,-100.0,0.0,3.7999999999999996e-08,0,1,33.94736842105263,0
PPO-QP,20260809,425,80,40893,0,0,0,0.0,-100.0,-100.0,0.0,1.4802973661668754e-17,105.46954824232857,30.0,143,92,30.0,125.0,4,-100.0,19.0,-732.409972299169,-100.0,0.0,3.7999999999999996e-08,0,1,33.94736842105263,0
PPO-QP,20260809,426,81,40989,0,0,0,0.0,-100.0,-100.0,0.0,1.978494035270728e-11,106.78624934180647,30.0,218,92,30.0,125.0,4,-100.0,19.0,-732.409972299169,-100.0,0.0,3.7999999999999996e-08,0,1,33.94736842105263,0
PPO-QP,20260809,427,81,41085,0,0,0,0.0,-100.0,-100.0,0.0,1.9833767961330297e-11,107.26565595594029,30.0,39,92,30.0,125.0,4,-100.0,19.0,-732.409972299169,-100.0,0.0,3.7999999999999996e-08,0,1,33.94736842105263,0
PPO-QP,20260809,428,81,41181,0,0,0,0.0,-100.0,-100.0,0.0,1.9693994583273404e-11,102.84941180769906,30.0,173,92,30.0,125.0,4,-100.0,19.0,-732.409972299169,-100.0,0.0,3.7999999999999996e-08,0,1,33.94736842105263,0
PPO-QP,20260809,429,81,41277,0,0,0,0.0,-100.0,-100.0,0.0,1.9862952023904277e-11,89.55801861089178,30.0,102,92,30.0,125.0,4,-100.0,19.0,-732.409972299169,-100.0,0.0,3.7999999999999996e-08,0,1,33.94736842105263,0
PPO-QP,20260809,430,81,41373,0,0,0,0.0,-100.0,-100.0,0.0,1.987277379692879e-11,107.24698631088836,30.0,156,92,30.0,125.0,4,-100.0,19.0,-732.409972299169,-100.0,0.0,3.7999999999999996e-08,0,1,33.94736842105263,0
PPO-QP,20260809,431,81,41469,0,0,0,0.0,-100.0,-100.0,0.0,1.9885511755764658e-11,94.29020215225974,30.0,81,92,30.0,125.0,4,-100.0,19.0,-732.409972299169,-100.0,0.0,3.7999999999999996e-08,0,1,33.94736842105263,0
PPO-QP,20260809,432,82,41565,0,0,0,0.0,-100.0,-100.0,0.0,1.972016994145065e-11,98.10549359535615,30.0,151,92,30.0,125.0,4,-100.0,19.0,-732.409972299169,-100.0,0.0,3.7999999999999996e-08,0,1,33.94736842105263,0
PPO-QP,20260809,433,82,41661,0,0,0,0.0,-100.0,-100.0,0.0,1.5722019982196874e-11,106.78624934180647,30.0,218,92,30.0,125.0,4,-100.0,19.0,-732.409972299169,-100.0,0.0,3.7999999999999996e-08,0,1,33.94736842105263,0
PPO-QP,20260809,434,82,41757,0,0,0,0.0,-100.0,-100.0,0.0,0.0,107.26565595594029,30.0,39,92,30.0,125.0,4,-100.0,19.0,-732.409972299169,-100.0,0.0,3.7999999999999996e-08,0,1,33.94736842105263,0
PPO-QP,20260809,435,82,41853,0,0,0,0.0,-100.0,-100.0,0.0,1.9727756465452256e-11,103.71614153679448,30.0,125,92,30.0,125.0,4,-100.0,19.0,-732.409972299169,-100.0,0.0,3.7999999999999996e-08,0,1,33.94736842105263,0
PPO-QP,20260809,436,82,41949,0,0,0,0.0,-100.0,-100.0,0.0,1.9954530620462187e-11,111.37033894980843,30.0,201,92,30.0,125.0,4,-100.0,19.0,-732.409972299169,-100.0,0.0,3.7999999999999996e-08,0,1,33.94736842105263,0
PPO-QP,20260809,437,83,42045,0,0,0,0.0,-100.0,-100.0,0.0,1.9761444332762797e-11,98.38002215283956,30.0,50,92,30.0,125.0,4,-100.0,19.0,-732.409972299169,-100.0,0.0,3.7999999999999996e-08,0,1,33.94736842105263,0
PPO-QP,20260809,438,83,42141,0,0,0,0.0,-100.0,-100.0,0.0,1.994420924707659e-11,110.25536271311508,30.0,196,92,30.0,125.0,4,-100.0,19.0,-732.409972299169,-100.0,0.0,3.7999999999999996e-08,0,1,33.94736842105263,0
PPO-QP,20260809,439,83,42237,0,0,0,0.0,-100.0,-100.0,0.0,1.9796767928662953e-11,83.30546343049515,30.0,77,92,30.0,125.0,4,-100.0,19.0,-732.409972299169,-100.0,0.0,3.7999999999999996e-08,0,1,33.94736842105263,0
PPO-QP,20260809,440,83,42333,0,0,0,0.0,-100.0,-100.0,0.0,1.9960792278321076e-11,100.89617127432541,30.0,141,92,30.0,125.0,4,-100.0,19.0,-732.409972299169,-100.0,0.0,3.7999999999999996e-08,0,1,33.94736842105263,0
PPO-QP,20260809,441,83,42429,0,0,0,0.0,-100.0,-100.0,0.0,1.7093415571878266e-11,113.92297184986944,30.0,217,92,30.0,125.0,4,-100.0,19.0,-732.409972299169,-100.0,0.0,3.7999999999999996e-08,0,1,33.94736842105263,0
PPO-QP,20260809,442,84,42525,0,0,0,0.0,-100.0,-100.0,0.0,1.9535513947251577e-11,110.25536271311508,30.0,196,92,30.0,125.0,4,-100.0,19.0,-732.409972299169,-100.0,0.0,3.7999999999999996e-08,0,1,33.94736842105263,0
PPO-QP,20260809,443,84,42621,0,0,0,0.0,-100.0,-100.0,0.0,1.9696078101816283e-11,88.96023354870242,30.0,72,92,30.0,125.0,4,-100.0,19.0,-732.409972299169,-100.0,0.0,3.7999999999999996e-08,0,1,33.94736842105263,0
PPO-QP,20260809,444,84,42717,0,0,0,0.0,-100.0,-100.0,0.0,1.9786753716980836e-11,106.24062507747706,30.0,199,92,30.0,125.0,4,-100.0,19.0,-732.409972299169,-100.0,0.0,3.7999999999999996e-08,0,1,33.94736842105263,0
PPO-QP,20260809,445,84,42813,0,0,0,0.0,-100.0,-100.0,0.0,1.9809979582655992e-11,98.04912306783665,30.0,136,92,30.0,125.0,4,-100.0,19.0,-732.409972299169,-100.0,0.0,3.7999999999999996e-08,0,1,33.94736842105263,0
PPO-QP,20260809,446,84,42909,0,0,0,0.0,-100.0,-100.0,0.0,0.0,117.29831760304205,30.0,210,92,30.0,125.0,4,-100.0,19.0,-732.409972299169,-100.0,0.0,3.7999999999999996e-08,0,1,33.94736842105263,0
PPO-QP,20260809,447,84,43005,0,0,0,0.0,-100.0,-100.0,0.0,1.97284633074446e-11,101.21404399016883,30.0,40,92,30.0,125.0,4,-100.0,19.0,-732.409972299169,-100.0,0.0,3.7999999999999996e-08,0,1,33.94736842105263,0
PPO-QP,20260809,448,85,43101,0,0,0,0.0,-100.0,-100.0,0.0,0.0,99.96667633583264,30.0,97,92,30.0,125.0,4,-100.0,19.0,-732.409972299169,-100.0,0.0,3.7999999999999996e-08,0,1,33.94736842105263,0
PPO-QP,20260809,449,85,43197,0,0,0,0.0,-100.0,-100.0,0.0,1.9689768334292996e-11,89.82960521821806,30.0,90,92,30.0,125.0,4,-100.0,19.0,-732.409972299169,-100.0,0.0,3.7999999999999996e-08,0,1,33.94736842105263,0
PPO-QP,20260809,450,85,43293,0,0,0,0.0,-100.0,-100.0,0.0,1.9873129068296673e-11,98.10549359535615,30.0,151,92,30.0,125.0,4,-100.0,19.0,-732.409972299169,-100.0,0.0,3.7999999999999996e-08,0,1,33.94736842105263,0
PPO-QP,20260809,451,85,43389,0,0,0,0.0,-100.0,-100.0,0.0,0.0,99.08924403023656,30.0,237,92,30.0,125.0,4,-100.0,19.0,-732.409972299169,-100.0,0.0,3.7999999999999996e-08,0,1,33.94736842105263,0
PPO-QP,20260809,452,85,43485,0,0,0,0.0,-100.0,-100.0,0.0,1.9530018343279683e-11,106.54959711280397,30.0,197,92,30.0,125.0,4,-100.0,19.0,-732.409972299169,-100.0,0.0,3.7999999999999996e-08,0,1,33.94736842105263,0
PPO-QP,20260809,453,86,43581,0,0,0,0.0,-100.0,-100.0,0.0,1.9880500949180183e-11,107.24698631088836,30.0,156,92,30.0,125.0,4,-100.0,19.0,-732.409972299169,-100.0,0.0,3.7999999999999996e-08,0,1,33.94736842105263,0
PPO-QP,20260809,454,86,43677,0,0,0,0.0,-100.0,-100.0,0.0,1.460322603582161e-11,83.30942638550725,30.0,49,92,30.0,125.0,4,-100.0,19.0,-732.409972299169,-100.0,0.0,3.7999999999999996e-08,0,1,33.94736842105263,0
PPO-QP,20260809,455,86,43773,0,0,0,0.0,-100.0,-100.0,0.0,1.983047059894716e-11,109.25196286046445,30.0,158,92,30.0,125.0,4,-100.0,19.0,-732.409972299169,-100.0,0.0,3.7999999999999996e-08,0,1,33.94736842105263,0
PPO-QP,20260809,456,86,43869,0,0,0,0.0,-100.0,-100.0,0.0,1.9924928373882266e-11,109.76789593316256,30.0,195,92,30.0,125.0,4,-100.0,19.0,-732.409972299169,-100.0,0.0,3.7999999999999996e-08,0,1,33.94736842105263,0
PPO-QP,20260809,457,86,43965,0,0,0,0.0,-100.0,-100.0,0.0,1.9866216079596674e-11,105.7846855565606,30.0,4,92,30.0,125.0,4,-100.0,19.0,-732.409972299169,-100.0,0.0,3.7999999999999996e-08,0,1,33.94736842105263,0
PPO-QP,20260809,458,87,44061,0,0,0,0.0,-100.0,-100.0,0.0,1.9627588443427158e-11,111.81848596317624,30.0,207,92,30.0,125.0,4,-100.0,19.0,-732.409972299169,-100.0,0.0,3.7999999999999996e-08,0,1,33.94736842105263,0
PPO-QP,20260809,459,87,44157,0,0,0,0.0,-100.0,-100.0,0.0,1.983741319359448e-11,83.44779529038792,30.0,14,92,30.0,125.0,4,-100.0,19.0,-732.409972299169,-100.0,0.0,3.7999999999999996e-08,0,1,33.94736842105263,0
PPO-QP,20260809,460,87,44253,0,0,0,0.0,-100.0,-100.0,0.0,0.0,113.6679028833153,30.0,168,92,30.0,125.0,4,-100.0,19.0,-732.409972299169,-100.0,0.0,3.7999999999999996e-08,0,1,33.94736842105263,0
PPO-QP,20260809,461,87,44349,0,0,0,0.0,-100.0,-100.0,0.0,1.9718589724012266e-11,98.38002215283956,30.0,50,92,30.0,125.0,4,-100.0,19.0,-732.409972299169,-100.0,0.0,3.7999999999999996e-08,0,1,33.94736842105263,0
PPO-QP,20260809,462,87,44445,0,0,0,0.0,-100.0,-100.0,0.0,1.6115327590900583e-11,102.62518138191051,30.0,134,92,30.0,125.0,4,-100.0,19.0,-732.409972299169,-100.0,0.0,3.7999999999999996e-08,0,1,33.94736842105263,0
PPO-QP,20260809,463,87,44541,0,0,0,0.0,-100.0,-100.0,0.0,1.9840011115472103e-11,100.83889927295647,30.0,31,92,30.0,125.0,4,-100.0,19.0,-732.409972299169,-100.0,0.0,3.7999999999999996e-08,0,1,33.94736842105263,0
PPO-QP,20260809,464,88,44637,0,0,0,0.0,-100.0,-100.0,0.0,1.9868950928980667e-11,104.76339971089588,30.0,25,92,30.0,125.0,4,-100.0,19.0,-732.409972299169,-100.0,0.0,3.7999999999999996e-08,0,1,33.94736842105263,0
PPO-QP,20260809,465,88,44733,0,0,0,0.0,-100.0,-100.0,0.0,0.0,117.29831760304205,30.0,210,92,30.0,125.0,4,-100.0,19.0,-732.409972299169,-100.0,0.0,3.7999999999999996e-08,0,1,33.94736842105263,0
PPO-QP,20260809,466,88,44829,0,0,0,0.0,-100.0,-100.0,0.0,1.6946977154930208e-11,73.4818515278711,30.0,56,92,30.0,125.0,4,-100.0,19.0,-732.409972299169,-100.0,0.0,3.7999999999999996e-08,0,1,33.94736842105263,0
PPO-QP,20260809,467,88,44925,0,0,0,0.0,-100.0,-100.0,0.0,0.0,92.01794582118721,30.0,127,92,30.0,125.0,4,-100.0,19.0,-732.409972299169,-100.0,0.0,3.7999999999999996e-08,0,1,33.94736842105263,0
PPO-QP,20260809,468,88,45021,0,0,0,0.0,-100.0,-100.0,0.0,1.9855476522205133e-11,100.83889927295647,30.0,31,92,30.0,125.0,4,-100.0,19.0,-732.409972299169,-100.0,0.0,3.7999999999999996e-08,0,1,33.94736842105263,0
PPO-QP,20260809,469,89,45117,0,0,0,0.0,-100.0,-100.0,0.0,1.575206261724323e-11,106.78624934180647,30.0,218,92,30.0,125.0,4,-100.0,19.0,-732.409972299169,-100.0,0.0,3.7999999999999996e-08,0,1,33.94736842105263,0
PPO-QP,20260809,470,89,45213,0,0,0,0.0,-100.0,-100.0,0.0,1.9733781275732554e-11,107.26565595594029,30.0,39,92,30.0,125.0,4,-100.0,19.0,-732.409972299169,-100.0,0.0,3.7999999999999996e-08,0,1,33.94736842105263,0
PPO-QP,20260809,471,89,45309,0,0,0,0.0,-100.0,-100.0,0.0,1.9594796156023146e-11,93.4850457571753,30.0,83,92,30.0,125.0,4,-100.0,19.0,-732.409972299169,-100.0,0.0,3.7999999999999996e-08,0,1,33.94736842105263,0
PPO-QP,20260809,472,89,45405,0,0,0,0.0,-100.0,-100.0,0.0,1.9770625877176448e-11,103.71614153679448,30.0,125,92,30.0,125.0,4,-100.0,19.0,-732.409972299169,-100.0,0.0,3.7999999999999996e-08,0,1,33.94736842105263,0
PPO-QP,20260809,473,89,45501,0,0,0,0.0,-100.0,-100.0,0.0,1.9359695328328522e-11,109.28789200484522,30.0,176,92,30.0,125.0,4,-100.0,19.0,-732.409972299169,-100.0,0.0,3.7999999999999996e-08,0,1,33.94736842105263,0
PPO-QP,20260809,474,90,45597,0,0,0,0.0,-100.0,-100.0,0.0,1.967601267101789e-11,91.86532092092294,30.0,121,92,30.0,125.0,4,-100.0,19.0,-732.409972299169,-100.0,0.0,3.7999999999999996e-08,0,1,33.94736842105263,0
PPO-QP,20260809,475,90,45693,0,0,0,0.0,-100.0,-100.0,0.0,1.9624546432339686e-11,112.63083730657955,30.0,166,92,30.0,125.0,4,-100.0,19.0,-732.409972299169,-100.0,0.0,3.7999999999999996e-08,0,1,33.94736842105263,0
PPO-QP,20260809,476,90,45789,0,0,0,0.0,-100.0,-100.0,0.0,1.989709878339833e-11,112.50095741162527,30.0,230,92,30.0,125.0,4,-100.0,19.0,-732.409972299169,-100.0,0.0,3.7999999999999996e-08,0,1,33.94736842105263,0
PPO-QP,20260809,477,90,45885,0,0,0,0.0,-100.0,-100.0,0.0,1.5798629071639424e-11,100.07999755036212,30.0,172,92,30.0,125.0,4,-100.0,19.0,-732.409972299169,-100.0,0.0,3.7999999999999996e-08,0,1,33.94736842105263,0
PPO-QP,20260809,478,90,45981,0,0,0,0.0,-100.0,-100.0,0.0,7.401486830834377e-18,108.98309588157623,30.0,165,92,30.0,125.0,4,-100.0,19.0,-732.409972299169,-100.0,0.0,3.7999999999999996e-08,0,1,33.94736842105263,0
PPO-QP,20260809,479,90,46077,0,0,0,0.0,-100.0,-100.0,0.0,1.9836676745654813e-11,92.88476102773205,30.0,105,92,30.0,125.0,4,-100.0,19.0,-732.409972299169,-100.0,0.0,3.7999999999999996e-08,0,1,33.94736842105263,0
