controller,seed,episode,update,transition,endpoint_minimum_violation_kw,endpoint_infeasible,feasible_state_violation,extra_excess_energy_kwh_step,power_lower_kw,power_upper_kw,ev_lower_fraction,ev_upper_fraction,base_load_minus_pv_kw,lighting_kw,day,step,soc_kwh,target_kwh,remaining_steps,physical_lower_kw,physical_upper_kw,terminal_lower_kw,terminal_upper_kw,terminal_physical_gap_kw,tolerance_kw,terminal_roundoff_repair,terminal_ramp_relaxation,terminal_ramp_gap_kw,terminal_target_conflict_step
PPO-QP,20260806,0,1,93,0,0,0,0.0,-100.0,-79.80720890497678,0.0,1.9728759366917833e-11,111.81848596317624,30.0,207,92,34.795787885068016,125.0,4,-100.0,37.22399396325846,-712.2171812041457,-79.80720890497678,-20.192791095023225,3.7999999999999996e-08,0,1,41.545278547626786,0
PPO-QP,20260806,1,1,190,0,0,0,0.0,-100.0,-59.60077653706776,0.0,1.9835703450136558e-11,96.15816401928808,30.0,9,93,63.34481557244641,125.0,3,-100.0,100.0,-481.2074247365138,-59.60077653706776,-40.39922346293224,3.7999999999999996e-08,0,1,12.597309433509409,0
PPO-QP,20260806,2,1,286,0,0,0,0.0,-100.0,-72.8927741070279,0.0,1.9904289327854485e-11,105.16110436655725,30.0,4,93,60.18796614958087,125.0,3,-100.0,100.0,-494.499422306474,-72.8927741070279,-27.107225892972096,3.7999999999999996e-08,0,1,29.91687255509158,0
PPO-QP,20260806,3,1,382,0,0,0,0.0,88.45346663464031,100.0,0.0,1.9977530740789007e-11,72.30693989180492,30.0,42,93,200.9088070091159,125.0,3,-100.0,100.0,88.45346663464031,468.95346663464034,-11.546533365359693,3.7999999999999996e-08,0,1,60.747961796526205,0
PPO-QP,20260806,4,1,477,0,0,0,0.0,79.99999998673945,100.0,0.0,1.932161467858388e-11,103.71614153679448,30.0,125,92,224.99999999651038,125.0,4,-1.469312624785265e-08,100.0,79.99999998673945,650.7499999867395,-20.000000013260546,3.7999999999999996e-08,0,1,45.42620315491846,0
PPO-QP,20260806,6,2,670,0,0,0,0.0,99.99999996170666,100.0,0.0,2.0011844033736754e-11,72.84750702871138,30.0,14,93,203.94736841097546,125.0,3,-88.6426593222086,100.0,99.99999996170666,480.4999999617067,-3.829333650173794e-08,3.7999999999999996e-08,0,1,48.81281172983319,0
PPO-QP,20260806,7,2,765,0,0,0,0.0,80.0,100.0,0.0,1.9560349636312443e-11,97.38139037467363,30.0,112,92,225.0,125.0,4,-0.0,100.0,80.0,650.75,-20.0,3.7999999999999996e-08,0,1,35.0000000297017,0
PPO-QP,20260806,8,2,861,0,0,0,0.0,80.0,100.0,0.0,1.9359750839479754e-11,97.11329274490448,30.0,224,92,225.0,125.0,4,-0.0,100.0,80.0,650.75,-20.0,3.7999999999999996e-08,0,1,49.37835063864848,0
PPO-QP,20260806,10,3,1053,0,0,0,0.0,40.810226778466394,100.0,0.0,1.9695696925244497e-11,88.64779970570982,30.0,89,92,214.68690178380695,125.0,4,-43.42357143660234,100.0,40.810226778466394,611.5602267784664,-59.189773221533606,3.7999999999999996e-08,0,1,24.538745056844224,0
PPO-QP,20260806,10,3,1054,0,0,0,0.0,99.99999999999991,100.0,0.0,1.9695696925244497e-11,93.0802710230249,30.0,89,93,203.94736842105263,125.0,3,-88.6426592797784,100.0,99.99999999999991,480.5,-8.526512829121202e-14,3.7999999999999996e-08,0,1,14.189773221533528,0
PPO-QP,20260806,11,3,1150,0,0,0,0.0,-100.0,-100.0,0.0,2.0064398290979094e-11,77.44550971994893,30.0,41,93,53.75,125.0,3,-100.0,100.0,-521.6066481994461,-100.0,0.0,3.7999999999999996e-08,0,1,66.40027098372381,0
PPO-QP,20260806,12,3,1247,0,0,0,0.0,-100.0,-91.85779847425358,0.0,1.9907949363092333e-11,101.33264597924469,30.0,232,94,79.43377286236478,125.0,2,-100.0,100.0,-302.6611225739766,-91.85779847425358,-8.142201525746415,3.7999999999999996e-08,0,1,51.01831093192446,0
PPO-QP,20260806,13,3,1341,0,0,0,0.0,-100.0,-38.7225023156436,0.0,2.0097264593251416e-11,98.93643937105452,30.0,191,92,44.553405700034645,125.0,4,-100.0,74.30294166013165,-671.1324746148126,-38.7225023156436,-61.2774976843564,3.7999999999999996e-08,0,1,10.662637613965998,0
PPO-QP,20260806,13,3,1342,0,0,0,0.0,-100.0,-100.0,0.0,2.0097264593251416e-11,99.78115727120958,30.0,191,93,53.75,125.0,3,-100.0,100.0,-521.6066481994461,-100.0,0.0,3.7999999999999996e-08,0,1,16.277497684356405,0
PPO-QP,20260806,14,3,1437,0,0,0,0.0,-100.0,-79.52332016604846,0.0,0.0,105.40884051002003,30.0,169,92,34.86321146056349,125.0,4,-100.0,37.48020355014126,-711.9332924652175,-79.52332016604846,-20.476679833951536,3.7999999999999996e-08,0,1,38.78711521509166,0
PPO-QP,20260806,15,3,1536,0,0,0,0.0,99.99999998765145,99.99999998765145,0.0,0.0,93.67462378534276,30.0,71,95,151.3157894704346,125.0,1,-100.0,100.0,99.99999998765145,99.99999998765145,0.0,3.7999999999999996e-08,0,1,79.06388627278226,0
PPO-QP,20260806,16,4,1629,0,0,0,0.0,-100.0,-61.265518435600406,0.0,1.9973693069867218e-11,103.92254966074705,30.0,229,92,39.199439371544905,125.0,4,-100.0,53.957869611870635,-693.6754907347694,-61.265518435600406,-38.734481564399594,3.7999999999999996e-08,0,1,7.234551834955994,0
PPO-QP,20260806,17,4,1726,0,0,0,0.0,-100.0,-100.0,0.0,2.0017076884926154e-11,115.26966085518991,30.0,198,93,53.75,125.0,3,-100.0,100.0,-521.6066481994461,-100.0,0.0,3.7999999999999996e-08,0,1,57.93957207913716,0
PPO-QP,20260806,18,4,1821,0,0,0,0.0,-100.0,-90.72607767975755,0.0,1.99688154900457e-11,109.97109181636901,30.0,185,92,32.20255655105758,125.0,4,-100.0,27.369714894018813,-723.1360499789265,-90.72607767975755,-9.273922320242448,3.7999999999999996e-08,0,1,31.630661327323786,0
PPO-QP,20260806,19,4,1918,0,0,0,0.0,-100.0,-72.37955356543699,0.0,0.0,110.8019174029225,30.0,212,93,60.30985602820871,125.0,3,-100.0,100.0,-493.9862017648831,-72.37955356543699,-27.620446434563007,3.7999999999999996e-08,0,1,12.731366959213076,0
PPO-QP,20260806,20,4,2016,0,0,0,0.0,-85.61579235826792,-85.61579235826792,1.9767672683930945e-11,1.9767672683930945e-11,98.60420573302645,30.0,96,95,104.66624931491137,125.0,1,-100.0,100.0,-85.61579235826792,-85.61579235826792,0.0,3.7999999999999996e-08,0,1,1.9268651531123453,0
PPO-QP,20260806,21,5,2109,0,0,0,0.0,-100.0,-100.0,0.0,1.9986390320525515e-11,109.23909068749569,30.0,157,92,30.0,125.0,4,-100.0,19.0,-732.409972299169,-100.0,0.0,3.7999999999999996e-08,0,1,44.40309785143944,0
PPO-QP,20260806,22,5,2205,0,0,0,0.0,-100.0,-92.06077316740961,0.0,1.9998965446651102e-11,108.13271811924119,30.0,232,92,31.885566372740218,125.0,4,-100.0,26.165152216412828,-724.4707454665786,-92.06077316740961,-7.939226832590393,3.7999999999999996e-08,0,1,66.40118654711243,0
PPO-QP,20260806,23,5,2303,0,0,0,0.0,58.07801305121336,100.0,0.0,2.000935343341818e-11,107.53891596635177,30.0,233,94,166.59947711874037,125.0,2,-100.0,100.0,58.07801305121336,248.3280130512134,-41.92198694878664,3.7999999999999996e-08,0,1,22.17853442822738,0
PPO-QP,20260806,24,5,2397,0,0,0,0.0,-100.0,-100.0,0.0,1.9905688208865513e-11,101.49658100152236,30.0,177,92,30.0,125.0,4,-100.0,19.0,-732.409972299169,-100.0,0.0,3.7999999999999996e-08,0,1,33.94736842105263,0
PPO-QP,20260806,25,5,2493,0,0,0,0.0,-100.0,-100.0,0.0,1.9938835767637406e-11,93.95418866591038,30.0,94,92,30.0,125.0,4,-100.0,19.0,-732.409972299169,-100.0,0.0,3.7999999999999996e-08,0,1,33.94736842105263,0
PPO-QP,20260806,26,6,2591,0,0,0,0.0,75.9581452619217,100.0,0.0,1.9978089553044735e-11,94.53210385971187,30.0,224,94,171.30477506892677,125.0,2,-100.0,100.0,75.9581452619217,266.20814526192174,-24.0418547380783,3.7999999999999996e-08,0,1,78.26318376866092,0
PPO-QP,20260806,26,6,2592,0,0,0,0.0,100.0,100.0,1.9471550298059507e-11,1.9471550298059507e-11,99.07999452797846,30.0,224,95,151.31578947368422,125.0,1,-100.0,100.0,100.00000000000003,100.00000000000003,2.842170943040401e-14,3.7999999999999996e-08,1,0,0.0,0
PPO-QP,20260806,27,6,2687,0,0,0,0.0,54.27253758263706,100.0,0.0,1.9888724001049242e-11,90.42961966506067,30.0,72,94,165.59803620595713,125.0,2,-100.0,100.0,54.27253758263706,244.52253758263709,-45.72746241736294,3.7999999999999996e-08,0,1,24.250684273223484,0
PPO-QP,20260806,27,6,2688,0,0,0,0.0,100.0,100.0,1.9638313197845038e-11,1.9638313197845038e-11,82.25336332736374,30.0,72,95,151.31578947368422,125.0,1,-100.0,100.0,100.00000000000003,100.00000000000003,2.842170943040401e-14,3.7999999999999996e-08,1,1,0.7274624173629434,0
PPO-QP,20260806,28,6,2784,0,0,0,0.0,-81.27097803654226,-81.27097803654226,2.0043037599985306e-11,2.0043037599985306e-11,92.71824970096829,30.0,89,95,105.69814271632121,125.0,1,-100.0,100.0,-81.27097803654226,-81.27097803654226,0.0,3.7999999999999996e-08,0,1,25.313769389711233,0
PPO-QP,20260806,29,6,2877,0,0,0,0.0,-100.0,-100.0,0.0,1.9813410171802086e-11,110.34769251483871,30.0,219,92,30.0,125.0,4,-100.0,19.0,-732.409972299169,-100.0,0.0,3.7999999999999996e-08,0,1,33.94736842105263,0
PPO-QP,20260806,30,6,2976,0,0,0,0.0,71.25248388216843,71.25248388216843,1.987021658322874e-11,1.987021658322874e-11,84.8263551992391,30.0,63,95,143.75065365320222,125.0,1,-100.0,100.0,71.25248388216843,71.25248388216843,0.0,3.7999999999999996e-08,0,1,39.428030247284894,0
PPO-QP,20260806,31,6,3071,0,0,0,0.0,-100.0,-100.0,0.0,1.9652335314646052e-11,94.34652088573726,30.0,100,94,77.5,125.0,2,-100.0,100.0,-310.80332409972306,-100.0,0.0,3.7999999999999996e-08,0,1,34.73860130507833,0
PPO-QP,20260806,32,7,3167,0,0,0,0.0,96.57041986530491,100.0,0.0,1.9880001348819102e-11,117.14602300204837,30.0,195,94,176.72905785929078,125.0,2,-100.0,100.0,96.57041986530491,286.8204198653049,-3.4295801346950867,3.7999999999999996e-08,0,1,90.45575606449756,0
PPO-QP,20260806,32,7,3168,0,0,0,0.0,100.0,100.0,1.9668725907232935e-11,1.9668725907232935e-11,106.99870048044735,30.0,195,95,151.31578947368422,125.0,1,-100.0,100.0,100.00000000000003,100.00000000000003,2.842170943040401e-14,3.7999999999999996e-08,1,0,0.0,0
PPO-QP,20260806,33,7,3263,0,0,0,0.0,-100.0,-99.99999999899644,0.0,1.9749872108102787e-11,111.14380741557956,30.0,220,94,77.50000000023834,125.0,2,-100.0,100.0,-310.8033240987195,-99.99999999899644,-1.0035563491328503e-09,3.7999999999999996e-08,0,1,12.705454050291124,0
PPO-QP,20260806,34,7,3357,0,0,0,0.0,-100.0,-100.0,0.0,1.9875027549668783e-11,100.89617127432541,30.0,141,92,30.0,125.0,4,-100.0,19.0,-732.409972299169,-100.0,0.0,3.7999999999999996e-08,0,1,33.94736842105263,0
PPO-QP,20260806,35,7,3454,0,0,0,0.0,-100.0,-100.0,0.0,1.9870723585076653e-11,99.81726400823128,30.0,26,93,53.75,125.0,3,-100.0,100.0,-521.6066481994461,-100.0,0.0,3.7999999999999996e-08,0,1,23.71583643120411,0
PPO-QP,20260806,36,7,3549,0,0,0,0.0,-100.0,-100.0,0.0,0.0,107.24698631088836,30.0,156,92,30.0,125.0,4,-100.0,19.0,-732.409972299169,-100.0,0.0,3.7999999999999996e-08,0,1,33.94736842105263,0
PPO-QP,20260806,37,8,3646,0,0,0,0.0,-100.0,-100.0,0.0,1.9938939388453036e-11,95.98202910859557,30.0,58,93,53.75,125.0,3,-100.0,100.0,-521.6066481994461,-100.0,0.0,3.7999999999999996e-08,0,1,80.97881104350822,0
PPO-QP,20260806,38,8,3742,0,0,0,0.0,-100.0,-100.0,0.0,1.9924591606231464e-11,104.08615387966258,30.0,194,93,53.75,125.0,3,-100.0,100.0,-521.6066481994461,-100.0,0.0,3.7999999999999996e-08,0,1,26.69719419479442,0
PPO-QP,20260806,39,8,3838,0,0,0,0.0,-100.0,-100.0,0.0,1.9942732650453838e-11,87.03497415625367,30.0,84,93,53.75,125.0,3,-100.0,100.0,-521.6066481994461,-100.0,0.0,3.7999999999999996e-08,0,1,17.901369524084103,0
PPO-QP,20260806,40,8,3933,0,0,0,0.0,41.18055663812629,100.0,0.0,1.9934805658058015e-11,102.9635056064629,30.0,189,92,214.78435701003323,125.0,4,-43.013233641965336,100.0,41.18055663812629,611.9305566381263,-58.81944336187371,3.7999999999999996e-08,0,1,32.78049704251477,0
PPO-QP,20260806,40,8,3934,0,0,0,0.0,99.99999997139082,100.0,0.0,1.9934805658058015e-11,111.13810535641457,30.0,189,93,203.94736841352392,125.0,3,-88.64265931147824,100.0,99.99999997139082,480.4999999713909,-2.8609179025806952e-08,3.7999999999999996e-08,0,1,13.819443304655422,0
PPO-QP,20260806,41,8,4029,0,0,0,0.0,-100.0,-100.0,0.0,1.9496926295659024e-11,93.83291616695745,30.0,124,92,30.0,125.0,4,-100.0,19.0,-732.409972299169,-100.0,0.0,3.7999999999999996e-08,0,1,33.94736842105263,0
PPO-QP,20260806,42,9,4127,0,0,0,0.0,-100.0,-79.02725404080348,0.0,1.998966547844816e-11,89.04681828971898,30.0,75,94,82.48102716530917,125.0,2,-100.0,100.0,-289.83057814052654,-79.02725404080348,-20.972745959196516,3.7999999999999996e-08,0,1,25.58595308999486,0
PPO-QP,20260806,43,9,4221,0,0,0,0.0,-100.0,-100.0,0.0,0.0,111.81848596317624,30.0,207,92,30.0,125.0,4,-100.0,19.0,-732.409972299169,-100.0,0.0,3.7999999999999996e-08,0,1,33.94736842105263,0
PPO-QP,20260806,45,9,4413,0,0,0,0.0,-100.0,-100.0,0.0,1.9920746533822845e-11,105.7846855565606,30.0,4,92,30.0,125.0,4,-100.0,19.0,-732.409972299169,-100.0,0.0,3.7999999999999996e-08,0,1,33.94736842105263,0
PPO-QP,20260806,46,9,4509,0,0,0,0.0,-100.0,-70.67599918213534,0.0,1.988208486736198e-11,83.30942638550725,30.0,49,92,36.96445019424286,125.0,4,-100.0,45.46491073812286,-703.0859714813043,-70.67599918213534,-29.324000817864658,3.7999999999999996e-08,0,1,18.056172576620085,0
PPO-QP,20260806,47,9,4606,0,0,0,0.0,99.99999999999991,100.0,0.0,1.976807236421981e-11,96.32662082951012,30.0,62,93,203.94736842105263,125.0,3,-88.6426592797784,100.0,99.99999999999991,480.5,-8.526512829121202e-14,3.7999999999999996e-08,0,1,32.58183683107963,0
PPO-QP,20260806,48,10,4701,0,0,0,0.0,-100.0,-100.0,0.0,1.9956751066511438e-11,106.24062507747706,30.0,199,92,30.0,125.0,4,-100.0,19.0,-732.409972299169,-100.0,0.0,3.7999999999999996e-08,0,1,40.426714565406684,0
PPO-QP,20260806,49,10,4797,0,0,0,0.0,-100.0,-79.38085086839186,0.0,2.004713802368959e-11,100.9288157550295,30.0,155,92,34.89704791875693,125.0,4,-100.0,37.60878209127634,-711.7908231675609,-79.38085086839186,-20.61914913160814,3.7999999999999996e-08,0,1,1.5814688924556606,0
PPO-QP,20260806,50,10,4895,0,0,0,0.0,-100.0,-77.62790620971637,0.0,1.9435560568344576e-11,97.12876099946345,30.0,115,94,82.81337227519236,125.0,2,-100.0,100.0,-288.4312303094394,-77.62790620971637,-22.37209379028363,3.7999999999999996e-08,0,1,64.41960511131904,0
PPO-QP,20260806,51,10,4989,0,0,0,0.0,79.99999993124906,100.0,0.0,1.9165709759979185e-11,107.26565595594029,30.0,39,92,224.99999998190765,125.0,4,-7.61783188576565e-08,100.0,79.99999993124906,650.749999931249,-20.000000068750936,3.7999999999999996e-08,0,1,34.99999990172589,0
PPO-QP,20260806,52,10,5087,0,0,0,0.0,-100.0,-59.49606838089925,0.0,1.9931252944379214e-11,111.60525712456784,30.0,189,94,87.11968375953643,125.0,2,-100.0,100.0,-270.2993924806223,-59.49606838089925,-40.50393161910075,3.7999999999999996e-08,0,1,1.8789022558503348,0
PPO-QP,20260806,53,11,5181,0,0,0,0.0,-100.0,-100.0,0.0,1.9977308696184082e-11,103.60264311293285,30.0,198,92,30.0,125.0,4,-100.0,19.0,-732.409972299169,-100.0,0.0,3.7999999999999996e-08,0,1,33.94736842105263,0
PPO-QP,20260806,54,11,5277,0,0,0,0.0,22.669270519355024,100.0,0.0,2.0110061763981928e-11,109.65240546778003,30.0,206,92,209.91296592614606,125.0,4,-63.5243539951745,100.0,22.669270519355024,593.419270519355,-77.33072948064498,3.7999999999999996e-08,0,1,5.366408003380286,0
PPO-QP,20260806,54,11,5278,0,0,0,0.0,99.99999999896224,100.0,0.0,1.9683236522164787e-11,105.89638008603899,30.0,206,93,203.94736842077955,125.0,3,-88.6426592809282,100.0,99.99999999896224,480.49999999896227,-1.0377618764323415e-09,3.7999999999999996e-08,0,1,32.33072947856948,0
PPO-QP,20260806,55,11,5373,0,0,0,0.0,-100.0,-100.0,0.0,1.986928769663147e-11,97.15497237735016,30.0,17,92,30.0,125.0,4,-100.0,19.0,-732.409972299169,-100.0,0.0,3.7999999999999996e-08,0,1,42.86099872507121,0
PPO-QP,20260806,57,11,5565,0,0,0,0.0,77.08191594380052,100.0,0.0,2.0132884248624804e-11,91.86532092092294,30.0,121,92,224.2320831431054,125.0,4,-3.2333341342930573,100.0,77.08191594380052,647.8319159438005,-22.918084056199476,3.7999999999999996e-08,0,1,29.163831957126995,0
PPO-QP,20260806,59,12,5759,0,0,0,0.0,29.828318331462548,100.0,0.0,1.9908796833334463e-11,79.3183848197537,30.0,35,94,159.16534692933226,125.0,2,-100.0,100.0,29.828318331462548,220.07831833146258,-70.17168166853745,3.7999999999999996e-08,0,1,28.70819194336545,0
PPO-QP,20260806,59,12,5760,0,0,0,0.0,99.99999997213905,99.99999997213905,1.9908796833334463e-11,1.9908796833334463e-11,79.30445681660771,30.0,35,95,151.31578946635238,125.0,1,-100.0,100.0,99.99999997213905,99.99999997213905,0.0,3.7999999999999996e-08,0,1,25.171681612815533,0
PPO-QP,20260806,60,12,5853,0,0,0,0.0,-100.0,-100.0,0.0,1.9882440138729863e-11,90.43588685788883,30.0,93,92,30.0,125.0,4,-100.0,19.0,-732.409972299169,-100.0,0.0,3.7999999999999996e-08,0,1,33.94736842105263,0
PPO-QP,20260806,61,12,5951,0,0,0,0.0,85.12811859187183,100.0,0.0,0.0,111.60525712456784,30.0,189,94,173.71792594522944,125.0,2,-100.0,100.0,85.12811859187183,275.37811859187184,-14.871881408128175,3.7999999999999996e-08,0,1,46.074664966154955,0
PPO-QP,20260806,61,12,5952,0,0,0,0.0,100.0,100.0,0.0,0.0,111.29242176433362,30.0,189,95,151.31578947368422,125.0,1,-100.0,100.0,100.00000000000003,100.00000000000003,2.842170943040401e-14,3.7999999999999996e-08,1,0,0.0,0
PPO-QP,20260806,62,12,6045,0,0,0,0.0,-100.0,-100.0,0.0,1.9818813257188594e-11,94.14081101762508,30.0,115,92,30.0,125.0,4,-100.0,19.0,-732.409972299169,-100.0,0.0,3.7999999999999996e-08,0,1,33.94736842105263,0
PPO-QP,20260806,63,12,6141,0,0,0,0.0,-100.0,-99.26105481470978,0.0,0.0,105.45166917558011,30.0,213,92,30.175499481506428,125.0,4,-100.0,19.666898029724425,-731.6710271138788,-99.26105481470978,-0.7389451852902198,3.7999999999999996e-08,0,1,32.46947805047219,0
PPO-QP,20260806,64,13,6237,0,0,0,0.0,-100.0,-84.21760115086589,0.0,1.9980609759310635e-11,93.19234625977204,30.0,43,92,33.74831972666935,125.0,4,-100.0,33.24361496134353,-716.6275734500349,-84.21760115086589,-15.782398849134111,3.7999999999999996e-08,0,1,28.403199291008676,0
PPO-QP,20260806,65,13,6335,0,0,0,0.0,-100.0,-43.721450658797316,0.0,1.9868917622289926e-11,108.58091190835204,30.0,32,94,90.86615546853564,125.0,2,-100.0,100.0,-254.52477475852035,-43.721450658797316,-56.278549341202684,3.7999999999999996e-08,0,1,14.834242860276852,0
PPO-QP,20260806,65,13,6336,0,0,0,0.0,-100.0,-100.0,1.9868917622289926e-11,1.9868917622289926e-11,102.48818270925534,30.0,32,95,101.25,125.0,1,-100.0,100.0,-100.0,-100.0,0.0,3.7999999999999996e-08,0,1,11.278549341202677,0
PPO-QP,20260806,66,13,6429,0,0,0,0.0,64.62063101589747,100.0,0.0,1.937020173888489e-11,102.62518138191051,30.0,134,92,220.9527976357625,125.0,4,-17.040852059947397,100.0,64.62063101589747,635.3706310158974,-35.37936898410253,3.7999999999999996e-08,0,1,46.744381879097546,0
PPO-QP,20260806,67,13,6526,0,0,0,0.0,-100.0,-89.84784188882846,0.0,1.9888154086563268e-11,96.15816401928808,30.0,9,93,56.16113755140324,125.0,3,-100.0,100.0,-511.45449008827455,-89.84784188882846,-10.152158111171545,3.7999999999999996e-08,0,1,70.57577135492326,0
PPO-QP,20260806,68,13,6623,0,0,0,0.0,100.0,100.0,0.0,1.9376208045448114e-11,113.58835657207044,30.0,165,94,177.63157894736844,125.0,2,-100.0,100.0,100.00000000000003,290.25000000000006,2.842170943040401e-14,3.7999999999999996e-08,1,1,37.00086261388384,0
PPO-QP,20260806,68,13,6624,0,0,0,0.0,100.0,100.0,0.0,0.0,115.50746958334938,30.0,165,95,151.31578947368422,125.0,1,-100.0,100.0,100.00000000000003,100.00000000000003,2.842170943040401e-14,3.7999999999999996e-08,1,0,0.0,0
PPO-QP,20260806,69,14,6717,0,0,0,0.0,-100.0,-100.0,0.0,1.9944035312136065e-11,91.87996057561233,30.0,84,92,30.0,125.0,4,-100.0,19.0,-732.409972299169,-100.0,0.0,3.7999999999999996e-08,0,1,33.94736842105263,0
PPO-QP,20260806,70,14,6815,0,0,0,0.0,-100.0,-81.99605257329107,0.0,1.9697273441939463e-11,109.7006032391297,30.0,227,94,81.77593751384337,125.0,2,-100.0,100.0,-292.7993766730141,-81.99605257329107,-18.003947426708933,3.7999999999999996e-08,0,1,74.43651838284873,0
PPO-QP,20260806,71,14,6911,0,0,0,0.0,48.29519469611694,100.0,0.0,1.9925794347841475e-11,99.18044830916564,30.0,126,94,164.02505123582026,125.0,2,-100.0,100.0,48.29519469611694,238.54519469611697,-51.70480530388306,3.7999999999999996e-08,0,1,24.347746743827734,0
PPO-QP,20260806,71,14,6912,0,0,0,0.0,100.0,100.0,1.963430529272614e-11,1.963430529272614e-11,104.72124217481296,30.0,126,95,151.31578947368422,125.0,1,-100.0,100.0,100.00000000000003,100.00000000000003,2.842170943040401e-14,3.7999999999999996e-08,1,1,6.704805303883063,0
PPO-QP,20260806,72,14,7005,0,0,0,0.0,-100.0,-96.80551909077678,0.0,2.0045357966106772e-11,93.83291616695745,30.0,124,92,30.758689215940514,125.0,4,-100.0,21.88301902057395,-729.2154913899458,-96.80551909077678,-3.1944809092232163,3.7999999999999996e-08,0,1,87.55663555746054,0
PPO-QP,20260806,73,14,7104,0,0,0,0.0,-90.17125072070844,-90.17125072070844,1.850371707708594e-17,1.850371707708594e-17,75.07964632316296,30.0,14,95,103.58432795383175,125.0,1,-100.0,100.0,-90.17125072070844,-90.17125072070844,0.0,3.7999999999999996e-08,0,1,26.687899557851296,0
PPO-QP,20260806,75,15,7293,0,0,0,0.0,79.9999999746624,100.0,0.0,1.9613451603580263e-11,103.63968225208008,30.0,38,92,224.9999999933322,125.0,4,-2.807490474017533e-08,100.0,79.9999999746624,650.7499999746624,-20.0000000253376,3.7999999999999996e-08,0,1,35.000000007799244,0
PPO-QP,20260806,76,15,7389,0,0,0,0.0,80.0,100.0,0.0,0.0,85.8202729697167,30.0,61,92,225.0,125.0,4,-0.0,100.0,80.0,650.75,-20.0,3.7999999999999996e-08,0,1,35.0000000792189,0
PPO-QP,20260806,77,15,7485,0,0,0,0.0,-100.0,-62.9298022688712,0.0,1.986441751829678e-11,100.89617127432541,30.0,141,92,38.80417196114309,125.0,4,-100.0,52.45585345234374,-695.3397745680402,-62.9298022688712,-37.0701977311288,3.7999999999999996e-08,0,1,12.591498372115787,0
PPO-QP,20260806,78,15,7584,0,0,0,0.0,-100.0,-100.0,1.9839015615493358e-11,1.9839015615493358e-11,106.50042626761032,30.0,142,95,101.25,125.0,1,-100.0,100.0,-100.0,-100.0,0.0,3.7999999999999996e-08,0,1,22.03666078628831,0
PPO-QP,20260806,79,15,7678,0,0,0,0.0,99.99999997357959,100.0,0.0,1.9501755765816144e-11,101.70442983329418,30.0,228,93,203.9473684140999,125.0,3,-88.642659309053,100.0,99.99999997357959,480.49999997357963,-2.6420408971716824e-08,3.7999999999999996e-08,0,1,6.555399051879206,0
PPO-QP,20260806,80,16,7773,0,0,0,0.0,-100.0,-100.0,0.0,1.9858170663411556e-11,96.01676559852008,30.0,37,92,30.0,125.0,4,-100.0,19.0,-732.409972299169,-100.0,0.0,3.7999999999999996e-08,0,1,33.94736842105263,0
PPO-QP,20260806,81,16,7870,0,0,0,0.0,-4.331978060382235,100.0,0.0,2.0045091512580863e-11,98.55318654268454,30.0,185,93,176.60273415802766,125.0,3,-100.0,100.0,-4.331978060382235,376.5903898005051,-104.33197806038224,3.7999999999999996e-08,0,1,21.10206761231509,0
PPO-QP,20260806,81,16,7871,0,0,0,0.0,99.99999996535898,100.0,0.0,2.0045091512580863e-11,99.92073584144174,30.0,185,94,177.63157893825237,125.0,2,-100.0,100.0,99.99999996535898,290.249999965359,-3.464101894223859e-08,3.7999999999999996e-08,0,1,59.331977987357824,0
PPO-QP,20260806,83,16,8061,0,0,0,0.0,79.99999993428156,100.0,0.0,1.9364443382130502e-11,100.69676510316452,30.0,2,92,224.99999998270567,125.0,4,-7.281821461602752e-08,100.0,79.99999993428156,650.7499999342815,-20.00000006571844,3.7999999999999996e-08,0,1,37.14145349007273,0
PPO-QP,20260806,84,16,8157,0,0,0,0.0,77.37355207123571,100.0,0.0,2.960594732333751e-17,105.4474935426842,30.0,52,92,224.30882949243045,125.0,4,-2.9101916108191674,100.0,77.37355207123571,648.1235520712356,-22.626447928764293,3.7999999999999996e-08,0,1,54.64611557441065,0
PPO-QP,20260806,85,17,8254,0,0,0,0.0,-100.0,-100.0,0.0,1.992730795189838e-11,108.64901697084584,30.0,187,93,53.75,125.0,3,-100.0,100.0,-521.6066481994461,-100.0,0.0,3.7999999999999996e-08,0,1,11.926848871080097,0
PPO-QP,20260806,86,17,8349,0,0,0,0.0,-100.0,-100.0,0.0,1.9687858750690643e-11,99.79980532597651,30.0,129,92,30.0,125.0,4,-100.0,19.0,-732.409972299169,-100.0,0.0,3.7999999999999996e-08,0,1,99.72985899495873,0
PPO-QP,20260806,87,17,8445,0,0,0,0.0,58.8208753438739,100.0,0.0,0.0,85.8202729697167,30.0,61,92,219.4265461431247,125.0,4,-23.467174134211746,100.0,58.8208753438739,629.5708753438739,-41.1791246561261,3.7999999999999996e-08,0,1,0.31608361756945413,0
PPO-QP,20260806,88,17,8541,0,0,0,0.0,79.99999996785792,100.0,0.0,2.0130767423391187e-11,80.32125119024646,30.0,20,92,224.99999999154156,125.0,4,-3.561449614751741e-08,100.0,79.99999996785792,650.7499999678579,-20.000000032142083,3.7999999999999996e-08,0,1,60.10458226867631,0
PPO-QP,20260806,89,17,8637,0,0,0,0.0,-100.0,-99.19993640431571,0.0,1.9855206367935806e-11,81.88761466839229,30.0,41,92,30.19001510397502,125.0,4,-100.0,19.72205739510508,-731.6099087034847,-99.19993640431571,-0.8000635956842927,3.7999999999999996e-08,0,1,32.34724122968403,0
PPO-QP,20260806,90,18,8733,0,0,0,0.0,-100.0,-100.0,0.0,0.0,105.46834623074572,30.0,204,92,30.0,125.0,4,-100.0,19.0,-732.409972299169,-100.0,0.0,3.7999999999999996e-08,0,1,33.94736842105263,0
PPO-QP,20260806,91,18,8829,0,0,0,0.0,-100.0,-70.21111675006436,0.0,2.0100906124772185e-11,100.54978970845178,30.0,29,92,37.074859771859714,125.0,4,-100.0,45.88446713306691,-702.6210890492334,-70.21111675006436,-29.788883249935637,3.7999999999999996e-08,0,1,32.21776444607731,0
PPO-QP,20260806,92,18,8927,0,0,0,0.0,41.88337926476121,100.0,0.0,1.965315317894086e-11,94.05197713050227,30.0,71,94,162.33773138546348,125.0,2,-100.0,100.0,41.88337926476121,232.13337926476123,-58.11662073523879,3.7999999999999996e-08,0,1,4.1971359316579395,0
PPO-QP,20260806,92,18,8928,0,0,0,0.0,99.99999997946648,99.99999997946648,1.965315317894086e-11,1.965315317894086e-11,93.67462378534276,30.0,71,95,151.31578946828066,125.0,1,-100.0,100.0,99.99999997946648,99.99999997946648,0.0,3.7999999999999996e-08,0,1,13.116620694171772,0
PPO-QP,20260806,93,18,9021,0,0,0,0.0,80.0,100.0,0.0,1.9515156157723367e-11,104.874570453267,30.0,238,92,225.0,125.0,4,-0.0,100.0,80.0,650.75,-20.0,3.7999999999999996e-08,0,1,35.0,0
PPO-QP,20260806,94,18,9117,0,0,0,0.0,80.0,100.0,0.0,1.9588830557637493e-11,93.40953184232814,30.0,135,92,225.0,125.0,4,-0.0,100.0,80.0,650.75,-20.0,3.7999999999999996e-08,0,1,36.3942402599891,0
PPO-QP,20260806,95,18,9213,0,0,0,0.0,80.0,100.0,0.0,1.982484916969914e-11,87.04250902822423,30.0,70,92,225.0,125.0,4,-0.0,100.0,80.0,650.75,-20.0,3.7999999999999996e-08,0,1,35.00000001291279,0
PPO-QP,20260806,96,19,9309,0,0,0,0.0,80.0,100.0,0.0,1.9256847968070663e-11,114.05868659417193,30.0,202,92,225.0,125.0,4,-0.0,100.0,80.0,650.75,-20.0,3.7999999999999996e-08,0,1,35.0,0
PPO-QP,20260806,97,19,9405,0,0,0,0.0,-100.0,-100.0,0.0,1.990371941336851e-11,105.33033672677433,30.0,183,92,30.0,125.0,4,-100.0,19.0,-732.409972299169,-100.0,0.0,3.7999999999999996e-08,0,1,42.16047543469537,0
PPO-QP,20260806,98,19,9501,0,0,0,0.0,66.7176512492981,100.0,0.0,1.937103440615336e-11,85.8202729697167,30.0,61,92,221.50464506560476,125.0,4,-14.717283934295738,100.0,66.7176512492981,637.4676512492981,-33.2823487507019,3.7999999999999996e-08,0,1,20.88195720620989,0
PPO-QP,20260806,100,19,9695,0,0,0,0.0,-100.0,-100.0,0.0,1.9781861334185653e-11,100.25654437131661,30.0,143,94,77.5,125.0,2,-100.0,100.0,-310.80332409972306,-100.0,0.0,3.7999999999999996e-08,0,1,5.037192633999922,0
PPO-QP,20260806,101,20,9791,0,0,0,0.0,19.919769273049884,100.0,0.0,0.0,101.4649371619999,30.0,187,94,156.55783401922366,125.0,2,-100.0,100.0,19.919769273049884,210.1697692730499,-80.08023072695012,3.7999999999999996e-08,0,1,5.324772282360243,0
PPO-QP,20260806,101,20,9792,0,0,0,0.0,99.99999998901293,99.99999998901293,0.0,0.0,110.42307449343555,30.0,187,95,151.31578947079288,125.0,1,-100.0,100.0,99.99999998901293,99.99999998901293,0.0,3.7999999999999996e-08,0,1,35.08023070497599,0
PPO-QP,20260806,102,20,9885,0,0,0,0.0,80.0,100.0,0.0,1.930980190560187e-11,113.11894463632069,30.0,200,92,225.0,125.0,4,-0.0,100.0,80.0,650.75,-20.0,3.7999999999999996e-08,0,1,35.00000004988818,0
PPO-QP,20260806,103,20,9983,0,0,0,0.0,-100.0,-100.0,0.0,1.9977749084650518e-11,98.56853105204726,30.0,141,94,77.5,125.0,2,-100.0,100.0,-310.80332409972306,-100.0,0.0,3.7999999999999996e-08,0,1,54.94421294249402,0
PPO-QP,20260806,104,20,10078,0,0,0,0.0,99.99999999999991,100.0,0.0,1.923681584396301e-11,114.67215735740426,30.0,182,93,203.94736842105263,125.0,3,-88.6426592797784,100.0,99.99999999999991,480.5,-8.526512829121202e-14,3.7999999999999996e-08,0,1,6.545407566756197,0
PPO-QP,20260806,105,20,10176,0,0,0,0.0,-66.57690480255233,-66.57690480255233,0.0,0.0,102.61153560556524,30.0,197,95,109.18798510939382,125.0,1,-100.0,100.0,-66.57690480255233,-66.57690480255233,0.0,3.7999999999999996e-08,0,1,8.716875275608714,0
PPO-QP,20260806,106,21,10269,0,0,0,0.0,79.99999992769308,100.0,0.0,0.0,94.29611872771302,30.0,88,92,224.99999998097186,125.0,4,-8.011846531237672e-08,100.0,79.99999992769308,650.749999927693,-20.000000072306918,3.7999999999999996e-08,0,1,34.99999985538617,0
PPO-QP,20260806,107,21,10365,0,0,0,0.0,-100.0,-45.96487757835363,0.0,2.0139738025430157e-11,98.98452005268396,30.0,24,92,42.83334157514101,125.0,4,-100.0,67.76669798553584,-678.3748498775226,-45.96487757835363,-54.03512242164637,3.7999999999999996e-08,0,1,2.451632187379637,0
PPO-QP,20260806,107,21,10366,0,0,0,0.0,-100.0,-100.0,0.0,1.9974925417424553e-11,102.78830074449465,30.0,24,93,53.75,125.0,3,-100.0,100.0,-521.6066481994461,-100.0,0.0,3.7999999999999996e-08,0,1,9.035122421646378,0
PPO-QP,20260806,108,21,10461,0,0,0,0.0,-100.0,-94.284141054132,0.0,1.985665705935465e-11,106.54959711280397,30.0,197,92,31.35751649964365,125.0,4,-100.0,24.158562698645873,-726.694113353301,-94.284141054132,-5.715858945868007,3.7999999999999996e-08,0,1,28.99741418833308,0
PPO-QP,20260806,109,21,10557,0,0,0,0.0,79.9999999840084,100.0,0.0,1.998778180004971e-11,103.76593309393455,30.0,130,92,224.99999999579168,125.0,4,-1.7719230527291074e-08,100.0,79.9999999840084,650.7499999840084,-20.000000015991603,3.7999999999999996e-08,0,1,34.999999968016816,0
PPO-QP,20260806,110,21,10654,0,0,0,0.0,58.829710284698955,100.0,0.0,1.9964285780105227e-11,101.05737045783509,30.0,149,93,193.11308165386816,125.0,3,-100.0,100.0,58.829710284698955,439.329710284699,-41.170289715301045,3.7999999999999996e-08,0,1,62.960281782370586,0
PPO-QP,20260806,111,21,10749,0,0,0,0.0,80.0,100.0,0.0,0.0,102.40925487505093,30.0,131,92,225.0,125.0,4,-0.0,100.0,80.0,650.75,-20.0,3.7999999999999996e-08,0,1,35.00000006152923,0
PPO-QP,20260806,112,22,10845,0,0,0,0.0,79.99999994869557,100.0,0.0,1.940917426779265e-11,103.74738027439993,30.0,54,92,224.99999998649884,125.0,4,-5.684700897147291e-08,100.0,79.99999994869557,650.7499999486955,-20.000000051304426,3.7999999999999996e-08,0,1,34.99999989739117,0
PPO-QP,20260806,113,22,10941,0,0,0,0.0,79.99999998096521,100.0,0.0,1.9640348606723515e-11,102.9635056064629,30.0,189,92,224.99999999499084,125.0,4,-2.1091182134114206e-08,100.0,79.99999998096521,650.7499999809652,-20.000000019034786,3.7999999999999996e-08,0,1,43.69510262232144,0
PPO-QP,20260806,114,22,11037,0,0,0,0.0,80.0,100.0,0.0,1.9608355679897235e-11,103.74738027439993,30.0,54,92,225.0,125.0,4,-0.0,100.0,80.0,650.75,-20.0,3.7999999999999996e-08,0,1,35.0,0
PPO-QP,20260806,115,22,11133,0,0,0,0.0,71.68681633666506,100.0,0.0,1.997592831889013e-11,96.4455216587882,30.0,175,92,222.81232008859607,125.0,4,-9.211283837490244,100.0,71.68681633666506,642.4368163366651,-28.31318366333494,3.7999999999999996e-08,0,1,18.373632705588463,0
PPO-QP,20260806,116,22,11229,0,0,0,0.0,79.99999996327689,100.0,0.0,2.0380019893906364e-11,87.56950904514152,30.0,98,92,224.99999999033602,125.0,4,-4.069043394625432e-08,100.0,79.99999996327689,650.7499999632769,-20.000000036723108,3.7999999999999996e-08,0,1,56.94501976133684,0
PPO-QP,20260806,117,23,11325,0,0,0,0.0,79.99999994323734,100.0,0.0,1.9388879390902503e-11,104.9255458245251,30.0,233,92,224.99999998506246,125.0,4,-6.289490939755189e-08,100.0,79.99999994323734,650.7499999432373,-20.00000005676266,3.7999999999999996e-08,0,1,34.99999990495596,0
PPO-QP,20260806,118,23,11421,0,0,0,0.0,79.99999996423476,100.0,0.0,1.9290439616052406e-11,81.39778407810832,30.0,6,92,224.9999999905881,125.0,4,-3.962907756335642e-08,100.0,79.99999996423476,650.7499999642347,-20.00000003576524,3.7999999999999996e-08,0,1,35.000000010799134,0
PPO-QP,20260806,119,23,11519,0,0,0,0.0,86.1708914330989,100.0,0.0,2.0097068453850396e-11,111.19359044811893,30.0,157,94,173.9923398508155,125.0,2,-100.0,100.0,86.1708914330989,276.4208914330989,-13.829108566901098,3.7999999999999996e-08,0,1,69.0359869142434,0
PPO-QP,20260806,119,23,11520,0,0,0,0.0,100.0,100.0,1.946085514958895e-11,1.946085514958895e-11,104.1606128269002,30.0,157,95,151.31578947368422,125.0,1,-100.0,100.0,100.00000000000003,100.00000000000003,2.842170943040401e-14,3.7999999999999996e-08,1,0,0.0,0
PPO-QP,20260806,120,23,11613,0,0,0,0.0,-100.0,-100.0,0.0,0.0,99.05485532187399,30.0,36,92,30.0,125.0,4,-100.0,19.0,-732.409972299169,-100.0,0.0,3.7999999999999996e-08,0,1,54.861352466167816,0
PPO-QP,20260806,121,23,11712,0,0,0,0.0,-66.7111909777934,-66.7111909777934,2.0009209104424976e-11,2.0009209104424976e-11,109.049971734305,30.0,176,95,109.15609214277407,125.0,1,-100.0,100.0,-66.7111909777934,-66.7111909777934,0.0,3.7999999999999996e-08,0,1,41.2271360455494,0
PPO-QP,20260806,123,24,11901,0,0,0,0.0,80.0,100.0,0.0,1.9443065675991043e-11,99.02691431499208,30.0,144,92,225.0,125.0,4,-0.0,100.0,80.0,650.75,-20.0,3.7999999999999996e-08,0,1,35.0,0
PPO-QP,20260806,124,24,11998,0,0,0,0.0,41.2596716167569,100.0,0.0,1.9842150145166217e-11,97.20811755926813,30.0,96,93,188.48938726756762,125.0,3,-100.0,100.0,41.2596716167569,421.7596716167569,-58.7403283832431,3.7999999999999996e-08,0,1,28.71821267964458,0
PPO-QP,20260806,124,24,11999,0,0,0,0.0,100.0,100.0,0.0,1.9514079241389483e-11,98.10420513562481,30.0,96,94,177.63157894736844,125.0,2,-100.0,100.0,100.00000000000003,290.25000000000006,2.842170943040401e-14,3.7999999999999996e-08,1,1,13.74032838324311,0
PPO-QP,20260806,124,24,12000,0,0,0,0.0,100.0,100.0,2.2204460492503132e-17,2.2204460492503132e-17,98.60420573302645,30.0,96,95,151.31578947368422,125.0,1,-100.0,100.0,100.00000000000003,100.00000000000003,2.842170943040401e-14,3.7999999999999996e-08,1,0,0.0,0
PPO-QP,20260806,125,24,12094,0,0,0,0.0,61.50212881940067,100.0,0.0,1.998602394692739e-11,89.91599390927747,30.0,105,93,193.81634968931598,125.0,3,-100.0,100.0,61.50212881940067,442.0021288194007,-38.49787118059933,3.7999999999999996e-08,0,1,29.66432593621377,0
PPO-QP,20260806,125,24,12095,0,0,0,0.0,100.0,100.0,0.0,1.9104950954584866e-11,88.90731701709855,30.0,105,94,177.63157894736844,125.0,2,-100.0,100.0,100.00000000000003,290.25000000000006,2.842170943040401e-14,3.7999999999999996e-08,1,0,0.0,0
PPO-QP,20260806,125,24,12096,0,0,0,0.0,100.0,100.0,1.1102230246251566e-17,1.1102230246251566e-17,86.00314655012033,30.0,105,95,151.31578947368422,125.0,1,-100.0,100.0,100.00000000000003,100.00000000000003,2.842170943040401e-14,3.7999999999999996e-08,1,0,0.0,0
PPO-QP,20260806,126,24,12190,0,0,0,0.0,59.733621814064016,100.0,0.0,1.983474125684855e-11,90.70458365351324,30.0,64,93,193.35095310896423,125.0,3,-100.0,100.0,59.733621814064016,440.23362181406407,-40.266378185935984,3.7999999999999996e-08,0,1,18.479400660918863,0
PPO-QP,20260806,126,24,12191,0,0,0,0.0,100.0,100.0,0.0,1.9127085100952476e-11,88.24171282024469,30.0,64,94,177.63157894736844,125.0,2,-100.0,100.0,100.00000000000003,290.25000000000006,2.842170943040401e-14,3.7999999999999996e-08,1,0,0.0,0
PPO-QP,20260806,126,24,12192,0,0,0,0.0,100.0,100.0,0.0,0.0,94.15863983998979,30.0,64,95,151.31578947368422,125.0,1,-100.0,100.0,100.00000000000003,100.00000000000003,2.842170943040401e-14,3.7999999999999996e-08,1,0,0.0,0
PPO-QP,20260806,127,24,12287,0,0,0,0.0,-100.0,-52.42135527162071,0.0,1.996099951995234e-11,88.43304609169529,30.0,76,94,88.79992812299008,125.0,2,-100.0,100.0,-263.22467937134377,-52.42135527162071,-47.57864472837929,3.7999999999999996e-08,0,1,12.577544953449674,0
PPO-QP,20260806,127,24,12288,0,0,0,0.0,-100.0,-100.0,1.9958612540449395e-11,1.9958612540449395e-11,94.20442486388063,30.0,76,95,101.25,125.0,1,-100.0,100.0,-100.0,-100.0,0.0,3.7999999999999996e-08,0,1,2.578644728379288,0
PPO-QP,20260806,128,25,12382,0,0,0,0.0,11.84130300449359,100.0,0.0,1.9663663290240643e-11,93.05624500225221,30.0,75,93,180.74771131697202,125.0,3,-100.0,100.0,11.84130300449359,392.3413030044936,-88.1586969955064,3.7999999999999996e-08,0,1,1.7935303982840693,0
PPO-QP,20260806,128,25,12383,0,0,0,0.0,99.99999996547962,100.0,0.0,1.9663663290240643e-11,89.04681828971898,30.0,75,94,177.63157893828412,125.0,2,-100.0,100.0,99.99999996547962,290.2499999654797,-3.452038299656124e-08,3.7999999999999996e-08,0,1,43.158696926465566,0
PPO-QP,20260806,129,25,12477,0,0,0,0.0,80.0,100.0,0.0,1.9528626863755487e-11,104.06273500373985,30.0,192,92,225.0,125.0,4,-0.0,100.0,80.0,650.75,-20.0,3.7999999999999996e-08,0,1,35.00000002176074,0
PPO-QP,20260806,130,25,12573,0,0,0,0.0,-100.0,-77.73531785413624,0.0,1.9903682405934355e-11,105.46954824232857,30.0,143,92,35.287862009642645,125.0,4,-100.0,39.093875636642046,-710.1452901533052,-77.73531785413624,-22.26468214586376,3.7999999999999996e-08,0,1,76.04276673047397,0
PPO-QP,20260806,131,25,12670,0,0,0,0.0,97.41913265413208,100.0,0.0,1.969729194565654e-11,92.27251843008824,30.0,68,93,203.268192803719,125.0,3,-91.50234608960426,100.0,97.41913265413208,477.9191326541321,-2.580867345867915,3.7999999999999996e-08,0,1,64.41170710609843,0
PPO-QP,20260806,131,25,12671,0,0,0,0.0,100.0,100.0,0.0,1.9410299293790936e-11,93.16178700053828,30.0,68,94,177.63157894736844,125.0,2,-100.0,100.0,100.00000000000003,290.25000000000006,2.842170943040401e-14,3.7999999999999996e-08,1,0,0.0,0
PPO-QP,20260806,131,25,12672,0,0,0,0.0,100.0,100.0,0.0,0.0,88.5466894636215,30.0,68,95,151.31578947368422,125.0,1,-100.0,100.0,100.00000000000003,100.00000000000003,2.842170943040401e-14,3.7999999999999996e-08,1,0,0.0,0
PPO-QP,20260806,132,25,12765,0,0,0,0.0,-100.0,-88.78427314690403,0.0,0.0,102.31891501836098,30.0,162,92,32.663735127610295,125.0,4,-100.0,29.12219348491912,-721.1942454460731,-88.78427314690403,-11.215726853095973,3.7999999999999996e-08,0,1,43.604096658674734,0
PPO-QP,20260806,133,26,12861,0,0,0,0.0,-100.0,-100.0,0.0,1.9850772877324137e-11,94.0077774045799,30.0,78,92,30.0,125.0,4,-100.0,19.0,-732.409972299169,-100.0,0.0,3.7999999999999996e-08,0,1,57.7543389320116,0
PPO-QP,20260806,134,26,12957,0,0,0,0.0,80.0,100.0,0.0,1.956736994657149e-11,100.12765026961917,30.0,111,92,225.0,125.0,4,-0.0,100.0,80.0,650.75,-20.0,3.7999999999999996e-08,0,1,35.00000000465374,0
PPO-QP,20260806,135,26,13055,0,0,0,0.0,-100.0,-100.0,0.0,1.985492141069282e-11,98.55904695580709,30.0,142,94,77.5,125.0,2,-100.0,100.0,-310.80332409972306,-100.0,0.0,3.7999999999999996e-08,0,1,53.33196879632277,0
PPO-QP,20260806,136,26,13150,0,0,0,0.0,-100.0,-100.0,0.0,0.0,100.65461248517508,30.0,29,93,53.75,125.0,3,-100.0,100.0,-521.6066481994461,-100.0,0.0,3.7999999999999996e-08,0,1,48.37025698544545,0
PPO-QP,20260806,137,26,13245,0,0,0,0.0,80.0,100.0,0.0,1.939161794102991e-11,108.88773156390575,30.0,47,92,225.0,125.0,4,-0.0,100.0,80.0,650.75,-20.0,3.7999999999999996e-08,0,1,35.00000002522304,0
PPO-QP,20260806,138,27,13341,0,0,0,0.0,79.99999994513485,100.0,0.0,1.9810253437668734e-11,91.85584163919535,30.0,100,92,224.9999999855618,125.0,4,-6.079242092183498e-08,100.0,79.99999994513485,650.7499999451348,-20.000000054865154,3.7999999999999996e-08,0,1,34.99999991001603,0
PPO-QP,20260806,139,27,13437,0,0,0,0.0,79.99999997105706,100.0,0.0,1.932809838104769e-11,105.94011237910321,30.0,184,92,224.99999999238344,125.0,4,-3.206974054735742e-08,100.0,79.99999997105706,650.749999971057,-20.000000028942935,3.7999999999999996e-08,0,1,34.999999988059585,0
PPO-QP,20260806,141,27,13630,0,0,0,0.0,99.99999999999991,100.0,0.0,1.8788822349809683e-12,92.65072944716867,30.0,97,93,203.94736842105263,125.0,3,-88.6426592797784,100.0,99.99999999999991,480.5,-8.526512829121202e-14,3.7999999999999996e-08,0,1,22.13422096872307,0
PPO-QP,20260806,142,27,13725,0,0,0,0.0,79.99999995974294,100.0,0.0,1.928256813480781e-11,104.64145612587045,30.0,171,92,224.99999998940604,125.0,4,-4.4606167648453265e-08,100.0,79.99999995974294,650.7499999597429,-20.000000040257063,3.7999999999999996e-08,0,1,34.99999991948582,0
PPO-QP,20260806,143,27,13821,0,0,0,0.0,80.0,100.0,0.0,1.9116549084448784e-11,107.26565595594029,30.0,39,92,225.0,125.0,4,-0.0,100.0,80.0,650.75,-20.0,3.7999999999999996e-08,0,1,35.0,0
PPO-QP,20260806,144,28,13917,0,0,0,0.0,80.0,100.0,0.0,1.9510400702434558e-11,71.42695793285735,30.0,0,92,225.0,125.0,4,-0.0,100.0,80.0,650.75,-20.0,3.7999999999999996e-08,0,1,35.00000010089647,0
PPO-QP,20260806,145,28,14013,0,0,0,0.0,-100.0,-34.21452865914872,0.0,1.992456200028414e-11,92.94233251117724,30.0,1,92,45.62404944345218,125.0,4,-100.0,78.37138788511828,-666.6245009583178,-34.21452865914872,-65.78547134085127,3.7999999999999996e-08,0,1,31.501251412651392,0
PPO-QP,20260806,145,28,14014,0,0,0,0.0,-100.0,-100.0,0.0,1.992456200028414e-11,99.3847516227156,30.0,1,93,53.75,125.0,3,-100.0,100.0,-521.6066481994461,-100.0,0.0,3.7999999999999996e-08,0,1,20.785471340851274,0
PPO-QP,20260806,146,28,14109,0,0,0,0.0,80.0,100.0,0.0,0.0,111.37033894980843,30.0,201,92,225.0,125.0,4,-0.0,100.0,80.0,650.75,-20.0,3.7999999999999996e-08,0,1,35.0,0
PPO-QP,20260806,147,28,14205,0,0,0,0.0,-100.0,-86.59014378038675,0.0,1.995564454423023e-11,92.01794582118721,30.0,127,92,33.184840852158146,125.0,4,-100.0,31.102395238200955,-719.0001160795557,-86.59014378038675,-13.409856219613246,3.7999999999999996e-08,0,1,7.127655981826152,0
PPO-QP,20260806,148,28,14302,0,0,0,0.0,-0.9619085136043731,100.0,0.0,1.996544041205084e-11,96.81059091494842,30.0,133,93,177.4031256753874,125.0,3,-100.0,100.0,-0.9619085136043731,379.6318775664721,-100.96190851360437,3.7999999999999996e-08,0,1,9.743984888290695,0
PPO-QP,20260806,148,28,14303,0,0,0,0.0,99.99999999558726,100.0,0.0,1.996544041205084e-11,99.05641885596692,30.0,133,94,177.63157894620718,125.0,2,-100.0,100.0,99.99999999558726,290.2499999955873,-4.412740395309811e-09,3.7999999999999996e-08,0,1,55.96190850430218,0
PPO-QP,20260806,149,29,14397,0,0,0,0.0,72.83116060110028,100.0,0.0,2.0500227441525946e-11,84.73391284961718,30.0,63,92,223.11346331607902,125.0,4,-7.943312353351494,100.0,72.83116060110028,643.5811606011002,-27.16883939889972,3.7999999999999996e-08,0,1,67.24656448501405,0
PPO-QP,20260806,150,29,14493,0,0,0,0.0,59.50362479044713,100.0,0.0,1.9906387649371025e-11,88.96023354870242,30.0,72,92,219.60621705011766,125.0,4,-22.710665052136154,100.0,59.50362479044713,630.2536247904471,-40.49637520955287,3.7999999999999996e-08,0,1,26.645017029430505,0
PPO-QP,20260806,151,29,14592,0,0,0,0.0,-100.0,-100.0,1.4802973661668754e-17,1.4802973661668754e-17,90.12978464106922,30.0,99,95,101.25,125.0,1,-100.0,100.0,-100.0,-100.0,0.0,3.7999999999999996e-08,0,1,39.49423095917304,0
PPO-QP,20260806,152,29,14685,0,0,0,0.0,80.0,100.0,0.0,1.9450171103348644e-11,104.874570453267,30.0,238,92,225.0,125.0,4,-0.0,100.0,80.0,650.75,-20.0,3.7999999999999996e-08,0,1,35.00000007640689,0
PPO-QP,20260806,153,29,14781,0,0,0,0.0,80.0,100.0,0.0,1.9479862167770534e-11,107.26565595594029,30.0,39,92,225.0,125.0,4,-0.0,100.0,80.0,650.75,-20.0,3.7999999999999996e-08,0,1,35.000000005477794,0
PPO-QP,20260806,154,30,14879,0,0,0,0.0,99.99999999757063,100.0,0.0,1.9615202055215755e-11,80.08961804066276,30.0,91,94,177.63157894672912,125.0,2,-100.0,100.0,99.99999999757063,290.2499999975706,-2.429374035273213e-09,3.7999999999999996e-08,0,1,79.75814839487848,0
PPO-QP,20260806,155,30,14973,0,0,0,0.0,79.99999998926423,100.0,0.0,1.9315156881323978e-11,87.53223352510913,30.0,59,92,224.9999999971748,125.0,4,-1.189559234741242e-08,100.0,79.99999998926423,650.7499999892642,-20.000000010735775,3.7999999999999996e-08,0,1,34.99999997852841,0
PPO-QP,20260806,156,30,15069,0,0,0,0.0,80.0,100.0,0.0,0.0,111.07898321111968,30.0,203,92,225.0,125.0,4,-0.0,100.0,80.0,650.75,-20.0,3.7999999999999996e-08,0,1,35.0,0
PPO-QP,20260806,157,30,15165,0,0,0,0.0,79.99999995264858,100.0,0.0,1.9233914461125325e-11,111.37033894980843,30.0,201,92,224.9999999875391,125.0,4,-5.246695428994778e-08,100.0,79.99999995264858,650.7499999526485,-20.00000004735142,3.7999999999999996e-08,0,1,34.99999990529711,0
PPO-QP,20260806,158,30,15261,0,0,0,0.0,80.0,100.0,0.0,1.9267842876757867e-11,93.40953184232814,30.0,135,92,225.0,125.0,4,-0.0,100.0,80.0,650.75,-20.0,3.7999999999999996e-08,0,1,35.00000002067796,0
PPO-QP,20260806,159,30,15358,0,0,0,0.0,99.99999999999991,100.0,0.0,1.9393697758829375e-11,92.65072944716867,30.0,97,93,203.94736842105263,125.0,3,-88.6426592797784,100.0,99.99999999999991,480.5,-8.526512829121202e-14,3.7999999999999996e-08,0,1,74.77940241765477,0
PPO-QP,20260806,160,31,15454,0,0,0,0.0,-100.0,-92.20718255379094,0.0,2.00684321013019e-11,102.78830074449465,30.0,24,93,55.60079414347465,125.0,3,-100.0,100.0,-513.8138307532371,-92.20718255379094,-7.792817446209057,3.7999999999999996e-08,0,1,6.3516662694459995,0
PPO-QP,20260806,161,31,15549,0,0,0,0.0,80.0,100.0,0.0,0.0,95.87558463372099,30.0,46,92,225.0,125.0,4,-0.0,100.0,80.0,650.75,-20.0,3.7999999999999996e-08,0,1,35.0,0
PPO-QP,20260806,162,31,15645,0,0,0,0.0,79.9999999802836,100.0,0.0,1.944033822809388e-11,90.96640864829209,30.0,87,92,224.99999999481147,125.0,4,-2.1846421747652227e-08,100.0,79.9999999802836,650.7499999802835,-20.000000019716396,3.7999999999999996e-08,0,1,37.15297591628822,0
PPO-QP,20260806,163,31,15741,0,0,0,0.0,3.816493388497525,100.0,0.0,0.0,101.49658100152236,30.0,177,92,204.95170878644672,125.0,4,-84.41385774127698,100.0,3.816493388497525,574.5664933884975,-96.18350661150248,3.7999999999999996e-08,0,1,6.459021829148666,0
PPO-QP,20260806,163,31,15742,0,0,0,0.0,99.99999999477313,100.0,0.0,0.0,99.0701443351402,30.0,177,93,203.94736841967716,125.0,3,-88.64265928556985,100.0,99.99999999477313,480.4999999947732,-5.2268660510890186e-09,3.7999999999999996e-08,0,1,51.183506601048826,0
PPO-QP,20260806,164,31,15837,0,0,0,0.0,-100.0,-46.03522116420101,0.0,2.0125978661411638e-11,104.76339971089588,30.0,25,92,42.81663497350226,125.0,4,-100.0,67.70321289930858,-678.4451934633701,-46.03522116420101,-53.96477883579899,3.7999999999999996e-08,0,1,7.186305410851759,0
PPO-QP,20260806,164,31,15838,0,0,0,0.0,-100.0,-100.0,0.0,2.0125978661411638e-11,103.93992951840363,30.0,25,93,53.75,125.0,3,-100.0,100.0,-521.6066481994461,-100.0,0.0,3.7999999999999996e-08,0,1,8.964778835798995,0
PPO-QP,20260806,165,32,15933,0,0,0,0.0,64.55468902250179,100.0,0.0,0.0,110.10922097309025,30.0,167,92,220.93544447960574,125.0,4,-17.113917980607432,100.0,64.55468902250179,635.3046890225017,-35.44531097749821,3.7999999999999996e-08,0,1,48.49972170504675,0
PPO-QP,20260806,166,32,16029,0,0,0,0.0,79.99999997944151,100.0,0.0,1.9230417258597755e-11,95.87781493241873,30.0,133,92,224.99999999458987,125.0,4,-2.2779491509457955e-08,100.0,79.99999997944151,650.7499999794414,-20.00000002055849,3.7999999999999996e-08,0,1,40.38369411299951,0
PPO-QP,20260806,167,32,16125,0,0,0,0.0,80.0,100.0,0.0,1.9294536339013273e-11,83.01996185755443,30.0,27,92,225.0,125.0,4,-0.0,100.0,80.0,650.75,-20.0,3.7999999999999996e-08,0,1,35.0,0
PPO-QP,20260806,168,32,16221,0,0,0,0.0,-100.0,-65.56769995693344,0.0,1.992986146485502e-11,94.0077774045799,30.0,78,92,38.17767126022831,125.0,4,-100.0,50.07515078886757,-697.9776722561023,-65.56769995693344,-34.43230004306656,3.7999999999999996e-08,0,1,28.30674392089052,0
PPO-QP,20260806,169,32,16317,0,0,0,0.0,80.0,100.0,0.0,1.935475483586894e-11,93.83291616695745,30.0,124,92,225.0,125.0,4,-0.0,100.0,80.0,650.75,-20.0,3.7999999999999996e-08,0,1,41.183736123710595,0
PPO-QP,20260806,170,33,16413,0,0,0,0.0,59.489747460607205,100.0,0.0,1.9192921326312748e-11,92.19664912634585,30.0,74,92,219.60256512121242,125.0,4,-22.72604159489507,100.0,59.489747460607205,630.2397474606072,-40.510252539392795,3.7999999999999996e-08,0,1,27.36215082695867,0
PPO-QP,20260806,171,33,16509,0,0,0,0.0,80.0,100.0,0.0,1.924695958166467e-11,103.03986682541994,30.0,194,92,225.0,125.0,4,-0.0,100.0,80.0,650.75,-20.0,3.7999999999999996e-08,0,1,35.000000074281786,0
PPO-QP,20260806,173,33,16701,0,0,0,0.0,79.99999995500444,100.0,0.0,1.9241297444239082e-11,97.84049651637996,30.0,114,92,224.99999998815906,125.0,4,-4.9856584825503984e-08,100.0,79.99999995500444,650.7499999550045,-20.00000004499556,3.7999999999999996e-08,0,1,34.999999910008896,0
PPO-QP,20260806,174,33,16797,0,0,0,0.0,63.41584548218444,100.0,0.0,0.0,91.9647476534924,30.0,62,92,220.63574881110117,125.0,4,-18.375794479574036,100.0,63.41584548218444,634.1658454821844,-36.58415451781556,3.7999999999999996e-08,0,1,24.876549367842443,0
PPO-QP,20260806,175,33,16893,0,0,0,0.0,79.99999993759411,100.0,0.0,1.9312381323762415e-11,111.37033894980843,30.0,201,92,224.9999999835774,125.0,4,-6.914780514259628e-08,100.0,79.99999993759411,650.7499999375941,-20.00000006240589,3.7999999999999996e-08,0,1,34.99999990406564,0
PPO-QP,20260806,176,34,16989,0,0,0,0.0,80.0,100.0,0.0,1.9233629503882336e-11,102.76821325956304,30.0,139,92,225.0,125.0,4,-0.0,100.0,80.0,650.75,-20.0,3.7999999999999996e-08,0,1,35.00000004287932,0
PPO-QP,20260806,177,34,17085,0,0,0,0.0,80.0,100.0,0.0,1.9484377074737342e-11,105.07840638717109,30.0,239,92,225.0,125.0,4,-0.0,100.0,80.0,650.75,-20.0,3.7999999999999996e-08,0,1,35.0,0
PPO-QP,20260806,178,34,17181,0,0,0,0.0,79.99999993608866,100.0,0.0,1.9178403309894067e-11,109.25196286046445,30.0,158,92,224.99999998318123,125.0,4,-7.081589022786112e-08,100.0,79.99999993608866,650.7499999360887,-20.000000063911344,3.7999999999999996e-08,0,1,34.999999872177305,0
PPO-QP,20260806,179,34,17277,0,0,0,0.0,80.0,100.0,0.0,0.0,103.60264311293285,30.0,198,92,225.0,125.0,4,-0.0,100.0,80.0,650.75,-20.0,3.7999999999999996e-08,0,1,35.0,0
PPO-QP,20260806,181,35,17469,0,0,0,0.0,79.99999997891932,100.0,0.0,1.9448546476989272e-11,99.69693547047898,30.0,137,92,224.99999999445245,125.0,4,-2.335809767828323e-08,100.0,79.99999997891932,650.7499999789193,-20.00000002108068,3.7999999999999996e-08,0,1,35.0000000408326,0
PPO-QP,20260806,182,35,17565,0,0,0,0.0,77.76424290813848,100.0,0.0,1.9313987446404703e-11,112.50095741162527,30.0,230,92,224.41164287056276,125.0,4,-2.4772931765778594,100.0,77.76424290813848,648.5142429081385,-22.235757091861515,3.7999999999999996e-08,0,1,30.528485824704973,0
PPO-QP,20260806,183,35,17661,0,0,0,0.0,80.0,100.0,0.0,1.925262171909026e-11,95.85085952656725,30.0,3,92,225.0,125.0,4,-0.0,100.0,80.0,650.75,-20.0,3.7999999999999996e-08,0,1,35.0,0
PPO-QP,20260806,184,35,17757,0,0,0,0.0,80.0,100.0,0.0,1.933288714302724e-11,106.53263417041393,30.0,236,92,225.0,125.0,4,-0.0,100.0,80.0,650.75,-20.0,3.7999999999999996e-08,0,1,35.0,0
PPO-QP,20260806,185,35,17853,0,0,0,0.0,79.99999998547399,100.0,0.0,1.9321248304985755e-11,93.95418866591038,30.0,94,92,224.99999999617737,125.0,4,-1.6095303803204412e-08,100.0,79.99999998547399,650.749999985474,-20.00000001452601,3.7999999999999996e-08,0,1,34.99999997094798,0
PPO-QP,20260806,186,36,17949,0,0,0,0.0,80.0,100.0,0.0,1.915711293302517e-11,100.07999755036212,30.0,172,92,225.0,125.0,4,-0.0,100.0,80.0,650.75,-20.0,3.7999999999999996e-08,0,1,35.0,0
PPO-QP,20260806,187,36,18045,0,0,0,0.0,51.62271207527156,100.0,0.0,1.9907727318487408e-11,100.89617127432541,30.0,141,92,217.53229265138725,125.0,4,-31.442978309948415,100.0,51.62271207527156,622.3727120752716,-48.37728792472844,3.7999999999999996e-08,0,1,74.64330280343634,0
PPO-QP,20260806,187,36,18046,0,0,0,0.0,99.99999999999991,100.0,0.0,1.9138287251270943e-11,101.66684169308782,30.0,141,93,203.94736842105263,125.0,3,-88.6426592797784,100.0,99.99999999999991,480.5,-8.526512829121202e-14,3.7999999999999996e-08,0,1,3.377287924728364,0
PPO-QP,20260806,188,36,18141,0,0,0,0.0,79.99999993943814,100.0,0.0,1.9070204674657513e-11,73.92145614413825,30.0,13,92,224.99999998406267,125.0,4,-6.710455349285009e-08,100.0,79.99999993943814,650.7499999394381,-20.00000006056186,3.7999999999999996e-08,0,1,34.9999998788763,0
PPO-QP,20260806,189,36,18237,0,0,0,0.0,80.0,100.0,0.0,1.9275581131239505e-11,76.26011533638224,30.0,28,92,225.0,125.0,4,-0.0,100.0,80.0,650.75,-20.0,3.7999999999999996e-08,0,1,38.57594795922404,0
PPO-QP,20260806,190,36,18333,0,0,0,0.0,79.99999995408609,100.0,0.0,0.0,90.68725573509818,30.0,146,92,224.9999999879174,125.0,4,-5.08741418582902e-08,100.0,79.99999995408609,650.7499999540861,-20.000000045913907,3.7999999999999996e-08,0,1,35.45461115047261,0
PPO-QP,20260806,191,36,18429,0,0,0,0.0,74.5517735862081,100.0,0.0,1.949436908195897e-11,98.04912306783665,30.0,136,92,223.56625620689687,125.0,4,-6.036815970960561,100.0,74.5517735862081,645.301773586208,-25.4482264137919,3.7999999999999996e-08,0,1,24.103547172416178,0
PPO-QP,20260806,192,37,18525,0,0,0,0.0,80.0,100.0,0.0,1.9301356809127885e-11,93.40953184232814,30.0,135,92,225.0,125.0,4,-0.0,100.0,80.0,650.75,-20.0,3.7999999999999996e-08,0,1,35.0,0
PPO-QP,20260806,193,37,18621,0,0,0,0.0,79.99999997989501,100.0,0.0,1.91343163535862e-11,110.34769251483871,30.0,219,92,224.9999999947092,125.0,4,-2.2276995686728412e-08,100.0,79.99999997989501,650.7499999798949,-20.00000002010499,3.7999999999999996e-08,0,1,35.000000000896826,0
PPO-QP,20260806,194,37,18717,0,0,0,0.0,79.9999999784791,100.0,0.0,1.9363429378434678e-11,94.86775162328135,30.0,67,92,224.9999999943366,125.0,4,-2.3845874047286713e-08,100.0,79.9999999784791,650.7499999784791,-20.000000021520904,3.7999999999999996e-08,0,1,34.99999995695821,0
PPO-QP,20260806,195,37,18814,0,0,0,0.0,99.9999999686077,100.0,0.0,1.996633599195737e-11,90.81405657348171,30.0,113,93,203.94736841279152,125.0,3,-88.64265931456202,100.0,99.9999999686077,480.49999996860777,-3.139230386750569e-08,3.7999999999999996e-08,0,1,6.28545761518177,0
PPO-QP,20260806,196,37,18909,0,0,0,0.0,79.99999997802473,100.0,0.0,1.9490949595043124e-11,83.30546343049515,30.0,77,92,224.99999999421703,125.0,4,-2.4349327232860227e-08,100.0,79.99999997802473,650.7499999780247,-20.000000021975268,3.7999999999999996e-08,0,1,34.99999998718641,0
PPO-QP,20260806,197,38,19005,0,0,0,0.0,80.0,100.0,0.0,1.9194457134830144e-11,108.22393721596258,30.0,209,92,225.0,125.0,4,-0.0,100.0,80.0,650.75,-20.0,3.7999999999999996e-08,0,1,35.0,0
PPO-QP,20260806,198,38,19101,0,0,0,0.0,80.0,100.0,0.0,1.913824284234996e-11,95.87558463372099,30.0,46,92,225.0,125.0,4,-0.0,100.0,80.0,650.75,-20.0,3.7999999999999996e-08,0,1,35.00000002753651,0
PPO-QP,20260806,199,38,19197,0,0,0,0.0,79.99999994454461,100.0,0.0,1.9156994509235877e-11,100.53597211255874,30.0,10,92,224.99999998540648,125.0,4,-6.1446419414623e-08,100.0,79.99999994454461,650.7499999445446,-20.000000055455388,3.7999999999999996e-08,0,1,34.99999990450824,0
PPO-QP,20260806,200,38,19295,0,0,0,0.0,-100.0,-93.95507492271823,0.0,1.9980158268613953e-11,93.20117011814513,30.0,106,94,78.93566970585442,125.0,2,-100.0,100.0,-304.75839902244127,-93.95507492271823,-6.044925077281775,3.7999999999999996e-08,0,1,58.10470383854191,0
PPO-QP,20260806,201,38,19389,0,0,0,0.0,80.0,100.0,0.0,1.9169118144664785e-11,106.54959711280397,30.0,197,92,225.0,125.0,4,-0.0,100.0,80.0,650.75,-20.0,3.7999999999999996e-08,0,1,35.0,0
PPO-QP,20260806,202,39,19485,0,0,0,0.0,80.0,100.0,0.0,1.9069105553863135e-11,93.11517390836408,30.0,96,92,225.0,125.0,4,-0.0,100.0,80.0,650.75,-20.0,3.7999999999999996e-08,0,1,35.00000003886199,0
PPO-QP,20260806,203,39,19581,0,0,0,0.0,79.99999994680402,100.0,0.0,1.939702102641642e-11,97.38139037467363,30.0,112,92,224.99999998600106,125.0,4,-5.894291557763752e-08,100.0,79.99999994680402,650.749999946804,-20.000000053195976,3.7999999999999996e-08,0,1,34.999999929556544,0
PPO-QP,20260806,204,39,19677,0,0,0,0.0,80.0,100.0,0.0,1.91333319558377e-11,108.3505698228186,30.0,161,92,225.0,125.0,4,-0.0,100.0,80.0,650.75,-20.0,3.7999999999999996e-08,0,1,35.0,0
PPO-QP,20260806,205,39,19773,0,0,0,0.0,77.07037515609626,100.0,0.0,2.042968016979785e-11,112.82024492984584,30.0,205,92,224.22904609370954,125.0,4,-3.2461217106966664,100.0,77.07037515609626,647.8203751560962,-22.92962484390374,3.7999999999999996e-08,0,1,66.22188605296785,0
PPO-QP,20260806,206,39,19869,0,0,0,0.0,79.99999999170552,100.0,0.0,1.9157416393985233e-11,107.24698631088836,30.0,156,92,224.99999999781724,125.0,4,-9.190563631770936e-09,100.0,79.99999999170552,650.7499999917055,-20.000000008294478,3.7999999999999996e-08,0,1,34.99999998341105,0
PPO-QP,20260806,207,39,19965,0,0,0,0.0,80.0,100.0,0.0,1.9270400090457922e-11,100.12765026961917,30.0,111,92,225.0,125.0,4,-0.0,100.0,80.0,650.75,-20.0,3.7999999999999996e-08,0,1,35.0,0
PPO-QP,20260806,208,40,20061,0,0,0,0.0,79.99999996492079,100.0,0.0,1.936220813310759e-11,91.85584163919535,30.0,100,92,224.99999999076863,125.0,4,-3.886893146524304e-08,100.0,79.99999996492079,650.7499999649208,-20.00000003507921,3.7999999999999996e-08,0,1,34.99999992984155,0
PPO-QP,20260806,209,40,20157,0,0,0,0.0,80.0,100.0,0.0,1.890944438069179e-11,103.52373239298403,30.0,11,92,225.0,125.0,4,-0.0,100.0,80.0,650.75,-20.0,3.7999999999999996e-08,0,1,35.0,0
PPO-QP,20260806,210,40,20253,0,0,0,0.0,80.0,100.0,0.0,1.928772327038549e-11,95.87558463372099,30.0,46,92,225.0,125.0,4,-0.0,100.0,80.0,650.75,-20.0,3.7999999999999996e-08,0,1,35.0,0
PPO-QP,20260806,211,40,20349,0,0,0,0.0,79.99999998947699,100.0,0.0,1.9212316922552947e-11,92.19664912634585,30.0,74,92,224.9999999972308,125.0,4,-1.1659841747084436e-08,100.0,79.99999998947699,650.7499999894769,-20.00000001052301,3.7999999999999996e-08,0,1,40.84598902359457,0
PPO-QP,20260806,212,40,20448,0,0,0,0.0,-100.0,-100.0,1.9954948804468132e-11,1.9954948804468132e-11,99.5442310182502,30.0,36,95,101.25,125.0,1,-100.0,100.0,-100.0,-100.0,0.0,3.7999999999999996e-08,0,1,6.292759478041745,0
PPO-QP,20260806,213,41,20543,0,0,0,0.0,-100.0,-100.0,0.0,5.921189464667501e-17,85.87875681161464,30.0,41,94,77.5,125.0,2,-100.0,100.0,-310.80332409972306,-100.0,0.0,3.7999999999999996e-08,0,1,33.545863644258844,0
PPO-QP,20260806,214,41,20637,0,0,0,0.0,80.0,100.0,0.0,1.90523189817308e-11,107.24698631088836,30.0,156,92,225.0,125.0,4,-0.0,100.0,80.0,650.75,-20.0,3.7999999999999996e-08,0,1,35.00000006452135,0
PPO-QP,20260806,215,41,20736,0,0,0,0.0,52.70167241309683,52.70167241309683,1.9948676044379e-11,1.9948676044379e-11,116.50287351544199,30.0,213,95,138.86886116134127,125.0,1,-100.0,100.0,52.70167241309683,52.70167241309683,0.0,3.7999999999999996e-08,0,1,63.80541314351589,0
PPO-QP,20260806,216,41,20832,0,0,0,0.0,28.48192440571185,28.48192440571185,1.9840747563411774e-11,1.9840747563411774e-11,105.58024103118912,30.0,162,95,132.495243264661,125.0,1,-100.0,100.0,28.48192440571185,28.48192440571185,0.0,3.7999999999999996e-08,0,1,13.148104926816735,0
PPO-QP,20260806,217,41,20925,0,0,0,0.0,79.99999998193064,100.0,0.0,1.939813495018446e-11,102.98408042338848,30.0,178,92,224.9999999952449,125.0,4,-2.002144882633155e-08,100.0,79.99999998193064,650.7499999819306,-20.000000018069358,3.7999999999999996e-08,0,1,35.000000004660045,0
PPO-QP,20260806,218,42,21024,0,0,0,0.0,-99.99999999125204,-99.99999999125204,1.985375197577355e-11,1.985375197577355e-11,95.16279735919247,30.0,141,95,101.25000000207764,125.0,1,-100.0,100.0,-99.99999999125204,-99.99999999125204,0.0,3.7999999999999996e-08,0,1,2.8100026914246143,0
PPO-QP,20260806,219,42,21117,0,0,0,0.0,79.99999997552264,100.0,0.0,1.930742602832917e-11,109.00381953646375,30.0,159,92,224.9999999935586,125.0,4,-2.7121730358646203e-08,100.0,79.99999997552264,650.7499999755227,-20.00000002447736,3.7999999999999996e-08,0,1,34.99999995104529,0
PPO-QP,20260806,220,42,21213,0,0,0,0.0,79.99999997635761,100.0,0.0,1.9290239775907972e-11,91.87996057561233,30.0,84,92,224.99999999377832,125.0,4,-2.6196558840303242e-08,100.0,79.99999997635761,650.7499999763576,-20.000000023642386,3.7999999999999996e-08,0,1,35.00000003922486,0
PPO-QP,20260806,221,42,21309,0,0,0,0.0,80.0,100.0,0.0,1.9351031887993032e-11,103.56165061739479,30.0,235,92,225.0,125.0,4,-0.0,100.0,80.0,650.75,-20.0,3.7999999999999996e-08,0,1,35.00000004381622,0
PPO-QP,20260806,222,42,21405,0,0,0,0.0,79.9999999643148,100.0,0.0,1.920139602873405e-11,100.58254270570778,30.0,153,92,224.99999999060915,125.0,4,-3.9540401829933556e-08,100.0,79.9999999643148,650.7499999643147,-20.000000035685204,3.7999999999999996e-08,0,1,34.999999949031725,0
PPO-QP,20260806,223,42,21501,0,0,0,0.0,79.99999998970002,100.0,0.0,1.9327047369917714e-11,103.52373239298403,30.0,11,92,224.99999999728948,125.0,4,-1.1412722462984293e-08,100.0,79.99999998970002,650.7499999897,-20.000000010299985,3.7999999999999996e-08,0,1,34.99999997940009,0
PPO-QP,20260806,224,43,21597,0,0,0,0.0,79.9999999272317,100.0,0.0,1.927745740815112e-11,99.1738371645239,30.0,108,92,224.99999998085045,125.0,4,-8.06296970710575e-08,100.0,79.9999999272317,650.7499999272317,-20.0000000727683,3.7999999999999996e-08,0,1,34.99999985446338,0
PPO-QP,20260806,225,43,21696,0,0,0,0.0,-59.394370787280735,-59.394370787280735,1.9912323641809356e-11,1.9912323641809356e-11,95.15001831313892,30.0,22,95,110.89383693802083,125.0,1,-100.0,100.0,-59.394370787280735,-59.394370787280735,0.0,3.7999999999999996e-08,0,1,7.379368729523414,0
PPO-QP,20260806,226,43,21789,0,0,0,0.0,80.0,100.0,0.0,1.9539336815199705e-11,71.42695793285735,30.0,0,92,225.0,125.0,4,-0.0,100.0,80.0,650.75,-20.0,3.7999999999999996e-08,0,1,35.00000008965559,0
PPO-QP,20260806,227,43,21885,0,0,0,0.0,61.45477180611414,100.0,0.0,1.9123136407728224e-11,105.4474935426842,30.0,52,92,220.11967679108267,125.0,4,-20.548729300704558,100.0,61.45477180611414,632.2047718061141,-38.54522819388586,3.7999999999999996e-08,0,1,30.36003948822141,0
PPO-QP,20260806,228,43,21981,0,0,0,0.0,79.99999996802306,100.0,0.0,1.94141554684298e-11,97.84049651637996,30.0,114,92,224.999999991585,125.0,4,-3.543152017396336e-08,100.0,79.99999996802306,650.7499999680231,-20.00000003197694,3.7999999999999996e-08,0,1,34.99999998954072,0
PPO-QP,20260806,229,44,22077,0,0,0,0.0,61.13375283683902,100.0,0.0,1.9156424594749903e-11,99.79980532597651,30.0,129,92,220.03519811495764,125.0,4,-20.904428989652054,100.0,61.13375283683902,631.883752836839,-38.86624716316098,3.7999999999999996e-08,0,1,20.411556614450213,0
PPO-QP,20260806,230,44,22173,0,0,0,0.0,80.0,100.0,0.0,1.9231231422149145e-11,91.86532092092294,30.0,121,92,225.0,125.0,4,-0.0,100.0,80.0,650.75,-20.0,3.7999999999999996e-08,0,1,35.0,0
PPO-QP,20260806,231,44,22269,0,0,0,0.0,80.0,100.0,0.0,1.9279148647891967e-11,91.9647476534924,30.0,62,92,225.0,125.0,4,-0.0,100.0,80.0,650.75,-20.0,3.7999999999999996e-08,0,1,35.000000006612865,0
PPO-QP,20260806,233,44,22461,0,0,0,0.0,80.0,100.0,0.0,1.9264238352671253e-11,98.39027437785774,30.0,5,92,225.0,125.0,4,-0.0,100.0,80.0,650.75,-20.0,3.7999999999999996e-08,0,1,35.000000001689024,0
PPO-QP,20260806,234,45,22557,0,0,0,0.0,79.99999991772715,100.0,0.0,1.9157431196958895e-11,84.73391284961718,30.0,63,92,224.99999997834925,125.0,4,-9.116104736581053e-08,100.0,79.99999991772715,650.7499999177271,-20.000000082272848,3.7999999999999996e-08,0,1,34.99999983545433,0
PPO-QP,20260806,235,45,22653,0,0,0,0.0,79.99999999307208,100.0,0.0,1.9733215061989995e-11,93.95418866591038,30.0,94,92,224.99999999817686,125.0,4,-7.676374623674507e-09,100.0,79.99999999307208,650.749999993072,-20.00000000692792,3.7999999999999996e-08,0,1,38.637747398324386,0
PPO-QP,20260806,236,45,22750,0,0,0,0.0,47.75952401443155,100.0,0.0,1.9826292459631153e-11,117.98798056571603,30.0,205,93,190.1998747406399,125.0,3,-100.0,100.0,47.75952401443155,428.2595240144316,-52.24047598556845,3.7999999999999996e-08,0,1,24.7525470152319,0
PPO-QP,20260806,236,45,22751,0,0,0,0.0,100.0,100.0,0.0,1.953186131350056e-11,102.0386202739094,30.0,205,94,177.63157894736844,125.0,2,-100.0,100.0,100.00000000000003,290.25000000000006,2.842170943040401e-14,3.7999999999999996e-08,1,1,7.240475985568452,0
PPO-QP,20260806,236,45,22752,0,0,0,0.0,100.0,100.0,0.0,0.0,113.32074946010913,30.0,205,95,151.31578947368422,125.0,1,-100.0,100.0,100.00000000000003,100.00000000000003,2.842170943040401e-14,3.7999999999999996e-08,1,0,0.0,0
PPO-QP,20260806,237,45,22845,0,0,0,0.0,80.0,100.0,0.0,1.9215007363015956e-11,111.07898321111968,30.0,203,92,225.0,125.0,4,-0.0,100.0,80.0,650.75,-20.0,3.7999999999999996e-08,0,1,35.0,0
PPO-QP,20260806,238,45,22941,0,0,0,0.0,79.99999998985706,100.0,0.0,0.0,93.65665261795868,30.0,73,92,224.9999999973308,125.0,4,-1.1238721766092472e-08,100.0,79.99999998985706,650.749999989857,-20.00000001014294,3.7999999999999996e-08,0,1,34.99999999453171,0
PPO-QP,20260806,239,45,23037,0,0,0,0.0,80.0,100.0,0.0,1.8986064572364587e-11,103.74738027439993,30.0,54,92,225.0,125.0,4,-0.0,100.0,80.0,650.75,-20.0,3.7999999999999996e-08,0,1,35.0,0
PPO-QP,20260806,240,46,23133,0,0,0,0.0,80.0,100.0,0.0,0.0,95.64219345576147,30.0,149,92,225.0,125.0,4,-0.0,100.0,80.0,650.75,-20.0,3.7999999999999996e-08,0,1,35.00000000510813,0
PPO-QP,20260806,241,46,23230,0,0,0,0.0,45.71700699992812,100.0,0.0,1.9942654934842116e-11,91.3715655984897,30.0,81,93,189.662370263139,125.0,3,-100.0,100.0,45.71700699992812,426.2170069999282,-54.28299300007188,3.7999999999999996e-08,0,1,26.2488216865716,0
PPO-QP,20260806,241,46,23231,0,0,0,0.0,100.0,100.0,0.0,1.881566754254512e-11,88.15190684343885,30.0,81,94,177.63157894736844,125.0,2,-100.0,100.0,100.00000000000003,290.25000000000006,2.842170943040401e-14,3.7999999999999996e-08,1,1,9.282993000071883,0
PPO-QP,20260806,241,46,23232,0,0,0,0.0,100.0,100.0,0.0,0.0,94.8441178493977,30.0,81,95,151.31578947368422,125.0,1,-100.0,100.0,100.00000000000003,100.00000000000003,2.842170943040401e-14,3.7999999999999996e-08,1,0,0.0,0
PPO-QP,20260806,242,46,23325,0,0,0,0.0,79.9999999619032,100.0,0.0,1.9299880212505135e-11,94.29020215225974,30.0,81,92,224.99999998997453,125.0,4,-4.221252119781352e-08,100.0,79.9999999619032,650.7499999619032,-20.0000000380968,3.7999999999999996e-08,0,1,34.99999992380643,0
PPO-QP,20260806,243,46,23421,0,0,0,0.0,80.0,100.0,0.0,1.942327410020539e-11,99.02691431499208,30.0,144,92,225.0,125.0,4,-0.0,100.0,80.0,650.75,-20.0,3.7999999999999996e-08,0,1,35.000000013836285,0
PPO-QP,20260806,244,46,23517,0,0,0,0.0,80.0,100.0,0.0,1.9185057246554985e-11,101.76595014465538,30.0,18,92,225.0,125.0,4,-0.0,100.0,80.0,650.75,-20.0,3.7999999999999996e-08,0,1,35.0,0
PPO-QP,20260806,245,47,23613,0,0,0,0.0,80.0,100.0,0.0,1.9201255400484266e-11,101.21404399016883,30.0,40,92,225.0,125.0,4,-0.0,100.0,80.0,650.75,-20.0,3.7999999999999996e-08,0,1,35.0,0
PPO-QP,20260806,246,47,23711,0,0,0,0.0,-100.0,-70.11661974349671,0.0,1.9258442988482708e-11,98.56853105204726,30.0,141,94,84.59730281091953,125.0,2,-100.0,100.0,-280.91994384321976,-70.11661974349671,-29.883380256503287,3.7999999999999996e-08,0,1,7.967741520998942,0
PPO-QP,20260806,247,47,23808,0,0,0,0.0,49.986637657085254,49.986637657085254,2.0011929150835308e-11,2.0011929150835308e-11,95.16279735919247,30.0,141,95,138.1543783308119,125.0,1,-100.0,100.0,49.986637657085254,49.986637657085254,0.0,3.7999999999999996e-08,0,1,61.52045059963557,0
PPO-QP,20260806,248,47,23901,0,0,0,0.0,79.99999997445158,100.0,0.0,1.9304032446617232e-11,100.58254270570778,30.0,153,92,224.99999999327673,125.0,4,-2.830850127410438e-08,100.0,79.99999997445158,650.7499999744515,-20.000000025548417,3.7999999999999996e-08,0,1,34.99999997436068,0
PPO-QP,20260806,249,47,23997,0,0,0,0.0,80.0,100.0,0.0,1.9021099510278343e-11,81.88761466839229,30.0,41,92,225.0,125.0,4,-0.0,100.0,80.0,650.75,-20.0,3.7999999999999996e-08,0,1,35.0,0
PPO-QP,20260806,250,48,24093,0,0,0,0.0,80.0,100.0,0.0,1.9305146370385272e-11,93.21260719239173,30.0,66,92,225.0,125.0,4,-0.0,100.0,80.0,650.75,-20.0,3.7999999999999996e-08,0,1,35.000000008866856,0
PPO-QP,20260806,251,48,24189,0,0,0,0.0,72.36062273160947,100.0,0.0,0.0,106.13850935359314,30.0,234,92,222.98963756094986,125.0,4,-8.46468395389533,100.0,72.36062273160947,643.1106227316094,-27.639377268390533,3.7999999999999996e-08,0,1,19.721245469641175,0
PPO-QP,20260806,252,48,24285,0,0,0,0.0,80.0,100.0,0.0,1.90433890878694e-11,100.69676510316452,30.0,2,92,225.0,125.0,4,-0.0,100.0,80.0,650.75,-20.0,3.7999999999999996e-08,0,1,35.000000021150896,0
PPO-QP,20260806,253,48,24381,0,0,0,0.0,79.99999996023176,100.0,0.0,1.9368917580919744e-11,106.24062507747706,30.0,199,92,224.99999998953467,125.0,4,-4.406453961947639e-08,100.0,79.99999996023176,650.7499999602318,-20.00000003976824,3.7999999999999996e-08,0,1,37.9416440726652,0
PPO-QP,20260806,254,48,24477,0,0,0,0.0,79.99999992064754,100.0,0.0,1.9110661201674853e-11,95.87781493241873,30.0,133,92,224.99999997911777,125.0,4,-8.792516095318685e-08,100.0,79.99999992064754,650.7499999206475,-20.00000007935246,3.7999999999999996e-08,0,1,34.99999984609317,0
PPO-QP,20260806,255,48,24573,0,0,0,0.0,79.99999995111936,100.0,0.0,1.9399078639755393e-11,101.49658100152236,30.0,177,92,224.99999998713668,125.0,4,-5.416136685342185e-08,100.0,79.99999995111936,650.7499999511193,-20.000000048880636,3.7999999999999996e-08,0,1,36.833321108691855,0
PPO-QP,20260806,256,49,24671,0,0,0,0.0,-100.0,-98.0849225186227,0.0,0.0,109.78876866424572,30.0,218,94,77.95483090182711,125.0,2,-100.0,100.0,-308.88824661834576,-98.0849225186227,-1.9150774813772955,3.7999999999999996e-08,0,1,37.14489594247825,0
PPO-QP,20260806,257,49,24765,0,0,0,0.0,79.99999996380113,100.0,0.0,1.937431326481942e-11,97.84049651637996,30.0,114,92,224.99999999047398,125.0,4,-4.010955404067461e-08,100.0,79.99999996380113,650.7499999638011,-20.00000003619887,3.7999999999999996e-08,0,1,38.705952568251604,0
PPO-QP,20260806,258,49,24861,0,0,0,0.0,79.99999996725526,100.0,0.0,1.9124994180922764e-11,104.874570453267,30.0,238,92,224.99999999138296,125.0,4,-3.6282256731187536e-08,100.0,79.99999996725526,650.7499999672552,-20.000000032744737,3.7999999999999996e-08,0,1,34.99999996758364,0
PPO-QP,20260806,259,49,24958,0,0,0,0.0,-100.0,-95.07695711413362,0.0,2.0085366703170848e-11,96.2549769502023,30.0,50,93,54.919222685393265,125.0,3,-100.0,100.0,-516.6836053135797,-95.07695711413362,-4.92304288586638,3.7999999999999996e-08,0,1,29.750650093137978,0
PPO-QP,20260806,260,49,25053,0,0,0,0.0,-100.0,-93.87887734495021,0.0,1.9872940330382485e-11,92.01794582118721,30.0,127,92,31.453766630574325,125.0,4,-100.0,24.524313196182433,-726.2888496441192,-93.87887734495021,-6.121122655049788,3.7999999999999996e-08,0,1,21.705123110953053,0
PPO-QP,20260806,261,50,25149,0,0,0,0.0,80.0,100.0,0.0,1.936616422781867e-11,89.4498133195773,30.0,82,92,225.0,125.0,4,-0.0,100.0,80.0,650.75,-20.0,3.7999999999999996e-08,0,1,35.00000004798662,0
PPO-QP,20260806,262,50,25245,0,0,0,0.0,79.99999998020962,100.0,0.0,1.940193931441551e-11,81.88761466839229,30.0,41,92,224.999999994792,125.0,4,-2.1928395941167285e-08,100.0,79.99999998020962,650.7499999802096,-20.000000019790377,3.7999999999999996e-08,0,1,34.999999960419295,0
PPO-QP,20260806,263,50,25341,0,0,0,0.0,80.0,100.0,0.0,1.9110539077142143e-11,99.83051753648506,30.0,190,92,225.0,125.0,4,-0.0,100.0,80.0,650.75,-20.0,3.7999999999999996e-08,0,1,35.0,0
PPO-QP,20260806,264,50,25437,0,0,0,0.0,79.99999993587039,100.0,0.0,1.95266136593375e-11,90.43588685788883,30.0,93,92,224.9999999831238,125.0,4,-7.105774401631942e-08,100.0,79.99999993587039,650.7499999358704,-20.00000006412961,3.7999999999999996e-08,0,1,34.99999988888679,0
PPO-QP,20260806,265,50,25533,0,0,0,0.0,79.99999995662631,100.0,0.0,0.0,106.24062507747706,30.0,199,92,224.99999998858587,125.0,4,-4.8059495097013975e-08,100.0,79.99999995662631,650.7499999566263,-20.00000004337369,3.7999999999999996e-08,0,1,34.99999991325259,0
PPO-QP,20260806,266,51,25630,0,0,0,0.0,20.146134762562724,100.0,0.0,1.9872385218870173e-11,114.67215735740426,30.0,182,93,182.93319335856916,125.0,3,-100.0,100.0,20.146134762562724,400.6461347625628,-79.85386523743728,3.7999999999999996e-08,0,1,1.4969697038913843,0
PPO-QP,20260806,266,51,25631,0,0,0,0.0,100.0,100.0,0.0,1.9115712716436897e-11,105.9884047813646,30.0,182,94,177.63157894736844,125.0,2,-100.0,100.0,100.00000000000003,290.25000000000006,2.842170943040401e-14,3.7999999999999996e-08,1,1,34.853865237437276,0
PPO-QP,20260806,266,51,25632,0,0,0,0.0,100.0,100.0,3.7007434154171884e-18,3.7007434154171884e-18,107.20048364743943,30.0,182,95,151.31578947368422,125.0,1,-100.0,100.0,100.00000000000003,100.00000000000003,2.842170943040401e-14,3.7999999999999996e-08,1,0,0.0,0
PPO-QP,20260806,267,51,25725,0,0,0,0.0,79.9999999778866,100.0,0.0,1.91454296860627e-11,85.8202729697167,30.0,61,92,224.99999999418068,125.0,4,-2.450238561754017e-08,100.0,79.9999999778866,650.7499999778865,-20.000000022113397,3.7999999999999996e-08,0,1,34.999999995077566,0
PPO-QP,20260806,268,51,25821,0,0,0,0.0,80.0,100.0,0.0,1.9187033443538817e-11,112.54618120928845,30.0,212,92,225.0,125.0,4,-0.0,100.0,80.0,650.75,-20.0,3.7999999999999996e-08,0,1,35.000000009615036,0
PPO-QP,20260806,269,51,25917,0,0,0,0.0,80.0,100.0,0.0,1.9383343078753038e-11,109.23909068749569,30.0,157,92,225.0,125.0,4,-0.0,100.0,80.0,650.75,-20.0,3.7999999999999996e-08,0,1,35.00000003147043,0
PPO-QP,20260806,272,52,26205,0,0,0,0.0,79.09741834025648,100.0,0.0,1.9825711442914932e-11,111.81848596317624,30.0,207,92,224.7624785105938,125.0,4,-1.000090481710279,100.0,79.09741834025648,649.8474183402565,-20.902581659743518,3.7999999999999996e-08,0,1,57.87184900966517,0
PPO-QP,20260806,273,52,26302,0,0,0,0.0,99.99999995067238,100.0,0.0,1.9884967746482592e-11,100.27305816245851,30.0,86,93,203.9473684080717,125.0,3,-88.64265933443497,100.0,99.99999995067238,480.4999999506724,-4.9327624651596125e-08,3.7999999999999996e-08,0,1,91.03156945980913,0
PPO-QP,20260806,274,52,26397,0,0,0,0.0,27.64924382911706,100.0,0.0,0.0,106.78624934180647,30.0,218,92,211.2234852181887,125.0,4,-58.006378028679165,100.0,27.64924382911706,598.399243829117,-72.35075617088293,3.7999999999999996e-08,0,1,26.331105113049702,0
PPO-QP,20260806,274,52,26398,0,0,0,0.0,99.99999999999991,100.0,0.0,0.0,103.61230749320411,30.0,218,93,203.94736842105263,125.0,3,-88.6426592797784,100.0,99.99999999999991,480.5,-8.526512829121202e-14,3.7999999999999996e-08,0,1,27.35075617088286,0
PPO-QP,20260806,275,52,26493,0,0,0,0.0,-100.0,-100.0,0.0,1.9825803961500318e-11,105.33033672677433,30.0,183,92,30.0,125.0,4,-100.0,19.0,-732.409972299169,-100.0,0.0,3.7999999999999996e-08,0,1,41.51001517674832,0
PPO-QP,20260806,276,52,26589,0,0,0,0.0,79.999999920983,100.0,0.0,1.9372540608723437e-11,98.39027437785774,30.0,5,92,224.99999997920605,125.0,4,-8.755346482901491e-08,100.0,79.999999920983,650.749999920983,-20.000000079017,3.7999999999999996e-08,0,1,34.99999985088382,0
PPO-QP,20260806,277,53,26685,0,0,0,0.0,-100.0,-100.0,0.0,1.9559368939307357e-11,94.0077774045799,30.0,78,92,30.0,125.0,4,-100.0,19.0,-732.409972299169,-100.0,0.0,3.7999999999999996e-08,0,1,61.30501461274102,0
PPO-QP,20260806,278,53,26781,0,0,0,0.0,33.35024691602501,100.0,0.0,1.9951248061052714e-11,99.02691431499208,30.0,144,92,212.72374918842763,125.0,4,-51.68947710135734,100.0,33.35024691602501,604.100246916025,-66.64975308397499,3.7999999999999996e-08,0,1,2.4249722617144442,0
PPO-QP,20260806,278,53,26782,0,0,0,0.0,99.99999998555458,100.0,0.0,1.9680353643044176e-11,98.74840465932303,30.0,144,93,203.94736841725123,125.0,3,-88.64265929578431,100.0,99.99999998555458,480.49999998555467,-1.4445419083131128e-08,3.7999999999999996e-08,0,1,21.64975305508429,0
PPO-QP,20260806,280,53,26973,0,0,0,0.0,79.9999999525099,100.0,0.0,1.9945397185712938e-11,107.22965812391051,30.0,150,92,224.9999999875026,125.0,4,-5.262061102640521e-08,100.0,79.9999999525099,650.7499999525098,-20.000000047490104,3.7999999999999996e-08,0,1,34.999999950162284,0
PPO-QP,20260806,281,53,27069,0,0,0,0.0,79.9999999686391,100.0,0.0,1.9850691460968998e-11,95.64219345576147,30.0,149,92,224.99999999174713,125.0,4,-3.4748920466211676e-08,100.0,79.9999999686391,650.749999968639,-20.000000031360898,3.7999999999999996e-08,0,1,34.99999993727815,0
PPO-QP,20260806,282,54,27165,0,0,0,0.0,-100.0,-100.0,0.0,1.96794950705718e-11,98.98452005268396,30.0,24,92,30.0,125.0,4,-100.0,19.0,-732.409972299169,-100.0,0.0,3.7999999999999996e-08,0,1,38.18637000993192,0
PPO-QP,20260806,283,54,27261,0,0,0,0.0,-100.0,-94.0077848784131,0.0,1.9842424000178955e-11,81.88761466839229,30.0,41,92,31.423151091376887,125.0,4,-100.0,24.40797414723217,-726.4177571775821,-94.0077848784131,-5.992215121586895,3.7999999999999996e-08,0,1,43.96231944625556,0
PPO-QP,20260806,284,54,27360,0,0,0,0.0,100.0,100.0,1.9635445121698088e-11,1.9635445121698088e-11,101.5514722138401,30.0,110,95,151.31578947368422,125.0,1,-100.0,100.0,100.00000000000003,100.00000000000003,2.842170943040401e-14,3.7999999999999996e-08,1,1,36.05060374243858,0
PPO-QP,20260806,285,54,27453,0,0,0,0.0,79.99999995671682,100.0,0.0,1.979739335430016e-11,100.24854400666918,30.0,170,92,224.9999999886097,125.0,4,-4.7959211339107964e-08,100.0,79.99999995671682,650.7499999567168,-20.00000004328318,3.7999999999999996e-08,0,1,34.999999929329455,0
PPO-QP,20260806,286,54,27549,0,0,0,0.0,-100.0,-100.0,0.0,1.9883898231635537e-11,105.96302933422132,30.0,211,92,30.0,125.0,4,-100.0,19.0,-732.409972299169,-100.0,0.0,3.7999999999999996e-08,0,1,33.94736842105263,0
PPO-QP,20260806,287,54,27645,0,0,0,0.0,70.4728257225522,100.0,0.0,1.9548111277837658e-11,102.9635056064629,30.0,189,92,222.49284887435584,125.0,4,-10.556425792185923,100.0,70.4728257225522,641.2228257225522,-29.5271742774478,3.7999999999999996e-08,0,1,46.90598117812153,0
PPO-QP,20260806,288,55,27741,0,0,0,0.0,79.99999999584547,100.0,0.0,1.9447917350608653e-11,103.92254966074705,30.0,229,92,224.9999999989067,125.0,4,-4.6033595648814776e-09,100.0,79.99999999584547,650.7499999958454,-20.00000000415453,3.7999999999999996e-08,0,1,36.799983328187935,0
PPO-QP,20260806,289,55,27838,0,0,0,0.0,99.99999999768413,100.0,0.0,1.9960144648223377e-11,97.71509678891098,30.0,73,93,203.9473684204432,125.0,3,-88.64265928234438,100.0,99.99999999768413,480.4999999976842,-2.3158719386628945e-09,3.7999999999999996e-08,0,1,68.34366758924352,0
PPO-QP,20260806,290,55,27935,0,0,0,0.0,52.84550720524476,100.0,0.0,2.0097682777257358e-11,105.0256680210769,30.0,168,94,165.22250189611705,125.0,2,-100.0,100.0,52.84550720524476,243.0955072052448,-47.15449279475524,3.7999999999999996e-08,0,1,25.979828858961362,0
PPO-QP,20260806,290,55,27936,0,0,0,0.0,99.99999999073083,99.99999999073083,1.974690781262704e-11,1.974690781262704e-11,108.37324799620181,30.0,168,95,151.31578947124495,125.0,1,-100.0,100.0,99.99999999073083,99.99999999073083,0.0,3.7999999999999996e-08,0,1,2.154492776216827,0
PPO-QP,20260806,291,55,28029,0,0,0,0.0,79.05522688626552,100.0,0.0,0.0,100.58254270570778,30.0,153,92,224.75137549638566,125.0,4,-1.0468400152182624,100.0,79.05522688626552,649.8052268862655,-20.944773113734485,3.7999999999999996e-08,0,1,35.90199707754792,0
PPO-QP,20260806,292,55,28128,0,0,0,0.0,78.22892696998188,78.22892696998188,2.590520390792032e-17,2.590520390792032e-17,115.50746958334938,30.0,165,95,145.5865597289426,125.0,1,-100.0,100.0,78.22892696998188,78.22892696998188,0.0,3.7999999999999996e-08,0,1,69.28496447610442,0
PPO-QP,20260806,293,56,28224,0,0,0,0.0,26.43019580138835,26.43019580138835,1.9559165398419508e-11,1.9559165398419508e-11,82.25336332736374,30.0,72,95,131.95531468457588,125.0,1,-100.0,100.0,26.43019580138835,26.43019580138835,0.0,3.7999999999999996e-08,0,1,3.713573809759602,0
PPO-QP,20260806,294,56,28318,0,0,0,0.0,99.99999999999991,100.0,0.0,1.979802248068078e-11,100.44471356357231,30.0,130,93,203.94736842105263,125.0,3,-88.6426592797784,100.0,99.99999999999991,480.5,-8.526512829121202e-14,3.7999999999999996e-08,0,1,39.12896688204675,0
PPO-QP,20260806,295,56,28413,0,0,0,0.0,46.860429685357516,100.0,0.0,1.9541201989881074e-11,103.03986682541994,30.0,194,92,216.27906044351514,125.0,4,-36.71974550098891,100.0,46.860429685357516,617.6104296853575,-53.139570314642484,3.7999999999999996e-08,0,1,9.221079366235742,0
PPO-QP,20260806,295,56,28414,0,0,0,0.0,99.99999999999991,100.0,0.0,1.9514279081533914e-11,104.08615387966258,30.0,194,93,203.94736842105263,125.0,3,-88.6426592797784,100.0,99.99999999999991,480.5,-8.526512829121202e-14,3.7999999999999996e-08,0,1,8.139570314642398,0
PPO-QP,20260806,296,56,28511,0,0,0,0.0,51.296178227845424,100.0,0.0,1.9699105309930094e-11,88.77776766395533,30.0,83,94,164.81478374416986,125.0,2,-100.0,100.0,51.296178227845424,241.54617822784545,-48.703821772154576,3.7999999999999996e-08,0,1,22.109350631766254,0
PPO-QP,20260806,296,56,28512,0,0,0,0.0,100.0,100.0,1.953612456991512e-11,1.953612456991512e-11,98.16981514429197,30.0,83,95,151.31578947368422,125.0,1,-100.0,100.0,100.00000000000003,100.00000000000003,2.842170943040401e-14,3.7999999999999996e-08,1,1,3.7038217721545834,0
PPO-QP,20260806,297,56,28606,0,0,0,0.0,99.99999999999991,100.0,0.0,1.9625009025266612e-11,86.93595407293417,30.0,88,93,203.94736842105263,125.0,3,-88.6426592797784,100.0,99.99999999999991,480.5,-8.526512829121202e-14,3.7999999999999996e-08,0,1,27.170737246060114,0
PPO-QP,20260806,298,57,28701,0,0,0,0.0,79.99999994146265,100.0,0.0,1.9861579048097157e-11,103.71614153679448,30.0,125,92,224.99999998459543,125.0,4,-6.486133267906936e-08,100.0,79.99999994146265,650.7499999414626,-20.000000058537353,3.7999999999999996e-08,0,1,34.99999989647768,0
PPO-QP,20260806,299,57,28797,0,0,0,0.0,-100.0,-100.0,0.0,2.009947393707042e-11,83.30942638550725,30.0,49,92,30.0,125.0,4,-100.0,19.0,-732.409972299169,-100.0,0.0,3.7999999999999996e-08,0,1,83.37382307391907,0
PPO-QP,20260806,300,57,28893,0,0,0,0.0,-100.0,-100.0,0.0,1.9824375474541967e-11,105.46954824232857,30.0,143,92,30.0,125.0,4,-100.0,19.0,-732.409972299169,-100.0,0.0,3.7999999999999996e-08,0,1,33.94736842105263,0
PPO-QP,20260806,302,57,29085,0,0,0,0.0,79.99999997131054,100.0,0.0,1.8990853334344137e-11,104.06273500373985,30.0,192,92,224.99999999245014,125.0,4,-3.1788874223007285e-08,100.0,79.99999997131054,650.7499999713106,-20.000000028689456,3.7999999999999996e-08,0,1,34.99999999187642,0
PPO-QP,20260806,303,57,29181,0,0,0,0.0,44.04496223406813,100.0,0.0,1.9835795968721945e-11,103.52373239298403,30.0,11,92,215.53814795633372,125.0,4,-39.8393770259633,100.0,44.04496223406813,614.7949622340681,-55.95503776593187,3.7999999999999996e-08,0,1,38.83424566307703,0
PPO-QP,20260806,303,57,29182,0,0,0,0.0,99.99999999750409,100.0,0.0,1.950855773221368e-11,101.28941006389363,30.0,11,93,203.94736842039583,125.0,3,-88.64265928254386,100.0,99.99999999750409,480.4999999975041,-2.4959092570497887e-09,3.7999999999999996e-08,0,1,10.955037760940087,0
PPO-QP,20260806,304,58,29277,0,0,0,0.0,64.38969287527162,100.0,0.0,1.9978874110648805e-11,98.04912306783665,30.0,136,92,220.89202444086095,125.0,4,-17.296739196374947,100.0,64.38969287527162,635.1396928752716,-35.61030712472838,3.7999999999999996e-08,0,1,75.81429167976987,0
PPO-QP,20260806,305,58,29375,0,0,0,0.0,-100.0,-81.7076539467174,0.0,1.992708220655004e-11,102.00371329682426,30.0,225,94,81.84443218765462,125.0,2,-100.0,100.0,-292.5109780464404,-81.7076539467174,-18.2923460532826,3.7999999999999996e-08,0,1,30.91669203445415,0
PPO-QP,20260806,306,58,29469,0,0,0,0.0,79.99999996100807,100.0,0.0,1.9039636534046166e-11,94.14081101762508,30.0,115,92,224.99999998973897,125.0,4,-4.3204349104167996e-08,100.0,79.99999996100807,650.749999961008,-20.000000038991928,3.7999999999999996e-08,0,1,34.99999993905569,0
PPO-QP,20260806,307,58,29565,0,0,0,0.0,-100.0,-94.06045038284296,0.0,1.995100011124388e-11,105.46954824232857,30.0,143,92,31.4106430340748,125.0,4,-100.0,24.360443529484233,-726.4704226820119,-94.06045038284296,-5.939549617157041,3.7999999999999996e-08,0,1,69.09505879215317,0
PPO-QP,20260806,308,58,29664,0,0,0,0.0,-73.0759488295311,-73.0759488295311,1.9956521620419684e-11,1.9956521620419684e-11,82.25336332736374,30.0,72,95,107.64446215298636,125.0,1,-100.0,100.0,-73.0759488295311,-73.0759488295311,0.0,3.7999999999999996e-08,0,1,66.02506914936399,0
PPO-QP,20260806,310,59,29853,0,0,0,0.0,79.99999993585797,100.0,0.0,1.9314738697318036e-11,109.65240546778003,30.0,206,92,224.99999998312052,125.0,4,-7.10715061072015e-08,100.0,79.99999993585797,650.7499999358579,-20.00000006414203,3.7999999999999996e-08,0,1,34.99999987171595,0
PPO-QP,20260806,311,59,29950,0,0,0,0.0,99.99999999155996,100.0,0.0,1.9538271001096064e-11,109.56105546453871,30.0,167,93,203.9473684188316,125.0,3,-88.64265928913017,100.0,99.99999999155996,480.49999999156,-8.440039778179198e-09,3.7999999999999996e-08,0,1,32.627290202024696,0
PPO-QP,20260806,312,59,30045,0,0,0,0.0,-100.0,-100.0,0.0,1.9863832800837145e-11,92.94233251117724,30.0,1,92,30.0,125.0,4,-100.0,19.0,-732.409972299169,-100.0,0.0,3.7999999999999996e-08,0,1,33.94736842105263,0
PPO-QP,20260806,313,59,30142,0,0,0,0.0,97.32564813168291,100.0,0.0,1.982459011766006e-11,85.98464274603836,30.0,111,93,203.24359161360078,125.0,3,-91.6059300479967,100.0,97.32564813168291,477.82564813168295,-2.674351868317089,3.7999999999999996e-08,0,1,93.82903777948016,0
PPO-QP,20260806,314,60,30237,0,0,0,0.0,79.99999995360527,100.0,0.0,1.968120851477314e-11,100.24854400666918,30.0,170,92,224.99999998779086,125.0,4,-5.1406914280960336e-08,100.0,79.99999995360527,650.7499999536052,-20.00000004639473,3.7999999999999996e-08,0,1,34.99999990901438,0
PPO-QP,20260806,316,60,30431,0,0,0,0.0,69.18700287476746,100.0,0.0,1.955812178877636e-11,95.64091384434201,30.0,120,94,169.52289549335987,125.0,2,-100.0,100.0,69.18700287476746,259.4370028747675,-30.812997125232542,3.7999999999999996e-08,0,1,43.38224077934346,0
PPO-QP,20260806,317,60,30525,0,0,0,0.0,79.9999999853554,100.0,0.0,1.994714763734843e-11,96.58075138170044,30.0,179,92,224.99999999614616,125.0,4,-1.62267018535395e-08,100.0,79.9999999853554,650.7499999853553,-20.0000000146446,3.7999999999999996e-08,0,1,35.00000004526015,0
PPO-QP,20260806,318,60,30622,0,0,0,0.0,-100.0,-80.28432035531607,0.0,1.9713608523375114e-11,104.53940554275275,30.0,183,93,58.432473915612434,125.0,3,-100.0,100.0,-501.89096855476214,-80.28432035531607,-19.71567964468393,3.7999999999999996e-08,0,1,12.616459748714476,0
PPO-QP,20260806,319,60,30718,0,0,0,0.0,99.99999997653367,100.0,0.0,1.9924887665704696e-11,77.8214258748751,30.0,55,93,203.9473684148773,125.0,3,-88.64265930577979,100.0,99.99999997653367,480.49999997653373,-2.3466327547794208e-08,3.7999999999999996e-08,0,1,37.389284637118436,0
PPO-QP,20260806,320,61,30815,0,0,0,0.0,99.99999996134162,100.0,0.0,1.9840114736287736e-11,103.07058365071504,30.0,178,94,177.63157893719517,125.0,2,-100.0,100.0,99.99999996134162,290.24999996134164,-3.865838493766205e-08,3.7999999999999996e-08,0,1,47.93967481038828,0
PPO-QP,20260806,321,61,30909,0,0,0,0.0,79.9999999472598,100.0,0.0,0.0,102.75890329454388,30.0,187,92,224.999999986121,125.0,4,-5.843790667744256e-08,100.0,79.9999999472598,650.7499999472598,-20.000000052740205,3.7999999999999996e-08,0,1,44.77083025318218,0
PPO-QP,20260806,322,61,31005,0,0,0,0.0,-100.0,-100.0,0.0,1.9773704895698076e-11,92.94233251117724,30.0,1,92,30.0,125.0,4,-100.0,19.0,-732.409972299169,-100.0,0.0,3.7999999999999996e-08,0,1,36.426573615387056,0
PPO-QP,20260806,323,61,31101,0,0,0,0.0,66.44207218138948,100.0,0.0,1.9380093826034302e-11,100.24751861636082,30.0,107,92,221.4321242582604,125.0,4,-15.022634702061529,100.0,66.44207218138948,637.1920721813894,-33.55792781861052,3.7999999999999996e-08,0,1,37.968785515426376,0
PPO-QP,20260806,324,61,31198,0,0,0,0.0,68.17016017527878,100.0,0.0,1.945139234867573e-11,102.04337710097198,30.0,178,93,195.57109478296812,125.0,3,-100.0,100.0,68.17016017527878,448.67016017527885,-31.82983982472122,3.7999999999999996e-08,0,1,55.23366879140127,0
PPO-QP,20260806,325,62,31293,0,0,0,0.0,-100.0,-100.0,0.0,1.99112541269623e-11,99.69693547047898,30.0,137,92,30.0,125.0,4,-100.0,19.0,-732.409972299169,-100.0,0.0,3.7999999999999996e-08,0,1,36.79026297219227,0
PPO-QP,20260806,326,62,31392,0,0,0,0.0,88.3453176404618,88.3453176404618,2.002534804645961e-11,2.002534804645961e-11,93.71842434786733,30.0,97,95,148.24876780012153,125.0,1,-100.0,100.0,88.3453176404618,88.3453176404618,0.0,3.7999999999999996e-08,0,1,39.127463042763296,0
PPO-QP,20260806,327,62,31485,0,0,0,0.0,80.0,100.0,0.0,0.0,100.83889927295647,30.0,31,92,225.0,125.0,4,-0.0,100.0,80.0,650.75,-20.0,3.7999999999999996e-08,0,1,50.09306990476106,0
PPO-QP,20260806,328,62,31581,0,0,0,0.0,-1.00349611190902,100.0,0.0,1.977233562063437e-11,107.24698631088836,30.0,156,92,203.70903809447424,125.0,4,-89.64615539168743,100.0,-1.00349611190902,569.8443447590021,-101.00349611190902,3.7999999999999996e-08,0,1,7.407636884124261,0
PPO-QP,20260806,328,62,31582,0,0,0,0.0,99.99999995903565,100.0,0.0,1.977233562063437e-11,111.06224735325101,30.0,156,93,203.94736841027256,125.0,3,-88.64265932516817,100.0,99.99999995903565,480.49999995903573,-4.096435191058845e-08,3.7999999999999996e-08,0,1,56.00349602555492,0
PPO-QP,20260806,329,62,31677,0,0,0,0.0,5.7700983635163645,100.0,0.0,1.998404404920014e-11,112.16735870136588,30.0,181,92,205.4658153588201,125.0,4,-82.24919848917855,100.0,5.7700983635163645,576.5200983635164,-94.22990163648363,3.7999999999999996e-08,0,1,29.856172803533095,0
PPO-QP,20260806,329,62,31678,0,0,0,0.0,99.99999998310066,100.0,0.0,1.998404404920014e-11,110.91213756170231,30.0,181,93,203.94736841660546,125.0,3,-88.64265929850335,100.0,99.99999998310066,480.49999998310074,-1.6899335264497495e-08,3.7999999999999996e-08,0,1,49.22990160268504,0
PPO-QP,20260806,330,63,31776,0,0,0,0.0,99.99999995994892,99.99999995994892,2.0025277732334718e-11,2.0025277732334718e-11,99.87740349038724,30.0,191,95,151.31578946314445,125.0,1,-100.0,100.0,99.99999995994892,99.99999995994892,0.0,3.7999999999999996e-08,0,1,30.01228970754123,0
PPO-QP,20260806,331,63,31872,0,0,0,0.0,-57.79753851668859,-57.79753851668859,2.0179180548751673e-11,2.0179180548751673e-11,96.64655399428086,30.0,16,95,111.27308460228646,125.0,1,-100.0,100.0,-57.79753851668859,-57.79753851668859,0.0,3.7999999999999996e-08,0,1,52.493622925409305,0
PPO-QP,20260806,332,63,31965,0,0,0,0.0,-100.0,-100.0,0.0,2.0012336232611006e-11,94.29020215225974,30.0,81,92,30.0,125.0,4,-100.0,19.0,-732.409972299169,-100.0,0.0,3.7999999999999996e-08,0,1,87.59863923756899,0
PPO-QP,20260806,333,63,32062,0,0,0,0.0,41.86106468007271,100.0,0.0,1.9897550274095012e-11,102.31901837442193,30.0,139,93,188.64764860001915,125.0,3,-100.0,100.0,41.86106468007271,422.3610646800728,-58.13893531992729,3.7999999999999996e-08,0,1,38.14003841392391,0
PPO-QP,20260806,333,63,32063,0,0,0,0.0,99.99999998376174,100.0,0.0,1.9618773272611635e-11,100.63055783331826,30.0,139,94,177.6315789430952,125.0,2,-100.0,100.0,99.99999998376174,290.24999998376177,-1.6238260514001013e-08,3.7999999999999996e-08,0,1,13.138935287450693,0
PPO-QP,20260806,334,63,32157,0,0,0,0.0,-100.0,-100.0,0.0,1.990135463832606e-11,81.88761466839229,30.0,41,92,30.0,125.0,4,-100.0,19.0,-732.409972299169,-100.0,0.0,3.7999999999999996e-08,0,1,33.94736842105263,0
PPO-QP,20260806,335,63,32254,0,0,0,0.0,99.99999999999991,100.0,0.0,1.950998621917203e-11,96.26174217416752,30.0,150,93,203.94736842105263,125.0,3,-88.6426592797784,100.0,99.99999999999991,480.5,-8.526512829121202e-14,3.7999999999999996e-08,0,1,33.143951270591444,0
PPO-QP,20260806,336,64,32352,0,0,0,0.0,-43.2518433526617,-43.2518433526617,1.9872203882442818e-11,1.9872203882442818e-11,99.87740349038724,30.0,191,95,114.72768720374285,125.0,1,-100.0,100.0,-43.2518433526617,-43.2518433526617,0.0,3.7999999999999996e-08,0,1,39.717043301638846,0
PPO-QP,20260806,337,64,32447,0,0,0,0.0,55.9786545574469,100.0,0.0,1.9828250152897908e-11,95.86794448430705,30.0,44,94,166.04701435722288,125.0,2,-100.0,100.0,55.9786545574469,246.22865455744693,-44.0213454425531,3.7999999999999996e-08,0,1,41.81436773895135,0
PPO-QP,20260806,338,64,32543,0,0,0,0.0,75.20658361300991,100.0,0.0,2.0108255801195205e-11,73.24774864864321,30.0,13,94,171.1069956876342,125.0,2,-100.0,100.0,75.20658361300991,265.4565836130099,-24.79341638699009,3.7999999999999996e-08,0,1,41.75611013164392,0
PPO-QP,20260806,339,64,32638,0,0,0,0.0,99.99999999981502,100.0,0.0,1.9693250733846904e-11,96.18133098322407,30.0,40,93,203.94736842100397,125.0,3,-88.64265927998328,100.0,99.99999999981502,480.4999999998151,-1.8498269582778448e-10,3.7999999999999996e-08,0,1,11.930170682529436,0
PPO-QP,20260806,340,64,32735,0,0,0,0.0,99.99999996485926,100.0,0.0,1.9900573781465405e-11,101.52088191439412,30.0,219,94,177.63157893812087,125.0,2,-100.0,100.0,99.99999996485926,290.2499999648593,-3.514074364829867e-08,3.7999999999999996e-08,0,1,59.42043007060607,0
PPO-QP,20260806,341,65,32829,0,0,0,0.0,-100.0,-30.637037920759525,0.0,1.986626048851766e-11,101.10748378887497,30.0,110,92,46.47370349381961,125.0,4,-100.0,81.60007327651452,-663.0470102199286,-30.637037920759525,-69.36296207924048,3.7999999999999996e-08,0,1,12.431444809281395,0
PPO-QP,20260806,341,65,32830,0,0,0,0.0,-100.0,-100.0,0.0,1.986626048851766e-11,94.76378707410298,30.0,110,93,53.75,125.0,3,-100.0,100.0,-521.6066481994461,-100.0,0.0,3.7999999999999996e-08,0,1,24.362962079240475,0
PPO-QP,20260806,342,65,32926,0,0,0,0.0,-100.0,-88.14128159423433,0.0,0.0,106.90013595336151,30.0,208,93,56.56644562136935,125.0,3,-100.0,100.0,-509.7479297936804,-88.14128159423433,-11.858718405765671,3.7999999999999996e-08,0,1,53.28314200045882,0
PPO-QP,20260806,343,65,33023,0,0,0,0.0,-100.0,-92.84147398394141,0.0,1.9852138451644425e-11,83.61428885308872,30.0,63,94,79.20014992881391,125.0,2,-100.0,100.0,-303.64479808366445,-92.84147398394141,-7.1585260160585875,3.7999999999999996e-08,0,1,60.36998503254641,0
PPO-QP,20260806,344,65,33120,0,0,0,0.0,99.99999999364258,99.99999999364258,1.9780503161352194e-11,1.9780503161352194e-11,112.36635969261222,30.0,156,95,151.3157894720112,125.0,1,-100.0,100.0,99.99999999364258,99.99999999364258,0.0,3.7999999999999996e-08,0,1,18.486194112158074,0
PPO-QP,20260806,345,65,33213,0,0,0,0.0,-100.0,-87.97252971303112,0.0,2.0157309155166558e-11,100.9288157550295,30.0,155,92,32.85652419315511,125.0,4,-100.0,29.854791933989418,-720.3825020122001,-87.97252971303112,-12.027470286968878,3.7999999999999996e-08,0,1,68.27350092850523,0
PPO-QP,20260806,346,66,33311,0,0,0,0.0,71.45545007415834,100.0,0.0,1.993014272135459e-11,108.58091190835204,30.0,32,94,170.11985528267326,125.0,2,-100.0,100.0,71.45545007415834,261.70545007415836,-28.544549925841665,3.7999999999999996e-08,0,1,16.354546891298995,0
PPO-QP,20260806,347,66,33405,0,0,0,0.0,-100.0,-82.36371335538291,0.0,1.9672482161799584e-11,87.61049049163246,30.0,101,92,34.18861807809656,125.0,4,-100.0,34.91674869676693,-714.7736856545519,-82.36371335538291,-17.636286644617087,3.7999999999999996e-08,0,1,9.497176206611428,0
PPO-QP,20260806,349,66,33600,0,0,0,0.0,-100.0,-100.0,0.0,0.0,103.52484058826954,30.0,219,95,101.25,125.0,1,-100.0,100.0,-100.0,-100.0,0.0,3.7999999999999996e-08,0,1,86.24470572220606,0
PPO-QP,20260806,351,66,33792,0,0,0,0.0,-53.36115028147088,-53.36115028147088,1.984737189412537e-11,1.984737189412537e-11,109.31150113156868,30.0,171,95,112.32672680815067,125.0,1,-100.0,100.0,-53.36115028147088,-53.36115028147088,0.0,3.7999999999999996e-08,0,1,0.3815396899827732,0
PPO-QP,20260806,352,67,33885,0,0,0,0.0,-100.0,-100.0,0.0,1.9920139611902716e-11,85.8202729697167,30.0,61,92,30.0,125.0,4,-100.0,19.0,-732.409972299169,-100.0,0.0,3.7999999999999996e-08,0,1,33.94736842105263,0
PPO-QP,20260806,354,67,34077,0,0,0,0.0,-100.0,-100.0,0.0,1.9815349361351763e-11,94.29020215225974,30.0,81,92,30.0,125.0,4,-100.0,19.0,-732.409972299169,-100.0,0.0,3.7999999999999996e-08,0,1,33.94736842105263,0
PPO-QP,20260806,355,67,34172,0,0,0,0.0,-100.0,-8.321215491813295,0.0,0.0,119.52265423501919,30.0,185,91,28.023711320694343,125.0,5,-100.0,11.490103018638502,-829.3738470707607,-8.321215491813295,-91.67878450818671,3.7999999999999996e-08,0,1,3.376880816799332,0
PPO-QP,20260806,355,67,34173,0,0,0,0.0,-100.0,-100.0,0.0,0.0,109.97109181636901,30.0,185,92,30.0,125.0,4,-100.0,19.0,-732.409972299169,-100.0,0.0,3.7999999999999996e-08,0,1,46.67878450818671,0
PPO-QP,20260806,356,67,34269,0,0,0,0.0,-100.0,-100.0,0.0,1.975872798709588e-11,97.15497237735016,30.0,17,92,30.0,125.0,4,-100.0,19.0,-732.409972299169,-100.0,0.0,3.7999999999999996e-08,0,1,33.94736842105263,0
PPO-QP,20260806,357,68,34367,0,0,0,0.0,-100.0,-62.88210088946974,0.0,1.996223186750967e-11,111.19359044811893,30.0,157,94,86.31550103875094,125.0,2,-100.0,100.0,-273.68542498919277,-62.88210088946974,-37.11789911053026,3.7999999999999996e-08,0,1,27.61707335311489,0
PPO-QP,20260806,358,68,34462,0,0,0,0.0,-100.0,-85.89913319246693,0.0,1.9240890362463384e-11,118.81675079354319,30.0,165,93,57.098955866789105,125.0,3,-100.0,100.0,-507.505781391913,-85.89913319246693,-14.100866807533066,3.7999999999999996e-08,0,1,72.60238965912731,0
PPO-QP,20260806,359,68,34557,0,0,0,0.0,-100.0,-100.0,0.0,2.0097605061645633e-11,112.16735870136588,30.0,181,92,30.0,125.0,4,-100.0,19.0,-732.409972299169,-100.0,0.0,3.7999999999999996e-08,0,1,33.94736842105263,0
PPO-QP,20260806,360,68,34653,0,0,0,0.0,-100.0,-100.0,0.0,2.0038296947670156e-11,108.3505698228186,30.0,161,92,30.0,125.0,4,-100.0,19.0,-732.409972299169,-100.0,0.0,3.7999999999999996e-08,0,1,41.717165554356995,0
PPO-QP,20260806,362,69,34844,0,0,0,0.0,-100.0,-21.05263157894737,0.0,0.0,99.50268949081186,30.0,96,91,25.0,125.0,5,-100.0,0.0,-842.1052631578948,-21.05263157894737,-78.94736842105263,3.7999999999999996e-08,0,1,2.0086529810768887,0
PPO-QP,20260806,362,69,34845,0,0,0,0.0,-100.0,-100.0,0.0,0.0,93.11517390836408,30.0,96,92,30.0,125.0,4,-100.0,19.0,-732.409972299169,-100.0,0.0,3.7999999999999996e-08,0,1,33.94736842105263,0
PPO-QP,20260806,363,69,34941,0,0,0,0.0,-100.0,-93.92810377788742,0.0,1.9892946549286232e-11,98.38002215283956,30.0,50,92,31.44207535275174,125.0,4,-100.0,24.47988634045661,-726.3380760770564,-93.92810377788742,-6.071896222112585,3.7999999999999996e-08,0,1,21.80357597682746,0
PPO-QP,20260806,364,69,35037,0,0,0,0.0,-100.0,-95.31545362566683,0.0,1.9910998775666638e-11,109.9284297131466,30.0,221,92,31.11257976390413,125.0,4,-100.0,23.22780310283569,-727.7254259248358,-95.31545362566683,-4.684546374333166,3.7999999999999996e-08,0,1,36.853521996499474,0
PPO-QP,20260806,365,69,35133,0,0,0,0.0,-100.0,-100.0,0.0,1.985468086237082e-11,102.31891501836098,30.0,162,92,30.0,125.0,4,-100.0,19.0,-732.409972299169,-100.0,0.0,3.7999999999999996e-08,0,1,33.94736842105263,0
PPO-QP,20260806,366,69,35229,0,0,0,0.0,-100.0,-100.0,0.0,1.993260741646926e-11,93.65825683373826,30.0,147,92,30.0,125.0,4,-100.0,19.0,-732.409972299169,-100.0,0.0,3.7999999999999996e-08,0,1,33.94736842105263,0
PPO-QP,20260806,367,69,35326,0,0,0,0.0,-100.0,-36.3603805384632,0.0,2.0064198450834662e-11,99.81726400823128,30.0,26,93,68.86440962211499,125.0,3,-100.0,100.0,-457.9670287379093,-36.3603805384632,-63.6396194615368,3.7999999999999996e-08,0,1,12.64512217249888,0
PPO-QP,20260806,367,69,35327,0,0,0,0.0,-100.0,-100.0,0.0,2.0064198450834662e-11,96.47664528576733,30.0,26,94,77.5,125.0,2,-100.0,100.0,-310.80332409972306,-100.0,0.0,3.7999999999999996e-08,0,1,18.639619461536796,0
PPO-QP,20260806,368,70,35421,0,0,0,0.0,-100.0,-100.0,0.0,1.9912419861138157e-11,98.60021436873261,30.0,138,92,30.0,125.0,4,-100.0,19.0,-732.409972299169,-100.0,0.0,3.7999999999999996e-08,0,1,33.94736842105263,0
PPO-QP,20260806,369,70,35517,0,0,0,0.0,-100.0,-96.07861649564929,0.0,2.0020292830954152e-11,89.55801861089178,30.0,102,92,30.931328582283296,125.0,4,-100.0,22.539048612676524,-728.4885887948183,-96.07861649564929,-3.9213835043507146,3.7999999999999996e-08,0,1,44.420750039324076,0
PPO-QP,20260806,370,70,35613,0,0,0,0.0,-100.0,-90.02797512381012,0.0,1.9913988976346293e-11,91.03882991970426,30.0,95,92,32.3683559080951,125.0,4,-100.0,27.999752450761367,-722.4379474229792,-90.02797512381012,-9.972024876189877,3.7999999999999996e-08,0,1,38.078280258737564,0
PPO-QP,20260806,371,70,35710,0,0,0,0.0,-100.0,-100.0,0.0,1.9961695259714438e-11,99.3847516227156,30.0,1,93,53.75,125.0,3,-100.0,100.0,-521.6066481994461,-100.0,0.0,3.7999999999999996e-08,0,1,3.765697119897112,0
PPO-QP,20260806,372,70,35805,0,0,0,0.0,-100.0,-100.0,0.0,1.9850591540896782e-11,102.34785609960065,30.0,23,92,30.0,125.0,4,-100.0,19.0,-732.409972299169,-100.0,0.0,3.7999999999999996e-08,0,1,33.94736842105263,0
PPO-QP,20260806,373,71,35901,0,0,0,0.0,-100.0,-100.0,0.0,1.99410673159169e-11,98.39027437785774,30.0,5,92,30.0,125.0,4,-100.0,19.0,-732.409972299169,-100.0,0.0,3.7999999999999996e-08,0,1,33.94736842105263,0
PPO-QP,20260806,374,71,35997,0,0,0,0.0,-100.0,-51.10927626252078,0.0,1.995324646249704e-11,99.83051753648506,30.0,190,92,41.611546887651315,125.0,4,-100.0,63.12387817307499,-683.5192485616898,-51.10927626252078,-48.89072373747922,3.7999999999999996e-08,0,1,51.056064977899354,0
PPO-QP,20260806,374,71,35998,0,0,0,0.0,-100.0,-100.0,0.0,1.995324646249704e-11,106.27341279528608,30.0,190,93,53.75,125.0,3,-100.0,100.0,-521.6066481994461,-100.0,0.0,3.7999999999999996e-08,0,1,3.8907237374792203,0
PPO-QP,20260806,375,71,36093,0,0,0,0.0,79.99999994276311,100.0,0.0,1.9927134016957854e-11,112.63083730657955,30.0,166,92,224.99999998493766,125.0,4,-6.342038192853675e-08,100.0,79.99999994276311,650.7499999427631,-20.00000005723689,3.7999999999999996e-08,0,1,34.99999989895235,0
PPO-QP,20260806,377,71,36285,0,0,0,0.0,-100.0,-100.0,0.0,1.993599729743778e-11,99.51338637734993,30.0,140,92,30.0,125.0,4,-100.0,19.0,-732.409972299169,-100.0,0.0,3.7999999999999996e-08,0,1,33.94736842105263,0
PPO-QP,20260806,378,72,36380,0,0,0,0.0,-100.0,-15.194577189334293,0.0,1.999957236857123e-11,119.37691561106014,30.0,208,91,26.391287917533106,125.0,5,-100.0,5.286894086625801,-836.2472087682817,-15.194577189334293,-84.8054228106657,3.7999999999999996e-08,0,1,6.835139112683404,0
PPO-QP,20260806,378,72,36381,0,0,0,0.0,-100.0,-100.0,0.0,1.999957236857123e-11,115.68383100969456,30.0,208,92,30.0,125.0,4,-100.0,19.0,-732.409972299169,-100.0,0.0,3.7999999999999996e-08,0,1,39.8054228106657,0
PPO-QP,20260806,379,72,36477,0,0,0,0.0,-100.0,-100.0,0.0,1.9847778975901064e-11,80.32125119024646,30.0,20,92,30.0,125.0,4,-100.0,19.0,-732.409972299169,-100.0,0.0,3.7999999999999996e-08,0,1,33.94736842105263,0
PPO-QP,20260806,380,72,36576,0,0,0,0.0,-55.88291942980283,-55.88291942980283,1.9835740457570714e-11,1.9835740457570714e-11,93.2865237063013,30.0,103,95,111.72780663542183,125.0,1,-100.0,100.0,-55.88291942980283,-55.88291942980283,0.0,3.7999999999999996e-08,0,1,19.173695299892508,0
PPO-QP,20260806,381,72,36669,0,0,0,0.0,-100.0,-100.0,0.0,1.9846783475922316e-11,87.56950904514152,30.0,98,92,30.0,125.0,4,-100.0,19.0,-732.409972299169,-100.0,0.0,3.7999999999999996e-08,0,1,33.94736842105263,0
PPO-QP,20260806,382,72,36767,0,0,0,0.0,-100.0,-100.0,0.0,0.0,88.43304609169529,30.0,76,94,77.5,125.0,2,-100.0,100.0,-310.80332409972306,-100.0,0.0,3.7999999999999996e-08,0,1,45.84596119124596,0
PPO-QP,20260806,383,72,36861,0,0,0,0.0,-100.0,-100.0,0.0,1.9839415295782223e-11,92.19664912634585,30.0,74,92,30.0,125.0,4,-100.0,19.0,-732.409972299169,-100.0,0.0,3.7999999999999996e-08,0,1,33.94736842105263,0
PPO-QP,20260806,384,73,36957,0,0,0,0.0,-100.0,-100.0,0.0,0.0,102.17123510480714,30.0,231,92,30.0,125.0,4,-100.0,19.0,-732.409972299169,-100.0,0.0,3.7999999999999996e-08,0,1,33.94736842105263,0
PPO-QP,20260806,385,73,37053,0,0,0,0.0,-100.0,-100.0,0.0,0.0,94.29020215225974,30.0,81,92,30.0,125.0,4,-100.0,19.0,-732.409972299169,-100.0,0.0,3.7999999999999996e-08,0,1,33.94736842105263,0
PPO-QP,20260806,386,73,37150,0,0,0,0.0,-100.0,-100.0,0.0,1.975625589049438e-11,108.12502144232862,30.0,226,93,53.75,125.0,3,-100.0,100.0,-521.6066481994461,-100.0,0.0,3.7999999999999996e-08,0,1,18.249293570977926,0
PPO-QP,20260806,387,73,37245,0,0,0,0.0,-100.0,-100.0,0.0,1.9886022458355986e-11,98.38002215283956,30.0,50,92,30.0,125.0,4,-100.0,19.0,-732.409972299169,-100.0,0.0,3.7999999999999996e-08,0,1,33.94736842105263,0
PPO-QP,20260806,388,73,37341,0,0,0,0.0,-100.0,-100.0,0.0,1.9902361240535052e-11,73.92145614413825,30.0,13,92,30.0,125.0,4,-100.0,19.0,-732.409972299169,-100.0,0.0,3.7999999999999996e-08,0,1,33.94736842105263,0
PPO-QP,20260806,389,74,37437,0,0,0,0.0,-100.0,-100.0,0.0,1.9927925976048754e-11,99.05485532187399,30.0,36,92,30.0,125.0,4,-100.0,19.0,-732.409972299169,-100.0,0.0,3.7999999999999996e-08,0,1,33.94736842105263,0
PPO-QP,20260806,390,74,37535,0,0,0,0.0,-100.0,-63.43185661966525,0.0,1.9881703690790195e-11,94.34652088573726,30.0,100,94,86.1849340528295,125.0,2,-100.0,100.0,-274.23518071938827,-63.43185661966525,-36.56814338033475,3.7999999999999996e-08,0,1,80.59793562265446,0
PPO-QP,20260806,391,74,37629,0,0,0,0.0,-100.0,-100.0,0.0,1.9891062870887784e-11,101.7500204535244,30.0,123,92,30.0,125.0,4,-100.0,19.0,-732.409972299169,-100.0,0.0,3.7999999999999996e-08,0,1,33.94736842105263,0
PPO-QP,20260806,392,74,37725,0,0,0,0.0,-100.0,-100.0,0.0,1.9984976636540825e-11,114.98663326839446,30.0,182,92,30.0,125.0,4,-100.0,19.0,-732.409972299169,-100.0,0.0,3.7999999999999996e-08,0,1,33.94736842105263,0
PPO-QP,20260806,393,74,37822,0,0,0,0.0,77.45825112471614,100.0,0.0,0.0,95.9408612110994,30.0,103,93,198.01532924334637,125.0,3,-100.0,100.0,77.45825112471614,457.9582511247162,-22.541748875283858,3.7999999999999996e-08,0,1,7.848178615430726,0
PPO-QP,20260806,394,75,37917,0,0,0,0.0,-100.0,-100.0,0.0,1.9925601909183873e-11,95.24953877379312,30.0,64,92,30.0,125.0,4,-100.0,19.0,-732.409972299169,-100.0,0.0,3.7999999999999996e-08,0,1,33.94736842105263,0
PPO-QP,20260806,395,75,38013,0,0,0,0.0,-100.0,-100.0,0.0,1.9894078976771348e-11,100.53597211255874,30.0,10,92,30.0,125.0,4,-100.0,19.0,-732.409972299169,-100.0,0.0,3.7999999999999996e-08,0,1,33.94736842105263,0
PPO-QP,20260806,396,75,38112,0,0,0,0.0,-100.0,-100.0,0.0,0.0,104.83158944076625,30.0,186,95,101.25,125.0,1,-100.0,100.0,-100.0,-100.0,0.0,3.7999999999999996e-08,0,1,60.43568978439764,0
PPO-QP,20260806,397,75,38205,0,0,0,0.0,-100.0,-100.0,0.0,0.0,93.65825683373826,30.0,147,92,30.0,125.0,4,-100.0,19.0,-732.409972299169,-100.0,0.0,3.7999999999999996e-08,0,1,33.94736842105263,0
PPO-QP,20260806,398,75,38301,0,0,0,0.0,-100.0,-100.0,0.0,1.985264545349234e-11,89.04411420168975,30.0,119,92,30.0,125.0,4,-100.0,19.0,-732.409972299169,-100.0,0.0,3.7999999999999996e-08,0,1,33.94736842105263,0
PPO-QP,20260806,399,75,38397,0,0,0,0.0,-100.0,-100.0,0.0,1.9839911195399887e-11,83.30546343049515,30.0,77,92,30.0,125.0,4,-100.0,19.0,-732.409972299169,-100.0,0.0,3.7999999999999996e-08,0,1,33.94736842105263,0
PPO-QP,20260806,400,76,38493,0,0,0,0.0,-100.0,-100.0,0.0,1.999010216617118e-11,94.11350934331959,30.0,103,92,30.0,125.0,4,-100.0,19.0,-732.409972299169,-100.0,0.0,3.7999999999999996e-08,0,1,33.94736842105263,0
PPO-QP,20260806,401,76,38588,0,0,0,0.0,-100.0,-8.069148633558308,0.0,1.9941082118890562e-11,100.17900551020539,30.0,39,91,28.083577199529902,125.0,5,-100.0,11.717593358213627,-829.1217802125057,-8.069148633558308,-91.93085136644169,3.7999999999999996e-08,0,1,9.442572792570845,0
PPO-QP,20260806,401,76,38589,0,0,0,0.0,-100.0,-100.0,0.0,1.9941082118890562e-11,107.26565595594029,30.0,39,92,30.0,125.0,4,-100.0,19.0,-732.409972299169,-100.0,0.0,3.7999999999999996e-08,0,1,46.93085136644169,0
PPO-QP,20260806,402,76,38687,0,0,0,0.0,-100.0,-77.568226157593,0.0,0.0,106.88581987785797,30.0,209,94,82.82754628757166,125.0,2,-100.0,100.0,-288.371550257316,-77.568226157593,-22.431773842406997,3.7999999999999996e-08,0,1,64.10325114914872,0
PPO-QP,20260806,403,76,38781,0,0,0,0.0,-100.0,-100.0,0.0,1.9988666277725996e-11,103.27932168487578,30.0,12,92,30.0,125.0,4,-100.0,19.0,-732.409972299169,-100.0,0.0,3.7999999999999996e-08,0,1,33.94736842105263,0
PPO-QP,20260806,404,76,38877,0,0,0,0.0,-100.0,-100.0,0.0,1.9778182795230728e-11,105.46834623074572,30.0,204,92,30.0,125.0,4,-100.0,19.0,-732.409972299169,-100.0,0.0,3.7999999999999996e-08,0,1,33.94736842105263,0
PPO-QP,20260806,405,77,38974,0,0,0,0.0,-100.0,-79.25400903876147,0.0,2.0144623006738508e-11,96.56905323533127,30.0,109,93,58.67717285329415,125.0,3,-100.0,100.0,-500.8606572382075,-79.25400903876147,-20.745990961238533,3.7999999999999996e-08,0,1,64.94416682333224,0
PPO-QP,20260806,406,77,39069,0,0,0,0.0,-100.0,-100.0,0.0,1.996671346778574e-11,83.30942638550725,30.0,49,92,30.0,125.0,4,-100.0,19.0,-732.409972299169,-100.0,0.0,3.7999999999999996e-08,0,1,33.94736842105263,0
PPO-QP,20260806,407,77,39165,0,0,0,0.0,-100.0,-100.0,0.0,0.0,88.96023354870242,30.0,72,92,30.0,125.0,4,-100.0,19.0,-732.409972299169,-100.0,0.0,3.7999999999999996e-08,0,1,45.09337126814062,0
PPO-QP,20260806,408,77,39261,0,0,0,0.0,-100.0,-85.68829460390691,0.0,2.0005327024582206e-11,87.01349732194478,30.0,60,92,33.39903003157211,125.0,4,-100.0,31.916314119974018,-718.098266903076,-85.68829460390691,-14.311705396093089,3.7999999999999996e-08,0,1,5.323957628866452,0
PPO-QP,20260806,409,77,39357,0,0,0,0.0,-100.0,-100.0,0.0,1.9644656272059063e-11,105.7846855565606,30.0,4,92,30.0,125.0,4,-100.0,19.0,-732.409972299169,-100.0,0.0,3.7999999999999996e-08,0,1,33.94736842105263,0
PPO-QP,20260806,410,78,39453,0,0,0,0.0,-100.0,-100.0,0.0,1.9895585179341424e-11,93.19234625977204,30.0,43,92,30.0,125.0,4,-100.0,19.0,-732.409972299169,-100.0,0.0,3.7999999999999996e-08,0,1,33.94736842105263,0
PPO-QP,20260806,411,78,39550,0,0,0,0.0,-100.0,-100.0,0.0,2.0124672298985993e-11,88.18696513350164,30.0,6,93,53.75,125.0,3,-100.0,100.0,-521.6066481994461,-100.0,0.0,3.7999999999999996e-08,0,1,61.972457655881264,0
PPO-QP,20260806,412,78,39648,0,0,0,0.0,-57.90994250867531,-57.90994250867531,1.9944923490555765e-11,1.9944923490555765e-11,110.58275662238893,30.0,167,95,111.24638865418962,125.0,1,-100.0,100.0,-57.90994250867531,-57.90994250867531,0.0,3.7999999999999996e-08,0,1,58.68336166153257,0
PPO-QP,20260806,413,78,39743,0,0,0,0.0,-100.0,-73.04569273024264,0.0,2.00160554797435e-11,83.05764923809929,30.0,48,94,83.90164797656738,125.0,2,-100.0,100.0,-283.84901682996565,-73.04569273024264,-26.954307269757365,3.7999999999999996e-08,0,1,93.62092162417187,0
PPO-QP,20260806,414,78,39837,0,0,0,0.0,-100.0,-97.1150449800799,0.0,1.9926793548563638e-11,108.88773156390575,30.0,47,92,30.685176817231024,125.0,4,-100.0,21.603671905477892,-729.5250172792489,-97.1150449800799,-2.884955019920099,3.7999999999999996e-08,0,1,28.177458381212432,0
PPO-QP,20260806,415,78,39933,0,0,0,0.0,-100.0,-100.0,0.0,1.9911720420632644e-11,100.07914421571272,30.0,180,92,30.0,125.0,4,-100.0,19.0,-732.409972299169,-100.0,0.0,3.7999999999999996e-08,0,1,33.94736842105263,0
PPO-QP,20260806,416,79,40029,0,0,0,0.0,-100.0,-13.540877740763964,0.0,0.0,108.98309588157623,30.0,165,92,50.53404153656856,125.0,4,-100.0,97.02935783896052,-645.9508500399329,-13.540877740763964,-86.45912225923604,3.7999999999999996e-08,0,1,11.676277382753835,0
PPO-QP,20260806,416,79,40030,0,0,0,0.0,-100.0,-100.0,0.0,0.0,118.81675079354319,30.0,165,93,53.75,125.0,3,-100.0,100.0,-521.6066481994461,-100.0,0.0,3.7999999999999996e-08,0,1,41.45912225923603,0
PPO-QP,20260806,417,79,40125,0,0,0,0.0,-100.0,-100.0,0.0,1.997223127621813e-11,107.61759070352285,30.0,152,92,30.0,125.0,4,-100.0,19.0,-732.409972299169,-100.0,0.0,3.7999999999999996e-08,0,1,37.95721636446917,0
PPO-QP,20260806,418,79,40221,0,0,0,0.0,-100.0,-100.0,0.0,1.9930882870037672e-11,103.74738027439993,30.0,54,92,30.0,125.0,4,-100.0,19.0,-732.409972299169,-100.0,0.0,3.7999999999999996e-08,0,1,43.597515130662025,0
PPO-QP,20260806,419,79,40317,0,0,0,0.0,-100.0,-100.0,0.0,1.9919495682548435e-11,95.06128279232206,30.0,126,92,30.0,125.0,4,-100.0,19.0,-732.409972299169,-100.0,0.0,3.7999999999999996e-08,0,1,33.94736842105263,0
PPO-QP,20260806,420,79,40413,0,0,0,0.0,-100.0,-100.0,0.0,1.9921553295887406e-11,87.56950904514152,30.0,98,92,30.0,125.0,4,-100.0,19.0,-732.409972299169,-100.0,0.0,3.7999999999999996e-08,0,1,33.94736842105263,0
PPO-QP,20260806,421,80,40509,0,0,0,0.0,-100.0,-100.0,0.0,1.9949016512773217e-11,103.27932168487578,30.0,12,92,30.0,125.0,4,-100.0,19.0,-732.409972299169,-100.0,0.0,3.7999999999999996e-08,0,1,33.94736842105263,0
PPO-QP,20260806,422,80,40607,0,0,0,0.0,-100.0,-100.0,0.0,1.9960333386137564e-11,108.6658458407661,30.0,228,94,77.5,125.0,2,-100.0,100.0,-310.80332409972306,-100.0,0.0,3.7999999999999996e-08,0,1,68.0540195093063,0
PPO-QP,20260806,423,80,40701,0,0,0,0.0,-100.0,-100.0,0.0,1.9858570343700422e-11,103.27932168487578,30.0,12,92,30.0,125.0,4,-100.0,19.0,-732.409972299169,-100.0,0.0,3.7999999999999996e-08,0,1,33.94736842105263,0
PPO-QP,20260806,424,80,40797,0,0,0,0.0,-100.0,-100.0,0.0,1.985171656689507e-11,114.98663326839446,30.0,182,92,30.0,125.0,4,-100.0,19.0,-732.409972299169,-100.0,0.0,3.7999999999999996e-08,0,1,33.94736842105263,0
PPO-QP,20260806,425,80,40893,0,0,0,0.0,-100.0,-100.0,0.0,1.9730754067618744e-11,105.49799693923116,30.0,228,92,30.0,125.0,4,-100.0,19.0,-732.409972299169,-100.0,0.0,3.7999999999999996e-08,0,1,33.94736842105263,0
PPO-QP,20260806,426,81,40990,0,0,0,0.0,-100.0,-46.558532830670174,0.0,2.0093685974368707e-11,107.46297213669892,30.0,158,93,66.44234845271583,125.0,3,-100.0,100.0,-468.16518103011623,-46.558532830670174,-53.441467169329826,3.7999999999999996e-08,0,1,27.872556888303418,0
PPO-QP,20260806,426,81,40991,0,0,0,0.0,-100.0,-100.0,0.0,2.0093685974368707e-11,111.719660613103,30.0,158,94,77.5,125.0,2,-100.0,100.0,-310.80332409972306,-100.0,0.0,3.7999999999999996e-08,0,1,8.441467169329826,0
PPO-QP,20260806,427,81,41088,0,0,0,0.0,-100.0,-100.0,1.954559847305859e-11,1.954559847305859e-11,100.36176582008969,30.0,46,95,101.25,125.0,1,-100.0,100.0,-100.0,-100.0,0.0,3.7999999999999996e-08,0,1,36.61896746108823,0
PPO-QP,20260806,428,81,41181,0,0,0,0.0,-100.0,-100.0,0.0,1.9870664373182004e-11,98.60021436873261,30.0,138,92,30.0,125.0,4,-100.0,19.0,-732.409972299169,-100.0,0.0,3.7999999999999996e-08,0,1,33.94736842105263,0
PPO-QP,20260806,429,81,41277,0,0,0,0.0,-100.0,-100.0,0.0,1.9829042111988807e-11,100.53597211255874,30.0,10,92,30.0,125.0,4,-100.0,19.0,-732.409972299169,-100.0,0.0,3.7999999999999996e-08,0,1,33.94736842105263,0
PPO-QP,20260806,430,81,41373,0,0,0,0.0,-100.0,-100.0,0.0,1.994338768203837e-11,90.64375549933027,30.0,80,92,30.0,125.0,4,-100.0,19.0,-732.409972299169,-100.0,0.0,3.7999999999999996e-08,0,1,33.94736842105263,0
PPO-QP,20260806,431,81,41469,0,0,0,0.0,-100.0,-80.22215627116181,0.0,2.960594732333751e-17,114.05868659417193,30.0,202,92,34.69723788559907,125.0,4,-100.0,36.849503965276476,-712.6321285703308,-80.22215627116181,-19.777843728838192,3.7999999999999996e-08,0,1,46.88457312895192,0
PPO-QP,20260806,432,82,41565,0,0,0,0.0,-100.0,-100.0,0.0,1.9941970297310262e-11,105.07840638717109,30.0,239,92,30.0,125.0,4,-100.0,19.0,-732.409972299169,-100.0,0.0,3.7999999999999996e-08,0,1,54.083090748165525,0
PPO-QP,20260806,433,82,41664,0,0,0,0.0,-100.0,-100.0,2.0017424754807203e-11,2.0017424754807203e-11,77.2171799157952,30.0,13,95,101.25,125.0,1,-100.0,100.0,-100.0,-100.0,0.0,3.7999999999999996e-08,0,1,43.306443169302966,0
PPO-QP,20260806,434,82,41757,0,0,0,0.0,-100.0,-100.0,0.0,1.9783992962392934e-11,105.7846855565606,30.0,4,92,30.0,125.0,4,-100.0,19.0,-732.409972299169,-100.0,0.0,3.7999999999999996e-08,0,1,33.94736842105263,0
PPO-QP,20260806,435,82,41853,0,0,0,0.0,-100.0,-100.0,0.0,1.998550584284923e-11,88.96023354870242,30.0,72,92,30.0,125.0,4,-100.0,19.0,-732.409972299169,-100.0,0.0,3.7999999999999996e-08,0,1,33.94736842105263,0
PPO-QP,20260806,436,82,41949,0,0,0,0.0,-100.0,-100.0,0.0,1.9866748986648493e-11,95.24953877379312,30.0,64,92,30.0,125.0,4,-100.0,19.0,-732.409972299169,-100.0,0.0,3.7999999999999996e-08,0,1,33.94736842105263,0
PPO-QP,20260806,437,83,42046,0,0,0,0.0,-100.0,-54.08829328216825,0.0,1.977294994404133e-11,98.74840465932303,30.0,144,93,64.65403034548504,125.0,3,-100.0,100.0,-475.6949414816143,-54.08829328216825,-45.91170671783175,3.7999999999999996e-08,0,1,40.23727810855594,0
PPO-QP,20260806,437,83,42047,0,0,0,0.0,-100.0,-100.0,0.0,1.977294994404133e-11,93.92581129726868,30.0,144,94,77.5,125.0,2,-100.0,100.0,-310.80332409972306,-100.0,0.0,3.7999999999999996e-08,0,1,0.9117067178317484,0
PPO-QP,20260806,438,83,42141,0,0,0,0.0,-100.0,-100.0,0.0,1.984761244244737e-11,93.65665261795868,30.0,73,92,30.0,125.0,4,-100.0,19.0,-732.409972299169,-100.0,0.0,3.7999999999999996e-08,0,1,52.9889392584346,0
PPO-QP,20260806,439,83,42239,0,0,0,0.0,-100.0,-100.0,0.0,1.9810560599372213e-11,90.92046253142911,30.0,102,94,77.5,125.0,2,-100.0,100.0,-310.80332409972306,-100.0,0.0,3.7999999999999996e-08,0,1,24.19193770843424,0
PPO-QP,20260806,441,83,42429,0,0,0,0.0,-100.0,-100.0,0.0,2.0036602007185895e-11,89.55801861089178,30.0,102,92,30.0,125.0,4,-100.0,19.0,-732.409972299169,-100.0,0.0,3.7999999999999996e-08,0,1,33.94736842105263,0
PPO-QP,20260806,442,84,42525,0,0,0,0.0,-100.0,-93.54859149029622,0.0,1.9931219637688477e-11,101.76595014465538,30.0,18,92,31.53220952105465,125.0,4,-100.0,24.82239618000767,-725.9585637894652,-93.54859149029622,-6.451408509703782,3.7999999999999996e-08,0,1,48.47086869083922,0
PPO-QP,20260806,443,84,42621,0,0,0,0.0,-100.0,-100.0,0.0,1.9839015615493358e-11,109.25196286046445,30.0,158,92,30.0,125.0,4,-100.0,19.0,-732.409972299169,-100.0,0.0,3.7999999999999996e-08,0,1,33.94736842105263,0
PPO-QP,20260806,444,84,42717,0,0,0,0.0,-100.0,-100.0,0.0,1.9934975892255123e-11,100.24854400666918,30.0,170,92,30.0,125.0,4,-100.0,19.0,-732.409972299169,-100.0,0.0,3.7999999999999996e-08,0,1,33.94736842105263,0
PPO-QP,20260806,445,84,42813,0,0,0,0.0,-100.0,-100.0,0.0,1.9884645781805452e-11,92.05160546747763,30.0,120,92,30.0,125.0,4,-100.0,19.0,-732.409972299169,-100.0,0.0,3.7999999999999996e-08,0,1,33.94736842105263,0
PPO-QP,20260806,447,84,43005,0,0,0,0.0,-100.0,-57.47890164121735,0.0,2.009684640924547e-11,112.2379934511449,30.0,220,92,40.09876086021088,125.0,4,-100.0,57.37529126880134,-689.8888739403864,-57.47890164121735,-42.52109835878265,3.7999999999999996e-08,0,1,10.775073829775543,0
PPO-QP,20260806,448,85,43101,0,0,0,0.0,-100.0,-100.0,0.0,1.9977538142275837e-11,99.44808768061047,30.0,106,92,30.0,125.0,4,-100.0,19.0,-732.409972299169,-100.0,0.0,3.7999999999999996e-08,0,1,33.94736842105263,0
PPO-QP,20260806,449,85,43197,0,0,0,0.0,-100.0,-100.0,0.0,1.9845928604193357e-11,93.90241884913648,30.0,99,92,30.0,125.0,4,-100.0,19.0,-732.409972299169,-100.0,0.0,3.7999999999999996e-08,0,1,33.94736842105263,0
PPO-QP,20260806,450,85,43292,0,0,0,0.0,-100.0,-21.05263157894737,0.0,1.9831569719741537e-11,98.98393719521108,30.0,188,91,25.0,125.0,5,-100.0,0.0,-842.1052631578948,-21.05263157894737,-78.94736842105263,3.7999999999999996e-08,0,1,4.30310714963149,0
PPO-QP,20260806,450,85,43293,0,0,0,0.0,-100.0,-100.0,0.0,1.9831569719741537e-11,102.11370682986832,30.0,188,92,30.0,125.0,4,-100.0,19.0,-732.409972299169,-100.0,0.0,3.7999999999999996e-08,0,1,33.94736842105263,0
PPO-QP,20260806,451,85,43389,0,0,0,0.0,-100.0,-100.0,0.0,1.985674587719662e-11,96.58075138170044,30.0,179,92,30.0,125.0,4,-100.0,19.0,-732.409972299169,-100.0,0.0,3.7999999999999996e-08,0,1,33.94736842105263,0
PPO-QP,20260806,452,85,43485,0,0,0,0.0,-100.0,-100.0,0.0,1.9998798913197408e-11,98.38002215283956,30.0,50,92,30.0,125.0,4,-100.0,19.0,-732.409972299169,-100.0,0.0,3.7999999999999996e-08,0,1,33.94736842105263,0
PPO-QP,20260806,453,86,43581,0,0,0,0.0,-100.0,-100.0,0.0,1.9974237079149284e-11,103.92254966074705,30.0,229,92,30.0,125.0,4,-100.0,19.0,-732.409972299169,-100.0,0.0,3.7999999999999996e-08,0,1,37.94964292081449,0
PPO-QP,20260806,454,86,43677,0,0,0,0.0,-100.0,-100.0,0.0,1.998550584284923e-11,98.10037487022021,30.0,132,92,30.0,125.0,4,-100.0,19.0,-732.409972299169,-100.0,0.0,3.7999999999999996e-08,0,1,33.94736842105263,0
PPO-QP,20260806,455,86,43773,0,0,0,0.0,-100.0,-100.0,0.0,2.0003639485584775e-11,93.40953184232814,30.0,135,92,30.0,125.0,4,-100.0,19.0,-732.409972299169,-100.0,0.0,3.7999999999999996e-08,0,1,33.94736842105263,0
PPO-QP,20260806,456,86,43869,0,0,0,0.0,-100.0,-100.0,0.0,1.99717205736268e-11,97.7759754231541,30.0,122,92,30.0,125.0,4,-100.0,19.0,-732.409972299169,-100.0,0.0,3.7999999999999996e-08,0,1,33.94736842105263,0
PPO-QP,20260806,457,86,43965,0,0,0,0.0,-100.0,-100.0,0.0,1.998864777400892e-11,95.87781493241873,30.0,133,92,30.0,125.0,4,-100.0,19.0,-732.409972299169,-100.0,0.0,3.7999999999999996e-08,0,1,33.94736842105263,0
PPO-QP,20260806,458,87,44061,0,0,0,0.0,-100.0,-100.0,0.0,1.988433121861514e-11,92.94233251117724,30.0,1,92,30.0,125.0,4,-100.0,19.0,-732.409972299169,-100.0,0.0,3.7999999999999996e-08,0,1,33.94736842105263,0
PPO-QP,20260806,459,87,44157,0,0,0,0.0,-100.0,-100.0,0.0,1.979237144548544e-11,102.9635056064629,30.0,189,92,30.0,125.0,4,-100.0,19.0,-732.409972299169,-100.0,0.0,3.7999999999999996e-08,0,1,33.94736842105263,0
PPO-QP,20260806,460,87,44253,0,0,0,0.0,-100.0,-100.0,0.0,1.9830230050625158e-11,103.63968225208008,30.0,38,92,30.0,125.0,4,-100.0,19.0,-732.409972299169,-100.0,0.0,3.7999999999999996e-08,0,1,33.94736842105263,0
PPO-QP,20260806,461,87,44349,0,0,0,0.0,-100.0,-100.0,0.0,1.9772502154088064e-11,100.12765026961917,30.0,111,92,30.0,125.0,4,-100.0,19.0,-732.409972299169,-100.0,0.0,3.7999999999999996e-08,0,1,33.94736842105263,0
PPO-QP,20260806,462,87,44445,0,0,0,0.0,-100.0,-100.0,0.0,1.9938850570611068e-11,99.02691431499208,30.0,144,92,30.0,125.0,4,-100.0,19.0,-732.409972299169,-100.0,0.0,3.7999999999999996e-08,0,1,33.94736842105263,0
PPO-QP,20260806,463,87,44541,0,0,0,0.0,-100.0,-100.0,0.0,1.9830755556190147e-11,96.25561346436216,30.0,8,92,30.0,125.0,4,-100.0,19.0,-732.409972299169,-100.0,0.0,3.7999999999999996e-08,0,1,33.94736842105263,0
PPO-QP,20260806,464,88,44637,0,0,0,0.0,-100.0,-100.0,0.0,1.9989191783290986e-11,103.60264311293285,30.0,198,92,30.0,125.0,4,-100.0,19.0,-732.409972299169,-100.0,0.0,3.7999999999999996e-08,0,1,33.94736842105263,0
PPO-QP,20260806,465,88,44733,0,0,0,0.0,-100.0,-100.0,0.0,1.983784247983067e-11,90.43588685788883,30.0,93,92,30.0,125.0,4,-100.0,19.0,-732.409972299169,-100.0,0.0,3.7999999999999996e-08,0,1,55.48031742248578,0
PPO-QP,20260806,466,88,44829,0,0,0,0.0,-100.0,-100.0,0.0,1.9849481317872157e-11,92.19664912634585,30.0,74,92,30.0,125.0,4,-100.0,19.0,-732.409972299169,-100.0,0.0,3.7999999999999996e-08,0,1,33.94736842105263,0
PPO-QP,20260806,467,88,44925,0,0,0,0.0,-100.0,-100.0,0.0,1.9986889920886596e-11,112.50095741162527,30.0,230,92,30.0,125.0,4,-100.0,19.0,-732.409972299169,-100.0,0.0,3.7999999999999996e-08,0,1,33.94736842105263,0
PPO-QP,20260806,468,88,45021,0,0,0,0.0,-100.0,-100.0,0.0,1.9965895603490934e-11,91.87996057561233,30.0,84,92,30.0,125.0,4,-100.0,19.0,-732.409972299169,-100.0,0.0,3.7999999999999996e-08,0,1,33.94736842105263,0
PPO-QP,20260806,469,89,45117,0,0,0,0.0,-100.0,-100.0,0.0,1.9834585825625104e-11,98.98452005268396,30.0,24,92,30.0,125.0,4,-100.0,19.0,-732.409972299169,-100.0,0.0,3.7999999999999996e-08,0,1,33.94736842105263,0
PPO-QP,20260806,470,89,45213,0,0,0,0.0,-100.0,-100.0,0.0,1.9858307590917927e-11,93.40953184232814,30.0,135,92,30.0,125.0,4,-100.0,19.0,-732.409972299169,-100.0,0.0,3.7999999999999996e-08,0,1,33.94736842105263,0
PPO-QP,20260806,471,89,45309,0,0,0,0.0,-100.0,-55.44933015357075,0.0,1.997229418885619e-11,100.69676510316452,30.0,2,92,40.58078408852695,125.0,4,-100.0,59.20697953640239,-687.8593024527398,-55.44933015357075,-44.55066984642925,3.7999999999999996e-08,0,1,18.12542904799927,0
PPO-QP,20260806,472,89,45405,0,0,0,0.0,-100.0,-100.0,0.0,1.9986889920886596e-11,92.24150315024411,30.0,69,92,30.0,125.0,4,-100.0,19.0,-732.409972299169,-100.0,0.0,3.7999999999999996e-08,0,1,33.94736842105263,0
PPO-QP,20260806,473,89,45501,0,0,0,0.0,-100.0,-100.0,0.0,1.983885278278308e-11,103.76593309393455,30.0,130,92,30.0,125.0,4,-100.0,19.0,-732.409972299169,-100.0,0.0,3.7999999999999996e-08,0,1,33.94736842105263,0
PPO-QP,20260806,474,90,45597,0,0,0,0.0,-100.0,-100.0,0.0,1.9931134520589923e-11,113.92297184986944,30.0,217,92,30.0,125.0,4,-100.0,19.0,-732.409972299169,-100.0,0.0,3.7999999999999996e-08,0,1,33.94736842105263,0
PPO-QP,20260806,475,90,45693,0,0,0,0.0,-100.0,-93.30004622301625,0.0,2.000838383864334e-11,101.21404399016883,30.0,40,92,31.59123902203364,125.0,4,-100.0,25.04670828372783,-725.7100185221852,-93.30004622301625,-6.699953776983747,3.7999999999999996e-08,0,1,77.82871466203564,0
PPO-QP,20260806,476,90,45789,0,0,0,0.0,-100.0,-100.0,0.0,1.9999050563749656e-11,89.06749358209602,30.0,92,92,30.0,125.0,4,-100.0,19.0,-732.409972299169,-100.0,0.0,3.7999999999999996e-08,0,1,33.94736842105263,0
PPO-QP,20260806,477,90,45884,0,0,0,0.0,-100.0,-21.05263157894737,0.0,1.995013783802809e-11,96.58887551917881,30.0,31,91,25.0,125.0,5,-100.0,0.0,-842.1052631578948,-21.05263157894737,-78.94736842105263,3.7999999999999996e-08,0,1,10.816377186849458,0
PPO-QP,20260806,477,90,45885,0,0,0,0.0,-100.0,-100.0,0.0,1.995013783802809e-11,100.83889927295647,30.0,31,92,30.0,125.0,4,-100.0,19.0,-732.409972299169,-100.0,0.0,3.7999999999999996e-08,0,1,33.94736842105263,0
PPO-QP,20260806,478,90,45981,0,0,0,0.0,-100.0,-79.63583438907278,0.0,1.9822917381636293e-11,100.24854400666918,30.0,170,92,34.836489332595214,125.0,4,-100.0,37.37865946386181,-712.0458066882418,-79.63583438907278,-20.364165610927216,3.7999999999999996e-08,0,1,24.5678744059133,0
PPO-QP,20260806,479,90,46077,0,0,0,0.0,-100.0,-100.0,0.0,1.9639834203388772e-11,94.14081101762508,30.0,115,92,30.0,125.0,4,-100.0,19.0,-732.409972299169,-100.0,0.0,3.7999999999999996e-08,0,1,51.58761401134828,0
